rule_id,rule_type,headword,key_reading,key_gloss,page,output_index,replacement_reading,replacement_gloss,enabled,review_status,note
007-reading-1f85ae23f85b6136,reading,,bûa-a-bûa cū chûntíam-kíaⁿ,by successive grindings it is worn away so that there is but little left.,25,1,bûa-a-bûa cū chûn tíam-kíaⁿ,,true,pending,
007-reading-662e6a41a315574d,reading,,sĭ i kâi a-hiaⁿ a m̄ si?,It is his brother is it not?,25,1,sĭ i kâi a-hiaⁿ a m̄ sĭ ?,,true,pending,
007-review-439190f736dd2820,review,,a tò̤-tńg,bend backward.,25,1,á tò̤-tńg,,true,pending,
007-review-00bac50890168d22,review,,a-nôⁿ,my child.,25,1,a-nôⁿ,,true,pending,
007-review-cf4f0451471aa095,review,,à chùi,to snap in shivers.,25,1,á chùi,,true,pending,
007-reading-c349330da5e4d865,reading,,sĭ uá ā,it is I.,26,1,sĭ úa ā,,true,pending,
007-reading-7a651067e230e517,reading,,"sĭ ā, tîeh cìeⁿ-seⁿ cìa° tîeh ā","yes, that is the way it must be.",26,1,"sĭ ā , tîeh cìeⁿ-seⁿ cìaⁿ tîeh ā",,true,pending,
007-reading-fba63851888607d8,reading,,uá lâi khṳ̀ ā,I am going.,26,1,úa lâi khṳ̀ ā,,true,pending,
007-review-14af5a2bed492cb5,review,,à-ngŵn,"the scholar ranking next to the senior wrangler among the successful candidates for the degrees of hâng-lim, cìu-sṳ̆ and kṳ́-jîn.",26,1,,the scholar ranking next to the senior wrangler among the successful candidates for the degrees of ahâng-lîm，cìn-sṳ̆ and kṳ́-jîn.,true,pending,
007-reading-ab55a2fbc34ba019,reading,,cúi ah ŏi cíoⁿ keⁿ,the wild ducks station a sentinel.,27,1,cúi ah ŏi cíeⁿ keⁿ,,true,pending,
007-reading-5b9a315b1b9a7317,reading,,"áa thiaⁿ-kìⁿ i cong-kú tó̤ ái, ái",I hear him grunting all the time.,27,1,"úa thiaⁿ-kìⁿ i cong-kú tó̤ ái, ái",,true,pending,
007-review-e73a7f2bde6dfee6,review,,cía sǹg sĭ ái-mŭe kâi sṳ,this is acting in an underhand way.,27,1,cía sǹg sĭ ái-mŭe kâi sṳ̄,,true,pending,
007-review-9fdfe71963a919b3,review,,"hi, nē, ai, lâk","the four emotions, satisfaction, anger, grief, joy.",27,1,"hí, nō, ai, lâk",,true,pending,
007-review-4818f4250abc2eff,review,,"i sĭ ái-kìe ka-kī kâi sṳ̄, a sĭ ái-kìe pât nâng kâi sṳ̄?","Is he sighing over his own affairs, or over those of some other person?",27,1,"i sĭ ai-kìe ka-kī kâi sṳ̄ , a sĭ ái-kìe ka-kī kâi sṳ̄, a sĭ ái-kìe pât nâng kâi sṳ̄?",,true,pending,
007-review-a669db3e315b5b60,review,,tāu-sa ⁿāⁿ,a core of mashed beans.,27,1,tāu-saⁿ āⁿ,,true,pending,
007-review-82d6852375b45216,review,,am-kẁn; am-īⁿ,monastic establishments.,28,1,,monastic estalishments.,true,pending,
007-review-7e8c5809421bcb47,review,,hûe-sīeⁿ bô seng-lí thiah am lêng-ūaⁿ khí,"when priests have no other lucrative employment, they take their temples to pieces and rebuild them.",28,1,hûe-sīeⁿ bô̤ seng-lí thiah am lêng-ūaⁿ khí,,true,pending,
007-reading-4906815f46a99f33,reading,,i kâi ăm chun tn̂g-tn̂g tó̤ thó̤iⁿ,he was gazing with outstretched neck.,29,1,i kâi ăm chun tn̂g-tn̂g tó̤ thóiⁿ,,true,pending,
007-reading-a8887ad329c2675e,reading,,àm pau cí kâi ì-sṳ̄ tŏ̤ lăi,has this meaning involved in it.,29,1,àm pau cí kâi ì-sṳ̀ tŏ̤ lăi,,true,pending,
007-reading-31c4f76a73982e9f,reading,,àm-àm khṳ̂ cò̤,secretly went and did it.,29,1,àm-àm khṳ̀ cò̤,,true,pending,
007-review-e13dc080ddb13367,review,,ang,ang A husband.,29,1,,A husband.,true,pending,
007-review-fab7f98e6a942e87,review,,hún ang,the color of rouge.,31,1,hún âng,,true,pending,
007-review-10bfcc7273391148,review,,cang chíu áu khi lâi koiⁿ-thâu,lift it up on the shoulder with the hands.,32,1,cang chíu áu khí lâi koiⁿ-thâu,,true,pending,
007-reading-8cca03af15624a6e,reading,,i úa tī-tîang cò̤ ău piah suaⁿ?,Whom does he rely upon to back him up?,33,1,i úa tī-tîang cò̤ ău piah suaⁿ ？,,true,pending,
007-reading-28a15a23525b415a,reading,,"ău pă, ău âi",a step-father or step-mother.,33,1,"ău pĕ, ău âi",,true,pending,
007-review-aa65370c48d4cce5,review,,"ŭ khí chīu-bâk chiu-thiⁿ-sî lut hîeh, ṳ khí chīu-bâk tang-thiⁿ-sî hîeh cìaⁿ lut, ŭ khí chīu-bâk bô̤ mih lut hîeh","some shrubs shed their leaves in autumn, some in winter, and some do not shed them much at all.",34,1,"ŭ khí chīu-bâk chiu-thiⁿ-sî lut hîeh, ŭ khí chīu-bâk tang-thiⁿ-sî hîeh cìaⁿ lut, ŭ khí chīu-bâk bô̤ mih lut hîeh",,true,pending,
007-reading-58ff17f5184d3897,reading,,pháu bé siā cìⁿ,shoot arrows from the back of a horse running at full gallop.,35,1,pháu bé sīa cìⁿ,,true,pending,
007-review-052b7d1c8d0f4da2,review,,"báu jît, báu gûeh, bán nî","the day, the month, and the year, designated in the cycle by the hare.",35,1,"báu jît, báu gûeh, báu nî",,true,pending,
007-review-5d2d50b8df4eac3e,review,,bé cang mó̤ⁿ,horse's mane.,35,1,bé cang mô̤ⁿ,horse's mane.,true,pending,
007-review-4b630fef4b278c35,review,,bê-lêk-tŏ,a surcingle.,35,1,bé-lêk-tŏ,,true,pending,
007-review-07b420943132c27f,review,,kìm bô pàng bé,"to forbid the employment of ""ponies"" at a literary examination.",35,1,kìm bô̤ pàng bé,"to forbid the employment of ""ponies"" at a literary examination.",true,pending,
007-review-c0293d9f01595959,review,,màiⁿ chòng i kai bé thâu,do not cross over in front of his horse.,35,1,màiⁿ chòng i kâi bé thâu,,true,pending,
007-review-49afbfed2e6d83e2,review,,"cêk ngân ìn chut, sì bé lâng tui","when a word is once spoken, a team of horses cannot bring it back.",36,1,"cêk ngân ìⁿ chut, sì bé lâng tui",,true,pending,
007-review-031f1e5c1f5419b9,review,,i àm-cĕⁿ bih cêk chiu ké-húe tŏ̤ hṳ́-kò̤,he secretly concealed a pile of weapons there.,37,1,i àm-cĕⁿ bih cêk chíu ké-húe tŏ̤ hṳ̀-kò̤,,true,pending,
007-review-ede88ee50436c992,review,,ki chui jû buah bît,a mouth speaking honied words.,37,1,ki chùi jû buah bît,,true,pending,
007-example_split-f1ff03afea7f7f91,example_split,,cù tíaⁿ kâi tíaⁿ-bô,the molds used in casting iron pans; thô bô; a clay mold.,38,1,cù tíaⁿ kâi tíaⁿ-bô,the molds used in casting iron pans.,true,pending,
007-example_split-f1ff03afea7f7f91,example_split,,cù tíaⁿ kâi tíaⁿ-bô,the molds used in casting iron pans; thô bô; a clay mold.,38,2,thô bô,a clay mold.,true,pending,
007-review-5572fade37afb9dd,review,,bó,"The Chinese acre, which is 733 3 square yards, or about one sixth of an English acre.",38,1,,"The Chinese acre, which is 733-1/3 square yards, or about one sixth of an English acre.",true,pending,
007-review-dd726089a7a4dc9c,review,,"bō sĭ sôk câp thien-kang. cí câp kâi sĭ thien-kang, sôk îang; hṳ́ câp-jī kâi sĭ tī-ciⁿ, sôk im","these ten are the heavenly cycle, and pertain to the male principle in nature; those twelve are the earthly cycle and pertain to the female principle in nature.",38,1,"bō sî sôk câp thien-kang. cí câp kâi sĭ thien-kang, sôk îang hṳ́ câp-jī kâi sĭ tī ciⁿ, sôk im",,true,pending,
007-review-a2bc36985dd2617f,review,,cang cáu-kíaⁿ kè khṳt i cò̤ bó̤,gave his daughter to him to be his wife.,38,1,cang cáu-kíaⁿ kè khṳt i cò̤ bó̤,,true,pending,
007-reading-44614ecfc7f9a31b,reading,,bò̤ ŭn hn̆g,not very far.,39,1,bô̤ ŭa hn̆g,,true,pending,
007-reading-148fa0331ad9b206,reading,,bô̤ chên bô̤ lí,no correct principles.,39,1,bô̤ chêng bô̤ lí,,true,pending,
007-reading-f40ff33076e4a1af,reading,,bô̤ hièⁿ ngía,not so handsome.,39,1,bô̤ hìeⁿ ngía,,true,pending,
007-reading-704efe1639bfb6a8,reading,,bô̤ khiông,inexhaustible.,39,1,bô̤ khîong,,true,pending,
007-reading-77cbaa15990d3cb4,reading,,ún īa bô̤,I also am destitute of them.,39,1,úa īa bô̤,,true,pending,
007-review-696eafe0f456a826,review,,bó̤ thàng hó̤ chēng,has nothing to wear.,39,1,bô̤ thàng hó̤ chēng,,true,pending,
007-review-31a4300b4f802a77,review,,bô̤ ang bô̤ kíaⁿ,neither husband not children.,39,1,,neither husband nor children.,true,pending,
007-review-1d60c825aa98345f,review,,bô̤ chú hó̤ khĭa-khí,no house to dwell in.,39,1,bô̤ chù hó̤ khĭa-khí,,true,pending,
007-review-5408dc0f872f987a,review,,bô̤ lṳ́ jîp lai,will not allow you to enter.,39,1,bô̤ lṳ́ jîp lâi,,true,pending,
007-review-46ddeae560396922,review,,bô̤ púaⁿ nâng tŏ̤,there was not a single soul there.,39,1,bô̤ pùaⁿ nâng tŏ̤,,true,pending,
007-review-68b46b31ed83e92e,review,,ciang bô̤ cò ŭ,make much ado about nothing.,39,1,ciang bô̤ cò̤ ŭ,,true,pending,
007-review-866b85d1650a9749,review,,i bô̤ sim̆-mih huaⁿ-hí,he was not very well pleased.,39,1,i bô̤ sĭm-mih huaⁿ-hí,,true,pending,
007-review-6230c8685dab85f8,review,,ki bó̤,"the second wife of one's father, the first being dead.",39,1,kì bó̤,,true,pending,
007-review-060616757754668f,review,,m̄ cai i ŏ a bŏi,do not know whether he is able to do it or not.,39,1,m̄ cai i ŏi a bŏi,,true,pending,
007-review-e0204a9450fa77b5,review,,"phêng-téng kâi nâng ío cōi tàⁿ cía ūe, cīeⁿ-ĕ-pùe cĭu bô̤ mih cōi tàⁿ cía ūe","this is said most frequently by equals to each other, those of unequal rank or age do not often speak thus.",39,1,,"this is said most frequently by equals to each other, those of unequal rank or age do not very often speak thus.",true,pending,
007-review-047f7d3438e9dce3,review,,îang bó̤,"mother, by adoption.",39,1,íang bó̤,,true,pending,
007-review-f7f1de90bf73ef0e,review,,"ā sĭ bô̤, hó̤ khṳ̀ bói","if there are none, go and buy some.",39,1,"ā sĭ bô̤, hó̤ khṳ̀ bói",,true,pending,
007-reading-a05ff0d5c992511f,reading,,cam-end bō̤,a helmet.,40,1,cam-eng bō̤,,true,pending,
007-reading-3ac651c9df44a4ad,reading,,"khì bûn, cíu bú",discard the civil service and enter the military.,40,1,"khì bûn, cĭu bú",,true,pending,
007-review-15d28cac1b189f5e,review,,bù-íang,to rear or nurture.,40,1,bú-íang,,true,pending,
007-review-0fb7cb9aa7053ac3,review,,bú,To pacity; to sooth; manage.,40,1,,To pacify; to soothe; manage.,true,pending,
007-review-b27ca61130e5a1d0,review,,eng-hîong bô̤ eng-bú cṳ tí,a valiant man without a field to make conquests in.,40,1,eng-hîong bô̤ eng-bú cṳ tī,,true,pending,
007-review-812308da457200bb,review,,líang bō̤,a light cap.,40,1,lîang bō̤,,true,pending,
007-reading-10923e90e35382ee,reading,,bū cúi lío cìaⁿ hó̤ sàṳ tò̤,"spurt water out of the mouth to settle the dust, and then you may sweep the floor.",41,1,bū cúi lío cìaⁿ hó̤ sàu tò̤,,true,pending,
007-reading-4c6c585d2010c05d,reading,,bū sí kuí câp nâng,killed several tens of persons by the blast.,41,1,bū sí kúi câp nâng,,true,pending,
007-reading-b77b93ed6d1eecb9,reading,,"tâng bû, sâi bû",east and west piazzas.,41,1,"tang bû, sai bû",,true,pending,
007-review-ebf681e60f357f47,review,,lâm-bú,a wizzard.,41,1,lâm-bû,,true,pending,
007-review-5b92c4d2a2ab6a0c,review,,"pìn koiⁿ bū-bū, lî hn̆g cĭu thóiⁿ m̄ kìⁿ","is full of mist, so that you cannot see far.",41,1,,"the air is full of mist, so that you cannot see far.",true,pending,
007-review-e80aef20543f7b51,review,,thóin tîeh bú-bú,appears very gallant.,41,1,thóiⁿ tîeh bú-bú,,true,pending,
007-reading-bc2022c0180bb411,reading,,"chíu buah m̄ khui, khîa ki to̤ lûi kĭo","if you cannot wipe it off with you hand, get a knife and scrape it off.",42,1,"chíu buah m̄ khui, khîa ki to̤ lâi kĭo",,true,pending,
007-review-5e09de68a1b6d707,review,,buah cò̤ kúi kò̤ eng,apportion for use in several places.,42,1,buah cò̤ kúi kò̤ ēng,,true,pending,
007-review-d5cb6ac217d42cf4,review,,"bûa kàn nĕ kng-kng, cìe-kiⁿ nang","use powder and rub it till it is very smooth, so you can see your face in it.",42,1,"ēng îeh bûa kàu nĕ kng-kng, cìe-kiⁿ nâng",,true,pending,
007-review-7bc2ac33c4bfd46d,review,,câp-ngŏ jit kìe-cò̤ bŭang,the fifteenth of the month is called the day of full moon.,42,1,câp-ngŏ jît kìe-cò̤ bŭang,,true,pending,
007-review-1ad0ad9377e3782e,review,,"kang ji chut thân, bûa cîaⁿ lău kâu",when working people make themselves conspicuous they will get reduced to the condition of apes.,42,1,"kang jī chut thâu, bûa cîaⁿ lău kâu",,true,pending,
007-review-a966420c583679d7,review,,kîaⁿ bûa lai sin piⁿ,come up close beside me.,42,1,kîaⁿ bûa lâi sin piⁿ,,true,pending,
007-review-c9731c39771dcbc1,review,,tōa miaⁿ bŭang kâi nâng,one whose name is widely known.,42,1,tōa mîaⁿ bŭang kâi nâng,,true,pending,
007-reading-6c57376165142e29,reading,,jîem àm cū huang bûe?,How late do you rake up the fire?,43,1,jîeh àm cū huang bûe ?,,true,pending,
007-reading-de68caaa7fce7cfa,reading,,pàng tō̤ mîn-chn̂g kha búe,put it there at the foot of the bed.,43,1,pàng tŏ̤ mîn-chn̂g kha búe,,true,pending,
007-review-a6138abee6055520,review,,bô̤ thâu bô̤ búe,without method.,43,1,,without methed.,true,pending,
007-review-66150e7c2c55110b,review,,bûe-pó tîam kâi a kîam kâi?,Are these plums sweet or salt?,43,1,,Are these dried plums sweet or salt ?,true,pending,
007-review-8a75a3f2889af358,review,,būe,Not yet; adverb of negation.,43,1,būe,,true,pending,
007-review-8423604b2f539a7d,review,,cò̤ sṳ̄ màiⁿ bô̤ bùe,finish up the things you do.,43,1,cò̤ sṳ̄ màiⁿ bô̤ búe,,true,pending,
007-review-8de12e5e8f023a81,review,,khṳ̀ kàu hṳ̀ búe-búe,go to the extreme end.,43,1,khṳ̀ kàu hṳ́ búe-búe,,true,pending,
007-review-9d6c13f40a778e01,review,,kàu hṳ̀ búe jû tōa,it is bigger at the other end.,43,1,kàu hṳ́ búe jú tōa,,true,pending,
007-review-f57995a235a0e5ce,review,,îeⁿ-bûe thien-phàu; îeⁿ-bûe chng,a disease of licentious people.,43,1,,a disease of licentions people.,true,pending,
007-review-38e146c54d29ed47,review,,ēng kàu hú búe jú hó̤,it will be better when it is nearly used up.,43,1,ēng kàu hṳ́ búe jú hó̤,,true,pending,
007-reading-9e13022cfaf262c7,reading,,bûn kháu,"the examinations, civil and military.",44,1,"bûn kháu, bú kháu",,true,pending,
007-review-455f0bae0fd5b9e6,review,,bun ngṳ̂n,"sycee, pure silver.",44,1,bûn ngṳ̂n,,true,pending,
007-review-7b58edf76bb74ae8,review,,bûn kuaⁿ,civil ofiicers.,44,1,,civil officers.,true,pending,
007-review-4d5a97054cceb9ae,review,,cíeⁿ-seⁿ tṳ-kíaⁿ bùn tit kùe mē?,Can the pigs wriggle through?,44,1,cìeⁿ-seⁿ tṳ-kíaⁿ bùn tit kùe mē ?,,true,pending,
007-review-f04af0939da5e3fe,review,,"i bùn lâi bùn khṳ̀, bùn bòi tit chut","he tried his best, but could not work his way though so as to get out.",44,1,"i bùn lâi bùn khṳ̀, bùn bŏi tit chut",,true,pending,
007-review-6b01456e6faef7ee,review,,kháu bûn kháu bú,examination of scholars and cadets.,44,1,,the examination of scholars and cadets.,true,pending,
007-reading-39dd2c94a6a5d04d,reading,,kiē bw̆n,sedan curtains.,45,1,kīe bw̆n,,true,pending,
007-review-cba7264c67641234,review,,"cêk pńg, bw̄n lâi",ten thousand per cent gain.,45,1,"cêk pńg, bw̄n lāi",,true,pending,
007-review-93a6e14afef96ef6,review,,cà-phìen,fraudulent.,46,1,,fraudnlent.,true,pending,
007-review-bcde962f77d0231e,review,,cí tîo koi câh ku-ā kò̤,tlus street is barred in several places.,46,1,,this street is barred in several places.,true,pending,
007-reading-de24949adf7b3f4d,reading,,"hṳ́ kâi sĭ mîaⁿ châk, tîeh lô̤h kha-câk","that is a famous robber, and he must be fettered.",47,1,"hṳ́ kâi sĭ mîaⁿ châk, tîeh lô̤h kha-câh",,true,pending,
007-reading-0266c58ed33be6ad,reading,,cí ciah cûn cài ŭ jîeh cōi tàⁿ?,How many piculs does this boat carry?,48,1,cí ciah cûn cài ŭ jîeh cōi tàⁿ ？,,true,pending,
007-reading-f50b30aab60e5233,reading,,lṳ́ câi sĭeⁿ,think again.,48,1,lṳ́ cài sĭeⁿ,,true,pending,
007-review-034bcc6711e7670e,review,,cài kàu múaⁿ-múaⁿ; caì kàu tĭⁿ-tĭⁿ,stowed full.,48,1,cài kàu múaⁿ-múaⁿ ； cài kàu tĭⁿ-tĭⁿ,,true,pending,
007-review-e49041030e73fbf4,review,,"tōa cam, jī cam, saⁿ cam, cam kíaⁿ","large, medium sized, fine, and very fine needles.",49,1,,"large, medium sized,tine,and very fine needles.",true,pending,
007-reading-82b1894c6369fcf0,reading,,"pâk càng kâi tek-hîeh ēng ke kùe jú hó̤, bŏ̤i chàu tek-hîeh bī","the bamboo leaves used in wrapping dumplings are better after having been used several times, for then they will not impart a taste to the dumpling.",51,1,"pâk càng kâi tek-hîeh ēng ke kùe jú hó̤, bŏi chàu tek-hîeh bī",,true,pending,
007-reading-2ae10421910d2794,reading,,pin-lô̤ cap maìⁿ phùi cêk saⁿ,do not get betel juice all over your jacket.,52,1,pin-lô̤ cap màiⁿ phùi cêk saⁿ,,true,pending,
007-reading-40b89dee580f62d4,reading,,pàng tŏ̤ tŏiⁿ saⁿ câng,put it on the third shelf.,52,1,peh kàu tŏiⁿ ngŏ câng,,true,pending,
007-review-354d0e880419a3b6,review,,hó̤ tit lṳ́ cāng úa cêk pì cṳ lak,I wish you would give me a helping hand for a moment.,52,1,hó̤ tit lṳ́ cāng úa cêk pì cṳ lâk,,true,pending,
007-review-4b6383eb2c82e640,review,,"hùi, sim, pî, kuaⁿ, sĭen, cía sí kìe-cò̤ ngŏ căng; tăi-chîang, sío-chîang, ūi, táⁿ, phâng-kuang, sim-pau-lôk, cía sĭ kìe-cò̤ lâk hú","the lungs, heart, spleen, liver and kidneys are called the five viscera; the large and small intestines, the stomach, the gall, the bladder, and the heart-case are called the membraneous viscera.",52,1,"hùi, sim, pî, kuaⁿ, sĭen, cía sĭ kìe-cò̤ ngŏ căng tăi-chîang, sío-chîang, ūi, táⁿ, phâng-kuang, sim-pau-lôk, cía sĭ kìe-cò̤ lâk hú",,true,pending,
007-review-ff500bfb59379da9,review,,hṳ̂ kâi thah tŏ̤ cí ĕ kàu hṳ́ téng ŭ nŏ̤ peh gūa keh tâh-pō-câng,that pagoda has over two hundred steps in its stairway.,52,1,hṳ́ kâi thah tŏ̤ cí ĕ kàu hṳ́ téng ŭ nŏ̤ peh gūa keh tâh-pō-câng,,true,pending,
007-review-afd8cf53a4accde4,review,,ngŏ-căng lâk-hú,all the internal organs of a body.,52,1,ngŏ-căng lăk-hú,,true,pending,
007-review-0bae99dcd49e9e56,review,,put kùe sù câp hàng sú,only a few short seasons.,52,1,put kùe sù câp hâng sú,,true,pending,
007-reading-df4a7d1102f37ec4,reading,,cíu cau,sâh cíu kâi cau; distiller’s grains.,53,1,cíu cau; sâh cíu kâi cau,,true,pending,
007-reading-61f2daf4e8f2fb0c,reading,,cău hŭam,an escaped criminal.,54,1,cáu hŭam,,true,pending,
007-review-1e06026ca8f182fd,review,,càu hûang-tì; càu huâng-sĭang,to make known to the emperor.,54,1,càu hûang-tì càu hûang-sĭang,,true,pending,
007-reading-9d1d32c6db96fc2f,reading,,cí ciah thīⁿ-saⁿ-chia sĭ tī-tîang cău-khí kâi?,Who invented this sewing machine?,55,1,cí ciah thīⁿ-saⁿ-chia sĭ tī-tîang cău-khí kâi ？,,true,pending,
007-reading-3fe1c8322aa66f2c,reading,,cîah ce pó cêk ak,fast as an offset to wickedness.,55,1,cîah ce pó cek ak,,true,pending,
007-review-30e706832dfdb752,review,,cău-kak,"legumes of the Gleditsia sinensis, used in making coarse soap.",55,1,,"legumes of the Gleditschia Sinensis, used in making coarse soap.",true,pending,
007-review-30ea9a0d67e17717,review,,khun caŭ,a girl's horoscope.,55,1,khun cău,,true,pending,
007-review-b8114d77530fedca,review,,cē,,56,1,cē,A contraction of cék ē; once; a little while; for a while.,true,pending,
007-reading-b0aa6693ac2dbf29,reading,,"sie ceⁿ boí, sie ceⁿ bōi",rivals in trade.,57,1,"ceⁿ bói, sie ceⁿ bōi",,true,pending,
007-reading-c23071e2db5c874e,reading,,sie ceⁿ sie ji'́ng,disputing in loud tones.,57,1,"sie ceⁿ, sie jíang",,true,pending,
007-review-82adde916cf93f68,review,,chĭ-ceⁿ kâi nâng,a huckster; a loafer.,57,1,chĭ-céⁿ kâi nâng,,true,pending,
007-reading-fe471df34d303338,reading,,chong thiⁿ lâh cêk,an enormous candle used in an illumination in the open air.,58,1,chong thiⁿ lâh cek,,true,pending,
007-reading-cf1026fe3805e490,reading,,cho̤ cêk,a suet candle.,58,1,cho̤ cek,,true,pending,
007-reading-59b4322e26d8c607,reading,,cúi cêk,a cat-tail rush.,58,1,cúi cek,,true,pending,
007-reading-d18c17bfeea40b9f,reading,,"tâng cek, siah cek, pêh-thih cêk","a brass, pewter, or tin cylinder, holding oil and a wick for burning it.",58,1,"tâng cek, siah cek, pêh-thih cek",,true,pending,
007-reading-f00c72dd9e09b448,reading,,íe cêk,make candles.,58,1,íe cek,,true,pending,
007-reading-2371fb8d18e60672,reading,,cêk ciah cío,a bird.,59,1,cêk ciu kîe; cêk tún kîe; cêk tîo kîe,,true,pending,
007-review-0c92da833b7e1a65,review,,"cêk phiak, cêk phîak",batch by batch.,59,1,"cêk phîak, cêk phîak",,true,pending,
007-review-658a5e128bc8db3f,review,,cêk tioh hêⁿ,a prawn.,59,1,cêk tioh hêⁿ,,true,pending,
007-review-e0acb4b6ae73e6c3,review,,i cêk póiⁿ chíu bŏi khîeh phû,he cannot raise his hand.,59,1,i cêk pôiⁿ chíu bŏi khîeh phû,,true,pending,
007-review-8c650bbcd535bc41,review,,kîaⁿ lō cêk hûah cêk huah,strode along the road.,59,1,kîaⁿ lō cêk hûah cêk hûah,,true,pending,
007-reading-4e7c3d2e49f9dfdb,reading,,lṳ́ thóiⁿ sî-ceng kṳ́i tíam,look at the clock and see what time it is.,60,1,lṳ́ thóiⁿ sî-ceng kúi tíam,,true,pending,
007-reading-c81a8a00cff84258,reading,,seⁿ lâi ceng-sîn câi,naturally very vigorous.,61,1,seⁿ lâi ceng-sîn căi,,true,pending,
007-review-e879ae8461bf8471,review,,thái-ko̤ cèng ŏi ùe tîeh nâng,,62,1,thái-ko̤ cèng ŏi ùe tîeh nâng a bŏi ?,Is leprosy contagious?,true,pending,
007-review-c555ae7fe9978db1,review,,un-mut cèng,a plague or pestilence.,62,1,un-mût cèng,,true,pending,
007-reading-02153eef99ea6af8,reading,,péng cèng,cip cèng; to hold authority.,63,1,péng cèng; cip cèng,,true,pending,
007-reading-27ff05f96d386249,reading,,"tâng tìn-thâi lâi pōiⁿ cêk ùaⁿ ău, tī-hng cĭu ío uaⁿ-cĕng","after the general-in-chief came and put the country in order, it was more settled and peaceful.",64,1,"tâng tìn-thâi lâi pōiⁿ cek ùaⁿ ău, tī-hng cĭu ío uaⁿ-cĕng",,true,pending,
007-reading-45be431b1c4e3d2b,reading,,cì thiⁿ tī,worship heaven and earth. cì sĭa cek; worship the gods of land and grain.,65,1,cì sĭa cek,,true,pending,
007-review-9d9670b38d79bb71,review,,cì thiⁿ tī,worship heaven and earth. cì sĭa cek; worship the gods of land and grain.,65,1,cì sĭa cek,worship the gods of land and grain.,true,pending,
007-reading-faf3e112365c1cb5,reading,,"ciⁿ lî, irrelevant",evasive.,66,1,ciⁿ lî,,true,pending,
007-review-99ab942a03451d73,review,,"ciⁿ lî, irrelevant",evasive.,66,1,ciⁿ lî,irrelevant; evasive.,true,pending,
007-review-b55d20b29f0ce6aa,review,,ngio-bo̤ cĭ ngio-kíaⁿ,the cat licks the kitten.,66,1,ngio-bó̤ cĭ ngio-kíaⁿ,,true,pending,
007-review-e08d0920d733c37e,review,,siang lî put kùe cêk cìⁿ cṳ tī,not more than a bowsbot apart.,66,1,,not more than a bowshot apart.,true,pending,
007-reading-8b68298a6ea43a81,reading,,cía khak sòi,this is much too small.,68,1,cía khah sòi,,true,pending,
007-reading-1535389d9d6f1a4d,reading,,pńg cĭa,ngŵn cĭa; the original family seat.,68,1,pńg cĭa ; ngŵn cĭa,,true,pending,
007-review-7f48d229e8ef88f8,review,,cìa mô̤h,the tilm under the rind of canes.,68,1,,the film under the rind of canes.,true,pending,
007-review-db354691d3b6e583,review,,cía,,68,1,cía,This indicates that what precedes it is the subject of a proposition; it is also used to arrest attention.,true,pending,
007-review-e35ee65208f80fa6,review,,gân cía,the wise.,68,1,gâu cía,,true,pending,
007-review-4628decadd95066c,review,,mô̤ⁿ ciaⁿ,moss-agales.,69,1,,moss-agates.,true,pending,
007-review-d2622e0134dfaff0,review,,"sîa kâi kìe-cò̤ io-ciaⁿ, cìaⁿ kâi kie-cò̤ sîn-sien","the bad are called elves, and the good are called fairies.",69,1,"sîa kâi kìe-cò̤ io-ciaⁿ, cìaⁿ kâi kìe-cò̤ sîn-sien",,true,pending,
007-reading-bb7d0758c74dad17,reading,,cí cîah cûn cĭu cîah chim cúi,this boat draws much water.,70,1,cí ciah cûn cĭu cîah chim cúi,,true,pending,
007-reading-5a72f74e4761ed4a,reading,,thâng cîah thâng,"tōa thâng cîah sòi thâng; animals live on animals, the larger eating the smaller.",70,1,thâng cîah thâng; tōa thâng cîah sòi thâng,,true,pending,
007-review-15f52c9f6ac16f2e,review,,bô̤ kong m̄ ká cîah lôk,dare not partake of the imperial rations unworthily.,70,1,bô̤ kong m̄ káⁿ cîah lôk,,true,pending,
007-review-050a411a97317226,review,,ciah būe pá,has not yet eaten a full meal.,70,1,cîah būe pá,,true,pending,
007-review-b88f2da50f215258,review,,cîah hó̤ lio,has finished his meal.,70,1,cîah hó̤ lio,,true,pending,
007-review-971bcb032ca55c67,review,,cîah phîⁿ-hun,take snuff.,70,1,cîah phīⁿ-hun,,true,pending,
007-review-4282ba3ab5aa89e5,review,,"cîah pn̄g, ciah píaⁿ, ciah kúe-cí","eats rice, cakes, and fruit.",70,1,"cîah pn̄g, cîah píaⁿ, cîah kúe-cí",,true,pending,
007-review-8658c6620d3b54c9,review,,cò̤-nî cîah kàu ìeⁿ sáng?,How is it that he has become so thin?,70,1,cò̤-nî cîah kàu hìeⁿ sáng?,,true,pending,
007-review-e11fd66e3b0f50af,review,,lṳ́ sî cîah cú-nâng a sĭ cîah ka-kī?,Does your employer board you or do you board yourself?,70,1,lṳ́ sĭ cîah cú-nâng a sĭ cîah ka-kī?,,true,pending,
007-review-f8e435d355b02053,review,,pen̆g bô̤ cong ciah,I can find out nothing about him.,70,1,pĕng bô̤ cong ciah,,true,pending,
007-example_split-db1cadeb3d23d9c5,example_split,,"sŭn sŭ, cĭam cìn",advancing in regular order. cĭam tōa; gradually increase in size.,72,1,"sŭn sŭ, cĭam cìn",advancing in regular order.,true,pending,
007-example_split-db1cadeb3d23d9c5,example_split,,"sŭn sŭ, cĭam cìn",advancing in regular order. cĭam tōa; gradually increase in size.,72,2,cĭam tōa,gradually increase in size.,true,pending,
007-reading-d3caddc440d700ef,reading,,cĭam,Gradually; by degrees.,72,1,cĭam tōa,,true,pending,
007-reading-454ad0477212cbe9,reading,,cìang mn̂g cṳ cṳ́,of the breed of warriors.,73,1,cìang m̂ng cṳ cṳ́,,true,pending,
007-reading-2ecd4d0a38d24734,reading,,lăi-ciàng,paralysis of the optic nerve.,73,1,lăi-cìang,,true,pending,
007-reading-859e2236489a2c05,reading,,tá sèng cīang,victorious in the fight.,73,1,tá sèng cĭang,,true,pending,
007-review-11660e96e5af0360,review,,cîap-cîap tàⁿ; cîap-cîap li-li tàⁿ,loquacious.,74,1,,loquacions.,true,pending,
007-review-73fe174dec595c12,review,,tó̤ cîe,a very limited supply.,74,1,tó̤ cíe,,true,pending,
007-reading-45c7ea285602f053,reading,,ēng i tó̤ cíeⁿ câh-mn̂g,employ him to guard the barrier.,75,1,ēng i tó̤ cíeⁿ câh-m̂ng,,true,pending,
007-review-9b8046313ed40790,review,,sien-nâng pa-cieⁿ,the flat leaved cactus.,75,1,sien-nâng pa-cíeⁿ,,true,pending,
007-review-019d862d120df478,review,,"cĭeⁿ kò̤ m̄ pê, khṳ pê thìaⁿ kó̤",not scratching where it itches but where it is sore.,76,1,"cĭeⁿ kò̤ m̄ pê, khṳ̀ pê thìaⁿ kó̤",,true,pending,
007-review-4ce2d51fcdab456c,review,,jú cìeⁿ-seⁿ cò̤,do thus.,76,1,jû cìeⁿ-seⁿ cò̤,,true,pending,
007-review-74507f8c1469dbd7,review,,"jú tàⁿ, jú cìe-seⁿ","the more that is said, the worse it grows.",76,1,"jú tàⁿ, jú cìeⁿ-seⁿ",,true,pending,
007-review-9f374b53fbc24bdd,review,,lṳ́ kâi nêk tó̤ cĭeⁿ lio!,You itch for want of a whipping!,76,1,lṳ́ kâi nêk tó̤ cĭeⁿ lío！,,true,pending,
007-review-009d60d7624e36eb,review,,cieh,Stone; rocks; a measure of rice.,77,1,cîeh,,true,pending,
007-review-2d7b819f43169865,review,,cieh-tī m-hó̤ căi,the native soil is exceedingly poor.,77,1,cieh-tī m̄-hó̤ căi,,true,pending,
007-review-0bd972feda1c27cb,review,,kòng cien; sìn cien; letter paper.,,77,1,kòng cien; sìn cien,letter paper.,true,pending,
007-example_split-78345bc521601c4f,example_split,,ciet sî,instantly; ciet sĭ; that is it.,78,1,ciet sî,instantly.,true,pending,
007-example_split-78345bc521601c4f,example_split,,ciet sî,instantly; ciet sĭ; that is it.,78,2,ciet sĭ,that is it.,true,pending,
007-reading-16c9783531e94ce4,reading,,cih lío tab cò̤ cêk ē,"after folding them, put them together in a pile.",78,1,cih lío tah cò̤ cêk ē,,true,pending,
007-reading-ac54e411271a9a61,reading,,cíen ngî; cíen kîaⁿ; cíen pîet; cíen níu,parting presents.,78,1,cíen ngî; cíen kîaⁿ; cíen pîet; cíen lói,,true,pending,
007-reading-4d8bbc548ade71f1,reading,,tŏ̤ suaⁿ tèng ngŏ̤ tîeh cīu cìen,met and fought on the hills.,78,1,tŏ̤ suaⁿ tèng ngŏ̤ tîeh cĭu cìen,,true,pending,
007-review-72ed0aaaca92ddc2,review,,cìen kàu kiⁿ su îaⁿ,fought till the issue was decided.,78,1,cìen kàu kìⁿ su îaⁿ,,true,pending,
007-review-3d7d2fc9ab1bdae1,review,,"tek cím-thâu, hûi cím-thâu, phûe cím-thâu",,79,1,"tek cím-thâu, hûi cím-thâu, phûe cím-thâu, châ cím-thâu, tîn cím-thâu","bamboo, earthen, leathern, wooden and rattan pillows",true,pending,
007-review-5803b9af16e6ff14,review,,úai cîh kiah-kha,twisted his foot so as to break off the heels of his wooden clog.,79,1,úai cîh kîah-kha,,true,pending,
007-reading-829356ba423ff970,reading,,úa thó̤iⁿ tîeh cin ngía,I consider it really beautiful.,80,1,úa thóiⁿ tîeh cin ngía,,true,pending,
007-review-0329e00f0fa819a1,review,,cin tho̤ put tŭi,a tme womb does not miscarry.,80,1,,a true womb does not miscarry.,true,pending,
007-review-21d00f3c03293dbe,review,,lṳ́ a-sĭ khéng cin-cak cū ŭ ēng,if you were willing to incite them it would be of use.,80,1,lṳ́ a-sĭ khéng cín-cak cū ŭ ēng,,true,pending,
007-review-151b9e3ae1719005,review,,cĭn sim cĭn i,to the utmost of one's ability.,81,1,cĭn sim cĭn ì,,true,pending,
007-review-d162aca591cad6af,review,,in-cìn,to bring to notice.,81,1,ín-cìn,,true,pending,
007-review-1f94c119fb129dfd,review,,ín-cìn,to set forth; to recommend; to present.,81,1,,to recommend; to present; to set forth,true,pending,
007-review-00033ae1b85b5152,review,,"cí hûe tó lăi cīo-cīo-kìe, bŏi khṳ̀ lí pât sṳ̄","am now full of this affair, and cannot go and attend to any thing else.",82,1,,"and now full of this affair, and cannot go and attend to anything else.",true,pending,
007-review-54bc7e7e4b299d79,review,,"sì pak ūe, ūe cò̤ hṳ̂, cio, keⁿ, mok","paint four scrolls representing a fisherman, a woodcutter, a plowman, and a shepherd.",82,1,"sì pak ūe, ūe cò̤ hṳ̂, cio, keⁿ, môk",,true,pending,
007-reading-58c8dca50a9b6630,reading,,cit hue chaú,to weave flowered fabrics.,83,1,cit hue cháu,,true,pending,
007-reading-fca7283bbf7f0d2f,reading,,i ciu siì nâng cìeⁿ-seⁿ,he has been like that all his life.,83,1,i ciu sì nâng cìeⁿ-seⁿ,,true,pending,
007-review-7020f02eeee3b376,review,,bô̤ mak bô̤ ciu,eyeless.,83,1,bô̤ mâk bô̤ ciu,,true,pending,
007-reading-f1c86f0312dcad6e,reading,,"sĭ i lâi cīu úa, m̄ sĭ úa khṳ̀ cĭu i","it is for him to come to me, not for me to go to him.",84,1,"sĭ i lâi cĭu úa, m̄ sĭ úa khṳ̀ cĭu i",,true,pending,
007-reading-f6d6e6b09eb56e3a,reading,,"thiⁿ-sî chìn, cíu tîeh un sie cē m̄ pí jûah thiⁿ-sî cò̤ chìn cíu to̤ hó̤ cîah","the weather being cold the wine must be heated more: it is not as it is in hot weather, when one may take his wine cold.",84,1,"thiⁿ-sî chìn, cíu tîeh un sie cē: m̄ pí jûah thiⁿ-sî cò̤ chìn cíu to̤ hó̤ cîah",,true,pending,
007-review-4af6ae73b378f737,review,,khṳt nâng chíaⁿ cîah siu-nîe cíu,invited to a wedding feast.,84,1,khṳt nâng chíaⁿ cîah sin-nîe cíu,,true,pending,
007-review-d9684ef87aa10edd,review,,ìu cńg-thâu bô,to seal by an imprint of the thumb.,85,1,ìn cńg-thâu bô,,true,pending,
007-reading-d16e9f11e9b2f2f9,reading,,cōi kâu sǹg m̄ pat tò̤ khṳ̀,so many as to be countless.,86,1,cōi kàu sǹg m̄ pat tò̤ khṳ̀,,true,pending,
007-reading-1ebc7b0727b2ba1b,reading,,gû-nêk tieh khîeh-khí màiⁿ khṳt hĭa lâi cn̂g,the beef must be put away so that the ants will not get at it.,86,1,gû-nêk tîeh khîeh-khí màiⁿ khṳt hĭa lâi cn̂g,,true,pending,
007-reading-387dee76ee0c3d83,reading,,sêng có kâi nâng,sêng nâng kâi có; become the head of a house or tribe.,86,1,sêng có kâi nâng; sêng nâng kâi có,,true,pending,
007-reading-5ceb4b5514427d75,reading,,"thēng côi, cìaⁿ lâi",wait till you have the full complement and then come.,86,1,"thĕng côi, cìaⁿ lâi",,true,pending,
007-review-adf562184172be84,review,,coi ceh cò̤ suaⁿ,join the fibers so as to make thread for sewing.,86,1,còi ceh cò̤ sùaⁿ,,true,pending,
007-review-e7db188a826ce79d,review,,coi màiⁿ mueh ju,do not tangle the thread.,86,1,còi màiⁿ mûeh jṳ̂,,true,pending,
007-review-3c0380c0fbba8483,review,,c̄ng,A complaint; an accusation.,86,1,cn̄g,,true,pending,
007-review-d5c785fadd0d0d2d,review,,in coi,wind linen thread.,86,1,în còi,,true,pending,
007-review-5c3d78012e053a04,review,,níu côi-côi lâi thiaⁿ,come all together and listen.,86,1,nín côi-côi lâi thiaⁿ,,true,pending,
007-reading-528bb190530307d1,reading,,cò̤ coih,kùe coih; to keep holiday.,87,1,cò̤ coih; kùe coih,,true,pending,
007-review-bf74a5d5499fca41,review,,coih khi; coih hāu,stated times.,87,1,coih khì; coih hāu,,true,pending,
007-review-3d444ade4454660f,review,,mng côiⁿ,before the door.,87,1,mn̂g côiⁿ,,true,pending,
007-review-ff335f9a456cbd9b,review,,ngŏ gûeh coih,"the fifth day of the fifth month, the the festival of dragon boats.",87,1,,"the fifth day of the fifth month, the festival of dragon boats.",true,pending,
007-review-9cb976de947fba48,review,,cong-côk tōa thái-ko̤ kah miⁿ-nūaⁿ,when the clan becomes large there are always some in it who are leprous.,89,1,cong-côk tōa thái-ko̤ kah mîⁿ-nūaⁿ,,true,pending,
007-review-672469f709c791f6,review,,cía sĭ i sĭang còng i kâi,this accords perfectly with his ideas.,89,1,cía sĭ i sĭang còng ì kâi,,true,pending,
007-reading-e302f7b9e00fc828,reading,,lṳ́ tó̤ cò̤ mîh sṳ̄?,What are you doing?,90,1,lṳ́ tó̤ cò̤ mih sṳ̄ ?,,true,pending,
007-review-2e1800bb31b46108,review,,cò̤ tit cîa,bring to completion.,90,1,cò̤ tit cîaⁿ,,true,pending,
007-review-0023e522703ff741,review,,"i hàm úa cò̤ bé kâi, úa ìn i cò̤ bé i hàm úa cò̤ gû kâi, úa in i cò̤ gû","if he calls on me to act as horse, I act as a horse to him: if he calls on me to serve as ox, I serve him as an ox.",90,1,"i hàm úa cò̤ bé kâi, úa ìn i cò̤ bé : i hàm úa cò̤ gû kâi, úa ìn i cò̤ gû",,true,pending,
007-review-86aab7eb2a8f14c2,review,,pun huang-hŏ có̤-keh cìa ŏi cìeⁿ māng,we are so late on account of being hindered by the bad weather.,90,1,pun huang-hŏ có̤-keh cìaⁿ ŏi cìeⁿ māng,,true,pending,
007-review-53cdc78a9fc24778,review,,cò̤ sì-cìaⁿ,sit erect.,91,1,cŏ̤ sì-cìaⁿ,,true,pending,
007-review-e33c09377810ddad,review,,ciu-cu súaⁿ,pearl powder.,92,1,cin-cu súaⁿ,,true,pending,
007-review-6383649cb0c60ce6,review,,cô̤h kan,break off the connection.,92,1,cô̤h kau,,true,pending,
007-review-383a2159d19dcf03,review,,cú-ì,to to choose or decide.,92,1,,to choose or decide.,true,pending,
007-review-2b2a0cb34e716ca9,review,,hĭa co̤h câi,very mean and stingy.,92,1,hĭa co̤h căi,,true,pending,
007-reading-d97e5290a5f6023f,reading,,tîeh,you have decided rightly.,93,1,lṳ́ cú-ì lâi tîeh,,true,pending,
007-review-aa88a4cd68be7a72,review,,cù,,93,1,cù,To direct water in channels; to fix the attention upon.,true,pending,
007-reading-919fc7567be26c90,reading,,cúa bûe,cúa ín; paper used as tinder.,94,1,cúa bûe; cúa ín,,true,pending,
007-reading-41f49552d68b8747,reading,,"cûa ŭ kâi ŏ̤i tâk, ŭ kâi bŏi",some serpents are poisonous and some are not.,94,1,"cûa ŭ kâi ŏi tâk, ŭ kâi bŏi",,true,pending,
007-review-a672db767ba13e34,review,,tng thiⁿ cìu-cūa,take oath under the open heavens.,94,1,,make oath under the open heavens.,true,pending,
007-reading-528c5d56f77839d8,reading,,"cuí thóiⁿ tîeh cûak, m̄ cheng-khih",the water does not appear to be clean.,95,1,"cúi thóiⁿ tîeh cûak, m̄ cheng-khih",,true,pending,
007-reading-cae1464a188bcaeb,reading,,"lêng-ūaⁿ sǹg, sǹg tîeh bŏ̤i cûah","reckoned it up again, and found there was no deficiency.",95,1,"lêng-ūaⁿ sǹg, sǹg tîeh bŏi cûah",,true,pending,
007-reading-80b36cb0864328df,reading,,cuang chut lâi hó̤thóiⁿ,very prettily dressed.,96,1,cuang chut lâi hó̤ thóiⁿ,,true,pending,
007-reading-044676b3927729fc,reading,,cuang sok khí lâi hó̤thóiⁿ,bind up the travelling equipments nicely.,96,1,cuang sok khí lâi hó̤ thóiⁿ,,true,pending,
007-reading-370f2a2a7133463c,reading,,thó̤iⁿ i kâi chêng-cŭang,see how he appears.,96,1,thóiⁿ i kâi chêng-cŭang,,true,pending,
007-reading-17d51e25769538e0,reading,,keng cúi,thien kùi cúi; the menstrual flow.,97,1,keng cúi; thien kùi cúi,,true,pending,
007-reading-ea07a58773d9ce89,reading,,lan̂g cúi,pus.,97,1,lâng cúi,,true,pending,
007-reading-5a52037fb2329bb7,reading,,thó̤iⁿ huang-cúi,to consider the geomantic influence.,97,1,thóiⁿ huang-cúi,,true,pending,
007-review-9a7da5996195b433,review,,cí-kò̤ ŭ jîeh cōi sîam cui?,How many fathoms of water here?,97,1,cí-kò̤ ŭ jîeh cōi sîam cúi ?,,true,pending,
007-review-0ea21a0d9e4a1248,review,,taⁿ cui,carry water.,97,1,taⁿ cúi,,true,pending,
007-reading-2122ec86d846dead,reading,,cuì-ong,boozy.,98,1,cùi-ong,,true,pending,
007-reading-530fe8a7eceaeed9,reading,,lím cun,lím-lím cun; conform exactly.,98,1,lím cun; lím-lím cun,,true,pending,
007-reading-37a7b9891b27a6f2,reading,,"thâk cṳ; reads aloud, thóiⁿ cṳ",reads silently.,100,1,thóiⁿ cṳ,,true,pending,
007-review-4608ac5b96cf760a,review,,"cêk cūn jīo kùe lâi, cêk cūn jīo kùe khṳ̀","they drove each to and fro, as the fortunes of war shitted.",100,1,,"they drove each to and fro, as the fortunes of war shifted.",true,pending,
007-reading-9ad2acfb7a303aff,reading,,cṳ́ chài; cú cîah; prepare a meal,get supper.,101,1,cṳ́ chài; cṳ́ cîah,,true,pending,
007-reading-ff09dc6a77dcc642,reading,,khó̤ng-cṳ́,Confucius.,101,1,khóng-cṳ́,,true,pending,
007-review-89b3a8b59ef821ea,review,,cṳ́ chài; cú cîah; prepare a meal,get supper.,101,1,cṳ́ chài; cṳ́ cîah,prepare a meal; get supper.,true,pending,
007-review-854b6f64f8ef330d,review,,cẃn tǹg,to pawn to a third person.,101,1,cẃn tńg,,true,pending,
007-review-855104ce41f941b2,review,,hô̤-lang cṳ̂,Irish potatoes.,101,1,hô̤-lang cṳ̂,,true,pending,
007-reading-70da90b79c4d8d74,reading,,"cham-cha, m̄ côi",unassorted.,102,1,khim-che,,true,pending,
007-reading-11059631dd4b92b1,reading,,"nín sĭ hîaⁿ châ, a hîaⁿ thôaⁿ?",Do you use wood or coal as fuel at your house?,102,1,"nín sĭ hîaⁿ châ, a hîaⁿ thòaⁿ ?",,true,pending,
007-reading-e15673ae16916509,reading,,"ôi tit châ khui, bŏi tit kṳ̀ ka-lânh","the wedge that rives, is itself nipped fast.",102,1,"ôi tit châ khui, bŏi tit kṳ̀ ka-lâuh",,true,pending,
007-review-3836467060854c5e,review,,chah sit pue khṳ̀,put on some wings and fly off.,102,1,chah sît pue khṳ̀,,true,pending,
007-review-d32089b77a814ffb,review,,chá sek,to fry till done.,102,1,chá sêk,,true,pending,
007-review-d78690a795dc4983,review,,kheh kâi châ in,grave a wooden seal.,102,1,kheh kâi châ ìn,,true,pending,
007-reading-58d47a6a5e7dfb5e,reading,,cò̤ chài~~~~(;),get the meal ready.,103,1,cò̤ chài,,true,pending,
007-reading-7ec35792f7bb06ec,reading,,ngō chái,"the five colors, blue, yellow, carnation, white, and black.",103,1,ngŏ chái,,true,pending,
007-review-fd3ff2fe2c01f70d,review,,châi koi,to adorn a street with gay devices.,103,1,chái koi,,true,pending,
007-review-c76d00afe06d1223,review,,àiⁿ bói sĭm-mih chài sek?,What sort of vegetables do you wish to buy?,103,1,,What sort of vegetables do you wish to buy ?,true,pending,
007-review-a6b83f63da2d3fad,review,,cē châi-ciak tīaⁿ-tieh cū kîaⁿ,after making a fixed plan we will then execute it.,104,1,cē châi-ciak tīaⁿ-tîeh cū kîaⁿ,,true,pending,
007-review-146113980099fc50,review,,seⁿ lâi nâng-chai chut cèng,excelling others in good looks.,104,1,seⁿ lâi nâng-châi chut cèng,,true,pending,
007-review-48799369c0349758,review,,siu-châi,a graduate; a Bachelor of Arts.,104,1,sìu-châi,,true,pending,
007-review-2a9733092f282128,review,,tăi-cóng-chai,the curator of essays at an examination.,104,1,tăi-cóng-châi,,true,pending,
007-review-2539170d848de877,review,,tău chut nâng châi kâi sî-hāu,a time when genius thrives.,104,1,tăi chut nâng châi kâi sî-hāu,,true,pending,
007-reading-374e03e620f7e8c9,reading,,"cng cin, châk bīn",when the booty is discovered the thief is found.,105,1,"cng cin, châk hīn",,true,pending,
007-reading-fd0908590d5d0663,reading,,khak-khak châk-châk ŭ cèng-kŭ,there is indisputable proof of it.,105,1,khak-khak châk-châk ŭ cèng-kṳ̆,,true,pending,
007-reading-8e0b3ea913a19aa6,reading,,tī-pó̤ kio sît cú khṳ̀ jīn thóiⁿ sĭ châk cng a m̄ sĭ,"the person held responsible for the good order of the place, took the owner of the lost articles to see whether those were the stolen goods.",105,1,tī-pó̤ kio sit cú khṳ̀ jīn thóiⁿ sĭ châk cng a m̄ sĭ,,true,pending,
007-review-127aec2d4966cfed,review,,châk ce,a robber's hold.,105,1,châk cē,,true,pending,
007-reading-5b5808e361d0c04c,reading,,"châm-chin chùi; treacherous lips, cham-chin chìe",treacherous smiles.,106,1,châm-chin chìe,,true,pending,
007-review-e917253957c6ec47,review,,t̂o chàm,a diagram or picture indicating future events.,106,1,tô chàm,,true,pending,
007-review-bca09a4bf429eb65,review,,cí kò̤ châng sì lô̤h tāu-kho hó̤ a sĭ lô̤h tṳ-kut hó̤?,"Which is the best fertilizer for this field, bean-cake or bone-dust?",108,1,cí kò̤ châng sĭ lô̤h tāu-kho hó̤ a sĭ lô̤h tṳ-kut hó̤ ?,,true,pending,
007-reading-d949c72b377ddda1,reading,,gû tó̤ hwn cháu,the cattle are chewing the cud.,109,1,gû tó̤ hwn cháu nâng,,true,pending,
007-review-81f81bc327e419d8,review,,cháu-kau,"An insect, the common mantis.",109,1,cháu-kâu,,true,pending,
007-review-7843c428874e641d,review,,"cháu-thâu lío cò̤ kâi mâk jī ci kâi jī sĭ tŏ̤ cháu pŏ, a sĭ tŏ̤ mâk pŏ?",This character has the one for grass above and the one for eye below: which of the two is its radical?,109,1,"cháu-thâu lío cò̤ kâi mâk jī ci kâi jī sĭ tŏ̤ cháu pŏ, a sĭ tŏ̤ mâk pŏ ?",,true,pending,
007-review-d411643ab32ded4b,review,,i kâi sṳ̀-cháu īam-lĭ,his expressions are apt and elegant.,109,1,i kâi sṳ̂-cháu īam-lĭ,,true,pending,
007-review-b93f0ff4037a67f4,review,,úi i khù pōiⁿ châng kuaⁿ kâi ùaⁿ,depute him to go and give judgment in a case of assault on a magistrate.,109,1,úi i khṳ̀ pōiⁿ châng kuaⁿ kâi ùaⁿ,,true,pending,
007-reading-aa8c9922efa4ae39,reading,,chàu,Hasty; harsh.,110,1,phû-chàu,,true,pending,
007-reading-3d8524edcc1b7428,reading,,"i ke lāi m̄ hûa, ē-ē chāu-chāu nău-nău","they are not a harmonious family, they have a row every now and then.",110,1,"i ke lăi m̄ hûa, ē-ē chāu-chāu nău-nău",,true,pending,
007-review-50c8daa5601f1b4f,review,,"châu-un cóng-tok sĭ cóng kẃn châu-hô̤ tang kâi châu-cûn un-cài nîe-bí kâi sṳ̄, īa siet ŭ châu-tău hun lí","the Imperial Commissioner of grain controls the transport of grain through the Grand Canal, and appoints deputies who assist him in his office.",110,1,"châu-ūn cóng-tok sĭ cóng kẃn châu-hô̤ tang kâi châu-cûn un-cài nîe-bí kâi sṳ̄, īa siet ŭ châu-tău hun lí",,true,pending,
007-review-44e13a00dc8ef095,review,,"khim-che; an ambassador, khim-che tăi chîn",a legate.,110,1,khim-che tăi chîn,,true,pending,
007-review-8bce1b144d98ac1f,review,,"phû-chàu; hasty; touchy, phû-chêng chàu-khì",irrasible.,110,1,phû-chêng chàu-khì,,true,pending,
007-review-ac1b79782d6480f6,review,,tăi chāu-nău cêk tieⁿ,a great uproar.,110,1,tăi chāu-nău cêk tîeⁿ,,true,pending,
007-reading-945946960bfc9180,reading,,"bô̤ hîeⁿ àm, ŭ cheⁿ, khó̤-íⁿ hó̤ kîaⁿ lō","it is not very dark, the stars are out, and we can go by their light.",111,1,"bô̤ hìeⁿ àm, ŭ cheⁿ, khó̤-íⁿ hó̤ kîaⁿ lō",,true,pending,
007-reading-3170b987253b5b51,reading,,cheⁿ hṳ̂ⁿ,uncooked fish.,111,1,cheⁿ hṳ̂,,true,pending,
007-reading-4c7bb12737a54c5e,reading,,"chê tîeh, ío sĭ cîeⁿ-seⁿ","have looked it over, and it remains the same.",111,1,"chê tîeh, ío sĭ cìeⁿ-seⁿ",,true,pending,
007-review-3142376d9c5815c7,review,,i kâi lâk tōa căi ciah hóⁿ khṳt i kâi chíu chê tŏ̤ thô-ĕ,his strength is enormous: the tiger was pinned down to the ground by his thumb and fore-finger.,111,1,i kâi lâk tōa căi : ciah hóⁿ khṳt i kâi chíu chê tŏ̤ thô-ĕ,,true,pending,
007-review-3786994481024f3d,review,,"khí-thâu-ĕ lâi, cheⁿ ĭaⁿ-ĭaⁿ","has just come, and everytlung is new and strange to him.",111,1,,"has just come, and everything is new and strange to him.",true,pending,
007-review-c1dfdcae1d0656fe,review,,"kim cheⁿ; Venus, húe cheⁿ",Mars.,111,1,húe cheⁿ,,true,pending,
007-review-8cd07f2f69aacd15,review,,pùaⁿ cheⁿ sek,half cooked; half ripe.,111,1,pùaⁿ cheⁿ sêk,,true,pending,
007-review-4367d59945069e64,review,,lṳ́ kâi cheⁿ mīn căk,you are very easily offended.,112,1,lṳ́ kâi cheⁿ mīn căi,,true,pending,
007-review-73dc1e7ebf4d27c5,review,,phiⁿ̄ tîeh chàu-cheⁿ căi,it smelled very rancid.,112,1,phīⁿ tîeh chàu-cheⁿ căi,,true,pending,
007-reading-8eae3afac8670b27,reading,,chui-chek tŏ̤-lí,inscrutable doctrines.,113,1,chui-chek tŏ̤-lí ， chek m̄ chut,,true,pending,
007-review-71598a65070c153f,review,,cek liap chek,a grain of unhusked rice.,113,1,cêk lîap chek,,true,pending,
007-review-a37c0bcae0ade4bf,review,,"lô̤h hŏ chek bŏi ta, tîeh khí húe lâi pue","it rains so the paddy cannot dry, and a fire must be built for drying it.",113,1,"lô̤h hŏ chek bŏi ta, tîeh khí húe lâi pūe",,true,pending,
007-reading-2a0e408f093a24e6,reading,,"cía tê sĭ chèng hue kâi, chèng kaù cn̂g kâi hue bī","this tea has had flower petals mixed with it to scent it, till it tastes strongly of the flowers.",114,1,"cía tê sĭ chèng hue kâi, chèng kàu cn̂g kâi hue bī",,true,pending,
007-review-d42094b995df7c3c,review,,chèng kâi hûe-hĭⁿ mn̂g,the touch-hole.,114,1,chèng kâi húe-hĭⁿ mn̂g,,true,pending,
007-review-5731b06663434397,review,,i kâi saⁿ-khó chèng kàu phang căi,her clothes are scented so as to be very flagrant.,114,1,,her clothes are scented so as to be very fragrant.,true,pending,
007-review-9f2d0e520530df00,review,,khioh khu cheng i sie,take it and warm it up by steaming it.,114,1,khîeh khṳ̀ chèng i sie,,true,pending,
007-review-462173a08e716542,review,,khṳt i kâu khì-bī chèng tîeh cū àiⁿ seⁿ pēⁿ,"if you take in its exhalations, yon will become ill.",114,1,khṳt i kâi khì-bī chèng tîeh cū àiⁿ seⁿ pēⁿ,,true,pending,
007-review-a72a298455decc16,review,,"kui i pàng tíaⁿ tói kò̤ chèng, cìa bŏi chìn",put it back into the pan and let it steam there then it won't get cold.,114,1,"kui i pàng tíaⁿ tói kò̤ chèng , cìaⁿ bŏi chìn",,true,pending,
007-review-a27c16b32d4d434e,review,,"lṳ́ thóiⁿ tîeh cheng kuaⁿ-húe hó̤, a cheng sim-húe hó̤, a sĭ cheng hùi-húe hó̤?","Do you think it is the liver, the heart, or the lungs, which requires medication?",114,1,"lṳ́ thóiⁿ tîeh cheng kuaⁿ-húe hó̤, a cheng sim-húe hó̤, a sĭ cheng hùi-húe hó̤ ?",,true,pending,
007-reading-65f11e77888fa5ab,reading,,cò̤ chêng cē,be kindlier.,115,1,èng chêng,,true,pending,
007-reading-29879fb23b1551f6,reading,,"èng chêng; treat kindly, nâng-chêng",kindness.,115,1,nâng-chêng,,true,pending,
007-review-baaf6d072d191718,review,,chēng khò-thùi,wore leggins.,115,1,,were leggins.,true,pending,
007-review-1007f86dd515156b,review,,cò̤ chêng cē,be kindlier.,115,1,èng chêng,treat kindly,true,pending,
007-review-92bf26ef218297df,review,,i kâi hiaⁿ-tĭ-chêng hó̤ câi,their fraternal regard is very admirable.,115,1,i kâi hiaⁿ-tĭ-chêng hó̤ căi,,true,pending,
007-reading-f14007f364f16416,reading,,chì-ngīam kùe kâi; that which has already been tested~~~~(.) keng kùe chì-līen,has endured trial.,116,1,"chì-ngīam kùe kâi* - that which has already been tested~~~~(.)
  - *keng kùe chì-līen",,true,pending,
007-review-0e00ab4b917234a7,review,,"bŏi chi bŏi lang, bŏ̤i cò̤ a ko a ong",in order to be a good old aunt or uncle one needs be both stupid and deaf.,116,1,"bŏi chi bŏi lâng, bŏi cò̤ a ko a ong",,true,pending,
007-review-efbd4e22853b5a29,review,,chi-ko,simple.,116,1,chi-ko̤,,true,pending,
007-reading-c4496cfa624f7896,reading,,chī bŏi ṳ̂ah,it will not live.,117,1,chī bŏi ûah,,true,pending,
007-reading-2ddb4da9376041a7,reading,,taⁿ khéng hûe-thâu pìⁿ hó̤ hŵn bŏ̤i chî,"if you are now willing to reform, it is not yet too late.",117,1,taⁿ khéng hûe-thâu pìⁿ hó̤ hŵn bŏi chî,,true,pending,
007-reading-1746209e6144fe60,reading,,"chíaⁿ hun; to offer one's pipe, chíaⁿ cíu",to offer wine.,118,1,chíaⁿ hun,,true,pending,
007-reading-50720ec424c7af72,reading,,cŏ̤ chîa,to go in a carriage.,118,1,cŏ̤ chia,,true,pending,
007-review-ff83755f79922879,review,,chia kâi cōi kùe hīu kâi,those who buy on credit are more than those who pay cash.,118,1,chia kâi cōi kùe hīn kâi,,true,pending,
007-review-88537de385215f13,review,,chia sin hâi kū,to incure a new debt in order to settle an old one.,118,1,chia sin hâiⁿ kū,,true,pending,
007-review-ea81bd531cab0fc8,review,,"chia sìo; enter in account, chia khṳt i",sell to him on credit.,118,1,chia khṳt i,,true,pending,
007-review-c78e1efe918154f8,review,,chíaⁿ i cîah pīu chài-pn̄g,ask him to take pot-luck with us.,118,1,chíaⁿ i cîah pīn chài-pn̄g,,true,pending,
007-review-5e0732cf04a44707,review,,cía chia sìo sĭ àng gûeh siu a sĭ àng coih siu?,"Are these bills collected monthly, or at other fixed periods?",118,1,cía chia sìo sĭ àng gûeh siu a sĭ àng coih siu ?,"Are these bills collected monthly, or at other fixed periods ?",true,pending,
007-review-40eaf8747fc7c3c2,review,,lú kâi sìⁿ pèⁿ àiⁿ tàu chia-khṳ̂ hó̤ a tàu gê hó̤?,"Which do you prefer having the handle of your fan made from, white stone or ivory?",118,1,lṳ́ kâi sìⁿ pèⁿ àiⁿ tàu chia-khṳ̂ hó̤ a tàu gê hó̤ ?,,true,pending,
007-review-c16335e958521f47,review,,i kâi bûn-cieⁿ sĭ ka-kī cò̤ kâi a sĭ chiah nâng cò̤ kâi?,Did he compose his essay himself or did he employ some one to do it for him?,119,1,i kâi bûn-cieⁿ sĭ ka-kī cò̤ kâi a sĭ chiah nâng cò̤ kâi ?,,true,pending,
007-review-9ed5256fd172c113,review,,mīu seⁿ lâi chiah-khng chiah-khng,has a brunette complexion.,119,1,mīn seⁿ lâi chiah-khng chiah-khng,,true,pending,
007-reading-76c5713fd1d9f3f9,reading,,"cīeⁿ jît chiam i pńg to kâi nâng khṳ̀ pó̤ li, pó̤ m̄ chut taⁿ chiam tăi cèng kâi nâng khṳ̀ pó̤, cóng ŏi tit chut","some time ago they got the people of his own neighborhood to join in an appeal for his release, but did not thus succeed in setting him at liberty: now they have got the general public to unite in asking for his liberation and he is set free.",120,1,"cīeⁿ jît chiam i pńg to kâi nâng khṳ̀ pó̤ li, pó̤ m̄ chut：taⁿ chiam tăi cèng kâi nâng khṳ̀ pó̤, cóng ŏi tit chut",,true,pending,
007-review-46755029c572e6d1,review,,"tăi chîang, sìo chîang",the large and the small intestines.,120,1,"tăi chîang, sío chîang",,true,pending,
007-reading-339d04040e873930,reading,,hih-hih chìe,to laugh boisterously.,121,1,khă-khă chìe,,true,pending,
007-reading-867a5e637a38ad53,reading,,hih-hih chìe,to snicker.,121,1,chí-chìe,,true,pending,
007-reading-bf0c609762ceb6f7,reading,,pùaⁿ lō côih chíeⁿ; côih lō chieⁿ pak,waylay and plunder.,121,1,pùaⁿ lō côih chíeⁿ; côih lō chíeⁿ pak,,true,pending,
007-review-62f550ecbcedd374,review,,hih-hih chìe,to snicker.,121,1,chí-chìe,to deride,true,pending,
007-reading-d8d947147101663e,reading,,ngûn-chīeⁿ,a silversmith.,122,1,ngṳ̂n-chīeⁿ,,true,pending,
007-review-ba60d64606fe937e,review,,chîeⁿ thût lò̤h lâi,the wall has tumbled down.,122,1,chîeⁿ thût lô̤h lâi,,true,pending,
007-review-69a4336009cfb86f,review,,cî tîo tìn tŏa kùe chîeⁿ,this creeper has run over the wall.,122,1,cí tîo tîn tŏa kùe chîeⁿ,,true,pending,
007-review-5f14054728977e8a,review,,"hue sua sie cîah, chìeⁿ cìaⁿ kit tōiⁿ",when the lime and sand have formed a chemical union the wall will become hard.,122,1,"hue sua sie cîah, chîeⁿ cìaⁿ kit tōiⁿ",,true,pending,
007-review-c0733fc6cfbcb202,review,,khîa ki húe-pé khṳ̀ chīeⁿ thóiⁿ ŭ ka-lâuh tó̤ lō tàng a bô̤,take a torch and see whether it has been dropped on the road.,122,1,khîa ki húe-pé khṳ̀ chīeⁿ thó̤iⁿ ŭ ka-lâuh tó̤ lō tèng a bô̤,,true,pending,
007-reading-1906c436fff0753c,reading,,i tó̤ bú thih-chieh khṳt nâng thoíⁿ,he is wielding an iron bludgeon for people's amusement.,123,1,i tó̤ bú thih-chieh khṳt nâng thóiⁿ,,true,pending,
007-review-36ce18383273eba9,review,,"khîeh lô̤h kún cui khṳ̀ chih, chih lío, mô̤ⁿ máng cheng-khih","take it and scald it in boiling water, and then pluck out all the feathers.",123,1,"khîeh lô̤h kún cúi khṳ̀ chih, chih lío, mô̤ⁿ máng cheng-khih",,true,pending,
007-reading-be5b02d5d2a37f33,reading,,nŏ̤ nâng khṳ̀ kio i sie-hŭ chǐm,two persons went to help him move it.,124,1,nŏ̤ nâng khṳ̀ kio i sie-hŭ chĭm,,true,pending,
007-review-a46624889d4cfd3e,review,,chim hŵt,to invade and chastise.,124,1,chîm hŵt,,true,pending,
007-review-42f71b02d36a9839,review,,chin,One's own; akin; kith.,124,1,,One’s own; akin; kith.,true,pending,
007-review-42665d5105145a72,review,,chîm-sieⁿ kâi nâng,an ordinary person.,124,1,chîm-sîeⁿ kâi nâng,,true,pending,
007-review-509865056a19a567,review,,châ-chìn thûi,the counterpoise on a steeljard bar.,125,1,,the counterpoise on a steelyard bar.,true,pending,
007-review-6757dc5097cd0940,review,,"lăi chin, gua chek",relatives by blood and by marriage.,125,1,"lăi chin, gūa chek",,true,pending,
007-reading-1cbe31ede24ebd53,reading,,cêk koiⁿ thóiⁿ tîeh cò̤ ŏi cēⁿ chío-chío?,Why is it that everything appears so quiet?,126,1,cêk koiⁿ thóiⁿ tîeh cò̤ ŏi cĕⁿ chío-chío ?,,true,pending,
007-reading-f942a8c0bc319f77,reading,,îong chîn,mediocre statesmen.,126,1,châi chîn,,true,pending,
007-review-a490b731a93d55e7,review,,"châi chîn; talented statesmen, bw̄n-kok chîn-hôk",all nations submitted.,126,1,bw̄n-kok chîn-hôk,,true,pending,
007-review-6a0110decde95d27,review,,îong chîn,mediocre statesmen.,126,1,châi chîn,talented statesmen,true,pending,
007-example_split-fbd6c4638b0fe7b5,example_split,,chiu chang-pêh,"his beard is hoary, o chiu; black bearded.",127,1,chiu chang-pêh,his beard is hoary.,true,pending,
007-example_split-fbd6c4638b0fe7b5,example_split,,chiu chang-pêh,"his beard is hoary, o chiu; black bearded.",127,2,o chiu,black bearded.,true,pending,
007-reading-f18e6249e106194a,reading,,cai chiu,to put on a false beard.,127,1,khoi chiu,,true,pending,
007-reading-13e6b900aa419a03,reading,,chiu,The autumn.,127,1,chiu khùi,,true,pending,
007-reading-37154b88e49d93bb,reading,,chiu hi-hi,his beard is very thin.,127,1,ĕ pŏ chiu,,true,pending,
007-reading-b372c9a283269106,reading,,"chiu khùi; the autumnal season, chiu lîang",autumnal coolness.,127,1,chiu lîang,,true,pending,
007-reading-f4c26f61ecdff164,reading,,"chiu ău; the latter part of autumn, chiu sím",the autumnal assizes.,127,1,chiu sím,,true,pending,
007-reading-a94513335574fc8e,reading,,chiu-siu,the late harvest.,127,1,chiu ău,,true,pending,
007-reading-c02f6362b304ee44,reading,,lût chiu,to fondle the beard.,127,1,so̤ chiu,,true,pending,
007-reading-6c0a48f902c16298,reading,,âng chiu,red bearded.,127,1,o chiu,,true,pending,
007-reading-1ae47238827687e0,reading,,"ĕ pŏ chiu; the beard under the chin, nŏ̤ phuah chiu",moustaches.,127,1,nŏ̤ phuah chiu,,true,pending,
007-review-417724a1384803dc,review,,cai chiu,to put on a false beard.,127,1,khoi chiu,to trim the beard.,true,pending,
007-review-e75b4bde81b14549,review,,chiu hi-hi,his beard is very thin.,127,1,ĕ pŏ chiu,the beard under the chin,true,pending,
007-review-9c5cc224ac39e9cf,review,,chiu lă tîeh cū sie kă,they joined their antennæ and fought.,127,1,,they joined their antennae and fought.,true,pending,
007-review-07e6c4313e170ea3,review,,chiu-siu,the late harvest.,127,1,chiu ău,the latter part of autumn,true,pending,
007-review-857616ddcacb6330,review,,"lâu chiu; let the beard grow, thì chiu","to shave off the beard, khoi chiu; to trim the beard.",127,1,thì chiu,to shave off the beard.,true,pending,
007-review-7fa3e3816c6c72d0,review,,lût chiu,to fondle the beard.,127,1,so̤ chiu,to stroke the beard,true,pending,
007-review-633e33f02baa21e3,review,,sang kha sang chiu côi kâi tek-sut,a cricket with legs and antennæ of the same length.,127,1,,a cricket with legs and antennae of the same length.,true,pending,
007-review-5d26ba7ce3a4a65c,review,,"so̤ chiu; to stroke the beard, jûe chiu",to twirl the beard.,127,1,âng chiu,red bearded.,true,pending,
007-review-0450c04fc11658fb,review,,"thân chng, búe chng, tang chng",the three hatches.,129,1,"thâu chng, búe chng, tang chng",,true,pending,
007-review-1e5a3f829478c768,review,,"thâu-mo̤ⁿ tîeh chîang sói, cìaⁿ bŏi seⁿ chng",the hair must be regularly washed then you will not have an ulcerated scalp.,129,1,"thâu-mô̤ⁿ tîeh chîang sói, cìaⁿ bŏi seⁿ chng",,true,pending,
007-reading-79832008e9b4bd92,reading,,cho cîah,cho khau; coarse food.,130,1,cho cîah; cho khau,,true,pending,
007-reading-c41ec32fbc4b3e3e,reading,,phah kàu i bŏ̤i chn̂g bŏi khĭa,beat him so he can neither squat nor stand.,130,1,phah kàu i bŏi chn̂g bŏi khĭa,,true,pending,
007-review-4824c741b697085b,review,,cò̤ chò m sng,your vinegar has no sourness.,130,1,cò̤ chò m̄ sng,,true,pending,
007-reading-fa11dd3cc0ab759e,reading,,lṳ́ chong-chong àiⁿ khṳ̀ tī kò?,What are you going in such haste?,132,1,lṳ́ chong-chong àiⁿ khṳ̀ tī kò̤,,true,pending,
007-review-b77ad33b3e15cff0,review,,chong ieh-bûah,steep medicinal powder.,132,1,chong îeh-bûah,,true,pending,
007-review-a35b3e8ba5835699,review,,chong thiⁿ tit pue,can fly into the clouds.,132,1,chong thiⁿ tît pue,,true,pending,
007-review-4aa14ddca691ba2a,review,,chông lâi hwt chut,springs up from the interior portions.,132,1,chông lăi hwt chut,,true,pending,
007-review-67a84591c3f55e58,review,,i cong-kṳ́ tó̤ chòng-tîⁿ i,she is always bothering him.,132,1,i cong-kú tó̤ chòng-tîⁿ i,,true,pending,
007-review-e77f629a276d5ce4,review,,íⁿ-keng chông lìang lío,has already reformed.,132,1,íⁿ-keng chông lîang lío,,true,pending,
007-reading-27c2ac8977701b08,reading,,cin chó̤ put bú,the copy and the original do not agree.,133,1,cin chó̤ put hú,,true,pending,
007-review-2d75ec821c4a73c6,review,,chó̤ kó,the rough draft.,133,1,chó̤ kó̤,,true,pending,
007-review-e3bec9054f6b07f0,review,,sĭu m tit cí kâi khó-chó̤,cannot endure this agony.,133,1,sĭu m̄ tit cí kâi khó-chó̤,,true,pending,
007-review-aae087472348fea9,review,,bói cho̤h iam,buy some salt.,134,1,bói cho̤h îam,,true,pending,
007-review-0cc0e72346065a91,review,,chiaⁿ kong-chin thîo chú,ask arbitrators to decide.,134,1,chíaⁿ kong-chin thîo chú,,true,pending,
007-review-f051ab35acf7f33f,review,,chun cêk cho̤h-kíaⁿ,have a small quantity left.,134,1,chûn cêk cho̤h-kíaⁿ,,true,pending,
007-review-d14124a00f9b32e1,review,,chô̤ tê,it contains tea.,134,1,chō̤ tê,,true,pending,
007-review-0e177c903cb5a795,review,,chō kàu cêk puah tĭⁿ-tĭⁿ,holds a pot full.,134,1,chō̤ kàu cêk puah tĭⁿ-tĭⁿ,,true,pending,
007-review-2610d8df1f5f4471,review,,ci kâi nâng khó̤-chú,this person is very suitable.,134,1,cí kâi nâng khó̤-chú,,true,pending,
007-review-2e471deb579b2807,review,,cí cêk cho̤h khîeh khù cham-pàng hṳ́ cêk cho̤h kò̤,take this and mingle it with that.,134,1,cí cêk cho̤h khîeh khṳ̀ cham-pàng hṳ́ cêk cho̤h kò̤,,true,pending,
007-review-deabc5a4306d5507,review,,"sīang chú, tong chú, chṳ̀ chú","the highest on the list of graduates, those near them, and those lower down.",134,1,"sĭang chú, tong chú, chṳ́ chú",,true,pending,
007-review-c82a08810f777085,review,,thèng cho̤h kúi nang,took a few of them at random.,134,1,thèng cho̤h kúi nâng,,true,pending,
007-review-77760e886b3c1c8f,review,,tăi ŭ khó̤-chú; tōa-tōa hó̤-chù,very appropriate.,134,1,tăi ŭ khó̤-chú; tōa-tōa hó̤-chú,,true,pending,
007-reading-4b97aeb75a891a11,reading,,úa sī chù-nâng lṳ́ sĭ nâng-khek,"I am a native, and you are an alien.",135,1,úa sĭ chù-nâng lṳ́ sĭ nâng-khek,,true,pending,
007-review-28a00ec06f30a8bc,review,,chúa cúi cûn,a pilot boat.,135,1,chūa cúi cûn,,true,pending,
007-review-984cdec2fb9c0e07,review,,lṳ́ tī-tiang-sî àiⁿ khù chù?,When are you going home?,135,1,lṳ́ tī-tiang-sî àiⁿ khṳ̀ chù ?,,true,pending,
007-reading-b3c9582e774a1c08,reading,,"cêk-hûe sni-sĭ chuah tit kùe, ĕ jît cū chuah m̄ kùe","though you have fooled him once, you won't be able to do it again.",136,1,"cêk-hûe sui-sĭ chuah tit kùe, ĕ jît cū chuah m̄ kùe",,true,pending,
007-review-3c8fdb4467762b63,review,,chuah nâng m̄ cai thóiⁿ,took his opportunty when no one was looking.,136,1,,took his opportunity when no one was looking,true,pending,
007-review-859d6a41116f8174,review,,"i cò̤ sṳ̄ to sĭ chuang-chuang cŭang-cŭang i, chŵn bô̤ kèng i lău-toa","he is all the time acting contrary to his views, and pays no regard to him as his senior.",136,1,"i cò̤ sṳ̄ to sĭ chuang-chuang cŭang-cŭang i, chŵn bô̤ kèng i lău-tōa",,true,pending,
007-review-207830494a6ee2d3,review,,"chui i cò̤ méⁿ cē; urge him to hasten the work, chui thó̤ sìo-bâk",importunately demanded the amount of the bill.,137,1,chui thó̤ sìo-bâk,,true,pending,
007-review-cd41748c32a5e239,review,,chui kàu úa mih sṳ bô̤ cò̤,pressesme so that I can do nothing.,137,1,chui kàu úa mih sṳ̄ bô̤ cò̤,,true,pending,
007-review-732298f96fa2fe1b,review,,so̤h siu-sin cò̤-nî ŏi chui tn̆g khṳ̀?,How could a perfectly new rope break under a strain like that?,137,1,so̤h sin-sin cò̤-nî ŏi chui tn̆g khṳ̀ ?,,true,pending,
007-reading-1e262ea361a071f4,reading,,cêk chùi cĭu thun ô̤h khṳ̀,swallowed it all at one mouthful.,138,1,cêk chùi cĭu thun lô̤h khṳ̀,,true,pending,
007-review-a1d0c435ceaef0a7,review,,cang chùi khù cim i,kissed him.,138,1,cang chùi khṳ̀ cim i,,true,pending,
007-review-ccf178cef656eca4,review,,chùi seⁿ-lâu khah khuah,has too large a mouth.,138,1,chùi seⁿ-lâi khah khuah,,true,pending,
007-review-0f3084e44aa5f6eb,review,,hiang chun,the *Cedrela odorata*.,138,1,,the Cedrela odorata.,true,pending,
007-review-6c28d9c401a1f7e5,review,,i kâi chùi sĭang tōa pêh-ciaⁿ,he is a great liar.,138,1,i kâi chùi sĭang tōa pêh-cíaⁿ,,true,pending,
007-review-308fe4a8a9d9ce0b,review,,"kiⁿ tîeh nâng phīⁿ chìe, chùi chìe",he laughs all over his face as soon as he sees any one.,138,1,"kìⁿ tîeh nâng phīⁿ chìe, chùi chìe",,true,pending,
007-reading-666f32a451c04dd3,reading,,kó-cá tng-sî chut ŭ cêk kâi n̂ang—,in ancient times there was a man who—.,139,1,kó-cá tng-sî chut ŭ cêk kâi nâng—,,true,pending,
007-reading-e0d06799fcacc163,reading,,sī íⁿ-keng kè chut kâi cáu-kíaⁿ,it is a daughter who is already married.,139,1,sĭ íⁿ-keng kè chut kâi cáu-kíaⁿ,,true,pending,
007-review-59cda648785f78fd,review,,lú chut sì tŏ̤ tī-kò̤?,Where were you born?,139,1,lṳ́ chut sì tŏ̤ tī-kò̤ ?,,true,pending,
007-reading-2a147147d1928df7,reading,,"chṳ̀ cîⁿ, chṳ̀ ngûn",not first rate money.,140,1,"chṳ̀ cîⁿ, chṳ̀ ngṳ̂n",,true,pending,
007-reading-9be14fe3e7d55d97,reading,,cuí chṳ,the larvæ of mosquitoes in water.,140,1,cúi chṳ,,true,pending,
007-reading-0db172fc4c535d99,reading,,hui-chṳ́ phṳ̂e bé-kùa,a riding coat of squirrel skin.,140,1,hui-chṳ́ phûe bé-kùa,,true,pending,
007-reading-d21c9dbeac5c34ea,reading,,nío-chṳ́ bṳ́e cīn céng m̄ kiaⁿ sí nâng,"a mouse's tail, even when swelled to the utmost, is nothing to be much frightened at.",140,1,nío-chṳ́ búe cĭn céng m̄ kiaⁿ sí nâng,,true,pending,
007-review-2a085b3d03544d72,review,,cip-chú,a mouse.,140,1,cip-chṳ́,,true,pending,
007-review-9a1f9578d47ee8ce,review,,kha cìm kàu seⁿ chu,his feet have been in the water so long that they have festered.,140,1,kha cìm kàu seⁿ chṳ,,true,pending,
007-review-68182889803cb563,review,,pàng tŏ̤ tī kâi ūi-chṳ?,Where did you place it?,140,1,pàng tŏ̤ tī kâi ūi-chṳ̀ ?,,true,pending,
007-review-d7516775daf05d61,review,,tio-chṳ́,sables.,140,1,tio-chṳ́ kíaⁿ,,true,pending,
007-review-c18fe7fdd5b88254,review,,lṳ́ ua lâi kìⁿ kâi chṳ̂ hîong,let us see which of us is the stronger.,141,1,lṳ́ úa lâi kìⁿ kâi chṳ̂ hîong,,true,pending,
007-review-2869aae0a9efd6b4,review,,pùe-ău cò̤ saⁿ ki chẁn,make three cross bar on the back.,141,1,,make three cross bars on the back.,true,pending,
007-review-339b5132a75bc3df,review,,cīeⁿ tǹg lâu ĕ tng,save the preceding meal for the succeeding one.,142,1,cīeⁿ tǹg lâu ĕ tǹg,,true,pending,
007-review-fceb07b1ff24e0bc,review,,hok bô̤ sang chwn,bliss is never twice complete.,142,1,hok bô̤ sang chŵn,,true,pending,
007-review-0fca1c26b1353ed6,review,,ehⁿ-hem,To make the sound represented by the word.,143,1,ehⁿ-hém,,true,pending,
007-review-88e7cafd7ecbd8d6,review,,ji êⁿ,the beam next the ridgepole.,143,1,jī êⁿ,,true,pending,
007-reading-a1c4819fb42c1329,reading,,"cía sĭ kìe-cò̤ êk sueh, m̄sĭ tīaⁿ-tîeh cìeⁿ-seⁿ sueh","this may be called a whimsical exposition, it is not necessarily thus explained.",144,1,"cía sĭ kìe-cò̤ êk sueh, msĭ tīaⁿ-tîeh cìeⁿ-seⁿ sueh",,true,pending,
007-reading-190c9473afb9d7a5,reading,,eng-kai; tng-eng-kâi,ought; should.,144,1,eng-kai; tng-eng-kai,,true,pending,
007-reading-3e9a0142d9cfde49,reading,,pńg eng-kâi kâi,that which it is one's duty to do.,144,1,pńg eng-kai kâi,,true,pending,
007-review-5d8464037ee8c9fa,review,,"cí khí mûeh m̄-hó̤ eng tîeh, eng tîeh cū cheⁿ-meⁿ","do not get this in your eyes, if you do it will blind you.",144,1,"cí khí mûeh m̄-hó̤ eng tîeh, eng tîeh cū cheⁿ-mêⁿ",,true,pending,
007-review-78928dbf5bbce8d4,review,,lú tō cam-eng,hat fringe that has served several generations.,144,1,lú tō̤ cam-eng,,true,pending,
007-review-c18d08c1d7f7bcaf,review,,eng-têng chóiⁿ cheng-khih lío cē sàu cū seⁿ eng-teng,"when you have brushed off all the dust, as soon as you sweep again it is dusty.",145,1,eng-têng chóiⁿ cheng-khih lío cē sàu cū seⁿ eng-têng,,true,pending,
007-review-34f0c26b158e7c4d,review,,kim bô̤ nâng cèng eng-sok,prohibit the cultivation of the poppy.,145,1,kìm bô̤ nâng cèng eng-sok,,true,pending,
007-review-3d7cbc24abdfc2b6,review,,pŭaⁿ tīo eng-têng pue cêk koiⁿ,"after the dusting, the dust flies all through the room.",145,1,pŭaⁿ lío eng-têng pue cêk koiⁿ,,true,pending,
007-review-e94942e3721b1694,review,,ŏi gaī tîeh a bŏi?,Will that interfere in any way?,146,1,ŏi gāi tîeh a bŏi ?,,true,pending,
007-review-6dcb16fe8c766ff0,review,,i khṳt i lîah khù gô̤,he was seized and fettered by them.,147,1,i khṳt i lîah khṳ̀ gô̤,,true,pending,
007-reading-b0d1ffb758743f59,reading,,"nâng sim-kuaⁿ, gû saí-tó","people have hearts, and cattle have paunches.",148,1,"nâng sim-kuaⁿ, gû sái-tó",,true,pending,
007-review-7f494508cedac4d3,review,,"gû kó, gû bó, gû kíaⁿ","a bull, a cow, and a calf.",148,1,"gû kó, gû bó̤, gû kíaⁿ",,true,pending,
007-review-b4b51c02547d1f28,review,,pàng tŏ gūa keh a tŏ̤ lăi keh?,Did you put it in the outer or the inner compartment?,148,1,pàng tŏ̤ gūa keh a tŏ̤ lăi keh ?,,true,pending,
007-reading-d3f9df34cb46b747,reading,,nŏ̤ nâng sĭm sī siang hâh,the two are well suited to each other.,150,1,nŏ̤ nâng sĭm sĭ siang hâh,,true,pending,
007-review-8e5404b44c0551fa,review,,hái-lìang,broad minded.,150,1,hái-lĭang,,true,pending,
007-review-dd7d698b0fc9d6e9,review,,hâ,The noise of a crowd; a clamor; a disturbance.,150,1,hā,,true,pending,
007-review-ea630514a55ade1f,review,,i cí kò̤ iⁿ cē hah cū ŭ cúi hó̤ bûa bâk,"if one breaths on this inkstone, there is water enough on it to rub up the ink with.",150,1,i cí kò̤ īⁿ cē hah cū ŭ cúi hó̤ bûa bâk,,true,pending,
007-review-832229c652dd41cb,review,,"jît li siang hâh, gûeh lí siang chong",the day is propitious but the mouth is adverse.,150,1,,the day is propitious but the month is adverse.,true,pending,
007-reading-938f566cae2ac7a7,reading,,sim sĭ lī-hāi,is very malicious.,151,1,sĭm sĭ lī-hāi,,true,pending,
007-review-0a62a91ff32c6c8a,review,,"ô̤h i kâi īeⁿ, o̤h hāi khṳ̀","follow his example, and follow it to destruction.",151,1,"ô̤h i kâi īeⁿ, ô̤h hāi khṳ̀",,true,pending,
007-reading-725c74799607bbd7,reading,,"cí khí lok-lok bô̤ ēng, tîeh hiá tōiⁿ-hâk tōiⁿ-hâk kâi cìaⁿ hó̤","these are watery and useless, those firm-fleshed and solid ones are the good ones.",152,1,"cí khí lok-lok bô̤ ēng, tîeh hía tōiⁿ-hâk tōiⁿ-hâk kâi cìaⁿ hó̤",,true,pending,
007-reading-eb9e793cf19cb398,reading,,lṳ́ hāiⁿ-hāiⁿ-kìe sī ûi tîeh sĭm-mih sṳ̄?,What are you groaning for?,152,1,lṳ́ hāiⁿ-hāiⁿ-kìe sĭ ûi tîeh sĭm-mih sṳ̄,,true,pending,
007-review-7c09f2b6667e5856,review,,bô̤ nâng kwn bô̤ nâng hak,nobody exercises any control over it.,152,1,bô̤ nâng kẃn bô̤ nâng hak,,true,pending,
007-review-8a28e82b0bb0233f,review,,lṳ́ hàm cò̤ sĭm-mîh mîa?,What name are you called by?,153,1,lṳ́ hàm cò̤ sĭm-mîh mîa ?,,true,pending,
007-reading-502ec309a32b2022,reading,,háng hông kâi muêh,an article seldom met with.,154,1,háng hông kâi mûeh,,true,pending,
007-review-227bee2ed2a08c59,review,,jī sía khù kâi hâng-ngó hó̤ căi,the characters are written in very straight parallel lines.,154,1,jī sía khṳ̀ kâi hâng-ngó hó̤ căi,,true,pending,
007-reading-3fc5ea89d8808c43,reading,,iú hăng,a small sum.,155,1,íu hăng,,true,pending,
007-review-e4154fe4c2f3c627,review,,kak hăng kăi hṳ̀e-mûeh,each sort of goods.,155,1,kak hăng kâi hùe-mûeh,,true,pending,
007-review-09beab7cb7abe492,review,,m-hó̤ hăng-lĭang,do not restrict.,155,1,m̄-hó̤ hăng-lĭang,,true,pending,
007-reading-aab6cbac2e0d5e8b,reading,,hàu hēng,filial conduct.,156,1,hàu hĕng,,true,pending,
007-reading-4a39138fc6a00916,reading,,hău hĕng ŏi kám-tŏng nâng kâi sim,dutiful behaviour moves people's hearts.,156,1,hàu hĕng ŏi kám-tŏng nâng kâi sim,,true,pending,
007-reading-bc8b0eec1f429499,reading,,màiⁿ tak-nn̄g tīo sī-hāu,do not waste the time.,157,1,màiⁿ tak-nn̄g tīo sî-hāu,,true,pending,
007-review-e9dfa2ee03ada9e3,review,,cí kâi nôiⁿ-kuáiⁿ ēng hĕ chù-piⁿ a mín?,Ought we to give some of these laichis to the neighbours or not?,157,1,cí kâi nôiⁿ-kúaiⁿ ēng hĕ chù-piⁿ a mín ?,,true,pending,
007-review-a9019ce93b7f225f,review,,heh tio thâu phâng,take in the fore-sail.,158,1,heh tío thâu phâng,,true,pending,
007-review-6252cee1f8439ba6,review,,hek sìo-bak,examine the books.,158,1,hek sìo-bâk,,true,pending,
007-review-df3d046688219581,review,,"úa mn̄g tîeh, i tàⁿ hēⁿ",I asked him and be assented.,158,1,,I asked him and he assented.,true,pending,
007-review-3742513f7890fb9d,review,,cē ēng hêng i cū cio,aa soon he was tortured he confessed.,159,1,,as soon he was tortured he confessed.,true,pending,
007-reading-f74515fb434ec60a,reading,,cîah kàu hēng,have eaten it till I loathe it.,160,1,cîah kàu hĕng,,true,pending,
007-review-6230fbcbfdf92886,review,,gūa kang hì,a play in which the actors speak a foreign language.,161,1,gūa kang hì,,true,pending,
007-review-a3fa019b10cfc174,review,,sì hĭ sie tâng,of the same genealogy.,161,1,,of the same geneaiogy.,true,pending,
007-review-106390832b877207,review,,ŭ hi sek,has a happy look.,161,1,ŭ hí sek,,true,pending,
007-review-f3950f91c89d2dde,review,,kau tīo hĭⁿ-sái,to dig the wax out of the car.,162,1,,to dig the wax out of the ear.,true,pending,
007-reading-eb71d249220b4c25,reading,,hîaⁿ mīaⁿ sṳ-îa,a counsellor in criminal cases in the local courts.,164,1,hîaⁿ mîaⁿ sṳ-îa,,true,pending,
007-review-9c53ed2a7d639f35,review,,gê hiah,a runner about the public courts.,164,1,gê hîah,,true,pending,
007-reading-278626f291ad0976,reading,,"ún-ún kâi sṳ̄ to m̄ cò̤, mńg hàuⁿ lăng-híam","he never will do what is safe, but always seeks what is hazardous.",165,1,"ún-ún kâi sṳ̄ to m̄ cò̤, ḿng hàuⁿ lăng-híam",,true,pending,
007-review-3ec1708c26720857,review,,nŏ̤ koiⁿ chṳ̀ sie hìang,the two houses face each other.,165,1,,The two houses face each other.,true,pending,
007-reading-fee0c8fbfab9cd3b,reading,,cheh hîeh màiⁿ kàuh,do not double down the corner of the leaves.,167,1,cheh hîeh màiⁿ kauh,,true,pending,
007-reading-75f67470456f18a7,reading,,cêk hîeh cêk hiêh àiⁿ khieh bâk,double each sheet exactly in the middle to form the edge of the leaf.,167,1,cêk hîeh cêk hîeh àiⁿ khieh bâk,,true,pending,
007-reading-27a9a7ff9c9144f1,reading,,hien kùe hîeh; ĭoⁿ kùe hîeh,turn over a leaf.,167,1,ĭoⁿ kùe hîeh,,true,pending,
007-review-2dfc97b99b526d4b,review,,hìeⁿ póiⁿ hîeh,the other side the leaf.,167,1,hìeⁿ pôiⁿ hîeh,,true,pending,
007-review-c2bd96d40f448d88,review,,"i khṳ́ kàu hìeⁿ kú, hŵn-lîo būe lâi","he has been gone an excessively long time, and has not come even yet.",167,1,"i khṳ̀ kàu hìeⁿ kú, hŵn-lío būe lâi",,true,pending,
007-review-6fc5acf6c1ff0f1a,review,,síe-hue-hieⁿ,caraway seeds.,167,1,síe-hûe-hieⁿ,,true,pending,
007-reading-5fad808adcca8bc0,reading,,hiên kun,a wise monarch.,168,1,hîen kun,,true,pending,
007-review-727a60a53dd28021,review,,sîu-mêng pat híen sìaⁿ khṳt nâng thóiⁿ,the gods showed their power unto men.,168,1,sîn-mêng pat híen sìaⁿ khṳt nâng thóiⁿ,,true,pending,
007-review-1403a2f8bd230f1a,review,,cí kò̤ nêk míen kùi jît cū hu-híuⁿ khṳ̀,this piece of meat will become putrid before many days.,171,1,cí kò̤ nêk míen kúi jît cū hu-híuⁿ khṳ̀,,true,pending,
007-review-683cde0efc7abeb0,review,,câp hô káu put jîu,"of ten bearded men, nine are uncharitable.",172,1,câp hô káu put jîn,,true,pending,
007-review-bb7bf88b12b77ba8,review,,kaⁿ hng,au orange grove.,172,1,,an orange grove.,true,pending,
007-reading-137b7c0512687da7,reading,,huâng-hŏ,the empress.,173,1,hûang-hŏ,,true,pending,
007-reading-f324b7743a73668a,reading,,hō sòi,the rain lessens.,173,1,hŏ sòi,,true,pending,
007-review-97a4efa8c1c10e1e,review,,hóⁿ-phek ŏi sîp kâi,amber will collect electricity.,173,1,hóⁿ-phek ŏi sîp kài,,true,pending,
007-review-7598d4f473a46fef,review,,bé-khi hōiⁿ,purslane.,174,1,bé-khí hōiⁿ,,true,pending,
007-review-4779f5c13202344f,review,,"i kúi nâng lâi tó̤ hôih, lṳ́ tîeh cai-hûang i",they have come to reconnoitre and you must beware of them.,174,1,,they have come to reconnoiter and you must beware of them.,true,pending,
007-reading-e0be3f575c962f56,reading,,"hôk ŭ nâng mn̄g lṳ́, lṳ́ tîeh cìeⁿ-seⁿ ìn","if anyone should ask you, you must thus answer.",175,1,"hôk ŭ nâng m̄ng lṳ́, lṳ́ tîeh cìeⁿ-seⁿ ìn",,true,pending,
007-review-e13f3ca7b10e8f7e,review,,hok ti chiaⁿ cue,bow down and ask for punishment.,175,1,hôk tī chíaⁿ cŭe,,true,pending,
007-review-68c6c2bafd28faee,review,,hṳ́-kò̤ hok ŭ nâng-be to ko,"there are people lying there in ambush,",175,1,hṳ́-kò̤ hôk ŭ nâng-bé tŏ̤ kò̤,there are people lying there in ambush.,true,pending,
007-review-6ccf73d9991c4a9b,review,,màiⁿ hôk piaⁿ bé tŏ̤ chīu-lîm lăi,do not conceal the mounted troops in the thicket.,175,1,mâiⁿ hôk piaⁿ bé tŏ̤ chīu-lîm lăi,,true,pending,
007-review-4f6c33a163c568e7,review,,saⁿ hok jit,"three decades in summer, when people hold themselves in retirement; dog-days.",175,1,saⁿ hôk jît,,true,pending,
007-review-b41de43ed5c0c0f8,review,,sim lăi gî-hô̤k,suspicious.,175,1,sim lăi gî-hô̤k,,true,pending,
007-review-ef6ff42f65e6f2f4,review,,siu-cīeⁿ m̄ su-hôk,his disease does not yield to treatment.,175,1,sin-cīeⁿ m̄ su-hôk,,true,pending,
007-reading-e718c579cfd1aaa2,reading,,múaⁿ-tī-kò̤ hâi hong lŵn ngía căi,the peaks and ridges all around are very beautiful.,176,1,múaⁿ-tī-kò̤ kâi hong lŵn ngía căi,,true,pending,
007-review-1b9991436534205d,review,,cîah tîeh cin-sît hó̤ câi,found by eating it that it was indeed excellent.,177,1,cîah tîeh cin-sît hó̤ căi,,true,pending,
007-reading-dae7c7814043fdbd,reading,,hō̤ nî~~~~(;),send New Year greetings.,178,1,hō̤ nî,,true,pending,
007-review-429563e86c1a3428,review,,i kâi chiak-hō̤ khṳt nâng kìe-cò hóⁿ,he is nicknamed the tiger.,178,1,i kâi chiak-hō̤ khṳt nâng kìe-cò̤ hóⁿ,,true,pending,
007-review-22e3e8081d772ea3,review,,i mīn tèng ŭ cêk kò̤ ki hō̤ hó̤ jīn,he has a mark on his face by which he may be recognized.,178,1,i mīn tèng ŭ cêk kò̤ kì hō̤ hó̤ jīn,,true,pending,
007-review-f3bb74f2f2ccf158,review,,hu-tu híang cĭe pêⁿ lío,"the horn sounds, indicating that the performance is about to begin.",179,1,hu-tû híang cĭe pêⁿ lío,,true,pending,
007-review-2ac1ca56e308fd47,review,,i kâi nang ho̤h sóng-khùai,he is very comfortable.,179,1,i kâi nâng ho̤h sóng-khùai,,true,pending,
007-review-60bb927f941792e6,review,,lău thài hu-jîu,the chief wife of an official.,179,1,lău thài hu-jîn,,true,pending,
007-review-e00fd16f13391573,review,,chŵn hu cip su,a complete outfit.,180,1,chŵn hù cip sṳ̄,,true,pending,
007-review-069de080bb9ea540,review,,i leng-uaⁿ cêk hu sim-tng,he is of a different nature.,180,1,i lêng-ūaⁿ cêk hù sim-tn̂g,,true,pending,
007-review-774ec6e68656ccca,review,,kíaⁿ-jît tăi-jìn ŭ chut hú a bô̤?,Has His Excellency been out to-day?,180,1,kíaⁿ-jît tăi-jîn ŭ chut hú a bô̤ ?,,true,pending,
007-reading-6d66b69e87b35378,reading,,hùhŭe,attend a meeting.,181,1,hù hŭe,,true,pending,
007-review-28719eb26fb5be1a,review,,côiⁿ-hû,"a tonic medicine, a shrub whose root tastes like ginseng.",181,1,,"a tonio medicine, a shrub whose root tastes like ginseng",true,pending,
007-review-171838946c7715bc,review,,"jī-ciah mô̤ⁿ hû, m̄ cheng-chó̤",the letters are blurred.,181,1,"jī-ciah mô̤ⁿ-hû, m̄ cheng-chó̤",,true,pending,
007-review-ca40246aae17d3ff,review,,ēng hû-cui lâi bū cū hó̤,"take some water on which a spell has been cast, and expel it from the mouth in mist, and all will be well.",181,1,ēng hû-cúi lâi bū cū hó̤,,true,pending,
007-reading-337a99746061d552,reading,,ang cía sīm sĭ hûa-sŭn,husband and wife are in accord.,183,1,ang cía sĭm sĭ hûa-sŭn,,true,pending,
007-review-eba93219053234c2,review,,ló̤ kó phah lâi m̄ hûa,the drums and gongs are not beaten in time.,183,1,lô̤ kó phah lâi m̄ hûa,,true,pending,
007-reading-dd76f5bf3d52b330,reading,,cía sṳ̄ sī tī-tîang tó̤ hūaⁿ?,Who has the management of this affair?,184,1,cía sṳ̄ sĭ tī-tîang tó̤ hūaⁿ,,true,pending,
007-reading-182798d957b827c8,reading,,"múa-tī-kò̤ kâi toi-hūaⁿ co̤h kàu khìang-khìang, cúi tōa cìaⁿ bŏ̤i pang","the dikes everywhere are strongly made, and when the waters rise will not give way.",184,1,"múa-tī-kò̤ kâi toi-hūaⁿ co̤h kàu khìang-khìang, cúi tōa cìaⁿ bŏi pang",,true,pending,
007-review-32158679feb65113,review,,co̤h tîo hūaⁿ pàng hái-kiⁿ,make a bund.,184,1,co̤h tîo hūaⁿ pàng hái-kîⁿ,,true,pending,
007-review-fe5d723158979646,review,,hùa nâng khṳ̀ tī-kò̤?,Where have they all gone?,184,1,hùaⁿ nâng khṳ̀ tī-kò̤？,,true,pending,
007-review-56aafc2b6de09625,review,,"tîeh cang cía lâi hūaⁿ, cìaⁿ kien-ku",you must use this in soldering it and then it will be firm.,184,1,"tîeh cang cía lâi hūaⁿ, cìaⁿ kien-kù",,true,pending,
007-reading-97c969b83975ec6e,reading,,hùam bĕ hùam nâng khîa,vicious horses find reckless riders.,185,1,hùam bé hùam nâng khîa,,true,pending,
007-reading-470011f7c8143955,reading,,màiⁿ khah huang- mâng,do not be too hurried.,186,1,màiⁿ khah huang-mâng,,true,pending,
007-review-a518da808737e1a9,review,,khṳt huang sut cîh khṳ,whisked off and broken by the wind.,186,1,khṳt huang sut cîh khṳ̀,,true,pending,
007-reading-de123d3805e7cb43,reading,,cêk kok hûang ki,lay up grain against a time of dearth.,187,1,cek kok hûang ki,,true,pending,
007-reading-0b34c26c96e5294a,reading,,cí īeⁿ châ ió ûah húe,this sort of wood burns well.,189,1,cí īeⁿ châ ío ûah húe,,true,pending,
007-reading-c8443b06c380735d,reading,,húe cûn; húe hun cûn; húe lūn cûn,a steamboat.,189,1,húe cûn; húe hun cûn; húe lûn cûn,,true,pending,
007-reading-95ec0979dfc3dbf0,reading,,húe kŭ,the things used about the fire.,189,1,húe kṳ̆,,true,pending,
007-review-6600a8e0369ef7d1,review,,"cí kâi huaug-lô khah hip húe, m̄ thong húe","this earthen stove is stuffed up, and does not draw well.",189,1,"cí kâi huang-lô khah hip húe, m̄ thong húe",,true,pending,
007-review-abf80e81f6c4cc66,review,,húe-ciⁿ,a fiery dart.,189,1,húe-cìⁿ,,true,pending,
007-review-13887e932709af0f,review,,húe-îu,coal-oil oil.,189,1,,coal oil.,true,pending,
007-review-fda72db16b76564c,review,,méⁿ-mé húeⁿ chá-khí-lâi cìaⁿ hó̤ cîah,fry it over a very hot fire and then it will be toothsome.,189,1,méⁿ-méⁿ húe chá-khí-lâi cìaⁿ hó̤ cîah,,true,pending,
007-review-ca0c0c831f47e3c9,review,,"phang hue bŏi âng, ang hue bŏi phang","fragrant flowers are not brilliant, and brilliant flowers are scentless.",189,1,"phang hue bŏi âng, âng hue bŏi phang",,true,pending,
007-reading-42b1ab036149af64,reading,,pet hùe têng,an honorary tablet to a centenarian.,191,1,peh hùe têng,,true,pending,
007-review-91a821dfd8e76bdd,review,,m̄-pat hùe tîeh khṳ̀ mn̄g pat hùe,those who do not know must go ajid inquire of those who do know.,191,1,,those who do not know must go and inquire of those who do know,true,pending,
007-review-5d799b8bda0da635,review,,"ía îong hùe im, bw̆n châng hùe tău",ogling looks invite to wantonness and carelessness induces thieving.,191,1,"ía îong hùe îm, bw̆n châng hùe tău",,true,pending,
007-reading-e3619c42f7b6afbb,reading,,kîaù hùe,salt stores; a good lot of merchandize.,192,1,kîam hùe,,true,pending,
007-review-b5b86025e0abb435,review,,hûe sĭeⁿ hṳ́ tiang-sî kâi sṳ cū sĭ tŏ̤ mâk côiⁿ,when I recall that it seems as if it were present.,192,1,hûe sĭeⁿ hṳ́ tiang-sî kâi sṳ̄ cū sĭ tŏ̤ mâk côiⁿ,,true,pending,
007-review-a8584281fc225965,review,,hûe-tńg khù chù,returned home.,192,1,hûe-tńg khṳ̀ chù,,true,pending,
007-review-cf03e4ec78628cca,review,,sé hŭe kâi tī-hng,the provincial metropolis.,193,1,séⁿ hŭe kâi tī-hng,,true,pending,
007-reading-1987a3f96df4f5c3,reading,,i tō̤ thó-ĕ tó̤ húiⁿ khàu,"he lies on the ground, rolling and crying.",195,1,i tŏ̤ thó-ĕ tó̤ húiⁿ khàu,,true,pending,
007-reading-7c4ee935e3d3056d,reading,,"lṳ́ khip khùi, khip kàu tn̂g-tn̂g, thoíⁿ lṳ́ kâi hùi tī-kò̤ ŏi thìaⁿ a bŏi","draw a very long breath, and see whether there is a pain in any part of your lungs.",195,1,"lṳ́ khip khùi, khip kàu tn̂g-tn̂g, thóiⁿ lṳ́ kâi hùi tī-kò̤ ŏi thìaⁿ a bŏi",,true,pending,
007-reading-609ec24fdb3eb10b,reading,,phìⁿ-hun hû,a snuff bottle.,197,1,phīⁿ-hun hû,,true,pending,
007-review-cb9aa115c8bda45b,review,,a-phìen hun,opîum.,197,1,,opium.,true,pending,
007-reading-cc06d4cfae4f4d9b,reading,,in-cîⁿ hún buah kàu âng-âng,made red with rouge.,198,1,in-ciⁿ hún buah kàu âng-âng,,true,pending,
007-review-54ad85d204a126b3,review,,ci kâi nâng chut tīn sĭm sĭ hùn-îong,this man goes forth to battle with undaunted courage.,198,1,cí kâi nâng chut tīn sĭm sĭ hùn-îong,,true,pending,
007-review-fcb9e3efbfb0ecd8,review,,mi-hún,wheaten flour.,198,1,mī-hún,,true,pending,
007-review-a88f73cf3af47491,review,,wn hûn lṳ́ sùaⁿ,the unrevenged ghost will not be quiet.,198,1,wn hûn m̄ sùaⁿ,,true,pending,
007-reading-b201a2a2361f3ea2,reading,,hut-jîen cū ŭ nâng lâi,suddenly some one came.,199,1,hut-jîeh cū ŭ nâng lâi,,true,pending,
007-reading-21ff2a3e30c69687,reading,,pêh hûn pìⁿ cò̤ âng bûn,the clouds are turning red.,199,1,pêh hûn pìⁿ cò̤ âng hûn,,true,pending,
007-reading-c5ae5edf6746d07c,reading,,sìang sīm-mih sin hūn,ascertain what rank he has.,199,1,sìang sĭm-mih sin hūn,,true,pending,
007-review-8a260eaa6fdb401a,review,,cí tah hûn pue khù kĕ-kĕ,this cloud drifts along very low down.,199,1,cí tah hûn pue khṳ̀ kĕ-kĕ,,true,pending,
007-review-485d26cba1554430,review,,hṳ lâng hûn,a mackerel sky.,199,1,hṳ̂ lâng hûn,,true,pending,
007-reading-d50e166b73589c16,reading,,siet kŭa thông-hwn pò̤-kâi,made a canopy of flags.,201,1,siet kŭa thông-hwn pò̤-kài,,true,pending,
007-reading-1191857e8baea1c4,reading,,tit pĕ-bó̤ hâi hwn sim,attain the approbation of parents.,202,1,tit pĕ-bó̤ kâi hwn sim,,true,pending,
007-reading-edf9d4bb01dac55e,reading,,ceh-hwt,to punish.,204,1,ceh-hŵt,,true,pending,
007-reading-01f0f03156e1cede,reading,,úa iŭ i bô̤,"I have some, he has none.",204,1,úa ŭ i bô̤,,true,pending,
007-reading-0b8b91967c31143f,reading,,cē m̄ jû i-kâi ìcū khì,if everything is not just as he wishes he gets angry.,205,1,cē m̄ jû i-kâi ì cū khì,,true,pending,
007-reading-e87a63b083d9f7b8,reading,,"sî-hāu bô̤ ĭ, nâng bô̤ ĭ, pēⁿ-cèng īa bô̤ ĭ, ŭ sî ēng îeh hŵu-lío m̄ tâng","sometimes when the weather is as usual, the person as usual, and disease the same, the medicine used has not the same effect.",206,1,"sî-hāu bô̤ ĭ, nâng bô̤ ĭ, pēⁿ-cèng īa bô̤ ĭ, ŭ sî ēng îeh hŵn-lío m̄ tâng",,true,pending,
007-review-5f46c997b4af6b08,review,,khó̤-íⁿ; khó̤-iⁿ cò̤ tit,it will do passably.,206,1,khó̤-íⁿ; khó̤-íⁿ cò̤ tit,,true,pending,
007-reading-c5f2e511c4b59d84,reading,,i cò̤ sṳ̄ íong- iak căi,he does things with effusion.,209,1,i cò̤ sṳ̄ íong-iak căi,,true,pending,
007-review-a97826de812483e0,review,,thoiⁿ i cang sìⁿ tó̤ îah úa,saw him motioning to me with his fan.,209,1,thóiⁿ i cang sìⁿ tó̤ îah úa,,true,pending,
007-review-cdfd75f3be768933,review,,húe-ĭam uak-uak-kie,the flames mutter.,210,1,húe-ĭam uak-uak-kìe,,true,pending,
007-reading-90385c5bf9d9bcc7,reading,,"îeⁿ kim, îeⁿ ngṳ̂n, îeⁿ siak, îeⁿ tâng","fuse gold, silver, pewter or brass.",212,1,"îeⁿ kim, îeⁿ ngṳ̂n, îeⁿ siah, îeⁿ tâng",,true,pending,
007-review-198345ca19deb1f2,review,,"hàm bōi ĭe kó kai, lâi bói sùaⁿ","call the rattle man here, and buy some sewing silk.",212,1,"hàm bōi ĭe kó kâi, lâi bói sùaⁿ",,true,pending,
007-review-5d3980f8a7bf6168,review,,liu ie,a slender supple waist.,212,1,líu ie,,true,pending,
007-review-b4379a3bcadde9be,review,,tīu phùa îe,lives in an old kiln; a vagrant.,212,1,tīu phùa i̇e,,true,pending,
007-review-5a300a708e5132d9,review,,tang ieⁿ,of the same kind.,213,1,tâng īeⁿ,,true,pending,
007-gloss-7c8a7e059031cac0,gloss,,ĭen,To procrastinate; to invite. khùe-khùe khṳ̀.,214,1,,To procrastinate; to invite.,true,pending,
007-reading-aee296dc10251655,reading,,húe îeh,explosive powders.,214,1,jîp îeh,,true,pending,
007-reading-07c1412f7aa1a737,reading,,jîp îeh,put in a chemical preparation.,214,1,húe îeh,,true,pending,
007-reading-86a936f858a6b448,reading,,màiⁿ ĭen-chî,go quickly and without delay.,214,1,"khùe-khùe khṳ̀, màiⁿ ĭen-chî",,true,pending,
007-reading-e912136c6c4b49ea,reading,,"îeh-cìⁿ, sĭ cìⁿ-thâu khṳ̀ cṳ́ tâk-îeh kâi","poisoned arrows, are those whose points have been steeped in poison.",214,1,"ieh-cìⁿ, sĭ cìⁿ-thâu khṳ̀ cṳ́ tâk-îeh kâi",,true,pending,
007-review-44d8cd4cb8cc4174,review,,i hùaⁿ nâng khṳ̀ tī-kò?,Where have they all gone?,216,1,in hùaⁿ nâng khṳ̀ tī-kò ?,,true,pending,
007-review-0b50ee89d611d8bb,review,,in cúi kâi nâng,a drawer of water.,216,1,ín cúi kâi nâng,,true,pending,
007-review-e28bc0fef575a6bb,review,,sie in-húe; pàng in-húe,lot off fireworks.,216,1,,let off fireworks.,true,pending,
007-reading-bcb81b192ea10a28,reading,,în hái cêk tōa kâi tī-hng,all along the coast.,217,1,în hái cêk tòa kâi tī-hng,,true,pending,
007-review-13a5effe1bf3fec7,review,,în,To bind the edges of such things as sieves and baskets.,217,1,,To bind the edges of such things as seives and baskets,true,pending,
007-review-129a8a9ac7a2da9e,review,,"cí nŏ̤ ciah tó̤ īn kâi, kâi sĭ tī-tîang kâi hún-cío",,218,1,"cí nŏ̤ ciah tó̤ īn kâi, kâi sĭ tī-tîang kâi hún-cío",whose are the two doves that are circling in the air ?,true,pending,
007-review-f735bb46ca5a7c6e,review,,sṳ iok,selfish ends.,219,1,sṳ îok,,true,pending,
007-review-8db1fd2497804905,review,,îok sim,a lacivious mind.,219,1,,a laeivious mind.,true,pending,
007-reading-b8a7b63edf34f296,reading,,i kâi cŭe-ak kẁu îong,the sum of his iniquities is full.,220,1,i kâi cŭe-ak kẁn îong,,true,pending,
007-reading-87a561b5e306d69d,reading,,îong-īo,refulgence.,220,1,îong-ĭo,,true,pending,
007-review-e2d5b767ec93d819,review,,àiⁿ cò̤-nî îong-ui?,What can we do?,220,1,àiⁿ cò̤-nî îong-ûi ?,,true,pending,
007-review-ba202697f8d5a4dd,review,,"îong-îong, bô̤ khì",it is no rarity.,220,1,"îong-îong, bô̤ khî",,true,pending,
007-reading-8d7666a27aa36c65,reading,,"lṳ́ khṳ̀ kìⁿ kuaⁿ, i ā-sĭ hàm lṳ́ kâi mîaⁿ lṳ́ cū ìn tàⁿ “íuⁿ”","when you go before a magistrate, if your name is called you reply “Here”.",222,1,"lṳ́ khṳ̀ kìⁿ kuaⁿ, i ā-sĭ hàm lṳ́ kâi mîaⁿ lṳ́ cū ìn tàⁿ “íu”",,true,pending,
007-review-d92e2b1c3de87416,review,,chù îu hó̤ a bṳ̄e,have you put in the oil yet?,222,1,,have you put in the oil yet ?,true,pending,
007-review-897bae13449e9527,review,,si îu,"soy, a sauce like Worcestershire.",222,1,sī îu,,true,pending,
007-review-4aa6d05ffb938884,review,,theng phêng-íu,"fellow students, studying by the same window.",222,1,cū sĭ tâng theng phêng-íu,,true,pending,
007-reading-10f033fe1b1a2418,reading,,jêng jît ciàⁿ lâi,came another day.,223,1,jêng jît cìaⁿ lâi,,true,pending,
007-review-440bf4c919032bc2,review,,"īu chìn, īu lô̤h hŏ, lṳ́ thau huang","it is at once cold, rainy, and windy.",223,1,"īu chìn, īu lô̤h hŏ, īu thau huang",,true,pending,
007-review-bc8c6971c668e6c5,review,,aiⁿ tìeⁿ cía hṳ̂ tîeh cang sĭm-mûeh lâi cò̤ jī?,What should be used for bait in catching this fish?,224,1,àiⁿ tìeⁿ cía hṳ̂ tîeh cang sĭm-mûeh lâi cò̤ jī ?,,true,pending,
007-review-622ed8a3f0280300,review,,i khṳt úa jiang lío bo lie hó̤ in,"when I reproved him, he had nothing to say in reply.",225,1,i khṳt úa jíang lío bô̤ ūe hó̤ ìn,,true,pending,
007-reading-061c38880d1ac731,reading,,jîen,Resembling; like.,226,1,jîem,,true,pending,
007-review-f08a118012d73ed5,review,,jîh kíu,press it tightly.,226,1,jîh kín,,true,pending,
007-reading-09c8ff85f1473798,reading,,i sûi sĭ ngǒ-lâk-câp hùe mīn-phûe cn̂g kâi bŏi jîo,although she is fifty or sixty years old her face is not at all wrinkled.,228,1,i sûi sĭ ngŏ-lâk-câp hùe mīn-phûe cn̂g kâi bŏi jîo,,true,pending,
007-reading-90cbd452e2f2452f,reading,,jìo kàu ku-ā kâi cńg- kah hûn,scratched so as to leave several marks of the finger nails.,228,1,jìo kàu ku-ā kâi cńg-kah hûn,,true,pending,
007-reading-8190cb9b1ac6c657,reading,,"jīo kàu jît-tàu, ā-sǐ jīo m̄ tîeh, lṳ́ cū hó̤ tńg lâi, màiⁿ cài jīo khṳ̀","pursue him till noon, and if you do not overtake him, then return, and follow him no farther.",228,1,"jīo kàu jît-tàu, ā-sĭ jīo m̄ tîeh, lṳ́ cū hó̤ tńg lâi, màiⁿ cài jīo khṳ̀",,true,pending,
007-reading-549dad55e89c58d2,reading,,sim cē jío tîeh ke-bŭ cū m̄ cěⁿ,"as soon as one's mind is disturbed by domestic matters, he is not tranquil.",228,1,sim cē jío tîeh ke-bŭ cū m̄ cĕⁿ,,true,pending,
007-review-6393e61b6a1931a1,review,,"mûeh hó̤, siu jîp cí lâi","when you have done them all up, put them in here.",228,1,"mûeh hó̤, siu jîp cí lăi",,true,pending,
007-review-365046f66208681a,review,,sìu ngó jío lâng,embroider a five clawed dragon.,228,1,sìu ngó jío lâng,,true,pending,
007-review-90ffe955321a95e4,review,,thi-ⁿě jío-lw̆n,a state of disturbance everywhere.,228,1,thiⁿ-ĕ jío-lw̆n,,true,pending,
007-review-1405f340fc13f351,review,,i kíaⁿ-jit chut jît,to-day is the seventh after the decease.,229,1,i kíaⁿ-jît chut jît,,true,pending,
007-review-9dfd2fe2ea48afec,review,,tōa ău jit,the day after day after to-morrow.,229,1,tōa ău jît,,true,pending,
007-review-32d2a005bed2f8d5,review,,jím jôk,endure reproach.,230,1,jím jô̤k,,true,pending,
007-review-947f1c2a05082ddd,review,,sang tīo jóng hui,cut off the extra expenses.,230,1,sang tīo jóng hùi,,true,pending,
007-reading-13b7a172dc733a03,reading,,lṳ̤́ jû-jîak àiⁿ lâi li kio úa tàⁿ,"if you are coming, then tell me.",231,1,lṳ́ jû-jîak âiⁿ lâi li kio úa tàⁿ,,true,pending,
007-reading-231336c9babd3be2,reading,,sĭ hṳ̤́ kò̤ kâi mîaⁿ jû,it is one of their celebrated scholars.,231,1,sĭ hṳ́ kò̤ kâi mîaⁿ jû,,true,pending,
007-review-70c8ec6cb29ef924,review,,chíaⁿ kuaⁿ jŭ kong-cìaⁿ kâi hieⁿ-sin chut lâi thio-chu,invite the magistrate to instruct the honorable among the village gentry to come forth and arbitrate.,231,1,chíaⁿ kuaⁿ jŭ kong-cìaⁿ kâi hieⁿ-sin chut lâi thîo-chú,,true,pending,
007-review-dfcf581489ad77cc,review,,cáu khṳ̀ ìⁿ-keng jû-jún kâi,what has been laid before the emperor and assented to by him.,231,1,cáu khṳ̀ íⁿ-keng jû-jún kâi,,true,pending,
007-review-48b57b497575571d,review,,"màiⁿ cò̤ sío-jîn jû, tîeh cò̤ kun-cṳ́ jŭ","do not be a pretended scholar, but a real one.",231,1,"màiⁿ cò̤ sío-jîn jû, tîeh cò̤ kun-cṳ́ jû",,true,pending,
007-review-1fb1c2c25c570897,review,,cang ci kĭaⁿ sṳ̄ pí-jŭ,use this as an illustration.,232,1,cang cí kĭaⁿ sṳ̄ pí-jŭ,,true,pending,
007-review-d14ab47f02fd404d,review,,"hùaⁿ nâng ùi i kâi sì, mih sṳ̄ to sĭ júi-júi, nâp-nâp","they all fear his power, and assent to and aquiesce in everything he says.",232,1,,"they all fear his power, and assent to and acquiesce in everything he says.",true,pending,
007-review-46e1ef47a9ef300b,review,,i kâi cí jŭe căi,he is very resolute.,232,1,i kâi cì jŭe căi,,true,pending,
007-review-28a8fb18ea947059,review,,jûe,To work over in the hands; to rub betweenn the two hands; to fumble.,232,1,,To work over in the hands; to rub between the two hands; to fumble.,true,pending,
007-review-f81ceb3afa3ad9bb,review,,pì-jŭ cêk ciah cûn,it may be compared to a boat.,232,1,pí-jŭ cêk ciah cûn,,true,pending,
007-reading-8754b965756f6ea9,reading,,ko̤-îeh jṳ́ pô̤h- pô̤h,spread the ointment very thin.,233,1,ko̤-îeh jṳ́ pô̤h-pô̤h,,true,pending,
007-review-a3f23bd74acc6fc3,review,,hia jṳ́ kui sim,"in remote and in neighboring places, all hearts turn to him.",233,1,hîa jṳ́ kui sim,,true,pending,
007-review-4ca7da562bea1790,review,,"ku ka, tek ka","medical glues, made from tortoise shells and from deer's horns.",234,1,"ku ka, têk ka",,true,pending,
007-reading-3deff88b8c6e975d,reading,,cía cêk ūi sĭ kà-sṳ,this is a learned teacher in that religion.,235,1,cí cêk ūi sĭ kà-sṳ,,true,pending,
007-reading-eeb3f7dc54704c4b,reading,,"i kà cêk kùe cū pat, chong-men̂g căi","if he is once shown how he knows, he is very intelligent.",235,1,"i kà cêk kùe cū pat, chong-mêng căi",,true,pending,
007-reading-f2662971545466c8,reading,,lṳ́ kaî tōa mîaⁿ úa būe cêng chíaⁿ kà,I have not yet asked your name.,235,1,lṳ́ kâi tōa mîaⁿ úa būe cêng chíaⁿ kà,,true,pending,
007-review-23d750a4d50a8c79,review,,"to sĭ aìⁿ kà nâng hó̤, bô̤ kà nàng m̄-hó̤","its aim is to teach people to do well, not to teach them to do evil.",235,1,"to sĭ àiⁿ kà nâng hó̤, bô̤ kà nâng m̄-hó̤",,true,pending,
007-reading-47a53d0c6418e4b9,reading,,"khah jūu, kă m̄tn̆g",it is so tough that I cannot bite it in two.,236,1,"khah ~~jūu~~(jūn), kă m̄ tn̆g",,true,pending,
007-reading-54ae15a4175cf87a,reading,,màiⁿ khṳt i kă tiêh,don't let him bite you.,236,1,màiⁿ khṳt i kă tîeh,,true,pending,
007-review-31695ef4db8cae0a,review,,"hía i cìaⁿ m̄ káⁿ, a!","Would not dare to do it, would be!",236,1,,"Would not dare to do it, would he!",true,pending,
007-reading-dd02f42d21d8020f,reading,,cía ke-húe khût i tú-tú kah ēng,this tool is just exactly adapted to his use.,237,1,cía ke-húe khṳt i tú-tú kah ēng,,true,pending,
007-reading-f333ca39eba88274,reading,,khah-cío kâⁿ châ,"at right angles, as a magpie carries a stick.",237,1,kheh-cío kâⁿ châ,,true,pending,
007-reading-692d169607b82c22,reading,,màiⁿ kah kah miⁿ,do not wrap up too closely.,237,1,màiⁿ kah khah miⁿ,,true,pending,
007-reading-4fcf41a0217f4bf1,reading,,"phû khí lâi khak tōiⁿ, bŏi phàⁿ","they are too heavy, and not at all porous: there is too little yeast in them.",237,1,"phû khí lâi khak tōiⁿ, bŏi phàⁿ：kàⁿ-bó̤ khah cíe",,true,pending,
007-reading-1649fc789e4d3c14,reading,,soiⁿ lâi kah-tàh thóiⁿ hó̤ mē,first try it and see if it fits when inserted.,237,1,soiⁿ lâi kah-tàu thóiⁿ hó̤ mē,,true,pending,
007-review-b7bcfa22a745c058,review,,kah nâng kah nâng kài kìen-sek,each has his own experience.,237,1,kah nâng kah nâng kâi kìen-sek,,true,pending,
007-reading-8242509948b3ccd7,reading,,cí kâi kah hṳ́ kâi cò̤ cêk-ē khiêh khṳ̀,take this and that together in one lot.,238,1,cí kâi kah hṳ́ kâi cò̤ cêk-ē khîeh khṳ̀,,true,pending,
007-reading-5d230f8ed1c92b39,reading,,i kâi mīaⁿ jû chṳ́,his fate is just.,238,1,i kâi mīaⁿ kai jû chṳ́,,true,pending,
007-reading-e77f7a5daea75817,reading,,nâng-nan̂g kâi cai,they all know.,238,1,nâng-nâng kai cai,,true,pending,
007-reading-1d05320b492075ad,reading,,sĭ i kâi ḱn kâi,it is what pertains to his functions.,238,1,sĭ i kai kẃn kâi,,true,pending,
007-reading-4b9bf74535bd424c,reading,,úa kah i sĭ tan̂g sèⁿ,I am of the same surname as he.,238,1,úa kah i sĭ tâng sèⁿ,,true,pending,
007-review-235b6a3b2a96d06d,review,,cèng nâng kai taĭ huaⁿ-hí,all are equally pleased.,238,1,cèng nâng kai tăi huaⁿ-hí,,true,pending,
007-review-19158fafe1527e6e,review,,cì kâi jī kai-kwt cí kúi kâi ì-sṳ̀,this letter contains these several references.,238,1,cí kâi jī kai-kwt cí kúi kâi ì-sṳ̀,,true,pending,
007-review-ec36554e8f9ce34c,review,,hó̤ kéng-kài aŭ nâng,deter those who come after.,238,1,hó̤ kéng-kài ău nâng,,true,pending,
007-review-c2a0b5f8991e75cb,review,,kài-kĭen păng-ok,to build houses.,238,1,kài-kĭen pâng-ok,,true,pending,
007-review-32989620333325a3,review,,kŭ kai cĕk īeⁿ,all are alike.,238,1,kŭ kai cêk īeⁿ,,true,pending,
007-review-ab1b8bbbf0e99da0,review,,lṳ́ eng-kai cìeⁿ-seⁿ ta̤ⁿ,you should say thus.,238,1,lṳ́ eng-kai cìeⁿ-seⁿ tàⁿ,,true,pending,
007-review-43a7853ffb062d46,review,,uá kai hâiⁿ jîeh cōi?,How much ought I to pay?,238,1,úa kai hâiⁿ jîeh cōi ?,,true,pending,
007-reading-d4daff66f5bad1d5,reading,,cêk lîap kâi-cí,mustard seed.,239,1,cêk lîap kài-cí,,true,pending,
007-reading-664a3215a3ce61e5,reading,,cí koiⁿ chù kâi êⁿ khai sòi,the roofbeams of this house are too small.,239,1,cí koiⁿ chù kâi êⁿ khah sòi,,true,pending,
007-reading-016f2b1af0802c70,reading,,i àiⁿ sīm-mih kâi?,What does he want?,239,1,i àiⁿ sĭm-mih kâi ?,,true,pending,
007-review-b6fa01c78ca69f71,review,,i kâi seⁿ-chêng hó̤,his disposition is good.,239,1,i kâi sèⁿ-chêng hó̤,,true,pending,
007-review-51d7a4b521f96926,review,,i kâi ūe cōi căi,ho is a great talker.,239,1,,he is a great talker.,true,pending,
007-review-fec46d7efaa66f66,review,,lṳ́ àiⁿ sò̤i kâi a tōa kâi?,Do you want small ones or large ones?,239,1,lṳ́ àiⁿ sò̤i kâi a tōa kâi ?,,true,pending,
007-review-011242c58d24433f,review,,úa kâi sim lăi sĭ sieh i,1 have an affection for him.,239,1,,I have an affection for him.,true,pending,
007-reading-59dbfd1ed084a29e,reading,,aǹg kâi jît-thâu hìeⁿ tōa,as large as the sun.,240,1,àng kâi jît-thâu hìeⁿ tōa,,true,pending,
007-reading-95912741dfb73e97,reading,,"cía kâi thâu kâi, hṳ́ kâi jī kâi, hṳ́ kâi tŏiⁿ saⁿ kâi","this one is the first one, that the second, and the other the third.",240,1,"cí kâi thâu kâi, hṳ́ kâi jī kâi, hṳ́ kâi tŏiⁿ saⁿ kâi",,true,pending,
007-reading-e6efa2f505a10d14,reading,,u kúi kâi kíaⁿ?,How many children have you?,240,1,ŭ kúi kâi kíaⁿ ?,,true,pending,
007-review-b3a97e3846817b9d,review,,cêk jît kuí kâi sî-sîn?,How many hours in a day?,240,1,cêk jît kúi kâi sî-sîn ?,,true,pending,
007-review-84784faddb7ac60f,review,,cí kâi hó̤ a hṳ́ kâi hó̤?,Which is he better of the two?,240,1,,Which is the better of the two?,true,pending,
007-review-806f4e960db46ae6,review,,"gú-kak, îeⁿ-kak, têk-kak","cow's, ram's, and deer's horns.",240,1,"gû-kak, îeⁿ-kak, têk-kak",,true,pending,
007-review-f394618132b2c36c,review,,"keng, siang, kak, tí, ú, sĭ ngô im",the five tones of musical instruments.,240,1,"keng, siang, kak, tí, ú, sĭ ngŏ im",,true,pending,
007-review-35a635177b065a49,review,,phû khí lâi kak cí phiaⁿ-lî kò̤ oĭ thìaⁿ,when it comes on the pain is right here in the ribs.,240,1,phû khí lâi kak cí phiaⁿ-lî kò̤ ŏi thìaⁿ,,true,pending,
007-reading-3de8a7eecc36e311,reading,,cáu kam hǔam,an escaped prisoner.,241,1,cáu kam hŭam,,true,pending,
007-reading-564f8ea371100186,reading,,cí hûe kak nâng sǐ tó̤ cîah,at this moment every one is eating.,241,1,cí hûe kak nâng sĭ tó̤ cîah,,true,pending,
007-reading-4505f7f545a1499c,reading,,cîah tîeh âu tói ǒi kam; chùi búe ǒi tòa kam,it leaves a pleasant taste in the mouth.,241,1,cîah tîeh âu tói ŏi kam; chùi búe ŏi tòa kam,,true,pending,
007-reading-78d76a3fb44f5d4c,reading,,hó̤-hó̤ kâi hǒ kìe-cò̤ kam-lîm,a refreshing rain is called a timely rain.,241,1,hó̤-hó̤ kâi hŏ kìe-cò̤ kam-lîm,,true,pending,
007-reading-215c9bd09feee0ce,reading,,"jû tó̤ cǒ̤ kam, cŏ̤ lô̤",like being in a dungeon.,241,1,"jû tó̤ cŏ̤ kam, cŏ̤ lô̤",,true,pending,
007-reading-1b5cbb64a997224d,reading,,kah chù kak chù kâi ūe ìm,each place has its particular dialect.,241,1,kak chù kak chù kâi ūe ìm,,true,pending,
007-reading-2f0bf8135fbd5ed1,reading,,kak kok to ǔ nâng kàu cí-kò̤,every country has its representatives here.,241,1,kak kok to ŭ nâng kàu cí-kò̤,,true,pending,
007-reading-c7808d810b2528c3,reading,,kak tī-hng īa ǔ,every place has it.,241,1,kak tī-hng īa ŭ,,true,pending,
007-reading-a029d4512c0f3e55,reading,,ke lǎi kak sṳ̄ sǐ i kẃn,"all the different sorts of affairs in the household, are under her control.",241,1,ke lăi kak sṳ̄ sĭ i kẃn,,true,pending,
007-reading-358c51341644d4e3,reading,,"khó cǐn, kam lâi","when the bitter is exhausted, the sweetness comes.",241,1,"khó cĭn, kam lâi",,true,pending,
007-reading-7c83c3d0ad7d0865,reading,,kǔ kam kit,a voluntary agreement.,241,1,kŭ kam kit,,true,pending,
007-reading-9a0559bf2f0a1c9d,reading,,nâng kak ǔ só̤ chîang,each has his own special gift.,241,1,nâng kak ŭ só̤ chîang,,true,pending,
007-reading-5c7cee850bd0e09d,reading,,soiⁿ khó ǎu kam,first the bitter then the sweet.,241,1,soiⁿ khó ău kam,,true,pending,
007-reading-f6fde29f86ce12a0,reading,,"sĭ kam-cek-píaⁿ, a sĭ kam-cek-ko̤, a sǐ kam-cek-thn̂g?","Is it worm medicine in lumps, in lozenges, or in powder?",241,1,"sĭ kam-cek-píaⁿ, a sĭ kam-cek-ko̤, a sĭ kam-cek-thn̂g",,true,pending,
007-reading-0df7d6c823e5cad6,reading,,sǐang hó̤ kâi kam-cek-îeh,an excellent vermifuge.,241,1,sĭang hó̤ kâi kam-cek-îeh,,true,pending,
007-reading-ed47d7a9a0fc752e,reading,,tàⁿ lâi kak ǔ cêk sueh,in speaking each had his own meaning.,241,1,tàⁿ lâi kak ŭ cêk sueh,,true,pending,
007-reading-6f795a09da76596f,reading,,tŏ̤ kam lǎi ah jîeh kú?,How long has he been kept in custody?,241,1,tŏ̤ kam lăi ah jîeh kú,,true,pending,
007-review-5744495e734a3e83,review,,i kam-ngw̆n sǐu khó,she is willing to undergo hardship.,241,1,i kam-ngw̆n sĭu khó,,true,pending,
007-review-876e2f6140f54d69,review,,i kâi a-nôⁿ kam-cek hǔam-ngan tǎng cǎi,her child has worms so badly as to produce indistinctness of vision.,241,1,i kâi a-nôⁿ kam-cek hŭam-ngán tăng căi,,true,pending,
007-review-41ee8893f32c7351,review,,i sǐ cò̤-pû ciah a sǐ kak nâng kak nâng cîah?,Do they eat together or apart?,241,1,i sĭ cò̤-pû cîah a sĭ kak nâng kak nâng cîah ?,,true,pending,
007-review-86ec65d006dea9b9,review,,kak-kak ̄m̄ sie tâng,each is unlike the others.,241,1,kak-kak m̄ sie tâng,,true,pending,
007-review-277251b6007f0b61,review,,tîeh ŭ cêk kâi nâng tó̤ kam i cò,there must be one person to force him to do it.,241,1,tîeh ŭ cêk kâi nâng tó̤ kam i cò̤,,true,pending,
007-gloss-fd851847605247b3,gloss,,kim-kâm,sugar plums. chùi tèng,242,1,,sugar plums.,true,pending,
007-reading-6c0cc37422e765cd,reading,,bǒi kang bǒi khó,not toilsome.,242,1,bŏi kang bŏi khó,,true,pending,
007-reading-e7abf367f3f2a0d0,reading,,chìn li khṳ̀ kám phǔe,if you are cold go and get under the quilt.,242,1,chìn li khṳ̀ kám phŭe,,true,pending,
007-reading-ce767f03f881f05c,reading,,cí cêk ki pit ío ǒi kâm bâk,this pen holds the ink better.,242,1,cí cêk ki pit ío ŏi kâm bâk,,true,pending,
007-reading-513040bd306749eb,reading,,"cí kǐaⁿ muêh thóiⁿ tîeh kâm cúi kâm cúi nē, téng ǔ tǎng","this seems to be saturated with water, and weighs heavily.",242,1,"cí kĭaⁿ mûeh thóiⁿ tîeh kâm cúi kâm cúi nē, téng ŭ tăng",,true,pending,
007-reading-6019917f11a14c18,reading,,i sĭ teng pě-kang a sĭ teng bó̤-kang?,Is he in mourning for his father or his mother?,242,1,i sĭ teng pĕ-kang a sĭ teng bó̤-kang,,true,pending,
007-reading-a566bf6cdd5eef57,reading,,i thiaⁿ tîeh kâi sim cū kám-tǒng,when he heard it he was much moved.,242,1,i thiaⁿ tîeh kâi sim cū kám-tŏng,,true,pending,
007-reading-0e037ff9b1c5533e,reading,,khim-thien-kàm sĭ lí thien-bûn kâi sṳ̌,the Board of Astronomy regulates astronomical affairs.,242,1,khim-thien-kàm sĭ lí thien-bûn kâi sṳ̆,,true,pending,
007-reading-0defddbeb100fcee,reading,,kiaⁿ kàu phǔe kám miⁿ-miⁿ,so afraid that he hid himself under his coverlet.,242,1,kiaⁿ kàu phŭe kám miⁿ-miⁿ,,true,pending,
007-reading-38e9f47d012b7036,reading,,kám tǒ̤ thô̤ tói,bury it in the ground.,242,1,kám tŏ̤ thô̤ tói,,true,pending,
007-reading-b193d4414f42906d,reading,,kám-mǎuⁿ huang hâng,affected by the weather.,242,1,kám-măuⁿ huang hâng,,true,pending,
007-reading-135c19f6ae5ca168,reading,,kâm lîap kim-kâm,holding a sugar-plum in his mouth.,242,1,chùi tèng kâm lîap kim-kâm,,true,pending,
007-reading-7564c0bb60f90427,reading,,kâm pit cňg bâk kâi nâng,one who follows literary pursuits.,242,1,kâm pit cn̆g bâk kâi nâng,,true,pending,
007-reading-ffa060581690a701,reading,,lǎu-îa kàm tê,the god enjoys the tea.,242,1,lău-îa kàm tê,,true,pending,
007-reading-ac203dd9cad7e7ca,reading,,lṳ́ kâi chùi kâm sǐm-mûeh tǒ̤?,What have you got in your mouth?,242,1,lṳ́ kâi chùi kâm sĭm-mûeh tŏ̤,,true,pending,
007-reading-568eff14de10a2af,reading,,lṳ́ kâi phǔe m̄-hó̤ kám thâu kám hîah,do not cover your head with your coverlet.,242,1,lṳ́ kâi phŭe m̄-hó̤ kám thâu kám hîah,,true,pending,
007-reading-d08568729173d932,reading,,sǐm sĭ kang-lâng,is very wearisome.,242,1,sĭm sĭ kang-lâng,,true,pending,
007-reading-45b75c60f1560689,reading,,thài-kàm sǐ hûang-tì kâi nôⁿ-pôk,the eunuchs are the servants of the Emperor.,242,1,thài-kàm sĭ hûang-tì kâi nôⁿ-pôk,,true,pending,
007-reading-baf6d0f6b055df2d,reading,,tîeh ǒi kang-lâng khak-khó cìaⁿ ǒi tit hó̤,if you can persevere against difficulties all will be well.,242,1,tîeh ŏi kang-lâng khak-khó cìaⁿ ŏi tit hó̤,,true,pending,
007-reading-99577adfe2b284b2,reading,,ǒi kang-khó a bǒi?,Is it difficult to do?,242,1,ŏi kang-khó a bŏi,,true,pending,
007-review-a986c992c0cb3a3e,review,,"i kâi cîⁿ-ngṳ̂n kám lô̤h thô tói, bô̤ nâng cai","buried his money in the earth, where uo one knew of it.",242,1,,"buried his money in the earth, where no one knew of it.",true,pending,
007-review-98fa1e4ea6af253d,review,,kâm cêk chùi cúi,hold a mouthiul of water in the mouth.,242,1,,hold a mouthful of water in the mouth.,true,pending,
007-review-a82af309f8d60119,review,,lṳ́ pat thòiⁿ-kìⁿ lǎu-îa kàm cíu mē?,Have you seen the gods accept the wine?,242,1,lṳ́ pat thóiⁿ-kìⁿ lău-îa kàm cíu mē ?,,true,pending,
007-reading-1b9abce97ea4336a,reading,,cêng tŏng kang a būe? Is the work begun yet?,tiang-sî heng kang? When is the work to begin?,243,1,cêng tŏng kang a būe,,true,pending,
007-reading-f58541b3db715664,reading,,i cêng tŏ̤ khî-kang a m̄ cen̂g?,Was he there or not?,243,1,i cêng tŏ̤ khî-kang a m̄ cêng,,true,pending,
007-review-d8ac61d1b9ad6963,review,,chìaⁿ sai-pĕ cîah ŵn kang cíu,invite the master-workmen to drink wine on the completion of the work.,243,1,chíaⁿ sai-pĕ cîah ŵn kang cíu,,true,pending,
007-review-27665105c0f2ff1e,review,,"câp kang cū sĭ kah, it, píaⁿ, teng, bō, kí, keⁿ, sin, jîm, kùi kah it sĭ sôk bâk, píaⁿ teng sĭ sôk húe, bō kí sĭ sôk thó, keⁿ siu sĭ sôk kim, jîm kùi sĭ sôk cúi","these are the names of the periods in the cycle of ten: the first and second belong to wood, the third and fourth to fire, the fifth and sixth to earth, the seventh and eight to metals, and the ninth and tenth to water.",243,1,"câp kang cū sĭ kah, it, píaⁿ, teng, bō, kí, keⁿ, sin, jîm, kùi: kah it sĭ sôk bâk, píaⁿ teng sĭ sôk húe, bō kí sĭ sôk thó, keⁿ sin sĭ sôk kim, jîm kùi sĭ sôk cúi",,true,pending,
007-review-ba6efdc39a658a70,review,,"cêk ni-kang, lâi nŏ̤ hûe",comes twice a year.,243,1,"cêk nî-kang, lâi nŏ̤ hûe",,true,pending,
007-review-dd23df44bbcaaa1f,review,,cêng tŏng kang a būe? Is the work begun yet?,tiang-sî heng kang? When is the work to begin?,243,1,cêng tŏng kang a būe,Is the work begun yet?,true,pending,
007-review-0941d6287d254105,review,,cò̤ mih sṳ̂ tîeh ŭ kang sîang,in whatever one does the obligations of morality must be remembered.,243,1,cò̤ mih sṳ̄ tîeh ŭ kang sîang,,true,pending,
007-review-52f3f9793005b874,review,,ēng nâng tò̤ tok kang,some one must superintend the work.,243,1,ēng nâng tó̤ tok kang,,true,pending,
007-review-016ac491faaff46d,review,,ēng sĭm-mih kang thîaⁿ?,How much work is it?,243,1,ēng sĭm-mih kang thîaⁿ,,true,pending,
007-reading-0474493b9db80e13,reading,,"aìⁿ cìeⁿ-seⁿ tàⁿ le hûang-tì kâi kang suaⁿ, mng bw̄n-bw̄n nî ló","if it be as you say, then the empire is everlasting.",244,1,"àiⁿ cìeⁿ-seⁿ tàⁿ le hûang-tì kâi kang suaⁿ, mng bw̄n-bw̄n nî ló",,true,pending,
007-reading-899dd83829c9d8d9,reading,,cí īeⁿ sṳ̄ kâi kang-lîak tōa,the efficacy of this is great.,244,1,cí īeⁿ sṳ̄ kâi kang-lâk tōa,,true,pending,
007-reading-3faedc5dac37cb86,reading,,cía sĭ lau-kang-ô,this is an old traveller; one who knows a ruse.,244,1,cía sĭ lău-kang-ô,,true,pending,
007-reading-5125daf3672ebdfe,reading,,kang tîeh cìeⁿ-seⁿ ēng cìaⁿ sĭ en huap,expend your strengh thus and that will be according to the right method.,244,1,kang tîeh cìeⁿ-seⁿ ēng cìaⁿ sĭen huap,,true,pending,
007-review-973df09910a27835,review,,"chîang kang, tăi hó̤",a long and great river; the Yangtse.,244,1,"chîang kang, tăi hô̤",,true,pending,
007-review-f1d7c772a62a1d13,review,,iu kang,to seduce.,244,1,íu kang,,true,pending,
007-review-4ba2fb66f7bd5076,review,,kang tîeh cìeⁿ-seⁿ ēng cìaⁿ sĭ en huap,expend your strengh thus and that will be according to the right method.,244,1,kang tîeh cìeⁿ-seⁿ ēng cìaⁿ sĭen huap,expend your strength thus and that will be according to the right method.,true,pending,
007-reading-ad034d0a5b4d85f1,reading,,cí kâi nâng lṳ́ng-kàng,this person has fine executive ability.,245,1,cí kâi nâng lêng-kàng,,true,pending,
007-reading-c3e45945e37ecd55,reading,,cía sĭ tī cêk káng mâng kâi?,From what port is this brought?,245,1,cía sĭ tī cêk káng mn̂g kâi,,true,pending,
007-review-50c6731021eb537e,review,,cêk câi ŭ káng bw̄n tàⁿ,there were fully ten thousand piculs in the load.,245,1,cêk cāi ŭ káng bw̄n tàⁿ,,true,pending,
007-review-d66194274375bd92,review,,"cìa sĭ káng khueh, a sĭ hŵn khueh?",Does this require prolonged labor or not?,245,1,"cía sĭ káng khueh, a sĭ hŵn khueh",,true,pending,
007-review-aa0371164677c7d1,review,,i sĭ tó̤ káng kó a,lie is narrating old stories; is talking about old times.,245,1,,he is narrating old stories; is talking about old times.,true,pending,
007-review-5bef8debd479d738,review,,káng-kói,to expouud.,245,1,,to expound.,true,pending,
007-reading-d48624bacc6d41b5,reading,,kap-pô̤ thìo hn̆g sīm kú,"after a long leap, the toad rests a long time.",246,1,kap-pô̤ thìo hn̆g sĭm kú,,true,pending,
007-reading-47e9e1c0ce673651,reading,,tâng cîⁿ kap pńg kāi,joint capital.,246,1,tâng cîⁿ kap pńg kâi,,true,pending,
007-review-7a457d433c10013e,review,,cang pât sṳ̄ lái kòng kàng,give reproof by innuendo.,246,1,cang pât sṳ̄ lâi kòng kàng,,true,pending,
007-review-06f5fdbc5d43d40e,review,,cía ūe lṳ́ ŭ kāng i tàⁿ a bô?,Did you tell him this or not?,246,1,cía ūe lṳ́ ŭ kāng i tàⁿ a bô̤,,true,pending,
007-review-e8cb3c98a54aa5d6,review,,i khó-khó káng-có̤,he put a stop to it by giving unpalatable advice.,246,1,i khó-khó kàng-có̤,,true,pending,
007-review-1cbba9af6b769cd6,review,,kap tit bûa kap m̄ bûa?,Do they fit in to each other so as to join or not?,246,1,kap tit bûa a kap m̄ bûa ?,,true,pending,
007-review-361505c985f27f37,review,,kap-páng cún,a ship.,246,1,kap-páng cûn,,true,pending,
007-review-1bbfdb5c0ed697b3,review,,kíaⁿ kap-páng,be a sailor on board a ship.,246,1,kîaⁿ kap-páng,,true,pending,
007-review-29b3171293312591,review,,maiⁿ kāng i khṳ̀,do not go with him.,246,1,màiⁿ kāng i khṳ̀,,true,pending,
007-reading-e29d26c870825b84,reading,,cí kâi sîn-seⁿ sĭm kau mîaⁿ,this teacher has a great name.,247,1,cí kâi sin-seⁿ sĭm kau mîaⁿ,,true,pending,
007-review-726095c7a7534636,review,,kau-ìⁿ,an arm chair.,247,1,kau-íⁿ,,true,pending,
007-review-85d63b94ea0ba24d,review,,ngō̤ tîeh cí hûe kau-héng,it happens that he is just now much elated.,247,1,ngŏ̤ tîeh cí hûe kau-hèng,,true,pending,
007-review-47482d6340d353b7,review,,tŏ̤ cí gūa kau phêng chú íu tiêh ŭ sín,in forming friendships out here one has to exercise faith.,247,1,tŏ̤ cí gūa kau phêng chú íu tîeh ŭ sìn,,true,pending,
007-review-34a8ddda959fe140,review,,"cí cho̤h châng múa-tī-kò kâi kau-khut chim, cúi ŭaⁿ to m̄ ùi","in these fields hereabouts the ditches and ponds are deep, and there is no fear of danger from drought.",248,1,"cí cho̤h châng múa-tī-kò̤ kâi kau-khut chim, cúi ŭaⁿ to m̄ ùi",,true,pending,
007-review-a29ea698bb0dd4c7,review,,cúi kau sak khṳ̀; khîeh ki mûeh khù thn̄g i thong,"the drain is clogged, get something and poke it open.",248,1,"cúi kau sak khṳ̀, khîeh ki mûeh khṳ̀ thn̄g i thong",,true,pending,
007-review-b6546e2ce7f11c5b,review,,kho káu khṳ̀ ciah,call the dog to its food.,248,1,kho káu khṳ̀ cîah,,true,pending,
007-review-b8f9cda0b8c73f35,review,,lì ke choiⁿ lí màiⁿ cîah káu-kí,"when a thousand miles from home, one should not eat barberry preserves.",248,1,lî ke choiⁿ lí màiⁿ cîah káu-kí,,true,pending,
007-review-53cd5d29a926a2cb,review,,o-cí-kau phûe-bé-kùa cêk kâi ēng jìeh cōi ngṳ̂n?,How much does a riding jacket of naturally black lamb skin cost?,248,1,o-cí-kau phûe-bé-kùa cêk kâi ēng jîeh cōi ngṳ̂n ?,,true,pending,
007-reading-54d21ac6e2bf124f,reading,,cía sí kàu-kâi kâi,this is a whole one.,249,1,cía sĭ kàu-kâi kâi,,true,pending,
007-reading-9b41a97010013a14,reading,,khut i thit-thô̤ kàu kàu,let him amuse himself as much as he pleases.,249,1,khṳt i thit-thô̤ kàu kàu,,true,pending,
007-reading-a128f4dbd79ae556,reading,,nín ke lǎi kâi gûeh câp-kâi-ngṳ̂n kàu nín sṳ-hùi mĕ?,Is ten dollars a month sufficient to meet the expenses of your household?,249,1,nín ke lăi kâi gûeh câp-kâi-ngṳ̂n kàu nín sṳ-hùi mĕ,,true,pending,
007-reading-77be9281983803b3,reading,,phah kàu phàaⁿ-sìeⁿ,beat so much as to maim.,249,1,phah kàu phùaⁿ-sìeⁿ,,true,pending,
007-review-2dcfef86ff9d937d,review,,a-phìen thô bói kàu lîap ŏi ío phíⁿ mē?,Is opium cheaper if you buy a whole ball?,249,1,a-phìen thô bói kàu lîap ŏi ío phīⁿ mē,,true,pending,
007-review-2f0de32b9d693378,review,,"i sĭeⁿ tit kàu, ua sĭeⁿ m̄ kàu","he thought of it, but I did not.",249,1,"i sĭeⁿ tit kàu, úa sĭeⁿ m̄ kàu",,true,pending,
007-review-7d942f871452a923,review,,kiaⁿ kàu hêk,walked until tired.,249,1,kîaⁿ kàu hêk,,true,pending,
007-review-dc31e123dc8d1ca7,review,,kàu a m̄ kàu?,there enough of it?,249,1,,Is there enough of it?,true,pending,
007-review-e336bb4160bca2d8,review,,lṳ́ àiⁿ kàu tī kó̤?,Whither are you going?,249,1,lṳ́ àiⁿ kàu tī kò̤ ?,,true,pending,
007-review-5f849a8af20121ba,review,,siu-sîp káu iap-thiap iap-thiap,arranged in the neatest manner.,249,1,siu-sîp kàu iap-thiap iap-thiap,,true,pending,
007-reading-bf4a94f0348d6cfa,reading,,i său kùe i kâi kău hŭi,he has experienced his magnanimity; he has received a liberal donation from him.,250,1,i sĭu kùe i kâi kău hŭi,,true,pending,
007-reading-2f8c9daa6501461d,reading,,kauh kàu thăng kîeh cū phùa,"it has become so tender by long continued dampness that, if you touch it, it tears.",250,1,kauh kàu thăng tîeh cū phùa,,true,pending,
007-reading-68b5a38383f72bfb,reading,,khang kâu kâi tó̤d phò kha khṳt cîⁿ,one who leads a monkey about is before the shop begging cash.,250,1,khang kâu kâi tó̤ phò kha khṳt cîⁿ,,true,pending,
007-review-f9dc07bd01338df1,review,,"hín-khek íⁿ-keng cîaⁿ ke, cîaⁿ tàu",has now a home of his own.,250,1,"hīn-khek íⁿ-keng cîaⁿ ke, cîaⁿ tàu",,true,pending,
007-review-1aa06640940f1310,review,,tōa kî khṳt i nŏ ē kauh cū bûa,he rolled up the large flag by two sudden jerks.,250,1,tōa kî khṳt i nŏ̤ ē kauh cū bûa,,true,pending,
007-reading-38793dceefd0768f,reading,,ke kŭi nî cū hó̤ chūa bó̤,"in a few years more, he may bring home a wife.",251,1,ke kúi nî cū hó̤ chūa bó̤,,true,pending,
007-reading-bdcbfb289d69bd3b,reading,,cí kâi khiah-kha sĭ sûi nîe kè kâi,this large footed maid came with her mistress when the latter entered the family.,252,1,cí kâi chiah-kha sĭ sûi nîe kè kâi,,true,pending,
007-review-7bd6cebe6ef21077,review,,cí tîo lō kûiⁿ kĕ-kĕ o̤h kîaⁿ,this road is very uneven and difficult to travel.,252,1,cí tîo lō kûiⁿ-kûiⁿ kĕ-kĕ o̤h kîaⁿ,,true,pending,
007-review-65f299f51041d15f,review,,háiⁿ m̄ kàu kè,paid less than the price.,252,1,hâiⁿ m̄ kàu kè,,true,pending,
007-review-5c0662accf0bb432,review,,i kâi khek chie lâi ŭ kûiⁿ ŭ kĕ hó̤ thiaⁿ,"he chants his ballads in diverse notes, pleasant to the ear.",252,1,i kâi khek chìe lâi ŭ kûiⁿ ŭ kĕ hó̤ thiaⁿ,,true,pending,
007-review-00c9e74b10893fbf,review,,i kâi mó̤ⁿ-kha seⁿ khah kĕ,her hair grows too low on her forehead.,252,1,i kâi mô̤ⁿ-kha seⁿ khah kĕ,,true,pending,
007-review-2eb8a7835429a0e9,review,,kè cêk tîo pang-kîe cū hó̤ kîaⁿ kùe khù,lay down a board as a bridge then we can cross over.,252,1,kè cêk tîo pang-kîe cū hó̤ kîaⁿ kùe khṳ̀,,true,pending,
007-review-fce9e8c7f7964521,review,,"kè koi tùe koi pue, kè káu tùe káu cán","if you marry a cock you thereafter fly, if you marry a dog you thereafter trot; the wife takes the social station of her husband.",252,1,"kè koi tùe koi pue, kè káu tùe káu cáu",,true,pending,
007-review-fc08a8f7faaf985f,review,,liah khù taⁿ kê,seized and put in the cangue.,252,1,lîah khṳ̀ taⁿ kê,,true,pending,
007-review-07cce97e4359ad74,review,,sîn-sien lâng līo cíⁿ bí kè,the gods even find it difficult to estimate the rate of exchange and the cost of rice.,252,1,sîn-sien lâng līo cîⁿ bí kè,,true,pending,
007-reading-9c0f6ccab7be804f,reading,,"i sĭ gê-mn̂g kâi keh tîah, in-ûi gō kong sṳ̄ keh-thò̤ kâi",he is a constable who has been dismissed on account of having blundered in public business.,253,1,"i sĭ gê-mn̂g kâi keh hîah, in-ûi gō kong sṳ̄ keh-thò̤ kâi",,true,pending,
007-review-502e2817e8758be3,review,,iⁿ-keng chut keh-tîo lío,has already issued a notice of dismissal.,253,1,íⁿ-keng chut keh-tîo lío,,true,pending,
007-review-11c23148b56af3f1,review,,"kéⁿ tŏ̤ âu-lêng kò̤, bŏi tit lô̤h",stuck in hia throat and would not go down.,253,1,,stuck in his throat and would not go down.,true,pending,
007-review-30499625b5d1a9f3,review,,tìam kit kéⁿ,sweet lime stems.,253,1,tîam kit kéⁿ,,true,pending,
007-reading-b1c340f00029264a,reading,,"i kh̤t nâng kek tīo lío bŏi tit tńg lâi, tó̤ hṳ́-kò̤ sí khṳ̀","being cast off by them, he could not return, and died there.",254,1,"i khṳt nâng kek tīo lío bŏi tit tńg lâi, tó̤ hṳ́-kò̤ sí khṳ̀",,true,pending,
007-review-1f768ce2a2edaaa9,review,,cò cêk keh cêk keh,make spaces divided from each other by straight lines.,254,1,cò̤ cêk keh cêk keh,,true,pending,
007-review-a140c9f9e6097cc8,review,,kêh tîeh i cū m̄ hàuⁿ,if yon are refractory he will not consent.,254,1,,if you are refractory he will not consent.,true,pending,
007-review-283e2a98a08ac412,review,,kò̤-kêh,"to delay, to impede.",254,1,kô̤-kêh,,true,pending,
007-review-9fac9b9e0d95b03a,review,,pàng tŏ̤ tī cék keh?,Which space shall I put it in?,254,1,pàng tŏ̤ tī cêk keh ?,,true,pending,
007-review-d9e20406008f5f2f,review,,tîeh khieh mûeh teh kín cìaⁿ bŏi cáu keh,"you must set something on it, then it will not get out of place.",254,1,tîeh khîeh mûeh teh kín cìaⁿ bŏi cáu keh,,true,pending,
007-review-da68da1c9f3a9b6d,review,,chíaⁿ nâng có̤ phien kek-bûn,ask some one to draw up an exciting proclamation.,255,1,chíaⁿ nâng cò̤ phien kek-bûn,,true,pending,
007-review-593e77a84ab29351,review,,i tó̤ cò̤ îu-kek,he acts as lieutenant colonel.,255,1,,he acts as lieutenant-colonel.,true,pending,
007-review-86582ae0d9299faf,review,,"lâi sie tàu keng, keng thóiⁿ tī-tîang îaⁿ",let us pit ourselves against each other and see who ia the strongest.,255,1,,let us pit ourselves against each other and see who is the strongest.,true,pending,
007-reading-81fe9baaae085082,reading,,i mîaⁿ-ko keng-îong,he is apt in the calculation of ways and means.,256,1,i mîaⁿ-ke keng-îong,,true,pending,
007-reading-7d8aa1adf58f22b1,reading,,thâu hōⁿ kâi tăng keng jîeh cōi kṳn?,How many pounds weight is required to draw the largest of these cross-bows?,256,1,thâu hō̤ kâi tăng keng jîeh cōi kṳn ?,,true,pending,
007-review-c99664f7124a9f2f,review,,cia sĭ thong keng lôk kâi îeh,this medicine is one that goes through all the blood vessels.,256,1,cía sĭ thong keng lôk kâi îeh,,true,pending,
007-review-b372c24890efe6c8,review,,i tó̤ khui keng-ciⁿ phò,he keeps a shop for the sale of bows and arrows.,256,1,i tó̤ khui keng-cìⁿ phò,,true,pending,
007-review-8d9276192c172eea,review,,keng la kàn múaⁿ-múaⁿ,draw a bow to its utmost stretch.,256,1,keng la kàu múaⁿ-múaⁿ,,true,pending,
007-review-7b109ca40a9b89b0,review,,kéng,A prospect; a fine view; a good site; aspecte; circumstances.,256,1,,A prospect; a fine view; a good site; aspect; circumstances.,true,pending,
007-review-54f72d393a35e39c,review,,phah ló̤h né keng,sent to the palace for discarded concubines.,256,1,phah lô̤h né keng,,true,pending,
007-review-eda67ce670f347e6,review,,sĭ úa keng chìu cò̤ kâi,it went through my hands.,256,1,sĭ úa keng chíu cò̤ kâi,,true,pending,
007-review-eebad66a385500eb,review,,"i kâi thiap cò̤-nî chut cò ki-hôk hu, bô̤ chut cò̤ cĭang-ki hu?","How is it that the notice she has issued of her husband's funeral says ""mourning"" instead of ""deep mourning""?",257,1,"i kâi thiap cò̤-nî chut cò̤ ki-hôk hu, bô̤ chut cò̤ cĭang-ki hu ?","How is it that the notice she has issued of her husband's funeral says ""mourning"" instead of ""deep mourning""?",true,pending,
007-reading-88fa6954ace952ad,reading,,"bô̤ lṳ́ cí ki tek-kía̤, cū pâk m̄ cîaⁿ pâi!",And you suppose that if we do not have this little bamboo pole of yours we cannot then make up the raft!,258,1,"bô̤ lṳ́ cí ki tek-kíaⁿ, cū pâk m̄ cîaⁿ pâi !",,true,pending,
007-reading-90aad959df67fb87,reading,,cí ki pîaⁿ-bó ŭ jîeh cōi nâng?,How many men are there in this detachment of troops?,258,1,cí ki piaⁿ-bé ŭ jîeh cōi nâng ?,,true,pending,
007-reading-e103bd380138a11b,reading,,"i ki ke-hú ngĕ căi, cêk ki hó̤ thâi îaⁿ câp ki","his weapons are very hard, so that one of them will outlast ten other ones in a fight.",258,1,"i ki ke-húe ngĕ căi, cêk ki hó̤ thâi îaⁿ câp ki",,true,pending,
007-review-1f7ff6713a4bbd05,review,,cn̂g ki cò̤ cē àn khṳ̀,the whole stick has decayed throughout its length.,258,1,cn̂g ki cò̤ cē àu khṳ̀,,true,pending,
007-review-73f8efc9ff9989c4,review,,cí kò tī sĭ i soiⁿ tiang-sîo kâi chù-ki,this is the site of his former house.,258,1,cí kò̤ tī sĭ i soiⁿ tiang-sî kâi chù-ki,,true,pending,
007-review-a5546b998ed8bdd8,review,,"hâiⁿ kàu taⁿ le, khìam i kâi mih sṳ̄?","having made payments along until now, owes no great amount.",258,1,"hâiⁿ kàu taⁿ le, khìam m̄ ki",,true,pending,
007-review-d8900b149437fd9c,review,,"hṳ́ kâi a-noⁿ-kíaⁿ bô sĭm-mih kṳn-ki, cí kâi a-noⁿ-kíaⁿ kṳn-ki cū kien-kù","that child has not much physical stamina, this one has a constitution that can stand a strain.",258,1,"hṳ́ kâi a-noⁿ-kíaⁿ bô̤ sĭm-mih kṳn-ki, cí kâi a-noⁿ-kíaⁿ kṳn-ki cū kien-kù",,true,pending,
007-review-e4a52670a886f4d1,review,,ki,To ask the spirits to decide; seek counsel or aid of spirits.,258,1,,To ask the spirits to decide; to seek counsel or aid of spirits.,true,pending,
007-review-99efde29fe31cbc9,review,,ki-cí ŭ jieh khuah?,How broad is the base?,258,1,ki-cí ŭ jîeh khuah ?,,true,pending,
007-review-3efed4055f551ff3,review,,ki-hng kâi tī-hng ŭ jieh khuah?,Over how wide a region does the famine extend?,258,1,ki-hng kâi tī-hng ŭ jîeh khuah?,,true,pending,
007-review-b8448443264835c1,review,,"kiaⁿ kàu ki-ki-hu jît-àm thóiⁿ-m̄-kìⁿ lō, cìaⁿ kàu","went on till it was very nearly dark, and we could scarcely see the road, when we arrived.",258,1,"kîaⁿ kàu ki-ki-hu jît-àm thóiⁿ-m̄-kìⁿ lō, cìaⁿ kàu",,true,pending,
007-review-f020a987a12c79c0,review,,"phìn-khîong kâi nâng sĭu ki sĭu hâng, chám căi; pù kâi nâng cū ío kōi, būe ki li cū cìn cîah, bûe hâng li cū cìn i","the poor suffer hunger and cold and are distressed: the rich have an easier time, for before they are hungry food is brought them and before they are cold their clothes made ready for them to put on.",258,1,"phîn-khîong kâi nâng sĭu ki sĭu hâng, chám căi : pù kâi nâng cū ío kōi, būe ki li cū cìn cîah, bûe hâng li cū cìn i",,true,pending,
007-reading-7243d7b52990fdd9,reading,,cang ūe ki-chǹg,jeered at him.,259,1,cang ūe ki-chǹg i,,true,pending,
007-reading-deac950dc9296750,reading,,"cèng cîⁿ m̄ siêh, kí cîⁿ bô̤","if you are not saving of the common fund, your own share will he missing.",259,1,"cèng cîⁿ m̄ sieh, kí cîⁿ bô̤",,true,pending,
007-reading-21a62a0e7db17da8,reading,,kí-lôk cêk chṳ̤̀,honorably recorded in the Civil Office.,259,1,kí-lôk cêk chṳ̀,,true,pending,
007-review-ca8f85cd31335d32,review,,nî iⁿ-keng kîp ki,she is now of a marriageable age.,259,1,nî íⁿ-keng kîp ki,,true,pending,
007-reading-851d4f4a063913b7,reading,,"Stăi-cheng-kok kâi kî-hō̤ sĭ ēng saⁿ-kak n̂g kî, tìn-tang ūe lêng kâi","the Chinese flag is a yellow triangular one, with a dragon in the centre.",260,1,"tăi-cheng-kok kâi kî-hō̤ sĭ ēng saⁿ-kak n̂g kî, tìn-tang ūe lêng kâi",,true,pending,
007-reading-8bf4b077efacf706,reading,,"i âi kî ío tōiⁿ, lṳ́ kâi kî teh i m̄ kùe","he is a better player than you, and you cannot win the game against him.",260,1,"i kâi kî ío tōiⁿ, lṳ́ kâi kî teh i m̄ kùe",,true,pending,
007-reading-f6e6f5b3d79d9e7d,reading,,sí kĭaⁿ sṳ̄ kiaⁿ tèng cò̤-nî kì?,What is written in the scriptures in regard to this?,260,1,cí kĭaⁿ sṳ̄ kiaⁿ tèng cò̤-nî kì ?,,true,pending,
007-reading-e731f31728317a2b,reading,,"sĭ àⁿ teh chĭeⁿ-kî, a teh ûi-kî?",Shall we play chess or draughts?,260,1,"sĭ àiⁿ teh chĭeⁿ-kî, a teh ûi-kî ?",,true,pending,
007-review-369e2034c16190b7,review,,"ki sĭ thóiⁿ-kìn, cò̤-nî m̄ pat i?",Since you have seen him why do you not know him?,260,1,"kì sĭ thóiⁿ-kìⁿ, cò̤-nî m̄ pat i ?",,true,pending,
007-review-a904dc35296e5d58,review,,taⁿ cí cêk tieh kî cū cûah tōa-bó-mûeh,this set of chess-men now lacks ever so many of being complete.,260,1,taⁿ cí cêk tieh kî cū cûah tōa-bó̤-mûeh,,true,pending,
007-reading-987f48f4e3ffb823,reading,,cí kǐaⁿ sṳ̄ tó̤ cí kâi tī-hng sĭ tōa pī-kĭ kái,in this region the utmost pains is taken to avoid doing this.,261,1,cí kĭaⁿ sṳ̄ tó̤ cí kâi tī-hng sĭ tōa pī-kĭ kâi,,true,pending,
007-reading-c6eed7695b098644,reading,,cò̤ mih sṳ̄ to bô̤ kĭ-tǎng,he acts without respect for anybody.,261,1,cò̤ mih sṳ̄ to bô̤ kĭ-tăng,,true,pending,
007-reading-691c8886d5326e70,reading,,hŭam sṳ̄ to tiêh kìⁿ kiⁿ,for everything there must be a perceptible opening.,261,1,hŭam sṳ̄ to tîeh kìⁿ kiⁿ,,true,pending,
007-reading-9e73cd09418506b9,reading,,kî-jîn sǐ hun cò̤ poih kî,the bannermen are divided into eight corps.,261,1,kî-jîn sĭ hun cò̤ poih kî,,true,pending,
007-reading-388d0cf4b2fe4580,reading,,móng jît móng kuaⁿ khṳ̀ pǐ kìⁿ,on a certain day a certain ofiicer was admitted to an audience.,261,1,móng jît móng kuaⁿ khṳ̀ pĭ kìⁿ,,true,pending,
007-reading-17e1116fc3b25408,reading,,úa tâng-cá to hieh-kìⁿ li,a little while ago I saw it in turning over the leaves.,261,1,úa tâng-cá to hien-kìⁿ li,,true,pending,
007-reading-a19c92753383778c,reading,,"ŭ nâng cò̤ cêk kĭaⁿ sṳ̄ cū kĭ cìeⁿ kĭ hìeⁿ, úa li lóng-cóng bô̤ kǐ","some people, in doing things, shun this and shun that in superstitious fear: as for me I do not shrink from doing things at any time whatever.",261,1,"ŭ nâng cò̤ cêk kĭaⁿ sṳ̄ cū kĭ cìeⁿ kĭ hìeⁿ, úa li lóng-cóng bô̤ kĭ",,true,pending,
007-review-3c80ca786f14db72,review,,ci kâi nâng hó̤ kìⁿ-châi,this person has a fine memory.,261,1,cí kâi nâng hó̤ kìⁿ-châi,,true,pending,
007-review-9091d063f91ba7fa,review,,màiⁿ khṳt i kìn tāⁿ khṳ̀,do not err in recording it.,261,1,màiⁿ khṳt i kìⁿ tāⁿ khṳ̀,,true,pending,
007-review-25e6c320288cfbea,review,,móng jît móng kuaⁿ khṳ̀ pǐ kìⁿ,on a certain day a certain ofiicer was admitted to an audience.,261,1,móng jît móng kuaⁿ khṳ̀ pĭ kìⁿ,on a certain day a certain officer was admitted to an audience.,true,pending,
007-review-dc8ab8e82c98f244,review,,"ŭ ā, sĭ lṳ̀ m̄ kìⁿ-tit khṳ́","yes there was some, but you have forgotten it.",261,1,"ŭ ā, sĭ lṳ́ m̄ kìⁿ-tit khṳ̀",,true,pending,
007-reading-d01c1ec22d217727,reading,,kia-jîn phûe châi-cṳ́,a beautiful lady matched with a talented man.,262,1,kia-jîn phùe châi-cṳ́,,true,pending,
007-reading-71456f362d6f2174,reading,,"tŏ̤ tî kîⁿ, tìeⁿhṳ̂","on the margin of the pool, fishing with hook and line.",262,1,"tŏ̤ tî kîⁿ, tìeⁿ hṳ̂",,true,pending,
007-review-23dc4496fca23c2f,review,,kò kía,ask leave of absence.,262,1,kò̤ kía,,true,pending,
007-reading-6a33f3b87cc5bfb7,reading,,i thiaⁿ-tîeh sim sĭ kiaⁿ-hâi,when she heard it she was very much startled.,263,1,i thiaⁿ-tîeh sĭm sĭ kiaⁿ-hâi,,true,pending,
007-reading-f863b94b0896c7da,reading,,"lú àiⁿ kìa sìn khṳ̀ chù mē? àiⁿ li, úa kò̤ sìn thòa kìa lṳ́","Are you going to send a letter home? If so, I will send one along with it.",263,1,"lṳ́ àiⁿ kìa sìn khṳ̀ chù mē ? àiⁿ li, úa kò̤ sìn thòa kìa lṳ́",,true,pending,
007-reading-8795f0e07ffbdb88,reading,,kiaⁿ kàu îang pûah lô̤h,so frightened that she fell down in a swoon.,264,1,kiaⁿ kàu îang pûah lô̤h khṳ̀,,true,pending,
007-reading-f0532d63fcd389cb,reading,,sang kha kíakíaⁿ ìuⁿ-ìuⁿ,very small feet.,264,1,sang kha kíaⁿ ìuⁿ-ìuⁿ,,true,pending,
007-review-5a0ac128d9ecb5a4,review,,ah kíaⁿ,a duckling.,264,1,,a ducking.,true,pending,
007-review-237daa40ca3accc1,review,,cìe-siu kìaⁿ,a looking-glass.,264,1,cìe-sin kìaⁿ,,true,pending,
007-review-cfba2cbc897eb347,review,,"i bô táⁿ, ùi-kiaⁿ",he is easily frightened.,264,1,"i bô̤ táⁿ, ùi-kiaⁿ",,true,pending,
007-reading-e4c19edad23e309d,reading,,būe ô̤h kîaⁿ soiⁿ ô̤ pue,learn to fly before learning to walk.,265,1,būe ô̤h kîaⁿ soiⁿ ô̤h pue,,true,pending,
007-reading-18db5fc77d70c9c3,reading,,kha thìaⁿ bōi kîaⁿ,has a sore foot and cannot walk.,265,1,kha thìaⁿ bŏi kîaⁿ,,true,pending,
007-review-a6c75e3dccfc8b81,review,,cí kâi sṳ̂ kîaⁿ m̄ khṳ̀,this cannot be effected.,265,1,cí kâi sṳ̄ kîaⁿ m̄ khṳ̀,,true,pending,
007-review-6eb6f26eaafea3a5,review,,cí kĭaⁿ sū chíaⁿ tī-tîang chut lâi kîaⁿ?,Whom will you invite to take the lead in this matter?,265,1,cí kĭaⁿ sṳ̄ chíaⁿ tī-tîang chut lâi kîaⁿ ?,,true,pending,
007-review-ba0d7721ff00e202,review,,i kâi ṳ̄ kĭaⁿ cōi,he has much business.,265,1,i kâi sṳ̄ kĭaⁿ cōi,,true,pending,
007-review-a67bdd7dc24ab42a,review,,kìaⁿ bô̤ ŭa-hn̆g,had not gone far.,265,1,kîaⁿ bô̤ ŭa-hn̆g,,true,pending,
007-review-11ccd52c0a34c4c3,review,,kîaⁿ hoh hn̆g,walked a great distance.,265,1,kîaⁿ ho̤h hn̆g,,true,pending,
007-review-9d3a8ff42a0c636a,review,,kîaⁿ kè kâi jit-cí,the wedding day.,265,1,kîaⁿ kè kâi jît-cí,,true,pending,
007-review-01bed10ac244c80f,review,,"lṳ́ sĭ pō kîaⁿ lâi, a sĭ cŏ̤ kîe kîaⁿ?","Did you come on foot, or in a chair?",265,1,"lṳ́ sĭ pō kîaⁿ lâi, a sĭ cŏ̤ kīe lâi ?",,true,pending,
007-review-a5750ee1c80babff,review,,lṳ́ àiⁿ bói kàu kĭaⁿ li cū sǹg phîⁿ cē,if you are going to buy the whole lot I will let you have them a little cheaper.,265,1,lṳ́ àiⁿ bói kàu kĭaⁿ li cū sǹg phīⁿ cē,,true,pending,
007-review-fc52f3f635966d25,review,,úa thiaⁿ-kìⁿ cí kĭaⁿ sṳ̄ sĭ chíaⁿ móng kong-chin chut lâi ⁿ tît lío,I heard that this matter had been placed in the hands of a certain middle-man and that he had settled it.,265,1,úa thiaⁿ-kìⁿ cí kĭaⁿ sṳ̄ sĭ chíaⁿ móng kong-chin chut lâi kîaⁿ tît lío,,true,pending,
007-reading-f094704728ea81c9,reading,,m̄ cai kíam-tiám khṳ̀,did not think to look them over carefully and mark them.,266,1,m̄ cai kíam-tíam khṳ̀,,true,pending,
007-reading-8f34b08a71e8ae8f,reading,,phìa cêk ūi tăi-chîu tó̤ kàm-tok sio-kíam,depute a nobleman to oversee the search of the persons of the candidates for admission to the examinations.,266,1,phài cêk ūi tăi-chîn tó̤ kàm-tok sio-kíam,,true,pending,
007-reading-8c45b37151efcba4,reading,,tó̤ hṳ́-kò̤ kiah ŭ kîeh cōi ngṳ̂n?,How much money did he get there ?,266,1,tó̤ hṳ́-kò̤ kiah ŭ jîeh cōi ngṳ̂n ?,,true,pending,
007-review-bd19bb14863cf050,review,,bò̤ ke bô̤ kíam,neither more nor less.,266,1,bô̤ ke bô̤ kíam,,true,pending,
007-review-ad73e1b79f189667,review,,ciap kîah kha,put a new sipport under the patten.,266,1,,put a new support under the patten.,true,pending,
007-review-b15c801cb35ae3a8,review,,cìeⁿ-seⁿ kiam-kíam to m̄ kíam,pinching and scrimping thus does not diminish it a particle.,266,1,cìeⁿ-seⁿ kíam-kíam to m̄ kíam,,true,pending,
007-review-a97185f352ccaad4,review,,cìeⁿ-soⁿ ŏi khah kíam a bŏi?,Have I retrenched too much ?,266,1,cìe-ⁿseⁿ ŏi khah kíam a bŏi ?,,true,pending,
007-review-04a316f60e4bb686,review,,khṳt i kíam tīo ho̤h cōi ngṳ̤̂n,had a rather large sum of money taken off by him.,266,1,khṳt i kíam tīo ho̤h cōi ngṳ̂n,,true,pending,
007-review-2bc3a3703d88f62b,review,,kè-cíⁿ bô̤ kíam,no abatement in the price.,266,1,kè-cîⁿ bô̤ kíam,,true,pending,
007-review-6a7db335fce3d509,review,,kíam cêk ûe ciⁿ khṳt lṳ́,let you have it at half the price.,266,1,kíam cêk ûe cîⁿ khṳt lṳ́,,true,pending,
007-review-1a82ccbd011919f9,review,,"mn̂g-khí cìah ío kíam, cí hûe cū tó khùn","ate less than usual this morning, and am now hungry.",266,1,"mn̂g-khí cìaⁿ cîah ío kíam, cí hûe cū tó khùn",,true,pending,
007-review-898b845eb826fb42,review,,u kíam a bô̤?,Did he take off anything from the price?,266,1,ŭ kíam a bô̤ ?,,true,pending,
007-review-f288ff928ded8b23,review,,úai cîh kiah kha,broke the heel off the patten by stepping on the side of the foot.,266,1,úai cîh kîah kha,,true,pending,
007-review-4a4d5ddab32ff55d,review,,ēng kíam jìeh cōi nâng?,How many less men are employed?,266,1,ēng kíam jîeh cōi nâng ?,,true,pending,
007-reading-acfaa02d7ec3b71a,reading,,thâu-mô̤ⁿ kîam căi hàm i ṳ̆-pĭ lâi sói thâu,his hair is dirty tell him to get ready to have his head washed.,267,1,thâu-mô̤ⁿ kîam căi: hàm i ṳ̆-pĭ lâi sói thâu,,true,pending,
007-reading-5518f92fa588d9df,reading,,úa cá mêⁿ kîam-kìⁿ io lṳ́ cò̤-pû khṳ̀ thit-thô̤,I dreamed last night that I went out for recreation with you.,267,1,úa cá mêⁿ kîam-kìⁿ kio lṳ́ cò̤-pû khṳ̀ thit-thô̤,,true,pending,
007-review-6bbb787f384954e6,review,,"hìeⁿ-seⁿ kîam tak-tak, cîah căi tit lò̤h?",How can one eat it when it is so very salt?,267,1,"hìeⁿ-seⁿ kîam tak-tak, cîah căi tit lô̤h ?",,true,pending,
007-review-12af27c0ed312e97,review,,"cèng nâng ngau-ngau-kìe,",,268,1,"cèng nâng ngau-ngau-kìe, m̄ su-hôk","they all murmured at it, and would not submit.",true,pending,
007-review-aabe08b4353a3887,review,,cūang mn̂g phah kiap,break in the door and rob the house.,268,1,cŭang mn̂g phah kiap,,true,pending,
007-review-51cf8fcc3fd5946f,review,,kìe,"To call to or upon; to cry out; the cries or voices of animals or birds; to send for; to name; to command; to tell; to do; to persuade; to sing, as an insect; to induce; to cause, in which sense it is often only a sign of the passive voice; by, with; named, called, termed.",268,1,kìe-sĭ,on that account; says it is for this reason; to complain of.,true,pending,
007-review-5473e3287c806d8a,review,,pī cí kâi kiap ŏi tit kùe cū hó̤,if we can avoid this disaster all will go well.,268,1,,if we can avoid this disaster all will be well.,true,pending,
007-review-e376cb896f351f8b,review,,auⁿ-auⁿ-kiè,to mewl.,269,1,auⁿ-auⁿ-kìe,,true,pending,
007-review-a8bbf3508379af20,review,,cìeⁿ-seⁿ kìe-si khah pô̤h,that is too thin.,269,1,cìeⁿ-seⁿ kìe-sĭ khah pô̤h,,true,pending,
007-review-64dba5d216ffb760,review,,cúh-cúh-kìe,the noise made in sucking in food.,269,1,cûh-cûh-kìe,,true,pending,
007-review-23b0c66a6e0996ff,review,,i kìe-sĭ i cò̤-ni?,What fault has he to find with it?,269,1,i kìe-sĭ i cò̤-nî ?,,true,pending,
007-review-d46b41f173ac00de,review,,i sĭ kìe-sĭ tó ciâh khah pá,he says he eats too much.,269,1,i sĭ kìe-sĭ tó cîah khah pá,,true,pending,
007-review-53bc558188952ef2,review,,kauh-ce-kìe,the sound made in breaking wood.,269,1,kauh-cē-kìe,,true,pending,
007-review-c44175b513837b4d,review,,khàu kàu hihⁿ-huk-kìe,cried so that he sobbed.,269,1,khàu kàu hihⁿ-hnk-kìe,,true,pending,
007-review-3c78fa3861a740a1,review,,ki-ki-kíe,to squeal or neigh.,269,1,ki-ki-kìe,,true,pending,
007-review-fca6efe87e2fe136,review,,kuh-kŭai-kìe,warbling.,269,1,kĭ-kŭai-kìe,,true,pending,
007-review-ef98e2c3efa41d58,review,,kìe-sī,on that account; says it is for this reason; to complain of.,269,1,kìe-sĭ m̄ năi,says it won’t prove durable.,true,pending,
007-review-c777355fc21ea80d,review,,kī-kū kíe; lū-lū-kìe; lī-lū kìe,reverberation.,269,1,kī-kū kìe; lū-lū-kìe; lī-lū kìe,,true,pending,
007-review-0165fc1e3f6181c3,review,,thiaⁿ tieh khih-cē-kìe,when he heard it he snickered.,269,1,thiaⁿ tîeh khih-cē-kìe,,true,pending,
007-review-6ecaf1ceb679f856,review,,toaⁿ-toaⁿ sĭ kìe-sĭ i taⁿ n̄e khah tōa siaⁿ,only said he spoke too loud.,269,1,toaⁿ-toaⁿ sĭ kìe-sĭ i taⁿ ūe khah tōa siaⁿ,,true,pending,
007-reading-3470fa6778546cad,reading,,i tŏ̤ kîe tèng ngo̤ tîeh úa,he met me on the bridge.,270,1,i tŏ̤ kîe tèng ngŏ̤ tîeh úa,,true,pending,
007-reading-4618102a06f4d2e2,reading,,kîe-nîe sang pôiⁿ ŭ lâng-kang péⁿ tŏ̤ kŏ̤,the sides of the bridge are guarded by a paling.,270,1,kîe-nîe sang pôiⁿ ŭ lâng-kang péⁿ tŏ̤ kò̤,,true,pending,
007-reading-369c3fc3e1e32958,reading,,lâm kieⁿs ĭang hiam,old ginger is the most pungent.,270,1,lâm kieⁿ sĭang hiam,,true,pending,
007-review-220c35d55fd0b989,review,,cí cêk tún kîe-tún có̤ jîeh cōi cîⁿ?,How much was the cost of making this pier of the bridge?,270,1,cí cêk tún kîe-tún cò̤ jîeh cōi cîⁿ ?,,true,pending,
007-review-38cfd9ad5278920e,review,,kîe ciu m̂ng ŭ jìeh khuah?,What is the distance between the piers of the bridge?,270,1,kîe ciu mn̂g ŭ jîeh khuah ?,,true,pending,
007-review-6f838b7cc4103e14,review,,"kīe kǹg, cêk hù jîeh cōi ngṳ̀n?",How much does a pair of chair-poles cost?,270,1,"kīe kǹg, cêk hù jîeh cōi ngṳ̂n ?",,true,pending,
007-review-01f1b03b25449c87,review,,sí thâi kīe,a chair with four bearers.,270,1,sì thâi kīe,,true,pending,
007-reading-baf15506e99f2d1f,reading,,i bŭn ĭ kìen kâi sṳ̄,something rarely seen or heard.,271,1,ĭ bŭn ĭ kìen kâi sṳ̄,,true,pending,
007-reading-2ac5449669418448,reading,,kien-kiù,steadfast.,271,1,kien-kù,,true,pending,
007-reading-ad2aa0c5253afa08,reading,,têng tī-kâi sî-hāu ŭ khui kien?,At what time was the subscription opened?,271,1,tâng tī-kâi sî-hāu ŭ khui kien ?,,true,pending,
007-review-2b6bf784e83ef0b3,review,,cí kĭaⁿ sṳ̄ lṳ́ tho̤iⁿ ōi kìen chìe mē?,Do you not think this absurd?,271,1,cí kĭaⁿ sṳ̄ lṳ́ thóiⁿ ŏi kìen chìe mē ?,,true,pending,
007-review-1fe31640e1cc4946,review,,"i kien câi, m̄ khéng chut cîⁿ",he is very close-fisted.,271,1,"i kien căi, m̄ khéng chut cîⁿ",,true,pending,
007-review-2f44c56741fccac8,review,,"lâm-lêng īa hó̤ kien, hue-lêng īa hó̤ kien","a raven's plume may be purchased, and may a peacock's feather.",271,1,,"a raven’s plume may be purchased, and so may a peacock’s feather.",true,pending,
007-reading-81e6c2fc3e34c07e,reading,,kĭen-tì ŭ jîah cōi hôk-sek,has bought and laid away ever so many garments.,272,1,kĭen-tì ŭ jîeh cōi hôk-sek,,true,pending,
007-reading-5eeb18c41b2e8284,reading,,tōa gûeh kĭen; sí gûeh kĭen,"a long or short month, as fixed by the imperial calendar.",272,1,"tōa gûeh kĭen, síe gûeh kĭen",,true,pending,
007-review-89d2f6649ae48896,review,,cía sĭ tó̤ hŭu pa-kiet kâi,this is currying favor by service.,272,1,cía sĭ tó̤ hŭn pa-kiet kâi,,true,pending,
007-review-9c37dce366863e43,review,,"kih cò̤ cheⁿ-eng kâi chieⁿ, a sĭ kih cò̤ hue-thô-kak kâi chîeⁿ?","Is the wall built up with burnt bricks, or with unburnt bricks made from lime and clay.",272,1,"kih cò̤ cheⁿ-cng kâi chîeⁿ, a sĭ kih cò̤ hue-thô-kak kâi chîeⁿ ?",,true,pending,
007-review-89b1966171b3b6b1,review,,"kîen sîaⁿ, kîen kàu cí kò̤ lâi, ŭ choiⁿ gūa nî lío",from the time when this city was founded until now is over a thousand years.,272,1,"kĭen sîaⁿ, kĭen kàu cí kò̤ lâi, ŭ choiⁿ gūa nî lío",,true,pending,
007-reading-b0b1a5713f500dcb,reading,,tīam-tīam kìm tŏ̤ pâng lăi,"kept constantly in the inner appartments, and not allowed to come out.",273,1,"tīam-tīam kìm tŏ̤ pâng lăi, bô̤ chut lâi",,true,pending,
007-reading-ff1f1b8d27a7f6c8,reading,,uî kìm,disregard a prohibition.,273,1,ûi kìm,,true,pending,
007-review-ed5d9081e003806c,review,,"cí hú phîn-tìeⁿ àiⁿ sía lûi kim kâi, a sĭ tah kim pô̤h cū hó̤?","Do you want the letters on this pair of screens written with pulverized gold, or will it do to make them by laying on gold-leaf?",273,1,"cí hù phîn-tìeⁿ àiⁿ sía lûi kim kâi, a sĭ tah kim pô̤h cū hó̤ ?",,true,pending,
007-review-496d70f3e19ce9ca,review,,"cū sî kim-kng, úa īa àiⁿ khàng i kò̤ thô",though he were the gods that guard the temple gates I would treat him as if he were clay.,273,1,"cū sĭ kim-kng, úa īa àiⁿ khàng i kò̤ thô",,true,pending,
007-review-1921673d3840db15,review,,kím i màiⁿ cìeⁿ-seⁿ cò̤,forbid his doing thus.,273,1,kìm i màiⁿ cìeⁿ-seⁿ cò̤,,true,pending,
007-review-0c49737561b6e6e6,review,,kím-cì suang-jíang,forbid vociferation.,273,1,kìm-cí suang-jíang,,true,pending,
007-review-1d067a8f3a1f8bd7,review,,lêng-ūaⁿ bói kâi koi-lam hó̤ kím koi,buy another coop to keep the fowls in.,273,1,lêng-ūaⁿ bói kâi koi-lam hó̤ kìm koi,,true,pending,
007-review-2feab3792f130d61,review,,"lṳ́ sî-pie-līen sî kim kâi, a sĭ ngṳ̂n khṳ̀ līu kim kâi?","Is your watch-chain of gold, or is it silver washed with gold?",273,1,"lṳ́ sî-pie-līen sĭ kim kâi, a sĭ ngṳ̂n khṳ̀ līu kim kâi ?",,true,pending,
007-reading-7489e645e7ea281b,reading,,cip kín-kín,pick it up carefully with chopsticks.,274,1,koih kín-kín,,true,pending,
007-reading-da0163efdd58b15d,reading,,cí sang ôi bŏi khùaⁿ,"this pair of shoes is neither too loose nor too tight for me, but they fit exactly.",274,1,"cí sang ôi bŏi khùaⁿ, bŏi kín, tú-tú kah",,true,pending,
007-reading-58ddb8b3c1e6ebac,reading,,hip kiń-kín,closely covered in.,274,1,hip kín-kín,,true,pending,
007-reading-218d64d4391fdbeb,reading,,"tùe kín tŏ̤ kò̤, tuí m̄ chut","it adheres tightly, so that I cannot pull it off.",274,1,"tùe kín tŏ̤ kò̤, túi m̄ chut",,true,pending,
007-review-7165647576c3a143,review,,cía cū mín-en̄g kîn,need not be in a hurry about this.,274,1,cía cū mín-ēng kín,you need not be in a hurry about this.,true,pending,
007-review-5d1ad9286ea97ea9,review,,i kio lṳ́ ío siang-hó̤,he is rather friendly with jou.,274,1,,he is rather friendly with you.,true,pending,
007-review-67e55f276140a808,review,,teh kiń-kín,"held down tightly, by a weight above.",274,1,teh kín-kín,,true,pending,
007-review-ec0de67f31664c19,review,,úa kio lṳ̀ cò̤-pû lâi khṳ̀,I will go along with you.,274,1,úa kio lṳ́ cò̤-pû lâi khṳ̀,,true,pending,
007-review-d2d8ce0f07b8da97,review,,"û ôiⁿ, àiⁿ kio lṳ́ tàⁿ ūe","when at leisure, I wish to speak with you.",274,1,"ŭ ôiⁿ, àiⁿ kio lṳ́ tàⁿ ūe",,true,pending,
007-reading-a9c4d96de6adf66d,reading,,ciú-ńg m̄ tîeh kío phû cē?,Why do you not roll your sleeves higher?,275,1,chíu-ńg m̄ tîeh kío phû cē,,true,pending,
007-reading-4787f31508455c33,reading,,cìeⁿ-seⁿ sǹg sĭ kío jîu caŭ cak; that is acting as the exigencies suggest,being firm or yielding as one's interest demands.,275,1,cìeⁿ-seⁿ sǹg sĭ kío jîu cău cak,,true,pending,
007-reading-38a9d7099e15f409,reading,,hṳ́ kháu khiak-khiak-kìe sĭ tó̤ bōi hió a m̄ sĭ?,The sound of a rattle out there is made by some one who is selling dumplings is it not?,275,1,hṳ́ kháu khiak-khiak-kìe sĭ tó̤ bōi kío a m̄ sĭ?,,true,pending,
007-reading-669397f20eecb80d,reading,,kiong-kiong kèng-kèng; reverently,very politely.,275,1,kiong-kiong kèng-kèng,,true,pending,
007-reading-ae7d5f0fb0087466,reading,,kío ô̤,dig oysters from their shells.,275,1,kĭo ô̤,,true,pending,
007-reading-978992cd4ff56b65,reading,,màiⁿ kió-kíang i,do not force him to it.,275,1,màiⁿ kío-kíang i,,true,pending,
007-review-74ae960bcf08e1a2,review,,cìeⁿ-seⁿ sǹg sĭ kío jîu caŭ cak; that is acting as the exigencies suggest,being firm or yielding as one's interest demands.,275,1,cìeⁿ-seⁿ sǹg sĭ kío jîu cău cak,that is acting as the exigencies suggest; being firm or yielding as one’s interest demands.,true,pending,
007-review-1b069b134af4eb67,review,,kío knǵ,to hand in an essay.,275,1,kío kńg,,true,pending,
007-review-90320acf04593a5f,review,,kío sìo,to band over the accounts.,275,1,,to hand over the accounts.,true,pending,
007-review-af53737124c6873e,review,,níu jī ūi châi cheⁿ lâi kíong cìe,will you two give us the light of your presence.,275,1,nín jī ūi châi cheⁿ lâi kíong cìe,,true,pending,
007-review-a6e6def2cdab8e05,review,,sòi hĭⁿ kiong thiaⁿ,listen reverently.,275,1,sói hĭⁿ kiong thiaⁿ,,true,pending,
007-reading-0a46ac64f832ff98,reading,,hon̂g hiong hùe kit,it happened that the evil omens changed to good ones.,276,1,hông hiong hùe kit,,true,pending,
007-reading-567e92a9bd8a4a74,reading,,i íⁿ-kang tŏ̤ kuaⁿ mīn côiⁿ kŭ kit,he has already certified to it before a magistrate.,276,1,i íⁿ-keng tŏ̤ kuaⁿ mīn côiⁿ kŭ kit,,true,pending,
007-reading-bdf3603d45ab9fd4,reading,,kit cheⁿ cìe lîam,a happy star shines upon it.,276,1,kit cheⁿ cìe lîm,,true,pending,
007-reading-bfc28e4eaf6dc740,reading,,lŭn kîp cèng nâng kâi sèⁿ-châng,discussing people's dispositions.,276,1,lŭn kîp cèng nâng kâi sèⁿ-chêng,,true,pending,
007-reading-9ad05254436de9be,reading,,sĭ tī-tîang tó̤ kang-kip i cîah?,Who supplies him with food?,276,1,sĭ tī-tîang tó̤ keng-kip i cîah?,,true,pending,
007-reading-8e90332e104c0e1a,reading,,tîeh khǹg-kòi nín tîeh kîp-cá hûeh thâu,must exhort you to at once change your course.,276,1,tîeh khǹg-kòi nín tîeh kîp-cá hûe thâu,,true,pending,
007-reading-0a3870bf9fcc1dd1,reading,,úi pí put kîp,to compare me with him will not do.,276,1,úa pí i put kîp,,true,pending,
007-review-abb74d65a966efe4,review,,cia sǹg sĭ kit sîang kâi mûeh,this may be reckoned as a thing of good omen.,276,1,cía sǹg sĭ kit sîang kâi mûeh,,true,pending,
007-review-423df02c9f2ebba8,review,,cí kâi hok-khì oĭ kîp tîeh lṳ́,this blessing will extend its influence to you.,276,1,cí kâi hok-khì ŏi kîp tîeh lṳ́,,true,pending,
007-review-114f3e6824b62b34,review,,kàu aŭ-lâi le cū sĭeⁿ-siu-hùe bô̤ kîp,"afterward, when you come to regret it, it will be too late.",276,1,kàu ău-lâi le cū sĭeⁿ-siu-hùe bô̤ kîp,,true,pending,
007-review-3cfc5e10d61f683e,review,,kîp kàu cíang-sêng,until ho becomes of ago.,276,1,,until he becomes of age.,true,pending,
007-review-47b7123685505ab2,review,,cía kit sĭ cip kaⁿ a m̆ sĭ?,This dwarf orange is grafted on the large orange is it not?,277,1,cía kit sĭ ciap kaⁿ a m̆ sĭ?,,true,pending,
007-review-6cd10b8ed4608431,review,,cíeⁿ-seⁿ kìu phōiⁿ khṳ̀ tîeh huap,this prosecution has been conducted according to law.,277,1,cìeⁿ-seⁿ kìu phōiⁿ khṳ̀ tîeh huap,,true,pending,
007-review-09a7265e77fd9c20,review,,úa thóiⁿ i cò̤ sṳ̄ cò̤ ŏi kiu-kiu nē?,"I wonder why it is that he acts so timorously: is it because he is incompetent, or because he lacks confidence in himself?",277,1,úa thóiⁿ i cò̤ sṳ̄ cò̤ ŏi kiu-kiu nē: sĭ bô̤ châi-chêng a sĭ bô̤ táⁿ-lĭang?,,true,pending,
007-reading-7989115f1fc5c5fd,reading,,bŏ̤i tit kìu,cannot save him.,278,1,bŏi tit kìu,,true,pending,
007-review-9965d64d4a95b24a,review,,hàm-kìe kìu,call ont for help.,278,1,,call out for help.,true,pending,
007-review-7ed41d5c5e876e5f,review,,h́ia cúi kiuh kàu ho̤h hn̆g khṳ̀,the water spurts ever so far.,278,1,hía cúi kiuh kàu ho̤h hn̆g khṳ̀,,true,pending,
007-review-b706d1567d734617,review,,kíu khó kìu lāng,save from suffering.,278,1,kìu khó kìu lāng,,true,pending,
007-review-31750c3f2a35fc21,review,,kíu mīaⁿ cē; kiù mīaⁿ cē!,Help! Help!,278,1,"kìu mīaⁿ cē, kìu mīaⁿ cē！",,true,pending,
007-reading-18b164533c3fff86,reading,,thóiⁿ tîhe lêng-ūaⁿ kng,it seems brighter.,279,1,thóiⁿ tîeh lêng-ūaⁿ kng,,true,pending,
007-reading-79afa42089d92b41,reading,,tîeh cū cheⁿ-mêⁿ,"if you get a spurt from it into your eyes, it will blind you.",279,1,mâk khṳt i kiuh tîeh cū cheⁿ-mêⁿ,,true,pending,
007-review-490594f0d2ce25ec,review,,céng káu kng îeⁿ,a pack of dogs carrying off a sheep.,279,1,cèng káu kng îeⁿ,,true,pending,
007-review-24f7388862f481e0,review,,jī mn̂g lăi sāi sì tăi-kim-kng,inside the second gate were four images representing tho gods who reside in the thirty six stars.,279,1,,inside the second gate were four images representing the gods who reside in the thirty six stars.,true,pending,
007-review-478e50280f45d18f,review,,thiⁿ lâ-lâng-kng,at he first streak of dawn.,279,1,,at the first streak of dawn.,true,pending,
007-review-ce3d34c012976294,review,,thut kng kâi pēⁿ,a rupture; a protruded intestine.,279,1,,a rupture; a protuded intestine.,true,pending,
007-reading-6b58d01d6086a683,reading,,cí kaî cîⁿ sĭ pó kǹg kâi,this cash is to pay for the string used in stringing the others.,280,1,cí kâi cîⁿ sĭ pó kǹg kâi,,true,pending,
007-reading-911e196a795ac7a8,reading,,cía ki kǹg cúi cū sĭ sĭang ngĕ,in this one the steel is of the hardest sort.,280,1,cí ki kǹg cúi cū sĭ sĭang ngĕ,,true,pending,
007-reading-4bb4c3ea8d588364,reading,,"hŭam cìaⁿ peh hwt kâi ko tîeh ka-kī chú kâi lâi cîah cìaⁿ ún-tàng, īa sĭ thèng bói kâi, khíong-ùi ŭ khí ŏi tâk kâi","it is safe to eat mushrooms that are of spontaneous growth, if you gather them yourself, but if you carelessly buy them there is danger of their being poisonous and that you may be injured by them.",280,1,"hŭam cìaⁿ peh hwt kâi ko tîeh ka-kī chú kâi lâi cîah cìaⁿ ún-tàng, īa sĭ thèng bói kâi, khíong-ùi ŭ khí ŏi tâk kâi, cū cîah hāi nâng",,true,pending,
007-review-870b8cf8675d01fa,review,,cêk kǹg ngṳ̂n,as mach money as two can carry between them.,280,1,,as much money as two can carry between them.,true,pending,
007-review-dd42143332519f87,review,,"cí choiⁿ cîⁿ bô̤ tú kńg, sĭ câk kńg kâi","this is a full thousand of cash, nothing being deducted on account of the value of the string, which is extra.",280,1,"cí choiⁿ cîⁿ bô̤ tú kǹg, sĭ câk kǹg kâi",,true,pending,
007-review-c70d2d223b9772eb,review,,kńg cò̤ cek kauh,roll it up into a roll.,280,1,kńg cò̤ cêk kauh,,true,pending,
007-review-b20d2f9eb871f95d,review,,phah ki cêng kǹg kâi,make one wholly of steel.,280,1,phah ki cĕng kǹg kâi,,true,pending,
007-reading-8200fc9e742d8206,reading,,"cía kúi kâi phah kó kâi, tī-tîang kâi kó páng ío hó̤","of these drummers, which one drums best?",281,1,"cí kúi kâi phah kó kâi, tī-tîang kâi kó páng ío hó̤",,true,pending,
007-reading-61f077705887983d,reading,,lăi ko; có ko,grandfather's sisters.,281,1,"lău ko, có ko",,true,pending,
007-review-326f838875d7387a,review,,i sî hó̤ tho̤h ko kâi nâng,he is one to whom an orphan might be confided.,281,1,i sĭ hó̤ tho̤h ko kâi nâng,,true,pending,
007-review-20ce55304732a13d,review,,ko-lĭam i sĭ cò̤ hŭam,tolerate his having done wrong: reprove him slightly and let him go.,281,1,ko-lĭam i sĭ cò̤ hŭam：pô̤h-ceh i cē lío cū pàng i khṳ̀,,true,pending,
007-review-d49eab5d25b65bc9,review,,kó phûe,the head of the drum.,281,1,,the head of a drum.,true,pending,
007-review-e826ea970aa7c524,review,,tiak-kó,a tambouinne.,281,1,,a tambourine.,true,pending,
007-reading-55539c21fa2fa645,reading,,cò̤ sṳ̄ kó-kó kùai-kùai,does things in a very queer way.,282,1,"cò̤ sṳ̄ kó-kó kùai-kùai, cò̤ sṳ̄ kú-kú kùai-kùai",,true,pending,
007-reading-13327b477d177c5a,reading,,i nâng-khẃn kó-kó nē,he is very old fashioned.,282,1,i kâi nâng-khẃn kó-kó nē,,true,pending,
007-reading-7ba1bf984ca0fd94,reading,,kó sî kâi nêng tăi-khài tong-kău,old fashioned people are generally honest.,282,1,kó sî kâi nâng tăi-khài tong-kău,,true,pending,
007-reading-1ebc2cf4c65423ef,reading,,kó-ngẃn,antiquities.,282,1,kó-ńgwn,,true,pending,
007-reading-fc267220989f28f4,reading,,pun kó cṳ́ ŭ nâng tōa kó,"in apportioning the amount which each is to pay, some are assessed more and some less.",282,1,"pun kó cṳ́ ŭ nâng tōa kó, ŭ nâng sòi kó",,true,pending,
007-reading-fc32641a3dbc4726,reading,,koi bó̤ kok-kok-kiè tó̤ kho koi-kíaⁿ,the hen clucks when calling her chickens.,283,1,koi bó̤ kok-kok-kìe tó̤ kho koi-kíaⁿ,,true,pending,
007-reading-470e2859243d2531,reading,,kô kàu hua-pa-li-long,"plaster it on till it is smooth, even and beautiful.",283,1,kô kàu hue-pa-li-long,,true,pending,
007-reading-076bc48a46f3b654,reading,,ŭ lâm li kŏ lâm,"if you have sons depend on them, if you have no sons then depend on your daughters.",283,1,"ŭ lâm li kŏ lâm, bô̤ lâm li kŏ ńng",,true,pending,
007-review-349936378e590e2e,review,,cn̂g kâi bô̤ kó-kĭ,without envy.,283,1,cn̂g kâi bô̤ kò-kĭ,,true,pending,
007-review-c6089b01b9e9ceb6,review,,jŭ chut sīu koi-bó̤ ke-ke-kìe,like the cackling of a hen when she comes off the nest.,283,1,jû chut sīu koi-bó̤ ke-ke-kìe,,true,pending,
007-review-aac0bb6fe069d55d,review,,kò kâi lâi cìeⁿ chù,hire some one to guard the house.,283,1,kò kâi lâi cíeⁿ chù,,true,pending,
007-review-877039cb78bae04e,review,,kô lâi m̄ ḱin,it is not firmly pasted.,283,1,kô lâi m̄ kín,,true,pending,
007-review-c45e810c4529abc5,review,,kô-lôk khṳ̀ kàu cū bŏi thi̤aⁿ,after smearing it over it did not smart.,283,1,kô-lôk khṳ̀ kàu cū bŏi thìaⁿ,,true,pending,
007-review-cc8b3b51fc1bb8b1,review,,"sĭ aìⁿ kò cûn hó̤, a sĭ aìⁿ kò kīe hó̤?",Will it be best to hire a boat or to hire a sedan?,283,1,"sĭ àiⁿ kò cûn hó̤, a sĭ àiⁿ kò kīe hó̤ ?",,true,pending,
007-review-f0bdb9e6709abe51,review,,úa àiⁿ kò có̤ chia,I want to hire a cart.,283,1,úa àiⁿ kò cò̤ chia,,true,pending,
007-reading-baa2a2bcaa2ad68c,reading,,lâng-ūaⁿ koi-êk cò̤ cìeⁿ-seⁿ,change it and make it thus.,284,1,lêng-ūaⁿ koi-êk cò̤ cìeⁿ-seⁿ,,true,pending,
007-reading-18a4fb0abbf7c1d3,reading,,mō̤ⁿ thóiⁿ i ŏi kói nē,wait and see whether he will amend.,284,1,mō̤ⁿ thóiⁿ i ŏi kói mē,,true,pending,
007-reading-e1910a85c24af06e,reading,,m̄ sĭ cîah cek koi,it is a hen that won't eat paddy.,284,1,m̄ sĭ cîah chek koi,,true,pending,
007-review-dfb60f784cbafa01,review,,chiet-ío tîeh cài kói-kùe,it is imperatively necessary that it should again.be changed.,284,1,chiet-ìo tîeh cài kói-kùe,,true,pending,
007-review-394a8efaf6e21273,review,,chit pín kuaⁿ kâi pó-sim sĭ sìn koi-thek kâi,mandarins of the seventh grade have the pied duck embroidered on their official gowns.,284,1,chit pín kuaⁿ kâi pó-sim sĭ sìu koi-thek kâi,,true,pending,
007-review-a99b9efb0e8a8021,review,,"cng lô̤h khṳ̀, i hieⁿ-lí cū koi bŏi thî, káu bŏi pui","while he was being buried the cocks did not crow, nor the dogs bark, in his village.",284,1,"cǹg lô̤h khṳ̀, i hieⁿ-lí cū koi bŏi thî, káu bŏi pūi",,true,pending,
007-review-79e32de1470234bc,review,,i kúi nâng sĭ cîah cheⁿ koi hueh ciu kâi,they are the ones who have drunken raw chicken blood; they have entered into a solemn compact to do a certain thing or die in the attempt.,284,1,i kúi nâng sĭ cîah cheⁿ koi hueh cíu kâi,,true,pending,
007-review-c96db5247da51c8d,review,,kak koi-hng tó̤ tíam teng kùe chái,"every avenue is being illuminated, and decorated with banners.",284,1,kak koi-hng tó̤ tíam teng kùa chái,,true,pending,
007-review-fec054a876d65950,review,,thî nŏ̤ saⁿ lô̤h lío,the cocks have crowed two or three times.,284,1,koi thî nŏ̤ saⁿ lô̤h lío,,true,pending,
007-reading-f9d41926e73edadf,reading,,sieh tîo kòi-mông,lay a plot.,285,1,siet tîo kòi-mông,,true,pending,
007-review-b70602bc4dcb1fa2,review,,bô̤ hô̤ kói-kìu,there is no way of escape.,285,1,bô̤ hó̤ kói-kìu,,true,pending,
007-review-e1c47029bd73fe96,review,,cí cho̤h hŭam àiⁿ kòi khṳ̀ tī-kò?,Where are these culprits to be delivered over?,285,1,cí cho̤h hŭam àiⁿ kòi khṳ̀ tī-kò̤ ?,,true,pending,
007-review-e7218722ceed94e5,review,,i mih sṳ̄ to bô̤ kòi bô̤ kà,ho never has a plan about anything.,285,1,,he never has a plan about anything.,true,pending,
007-review-605fea91b4bb0c60,review,,kòi kàu pùaⁿ lō pun châk chìeⁿ khṳ̀,"when it had been taken one half of the way to the place where it was to be delivered over, it was seized by robbers.",285,1,kòi kàu pùaⁿ lō pun châk chíeⁿ khṳ̀,,true,pending,
007-reading-c5176842df24528d,reading,,"i hṳ́ lăi kâi pâng koiⁿ cōi īa ŭ sói-êk koiⁿ, īa ŭ húe-sît koiⁿ, m̄ pí nâng bô̤ sĭm-mih koiⁿ-keh kâi chù","the apartments in it are many: there are bath-rooms and there are cook rooms, and it is not as it is where people have a house with but few rooms.",286,1,"i hṳ́ lăi kâi pâng koiⁿ cōi：īa ŭ sói-êk koiⁿ, īa ŭ húe-sît koiⁿ, m̄ pí nâng bô̤ sĭm-mih koiⁿ-keh kâi chù",,true,pending,
007-reading-16a9187aa9f0de0f,reading,,ēng chôiⁿ-kóiⁿ sâh lío lâi thiu sî,boil the cocoon and then wind off the silk.,286,1,ēng chôiⁿ-kóiⁿ sâh lío lâi thiu si,,true,pending,
007-review-be524d3ac6c78ae7,review,,chôi-tāu cē pìⁿ cò̤ chôiⁿ-ngô̤ cū chut kóiⁿ,when the grub has changed into a moth it emerges from the cocoon.,286,1,chôiⁿ-tāu cē pìⁿ cò̤ chôiⁿ-ngô̤ cū chut kóiⁿ,,true,pending,
007-review-eb97b681b0351f4b,review,,cêk phìⁿ koiⁿ cū taⁿ kàu hṳ́-kò̤ khṳ̀,carried it there withont once shifting it from one shoulder to the other.,286,1,,carried it there without once shifting it from one shoulder to the other.,true,pending,
007-review-4d08a426c699e8de,review,,kóiⁿ,A plait; gathers; tncks.,286,1,,A plait; gathers; tucks.,true,pending,
007-review-69eaa7b904975d7b,review,,kóiⁿ,The cocoon of the silk worm; the silky pups of other moths.,286,1,,The cocoon of the silk worm; the silky pupae of other moths.,true,pending,
007-review-517060c528f46956,review,,sĭ úa ka-kí kóiⁿ-sẃn kâi,it is one that I myself picked out.,286,1,sĭ úa ka-kī kóiⁿ-sẃn kâi,,true,pending,
007-review-dc0d75ccaea55d12,review,,"ĕ-tng àiⁿ thīⁿ, khieh kóiⁿ, tîeh khieh hó̤-hó̤",another time when you are sewing gathers you must sew them evenly.,286,1,"ĕ-tńg àiⁿ thīⁿ, khieh kóiⁿ, tîeh khieh hó̤-hó̤",,true,pending,
007-reading-3c9d2598ff72d86a,reading,,"kôih kàu ki siaⁿ sòi-sòi, cū sĭ cṳ-niê siaⁿ","modulated his voice to a squeak, like the voice of a woman.",287,1,"kôih kàu ki siaⁿ sòi-sòi, cū sĭ cṳ-nîe siaⁿ",,true,pending,
007-review-e065b863be2e8080,review,,hīu-khek thiⁿ-ĕ ŭ jîeh cōi tōa kok?,How many great nations are there now in the world?,287,1,hīn-khek thiⁿ-ĕ ŭ jîeh cōi tōa kok ?,,true,pending,
007-review-69814b3b769ed512,review,,kŏi pn̄g-tháng lâi,"bring the rice-basin, holding it under the arm.",287,1,kŏiⁿ pn̄g-tháng lâi,,true,pending,
007-reading-638e2ec594ccecac,reading,,cía sĭ kong băng,this is a public fund.,288,1,cía sĭ kong hăng,,true,pending,
007-review-3144b8ea86eea7bf,review,,"cí kĭaⁿ sṳ̄ sĭ kua cíⁿ kok, a kua hîaⁿ míaⁿ?","Is this business to bo referred to the clerk in the prefects office, or to the legal counsel who manages criminal cases in the local court?",288,1,"cí kĭaⁿ sṳ̄ sĭ kua cîⁿ kok, a kua hîaⁿ mîaⁿ ?","Is this business to be referred to the clerk in the prefects office, or to the legal counsel who manages criminal cases in the local court?",true,pending,
007-review-61323be098a92e61,review,,i cò̤ sṳ̄ úa thóiⁿ tîeh m̄ kong-tău,he acts in a way that appears to me to bo unfair.,288,1,,he acts in a way that appears to me to be unfair.,true,pending,
007-review-7c084b110aa5f8ef,review,,soiⁿ kong-sùaⁿ cí tíam cék khì,first dissipate the humors which have accumnlated.,288,1,,first dissipate the humors which have accumulated.,true,pending,
007-review-1b2a3acce36c736d,review,,"lṳ́ hóng lṳ́ lôk, mîn ko̤ mîn ciⁿ hĭa mîn kōi ngîak, sĭang-thiⁿ lâng khi","your salary and perquisites are the people’s substance: the common people are easily oppressed, but God is not to be imposed upon.",289,1,"lṳ́ hóng lṳ́ lôk, mîn ko̤ mîn ciⁿ : hĭa mîn kōi ngîak, sĭang-thiⁿ lâng khi",,true,pending,
007-review-6e10f9d9fed7f388,review,,thái-ko̤ lâu phú kàu cêk kâi cêk kâi,"the leper’s domes rise one by one, (on his body).",289,1,thái-ko̤ lâu phû kàu cêk kâi cêk kâi,,true,pending,
007-reading-cb103b7b14231e91,reading,,i kâi ko̤ ciéⁿ côi,they work in unison; they pull together.,290,1,i kâi ko̤ cíeⁿ côi,,true,pending,
007-reading-7337c64f809472fa,reading,,phŏ̤-kò̤ sī tī-tîang?,Who is to plead the case?,290,1,phŏ̤-kò̤ sĭ tī-tîang ?,,true,pending,
007-review-e837115929e2ca71,review,,kó̤-png hó tī thâu-thìaⁿ,cowbane is good for the headache.,290,1,kó̤-pńg hó tī thâu-thìaⁿ,,true,pending,
007-review-2cb60ed11804a548,review,,"ngŵn-kò̤ kŭi tŏ̤ tang pôiⁿ, pĭ-kò̤ kŭi tŏ sai pôiⁿ, kang-cèng cū kŭi tìn-tang","the plaintiff kneels on the east, the defendant on the west, and the witness in the centre.",290,1,"ngŵn-kò̤ kŭi tŏ̤ tang pô̤iⁿ, pĭ-kò̤ kŭi tŏ̤ sai pô̤iⁿ, kang-cèng cū kŭi tìn-tang",,true,pending,
007-review-c88fa7d4346faec0,review,,bô̤ tī-kò̤ hó̤ thit-thô,there is no place to go for recreation.,291,1,bô̤ tī-kò̤ hó̤ thit-thô̤,,true,pending,
007-review-77e02e478f2cec67,review,,"cêk tît kàu hṳ́-kò̤ khṳ̀, chŵn bô̤ tíam-kíaⁿ kò̤-kêh tîeh","went there at one stretch, and without the least delay anywhere.",291,1,"cêk tît kàu hṳ́-kò̤ khṳ̀, chŵn bô̤ tíam-kíaⁿ kô̤-kêh tîeh",,true,pending,
007-review-409e443fa143dee6,review,,i líang ke tó̤ sie kò̤,the two parties are suing each othor.,291,1,,the two parties are suing each other.,true,pending,
007-reading-5a07e886a0cced50,reading,,jú kú jú kèng,the longer you know him the more you will respect him.,292,1,jú kú jú kèng i,,true,pending,
007-review-3a47bc6b0086d8d2,review,,ko̤h ĕ kùi seⁿ,Your Excellency.,292,1,ko̤h ĕ kùi sèⁿ,,true,pending,
007-review-79145b88e20b5f3e,review,,lâi ko̤h,the Inner Council.,292,1,lăi ko̤h,,true,pending,
007-review-9ca095027c76952d,review,,"lṳ́ khṳ̀ hìeⁿ ku, khṳ̀ tì-kò?","Where have you been, that you have been gone so long?",292,1,"lṳ́ khṳ̀ hìeⁿ kú, khṳ̀ tì-kò̤ ?",,true,pending,
007-review-7ae816046f6e87a5,review,,"sì kâi cái-sìang, nŏ̤ kái cheng tōiⁿ, nŏ̤ kâi cheng ko̤h","of the four ministers, two are called chamberlains, and two councilors.",292,1,"sì kâi cái-sìang, nŏ̤ kâi cheng tōiⁿ, nŏ̤ kâi cheng ko̤h",,true,pending,
007-reading-98fa716535789c26,reading,,síu bú siang kù,the beginning and the end correspond.,293,1,síu búe siang kù,,true,pending,
007-review-ebc1a1b5a7859218,review,,i sĭang-téng kú ke,he has great regard for his family.,293,1,i sĭang-téng kù ke,,true,pending,
007-review-f89e1fbf8039acf4,review,,"ku kàu kûaⁿ lâi li jûah kàu, kù kàu jûah lâi li kûaⁿ kàu","by the time the work of the cold weather is attended to, summer has come, and by the time the summer’s work is looked after, it is cold weather again.",293,1,"kù kàu kûaⁿ lâi li jûah kàu, kù kàu jûah lâi li kûaⁿ kàu",,true,pending,
007-review-1d858f9e62879ebe,review,,"tîeh cai kẇn-kù tê, kẃn-kù hun","you must attend to the setting forth of the tea, and of the tobacco.",293,1,"tîeh cai kẃn-kù tê, kẃn-kù hun",,true,pending,
007-reading-a9d85fa1a3a66a5d,reading,,thâk bô̤ kúi kù,reads but very few lines a day.,294,1,cêk jît thâk bô̤ kúi kù,,true,pending,
007-review-bb3569fa8bd5566c,review,,bô̤ ŵn bô̤ kù,it is wholly without a cause.,294,1,,it is wholly without cause.,true,pending,
007-review-42b6e8df3dd9e9a5,review,,kù-síu hṳ́ kâi ti-hng,fortify that place.,294,1,kù-síu hṳ́ kâi tī-hng,,true,pending,
007-review-54781e9a83b7fcd8,review,,kŭ-kŭ ku,the calling of wood-doves.,294,1,kŭ-kŭ ku,,true,pending,
007-review-84fa4871867aabf8,review,,úa mng sĭ ūi lṳ́ cṳ kù cìaⁿ cìeⁿ-seⁿ,it was on your own account that I did thus.,294,1,,it was on your account that I did thus.,true,pending,
007-reading-c52720c10fac3ec5,reading,,bô̤ sin cò̤ ǔ kū?,If I have never had new ones how can I have old ones?,295,1,bô̤ sin cò̤ ŭ kū,,true,pending,
007-reading-630856556c88c59f,reading,,cĭa kū īeⁿ,follow the same old pattern.,295,1,cĭu kū īeⁿ,,true,pending,
007-reading-a5ac8135753c7010,reading,,kṳ́n kŭ kúi īeⁿ lói- mûeh sàng i,carefully prepare a number of presents to offer him.,295,1,kṳ́n kŭ kúi īeⁿ lói-mûeh sàng i,,true,pending,
007-review-22acf2f62747495e,review,,"ní lài m̄ hó̤, sói bô̤ nŏ̤ kùe cū kū","it is not well dyed, and will look old before it has been twice washed.",295,1,"ní lâi m̄ hó̤, sói bô̤ nŏ̤ kùe cū kū",,true,pending,
007-review-2077825e28e2ec13,review,,"tōa kŭ, ji kŭ, sòi kŭ","the eldest, next to the eldest, and the youngest of one's mother's or wife's brothers.",295,1,"tōa kŭ, jī kŭ, sòi kŭ",,true,pending,
007-review-6a8307ebd250ce3b,review,,"úa thoiⁿ i chēng kĭaⁿ hôk-sek, nĕ kū-kū nē",I see that she wears a garment that isvery old.,295,1,"úa thóiⁿ i chēng kĭaⁿ hôk-sek, nĕ kū-kū nē",,true,pending,
007-review-2ee978e71eaa6e38,review,,i cá kùa ŭ lâi mē?,Did be come awhile ago?,296,1,,Did he come awhile ago?,true,pending,
007-review-8540d33db16b82dd,review,,kùa pâi a būe?,Is the bulletin board hung out yet?,296,1,,Is the buletin board hung out yet?,true,pending,
007-review-e591b32f86c0c7ee,review,,lṳ́ thoíⁿ i kâi hō̤ kùa sĭ tī īeⁿ?,What uniform do you think it is that he wears?,296,1,lṳ́ thóiⁿ i kâi hō̤ kùa sĭ tī īeⁿ ?,,true,pending,
007-review-fd7cdd1bcd1b5316,review,,"úa thóiⁿ-kìⁿ ŵn mn̂g tèng kùa kò̤ pâi, sĭ móng jît, àiⁿ chut kah-tîeⁿ thóiⁿ chau","I saw a bulletin hung out at the side door, announcing that on a certain day there would be a grand review of troops.",296,1,,"I saw a buletin hung out at the side door, announcing that on a certain day there would be a grand review of troops.",true,pending,
007-reading-141a5f17641ff6d4,reading,,"i sĭ cò̤ cheng kuaⁿ, īn pí sĭ tham kuaⁿ","he is a clean handed official, and it is not as if he were a covetous one.",297,1,"i sĭ cò̤ cheng kuaⁿ, m̄ pí sĭ tham kuaⁿ",,true,pending,
007-review-4b6f3e32627cf262,review,,kuaⁿ húe sĕng,inflammalion of the liver.,297,1,,inflammation of the liver.,true,pending,
007-reading-0c22a970cf576df5,reading,,chēng kâi saⁿ tó̤ cṳ̄ kūaⁿ,wear a jacket to absorb the perspiration.,298,1,chēng kâi saⁿ tó̤ cṳ̀ kūaⁿ,,true,pending,
007-reading-80e3468661c1e0b4,reading,,cṳ̄ kūaⁿ,"sweating, without exertion.",298,1,cṳ̆ kūaⁿ,,true,pending,
007-reading-110e9016add289c1,reading,,kiâm kûaⁿ,"chills, with but little or no fever.",298,1,kîam kûaⁿ,,true,pending,
007-review-7c96e93e0b7cb14b,review,,cí kâi nâng cò̤ sṳ̄ cin bô̤ kūaⁿ,this person does things very moderately.,298,1,,this persons does things very moderately.,true,pending,
007-review-ed2f6571723c8bb1,review,,hwt kūaⁿ îeh,a sudorific.,298,1,,a sudoritic.,true,pending,
007-review-27032b9ed369fbe6,review,,pak kûaⁿ; hwt kuaⁿ,to have ague.,298,1,"pak kûaⁿ, hwt kûaⁿ",,true,pending,
007-review-992ce47acd25a309,review,,i kâi nâng īeⁿ seⁿ lâi khî-khî kùai-kùai,he has a very weird appearance.,299,1,,he has a very wierd appearance.,true,pending,
007-review-4816f7900083c62d,review,,nìn kâi tĭu hó̤ kuah a būe?,Is your grain ready to cut?,299,1,nín kâi tĭu hó̤ kuah a būe ?,,true,pending,
007-reading-6396e54e635768c2,reading,,kuang-mêng cìaⁿ-tai,open and above board.,300,1,kuang-mêng cìaⁿ-tăi,,true,pending,
007-review-8882669089c0d519,review,,"i bô̤ kuang nâng kâi cîⁿ, bô̤ kuang nâng kâi ngṳ̂n lṳ́ àiⁿ li sìu i, m̄ li hiah","he does not fool people out of their money trust him if you choose to, if not let it alone.",300,1,"i bô̤ kuang nâng kâi cîⁿ, bô̤ kuang nâng kâi ngṳ̂n , lṳ́ àiⁿ li sìn i, m̄ li hiah",,true,pending,
007-review-8ec65d79e6e7df99,review,,"thih kúaiⁿ, in kúaiⁿ, ngṳ̂n kúaiⁿ","iron, lead and silver ore.",300,1,"thih kúaiⁿ, în kúaiⁿ, ngṳ̂n kúaiⁿ",,true,pending,
007-reading-f0e17c697ce5ddf2,reading,,khn̂g-kòi i tîeh cai kói kùe,exhort him to reform.,301,1,khǹg-kòi i tîeh cai kói kùe,,true,pending,
007-review-7c694262075f8422,review,,kin nî kak chù kâi kúe-cí seⁿ lâi kâu,fruit is plenty everywhere this year.,301,1,kin nî kak chù kâi kúe-cí seⁿ lâi kău,,true,pending,
007-review-baa4a0babf08fbe0,review,,mûeh kui ngŵn cú,the article reverts to tho original owner.,303,1,,the article reverts to the original owner.,true,pending,
007-reading-8b720b4dfe5b3b36,reading,,bó̤ íⁿ cṳ̄ kùi,the mother is ennobled through her son.,304,1,bó̤ íⁿ cṳ́ kùi,,true,pending,
007-review-e254f9be6a32beee,review,,sĭ ṳn kúi a sĭ ẁn kui?,Is it a satisfied or a dissatisfied spirit?,304,1,sĭ ṳn kúi a sĭ ẁn kúi ?,,true,pending,
007-reading-ff6806193ad09868,reading,,cèng n̂ang lô̤h khṳ̀ kŭi-sàng,all made their parting obeisance.,305,1,cèng nâng lô̤h khṳ̀ kŭi-sàng,,true,pending,
007-reading-91ae1ea8c1d27207,reading,,kun léng ngîam-sok,military orders are stringent.,306,1,kun lĕng ngîam-sok,,true,pending,
007-review-a23a1397a62fe8bf,review,,"choiⁿ kun kōi tit, cêk ciang lâng khîu","a thousand men may be had easily, but one leader for them is hard to find.",306,1,"choiⁿ kun kōi tit, cêk cìang lâng khîu",,true,pending,
007-review-67a063e004f016c1,review,,hīu-khek kâi ciang-kun sèⁿ sĭm-mûeh?,What is the surname of the present victorious commander?,306,1,hīn-khek kâi ciang-kun sèⁿ sĭm-mûeh ?,,true,pending,
007-review-db0bd845a2abf4c1,review,,kun,One who is honored as a prince or chief ruler; a sovereign; exalted; superior.,306,1,,One who is honored as a prince or chief ruler; a soverign; exalted; superior.,true,pending,
007-review-170e7d36feb8719f,review,,kun cìu kàu tī-kò̤?,How far have the troops advanced.,306,1,kun cìn kàu tī-kò̤ ?,,true,pending,
007-review-6501fecb2e0b024f,review,,kun-sṳ̆ hùe huaⁿ-hí cĭu lâk,the soldiers are willing to do their utmost.,306,1,kun-sṳ̆ hùe huaⁿ-hí cĭn lâk,,true,pending,
007-review-f7926e15d537b9c4,review,,"phú kṳn, lò kut",become emaciated.,307,1,"phû kṳn, lò kut",,true,pending,
007-review-1c6fc33e5ac0692f,review,,kût cêk tìo kau,dig a ditch.,308,1,kût cêk tîo kau,,true,pending,
007-review-a31a646d5b18091f,review,,kṳ,To dwell; dwellings; to engross as a market; to consist ill; to be in; to fulfill a condition.,308,1,,To dwell; dwellings; to engross as a market; to consist in; to be in; to fulfill a condition.,true,pending,
007-review-ea3ea6b2cc78358b,review,,"i hóⁿ-kṳ̆ tŏ hṳ́-kò̤, bô̤ nâng káⁿ khṳ̀ thīn i","they have forcibly taken possession of the place, and no one dare go and oust them.",309,1,"i hóⁿ-kṳ̆ tŏ̤ hṳ́-kò̤, bô̤ nâng káⁿ khṳ̀ thīn i",,true,pending,
007-review-3ae7ff5c6ac790ba,review,,khṳt i cò̤ cêk chùi kṳ̆ lô̤h khù,he gulped it down at one mouthful.,309,1,khṳt i cò̤ cêk chùi kṳ̆ lô̤h khṳ̀,,true,pending,
007-reading-0a499ee5baaa68ee,reading,,gû-nêk tîeh kuah màiⁿ seⁿ kûn kâi,you must get beef which has no tendons in it.,310,1,gû-nêk tîeh kuah màiⁿ seⁿ kṳn kâi,,true,pending,
007-review-eaa6bf4fbcf569d6,review,,hàm i lâi kio úa lîah pùe kṳn,"t«ll him to come and knead my back for me, to ease the pain.",310,1,,"tell him to come and knead my back for me, to ease the pain.",true,pending,
007-review-551ea99422c2226e,review,,i jíang kàu ăm kṳn phòng-phòng,he shrieked until his throat was ready to burst.,310,1,,be shrieked until his throat was ready to burst.,true,pending,
007-review-3f44e73b12bb5891,review,,i kâi chìn kṳn-nìe síam,this steelyard gives short weight.,310,1,i kâi chìn kṳn-níe síam,,true,pending,
007-review-a0372aec03084cea,review,,i sĭ tó̤ kṳn kuaⁿ kâi nâng,he is one who acts as attendant on a magisti-ate.,310,1,,he is one who acts as attendant on a magistrate.,true,pending,
007-review-0b2b0b67e5c13390,review,,jī sìa tōa kṳn,the letters are written with bold strokes.,310,1,jī sía chut lâi ŭ kṳn kut,,true,pending,
007-review-172b30294a41eb7b,review,,kṳn-sûi,"to follow, as au attendant.",310,1,,"to follow, as an attendant.",true,pending,
007-review-75cc138de73ab6d6,review,,"tkⁿ ue m̄ tîeh tàⁿ hó̤-hó̤, màiⁿ kṳ̂h-kṳ̂h-kìe","if you are going to speak, why don't you speak properly, and not stammer and stutter.",310,1,"tàⁿ ūe m̄ tîeh tàⁿ hó̤-hó̤, màiⁿ kṳ̂h-kṳ̂h-kìe",,true,pending,
007-reading-3b2e72eb0884acdc,reading,,thâu-tèng tà cêk kò̤ o kṳn,wore a black head-cloth.,311,1,thâu-tèng tà cêk kò̤ o kṳm,,true,pending,
007-review-a6ab5e43833ac3f5,review,,kṳ̆n tō,the present generation.,311,1,kṳ̆n tō̤,,true,pending,
007-review-0122bac0de3d0411,review,,lṳ́ tîeh kṳ́n sim,you must give your whole mind to it.,311,1,lṳ́ tîeh kṳ́n sím,,true,pending,
007-reading-abf627c9c630d99b,reading,,"kwn lĭa sĭ lâk nâng, kwn gūa sĭ sì nâng","there are six who are mentioned in the contract, and four besides.",312,1,"kwn lăi sĭ lâk nâng, kwn gūa sĭ sì nâng",,true,pending,
007-review-438436c3c3a9b0fd,review,,ûa sek phùa i kâi ki-kwn,I brought his real motives to light.,312,1,úa sek phùa i kâi ki-kwn,,true,pending,
007-reading-c7937cd8cfd2833e,reading,,cü kẃn,a school-building.,313,1,cṳ kẃn,,true,pending,
007-reading-fded905c3f320e82,reading,,lĭa gūa kâi chin kẁn lóng-cóng lâi,the relatives of the same and of other surnames all came.,313,1,lăi gūa kâi chin kẁn lóng-cóng lâi,,true,pending,
007-review-101c71c20d0bd06e,review,,cí tîo ŏi kẁn kàu nín kâi châng kò̤ khṳ̀ a bŏi?,Does this stream of water flow through into your fields or not?,313,1,cí tîo cúi ŏi kẁn kàu nín kâi châng kò̤ khṳ̀ a bŏi ?,,true,pending,
007-review-b1351763724ab1ef,review,,cía gû-nek ŭ kẁn cúi a bô̤?,"Has this beef had water forced into it, (to make it appear fat)?",313,1,cía gû-nêk ŭ kẁn cúi a bô̤ ?,,true,pending,
007-review-3ce092834acf13ea,review,,i lâu kàu úa hó̤ kẃn hó̤ thăi i,upon his coming I entertained him very courteously.,313,1,i lâi kàu úa hó̤ kẃn hó̤ thăi i,,true,pending,
007-review-07a27d37fd228e48,review,,kŵn co,the rent of a hall.,313,1,kẃn co,,true,pending,
007-review-63063ce704682d75,review,,pó-kẁn cêng cò̤-pû lâi mē?,Did your family come with you?,313,1,pó̤-kẁn cêng cò̤-pû lâi mē ?,,true,pending,
007-review-c696c7c1583ea7e5,review,,sîp kẁn seng cṳ̆-jîen,practice renders one perfect.,313,1,sîp kẁn sêng cṳ̆-jîen,,true,pending,
007-review-37a4c03b3b361c0d,review,,i a-bó̤ cò̤ sū kèng kwt-tẁn,his mother acts with greater decision.,314,1,i a-bó̤ cò̤ sṳ̄ kèng kwt-tẁn,,true,pending,
007-review-e46044cdcfc3a068,review,,i ŭ bw̄n ke châi,he is very rich.,314,1,i ŭ bw̄n kẁn ke châi,,true,pending,
007-reading-e43d900fa2d8d959,reading,,kha thâu u,the knee.,315,1,kha wt,,true,pending,
007-review-278805addb56b065,review,,"ciu-jît bô̤ sṳ̂, cîah pá to sĭ tó̤ kek-khá","has nothing to do all day, and when he has eaten all he wants he goes to devising mischief.",315,1,"ciu-jît bô̤ sṳ̄, cîah pá to sĭ tó̤ kek-khá",,true,pending,
007-reading-09f7becc97d728b1,reading,,cía sĭ tek-tek khak-khak kâi cèng-kṳ̄,this is substantial proof.,317,1,cía sĭ tek-tek khak-khak kâi cèng-kṳ̆,,true,pending,
007-review-73164334e703cc20,review,,cèng nâng m̄ káⁿ khai-jû,others dare not aspire to the possession of it.,317,1,cèng nâng m̄ káⁿ khái-jû,,true,pending,
007-review-4b811bca5cdb79ce,review,,sîn-khah tê,"a medicine for colds, brought from Chinchew near Amoy.",317,1,sîn-khak tê,,true,pending,
007-reading-c9163059df4fbb46,reading,,"phah toā khăm, phah lío khŏm-khŏm-kìe","sound the great cymbals, and hear their clash.",319,1,"phah tōa khăm, phah lío khŏm-khŏm-kìe",,true,pending,
007-reading-10a81ed2a9d9fe64,reading,,tâng mn̂g- khí-cá cîah kàu taⁿ tn̂g khang tó khang,since breakfast this morning my stomach has remained unfilled.,319,1,tâng mn̂g-khí-cá cîah kàu taⁿ tn̂g khang tó khang,,true,pending,
007-reading-bdc32879b895ae56,reading,,tì-kó̤ kâi mn̂g khăm-khăm-kìe?,What door is it that is banging?,319,1,tī-kó̤ kâi mn̂g khăm-khăm-kìe ?,,true,pending,
007-review-dd1eb21dfc471f71,review,,ciu jît gîap-gîap to sĭ cò̤ khang-khue,is at work incessantly all day long.,319,1,ciu jît gîap-gîap to sĭ cò̤ khang-khùe,,true,pending,
007-review-c0e7c4a78bfd55c5,review,,"cí kâi gê-cí khang-khang khak-khak, bô̤ nek","this cocoa-nut is perfectly hollow, and has no meat in it.",319,1,"cí kâi gê-cí khang-khang khak-khak, bô̤ nêk",,true,pending,
007-review-018bad444c1c0bb4,review,,"i kâi mêh khau, cìaⁿ-cìaⁿ sĭ sit hueh kâi mêh","her pulse is irregular, and is plainly like the pulse of one who has lost blood.",321,1,"i kâi mêh khau, cìaⁿ sĭ sit hueh kâi mêh",,true,pending,
007-review-d30a29a7800b1099,review,,khap kun kong khi,the whole department unites in this public notice.,321,1,khap kŭn kong khí,,true,pending,
007-review-4e3017725973fc51,review,,khâp saⁿ ē thau,lay the forehead on the floor three times.,321,1,khâp saⁿ ē thâu,,true,pending,
007-reading-57abbb8116499be8,reading,,cham- che lō kháu,cross-roads; the point where several roads meet.,322,1,cham-che lō kháu,,true,pending,
007-review-7500d78e34d938ce,review,,bo ho̤ ki kháu,there is no good evidence for it.,322,1,bô̤ hó̤ ki kháu,,true,pending,
007-review-9a86dd2dea7329b7,review,,khàu,To strike the bead on the ground as in worship.,322,1,,To strike the head on the ground as in worship.,true,pending,
007-review-feb4730d6ba9c095,review,,pang siaⁿ tăi khàu,began to cry aloud.,322,1,pàng siaⁿ tăi khàu,,true,pending,
007-review-2c1f06b9d9838922,review,,tăi khau,the triennial examination.,322,1,tăi kháu,,true,pending,
007-example_split-e490dfd32d933a79,example_split,,khi,To impose upon; to abuse when in power. tōa hieⁿ khi-hŭ síe hieⁿ; a large village oppresses a small one.,324,1,khi,To impose upon; to abuse when in power.,true,pending,
007-example_split-e490dfd32d933a79,example_split,,khi,To impose upon; to abuse when in power. tōa hieⁿ khi-hŭ síe hieⁿ; a large village oppresses a small one.,324,2,tōa hieⁿ khi-hŭ síe hieⁿ,a large village oppresses a small one.,true,pending,
007-review-901df87dbfa833d6,review,,"bô̤ ài-sieh hia-ⁿtĭ, ío būe tá-kíu, hŵn àiⁿ khi-lêng hiaⁿ-tĭ","does not love his brothers, and what is still worse, he wants to dispossess his brothers of their rights.",324,1,"bô̤ ài-sieh hiaⁿ-tĭ, ío būe tá-kín, hŵn àiⁿ khi-lêng hiaⁿ-tĭ",,true,pending,
007-review-667779af0e147b7d,review,,khí kṳ im cîah cùe àiⁿ ŭ cak,under all circumstances moderation in eating and drinking is most desirable.,325,1,khí kṳ ím cîah cùe àiⁿ ŭ cak,,true,pending,
007-review-7026a5ea1f59cada,review,,àiⁿ khí lâu a m̆?,Are yon going to add a second storey?,325,1,,Are you going to add a second storey ?,true,pending,
007-reading-b1160c31a484a021,reading,,khì-kŭ côi- cíaⁿ,the utensils are all in order.,326,1,khì-kŭ côi-cíaⁿ,,true,pending,
007-reading-26ea6a2330b7290a,reading,,"khí tōiⁿ, bǒi cù","the tooth is sound, it is not decayed at all.",326,1,"khí tōiⁿ, bŏi cù",,true,pending,
007-reading-f7f63175e23157a9,reading,,máng bé-khí; to make edging bé-khí pĭⁿ,edging.,326,1,máng bé-khí,,true,pending,
007-review-56b16018bb832aef,review,,"i chin nâng cò̤-nî khang-khieh, khang-khieh i m̄ khi","however much his relatives train him, they cannot bring him to any good.",326,1,"i chin nâng cò̤-nî khang-khieh, khang-khieh i m̄ khí",,true,pending,
007-review-e636c8d1a25d57dd,review,,máng bé-khí; to make edging bé-khí pĭⁿ,edging.,326,1,máng bé-khí,to make edging,true,pending,
007-review-1dd1487e940a729e,review,,phah ka-lâuh i kâi khi,knocked his tooth out.,326,1,phah ka-lâuh i kâi khí,,true,pending,
007-review-ff9f44b836ebf634,review,,úa sek khi khṳ̀ khṳt lṳ́ sah,I will throw it up for you to catch.,326,1,úa sek khí khṳ̀ khṳt lṳ́ sah,,true,pending,
007-reading-14b31447e6a2a066,reading,,"i kâi khì ngêk-phû hó̤ khṳ̀ chūe sŭn khì, kàng khì kâi îeh lâi cîah",this does not agree with him: get some sort of soothing medicine for him to take.,327,1,"i kâi khì ngêk-phû ； hó̤ khṳ̀ chūe sŭn khì, kàng khì kâi îeh lâi cîah",,true,pending,
007-reading-21f06a43fe1d8ea0,reading,,i kâi ngŵn khì cok căi,his constitution is very strong.,327,1,i kâi n̂gwn khì cok căi,,true,pending,
007-reading-64327bf842002e3a,reading,,cía cī sĭ khî sṳ̄,this is very strange.,328,1,cía cū sĭ khî sṳ̄,,true,pending,
007-review-b103a6204e1c0f5e,review,,chun-khî sía jîeh coi?,How many years are recorded?,328,1,chun-khî sía jîeh cōi？,How many years are recorded ?,true,pending,
007-review-96fb5e940209a5f1,review,,"tong-kok kâi cì huap ŭ saⁿ khí cêk khí sĭ thiⁿ-sîn, cêk khí sĭ tī-khî, cêk khí sĭ nâng-kúi","the Chinese have three sorts of sacrificial rites, one for the gods of heaven, one for gods of the land, and one for the spirits of the dead.",328,1,"tong-kok kâi cì huap ŭ saⁿ khí : cêk khí sĭ thiⁿ-sîn, cêk khí sĭ tī-khî, cêk khí sĭ nâng-kúi",,true,pending,
007-reading-3a766856e5f097bb,reading,,koiⁿ-thaû kûiⁿ-khìa kûiⁿ-khìa,chuckle-headed.,329,1,koiⁿ-thâu kûiⁿ-khìa kûiⁿ-khìa,,true,pending,
007-reading-c5b88d835410e54c,reading,,"sûi- sĭ lâu-tŏng tîeh, khiak sĭ cak sêng nâng cêk kĭaⁿ hó̤ sṳ̄","although it makes trouble, it really forwards a commendable object.",330,1,"sûi-sĭ lâu-tŏng tîeh, khiak sĭ cak sêng nâng cêk kĭaⁿ hó̤ sṳ̄",,true,pending,
007-review-81b6cac680da0dc5,review,,taⁿ kâi nang hṳ̂-lêng cío-ciaⁿ cìaⁿ ŭ kâi khang-khiah cū toa-bó̤-mûeh nâng lâi tó̤ hùn,"the people of the present time are like dragon fish and fairy birds, wherever there is a chink they come in swarms boring their way through.",330,1,taⁿ kâi nâng hṳ̂-lêng cío-ciaⁿ cìaⁿ ŭ kâi khang-khiah cū tōa-bó̤-mûeh nâng lâi tó̤ hùn,,true,pending,
007-review-0eb4251623d75858,review,,huang kháu cṳ khîam put hṳ́ tân tī,it is not allowable to send private letters to the yamun.,331,1,huang kháu cṳ khîam put hṳ́ tâu tī,,true,pending,
007-review-f6918cd0a072314c,review,,khîeh ke cêk kâi khîam lô̤h khṳ̀ chò poih sek,put in a necklace besides to make up a variety in the presents.,331,1,khîeh ke cêk kâi khîam lô̤h khṳ̀ chò̤ poih sek,,true,pending,
007-review-40919e730e4cb7bd,review,,bô̤ khih-kíaⁿ-ni àiⁿ hìeⁿ-cōi cîⁿ!,Wants so much money for that small quantity!,333,1,bô̤ khih-kíaⁿ-nî àiⁿ hìeⁿ-cōi cîⁿ！,,true,pending,
007-review-d7f88041e55e1c3e,review,,khîm lîah; khîm ûak; to arrest.,,334,1,khîm lîah; khîm ûak,to arrest.,true,pending,
007-reading-ae48f74b700ac6c1,reading,,thoíⁿ tîeh i cū khíong-kŭ,when he saw it he was afraid.,336,1,thóiⁿ tîeh i cū khíong-kŭ,,true,pending,
007-review-c4917ab5ffab629a,review,,khǹg-pàng tī-kò̤?,Where is is laid away?,337,1,khǹg-pàng tī-kò̤?,Where is it laid away ?,true,pending,
007-reading-fe7b41c849df467d,reading,,khò-thúi khè,trowsers that are tied at the ankle.,338,1,khò-thúi-khò,,true,pending,
007-reading-9e31055323cec306,reading,,tī-kò̤?,Where is is laid away?,338,1,khǹg-pàng tī̄-kò̤ ?,,true,pending,
007-reading-fdf10d40be6dc062,reading,,úa thó̤iⁿ lṳ́ kâi jī cêk phien kúi kâi kho,I see that one page of your writing has several letters marked as well written.,338,1,úa thóiⁿ lṳ́ kâi jī cêk phien kúi kâi kho,,true,pending,
007-reading-e335c8db6bf0c2d5,reading,,sùe khò̤i,the official fee for stamping a document.,339,1,sùe khòi,,true,pending,
007-review-4441770a83afdd1d,review,,cháu tāi-khò,round cardamoms.,339,1,cháu tāu-khò,,true,pending,
007-review-234a3e8b82c2c5cb,review,,i ŏi siu kùe khoi,he can swim across the stream.,339,1,i ŏi sîu kùe khoi,,true,pending,
007-review-034cd2e6384b2b2e,review,,lṳ́ cîah tîeh khoi hṳ̂ hó̤ a hái hṳ̂ hó̤?,"Which do you like best, the fish from fresh or from salt waters?",339,1,,"Which do you like best, the fish from fresh or from salt waters ?",true,pending,
007-review-60058e323c3a4b79,review,,cí kâi kuaⁿ tham khok,this ofiicer is avaricious and tyrannical.,340,1,,this officer is avaricious and tyrannical.,true,pending,
007-reading-efa75e74c84ac694,reading,,i seⁿ lâi sĭ a-khòng,he is a natural clown.,341,1,i seⁿ lâi sĭ a-khòng peh,,true,pending,
007-reading-73dcf2cf8c3a798e,reading,,khòng,Stupid; doltish; simple.,341,1,ngà,,true,pending,
007-reading-5d5b989191967502,reading,,tŏng khang-kho̤,begin war.,341,1,tŏng kang-kho̤,,true,pending,
007-review-6c3b5244db76fedc,review,,i tit tîeh cêk khó̤ mêⁿ mêng cu,he gained a a gem that sparkles in the dark.,341,1,,he gained a gem that sparkles in the dark.,true,pending,
007-review-5c0f6d02cdfd8f8f,review,,kho-cèng méⁿ i hóⁿ,an inquisitive government is more savage than a tiger.,341,1,kho̤-cèng méⁿ i hóⁿ,,true,pending,
007-reading-ebe47ecfb8ec0064,reading,,khu cêk kâi kúi chut lâi teng-tùe,forced a demon to come out and attend upon him.,342,1,khu cêk kâi kúi chut lâi teng-tùe i,,true,pending,
007-review-86567511263e83c1,review,,ci kâi mn̂g-kha-khŭ tîeh ūaⁿ,the socket in which this door turns must be renewed.,342,1,cí kâi mn̂g-kha-khŭ tîeh ūaⁿ,,true,pending,
007-review-48ce966388ab7092,review,,cē bô̤ nâng khu-sok cū thèng cò̤,whenever be is without some one to restain him he acts recklessly.,342,1,,whenever he is without some one to restain him he acts recklessly.,true,pending,
007-review-b297df347a60c205,review,,i khua-cìang i kàu cìaⁿ ŏi,he extoled his being so upright and able.,342,1,i khua-cìang i kàu hía cìaⁿ ŏi,,true,pending,
007-reading-35a7b636a3537115,reading,,"cí kò̤ lâng-kang lâuh-hâuh, m̄ hóy hàm sin khùa lô̤h khṳ̀","this railing is old and shaky, you must not lean your whole weight upon it.",343,1,"cí kò̤ lâng-kang lâuh-hâuh, m̄ hó̤ hâm sin khùa lô̤h khṳ̀",,true,pending,
007-reading-4310edbd08e50d91,reading,,"cí-kò̤ khah chíen, khíong-ài khùa","it is too shallow here, there is danger of running aground.",343,1,"cí-kò̤ khah chíen, khíong-ùi khùa",,true,pending,
007-reading-5fd0b8de3c8cbbe6,reading,,hŵn lâu sin-seⁿ lṳ́ kio úa cài khùʰ cē,"will trouble you, Sir, to make another effort to divine my fate?",343,1,hŵn lâu sin-seⁿ lṳ́ kio úa cài khùaⁿ cē,,true,pending,
007-review-e30d6f7102c92b65,review,,cìeⁿ-seⁿ tì-kàu khùa-gāi tîeh,was in this way biought to a standstill.,343,1,,was in this way brought to a standstill.,true,pending,
007-review-5d370f02de09b09d,review,,khuaⁿ tîeh m hó,discovered by divination that it was unlucky.,343,1,khùaⁿ tîeh m̄ hó̤,,true,pending,
007-review-effba3ebe296733a,review,,khùaⁿ sṳ̄,to find out things by divina- .,343,1,,to find out things by divination.,true,pending,
007-review-39829555ec727f31,review,,"lí khuaⁿ cē, màiⁿ lí khah meⁿ","do it gently, do not be too hasty in setting it right.",343,1,"lí khuaⁿ cē, màiⁿ lí khah méⁿ",,true,pending,
007-review-c449e8998899708d,review,,àiⁿ līen kau ũ khua lâk sĭ cò̤-nî līen?,"If one wishes to develop strength of thigh, in what way should he exercise?",343,1,àiⁿ līen kàu ŭ khua lâk sĭ cò̤-nî līen ?,"If one wishes to develop strength of thigh, in what way should he exercise?",true,pending,
007-reading-55dbe9f5a208c1ea,reading,,tàⁿ lâi thìang- khùai căi,very sharply said.,344,1,tàⁿ lâi thìang-khùai căi,,true,pending,
007-review-29e2d5457bb07dda,review,,"ciu-jît to sĭ khùai-khùai lâk-lâk, míen hwn-ló̤","is as happy as the day is long, and has no occasion for sorrow.",344,1,"ciu-jît to sĭ khùai-khùai lâk-lâk, míen hŵn-ló̤",,true,pending,
007-review-bc78188763b5e71e,review,,cía khuah kùe hia,this is wider than that.,344,1,cía khuah kùe hía,,true,pending,
007-review-dfc70578b1432f94,review,,khuah kue kak-tieⁿ-po,broader than a parade ground.,344,1,khuah kùe kak-tîeⁿ-po,,true,pending,
007-review-e55af9d643095f14,review,,khuah-khuah toa-toa,capacious.,344,1,khuah-khuah tōa-tōa,,true,pending,
007-review-d5cce77770057ce5,review,,khuai,Glad; cheerful; pleasure; alacrity; rapid; prompt.,344,1,khùai,,true,pending,
007-review-04720dad2af9ca78,review,,khùaⁿ-khuaⁿ ûah-ûah,without hardship of any sort.,344,1,khùaⁿ-khùaⁿ ûah-ûah,,true,pending,
007-review-894b17b815c7adaf,review,,khùaⁿ-uah,"at ease, comfortable.",344,1,khùaⁿ-ûah,,true,pending,
007-review-b0b60535324c2848,review,,kiaⁿ khuang,a picture frame.,344,1,kìaⁿ khuang,,true,pending,
007-review-f08dd690ce83e972,review,,m̄-hó̤ tham khùaⁿ-uah,one should not covet ease.,344,1,m̄-hó̤ tham khùaⁿ-ûah,,true,pending,
007-review-2dcf4fe37221fee5,review,,sŭ khoi khuah,talk about what happened while we were separated.,344,1,sŭ khòi khuah,,true,pending,
007-review-2caf1bdd2ad9797b,review,,àiⁿ cò̤ jieh khuah?,How wide do you want it made?,344,1,àiⁿ cò̤ jîeh khuah ?,,true,pending,
007-reading-c099b2047837eb4a,reading,,khùang-iá,a desert; a wilderness.,345,1,khùang-ía,,true,pending,
007-review-91a0b58718a76253,review,,cìeⁿ-sî kâi kéng-khùang hó mē?,Do the times go well with you lately?,345,1,cìeⁿ-sî kâi kéng-khùang hó̤ mē ?,,true,pending,
007-review-e95ccf521e6fa9b2,review,,"cí kâi ēng cîⁿ li khah khùang, ci kâi ēng cîⁿ li khah siap","the one uses money too imprudently, while the other is too close-fisted.",345,1,"cí kâi ēng cîⁿ li khah khùang, cí kâi ēng cîⁿ li khah siap",,true,pending,
007-review-b9dabeb4b75a7384,review,,"cṳ̆-lâi kâi kéng khùang to m̄ hó̤, taⁿ ciaⁿ cĭam-cĭam hó̤","heretofore the times have gone ill with me, now they are gradually improving.",345,1,"cṳ̆-lâi kâi kéng hùang to m̄ hó̤, taⁿ cìaⁿ cĭam-cĭam hó̤",,true,pending,
007-review-fccb966c7d8b94ac,review,,ho khùang sĭ cìeⁿ-seⁿ,and how much the more since it is thus.,345,1,hô̤ khùang sĭ cìeⁿ-seⁿ,,true,pending,
007-review-8775fb243bfbd2f1,review,,ho khùang sĭ lṳ́!,How much the more since it is you!,345,1,hô̤ khùang sĭ lṳ́ ！,,true,pending,
007-review-cfb7524cc24eb770,review,,hāng lâi ŭ cêk kâi khùang tîaⁿ,in this alley there is a wide vacant area.,345,1,hāng lăi ŭ cêk kâi khùang tîaⁿ,,true,pending,
007-review-dd992718efb5cf47,review,,"i kâi chiu-thâu khùang kùiⁿ-sìⁿ, mih sṳ̄ to sĭ khùang-khùang lí-kẃn sái","he is accustomed to be free-handed, and on all occasions he spends rashly and extravagantly.",345,1,"i kâi chíu-thâu khùang kùiⁿ-sìⁿ, mih sṳ̄ to sĭ khùang-khùang lí-kẃn sái",,true,pending,
007-review-28a806a886ab05e9,review,,"khùang tói kâi muêh sṳ̆ lí hó̤, kĭu cìaⁿ hó̤ lôh khùang","after all things are arranged in the vault, the coffin may then be lowered into it.",345,1,"khùang tói kâi mûeh sṳ̆-lí hó̤, kĭu cìaⁿ hó̤ lô̤h khùang",,true,pending,
007-review-98bb09b47323a860,review,,khúang-khek bô lî,were not separated for a moment.,345,1,khúang-khek bô̤ lî,,true,pending,
007-review-cb3ec3ce9b76337b,review,,"kū nî bó̤ siu-sîp, kâi khùang thâp lô̤h khṳ̀","it has not been repaired for many years, and the vault has caved in.",345,1,"kū nî bô̤ siu-sîp, kâi khùang thâp lô̤h khṳ̀",,true,pending,
007-review-174ad29ebbf2e8ef,review,,ngŏ̤ tîeh cêk ciah khûang káu jw̆n pui,came across a rabid dog barking furiously.,345,1,ngŏ̤ tîeh cêk ciah khûang káu jw̆n pūi,,true,pending,
007-reading-13a0472503889ac7,reading,,"kong cṳ siú cía, cŭe cū khue",the leader is held to be guiltiest of all.,346,1,"kong cṳ síu cía, cŭe cū khue",,true,pending,
007-reading-2073498046ff15b7,reading,,tìu-thâi cêk kù thâu-khue cìen-kak ngía căi~~~~(;),the brigadier general's helmet and armor are very beautiful.,346,1,tìn-thâi cêk kù thâu-khue cìen-kak ngía căi,,true,pending,
007-reading-6c68ee9115c414c8,reading,,úa cēng tòa piaⁿ kio chîo-thêng khue-hôk cōi sîaⁿ-tî,I have lead the troops and recovered many cities for the government.,346,1,úa cêng tòa piaⁿ kio chîo-thêng khue-hôk cōi sîaⁿ-tî,,true,pending,
007-review-03e006928c5db11f,review,,ci kâi toaⁿ ui cêk ieⁿ cu khue,"this one is a specialist, treating only small pox.",346,1,cí kâi toaⁿ ui cêk īeⁿ cu khue,,true,pending,
007-review-351135d2253a88ca,review,,cieⁿ khue,the late examination.,346,1,cīeⁿ khue,,true,pending,
007-review-ba5355bc7e1cd88b,review,,cí kâi sĭ sin khue cŏ̤-ngwn,this is the senior wrangler of the late examination.,346,1,cí kâi sĭ sin khue cŏ̤-ngŵn,,true,pending,
007-review-93aeef35a4a788cb,review,,"cí kâi sĭ ui lăi-khue, hú kâi sĭ ui gūa-khue","this one treats internal diseases,and that one treats skin diseases.",346,1,"cí kâi sĭ ui lăi-khue, hṳ́ kâi sĭ ui gūa-khue",,true,pending,
007-review-74f8171835088614,review,,cía sĭ tó̤ ta̤ⁿ khue-hâi kâi ūe,this is a jest.,346,1,cía sĭ tó̤ tàⁿ khue-hâi kâi ūe,,true,pending,
007-review-26eef25cbc9ad70b,review,,hṳ́ kâi lĭ miaⁿ-ke ui sío jî khue,that one is skillful in the treatment of children's diseases.,346,1,hṳ́ kâi li mîaⁿ-ke ui sío jî khue,,true,pending,
007-review-e383331f481b7845,review,,hṳ́ kúi nî in-ûi kak chù hẃn-lw̆n bô̤ khui khue,"during those years, no examinations wore held, on account of there being revolts everywhere.",346,1,,"during those years, no examinations were held, on account of there being revolts everywhere",true,pending,
007-review-e548cf75a0148fde,review,,i cṳ̄-lai kâi theng khue chau cò̤ cêk png,the compositions he has heretofore written are copied into one volume.,346,1,i cṳ̆-lâi kâi theng khùe chau cò̤ cêk pńg,,true,pending,
007-review-e9c3a09331ad67db,review,,"tàⁿ ūe to sĭ khue-khue hâi-hâi, hâi nâng chìe bŏi tit hiah","he is always jesting, and making people laugh.",346,1,"tàⁿ ūe to sĭ khue-khue hâi-hâi, hāi nâng chìe bŏi tit hiah",,true,pending,
007-review-49cff3c809da7d91,review,,ŭ nŏ̤ ieⁿ cŭe cū sĭ chông tăng kâi khue-tẁn,where there are too sorts of crimes for which the same person is to be punished the greater crime is the one for which he is tried.,346,1,ŭ nŏ̤ īeⁿ cŭe cū sĭ chông tăng kâi khue-tẁn,,true,pending,
007-review-39855104af2c1b3b,review,,cho̤ kàn jīm cū àiⁿ sīa khueh,"on arriving at one’s post, one makes obeisance (toward the Imperial Palace).",347,1,cho̤ kàu jīm cū àiⁿ sīa khueh,,true,pending,
007-review-2581844f6724911b,review,,cí kĭaⁿ sṳ̄ chíaⁿ khueh-gî pàng kò̤,do not giye this full credence at once.,347,1,,do not give this full credence at once.,true,pending,
007-reading-3cdc99dc38390d4d,reading,,cṳ̄ khui thiⁿ-tī kàu taⁿ,from the creation till now.,348,1,cṳ̆ khui thiⁿ-tī kàu taⁿ,,true,pending,
007-review-c6586e13d6bfa903,review,,i kâi ūe tàⁿ m̄ khui kau,be keeps talking about it.,348,1,,he keeps talking about it.,true,pending,
007-review-df783979c1d8f4a2,review,,"seⁿ-phêng bô cò̤ khui sim sṳ̄, mêⁿ-kùa phah mn̂g ua m̄ kiaⁿ","in all my life I have never done a dishonest act, and when any one knocks at the door in the night, I am not afraid.",348,1,"seⁿ-phêng bô̤ cò̤ khui sim sṳ̄, mêⁿ-kùa phah mn̂g úa m̄ kiaⁿ",,true,pending,
007-reading-088ae8db45acacec,reading,,cĭeⁿ khùi hâⁿ būe cheng-chó̤,the first installment is not paid in full.,349,1,cĭeⁿ khùi hâiⁿ būe cheng-chó̤,,true,pending,
007-review-4d46ff74c39f04a2,review,,khui-cà,tricky.,349,1,khúi-cà,,true,pending,
007-review-bfcf4c07ce883ad8,review,,"pak hái tèng ŭ īeⁿ khun-hṳ̂ tōa căi, ŏi pien cò̤ tōa phâng-cío",in the northern seas there is a species of sea-monster that changes into a roc.,349,1,"pak hái tèng ŭ īeⁿ khun-hṳ̂ tōa căi, ŏi pìen cò̤ tōa phâng-cío",,true,pending,
007-reading-ac28281147ad65b5,reading,,cêk khûn cêk khûn tùi cí-kò̤ kùe,"they passed by here in companies, making many in all.",350,1,"cêk khûn cêk khûn tùi cí-kò̤ kùe, cōi căi",,true,pending,
007-reading-9c90bbbca4bac153,reading,,ke khṳ̀n i cū lâi,he will come presently.,350,1,ke khùn i cū lâi,,true,pending,
007-reading-124d20dc5e8fb4d6,reading,,khṳ̀n,Empty; hungry; famished.,350,1,khùn,,true,pending,
007-review-95f8e342e36bf161,review,,i kâi khûn-céng sĭ nng-sì-khûn a sĭ ngĕ-sì-khûn?,Does his strength as a boxer lie in defense or in assault?,350,1,i kâi khûn-céng sĭ nńg-sì-khûn a sĭ ngĕ-sì-khûn ?,,true,pending,
007-review-0efd7ad9b0532983,review,,"khún lío, phit-phah cē lío, pàng i khṳ̀, màiⁿ lîah khṳ̀ sàng kuaⁿ","bind him and then beat hin a little and let him go, withont delivering him over to the magistrate.",350,1,,"bind him and then beat him a little and let him go, without delivering him over to the magistrate.",true,pending,
007-review-023efa3917532a5a,review,,khûn kâi châk khṳ̀ sàng,bind a thief and take him into custody.,350,1,khún kâi châk khṳ̀ sàng,,true,pending,
007-review-ee92f27af3b6e9bd,review,,kâi nâng taⁿ nŏ khún,a man carries two bales.,350,1,kâi nâng taⁿ nŏ̤ khún,,true,pending,
007-review-0f862c694610ed4a,review,,nâng cē khùn-khùn tŏaⁿ-tŏaⁿ to cū bŏi lí sṳ̄,when one is fagged ont be cannot attend to business.,350,1,,when one is fagged out he cannot attend to business.,true,pending,
007-reading-2a9fc8290e4cebe1,reading,,bô̤ nâng âiⁿ khṳ̀,no one is going.,351,1,bô̤ nâng àiⁿ khṳ̀,,true,pending,
007-reading-6fba950d5f913629,reading,,cṳ-nîe hùe īa kàu khûn kàu khûn khṳ̀ thóiⁿ hì,the women folk go in squads to see the play.,351,1,cṳ-nîe hùe īa kàu khûn khṳ̀ thóiⁿ hì,,true,pending,
007-reading-7b66ea2077a9358e,reading,,i íⁿ-keng khṳ̀ kú kío,he went a long time ago.,351,1,i íⁿ-keng khṳ̀ kú lío,,true,pending,
007-review-d57f3d4886ad5045,review,,cí câng hue khut cò̤ cêk ciah cío,bend this shrub into tho shape of a bird.,351,1,,bend this shrub into the shape of a bird.,true,pending,
007-review-de3ce4117cd96f4b,review,,i tùi hṳ́-kò li-li khṳ̀,he went on past there.,351,1,i tùi hṳ́-kò̤ li-li khṳ̀,,true,pending,
007-review-a206406647aef8c1,review,,"khṳ̀ kàn hìeⁿ hn̆g kang-khó căi, nán màiⁿ khṳ̀ hó̤","to go so far is very tiresome, it is better for us not to go.",351,1,"khṳ̀ kàu hìeⁿ hn̆g kang-khó căi, nán màiⁿ khṳ̀ hó̤",,true,pending,
007-review-0b91d0bc744fa0e3,review,,lṳ́ àiⁿ khṳ̀ a m̆?,Aro you going or not?,351,1,,Are you going or not ?,true,pending,
007-review-b453208b6a244749,review,,sĭu m̄ khṳ̀,will not suffer oppression.,351,1,"sĭu khut, sĭu m̄ khṳ̀",,true,pending,
007-reading-8c71ba75a35eed36,reading,,cie nàng lâi khui-khṳ́n,advertise for laborers in breaking new soil.,352,1,cie nâng lâi khui khṳ́n,,true,pending,
007-reading-c0340281e609f36e,reading,,pung huang chue khù,blown away by the wind.,352,1,pun huang chue ~~khù~~(khṳ̀),,true,pending,
007-review-106288307ddc8146,review,,khṳt i mûeh tīo khù,has spoiled it.,352,1,khṳt i mûeh tīo khṳ̀,,true,pending,
007-review-35b1b9e45235f5fa,review,,sĭm sĭ khṳ̂n-lân,is very painstaking.,352,1,sĭm sĭ khṳ̂n-lâu,,true,pending,
007-reading-85ec6d6f8ca1b0e0,reading,,châng īa bw̄n khẃn,a vast extent of arable land.,353,1,châng tī bw̄n khẃn,,true,pending,
007-reading-8b0913f2d5343a7f,reading,,i kâi châng-bn̂g bw̄n khẃn,he owns an immeasurable stretch of land.,353,1,i kâi châng-hn̂g bw̄n khẃn,,true,pending,
007-reading-b6983a74ac022f32,reading,,khṳt úa lâi khùi,let me go.,353,1,khṳt úa lâi khṳ̀,,true,pending,
007-reading-1556af8f3c808d88,reading,,tīa kîⁿ cêk khwn lóng-cóng àiⁿ kit cò̤ cîeh kâi,the enclosure is to be built wholly of stones.,353,1,tī kîⁿ cêk khwn lóng-cóng àiⁿ kit cò̤ cîeh kâi,,true,pending,
007-reading-0cc0ebbd941b2004,reading,,àiⁿ sàng khṳt tīa-tîang?,To whom are you going to give it?,353,1,àiⁿ sàng khṳt tī-tîang ?,,true,pending,
007-review-75c4eb99aa2ef7d4,review,,khṳ̂n,A stack; to stack np; to pile.,353,1,,A stack; to stack up; to pile.,true,pending,
007-reading-e28b941a97bcb634,reading,,"bô̤ kò̤ sa-la, thô ĕ mông kò̤ cîeh-pó khṳ̀ kâk i","there was nothing else that I could get hold of, and so I caught up a stone from the ground and threw it at him.",354,1,"bô̤ kò̤ sa-la, thô ĕ mông kò̤ cîeh-pŏ khṳ̀ kâk i",,true,pending,
007-review-d36bf2739605cac9,review,,cêk cio khŵn tŏ̤ chíu cū jŵn cò̤,"as soon as he has a little temporary power in his bands, he acts without regard to other people's rights.",354,1,cêk cio khŵn tŏ̤ chíu cū jw̆n cò̤,"as soon as he has a little temporary power in his hands, he acts without regard to other people’s rights.",true,pending,
007-review-c04d8abed72e509d,review,,cûa khŵn iⁿ-iⁿ,a snake coiled upon itself in circles.,354,1,cûa khŵn îⁿ-îⁿ,,true,pending,
007-review-7ee9fe6c38438fed,review,,i cía ciⁿ sĭ tŏ̤ chin phêng kò̤ la-lóng kâi,this money is what he has borrowed with difficulty from his relations and friends.,354,1,i cía cîⁿ sĭ tŏ̤ chin phêng kò̤ la-lóng kâi,,true,pending,
007-review-b7adf48bb6d4d8b7,review,,khŵn kui cek nâng,the authority is relegated to one individual.,354,1,khŵn kui cêk nâng,,true,pending,
007-review-21e95e90351acf39,review,,àiⁿ cang tī cêk khẃn ciⁿ lâi ēng?,Which sort of coin do you want to use?,354,1,àiⁿ cang tī cêk khẃn cîⁿ lâi ēng ?,,true,pending,
007-review-4b3b3e95aa04b301,review,,"cìeⁿ-si cē kìm tô, tô pang lăi bô̤ lâ bô̤ sà","since the slaughter of animals was prohibited lately, there is neither fat nor meat in the butchers' shops.",355,1,"cìeⁿ-sî cē kìm tô, tô pang lăi bô̤ lâ bô̤ sà",,true,pending,
007-review-00edbfcde54291dd,review,,pak-thâu kâi hûe-sîeⁿ ŭ khí sĭ la-ma-ceng,"of the priests at the north, some are Thibetian monks.",355,1,pak-thâu kâi hûe-sīeⁿ ŭ khí sĭ la-ma-ceng,,true,pending,
007-review-75ee425971946da0,review,,phiⁿ la,it is cheap.,355,1,phīⁿ la,,true,pending,
007-review-a581eef28efa10c3,review,,tîeh ēng sĭm-mih līo-bût lâh lăi cìaⁿ hó̤?,What spices should be used in the curing in order to make it good?,355,1,tîeh ēng sĭm-mih līo-bût lâh lâi cìaⁿ hó̤ ?,,true,pending,
007-reading-2864eb14aa0866ce,reading,,i kâi lâi sìu hṳ́ tói cò̤-nī tàⁿ?,What was said in his letter which has just arrived?,356,1,i kâi lâi sìn hṳ́ tói cò̤-nî tàⁿ ?,,true,pending,
007-reading-7d4f9bc67de66b81,reading,,lâi châi cò̤ ìn-póiⁿ sĭang hó̤,the wood of the pear tree is excellent for making blocks to print upon.,356,1,lâi châ cò̤ ìn-póiⁿ sĭang hó̤,,true,pending,
007-review-0f2aa79fd2033b5b,review,,cán-khí lâi cū sói mīn,"when you get up, wash your face.",356,1,cáu-khí lâi cū sói mīn,,true,pending,
007-review-ec0981a6f43f23c5,review,,i kio i ŭ lâi úang a bò̤?,Does he exchange visits with him?,356,1,i kio i ŭ lâi úang a bô̤ ?,,true,pending,
007-review-add34bbd5ed9c4b0,review,,i kâi lâi-in is cò̤-nî?,What are the causes which lead to it?,356,1,i kâi lâi-in sĭ cò̤-nî?,,true,pending,
007-review-243fa651ba437dd1,review,,i tàⁿ lâi tîeh,be speaks rightly.,356,1,,he speaks rightly,true,pending,
007-review-71a60076b59d4fa6,review,,i tī-tiang sî tńg lâi?,When did be come back?,356,1,,When did he come back ?,true,pending,
007-review-7ada208b7a7b0f92,review,,lâh-cie,red pepper.,356,1,,red peppers.,true,pending,
007-review-b338b94f0d5ec91c,review,,lâi kàu taⁿ û jieh kú?,How long is it since you arrived?,356,1,lâi kàu taⁿ ŭ jîeh kú ?,,true,pending,
007-review-466e21ae2d2db5f1,review,,lṳ́ tùi tī-kó̤ lâi?,By which route did you come?,356,1,lṳ́ tùi tī-kò̤ lâi ?,,true,pending,
007-review-1c724e355cbc7441,review,,put lũn o̤h sĭm-mih sṳ̄ to m̄ hó̤ lâh téng,"in whatever one is learning, be should not overstep anything which is in the regular order.",356,1,put lŭn o̤h sĭm-mih sṳ̄ to m̄ hó̤ lâh téng,,true,pending,
007-review-64e17c61a86aabec,review,,pêh lâh,"insect wax deposited by the *Coccus pe-la*, on the *Fraxinus chinensis*.",356,1,,"insect wax deposited by the Coccus pe-la, on the Fraxinus chinensis.",true,pending,
007-review-d60347d1b51e5359,review,,sîap-lâh sì-bŭ kâi nâng,one who has bad experience in worldly affairs.,356,1,,one who has had experience in worldly affairs,true,pending,
007-review-80df23335cc047b8,review,,cîah kàu hìeⁿ tōa kâi bô tó bô̤ lăi,"is so well grown, and yet has so little judgment.",357,1,cîah kàu hìeⁿ tōa kâi bô̤ tó bô̤ lăi,,true,pending,
007-review-fab07fb786c63944,review,,cò̤ cai i tó lăi cò̤-nĭ sĭeⁿ?,How can you know what his thoughts are?,357,1,cò̤ cai i tó lăi cò̤-nî sĭeⁿ ?,,true,pending,
007-review-32ab03f167bf7022,review,,lak kàu nĕ lí-lī,withdrew entirely.,357,1,lak kàu nĕ lī-lī,,true,pending,
007-review-a400562e64bef115,review,,lăi tī,in the interior; in the country.,357,1,lăi tī̄,,true,pending,
007-review-0be44a102a1ff3f6,review,,naⁿ-lâk,comfortable.,357,1,uaⁿ-lâk,,true,pending,
007-review-f5d023babda6f4eb,review,,"thóiⁿ tîeh i kâi mīn-tîeⁿ seⁿ lâi to ho̤h lêng-lāi, cò̤-nî tó lăi hìeⁿ ṳ̀-cṳ̀?","His face looks very intelligent, bow is it that he is really so stupid?",357,1,"thóiⁿ tîeh i kâi mīn-tîeⁿ seⁿ lâi to ho̤h lêng-lāi, cò̤-nî tó lăi hìeⁿ ṳ̀-cṳ̀?","His face looks very intelligent, how is it that he is really so stupid ?",true,pending,
007-review-c60109e455f9a700,review,,kiong thîaⁿ gū lám,I respectfully send this up for Your Majesty's inspection.,358,1,kiong thîaⁿ gṳ̄ lám,,true,pending,
007-review-2a4c48560787feb4,review,,lâk jú tîen jú tōa,the more strength is exercised the greater it becomes.,358,1,lâk jú līen jú tōa,,true,pending,
007-reading-68998821e9905f91,reading,,thâu tho̤ sĭ seⁿ lâm a seⁿ nńg?,Was her first born a boy or a girl?,359,1,thâu tho̤ sĭ seⁿ lâm a seⁿ ńng,,true,pending,
007-review-334a5726afff56ad,review,,ciⁿ-ngṳ̂n màiⁿ lăm ēng,do not spend your money thoughtlessly.,359,1,cîⁿ-ngṳ̂n màiⁿ lăm ēng,,true,pending,
007-review-f4850eeba6408676,review,,lâm thâu lâm hĭⁿ cū lâm lôh khṳ̀,"pour it over him, head and ears, (as water from a shower-bath).",359,1,lâm thâu lâm hĭⁿ cū lâm lô̤h khṳ̀,,true,pending,
007-review-ac7a882f5e247b2f,review,,lâm-jin,men.,359,1,lâm-jîn,,true,pending,
007-reading-3d702900403f0124,reading,,cí hûe kău câp tíam lâng,it is now past ton o'clock.,360,1,cí hûe kàu câp tíam lâng,,true,pending,
007-reading-12ce456c97aec75e,reading,,tih lâng tíam lóh̤ khṳ̀,drop in a few drops.,360,1,tih lâng tíam lô̤h khṳ̀,,true,pending,
007-review-a95578335b90c101,review,,cí hûe bô̤ làng-ló̤ ciⁿ,have at present scarcely any cash.,360,1,cí hûe bô̤ lâng-ló̤ cîⁿ,,true,pending,
007-review-3e57808cbf212786,review,,cí hûe kău câp tíam lâng,it is now past ton o'clock.,360,1,cí hûe kàu câp tíam lâng,it is now past ten o'clock.,true,pending,
007-review-d050f1eeb1318bef,review,,i ŭ lâng bōi a bò̤?,Does he sell any at retail?,360,1,i ŭ lâng bōi a bô̤ ?,,true,pending,
007-review-58967714c9b86f05,review,,"lâng peh cíⁿ sṳ̄, màiⁿ po̤h khah thíam",do not bicker too much about a matter of a few hundred cash.,360,1,"lâng peh cîⁿ sṳ̄, màiⁿ po̤h khah thíam",,true,pending,
007-review-4fccdc70797e75bd,review,,lâng tău i m̄ lài,Can you think he would come?,360,1,lâng tău i m̄ lâi ?,Can you think he won't come ?,true,pending,
007-review-be8aa990cb8dcfa0,review,,"tâng i khṳ̀ thò lâng thò hueh, màiⁿ chái i","let him go and spue out his bile, and pay no attention to him.",360,1,"táng i khṳ̀ thò lâng thò hueh, màiⁿ chái i",,true,pending,
007-reading-b78c96d3dee39671,reading,,lâng,A term of respect for officers and others; a gentleman.,361,1,n̂ng,,true,pending,
007-reading-980ea823171eb2f5,reading,,làu,To purge; to flow off.,362,1,sìa,,true,pending,
007-reading-5f5fc681d0c06f52,reading,,m̄ hó̤ khah lâu sīn,do not take too much anxious thought about it.,362,1,m̄ hó̤ khah lâu sîn,,true,pending,
007-review-eb07a8eeaca62d74,review,,bói chûn kâi cíⁿ bói cò̤ lâp-câp mûeh,"the money that I had left after making my purchases, I spent in buying various little things.",362,1,bói chûn kâi cîⁿ bói cò̤ lâp-câp mûeh,,true,pending,
007-review-ce35c44b89b6ba8e,review,,lap úaⁿ cui lâi khṳt úa,dip up a bowlful of water and give it to me.,362,1,lap úaⁿ cúi lâi khṳt úa,,true,pending,
007-review-deeb530cabed8a95,review,,lân lâk kâi nâng,a toiler.,362,1,lâu lâk kâi nâng,,true,pending,
007-review-61cd50c1e1266d9e,review,,lâp,,362,1,lâp-câp,"mixed; unassorted, confused; sweepings; rubbish.",true,pending,
007-review-9f4d6c2b8ee42e5c,review,,sìo nì láu sêng,an old head on young shoulders.,362,1,sìo nî láu sêng,,true,pending,
007-review-a1e032e7a1db7636,review,,cí koiⁿ chu ngŏ în lâu,this house has five stories.,363,1,cí koiⁿ chù ngŏ în lâu,,true,pending,
007-review-efd6055e17fff09e,review,,"lâu sieⁿ, hṳ sun","injured so as to produce a chronic atrophy, as by immoderate lifting.",363,1,"lâu sieⁿ, hṳ sún",,true,pending,
007-review-222c6236d20a03a2,review,,mih sṳ̄ bó̤ lâu chêng,is not accommodating in anything.,363,1,mih sṳ̄ bô̤ lâu chêng,,true,pending,
007-review-ed971667de7868b7,review,,ngêk lâu; théⁿ lâu,to go against the current.,363,1,"ngêk lâu, thêⁿ lâu",,true,pending,
007-review-6520a6449159f75c,review,,thek sî-kang-kíaⁿ lâu,to float on the tide.,363,1,thek sí-kang-kíaⁿ lâu,,true,pending,
007-reading-6744a8941d65c93f,reading,,cûn làu kang tang pó lāu chî,it is rather late to stop the leak when the boat is in mid channel.,364,1,cûn kàu kang tang pó lāu chî,,true,pending,
007-reading-ad35f2a617dbb856,reading,,cĭ kâi lâi chō̤ cúi bŏi lāu,this will not leak if water is put in it.,364,1,cí kâi lâi chō̤ cúi bŏi lāu,,true,pending,
007-review-52baf16b17e1de33,review,,iap-lāu,to ooze out.,364,1,siap-lāu,,true,pending,
007-review-47c569e614126f8f,review,,kúe àiⁿ leh cò̤ kúi lìam?,How many pieces shall I cut the cake into?,364,1,kúe àiⁿ lêh cò̤ kúi lìam ?,,true,pending,
007-review-d2eaa95858fb3f06,review,,chien lêk,a pale green.,365,1,chíen lêk,,true,pending,
007-review-c1b5d65503480682,review,,"i sĭ kíaⁿ lêk lō, a sĭ kîaⁿ cúi lō?",Did he go by land or by water?,365,1,"i sĭ kîaⁿ lêk lō, a sĭ kîaⁿ cúi lō ?",,true,pending,
007-review-8abdde128e867d82,review,,hṳ́ kâi sí lío cn̂g kâi bô̤ léng,that one gave no spiritual manifestation of himself after he died.,366,1,hṳ́ kâi sí lío cn̂g kâi bô̤ lêng,,true,pending,
007-review-da7e8bb3a185cc11,review,,lêng kì,"the Chinese flag, having a dragon on it.",366,1,lêng kî,,true,pending,
007-reading-961d0753ed9dc36d,reading,,kung-lĕng ngīam căi,the military orders are very strict.,367,1,kun-lĕng ngīam căi,,true,pending,
007-reading-6d747d218786c7ba,reading,,màiⁿ lêng-ngîak,do not maltreat him.,367,1,màiⁿ lêng-ngîak i,,true,pending,
007-review-0a696b880cd07e54,review,,cìeⁿ-se lêng-kò̤ sí kèng hó̤,it is better to die than to do that.,367,1,cìeⁿ-seⁿ lêng-kò̤ sí kèng hó̤,,true,pending,
007-reading-8932a1b954053e8a,reading,,li-li- la-la kâi nâng,a slovenly lout.,368,1,li-li-la-la kâi nâng,,true,pending,
007-reading-26f679bcdf2e3932,reading,,"lí hut, sṳ̄ khîong",in a bad cause there is inherent weakness.,368,1,"lí khut, sṳ̄ khîong",,true,pending,
007-reading-2521e0f523d715b0,reading,,"lí tît, khì câug","in a good cause, there is inherent strength.",368,1,"lí tît, khì càng",,true,pending,
007-reading-358c3d78ac73496d,reading,,ŭ thiⁿ lí cìaⁿ ŭ lī lí,since there is an overruling power there is also an underlying principle in nature.,368,1,ŭ thiⁿ lí cìaⁿ ŭ tī lí,,true,pending,
007-review-40eb3ef6c9418187,review,,chêng-lí sĭ ŭ ciⁿ ŭ sì hùe chī kâi,the better reason is with him who has wealth and power.,368,1,chêng-lí sĭ ŭ cîⁿ ŭ sì hùe chī kâi,,true,pending,
007-review-0151da1df4768490,review,,chúi sŭn lí,to reason from first principles.,368,1,"chúi chêng, tâk lí",to reason from first principles.,true,pending,
007-review-9cf42434abd0f390,review,,cêk ki làu-lēng,a sleeper under a floor.,368,1,cêk ki lâu-lēng,,true,pending,
007-review-a94d3b29faaf9faa,review,,khîeh tìo so̤h khṳ̀ lēng cò̤ cêk ē,take a rope and go and join them thereby.,368,1,khîeh tîo so̤h khṳ̀ lēng cò̤ cêk ē,,true,pending,
007-review-5d4339efa86d6366,review,,lí,"A place of residence; a neighborhood, a village of twenty-five or fifty families; the Chinese mile, reckoned to be 300 paces.",368,1,,"A place of residence; a neighborhood, a village of twenty-five or fifty families; the Chinese mile, reckoned to be 360 paces.",true,pending,
007-review-7d02de6f1128f16c,review,,"màiⁿ li khah hn̆g, lṳ́ li lṳ́ ka-kī cū hó̤","do not extend your management of affairs too far, if you keep yourself in order you will do well.",368,1,"màiⁿ li khah hn̆g, lṳ́ lí lṳ́ ka-kī cū hó̤",,true,pending,
007-review-83af2a92f0dd2bd5,review,,ngĭ lí chim-àn,right principles are profound and subtle.,368,1,ngĭ lí chim-àu,,true,pending,
007-review-1ddca0757e11d348,review,,"phîⁿ li phîⁿ, cûah cē bô̤ ēng","as for cheapness, it is cheap, and if it were a little less good it would be good for nothing.",368,1,"phīⁿ li phīⁿ, cûah cē bô̤ ēng",,true,pending,
007-review-2b6fb32e8ff8b3f7,review,,pōiⁿ-lí kàu cheng-chó̤,have it all completly adjusted.,368,1,,have it all completely adjusted.,true,pending,
007-review-11e52acc2118f362,review,,seng-ĺi,trade.,368,1,seng-lí,,true,pending,
007-review-6897974e2ffeab99,review,,"à kuaⁿ kêng, à kúi sí, à lí-tíeⁿ ēng ke bí","if you argue with the magistrate you will become poor, if you argue with a demon you will die, and if yon argue with the head of your village you will use up a good deal of rice.",368,1,,"if you argue with the magistrate you will become poor, if you argue with a demon you will die, and if you argue with the head of your village you will use up a good deal of rice.",true,pending,
007-review-070883b19b508d8f,review,,áu-lí,,368,1,áu-lí,perverse; pig-headed.,true,pending,
007-review-7247f3826b4f3758,review,,jû lí pó̤h piaⁿ,as if treading on thin ice.,369,1,jû lí pô̤h piaⁿ,,true,pending,
007-reading-bde362a52edde07c,reading,,"no̤ⁿ-kíaⁿ sòi, lî m̄ khui",the children are small and I cannot be away from them.,370,1,"noⁿ-kíaⁿ sòi, lî m̄ khui",,true,pending,
007-review-06a97cf1f08bb079,review,,bó̤ cêk lî hó̤ ēng,not a particle of it is serviceable.,370,1,bô̤ cêk lî hó̤ ēng,,true,pending,
007-review-2b81315d62c5d89f,review,,"kui nâng sie thòi teng-tùe, jît mêⁿ bò̤ lî","several persons take turns in attending upon him, and leave him neither day nor night.",370,1,"kúi nâng sie thòi teng-tùe, jît mêⁿ bô̤ lî",,true,pending,
007-review-b81e3c70bb3fe740,review,,"lí-kẃn, chi-liang",a stranger in a strange land.,370,1,"lí-kẃn, chi-lîang",,true,pending,
007-review-04e98dbafb540630,review,,lî kàu cêk pho lō kâi-pang-bó̤,at a distance of about a league away.,370,1,lî kàu cêk phò lō kâi-pang-bó̤,,true,pending,
007-review-9b563ab8d1110056,review,,put li sĭ tŏ̤ cí côiⁿ ău,it can't be far off.,370,1,put lî sĭ tŏ̤ cí côiⁿ ău,,true,pending,
007-review-c059a39d5167d8bc,review,,lī pâng a-ṕun,clerk in the department of Civil Office.,371,1,lī pâng a-pún,,true,pending,
007-review-fedea6a340a46dcf,review,,lĭ,"To animate, to incite.",371,1,,"To animate, to inoite.",true,pending,
007-review-8115f84ab3b9b447,review,,lĭ-cit,dysentery.,371,1,lĭ-cît,,true,pending,
007-review-8130b7ccfd5d2d11,review,,ŭ lĭ hó̤ chu mē?,Is there any profit to be made?,371,1,ŭ lĭ hó̤ chú mē ?,,true,pending,
007-reading-d589067714e48844,reading,,bô̤ íaⁿ bô̤ ciah kûi sṳ̄ khṳt i tàⁿ kàu ka-ka lîam-lîam,"things for which there is not a particle of evidence, are made to appear as facts by his well connected statements.",372,1,bô̤ íaⁿ bô̤ ciah kâi sṳ̄ khṳt i tàⁿ kàu ka-ka lîam-lîam,,true,pending,
007-reading-a52e4efbb0ed1f3e,reading,,kau-lîam-chieⁿ hó̤ phùa lîen-lŵn-kah-bé,a hooked spear is useful in breaking the ranks of armored horses chained together.,372,1,kau-lîam-chieⁿ hó̤ phùa lîen-hŵn-kah-bé,,true,pending,
007-review-8b1c1ff20b1e5e4f,review,,i khṳ̀ lìam i kâi kih-kau sĭ thīn i sn̂g,when she pinched his cheek it was merely in sport.,372,1,i khṳ̀ lìam i kâi kih-kau sĭ thīn i sńg,,true,pending,
007-review-865ff72830a047bf,review,,jûah thiⁿ-sî kâi si méⁿ-méⁿ siu lîam bûa,in hot weather a corpse must be quickly enshrouded.,372,1,jûah thiⁿ-sî kâi si méⁿ-méⁿ siu líam bûa,,true,pending,
007-review-2c70e1d506d278f0,review,,"kàu chù, to sĭ chau liah",has seized and confiscated everything even to his house.,372,1,"kàu chù, to sĭ chau lîah",,true,pending,
007-review-141261478f3a799b,review,,thóiⁿ tieh bô̤ ka-lîam,it appears to have no adhesive quality.,372,1,thóiⁿ tîeh bô̤ ka-lîam,,true,pending,
007-review-484c2071631a1b80,review,,ĕ tng m̄ hó̤ lìam i,do not pinch him again.,372,1,ĕ tńg m̄ hó̤ lìam i,,true,pending,
007-review-f92d619581b93feb,review,,īa m̄ hó̤ cîah khah líam,neither should one take too mach of what represses heat.,372,1,,neither should one take too much of what represses heat.,true,pending,
007-reading-b968ab68ae14e0d9,reading,,kuaⁿ-liú lîam-mêng,magistrates that are incorruptible.,373,1,kuaⁿ-hú lîam-mêng,,true,pending,
007-reading-24b3f8ec20e08c02,reading,,lāi lîam kuaⁿ,deputies appointed by the chancellor to read the essays at an examination.,373,1,lăi lîam kuaⁿ,,true,pending,
007-review-e703e795d74b1fc9,review,,kùa liam,a hanging screen.,373,1,kùa lîam,,true,pending,
007-review-5514b4fc7b8d8e0d,review,,tieⁿ lĭam,winding-sheet.,373,1,,a winding-sheet.,true,pending,
007-review-dd572f9a3136dec2,review,,tìo lîam ãu hûe jīm,after the examination they return to their posts.,373,1,tìo lîam ău hûe jīm,,true,pending,
007-reading-7655981c241e569e,reading,,bô̤ cŭe kâi lîang mīn,the freeborn people who are guiltless of crime.,374,1,bô̤ cŭe kâi lîang mîn,,true,pending,
007-review-63e38e6c9b31d721,review,,buah lô̤h khṳ̀ lîang-lîang,it feels very cool when it is rubbed on; it cases the pain when it is smeared on.,374,1,,it feels very cool when it is rubbed on; it eases the pain when it is smeared on.,true,pending,
007-reading-e885c45e4b559160,reading,,bí cêk lîap m̄ kam tak-ūng,would not waste a single grain of rice.,375,1,bí cêk lîap m̄ kam tak-n̄ng,,true,pending,
007-reading-6e9ac6b0467dd805,reading,,cìeⁿ-seⁿ cò̤ sīt-căi i kûi líen-cīeⁿ kùe m̄ khṳ̀,"indeed, his reputation cannot safely stand that.",375,1,cìeⁿ-seⁿ cò̤ sît-căi i kâi líen-cīeⁿ kùe m̄ khṳ̀,,true,pending,
007-reading-329460d8f1878f67,reading,,cò̤ kàu sì-piⁿ līang-līang-tît,make the four sides perfectly straight and without the least cant either way.,375,1,"cò̤ kàu sì-piⁿ līang-līang-tît, chŵn bŏi chúa sut-kíaⁿ",,true,pending,
007-reading-3fa66797bc02afdc,reading,,i míh sṳ̄ to sĭ lún-lún lieh-lieh,she puts up with all sorts of discomfort.,375,1,i mih sṳ̄ to sĭ lún-lún lieh-lieh,,true,pending,
007-reading-c94782df4ca313a5,reading,,līang,"Clear, brilliant, transparent, illumined.",375,1,lĭang,,true,pending,
007-review-953cb554b694c1c3,review,,i khṳ̀ kàu ŭ sĭm-mih lìen-sek nē?,In how great respect is he held where he is gone?,375,1,i khṳ̀ kàu ŭ sĭm-mih líen-sek nē ?,,true,pending,
007-review-ceb7c9ec5d207f1a,review,,i tŏ hṳ́ kò̤ sǹg sĭ tōa thí-líen kâi nâng,he is reckoned a distinguished man there.,375,1,i tŏ̤ hṳ́ kò̤ sǹg sĭ tōa thí-líen kâi nâng,,true,pending,
007-review-de13c9ce8c537ba1,review,,khîeh khṳ̀ lîe cói cē,take it and trim it off even.,375,1,khîeh khṳ̀ lîe côi cē,,true,pending,
007-review-5a4b84f3fba831b4,review,,màiⁿ sieⁿ tiêh i kài líen-mīn,do not injure his reputation.,375,1,màiⁿ sieⁿ tîeh i kâi líen-mīn,,true,pending,
007-review-848da0a50859ec5d,review,,nín kò̤ tī-tîang ài cò̤ tōa lîap?,Who is the big man of your place?,375,1,nín kò̤ tī-tîang àiⁿ cò̤ tōa lîap ?,,true,pending,
007-reading-22c44a462565655e,reading,,chù-piⁿ hù khṳt i lîen-lŭi tîeh,his neighbours were implicated by him.,376,1,chù-piⁿ hùe khṳt i lîen-lŭi tîeh,,true,pending,
007-reading-bcb20c09ae10aee0,reading,,kau-lîen kíu tō̤-kò̤,closely interlinked.,376,1,kau-lîen kín tŏ̤-kò̤,,true,pending,
007-reading-3205dc7454ff8f06,reading,,kuaⁿ-hú ùiⁿ jŭ kak hieⁿ thŵn-līen,the magistrate is going to issue orders for drill in every village.,376,1,kuaⁿ-hú àiⁿ jŭ kak hieⁿ thŵn-līen,,true,pending,
007-reading-7ae9c0104a8485f7,reading,,úa lîen-tîeh,I pity him.,376,1,úa lîen-tîeh i,,true,pending,
007-review-2282b7178bc4eaf5,review,,chà-thâu sie lîen,adjoining houses.,376,1,chù-thâu sie lîen,,true,pending,
007-review-2c9977a6f68f0893,review,,"lîen mŵn, kòi-cheh",a plan that effects two objects.,376,1,"lîen hŵn, kòi-cheh",,true,pending,
007-review-90d422b9362817c3,review,,lîen-lok cò̤ cêk tîo,join them in one chain.,376,1,lîen-lok cò̤ cêk tîo,,true,pending,
007-review-99a13bfe2da5cf4e,review,,lîen-lîen cū cêⁿ kái gûeh,fair weather for a month continuously.,376,1,lîen-lîen cū cêⁿ kâi gûeh,,true,pending,
007-reading-1c0d662c11886e90,reading,,jît cē phâk têk lîh,if exposed to the sun it will crack.,377,1,jît cē phâk cū lîh,,true,pending,
007-reading-ade7dc7dca55817a,reading,,lṳ́ thóiⁿ cía jī sĭ lîm sĭm-mîh thiap kâi?,What copy do you think has been followed in these letters?,377,1,lṳ́ thóiⁿ cía jī sĭ lîm sĭm-mih thiap kâi ?,,true,pending,
007-review-c3ed3521b873d336,review,,l tang līen sêng lío,the dross is wholly separated.,377,1,tang līen sêng lío,,true,pending,
007-review-a96b26bd65c17f8a,review,,lîm châi bó̤ kó-tit,"when getting rich, do not become unscrupulous.",377,1,lîm châi bô̤ kó-tit,,true,pending,
007-review-5150036dc0a8ad63,review,,thńg lih khṳ̀,tore it by poking at it.,377,1,thńg lîh khṳ̀,,true,pending,
007-reading-8c9c5caf8ccddc06,reading,,khīa tŏ̤ lîm-cíⁿ ĕ,standing under the eaves.,378,1,khĭa tŏ̤ lîm-cîⁿ ĕ,,true,pending,
007-review-7e99417271230e60,review,,"chiu thiⁿ-sî kâi kú hŏ, kìeⁿ-co̤ chiu-lîm",the long rains of autumn are called the rainy season.,378,1,"chiu thiⁿ-sî kâi kú hŏ, kìeⁿ-cò̤ chiu-lîm",,true,pending,
007-review-b05f2dd061b21e57,review,,"chō̤ kàu nĕ lîm-lîm, mn̄g lṳ́ cò̤-nî khîeh?","If you fill it to the very brim, then bow will you manage to carry it?",378,1,,"If you fill it to the very brim, then how will you manage to carry it ?",true,pending,
007-review-525c189ac563f454,review,,cŏ̤-ngŵn lĭm tieh chíu,the senior-wrangler of the empire is held in a close grasp.,378,1,cŏ̤-ngŵn lĭm tîeh chíu,,true,pending,
007-review-ba821703ad0134cb,review,,"lin-liang-phang kâⁿ bé-lêng-khîa khṳ̀ khǹg tŏ̤ khang tói, lío cang thô kô miⁿ, ciu-jît ē-ē pue tŏ̤ hṳ́ kâi khang kháu, hng-hng-kìe, chin-chĭeⁿ līam ciu cêk īeⁿ, chit jīt ău cū pìⁿ cò̤ lin-liang-phang kíaⁿ","the solitary wasp carries spiders in its mouth and hides them away in its cell, then it takes clay and seals them up tight, and all day it flies repeatedly to the mouth of the cell and buzzes, as if it were reciting incantations, and then after seven days they are transformed into young wasps.",378,1,"lin-liang-phang kâⁿ bé-lêng-khîa khṳ̀ khǹg tŏ̤ khang tói, lío cang thô kô miⁿ, ciu-jît ē-ē pue tŏ̤ hṳ́ kâi khang kháu, hng-hng-kìe, chin-chĭeⁿ līam ciu cêk īeⁿ, chit jît ău cū pìⁿ cò̤ lin-liang-phang kíaⁿ",,true,pending,
007-review-5cf036c173bbb459,review,,lîm-cíⁿ kha,close to the eaves.,378,1,lîm-cîⁿ kha,,true,pending,
007-reading-c9073680ebe7d6ae,reading,,tháng tói kâi líang-húng lîo-khí pàng tháng-nîe téng lā,"take the vermicelli from the bottom of the tub and lay it over the cross-piece, to dry in the air.",379,1,tháng tói kâi lîang-hún lîo-khí pàng tháng-nîe téng lā,,true,pending,
007-reading-9c66710783553cdb,reading,,tìo cêk tùi tûi-lîn,hang up a pair of matched scrolls.,379,1,tìo cêk tùi tùi-lîn,,true,pending,
007-reading-25e87212cb523e2b,reading,,īa cū păi lío,that is enough; let be; stay it now.,379,1,īa cū pă lío,,true,pending,
007-review-327d2422a400991a,review,,ciah pá lío,they have finished their meal.,379,1,cîah pá lío,,true,pending,
007-review-80a362e98683c95f,review,,có̤ ĭu lín,neighbors on either side.,379,1,có̤ ĭu lîn,,true,pending,
007-review-e500db8ec8a4bf02,review,,lío m̄ tit,cannot be brought to completion.,379,1,lío m̄ tît,,true,pending,
007-review-f52aaa60c90a0c34,review,,ăn-lâi sĭm-mih lío-kêk?,What will be the upshot hereafter?,379,1,ău-lâi sĭm-mih lío-kêk ?,,true,pending,
007-review-b7ed0b05f26cad11,review,,"ēng lio jîeh cōi cîⁿ-ngṳ̂n, hùi lío jîeh cōi ceng-sîn, cìaⁿ ŏi tit sêng","used up a deal of money and expended a deal of vigor, before it was accomplished.",379,1,"ēng lío jîeh cōi cîⁿ-ngṳ̂n, hùi lío jîeh cōi ceng-sîn, cìaⁿ ŏi tit sêng",,true,pending,
007-reading-82ddae946a806fdd,reading,,cîah līo,hay and straw for provender.,380,1,cháu līo,,true,pending,
007-review-63bf5e228a260028,review,,i li-kẁn lĭo khṳ̀,he ran off with all his might.,380,1,i lí-kẁn lĭo khṳ̀,,true,pending,
007-review-5c8b514cebb3e10a,review,,kô līo phò,a shop where one may bay the imitated cloth used for making the garments burned at funerals.,380,1,,a shop where one may buy the imitated cloth used for making the garments burned at funerals.,true,pending,
007-review-8f70e3a8a1051e66,review,,līo m̄ kàu kâi sū,an unforeseen event.,380,1,līo m̄ kàu kâi sṳ̄,,true,pending,
007-review-f490516916bc1762,review,,sek līo,dye-staffs.,380,1,,dye-stuffs.,true,pending,
007-review-829eed7c257d877d,review,,"chùi liôih, hṳ́ tòi li khuah, jw̆n líu, líu m̄ tîeh","the mouth is narrow, and the space below is broad, howsoever I turn and twist it, I cannot get it out.",381,1,"chùi li ôih, hṳ́ tói li khuah, jw̆n líu, líu m̄ tîeh",,true,pending,
007-review-73acfd2b1c81767a,review,,"i kò̤ kâi chù sĭ cang tek phùa lío, líu tīo mâk, lâi khàm cò̤ chù hĭa","in making their houses, they take a bamboo, split it, dig out the knots, and lay on the half cylinders thus made, in the place of tiles.",381,1,"i kò̤ kâi chù sĭ cang tek phùa lío, líu tī̄o mâk, lâi khàm cò̤ chù hĭa",,true,pending,
007-example_split-2540c95c03fea5ca,example_split,,phâk îam ló,"to evaporate brine in making salt, tih tīo ló; drain out the brine from salt.",382,1,phâk îam ló,to evaporate brine in making salt.,true,pending,
007-example_split-2540c95c03fea5ca,example_split,,phâk îam ló,"to evaporate brine in making salt, tih tīo ló; drain out the brine from salt.",382,2,tih tīo ló,drain out the brine from salt.,true,pending,
007-review-5a13509f41ab09a2,review,,chiu ĕ ŭ jîeh cōi lîu-lô̤?,How many braves has he under his command?,382,1,chíu ĕ ŭ jîeh cōi lîu-lô̤ ?,,true,pending,
007-review-0c8f058d99e49489,review,,cu-pûaⁿ kâi cu àiⁿ cò̤ jîeh cōi lîa?,"Of the beads on the coronet, how many strings do you want put on?",382,1,cu-pûaⁿ kâi cu àiⁿ cò̤ jîeh cōi lîu ?,,true,pending,
007-review-cf27cc3f883559ca,review,,i kai ló hó̤ căi,the pickle is very nice.,382,1,i kâi ló hó̤ căi,,true,pending,
007-reading-98200a3f48c5368a,reading,,cûe-thòaⁿ lô,"a furnace in which hard coal is burned,",383,1,bûe-thòaⁿ lô,,true,pending,
007-reading-29fbbdf808495945,reading,,i sĭ tbo̤ chūe sí lō,he willfully incurs danger.,383,1,i sĭ tŏ̤ chūe sí lō,,true,pending,
007-review-34aaa0770eb0a1fc,review,,i kâi seng-lí lō sêk,he is accustomed to his business.,383,1,,he has numerous accounts.,true,pending,
007-review-9227eadff1f61357,review,,ke-húe lō chi-pĭ,the tools are all ready.,383,1,ke-húe lō chî-pĭ,,true,pending,
007-review-ef723aebf9ca2f46,review,,lŏ,"Low, vulgar; il-looking ; uninformed; sordid.",383,1,,"Low, vulgar; ill-looking; uninformed; sordid",true,pending,
007-review-671cd5ceedbdcd01,review,,mín ēng kìaⁿ tōa lói,need not be obsequious.,384,1,mín ēng kîaⁿ tōa lói,,true,pending,
007-reading-f0275af039c5ce7c,reading,,cêk tńg lôih,a splint hat.,385,1,cêk téng lôih,,true,pending,
007-reading-4bc4f183943f1446,reading,,"cṳ̆-âi to sĭ lâu-lâu-lok-lok, bô̤ thang khùaⁿ-ûah","has heretofore been constantly drudging, with no opportunity for comfort.",385,1,"cṳ̆-lâi to sĭ lâu-lâu-lok-lok, bô̤ thang khùaⁿ-ûah",,true,pending,
007-review-b9b237b584fc2e14,review,,lòi kàu i chap-chap-chùi,made an onslanght upon and dispersed them.,385,1,,made an onslaught upon and dispersed them,true,pending,
007-reading-09d72fead9de2707,reading,,i si îong-îong lôk-lôk kâi nâng,she is a drudge.,386,1,i sĭ îong-îong lôk-lôk kâi nâng,,true,pending,
007-reading-f23b713077b4ed03,reading,,sin tǹg kâi mêh-lôk,the blood veesels of the body.,386,1,sin tèng kâi mêh-lôk,,true,pending,
007-reading-6365f02793a3bf34,reading,,"suah-lôk kong-chîn kâi sṳ̄, tōa pûaⁿ īa sĭ sì só̤ sái jîen",the massacre of the nobles was for the most part made necessary by the circumstances.,386,1,"suah-lôk kong-chîn kâi sṳ̄, tōa pùaⁿ īa sĭ sì só̤ sái jîen",,true,pending,
007-review-859593bf16fbf6a1,review,,sin tǹg kâi mêh-lôk,the blood veesels of the body.,386,1,sin tèng kâi mêh-lôk,the blood vessels of the body.,true,pending,
007-review-3aff403422f51f11,review,,īa sĭ khéng lôk-lâk tâng sim ná phàⁿ sṳ̄ m̄ séng,if willing to act in concert there is no fear that the thing will not be accomplished.,386,1,īa sĭ khéng lôk-lâk tâng sim ná phàⁿ sṳ̄ m̄ sêng,,true,pending,
007-review-4f69c368efbd6933,review,,hó̤ lo̤-lo̤,proper; rights; correct.,387,1,,proper; right; correct.,true,pending,
007-reading-46980d23d18c74b9,reading,,cúi mìaⁿ kŏng lô̤,do not roil the water.,388,1,cúi màiⁿ kŏng lô̤,,true,pending,
007-reading-478af9b2a3719999,reading,,sùe cîah lô̤ lâi khîa,hire a mule and ride.,388,1,sùe ciah lô̤ lâi khîa,,true,pending,
007-review-f0c9d561bceed86a,review,,"i hṳ́ phò lăi kâi bī cho̤-lo̤, phīⁿ tîeh ùi căi","that shop there has o very strong odor about it, and when I smell it, it makes me sick.",388,1,,"that shop there has a very strong odor about it, and when I smell it, it makes me sick.",true,pending,
007-review-976c922d52f58462,review,,lô̤,A male.,388,1,,A mule.,true,pending,
007-review-378357d40966d4a7,review,,jît hŵn būe lôh,the sun is not yet down.,389,1,jît hŵn būe lô̤h,,true,pending,
007-review-dd552c05cd53cb72,review,,buah lô̤h khṳ̀ cū cō̤-cō-kìe,"as soon as it was rubbed on, it eased the pain.",390,1,buah lô̤h khṳ̀ cū cō̤-cō̤-kìe,,true,pending,
007-review-e8f881163ef1df4f,review,,chap m̄ lôh khûn,did not afiiliate with them.,390,1,chap m̄ lô̤h khûn,did not afliliate with them.,true,pending,
007-review-dfea5aff4ad3e471,review,,lu,Reiterated; repeatedly; often; over and over; again and again.,390,1,lú,,true,pending,
007-review-eb2fdc244ab2deca,review,,àiⁿ lò̤h cîⁿ mē?,Will you bet on it?,390,1,àiⁿ lô̤h cîⁿ mē ?,,true,pending,
007-reading-443d41b4662d2deb,reading,,mō̤ⁿ lû,a booth beside a grave.,391,1,mŏ̤ⁿ lû,,true,pending,
007-reading-e5c15dd335280831,reading,,to̤ pèⁿ hṳ́ tńg kâi lŭ àiⁿ ēng thih kâi a sĭ àiⁿ ēng tâng kâi?,Do you want the ring which encircles the handle of the knife to be of iron or of brass?,391,1,to̤ pèⁿ hṳ́ téng kâi lŭ àiⁿ ēng thih kâi a sĭ àiⁿ ēng tâng kâi ?,,true,pending,
007-review-5c97412e1e407981,review,,cêk lûa chō jîeh cōi?,How much does one basket hold?,391,1,cêk lûa chō̤ jîeh cōi ?,,true,pending,
007-review-be38c80af57f126d,review,,ău-tâu lûah kàu kng-kng,the back hair stroked very smooth.,391,1,âu-táu lûah kàu kng-kng,,true,pending,
007-review-0e70db9092556244,review,,"lûi-puah, lûi-thûi",a pot and pestle used im trituration.,392,1,,a pot and pestle used in trituration.,true,pending,
007-review-15f8773f40bdc050,review,,piⁿ lûi cò̤ cang-kíaⁿ-lô,twist the queue into a knot on the back of the head.,392,1,piⁿ lûi cò̤ cang-kíaⁿ-lô̤,,true,pending,
007-reading-5286abf136c49dfb,reading,,i khut ke-lūi lŭi tîeh,she is cumbered with domestic cares.,393,1,i khṳt ke-lūi lŭi tîeh,,true,pending,
007-reading-0b6473595a6ca868,reading,,"lūi-cîp cōi, cìaⁿ khṳ̀ càu hûang-sĭang","classify and collate all in regular order, and then go and report to the emperor.",393,1,"lūi-cîp côi, cìaⁿ khṳ̀ càu hûang-sĭang",,true,pending,
007-review-408d826438d66f46,review,,lú tîeh khak-khó lún,you must persistently endure.,393,1,lṳ́ tîeh khak-khó lún,,true,pending,
007-review-de112d73d4d9d883,review,,lûn lâi lûn khṳ̀,discussing it pro and con.,393,1,lŭn lâi lŭn khṳ̀,,true,pending,
007-review-6856c020c332a68f,review,,ŏi lún li míen phùa cîⁿ,"if you can stand it, then you need not spend your mouey.",393,1,,"if you can stand it, then you need not spend your money",true,pending,
007-review-02d5f3d751f8caa4,review,,chíu-hŵn lût chut lâi,pall off your bracelet.,394,1,,pull off your bracelet.,true,pending,
007-reading-b69863cefbe51b84,reading,,i khìa ki lŵn mô̤ⁿ sìⁿ,he carried a fan made of the feathers of the argus pheasant.,395,1,i khîa ki lŵn mô̤ sìⁿ,,true,pending,
007-reading-50ed5521d76b74d3,reading,,lw̆n sì kâi sî-kāu,in time of sedition.,395,1,lw̆n sì kâi sî-hāu,,true,pending,
007-review-7a2e4e45d855b262,review,,i kâi thâu lṳ̂-lṳ̂ li-li kìaⁿ,he pushed straight on with his head projecting in front of him.,395,1,i kâi thâu lṳ̂-lṳ̂ li-li kîaⁿ,,true,pending,
007-reading-aab74e4b20e93774,reading,,i kong máⁿ,grandparents.,396,1,a kong máⁿ,,true,pending,
007-reading-c460254c0229800d,reading,,màiⁿ mûeh nap-sap,do not soil it.,396,1,màiⁿ mûeh nah-sap,,true,pending,
007-reading-dc41d65997127022,reading,,mâiⁿ mîaⁿ mît sèⁿ,to conceal one’s name.,396,1,"mâiⁿ mîaⁿ , mît sèⁿ",,true,pending,
007-reading-22b93b826f00935d,reading,,mâk tîeh îu,spotted with grease.,396,1,mak tîeh îu,,true,pending,
007-review-c81c72fe9de74005,review,,i cò-nî m̆?,Why will he not?,396,1,i cò̤-nî m̆ ?,,true,pending,
007-review-fe48a50a6f9bf5f4,review,,kim tah lío ēng maⁿ-láu gē lâi gē,"when you have overlaid it with gold-leaf, then take the smoothing stone and polish it.",396,1,kim tah lío ēng máⁿ-láu gē lâi gē,,true,pending,
007-review-12f4ef68474416c5,review,,m̄ kûi m̄ kĕ,neither higher nor lower.,396,1,m̄ kûiⁿ m̄ kĕ,,true,pending,
007-reading-0f6dd2e1c9798515,reading,,"cò̤ sṳ̄ lú-lú máng-máng, êng kâi m̄ ceng-sòi","does things in a blundering way, with no circumspection.",397,1,"cò̤ sṳ̄ lú-lú máng-máng, cn̂g kâi m̄ ceng-sòi",,true,pending,
007-review-f02242da4ae3238d,review,,pŭaⁿ máng; jīo mâng,drive out the mosquitoes.,397,1,pŭaⁿ máng; jīo máng,,true,pending,
007-reading-05f25d0e1cb50dd4,reading,,"kîaⁿ māng cē, thāi úa",walk rather slowly till I catch up with you.,398,1,"kîaⁿ māng cē, thăi úa",,true,pending,
007-reading-7952302f8bdaacd3,reading,,lîeng mâng cū khṳ̀,hurried off.,398,1,lîen mâng cū khṳ̀,,true,pending,
007-review-7ec27831b4200144,review,,chak thóiⁿ i kâi mâuⁿ-pēⁿ sĭ tŏ tī-kò̤,examine and see where the trouble lies.,398,1,chak thóiⁿ i kâi mâuⁿ-pēⁿ sĭ tŏ̤ tī-kò̤,,true,pending,
007-review-c4989b0085e00f91,review,,"sim mâng, i lw̆n",fluttered and confused.,398,1,"sim mâng, ì lw̆n",,true,pending,
007-review-c53fb75f5067821c,review,,"sí lío míoⁿ-míoⁿ mâng-mâng, m̄ cai lêng-hûn ŭ tŏ̤ kò̤ a bô","after death all is vague and obscure, and we do not know whether the soul exists or not.",398,1,"sí lío míoⁿ-míoⁿ mâng-mâng, m̄ cai lêng-hûn ŭ tŏ̤ kò̤ a bô̤",,true,pending,
007-reading-3102c094d982b2a2,reading,,bŏi kîaⁿ méⁿ,cannot walk any faster.,399,1,bŏi kîaⁿ méⁿ lâi,,true,pending,
007-reading-91f75812b8e97451,reading,,i pat khṳ̀ ô̤h mâuⁿ-suaⁿ,he has been to learn the incantations of the Tauist priests.,399,1,i pat khṳ̀ ô̤h mâuⁿ-suaⁿ huap,,true,pending,
007-review-3002596d58a2975c,review,,cheⁿ-méⁿ,blind.,399,1,cheⁿ-mêⁿ,,true,pending,
007-reading-1b866f46ad559a35,reading,,nīo i mēⁿ,let him scold.,400,1,nīe i mēⁿ,,true,pending,
007-review-943af8a672e3f9aa,review,,mêⁿ-mêⁿ; pái mêⁿ; múiⁿ mêⁿ,every night.,400,1,múiⁿ mêⁿ,,true,pending,
007-review-1f0c47d8f538c631,review,,ău-jît mêⁿ,day after to-morrow night.,400,1,ău-jît mêⁿ; mêⁿ-mêⁿ; pái mêⁿ,,true,pending,
007-reading-2b0e541433e5dcad,reading,,mêng-mêng cṳ tang cṳ̌ ŭ cú-cái,sheol even has its lord.,401,1,mêng-mêng cṳ tang cṳ̆ ŭ cú-cái,,true,pending,
007-reading-350f85bb5070ff30,reading,,thieng mĕng,fate; heaven's decree.,401,1,thien mĕng,,true,pending,
007-review-04af778b58b67624,review,,it-it jŭ mĕng,everything has been done according to orders.,401,1,it-it jû mĕng,,true,pending,
007-review-535bd7114d74daca,review,,mêng,The cry of a bird or animals; to call out; to sound a sonorous note.,401,1,,The cry of a bird or animal; to call out; to sound a sonorous note.,true,pending,
007-reading-b945487e30c6a64b,reading,,"cin mîaⁿ, sîⁿ jī",the true name.,402,1,"cin mîaⁿ, sît jī",,true,pending,
007-reading-92bc30704f6fed75,reading,,phah mīⁿ,guess riddles.,402,1,phah mĭⁿ,,true,pending,
007-review-78beb5cc7fc03fae,review,,"cìe i kâi mĭⁿ bûn lâi thóiⁿ, phah lâi to tîeh","following out the puzzle as laid down in the written statement, tho solution is correct.",402,1,,"following out the puzzle as laid down in the written statement, the solution is correct.",true,pending,
007-review-499e191d43c3feff,review,,khîn mîaⁿ,peck fame.,402,1,,seek fame.,true,pending,
007-review-9d82f072a07eff7a,review,,lṳ́ kìe cò sĭm-mih mîaⁿ?,What is your name?,402,1,lṳ́ kìe cò̤ sĭm-mih mîaⁿ ?,,true,pending,
007-reading-c581a07ba75b68aa,reading,,"sì mīn, poih hng",on every side.,403,1,"sı̀ mīn, poih hng",,true,pending,
007-review-7fcbbdf07ed794d0,review,,bô̤ chéng mīn,unwilling to oblige.,403,1,bô̤ chêng mīn,,true,pending,
007-review-1f5fbcfb117bcee2,review,,bô̤ lîen-mīn,of no repute.,403,1,bô̤ líen-mīn,,true,pending,
007-review-23352453f343c147,review,,bô̤ mīn mâk hó̤ kiⁿ nâng,ashamed to see people.,403,1,bô̤ mīn mâk hó̤ kìⁿ nâng,,true,pending,
007-review-1302f0470b4701bd,review,,chìe mīn hoⁿ,a smiling villain.,403,1,chìe mīn hóⁿ,,true,pending,
007-review-4c4d537cbbaa5876,review,,hô-mīn phêng cĕng,the water courses are safe and unobstructed.,403,1,hô̤-mīn phêng cĕng,,true,pending,
007-review-f8e742ec7408992c,review,,i bó̤ mih cîⁿ,he has not much cash.,403,1,i bô̤ mih cîⁿ,,true,pending,
007-review-d2d351d08ce40fbe,review,,mīn kâi sìn-khì,the expression of the face.,403,1,mīn kâi sîn-khì,,true,pending,
007-review-651a2f258957662e,review,,mīn-po,a towel.,403,1,mīn-pò,,true,pending,
007-review-1601738882c33735,review,,"ngà mīn, sek sim, thâi nâng táⁿ","a stapid look, a cunning mind, and the courage of a murderer.",403,1,,"a stupid look, a cunning mind, and the courage of a murderer",true,pending,
007-review-344eee0d03f1273e,review,,peh-khí lâi po̤-mīn thit-thô,went on deck for recreation.,403,1,peh-khí lâi po̤-mīn thit-thô̤,,true,pending,
007-review-db863d968fa58132,review,,ôi-chio mīn,a face lke a shoehorn.,403,1,,a face like a shoehorn.,true,pending,
007-reading-766dd4efdb9938f6,reading,,cá mńg nŏ̤ kùe tang lóng-cóng hó̤,the early and late crops of the year were both good.,404,1,cá ḿng nŏ̤ kùe tang lóng-cóng hó̤,,true,pending,
007-reading-f6da328a9bb4cbc5,reading,,cí kâi sĭ i kâi mîoⁿ-ī,these are his descendants.,404,1,cí kâi sĭ i kâi mîoⁿ-ĭ,,true,pending,
007-reading-e99f137a1d9b4a41,reading,,kàu-mńg nî cìaⁿ tit cṳ́,late in life had a son.,404,1,kàu-ḿng nî cìaⁿ tit cṳ́,,true,pending,
007-reading-caa886527300abb5,reading,,lṳ́ hìeⁿ ùaⁿ lâi i mng íⁿ-keng khṳ̀ lío,how late you are in coming he has already gone.,404,1,lṳ́ hìeⁿ ùaⁿ lâi ：i mng íⁿ-keng khṳ̀ lío,,true,pending,
007-review-b4ab55d018c674df,review,,i kâi khìo-mîoⁿ hó̤ căi,has great quickness and depth of penetration.,404,1,i kâi khìo-míoⁿ hó̤ căi,he has great quickness and depth of penetration,true,pending,
007-review-c24fe9b6c064d0e2,review,,míoⁿ,A second in a degree; a ten thousandth; a minute.,404,1,,A second in a degree; a ten thousandth; minute,true,pending,
007-review-c1b161d272b18ac6,review,,sái kàu i bŏi tn̆g-có̤h kṳn-mîoⁿ,so that he may not be without posterity.,404,1,sái kàu i bŏi tn̆g-cô̤h kṳn-mîoⁿ,,true,pending,
007-review-24df74dfe89a1940,review,,"m̄ thóiⁿ ceng mĭn, thóiⁿ hût mīn","does not look at the faces of the priests, but at that of Buddh.",405,1,"m̄ thóiⁿ ceng mīn, thóiⁿ hût mīn",,true,pending,
007-reading-8fccbd7347dfccf8,reading,,cĭeⁿ mn̂g,approached the door.,406,1,cĭeⁿ m̂ng,,true,pending,
007-reading-ba60507db08ab8d7,reading,,hòng tîeh i kâi hīⁿ-kíaⁿ mn̂g,boxed him on the ear.,406,1,hòng tîeh i kâi hĭⁿ-kíaⁿ mn̂g,,true,pending,
007-reading-b6abc65422b34fde,reading,,mn̂g khŏng-khŏng-kìe,the door is slamming.,406,1,m̂ng khŏng-khŏng-kìe,,true,pending,
007-reading-15c6ebcddf8c6409,reading,,mn̂g lō,openings for trade or work.,406,1,m̂ng lō,,true,pending,
007-reading-5f233041886a5426,reading,,mn̂g-pâi,door-plate.,406,1,m̂ng-pâi,,true,pending,
007-review-c83d95aacb6d4a70,review,,"tàⁿ li mńg tàⁿ, úa sĭeⁿ i m̄ thiaⁿ","as for that, I can tell him, bat I suppose he will pay no heed to what I say.",406,1,,"as for that, I can tell him, but I suppose he will pay no heed to what I say.",true,pending,
007-review-a05c62cdc29b6b62,review,,tī cêk mńg to̤ m̄-ùi,fears no sort of people.,406,1,tī cêk mn̂g to̤ m̄-ùi,,true,pending,
007-review-671f920d25ce5911,review,,ūe tàⁿ khù bô̤ mn̂g hó̤ jîp,there was no chance to enter into the conversation.,406,1,ūe tàⁿ khṳ̀ bô̤ mn̂g hó̤ jîp,,true,pending,
007-reading-4e95ab7b5478451b,reading,,mó̤,"A contraction of m̄-hó̤, not good; badly; unsuitable; amis.",408,1,mó̤ m̄-hó̤,,true,pending,
007-review-a7d2bb351aea4491,review,,khṳt i ce mo̤ⁿ-mo̤ⁿ so̤-so̤ cū hàuⁿ,when he has been conciliated sufficiently he will consent.,408,1,khṳt i cē mo̤ⁿ-mo̤ⁿ so̤-so̤ cū hàuⁿ,,true,pending,
007-review-28109a1aaeb33602,review,,àiⁿ mông i kâi thâu khak cĭu sĭ,"he wants his bead, that is it.",408,1,,"he wants his head, that is it.",true,pending,
007-review-d9adf830a008edd0,review,,cǹg kâi bô̤ hó̤ mō̤ⁿ,without the least hope.,409,1,cn̂g kâi bô̤ hó̤ mō̤ⁿ,,true,pending,
007-review-cf683271dc7effdd,review,,"jīm m̄o̤ⁿ, mō̤ⁿ m̄ cheng-chó̤",gazed long and vainly.,409,1,"jīm mō̤ⁿ, mō̤ⁿ m̄ cheng-chó̤",,true,pending,
007-review-e1ca6927557f61b9,review,,keh mó̤h jîeh kù lío cìaⁿ lêng-ūaⁿ siang hó̤,"there was a coolness between them for some time, and then they again became very friendly.",409,1,keh mô̤h jîeh kú lío cìaⁿ lêng-ūaⁿ siang hó̤,,true,pending,
007-review-deb2a06a3c3340cf,review,,koi-mô̤ⁿ chóiⁿ,feather broom.,409,1,,a feather broom.,true,pending,
007-review-3f655eb118d751a6,review,,mó̤ⁿ-īeⁿ,a pattern; a model.,409,1,mô̤ⁿ-īeⁿ,,true,pending,
007-review-92c40259dcb12ab0,review,,môⁿ câk-câk,"thick hair, or fur.",409,1,mô̤ⁿ câk-câk,,true,pending,
007-review-aa6fa061e87bd2c8,review,,môⁿ jông-jông,downy feathers; fluffy hair.,409,1,mô̤ⁿ jông-jông,,true,pending,
007-review-a0d845c0434eae6c,review,,lō mûa,eels that travel on land.,410,1,lō mûa,,true,pending,
007-review-d7d622cea391842f,review,,"mùaⁿ-khí, cīeⁿ pùaⁿ k̀ua",to-morrow forenoon.,410,1,"mùaⁿ-khí, cīeⁿ pùaⁿ kùa",,true,pending,
007-review-c0f2dbd177ea0801,review,,múaⁿ,Full; replete; stuffed; fullness; pride; to fill; to suffice; to complete; to fiuish a set time.,410,1,,Full; replete; stuffed; fullness; pride; to fill; to suffice; to complete; to finish a set time.,true,pending,
007-review-4277f0f83183de85,review,,mûa-sng-kiaⁿ,very young eels.,410,1,,very young ells.,true,pending,
007-review-d0bf710d406654f8,review,,pêh mûa,the white eel.,410,1,pêh mûa,,true,pending,
007-reading-fde32761174327d8,reading,,bô̤ sĭm-mih mûeh tŏ̤ h̤́u tói,there is nothing at all in there.,411,1,bô̤ sĭm-mih mûeh tŏ̤ hṳ́ tói,,true,pending,
007-reading-26ded515e0ef32d6,reading,,muêh,"A thing, matter, or substance; anything between heaven and earth; affairs of life; a creature; a being; persons.",411,1,mûeh,,true,pending,
007-review-38086d00ac7ceec0,review,,"hŏ mûiⁿ-kíaⁿ; hŏ mûiⁿ-mûiⁿ; a drizzling, fine rain.",,411,1,hŏ mûiⁿ-kíaⁿ; hŏ mûiⁿ-mûiⁿ,"a drizzling, fine rain",true,pending,
007-review-4bd30f84488704b9,review,,hṳ́ kâi kìe-cò̤ sĭm mŭeh?,What is that called?,411,1,hṳ́ kâi kìe-cò̤ sĭm mûeh ?,,true,pending,
007-review-5f45684b8924b317,review,,khîeh tîo bîh-nā lâi pak,get a rattan cable and fasten it.,412,1,khîeh tîo bîh-nā lâi pâk,,true,pending,
007-reading-944fc67c66138369,reading,,i m̄sĭ nâng,he is inhuman.,413,1,i msĭ nâng,,true,pending,
007-review-2700c99fdce87294,review,,nâng īeⁿ; nâng khẃn,,413,1,nâng īeⁿ; nâng khẃn,human kind.,true,pending,
007-reading-03cc987e0ad3f7ae,reading,,né-taⁿ,solitary.,414,1,né-tăⁿ,,true,pending,
007-reading-a029764f4f9bcfb9,reading,,"sueh kaù mêng-pêh mêng-pêh nē, khṳt i thiaⁿ","explain it very fully now, and let him hear you.",414,1,"sueh kàu mêng-pêh mêng-pêh nē, khṳt i thiaⁿ",,true,pending,
007-review-8ac444eb40812b22,review,,nâp,"A reply in answer to a call, or order; assent or approval.",414,1,,A reply in answer to a call or order; assent or approval.,true,pending,
007-reading-cca0989d80b2a765,reading,,ún-nêk,secreted.,415,1,ṳ́n-nêk,,true,pending,
007-reading-02abde33b921ab39,reading,,īeⁿ-nêk,mutton.,415,1,îeⁿ-nêk,,true,pending,
007-reading-878658c70f518236,reading,,ngà,Stupid; silly; foolish.,416,1,khòng,,true,pending,
007-review-fa7ed3c19d84d061,review,,i cò̤ pàng kò̤ ngâk-ngâk,he sits very quietly and decorously.,416,1,i cŏ̤ pàng kò̤ ngâk-ngâk,,true,pending,
007-review-370eaedac3faba05,review,,nğ,"An exclamation, expressing dissent.",416,1,n̆g,"An exclamation, expressing dissent.",true,pending,
007-reading-1482e178f820237b,reading,,khá ngûn,smooth talk.,417,1,khá ngân,,true,pending,
007-review-7d254d31de53e33a,review,,"cía sĭ sĭm ngân khî coi cū sĭ, m̄ sĭ sît kâi","this is setting things at their very highest figure, it is not really thus.",417,1,"cía sĭ sĭm ngân khî cōi cū sĭ, m̄ sĭ sît kâi",,true,pending,
007-review-5cdfd6a3ce19d4bf,review,,ngàn chìu cúi,to temper by plunging in cold water.,417,1,ngàn chìn cúi,,true,pending,
007-review-3f452059bef4be77,review,,ng̀an,To seize with force; to pinch hard.,417,1,ngàn,,true,pending,
007-review-6199348033c472c6,review,,thiaⁿ lú kaî kim ngân,heed your valueable suggestions.,417,1,thiaⁿ lṳ́ kâi kim ngân,,true,pending,
007-review-b46caced080fd3da,review,,tîeh tau kau lô̤h ngam lô̤h ngam,fit the tenon deeply into its mortise.,417,1,tîeh tàu kàu lô̤h ngám lô̤h ngám,,true,pending,
007-review-7108fae65a121ba4,review,,ngâu,The buildings of a granary~~~~(;) a room or bin for storing grain within a depot.,418,1,,The buildings of a granary a room or bin for storing grain within a dépôt.,true,pending,
007-review-edc836eea407e3f3,review,,sì hái ngâu-îu; ngâu-îu sì hng,,418,1,sì hái ngâu-îu; ngâu-îu sì hng,roams everywhere,true,pending,
007-review-d53211f7ffbdcbd1,review,,ngîak-thâi; ngiak-pìen; ngiak-si,a provincial judge.,420,1,ngîak-thâi; ngîak-pìen; ngîak-si,,true,pending,
007-reading-8e44dedf1a7d4fbd,reading,,ngíang-kwn thien-bûn,"to study astrology, and geomancy.",421,1,ngíang-kwn thien-bûn hú-chak tī-lí,,true,pending,
007-review-3496b472e001d792,review,,"jūn căi, ngiet m̄ lôh","very tough, so that I cannot gnaw it off.",421,1,"jūn căi, ngiet m̄ lô̤h",,true,pending,
007-review-4cf0965474ed92d0,review,,ngīam tîeh bô sieⁿ,it proved on inspection that no wounds had been made.,421,1,ngīam tîeh bô̤ sieⁿ,,true,pending,
007-reading-b4d3c80e2bde6e08,reading,,"hàu-sŭn hŵn seⁿ hàu-sŭn kíaⁿ, ngó-ngêk hŵn seⁿ ngŏ-ngêk jî","the filial have filial children, the froward have froward sons.",422,1,"hàu-sŭn hŵn seⁿ hàu-sŭn kíaⁿ, ngó-ngêk hŵn seⁿ ngó-ngêk jî",,true,pending,
007-reading-283b1e9608e5b8ab,reading,,ngŏ hún,arrowroot.,422,1,ngó hún,,true,pending,
007-review-4fa4481b09069c74,review,,ngô̤ hiaⁿ,"I, vour stupid elder brother.",422,1,,"I, your stupid elder brother",true,pending,
007-review-ac8aa5451900c9cc,review,,ngŏ nâng ûi ngó,five men form a sqaad.,422,1,,five men form a squad.,true,pending,
007-review-3f56d602b40908f2,review,,pái tūi-ngó chut lâi ngêng-cih,"paraded & company out, to meet and welcome.",422,1,,"paraded a company out,to meet and welcome",true,pending,
007-review-0777bcac705ed7de,review,,sí nâng cáu m̄ kùe ngŏ-coh chíu,the dead cannot escape the hands of the coroners.,422,1,sí nâng cáu m̄ kùe ngŏ-co̤h chíu,,true,pending,
007-review-b6cf7c4a5ba0692a,review,,cieh ngṳ̂n,borrow mouey.,423,1,,borrow money.,true,pending,
007-review-456359a2039c243e,review,,i kâi ngŏ̤-hâh hó̤,it wasa lucky coincidence.,423,1,,it was a lucky coincidence.,true,pending,
007-review-4a25c231a366ef6e,review,,lṳ́ thóiⁿ i ŭ ngŭi sim a bô?,Do you think he is false-hearted or not?,423,1,lṳ́ thóiⁿ i ŭ ngŭi sim a bô̤ ?,,true,pending,
007-reading-cec22061d45ba74b,reading,,ngut-kim íⁿ-keng ku-ā kâi gûeh,up to now it is already several months.,424,1,ngṳt-kim íⁿ-keng ku-ā kâi gûeh,,true,pending,
007-reading-6a2e8db9cd563398,reading,,ngŵn pńg si jîeh cōi?,What capital had he to start with?,424,1,ngŵn pńg sĭ jîeh cōi ?,,true,pending,
007-reading-20bd6d3f407235f2,reading,,ngŵn-kū sĭ cía ĭeⁿ,in the beginning it was like this.,424,1,n̂gwn-kū sĭ cía ĭeⁿ,,true,pending,
007-reading-77fec706a52c5dd9,reading,,ngṳt-kim íⁿ-keng nǒ̤ nî,"up to this time, two years have elapsed.",424,1,ngṳt-kim íⁿ-keng nŏ̤ nî,,true,pending,
007-reading-e6be7eac1b0ee9dd,reading,,sît-căi si ngŵn mîu,are really a set of dunderheads.,424,1,sît-căi sĭ ngŵn mîn,,true,pending,
007-review-2130b42c5d4a54b1,review,,cí kâi hûang-tì kói-ngŵn cò sĭm-mûeh?,What is the style of the reign of this monarch?,424,1,cí kâi hûang-tì kói-ngŵn cò̤ sĭm-mûeh ?,,true,pending,
007-review-e2694df4dccdc145,review,,i-ngŵn sĭ cìeⁿ-seⁿ khì,it was originally built in that style.,424,1,i-ngŵn sĭ cìeⁿ-seⁿ khí,,true,pending,
007-review-36c0e1a7d6a5b64d,review,,"kha, thàu lío ŏi hôk ngŵn a bŏi?",Will the feet on being unbound resume their original shape?,424,1,"kha, tháu lío ŏi hôk ngŵn a bŏi ?",,true,pending,
007-review-a60efe35c7f6d96f,review,,khoi cúi kâi ngŵn-thâu sĭ tŏ tī kò̤?,Where is the source of this river?,424,1,khoi cúi kâi ngŵn-thâu sĭ tŏ̤ tī kò̤ ?,,true,pending,
007-review-dda0bd387706f754,review,,lieh-lieh-hue cí khí khó-chó̤ ngṳ̂t m̄ khṳ̀,ordinary persons could not endure this sort of hardship.,424,1,lîeh-lîeh-hùe cí khí khó-chó̤ ngṳ̂t m̄ khṳ̀,,true,pending,
007-review-31fe7e469e2e1f5e,review,,ngŵn huap,to despise the laws.,424,1,ngẃn huap,,true,pending,
007-review-99a0f9bc041e2258,review,,"ngṳ̂n hù bōi kái nâng siu ngṳt, chù li kau bói kâi nâng kẃn ciaⁿ","the money being paid over in full to the seller, the house is to be handed over to the purchaser for his sole behoof.",424,1,"ngṳ̂n hù bōi kâi nâng siu ngṳt, chù li kau bói ngṳ̂n hù bōi kâi nang kẃn cìaⁿ",,true,pending,
007-review-9126bc3908ebc468,review,,thiaⁿ tîeh ngw̆n sì,"when he heard it, he thought he would rather die.",424,1,thiaⁿ tîeh ngw̆n sí,,true,pending,
007-reading-3027578a249d50b5,reading,,kuè nî,to pass from one year to the next; the last day of the year.,425,1,kùe nî,,true,pending,
007-reading-089bfd404c07a634,reading,,"sì nî, nî bō̤, saⁿ nî, tn̂g nî",four years in dates makes three full years in time.,425,1,"sì nî, nî hō̤, saⁿ nî, tn̂g nî",,true,pending,
007-review-bf7eccec47832beb,review,,ciaⁿ nî kú,about a year.,425,1,cîaⁿ nî kú,,true,pending,
007-review-b64c5fd8d18ac232,review,,cì cêk nî úa bô̤ khṳ̀,I have not been there for a year.,425,1,cí cêk nî úa bô̤ khṳ̀,,true,pending,
007-review-3d6c4be228c21cbe,review,,hêng nî hông coih ŭ tńg lâi a bô̤?,Does he return at the recurrence of the annual festivals?,425,1,hông nî hông coih ŭ tńg lâi a bô̤ ?,,true,pending,
007-review-a33d759fd8bb3be9,review,,hòiⁿ ngw̄n,pay a vow.,425,1,hôiⁿ ngw̄n,,true,pending,
007-review-ccc50fc5c4285842,review,,"jw̆n ní-phông, ní-phông m bûa","however much we try to reconcile the difficulty, there seems to be no way of compassing it.",425,1,"jw̆n ní-phông, ní-phông m̄ bûa",,true,pending,
007-review-4feb3d47592de8bc,review,,keh ke nŏ nî,after an interval of two years.,425,1,keh ke nŏ̤ nî,,true,pending,
007-review-4ac1ba19e53c383d,review,,kàu mńg nî cìaⁿ tit cú,"when in the evening of life, had a son.",425,1,kàu mńg nî cìaⁿ tit cṳ́,,true,pending,
007-review-018dac80c19c3609,review,,"lêh nî, bô̤ ko̤i ieⁿ",for successive years there has been no variation.,425,1,"lêh nî, bô̤ ko̤h īeⁿ",,true,pending,
007-review-c9d0265dac02cb37,review,,"nî-chéng hó̤, nî-chêng mó̤",a good or bad year for business.,425,1,"nî-chêng hó̤, nî-chêng mó̤",,true,pending,
007-review-c6d1af845d17b621,review,,"saⁿ nî cêk jūn, ngŏ nî cài jūn",in every five years there are two years having thirteen mouths.,425,1,,in every five years there are two years having thirteen months,true,pending,
007-review-4db37ae1fdfb6cad,review,,saⁿ nî kuaⁿ nŏ̤ nî múa,an appointment for three years is often fulfilled in two.,425,1,saⁿ nî kuaⁿ nŏ̤ nî múaⁿ,,true,pending,
007-reading-b276333e13bad9aa,reading,,hàm i sía tieⁿ nía-cēng lâi nía,"tell him to write a certificate of loan, and come and take a commission.",427,1,hàm i sía tieⁿ nía-cèng lâi nía,,true,pending,
007-reading-9bdcdf3af6d875bb,reading,,mĕng i nía piaⁿ khùⁿ síu ìo-kháu,order him to take troops and go and guard an important pass.,427,1,mĕng i nía piaⁿ khṳ̀ síu ìo-kháu,,true,pending,
007-reading-78a741e2b1a3ffa3,reading,,"tŏ̤ kiaⁿ, nía bûn-pêng aŭ, cū khí-sin khṳ̀ hṳ̀ jīm","after receiving appointment at the capital, he starts on his way to his post.",427,1,"tŏ̤ kiaⁿ, nía bûn-pêng ău, cū khí-sin khṳ̀ hṳ̀ jīm",,true,pending,
007-reading-e3bbe383faabfdf0,reading,,tŏ̤ kuaⁿ-hú kò̤ nía ngûn khṳ̀ chái-bói,received money from the magistrate that he might go and buy in some.,427,1,tŏ̤ kuaⁿ-hú kò̤ nía ngṳ̂n khṳ̀ chái-bói,,true,pending,
007-review-6ad437e39303c262,review,,am̆-nía,a collar or bib.,427,1,ăm-nía,,true,pending,
007-review-d17a7215a43f6377,review,,cò cêk tîo nńg-nía lâi kùa,make a scarf to wear.,427,1,cò̤ cêk tîo ńng-nía lâi kùa,,true,pending,
007-review-f80f36686c2f588d,review,,i cò̤ sū thì-thì nĭ-nĭ,he is very set in his ways.,427,1,i cò̤ sṳ̄ thì-thì nĭ-nĭ,,true,pending,
007-review-8e93805f78518d0c,review,,niap-cheng khiam i kâi cîⁿ,falsely testified that he owed him money.,427,1,niap-cheng khìam i kâi cîⁿ,,true,pending,
007-review-e2bffed06bbdc588,review,,nía men̆g,received orders.,427,1,nía mĕng,,true,pending,
007-review-93cab2d9c824b99e,review,,peh kàu suaⁿ-nía thâu,climbed to the higliest point of the ridge.,427,1,,climbed to the highest point of the ridge.,true,pending,
007-reading-3fcbccde8e674dd4,reading,,cíe tê sek ngṳ̂n cêk níe,this tea is a dime an ounce.,428,1,cía tê sek ngṳ̂n cêk níe,,true,pending,
007-review-ca399ffd1bdefe0b,review,,ci ki chìn sĭ câp-lâk níe a câp-poih níe?,Do these steelyards weigh sixteen or eighteen ounces to the catty?,428,1,cí ki chìn sĭ câp-lâk níe a câp-poih níe ?,,true,pending,
007-review-b8c9966101326f20,review,,câp níe khí tîeh lô̤h thien-phêng,"for over ten ounces, it mast be put into the balances.",428,1,,"for over ten ounces, it must be put into the balances",true,pending,
007-review-90dc079afdcdacdb,review,,i kâi chìe khek sĭ nĭap âu-lêng tó̤ chìe,he sings his ballads in a female voice.,428,1,i kâi chìe khek sĭ nîap âu-lêng tó̤ chìe,,true,pending,
007-review-2ebbeedbf830d834,review,,i phò lăi cêk jît phêng chut ŭ kúi níe ngṳ̂n phêng-thân,"in their shop, they gain several taels per day from the overplus of weight in the money taken in.",428,1,i phò lăi cêk jît phêng chut ŭ kúi níe ngṳ̂n phêng-thâu,,true,pending,
007-review-b8187e4b48e9b561,review,,kha chìu tîeh pàng khùe cē màiⁿ cêk kâi thâu cū nîap cêk kùa,you must move faster and not be a half day dressing your hair.,428,1,kha chíu tîeh pàng khùe cē màiⁿ cêk kâi thâu cū nîap cêk kùa,,true,pending,
007-review-d1e05c6398ce6771,review,,nîap,To ran a seam; to sew.,428,1,,To run a seam; to sew.,true,pending,
007-reading-f802712320cd82b2,reading,,cīⁿ-nîe,stipend.,429,1,cîⁿ-nîe,,true,pending,
007-reading-e56883e4b46e4bf2,reading,,nîe tiêh khah tn̂g,find by measuring that it is too long.,429,1,nîe tîeh khah tn̂g,,true,pending,
007-review-657d56044e4cae0e,review,,"i bô̤ tùe bô̤ nih, tī-kò̤ to hó̤ khṳ̀","he has encumbrances, and can go anywhere.",429,1,,"he has no encumbrances, and can go anywhere.",true,pending,
007-review-95642ad135475494,review,,"i cò̤-nî nih kha nih kha, m̄ káⁿ kîaⁿ tōa hûah?","Why does he walk so carefully, not venturing to take long steps?",429,1,"i cò̤-nî nih kha nih kha, m̄ káⁿ kîaⁿ tōa hûah ?",,true,pending,
007-review-3e097dd71b1b1ed2,review,,"i kâi thâu-mô̤ⁿ nih-chih-tó̤, cò̤ hó̤ tá cang?","Her hair is very short, how can she do it up in the style of a grown woman?",429,1,"i kâi thâu-mô̤ⁿ nih-chih-tó̤, cò̤ hó̤ tá cang ?",,true,pending,
007-review-92e174496e61fb2a,review,,kĥiu i nīe chíu cē,beseech him to stay his hand.,429,1,khîu i nīe chíu cē,,true,pending,
007-review-c22b430f9f4f569b,review,,nih,To wink.,429,1,nih mâk,to wink.,true,pending,
007-review-39554b81e0342144,review,,nín lài thóiⁿ kâi ngía a-nîe,come and see this elegant lady.,429,1,nín lâi thóiⁿ kâi ngía a-nîe,,true,pending,
007-review-fc9e988e3f224d4e,review,,sio-bâk chŵn bŏi nih khìam,his account has no small balance left for collection.,429,1,sìo-bâk chŵn bŏi nih khìam,,true,pending,
007-review-ffa7b24bcb286355,review,,s̆i ta-po a sĭ cṳ-nîe?,Is it a boy or a girl?,429,1,sĭ ta-po a sĭ cṳ-nîe ?,,true,pending,
007-review-0dee4591fba772c4,review,,ta-po nâng cò̤ sū a-nîe a-nîe,a man who is feminine in his ways.,429,1,ta-po nâng cò̤ sṳ̄ a-nîe a-nîe,,true,pending,
007-reading-f76b2ff6d741e4cf,reading,,níuⁿ i khṳ̀ phṳ̀a,collar him and take him to the yamun.,430,1,níuⁿ i khṳ̀ phùa,,true,pending,
007-review-98ad0b4a3c222661,review,,cŏ̤ kàu saⁿ nìoⁿ-nìoⁿ,sat till lier tunic was rumpled.,430,1,,sat till her tunic was rumpled,true,pending,
007-review-3c99e92aba27ef18,review,,"i kai mīn phûe pô̤h-pô̤h, cn̂g kâi bŏi nìoⁿ","her face is fair, and without wrinkles.",430,1,"i kâi mīn phûe pô̤h-pô̤h, cn̂g kâi bŏi nìoⁿ",,true,pending,
007-review-74d405c130d4a252,review,,lṳ́ thóiⁿ i kâi uē ŭ nĭuⁿ a bô̤?,Do you think what he says extravagant?,430,1,lṳ́ thóiⁿ i kâi ūe ŭ nĭuⁿ a bô̤ ?,,true,pending,
007-review-aa88909f2fa4ea8c,review,,m̄ cai sĭ nín kâi a sĭ un kâi,do not know whether it is yours or ours.,430,1,m̄ cai sĭ nín kâi a sĭ ún kâi,,true,pending,
007-review-06792afd2bc63bf8,review,,niuⁿ,A fob or pocket.,430,1,níuⁿ,,true,pending,
007-review-5c6448b6c7322d5c,review,,niuⁿ,"To reject from the mouth, using tongue and teeth in selecting the offending object.",430,1,níuⁿ,,true,pending,
007-review-b9fa44400e8c2f4c,review,,saⁿ liap níuⁿ,three buttons.,430,1,saⁿ lîap níuⁿ,,true,pending,
007-review-5e868b441c47a691,review,,ńng lìu,womenfolk.,430,1,ńng lîu,,true,pending,
007-review-d5eefc14f8d95d69,review,,"ŭ kut, tîeh cai níuⁿ tīo, màiⁿ kéⁿ tîeh",if there are bones in it you must pick them out of the month and not get choked by them.,430,1,,if there are bones in it you must pick them out of the mouth and not get choked by them.,true,pending,
007-reading-e41ac800c47d6090,reading,,i keng tèng kâi láu-îa sĭ ngē sin kâi a sĭ ńng sin kâi?,"Is the idol in that temple, a solid one with painted clothes, or a jointed one with real clothes?",431,1,i keng tèng kâi láu-îa sĭ ngĕ sin kâi a sĭ ńng sin kâi ?,,true,pending,
007-reading-33800750dde20af4,reading,,líang pôiⁿ kŭ m̄ khéng tâk ńng,neither party was willing to yield at all.,431,1,líang pôiⁿ kŭ m̄ khéng tâh ńng,,true,pending,
007-review-4fff43d99bcdd514,review,,kha ǹng-ǹng,legs are weak.,431,1,kha ńng-ńng,,true,pending,
007-review-bd6db9ce3ffc820b,review,,nng kâi saⁿ,make a tunic.,431,1,n̂ng kâi saⁿ,,true,pending,
007-review-11a08d813e6c92bd,review,,"sin bí pn̄g, cîah tîeh ńng-ńng, ho cai",the rice of the newly gathered crop tastes very tender and good.,431,1,"sin bí pn̄g, cîah tîeh ńng-ńng, hó̤ căi",,true,pending,
007-review-038c21d548d01357,review,,sĭ cò̤ tì cêk pŏ kâi sĭ-n̂ng?,Of which Board is he the Vice President?,431,1,sĭ cò̤ tī cêk pŏ kâi sĭ-n̂ng ?,,true,pending,
007-review-16d9e95f049848a4,review,,"thôiⁿ tîeh ńng ki, ńng tô̤",it appears to be all wilted down.,431,1,"thóiⁿ tîeh ńng ki, ńng tô̤",,true,pending,
007-review-80c77016df7439bd,review,,"nôiⁿ ci, nôiⁿ ki, nôiⁿ hieh, nôiⁿ kău","the seeds, stems, leaves and roots of the lotus.",432,1,"nôiⁿ cí, nôiⁿ ki, nôiⁿ hîeh, nôiⁿ kău",,true,pending,
007-review-e46144af0bc1b98c,review,,nōiⁿ,"A tree bearing lilac flowers, the Melia azedarach, or Pride of India.",432,1,,"A tree bearing lilac flowers, the melia azederach, or Pride of India.",true,pending,
007-reading-c53f894712106562,reading,,"nō̤ⁿ suaⁿ sie thâh, chíaⁿ chut","one mountain on top of another (makes the letter which stands for “exit”), please take your departure.",433,1,"nŏ̤ⁿ suaⁿ sie thâh, chíaⁿ chut",,true,pending,
007-review-7a0e62863f4365ef,review,,nŏ̤ cîah kha cêk ciah ío tōa,one of his feet is larger than the other.,433,1,nŏ̤ⁿ cîah kha cêk ciah ío tōa,,true,pending,
007-review-68e969ef36d84f41,review,,nŏ̤ în lâu,a two storey building.,433,1,nŏ̤ⁿ în lâu,,true,pending,
007-review-455f43e6e95e8102,review,,taⁿ chûn bô̤ nŏ̤ tîo mô̤ⁿ,he has now scarcely a hair left on his head.,433,1,taⁿ chûn bô̤ nŏ̤ⁿ tîo mô̤ⁿ,,true,pending,
007-reading-1278094b6f89479f,reading,,oi kŭn i sin-piⁿ,snuggles up to her.,434,1,oi kṳ̆n i sin-piⁿ,,true,pending,
007-reading-5bfe3bd9cc87d940,reading,,ói nâng thóiⁿ sṳ̄,a dwarf beholding a play.,434,1,ói nâng thóiⁿ hì,,true,pending,
007-reading-ed3fb1c2bb9cb29b,reading,,ôi khîeh khṳ̀ póiⁿ ôiⁿ-phîaⁿ khṳt i phâk,"take the shoes and turn their sides to the sun, and let them sun.",434,1,ôi khîeh khṳ̀ póiⁿ ôi-phîaⁿ khṳt i phâk,,true,pending,
007-review-c3f092fe73e0a736,review,,o-a,crow or a raven.,434,1,,a crow or a raven.,true,pending,
007-review-7f3c00c37c7a8321,review,,"thóiⁿ tîeh nût-nût nē, ŭ cìaⁿ-keng chiet-ìo kâi ūe i īu ŏi tàⁿ","he appears very quiet, but if there is any special or important subject for him to talk abont he can talk fluently enough.",434,1,,"he appears very quiet, but if there is any special or important subject for him to talk about he can talk fluently enough.",true,pending,
007-review-6f051bc694f4055e,review,,"ôi màiⁿ kîaⁿ lío tó̤ lioh, lioh lío, ôi kōi hāi","do not ran your shoes down at the heels, when shoes are run down at the heel they wear out quickly.",434,1,,"do not run your shoes down at the heels, when shoes are run down at the heel they wear out quickly.",true,pending,
007-reading-c7c92131628e2642,reading,,cí ciah káu ŏi̤ kă nâng a bŏi?,Is this dog apt to bite people?,435,1,cí ciah káu ŏ̤i kă nâng a bŏi?,,true,pending,
007-review-916f69838ff9b530,review,,bò̤ cêk sî ôiⁿ,I have no leisure.,435,1,bô̤ cêk sî ôiⁿ,,true,pending,
007-review-3ea92ed66bca42f9,review,,bô̤ hía ôiⁿ-chêng khṳ́ thóiⁿ,have not that idle disposition which would incline me to go and see it.,435,1,bô̤ hía ôiⁿ-chêng khṳ̀ thóiⁿ,,true,pending,
007-review-ceb24b8c1b7a400d,review,,m̄ cai i ŏi tit a bŏi tit,do not know whether be can or not?,435,1,,do not know whether he can or not ?,true,pending,
007-review-d096c5069fb68867,review,,ŏi lôh hŏ mē?,It is likely to rain?,435,1,ŏi lô̤h hŏ mē ?,,true,pending,
007-reading-f48cf6c96a3b7f6d,reading,,"koi-thîo mòng-êk kâi nâng, ciu jīt o̤ mûeh, o̤ kàu chìu sng","pedlars who carry their goods on their shoulders, hawk their goods all day, and bawl till their throats ache.",436,1,"koi-thîo mòng-êk kâi nâng, ciu jît o̤ mûeh, o̤ kàu chùi sng",,true,pending,
007-review-525614d4214734c4,review,,i m̄ khéng ô̤h,he is unwilling te learn.,437,1,,he is unwilling to learn.,true,pending,
007-review-010f7dd976b06a1c,review,,ô̤,"An interjection, expressing satisfaction.",437,1,ō̤,,true,pending,
007-review-773825f02ec51f86,review,,úa ôh lṳ́ thiaⁿ,I tell you about it.,437,1,úa ô̤h lṳ́ thiaⁿ,,true,pending,
007-reading-4d4028eeed45c8c1,reading,,àiⁿ pá cí kĭaⁿ sṳ̄ cò̤-nî lâi chù-lì?,How shall we arrange this business?,438,1,àiⁿ pá cí kĭaⁿ sṳ̄ cò̤-nî lâi chù-tì ?,,true,pending,
007-review-f0cfb3810d8bf982,review,,hûeⁿ-pà; hùeⁿ-hûeⁿ pà-pà,regardless of the rights of others.,438,1,hûeⁿ-pà ; hûeⁿ-hûeⁿ pà-pà,,true,pending,
007-review-8ef5e9caa8e396e2,review,,"jī ke phah pă, màiⁿ sie chūe","both parties having discontinued the quarrel, let there be no farther fighting.",438,1,,"both parties having discontinued the quarrel, let there be no further fighting.",true,pending,
007-review-d9e2612664cc227f,review,,"nŏ̤ hiaⁿ tĭ cêk kâi tèng cŏ̤-ngŵn, cêk kâi tèng pá-ngân","of the two brothers one became the first scholar of the empire, and the other the second.",438,1,"nŏ̤ hiaⁿ tĭ cêk kâi tèng cŏ̤-ngŵn, cêk kâi tèng pá-ngán",,true,pending,
007-review-00119b9d5d765dfa,review,,pa-ngán,"the “eye of the list”, a term for the second scholar in the land; the idea is that he is second in order as the eye is under the forehead.",438,1,pá-ngán,,true,pending,
007-review-a3ba0b5306e0d342,review,,pái toh,to lay a table.,438,1,pái to̤h,,true,pending,
007-review-02b4f84c5d898d70,review,,pái tō,. ferry formed of stationary boats.,438,1,,a ferry formed of stationary boats.,true,pending,
007-review-743b89db0e0e6a2e,review,,îo-îo pái-pái,to strut arouad.,438,1,,to strut around.,true,pending,
007-reading-51839c2eb45ae91d,reading,,cang pâ lâi tói,ward off with a shield.,439,1,cang pâi lâi tói,,true,pending,
007-reading-6248bedcbc773719,reading,,i cò̤ sṳ̄ m̄ káⁿ pāi tîeh mn̂g-huang,his conduct shows care not to disgrace the family name.,439,1,i cò̤ sṳ̄ m̄ káⁿ pāi tîeh m̂ng-huang,,true,pending,
007-reading-ec3b191f15a3a25b,reading,,i tó̤ phah kui-pâi,he is playing dominoes.,439,1,i tó̤ phah kut-pâi,,true,pending,
007-review-7adc6c388dd7d7a4,review,,hĭⁿ-pâi,flat car-rings.,439,1,,flat ear-rings.,true,pending,
007-review-2f22ee2fb3de68d0,review,,i pâi jît tī-tîang-sî lâi?,At what time of the day does he generally come?,439,1,i pâi jît tī-tiang-sî lâi ?,,true,pending,
007-review-a616279f4ad034cc,review,,naⁿ pâi kàu hó̤-hó̤,range them nicely.,439,1,uaⁿ pâi kàu hó̤-hó̤,,true,pending,
007-review-3591fca79fb39612,review,,ngŏ̤ tîeh châk khṳt i pak kàu theh-theh,"fell among thieves, and was stripped stark naked by them.",439,1,,"fell among thieves, and was stripped stark naked off by them.",true,pending,
007-review-0578fd3c88121053,review,,pâi,To place properly; to make a show with; to set out in a regular order; to range in a line; a row} a line.,439,1,,To place properly; to make a show with; to set out in a regular order; to range in a line; a row; a line.,true,pending,
007-review-8d58f008423f2456,review,,pāi,To subvert; to destroy; to nullify; to ruin; to violate; discomfited; a rout.,439,1,,To subvert; to destroy; to nulify to ruin; to violate; discomfited; a rout.,true,pending,
007-review-78f13dc9a778fa13,review,,tek pâi,bamboo raft.,439,1,,a bamboo raft.,true,pending,
007-review-3a874a9f5581aa1f,review,,"thiⁿ-ĕ bô̤ put pāi cṳ ke, bô put phùa cṳ kok","in all the world, there has been no house that has not decayed, and no kingdom that has not come to an end.",439,1,"thiⁿ-ĕ bô̤ put pāi cṳ ke, bô̤ put phùa cṳ kok",,true,pending,
007-reading-58faf094780a2268,reading,,"khṳt náng kâi kun cē chong, hía châk-cheⁿ pang","as soon as our troops rushed forward, the rebels gave way.",440,1,"khṳt nâng kâi kun cē chong, hía châk cheⁿ pang",,true,pending,
007-reading-aa2f806da85bcde0,reading,,"soiⁿ tì kèng-pang kâi sî-hāu, cò̤-nî hun-hù?",What were the orders given by the former emperor at the time of his death?,440,1,"soiⁿ tì kè-pang kâi sî-hāu, cò̤-nî hun-hù ?",,true,pending,
007-review-d0dfbd2e9804be53,review,,i kiu-nî kùe pang lío,he has this year joined another company of actors.,440,1,i kin-nî kùe pang lío,,true,pending,
007-review-1f9b89779d679566,review,,ŭ cêk choiⁿ ngṳ̂n kâi pang-bó̤ cū khí tit lâi,it will take not far from a thousand dollars to build it.,440,1,ŭ cêk choiⁿ ngṳ̂n kâi pang-bô̤ cū khí tit lâi,,true,pending,
007-reading-a3dc52dbc1556513,reading,,pàng hui,left open.,442,1,pàng khui,,true,pending,
007-reading-7218e7c6f03d059c,reading,,"sĭ pàng îeⁿ tìeⁿ, and sĭ pàng suaⁿ tìeⁿ?",Is it loaned on the security of something afloat or of something ashore?,442,1,"sĭ pàng îeⁿ tìeⁿ, a sĭ pàng suaⁿ tìeⁿ？",,true,pending,
007-review-5241c3128df76228,review,,chìe khṳ̀ m̄ lôh páng,he sings without regard to time.,442,1,chìe khṳ̀ m̄ lô̤h páng,he sings without regard to time.,true,pending,
007-review-9451059945d4222f,review,,lṳ́ hó̤ nā-pàng cí-ko̤,you stay here.,442,1,lṳ́ hó̤ nā-pàng cí kò̤,,true,pending,
007-review-8c61c02519c12aee,review,,sam-pang,"a small punt, named from its bottom being three planks in width.",442,1,sam-páng,,true,pending,
007-review-8be55560794ffd75,review,,sĭ i tó̤ phah páng,it is he who beats the time.,442,1,,it is he who beats the tune.,true,pending,
007-reading-1c33eb0ce2caf680,reading,,tâng pâng,to room together.,443,1,tâng pâng; khĭa-khí tâng pâng,,true,pending,
007-review-b03ee8831112e23f,review,,cò hìeⁿ pâng-î?,How is it that they are so cheap?,443,1,cò̤ hìeⁿ pâng-î ?,,true,pending,
007-review-bb13ff8b697a1a7d,review,,khîa ki jû-i păng,held a mace in his hand.,443,1,khîa ki jû-ì păng,,true,pending,
007-review-b1b9e5846542fbca,review,,àiⁿ khù pât kô̤,am going elsewhere.,443,1,àiⁿ khṳ̀ pât kò̤,,true,pending,
007-reading-1aca8513ac3f3cd9,reading,,"nâng m̄-bó̤ cṳ̆ pău, cṳ̆ khì",one should not throw himself away in a fit of rage.,444,1,"nâng m̄-hó̤ cṳ̆ pău, cṳ̆ khì",,true,pending,
007-review-21dc2f5ccebe6203,review,,cía tīaⁿ-tîeh sĭ sîn-méng páu-ĭu i,the gods surely helped him in this.,444,1,cía tīaⁿ-tîeh sĭ sîn-mêng páu-ĭu i,,true,pending,
007-review-b1d6c5a03214060b,review,,cē sa cū cìaⁿ pé,as soon as you rake it up you will get a bundle.,444,1,cē sa cū cîaⁿ pé,,true,pending,
007-review-6e4dd02d448c7ec0,review,,hue kim pău,an uru holding the bones of the dead.,444,1,,an urn holding the bones of the dead.,true,pending,
007-review-df358c951d502b05,review,,"i sĭ cò̤ thài-páu, a sĭ cò̤ sìo-páu?",Is he the principal or the secondary guardian of the emperor?,444,1,"i sĭ cò̤ thài-páu, a sĭ cò̤ sìo-páu ?",,true,pending,
007-review-efc0b167817ca68e,review,,meⁿ pé îam lài lô̤h,take up a handful of salt and put it in.,444,1,meⁿ pé îam lâi lô̤h,,true,pending,
007-reading-427f59d574992198,reading,,cêk tīo pê tŏ̤ lṳ́ sin tèng,there is one crawling upon you.,445,1,cêk tîo pê tŏ̤ lṳ́ sin tèng,,true,pending,
007-reading-6b82edb74d35f352,reading,,"nŏ̤ pôiⁿ tîeh péⁿ cài, cē m̄ péⁿ cài cū àiⁿ tăng-thâu-áu","you must lade in equally on either side, if you do not it will tip to one side.",445,1,"nŏ̤ pôiⁿ tîeh pêⁿ cài, cē m̄ pêⁿ cài cū àiⁿ tăng-thâu-áu",,true,pending,
007-reading-dd7ed5ff8c639413,reading,,īa si àiⁿ pèⁿ i kâi pn̄g-úaⁿ-thâu li i căi tit hàuⁿ?,How can he consent to having the tidbit that caps his bowl of rice taken away?,445,1,īa sĭ àiⁿ pèⁿ i kâi pn̄g-úaⁿ-thâu li i căi tit hàuⁿ ?,,true,pending,
007-review-0b9163d263fa58f2,review,,to pèⁿ,knife handle.,445,1,to̤ pèⁿ,,true,pending,
007-reading-387ce8a5d32dc7d0,reading,,khîeh cīⁿ khṳ̀ bói pēⁿ,"to purchase illness, to smoke opium.",446,1,khîeh cîⁿ khṳ̀ bói pēⁿ,,true,pending,
007-reading-d62e2b3e06e976d4,reading,,pēⁿ hó̤ lí̤o,has recovered.,446,1,pēⁿ hó̤ lío,,true,pending,
007-review-97dd73f688eb5400,review,,cek pek hiaⁿ tĭ,sons of brothers.,446,1,cek pek hiaⁿ tĭ,,true,pending,
007-review-ebfff624a637afec,review,,cí kĭaⁿ sṳ̄ kài măuⁿ-pēⁿ sĭ tŏ̤ cí kâi nâng,the trouble in this matter lies in this individual.,446,1,cí kĭaⁿ sṳ̄ kâi măuⁿ-pēⁿ sĭ tŏ̤ cí kâi nâng,,true,pending,
007-review-418ba2f6552352ef,review,,"cò̤ kúi, so̤h m̄ cĭeⁿ ko-péⁿ","when you become a spirit, you won't be able to climb up on the platform where the food is laid out for poor devils.",446,1,"cò̤ kúi, so̤h m̄ cĭeⁿ ko-pêⁿ",,true,pending,
007-review-a7a6d836fbb26690,review,,hôk lăk lăi kâi a-peh,"a senior, so near of kin that mourning would be worn for him should he die.",446,1,hôk lâk lăi kâi a-peh,,true,pending,
007-review-7980af71741f7ae2,review,,i íⁿ-keng peⁿ kú lío,he has been ill a long time.,446,1,i íⁿ-keng pēⁿ kú lío,,true,pending,
007-review-8a96e4cd96692eee,review,,sài péⁿ,a drying shed.,446,1,sài pêⁿ,,true,pending,
007-reading-1cd55b53e30200ee,reading,,hek pêk hun mêng,black and white distinctly divided.,447,1,hek pêh hun mêng,,true,pending,
007-reading-2128eff0e7b90595,reading,,"lṳ́ màiⁿpeh chîeⁿ, peh piah",do not clamber over the walls.,447,1,"lṳ́ màiⁿ peh chîeⁿ, peh piah",,true,pending,
007-reading-4f0a5337ad823256,reading,,m̄ khéng cêk phe,not so few as a hundred.,447,1,m̄ khéng cêk peh,,true,pending,
007-reading-f6df1a47779ab2b7,reading,,tìeⁿ khí lâi mâk-ciu kaik-kiak pêh,bulged out his eyeballs.,447,1,tìeⁿ khí lâi mâk-ciu kiak-kiak pêh,,true,pending,
007-review-0b4e26cd6ccdab3c,review,,bûn bú peh kuaⁿ khṳ̀ chîo-hō,"all the officials, civil and military, went to congratulate him.",447,1,bûn bú peh kuaⁿ khṳ̀ chîo-hō̤,,true,pending,
007-review-b2b343d365ea4afa,review,,sek pêh; sek cùi pêh,light colored.,447,1,sek pêh; sek cúi pêh,,true,pending,
007-review-9bba48a5a9a16a44,review,,ún cí kò kâi nâng īa sĭ pâk pêh kûn cū sĭ tòa hà,"if people here wear white skirts, they are in mourning.",447,1,ún cí kò̤ kâi nâng īa sĭ pâk pêh kûn cū sĭ tòa hà,,true,pending,
007-review-e8a29617517ffbec,review,,cia si pek i bo nai kai,this is crowding him beyond what he can endure.,448,1,cía sĭ só̤ pek i bô̤ năi kâi,,true,pending,
007-review-ba7d9001817393a4,review,,"i tŏ̤ pêh-lô̤h, màiⁿ thiaⁿ","he is telling what is untrue, pay no hoed to him.",448,1,"i tŏ̤ pêh-lô̤h, màiⁿ thiaⁿ i",,true,pending,
007-review-164d2ba19c375736,review,,n̂ng-pek,"bark of the *Pterocarpus flavus*, used in medicine, and for dyeing silks yellow.",448,1,,"bark of the Pterocarpus flavus, used in medicine, and for dyeing silks yellow",true,pending,
007-review-5e7b8e3d9c4bcc3a,review,,"pek kàu i cĭeⁿ thiⁿ bo̤ lō, ló̤h tī bô̤ mn̂g",drove him to desperation.,448,1,"pek kàu i cĭeⁿ thiⁿ bô̤ lō, lô̤h tī bô̤ mn̂g",,true,pending,
007-review-0096057871166a7a,review,,pek thosìo bâk,urgently demand payment of a bill.,448,1,pek thó̤ sìo-bâk,,true,pending,
007-review-0c11fdad746428ba,review,,pek-cí-jîn,jumper seeds.,448,1,,juniper seeds.,true,pending,
007-review-59f377bd60b63527,review,,pèh-cíaⁿ,,448,1,pêh-cíaⁿ pêh-cíaⁿ ; pêh-lô̤h,to tell falsehoods.,true,pending,
007-review-4ca240227807aa34,review,,péng hîap,ribs joined as to have no interstice between the two.,448,1,,ribs joined so as to have no interstice between the two.,true,pending,
007-review-78a76a11fe011f8e,review,,péng khî,two teeth united so as to form one.,448,1,péng khí,,true,pending,
007-review-bd1d28ba75c0f757,review,,pêng tong bói-kàn móng nâng kâi châng,depend on a middleman to buy a field from a certain man.,448,1,pêng tong bói-kàu móng nâng kâi châng,,true,pending,
007-review-e7cceaf851c5ebf3,review,,ui si so pek,driven by circumstances.,448,1,ûi sì só̤ pek,,true,pending,
007-review-62309dc85930dbf8,review,,bó chṳ́ bô̤ pí,neither the one nor the other.,449,1,bô̤ chṳ́ bô̤ pí,,true,pending,
007-review-718f51f0543a282c,review,,cí hù pi-cîeh phah ŭ jîeh cōi cîⁿ?,How much did it cost to have this sot of grave stones cut?,449,1,,How much did it cost to have this set of grave stones cut?,true,pending,
007-review-154d9a3ab7349eb7,review,,cí ieⁿ mûeh cîah lío tăi ŭ pi-pó,this when eaten is very strengthening.,449,1,cí īeⁿ mûeh cîah lío tăi ŭ pi-pó,,true,pending,
007-review-cf8ba2d754500229,review,,pi,A deceased mother.,449,1,pí,,true,pending,
007-review-e27e5de3316bbb65,review,,pi,"Stone tablets, such as are set up in templates or public places.",449,1,,"Stone tablets, such as are set up in temples or public places.",true,pending,
007-review-50cea97abf9f0bd4,review,,pi,That; those; there; the other.,449,1,pí,,true,pending,
007-reading-40e50feb293f7a5c,reading,,pàng kò̤ ŭ-pĭ put ngô̤,put it aside in readiness for an emergency.,450,1,pàng kò̤ ṳ̆-pĭ put ngô̤,,true,pending,
007-reading-72cc301fe179799b,reading,,tôaⁿ pî-pê,play the viol.,450,1,tôaⁿ pî-pê thâng pî-pê,,true,pending,
007-review-6dfd5a88266d4425,review,,pì-hṳ kâi nâng,one whose digestive powers are weak.,450,1,pî-hṳ kâi nâng,,true,pending,
007-review-f2d42eab88c8952b,review,,pî-pê,A shaped guitar with four strings.,450,1,,A pear shaped guitar with four strings,true,pending,
007-review-ca58eb97d3648b21,review,,tîeh līen pháu ŭ jîeh cōi pì bé cìaⁿ hó̤ lôh tîeⁿ,must practise riding for many courses and then you can enter the lists at the examinations.,450,1,tîeh līen pháu ŭ jîeh cōi pì bé cìaⁿ hó̤ lô̤h tîeⁿ,,true,pending,
007-reading-61960690e61a02f9,reading,,ci-pĭ,to hide from observation.,451,1,cia-pĭ,,true,pending,
007-reading-0e26bc5a3a61501f,reading,,i thì tīo piⁿ khṳ̤̀ cò̤ hûe-sīeⁿ,he shaved off his queue and became a priest.,451,1,i thì tīo piⁿ khṳ̀ cò̤ hûe-sīeⁿ,,true,pending,
007-reading-e8e079ed0bbbacb2,reading,,i tâng sò̤i bōi khṳt nâng ûi pĭ,she was sold as a slave in early childhood.,451,1,i tâng sòi bōi khṳt nâng ûi pĭ,,true,pending,
007-reading-86a36f7321924b18,reading,,pǐ,A maid-servant; unmarried female slaves.,451,1,pĭ,,true,pending,
007-reading-e373172c376ed3c8,reading,,pǐ,To ascend high places; ascent to a palace or court.,451,1,pĭ,,true,pending,
007-reading-6b93ac0e9ca4bc91,reading,,pǐ,To shade; to screen; obscured.,451,1,pĭ,,true,pending,
007-reading-c000d81dce1e7ff7,reading,,pǐ,"Trouble, mischief.",451,1,pĭ,,true,pending,
007-review-eea3c4a81fd34854,review,,cí khí sṳ̄ kâi chéng-pī cōi căi,there are many difficulties in this business.,451,1,cí khí sṳ̄ kâi chêng-pī cōi căi,,true,pending,
007-review-c94762df276a589c,review,,mih īeⁿ lĭ-pī i to pat,ho is up to all sorts of tricks.,451,1,,he is up to all sorts of tricks.,true,pending,
007-reading-169eb8d525942007,reading,,guêh píaⁿ,cakes made at the full of the eighth moon and used in worshipping it.,452,1,gûeh píaⁿ,,true,pending,
007-review-c2cbad76994bf225,review,,cē píaⁿ cū bô̤ saⁿ sîaⁿ,in relating it he told less than three tenths of the story.,452,1,cē pîaⁿ cū bô̤ saⁿ sîaⁿ,,true,pending,
007-review-469508e7dbd2d42d,review,,"iⁿ m̄ cîaⁿ îⁿ, píⁿ m̄ cîaⁿ píⁿ",it is all out of shape.,452,1,"îⁿ m̄ cîaⁿ îⁿ, píⁿ m̄ cîaⁿ píⁿ",,true,pending,
007-review-7dced1e00478060c,review,,jī ke sie thun-piaⁿ,the two devour each other.,452,1,jī ke sie thun-pìaⁿ,,true,pending,
007-review-6ac9b71fe004aa00,review,,píaⁿ teng sok húe,the third and fourth of the ten stems belong to fire.,452,1,píaⁿ teng sôk húe,,true,pending,
007-review-85e8d39a969db2b8,review,,pĭⁿ cò̤ cêk tio so̤h,plait it and make a rope of it.,452,1,pĭⁿ cò̤ cêk tîo so̤h,,true,pending,
007-review-7364d6c068fd6601,review,,ŭ khi sua-hṳ̂ ŏi pìⁿ cò̤ hóⁿ,there is a species of shark that changes into a tiger.,452,1,ŭ khí sua-hṳ̂ ŏi pìⁿ cò̤ hóⁿ,,true,pending,
007-reading-925ba9e5938f5cee,reading,,piàng,To slap; to pound; to rap.,453,1,pìang,,true,pending,
007-review-acc6b10f2f935cd7,review,,i-píe hiaⁿ-tĭ,mother's sister's son.,453,1,î-píe hiaⁿ-tĭ,,true,pending,
007-review-78b3abcec1b87499,review,,kiaⁿ kàu i sim-kuaⁿ-thân piak-piak-tōaⁿ,so frightened that his heart throbbed violently.,453,1,kiaⁿ kàu i sim-kuaⁿ-thâu piak-piak-tōaⁿ,,true,pending,
007-review-52815ad0d7b33d13,review,,kin-nî sĭ úa kâi cío khìa cong-chun-pie,this year it was my quail that was the champion.,453,1,kin-nî sĭ úa kâi cío khîa cong-chun-pie,,true,pending,
007-review-4224b4ff5fdc851b,review,,ko-píe hiaⁿ-tĭ,father's sister's son.,453,1,,father’s sister’s son.,true,pending,
007-review-69c5d89c3aa66dfe,review,,ká sì-pie,wind a watch.,453,1,ká sî-pie,,true,pending,
007-review-472de2e110a3a442,review,,"sì-chù cŭang tîeh, to sĭ̆ tâng-chîeⁿ thih-piah",no opening for exit in any direction.,453,1,"sì-chù cŭang tîeh, to sĭ tâng-chîeⁿ thih-piah",,true,pending,
007-review-2d61c6c7909ceee8,review,,sî-pie thêng khṳ̀,the watch bas stopped.,453,1,,the watch has stopped.,true,pending,
007-review-df5e069e57fa50c1,review,,úa kio lṳ́ pîak cū hó̤,I will set it up for yon.,453,1,,I will set it up for you.,true,pending,
007-reading-ee74b0b9e2b037f5,reading,,koiⁿ-hâu áu ki píen-taⁿ,carried a flat carrying pole over his shoulder.,454,1,koiⁿ-thâu áu ki píen-taⁿ,,true,pending,
007-reading-95fb29bbf34553ce,reading,,put pĭon cìeⁿ-seⁿ cò̤,it is inexpedient to do so.,454,1,put pĭen cìeⁿ-seⁿ cò̤,,true,pending,
007-review-448ed919bf0aa81f,review,,"kíaⁿ-jît cìeⁿ-seⁿ taⁿ, mùaⁿ-khí-cá cū pìen kùe","he says so to-day, but to-morrow morning he will have changed his purpose.",454,1,"kíaⁿ-jît cìeⁿ-seⁿ tàⁿ, mùaⁿ-khí-cá cū pìen kùe",,true,pending,
007-review-7321d72275a3c254,review,,lŏi tang híen ŭ pîet chêng,there are manifestly other circumstances which he has not told.,454,1,lăi tang híen ŭ pîet chêng,,true,pending,
007-review-900a8032a69547b3,review,,"cṳ̆ cìaⁿ it pín, kàu cŭang káu pîn",from the very highest rank to the very lowest.,455,1,"cṳ̆ cìaⁿ it pín, kàu cŭang káu pín",,true,pending,
007-review-e7b4de4dd8301b23,review,,pin chù to cêk īeⁿ,throughout the house it is the same.,455,1,pìn chù to cêk īeⁿ,,true,pending,
007-review-170b0e340971f1af,review,,pín-hôk cīeⁿ-sĭ,reply to a superior officer.,455,1,pín-hôk cīeⁿ-si,,true,pending,
007-review-1bbca7db1c71e85f,review,,pīn cí-ko̤ cū ŵn,it ends at this point.,455,1,pīn cí-kò̤ cū ŵn,,true,pending,
007-review-b6e3749494a818d8,review,,i kâi pit-bâk hô̤,he is a good writer.,456,1,i kâi pit-bâk hó̤,,true,pending,
007-review-f8818f601b33de7f,review,,in-pit,a lead pencil.,456,1,în-pit,,true,pending,
007-review-810d86636e995471,review,,pit,Enough; satisfied; fall.,456,1,,Enough; satisfied; full.,true,pending,
007-review-480a58e9352418f9,review,,put pit jù chṳ́,it is not sure that it is thus.,456,1,put pit jû chṳ́,,true,pending,
007-review-59a441311fcc3c89,review,,pît-pô̤ sái hó̤ cò̤ îeh,the excrement of bats is used as a medicine.,456,1,pît-pô̤ sái hó̤ cò̤ ieh,,true,pending,
007-review-17487112e61910bc,review,,seⁿ tit cêk pío nâng châi,altogether he loks the clever man.,456,1,,altogether he looks the clever man.,true,pending,
007-review-08dc87aaaa862b7b,review,,àiⁿ pīn tī-kò khí?,At what point shall I begin?,456,1,àiⁿ pīn tī-kò̤ khí ?,,true,pending,
007-reading-46a58bb4107c2a4d,reading,,húe lí-hẃn piu chut lâi,the flames burst forth incessantly.,457,1,húe lí-kẃn piu chut lâi,,true,pending,
007-review-c51fc3f6282dc463,review,,ciah pn̄g,take a meal.,457,1,cîah pn̄g,,true,pending,
007-review-9611c7b682ec7560,review,,tān piuh khak,the peas have sprouted.,457,1,tāu piuh khak,,true,pending,
007-reading-ada83b9f28330c67,reading,,i hàm kĭe-po-thâu lâi mn̄g,he told the chief chair-bearer to come and inquire.,458,1,i hàm kĭe-po-thâu lâi m̄ng,,true,pending,
007-review-264f515a1b171664,review,,"cang ngŏ sek pò lâi phah cò̤ bé-kang-lî, chái ngia","make a lattice work of variegated cloth, for ornamentation.",458,1,"cang ngŏ sek pò lâi phah cò̤ bé-kang-lî, chái ngía",,true,pending,
007-review-5583fbaecf8aec8a,review,,"cía tîeh sìa lío cìaⁿ lâi pó, m̄ hó soiⁿ pó ău sìa","the tonics mnst follow the depleting medicines, it is not well to first give restoratives and then give purgatives.",458,1,,"the tonics must follow the depleting medicines, it is not well to first give restoratives and then give purgatives",true,pending,
007-review-5190f277be9e8288,review,,hṳ̀ pó,cured fish.,458,1,hṳ̂ pó,,true,pending,
007-review-c6c06f81f8dad9ad,review,,jṳ̂ chn̂g pò,duster for furniture.,458,1,,a duster for furniture.,true,pending,
007-review-83d984a130a0107a,review,,môⁿ-lâm pò,plush.,458,1,mô̤ⁿ-lâm pò,,true,pending,
007-review-0fdbe9e3f752c80c,review,,"cí pō, iang siaⁿ",stop walking and call out.,459,1,"cí pō, îang siaⁿ",,true,pending,
007-review-d43af4a41aa147a2,review,,nôiⁿ pō,lady’s footsteps.,459,1,,a lady’s footsteps.,true,pending,
007-reading-be439ed3995be68a,reading,,m̄ hó̤ khah méⁿ póiⁿ cìaⁿ ŏ̤i kàu kò̤,"do not turn them over too soon, and then they will cohere in one piece.",460,1,m̄ hó̤ khah méⁿ póiⁿ cìaⁿ ŏi kàu kò̤,,true,pending,
007-review-ef1a71122d0bfb54,review,,"cìeⁿ pôiⁿ pūe lío, póiⁿ kùe hìeⁿ pôiⁿ cài pūe","when this side has been dried by the fire, turn it over and dry the other side.",460,1,"cìeⁿ póiⁿ pūe lío, póiⁿ kùe hìeⁿ pôiⁿ cài pūe",,true,pending,
007-review-6454f9f1b5223e38,review,,poih pó̤,the eight precious things which the eight genti carry in their hands.,460,1,,the eight precious things which the eight genii carry in their hands.,true,pending,
007-review-5ecc71dc33865e03,review,,pok,"To divine by looking at, or rattling coins inside of tortoise shell; sortilege.",460,1,,"To divine by looking at, or rattling coins inside of a tortoise shell; sortilege.",true,pending,
007-reading-0840c8ff22511edf,reading,,"huang hiah, éng būe hiah, hía cûn tó̤ pong lío","after the wind has ceased and before the waves have gone down, the pitching of the vessel is hardest for people to bear.",461,1,"huang hiah, éng būe hiah, hía cûn tó̤ pong lío, nâng kèng kang-khó",,true,pending,
007-reading-3de3884610e9f106,reading,,"thiⁿ cīeⁿ ŭ pó̤, jît gûeh cheⁿ sîn tī cīeⁿ ŭ pó̤ hàu cṳ́ tong chîn","what is most highly prized in the heavens are the sun, the moon, the stars and the gods: what is most valuable among earthly things are filial sons and loyal courtiers.",461,1,"thiⁿ cīeⁿ ŭ pó̤, jît gûeh cheⁿ sîn: tī cīeⁿ ŭ pó̤ ：hàu cṳ́ tong chîn",,true,pending,
007-review-7c73fb9b167c35b5,review,,khṳ̀ muaⁿ tī kò̤ chîm pó̤,go everywhere searching for treasures.,461,1,khṳ̀ múaⁿ tī kò̤ chîm pó̤,,true,pending,
007-review-25840d41d569ea62,review,,pòng cò̤ nŏ̤ pôiⁿ,burst in two.,461,1,pòng cò̤ nŏ̤ pô̤iⁿ,,true,pending,
007-reading-7a8b1250090c8b4c,reading,,câh p̤ô̤h,to set up a weir.,462,1,câh pô̤h,,true,pending,
007-reading-2dce7405029438e1,reading,,kŏ sîn pó̤-īu phêng-ang,trust the gods to keep in safety.,462,1,kŏ sîn pó̤-ĭu phêng-ang,,true,pending,
007-review-3bc76d9fa04a10e9,review,,"lâi kîaⁿ pó̤-kah kâi huap, cū bô̤ nâng kàⁿ o̤-châng châk","by going according to the system of dividing the town up into tithings with a head man to each tithing, none will dare harbour thieves.",462,1,"lâi kîaⁿ pó̤-kah kâi huap, cū bô̤ nâng káⁿ o̤-châng châk",,true,pending,
007-review-460c2cb3f4357959,review,,pó̤ chûn i kâi sèⁿ-mīa,preserve his life.,462,1,pó̤ chûn i kâi sèⁿ-mīaⁿ,,true,pending,
007-reading-61597837bdfe53ac,reading,,màiⁿ thiu kah pô̤h,do not plane it too thin.,463,1,màiⁿ thiu khah pô̤h,,true,pending,
007-reading-b4da7347c0ba1537,reading,,pû hua,a square shallow wooden dipper.,463,1,pû hia,,true,pending,
007-review-c84c347579d3a181,review,,có̤ ío pô̤h cē,make it rather thinner.,463,1,cò̤ ío pô̤h cē,,true,pending,
007-review-2bf7ba006864135d,review,,"i khu kau, ŭ khin poh i a bo?",Did he receive contemptuous treatment on arriving?,463,1,"i khṳ̀ kàu, ŭ khin pô̤h i a bô̤",,true,pending,
007-review-0c9634a5cae0c86e,review,,khîeh khṳ̀ huang-lô pû ke khún-kíaⁿ,take it to the stove and boil it a little while longer.,463,1,khîeh khṳ̀ huang-lô pû ke khùn-kíaⁿ,,true,pending,
007-review-b882bf710d01545e,review,,pô̤h,Thin; attenuated; poor; fortunate; light; few; to slight; to treat coldly; a thin leaf or plate.,463,1,,Thin; attenuated; poor; unfortunate; light; few; to slight; to treat coldly; a thin leaf or plate,true,pending,
007-review-7599d5a493a11b07,review,,pù,Rich; wealthy; afflaent.,463,1,,Rich; wealthy; affluent.,true,pending,
007-review-49cefe052926b09d,review,,pù,"To arrange; to spread out, to publish, to make known.",463,1,,"To arrange; to spead out, to publish, to make known",true,pending,
007-review-6016b255f94d92c1,review,,pù-ti̤ lâi tit ngî,properly arranged.,463,1,pù-tì lâi tit ngî,,true,pending,
007-review-94fa87c1cfd14fcd,review,,pū cĕk tàu koi-kíaⁿ,to hatch a nest of chickens.,463,1,pū cêk tàu koi-kíaⁿ,,true,pending,
007-reading-bdb3d04679ca5ad3,reading,,pùaⁿ guêh,half a month.,464,1,pùaⁿ gûeh,,true,pending,
007-reading-56c59f7ceae45bc2,reading,,îaⁿ-pûaⁿ cap to̤ ̆tī-kò̤?,Where is the camp set?,464,1,îaⁿ-pûaⁿ cap tŏ̤ tī-kò̤ ?,,true,pending,
007-review-807933eb1ccbc2c5,review,,"pûaⁿ tôi, pûaⁿ kha",the upper and the under side of a plate.,464,1,"pûaⁿ tói, pûaⁿ kha",,true,pending,
007-review-919f45e2fd20e2fa,review,,ūe cêk kâi kî-pûaⁿ,draw the squares on a chess-board.,464,1,,draw the squares on a chese-board.,true,pending,
007-reading-0675aa246bddb65f,reading,,"sī pûah tîeh im pue, a sĭ îang pue, a sĭ sèng pue?","When you tossed the two bamboo-roots did they fall with the flat sides downward, or with the convex sides downward or with one flat side and one convex side downward?",465,1,"sĭ pûah tîeh im pue, a sĭ îang pue, a sĭ sèng pue ?",,true,pending,
007-reading-f066044419f616f9,reading,,bô̤ pūe,no repayment for losses.,466,1,bô̤ pûe,,true,pending,
007-review-a423692ac84eb87d,review,,i kâi nâng chû-pui căi,she is very tender-hearted.,467,1,i kâi nâng chṳ̂-pui căi,,true,pending,
007-review-6d2a6173cb86eddd,review,,ke lâi àiⁿ ŭ cun pui tōa sòi kâi lói-sìo,"in the family there should be observance of the customary civilities between the high and the low, the elder and the younger.",467,1,ke lăi àiⁿ ŭ cun pui tōa sòi kâi lói-sìo,,true,pending,
007-review-6407713bd270100c,review,,"pûi-càng, tōa-kîaⁿ",fat and stout.,467,1,"pûi-càng, tōa-kīaⁿ",,true,pending,
007-review-f85eddfe354f9674,review,,pŭe,,467,1,pŭe,To add or heap up dirt.,true,pending,
007-review-a01f86658ec95a1c,review,,cho-pŭn,coarse and awkward; ungainly.,468,1,,coarse and awkword; ungainly.,true,pending,
007-review-c043fa1c9b4af049,review,,koiⁿ chù pun i tīn,gave him a house to live in.,468,1,koiⁿ chù pun i tīu,,true,pending,
007-review-5f3960882d305493,review,,put thô lâi ceng chîeⁿ,bring the earth for pounding into tho wall.,469,1,,bring the earth for pounding into the wall.,true,pending,
007-review-6d49a472cb1e661d,review,,phang īa sĭ khṳ̀ chái ŭ hó̤ bît cū tîeh khîeh tńg lâi cìn-kong phang-ûang,if the bees gather good honey they must bring it as tribute to the queen.,470,1,phang īa sĭ khṳ̀ chái ŭ hó̤ bît cū tîeh khîeh tńg lâi cìn-kòng phang-ûang,,true,pending,
007-reading-c2ba8cbd34368db8,reading,,cia máng-phè,wear a veil.,472,1,cia măng-phè,,true,pending,
007-reading-f5a8b1fa82ef7d78,reading,,phau tīo sūaīⁿ phûe,shave off the rind of a mango.,472,1,phau tīo sūaiⁿ phûe,,true,pending,
007-reading-c2d3bac6c24234ea,reading,,phàu thâu sì khùi to hak ŭ,has long and short robes for all the four seasons.,472,1,phâu thâu sì-khùi to hak ŭ,,true,pending,
007-reading-e7c2549bace491a7,reading,,phàu- thâi,a fort.,472,1,phàu-thâi,,true,pending,
007-reading-dd008c81144eafc3,reading,,phău bṳ̆n cong sin,I can never forgive it.,472,1,phău hṳ̆n cong sin,,true,pending,
007-reading-2b57272cc99edbac,reading,,phǎu,To feel; to have in the heart; to adhere.,472,1,phău,,true,pending,
007-reading-940bef1540ea2ebd,reading,,suāiⁿ-phau,a knife used in paring mangoes.,472,1,sūaiⁿ-phau,,true,pending,
007-review-ba45691d22336064,review,,koi-ang phêh sît lío cū thí,the cock claps its wings and crows.,472,1,koi-ang phêh sît lío cū thî,,true,pending,
007-reading-6e1baac46525799d,reading,,"i lâi chíaⁿ kâi thiap sĭ sía ""pheng mêng hāu kà""","his card of invitation said, ""the tea is made and we await your instructions.""",473,1,i lâi chíaⁿ kâi thiap sĭ sía “ pheng mêng hāu kà ”,,true,pending,
007-reading-9e04ed04aa73dea6,reading,,i mîaⁿ-ke pheng-thîo chài-bǔ,she is skillful in concocting food.,473,1,i mîaⁿ-ke pheng-thîo chài-bŭ,,true,pending,
007-reading-b9e41477c18f6d4b,reading,,"i phêng-pêh bô̤ kù mēⁿ úa ; he scolded me with- out the least reason, chng-kháu íⁿ-keng phêng-hôk lío",the sore is already healed.,473,1,"i phêng-pêh bô̤ kù mēⁿ úa ; he scolded me without the least reason, chng-kháu íⁿ-keng phêng-hôk lío",,true,pending,
007-reading-617517ae06252b72,reading,,phèng- chíaⁿ hîen-jîn,engage a teacher.,473,1,phèng chíaⁿ hîen-jîn,,true,pending,
007-review-73600aa85b8787b5,review,,chn̂g-kûn iⁿ-phi thang-thang sin,the table-valances and chair-covers were span new.,473,1,chn̂g-kûn íⁿ-phi thang-thang sin,,true,pending,
007-review-469c71a91e7409b4,review,,i kâi nâng phek-lêk cǎi,he is a very boisterous person.,473,1,i kâi nâng phek-lêk căi,,true,pending,
007-review-510f32f7a3147418,review,,sĭ phêng-sieⁿ-nâng,is a commoner.,473,1,sĭ phêng-sîeⁿ-nâng,,true,pending,
007-headword_review-8d0205da6e5cdb57,headword_review,翩,phî,,474,1,phî,To fly about; to flutter.,true,pending,
007-headword_review-90f9ed91e5baecc9,headword_review,脾,phî,,474,1,phî,The temper; whims,true,pending,
007-review-a32d8fa2833a0b52,review,,cí îeⁿ îeh ŏi khṳ̀ tīo heng tang kâi phí-kò̤,this medicine will remove the swelling arising from obstructed bowels.,474,1,cí īeⁿ îeh ŏi khṳ̀ tīo heng tang kâi phí-kò̤,,true,pending,
007-review-376b3c8bf7fc96bf,review,,phì-jû i īa-sĭ m̄ cêng lâi li cò̤-nî nē?,"Supposing that he has not arrived, then what?",474,1,,b,true,pending,
007-reading-5d80b3f47aca8be5,reading,,bô̤ tham i kâi kāu phìaⁿ,do not covet a large dower.,475,1,bô̤ tham i kâi kău phìaⁿ,,true,pending,
007-reading-1f04d1f6165b41bf,reading,,cía cū sǐ hì-pêⁿ-téng kâi ūe-pêh-phīⁿ kâi,this is the buffoon in the theatre (and has his nose painted white).,475,1,cía cū sĭ hì-pêⁿ-téng kâi ūe-pêh-phīⁿ kâi,,true,pending,
007-reading-954a97941880ccd4,reading,,i kâi phiah pēⁿ m̄-hō̤,he has vicious propensities.,475,1,i kâi phiah pēⁿ-m̄-hó̤,,true,pending,
007-reading-e81e85c4ee8321eb,reading,,"khṳt i kâi búe cē phîak, uâng cū pûah lô̤h khṳ̀",one blow from his tail would knock a person down.,475,1,"khṳt i kâi búe cē phîak, nâng cū pûah lô̤h khṳ̀",,true,pending,
007-reading-5fa27c64ed84ee81,reading,,phīⁿ tîeh phang cǎi,smelled very fragrant.,475,1,phīⁿ tîeh phang căi,,true,pending,
007-review-224e7e8a91257782,review,,cí kúi phìⁿ síam-mn̂g cò̤ jîeh cōi cîⁿ?,How much did you pay for these folding doors?,475,1,cí kúi phìⁿ síam-mn̂g cò̤ jîeh cōi cîⁿ ?,,true,pending,
007-review-7674d1d3ebdddec7,review,,"ngí tīaⁿ, nô̤ kò̤ phìaⁿ",it is fixed at twice ten taels.,475,1,"ngí tīaⁿ, nŏ̤ kò̤ phìaⁿ",,true,pending,
007-review-8673e273c8c4d2e9,review,,phiah-cèⁿ kâi tī-hng,a secluded spot.,475,1,phiah-cĕⁿ kâi tī-hng,,true,pending,
007-review-f458d5e20e182938,review,,phiaⁿ lôh khṳ̀̀ chap-chap-chùi,dashed it down and broke it in little pieces.,475,1,phiaⁿ lô̤h khṳ̀ chap-chap-chùi,,true,pending,
007-review-75c284a8fe80f4ec,review,,phiaⁿ nêk; tu kâi phîaⁿ nêk,a side of pork.,475,1,phiaⁿ nêk; tṳ kâi phîaⁿ nêk,,true,pending,
007-reading-6c8c144e610f73a6,reading,,"châng phîe li hó̤, m̄ căi ău-lâi kak kúe căi-seⁿ?","The young grain is in fine condition, but we do not know how it will be when it hereafter comes to head up.",476,1,"châng phîe li hó̤, m̄ cai ău-lâi kak kúe căi-seⁿ ?",,true,pending,
007-review-69d0c9da7cedd3a8,review,,chûn bô phìen-kíaⁿ-ni,have scarcely a bit left.,476,1,chûn bô̤ phìen-kíaⁿ-ni,,true,pending,
007-review-a413d06d4f6020dc,review,,cêk png cṳ jîeh cōi phien?,How many leaves are there in one volume?,476,1,cêk pńg cṳ jîeh cōi phien ?,,true,pending,
007-review-09d616f1f7830be6,review,,i phien tŏ̤ tŏiⁿ kúi hō̤?,Under what mark is it ranged?,476,1,i phien tŏ̤ tŏiⁿ kúi hō̤ ?,,true,pending,
007-review-a052cadf263a335d,review,,"kuah kâi mîaⁿ-phìen-ìu, hó̤ lâi khap toaⁿ-phìen",engrave a stamp for stamp-ing the name on visiting cards.,476,1,"kuah kâi mîaⁿ-phìen-ìn, hó̤ lâi khap toaⁿ-phìen",,true,pending,
007-review-8291cffb2ebaae8d,review,,phien,To fly about; to flatter.,476,1,,To fly about; to flutter.,true,pending,
007-review-71c3ef7af229433f,review,,phìen cò̤ pó̤h phìen,slice it into thin flakes.,476,1,phìen cò̤ pô̤h phìen,,true,pending,
007-review-072926ccb245b534,review,,pue khṳ̀ phien-phien nē,fly liither and thither; to flutter about.,476,1,,fly hither and thither; to flutter about.,true,pending,
007-review-dd206c733626971d,review,,tòa pâi tòa phìe khṳ̀ lîah nâng,take warrants aid arrest people.,476,1,,take warrants and arrest people.,true,pending,
007-reading-af2bfdc0265fea16,reading,,cía sĭ cang ˘nng khṳ̀ phîn cîeh-thâu,this is pitting an egg against a stone.,477,1,cía sĭ cang n̆ng khṳ̀ phîn cîeh-thâu,,true,pending,
007-reading-97db71cd59c8cded,reading,,khîeh kò̤ cng-kŏ̤ khṳ̀ phîn i,"took a brickbat, and hit him with it.",477,1,khîeh kò̤ cng-kò̤ khṳ̀ phîn i,,true,pending,
007-review-e5718a58f55a1fca,review,,úa thóiⁿ-kìⁿ kâi phio-thâu,I saw the notice that he had put up.,477,1,úa thóiⁿ-kìⁿ i kâi phio-thâu,,true,pending,
007-review-12ebcb891f7addb6,review,,chíu tèng khîeh png ŵn-phŏ,held in his band a book in which to take subscriptions for the relief of Buddhist priests or for the repair of temples.,478,1,chíu tèng khîeh pńg ŵn-phŏ,held in his hand a book in which to take subscriptions for the relief of Buddhist priests or for the repair of temples,true,pending,
007-review-8d5aa478af733f95,review,,i kâi ūe tàⁿ lâi bô̤ phó bô̤ pho̤h,what ho says is not substantiated by any evidence.,478,1,,what he says is not substantiated by any evidence.,true,pending,
007-review-565b5dfcae119927,review,,"i m̄ cṳ̆ lĭang căi, to̤ bŏi thàng, īu hàuⁿ phîo","he lacks the power of self-restraint, earns nothing, and and follows lewd women.",478,1,,"he lacks the power of self-restraint, earns nothing, and follows lewd women",true,pending,
007-review-896bf525dae59fe7,review,,i ŭ phŏ kṳ̆ a bô?,Has he any written proof to show for it?,478,1,i ŭ phŏ kṳ̆ a bô̤ ?,,true,pending,
007-reading-c5720c1eaec67d1e,reading,,khṳ̀ phô̤k-tîeh i tú-tú tó̤ cîah a-phìen,went and espied him just when he was smoking opium.,479,1,khṳ̀ phôk-tîeh i tú-tú tó̤ cîah a-phìen,,true,pending,
007-reading-64fbdbbb8ec48e53,reading,,phōiⁿ,"or pōiⁿ. To manage, to attend to, to prepare, to provide, to go on with, to transact business; to act as a factor.",479,1,phōiⁿ or pōiⁿ,,true,pending,
007-review-3e3dee8056bde3d0,review,,hṳ́ cêk kó châk cò̤ cē phok-mit khṳ̀,that band of robbers was extirpated at a stroke.,479,1,hṳ́ cêk kó châk cò̤ cē phok-mît khṳ̀,,true,pending,
007-review-817267ee69ec3721,review,,"kui ciu, hẃn phok",to reform one's habits.,479,1,"kui cin, hẃn phok",,true,pending,
007-review-ea82c7114213fedb,review,,phōiⁿ,"or pōiⁿ. To manage, to attend to, to prepare, to provide, to go on with, to transact business; to act as a factor.",479,1,phōiⁿ or pōiⁿ,"To manage, to attend to, to prepare, to provide, to go on with, to transact business; to act as a factor",true,pending,
007-reading-713b27bce1771c26,reading,,cêk phìeⁿ phô̤ sim,a motherly heart.,480,1,cêk phìen phô̤ sim,,true,pending,
007-reading-43c818aac31d6695,reading,,nŏ̤ cîah cûn sie phòng,the two vessels collided.,480,1,nŏ̤ ciah cûn sie phòng,,true,pending,
007-reading-ad01db525cc1032d,reading,,pho̤h,To cleave at a blow; to cut with a heavy stroke.,480,1,phún,,true,pending,
007-review-027da5d6426df180,review,,huang thàu kàu muaⁿ lō phông-phông-eng,the wind blows so that the whole road is covered with a cloud of dust.,480,1,huang thàu kàu múaⁿ lō phông-phông-eng,,true,pending,
007-review-edde9de7322470f3,review,,i khṳt i phú thien cṳ hĭa mēⁿ cêk kùe,"he was reviled by him, every opprobrious term under the whole heavens being used.",480,1,,"he was reviled by him, every approbrious term under the whole heavens being used.",true,pending,
007-review-787dd58dc009c261,review,,"i sĭ cîu cùi kâi īeⁿ, kîaⁿ lō phŏng-pheng phŏng-pheng",he staggers as if he were tipsy.,480,1,"i sĭ cíu cùi kâi īeⁿ, kîaⁿ lō phŏng-pheng phŏng-pheng",,true,pending,
007-review-c697dec687e72dea,review,,"jît àm, thóiⁿ m̄ kìⁿ, nŏ̤ nâng phòng káu thâu khak hueh lāu","it was dark so that they could not see, and the two came in collision with such force that their heads bled from the bump.",480,1,"jît àm, thóiⁿ m̄ kìⁿ, nŏ̤ nâng phòng kàu thâu khak hueh lāu",,true,pending,
007-review-f1165d9a18e75171,review,,phŏng-pheng,To stagger.,480,1,phông-pheng,,true,pending,
007-reading-54bac5eb6397dc6d,reading,,phû-thî-chīu,"the seeds of the pipul tree, used as beads.",481,1,phû-thî-cí,,true,pending,
007-reading-b6eb658f77d65d31,reading,,phū-chàu,light minded; without stability or dignity.,481,1,phû chàu,,true,pending,
007-review-e1f7d41efe087419,review,,"i a-pĕ cū sĭ chûn cōi-cōi ciⁿ, i īa phùa tit ŵn","should his father leave a great amount of money, he would waste it all.",481,1,"i a-pĕ cū sĭ chûn cōi-cōi cîⁿ, i īa phùa tit ŵn",,true,pending,
007-review-deecc35a7c1988bc,review,,phùaⁿ cò̤ nŏ̤ poiⁿ; phùaⁿ cò̤ pôiⁿ,to halve; to divide in two.,481,1,phùaⁿ cò̤ nŏ̤ pôiⁿ; phùaⁿ cò̤ pôiⁿ,,true,pending,
007-reading-4e5f4f597ae6f06f,reading,,"c̤̀o kâi phue tŏ̤-kò̤, būe cêng sie","have the pot tery made, but have not yet baked it.",482,1,"cò̤ kâi phue tŏ̤-kò̤, būe cêng sie",,true,pending,
007-reading-de3dbf2e278bde6c,reading,,kâi sĭ tṳ phŭaⁿ hóⁿ mî,it is like to the dog offering himself to the tiger as a bed-fellow.,482,1,kâi sĭ tṳ phŭaⁿ hóⁿ mîn,,true,pending,
007-review-49fb0372a11a26c7,review,,"bô̤ phŭaⁿ, kù-chṳ́ m̄ cê g khṳ̀",did not go because I had no one to go with me.,482,1,"bô̤ phŭaⁿ, kù-chṳ́ m̄ cêng khṳ̀",,true,pending,
007-review-287d2b1535414713,review,,"i kâi bé khṳt phùaⁿ-bé-so̤hⁿ phùaⁿ tó̤, nâng īa pûah lô̤h khṳ̀","his horse was tripped up by the rope stretched to trip him, and the rider fell off.",482,1,i kâi bé khṳt phùaⁿ-bé-so̤h phùaⁿ tó̤ nâng īa pûah lô̤h khṳ̀,,true,pending,
007-review-804fb8ba9132446f,review,,phùa cò̤ nŏ pôiⁿ,split it in two.,482,1,phùa cò̤ nŏ̤ pôiⁿ,,true,pending,
007-review-966693750422d2af,review,,phûah,"character seems to be missing a ""dot"" The gait of a sprained horse.",482,1,,The gait of a spavined horse.,true,pending,
007-review-21ee89bd513c4632,review,,"pit cē khô̤h tîeh bâk, cū phuah m̄ khui",if your pen is stock up with dry ink it will not make a smooth stroke.,482,1,,if your pen is stuck up with dry ink it will not make a smooth stroke.,true,pending,
007-reading-7b82e2137c86d1ec,reading,,phùe m̄ cieⁿ,it does not fit.,483,1,phùe m̄ cĭeⁿ,,true,pending,
007-review-380f4ea2da5493bc,review,,cí kâi sĭ i kâi ngŵn phue,this is his first spouse.,483,1,cí kâi sĭ i kâi ngŵn phùe,,true,pending,
007-review-7eca3e002dfe1e5b,review,,gû-nĭ phueh,cream.,483,1,gû-nĭ phûeh,,true,pending,
007-review-30fcf459d492a8bd,review,,phûe,"Skin, rind, bark, peel, external covering; a wrapper; a case; leather; furs; reputation; character.",483,1,phûe,"Skin, rind, bark, peel, external covering; a wrapper; a case; leather; furs; reputation; character",true,pending,
007-review-04e0a9454cf8cc85,review,,phûe-sek tĭ-cú,develop one's pupils.,483,1,phûe-sek tĭ-cṳ́,,true,pending,
007-review-3e42a000a12254a8,review,,phûeh sńg; phueh chìe,talk playfully.,483,1,phûeh sńg; phûeh chìe,,true,pending,
007-review-eec9c22f41a89cb1,review,,"phûh pang, phûh kha",an uninfluential body.,483,1,"phûh pâng, phûh kha",,true,pending,
007-reading-77ef5cac181e7e9e,reading,,cí kháu phûn kih ŭ kâi tûn,this grave has a terrace built up before it.,484,1,cí khán phûn kih ŭ kâi tûn,,true,pending,
007-reading-23c25de8c92705c8,reading,,kak ̤̂oh kâi ô̤h-keng lăi to ŭ phẁn-keng tî,every college has the semi-circular pool within its grounds.,484,1,kak ô̤h kâi ô̤h-keng lăi to ŭ phẁn-keng tî,,true,pending,
007-reading-d2044cc7fdd2888c,reading,,phùn cho̤h cúi lo̤h khṳ̀,dash some water on it.,484,1,phùn cho̤h cúi lô̤h khṳ̀,,true,pending,
007-reading-60fc6972eb74d049,reading,,phŵn bùi,fare; travelling expenses.,484,1,phŵn hùi,,true,pending,
007-review-1a1e8c5b17b74ed4,review,,cía sǹg sĭ chîu phwn kâi,this is the testimony of an adversary.,484,1,cía sǹg sĭ chîn phwn kâi,,true,pending,
007-review-ea6cd3fa9bf957d1,review,,cía tùi-lîu sĭ hō̤ i kâi kíaⁿ jîp phẁn kâi,this pair of matched scrolls is sent as a present to congratulate him upon bis son's entrance into college.,484,1,cía tùi-lîn sĭ hō̤ i kâi kíaⁿ jîp phẁn kâi,this pair of matched scrolls is sent as a present to congratulate him upon his son’s entrance into college.,true,pending,
007-review-f2d2dd31bb2548d5,review,,"cē phŵn-po̤h, i kâi cin chêng cū chut hīn","as soon as be was cross-questioned, the real facts were made apparent.",484,1,,"as soon as he was cross-questioned, the real facts were made apparent.",true,pending,
007-review-6dfd3056ffffe79b,review,,hong cò̤ phwn-uang,made a feudal prince.,484,1,hong cò̤ phwn-ûang,,true,pending,
007-review-9ee6764dd9dc4425,review,,i kâi hùe to sĭ tŏ̤ cí kò̤ phŵn kâi,be gets his goods here.,484,1,,he gets his goods here.,true,pending,
007-review-a8711d857ae3b287,review,,lîm phûn kâi sî-hāu câi-bó̤ ciaⁿ lâi,the midwife came just as the pains of travail began.,484,1,lîm phûn kâi sî-hāu câi-bó̤ cìaⁿ lâi,,true,pending,
007-review-d61a80f768c4bcb9,review,,"phwn chîu, bô̤ phwn táng","one testifies against his enemies, not against his accomplices.",484,1,"phwn chîn, bô̤ phwn táng",,true,pending,
007-review-b3d22de8765b6575,review,,ún cí kháu cò phûn ēng ŭ cí piⁿ kâi nâng tŏ̤ thóiⁿ-síu,this ancestral grave must be taken care of by those who live near here.,484,1,ún cí kháu có phûn ēng ŭ cí piⁿ kâi nâng tŏ̤ thó̤iⁿ-síu,,true,pending,
007-reading-043fc805b03344a8,reading,,saⁿ hùe phŏ̤ nŏ̤t,had two children in three years.,485,1,saⁿ hùe phŏ̤ nŏ̤,,true,pending,
007-review-7bf21c361472b5a3,review,,i kâi cìⁿ sīa khṳ̀ kàu khṳt i sah tîeh,he caught in his hand the arrow that shot at him.,485,1,,he caught in his hand the arrow that was shot at him.,true,pending,
007-review-c40489282d4e8935,review,,kín sin saⁿ; sin toi saⁿ,garments worn next the body; underclothing.,485,1,kín sin saⁿ; sin tói saⁿ,,true,pending,
007-review-46252f1f8dbbc2af,review,,sai,To decant liquors; to pour a libtation; to pour out.,485,1,,To decant liquors; to pour a libation; to pour out.,true,pending,
007-review-e8dc856c389da530,review,,saⁿ tng; sa; hûe; sa chṳ̀,three times.,485,1,saⁿ tng; saⁿ hûe; saⁿ chṳ̀,,true,pending,
007-review-2784f84ba9f3aa9f,review,,sîn-sa,,485,1,sîn-sa,cinnabar.,true,pending,
007-reading-7e8f3ca1bbd7308d,reading,,chíu tho̤h hiang sai,she leaned her chin on her hand.,486,1,chíu thoh hiang sai,,true,pending,
007-review-39233bd2ccc9b852,review,,co sai híang tang,"located with the back to tue west, and facing east.",486,1,cŏ̤ sai hìang tang,"located with the back to the west, and facing east.",true,pending,
007-review-cd67d010e0d1c7bd,review,,i kâi pêh sài kùe soh,its whiteness rivals the snow.,486,1,i kâi pêh sài kùe so̤h,,true,pending,
007-review-10826222927ad721,review,,"jiak-sái ā-sĭ úa tŏ̤ kò̤, i cū m̄ káⁿ","if so be that I were there, he would not venture to do it.",486,1,"jîak-sái ā-sĭ úa tŏ̤ kò̤, i cū m̄ káⁿ",,true,pending,
007-review-669615cc4daa3b03,review,,màiⁿ taⁿ tang laⁿ sai,do not beat about the bush.,486,1,màiⁿ tàⁿ tang tàⁿ sai,,true,pending,
007-review-08ce8cd3f60a488e,review,,sai mng,the west gate.,486,1,sai mn̂g,,true,pending,
007-review-b6cda7496c58fa49,review,,sai-lam kak,the south-western corner.,486,1,sai-lâm kak,,true,pending,
007-review-40dc36e8b297b7b0,review,,úa àiⁿ phah kâi sài-péⁿ,I am going to make a platform for drying things in the sun.,487,1,úa àiⁿ phah kâi sài-pêⁿ,,true,pending,
007-reading-eb58480214e79c88,reading,,cía put kùe sĭ sám-kháu kâi mûeh-kĭaⁿ,"this is something to peck at merely, it is not a thing to satisfy one's hunger upon.",488,1,"cía put kùe sĭ sám-kháu kâi mûeh-kĭaⁿ, m̄ sĭ hó̤ cîah pá kâi mûeh-kĭaⁿ",,true,pending,
007-reading-17abbf57b75f74b0,reading,,khṳ̀ sam,to saw logs.,488,1,kṳ̀ sam,,true,pending,
007-review-914037be20ca0106,review,,sam-kháu,to take a taste of.,488,1,sám-kháu,,true,pending,
007-review-266815926b16db09,review,,sang to̤,swords in one sheath.,488,1,,two swords in one sheath.,true,pending,
007-review-e3ea52c078ff41e3,review,,sang-hû tèng,a red coral button.,488,1,sang-hû téng,,true,pending,
007-review-6263e46cdbc40665,review,,sám,To sprinkle with a powder.,488,1,,To spinkle with a powder.,true,pending,
007-review-d934e082b84e0a73,review,,sói lío cĕk sin sang-sò̤ căi,after bathing felt much refreshed.,488,1,sói lío cêk sin sang-sò̤ căi,,true,pending,
007-reading-027b05015cc6a9ef,reading,,i kâi to̤ lō sêk căi,"he handles his knife with dexterity, cutting downward rapidly and incessantly.",489,1,"i kâi to̤ lō sêk căi , sap-sap-sap lí-kẃn lô̤h",,true,pending,
007-review-36924eff4ea5ffa2,review,,lēng-ūaⁿ sang kói,to alter and erase.,489,1,lêng-ūaⁿ sang kói,,true,pending,
007-review-d64a4ad9e203a788,review,,sap,,489,1,sap,do not cut your hand in slicing downward.,true,pending,
007-review-d61b0f208afbc3fe,review,,sap chang cu,prepare onion-tops for the table.,489,1,"i kâi to̤ lō sêk căi, sap-sap-sap lí-kẃn lô̤h",,true,pending,
007-review-f940402ee3dee061,review,,sáu kàu cīeⁿ kuaⁿ tap m̄ tîeh ĕ khùi,cough as if to break one's self in two.,489,1,sàu kàu cīeⁿ kuaⁿ tap m̄ tîeh ĕ khùi,,true,pending,
007-review-742f3adec28041f4,review,,sŭn huang siang sáng,may you have a fair wind.,489,1,sŭn huang siang sàng,,true,pending,
007-reading-035927b83b4ed87a,reading,,boí khṳ̀ pàng seⁿ,"buy living creatures in order to set them free, an act considered to be meritorious.",490,1,bói khṳ̀ pàng seⁿ,,true,pending,
007-reading-9f1490d06928dc48,reading,,khîa sàu-síu-pèⁿ,pound him with the broom-handle.,490,1,khîa sàu-síu-pèⁿ bût i,,true,pending,
007-reading-1d464ca216c29785,reading,,"kin-nî kâi tāu seⁿ cōi căi, kū-nî cn̂g kâi bŏⁿ seⁿ","the peas are very productive this year, last year they did not bear at all.",490,1,"kin-nî kâi tāu seⁿ cōi căi, kū-nî cn̂g kâi bŏi seⁿ",,true,pending,
007-reading-2558d0225dbd6f72,reading,,thiⁿ seⁿ cṳ̄-jîen,a natural production.,490,1,thiⁿ seⁿ cṳ̆-jîen,,true,pending,
007-reading-0179353dc27df3fb,reading,,tōa se,to warp yarn.,490,1,tŏa se,,true,pending,
007-reading-bd9c726908d7b3d8,reading,,úang i pĕ-bó̤ seⁿ i kàu cìaⁿ tōa!,It is a pity that his parents reared him!,490,1,úang i pĕ-bó̤ seⁿ i kàu cìeⁿ tōa!,,true,pending,
007-review-527ecc40f2b9a004,review,,hám i khṳ̀ sûn-sàu,tell him to go and cruise about on guard.,490,1,hàm i khṳ̀ sûn-sàu,,true,pending,
007-review-61a9404518657e80,review,,i kâi thâu-khak seⁿ lâm-sap,"lie has sores on his head, arising from neglect.",490,1,,"he has sores on his head, arising from neglect.",true,pending,
007-review-bb717b576072f914,review,,i m̄ hio seⁿ sí mn̂g,he does not know in which way safety lies.,490,1,i m̄ hío seⁿ sí mn̂g,,true,pending,
007-review-9dea71526cdfa210,review,,i tó̤ cò̤ se-ūaⁿ-bùe kâi seng-lí,his business is that of exchanging cotton rolls for yarn.,490,1,i tó̤ cò̤ se-ūaⁿ-búe kâi seng-lí,,true,pending,
007-review-de26c925ca5e771b,review,,seⁿ cîn kâi; seⁿ-sêng kâi,is natural.,490,1,seⁿ cĭn kâi ; seⁿ-sêng kâi,,true,pending,
007-review-28e28df8d3f3f921,review,,"tîeh bū cúi lío cìaⁿ lâi sàu, sàu ĺio thô-hún cìaⁿ bŏi eng múaⁿ-kò̤,","you must sprinkle the place by blowing water from your month, before you sweep, then when you have swept the dust will not settle upon every thing.",490,1,"tîeh bū cúi lío cìaⁿ lâi sàu, sàu lío thô-hún cìaⁿ bŏi eng múaⁿ-kò̤",,true,pending,
007-review-d64afa7bb72e3a19,review,,tîeh i ka-kī tó lâi ŏi seⁿ pìen,he must be able to think it out for himself.,490,1,tîeh i ka-kī tó lăi ŏi seⁿ pìen,,true,pending,
007-review-68f4b841e558d5da,review,,căi-seⁿ? căi-seⁿ-ieⁿ?,What sort of thing is it?,491,1,căi-seⁿ ? căi-seⁿ-īeⁿ ?,,true,pending,
007-review-017914bc2290417a,review,,séⁿ-seⁿ nē,very sparing.,491,1,séⁿ-séⁿ nē,,true,pending,
007-reading-8a0ea673a5c52116,reading,,cău-hùe kuaⁿ khai-sek i,"fortunately the magistrate released him, and did not keep him under arrest.",492,1,"cău-hùe kuaⁿ khai-sek i, bô̤ ah i",,true,pending,
007-reading-6b1a038e0748cd6f,reading,,"mâiⁿ-mîaⁿ, mût sèⁿ",to conceal one's name.,492,1,"mâi-mîaⁿ, mût sèⁿ",,true,pending,
007-review-0bf9953786aa8e04,review,,"cêk sèⁿ chío, cêk sèⁿ phûh","one clan is powerful, and the other is weak.",492,1,"cêk sèⁿ chìo, cêk sèⁿ phûh",,true,pending,
007-review-901d011ff303dd3b,review,,"i kâi sèⁿ-thâu m̄-hó̤ căi, sèⁿ cē lâi mih mûeh m̄ kẃn","ho has a very bad temper, and whenever it is roused lie pays no heed to anything.",492,1,,"he has a very bad temper, and whenever it is roused he pays no heed to anything.",true,pending,
007-review-4388c2b9c6fac0e8,review,,i taⁿ tó̤ khui hok-sek phò,ho now keeps a shop in which theatrical costumes are sold.,492,1,,he now keeps a shop in which theatrical costumes are sold.,true,pending,
007-review-e1f85dee6a0d6cb5,review,,sek-kia-hût,"Sakyamuni, the solitary, the monk of the Sakyas, also called Buddha, who died B. C. 643.",492,1,,"Sakyamuni, the solitary, the monk of the Sakyas, also called Buddha, who died B. C. 543.",true,pending,
007-reading-81e93ab9c41a21a9,reading,,sek ngŏ̤ ŭ nâng-khek lâi,just then a visitor came.,493,1,sek ngŏ̤ ŭ nâng-kheh lâi,,true,pending,
007-review-ecb2baa99065c5b3,review,,káu sîa sêk cū hó̤,to cook it till it is nearly done is enough.,493,1,káu sîaⁿ sêk cū hó̤,,true,pending,
007-review-cbea07d22d08bd21,review,,sek,"Air, manner; form, color, hue; complexion; expression of the face; the deportment; to look blandly; mode.",493,1,,"Air, manner; form, color，hue;complexion; expression of the face; the deportment; to look blandly; mode, sort, kind, quality; glory, beauty; lust; a show of well dressed women; in Buddhism one of the six outward perceptions, that of form",true,pending,
007-reading-75df1ec065f40a13,reading,,cō̤ sèng sì,on the winning side.,494,1,cŏ̤ sèng sì,,true,pending,
007-review-475c247b7c1cf375,review,,ci sêng cū ŏi kám-tŏng sîn-mêng,entire sincerity will move the gods.,494,1,cì sêng cū ŏi kám-tŏng sîn-mêng,,true,pending,
007-review-57ea4cfd5ea8551f,review,,"ciaⁿ gûeh cèng tek, jî gûeh cèng sêng","in the first month plant bamboos, in the second month banyans.",494,1,"ciaⁿ gûeh cèng tek, jī gûeh cèng sêng",,true,pending,
007-review-f195d0a8b6a71cf1,review,,"nŏ̤ tâng sĭ cêk seng, câp seng cū cò̤ cêk táu, câp táu cò̤ cêk cîeh","two pints make a quart, ten quarts make a pock, and ten pecks make a chaldron.",494,1,,"two pints make a quart, ten quarts make a peck, and ten pecks make a chaldron.",true,pending,
007-review-901d815f032e4712,review,,sêng,Guileless; sinceire; real; unalloyed; really; verily; in fact.,494,1,,Guileless; sincere; real; unalloyed; really; verily; in fact.,true,pending,
007-reading-cfe7890d132418ac,reading,,m̄ sen̂g phìen tn̄g,not amounting to a wholesale packet.,495,1,m̄ sêng phìen tn̄g,,true,pending,
007-review-4859f31330a03661,review,,si íu,a fellow rhymester.,495,1,,a fellow rhymster.,true,pending,
007-review-0ccaac7025072d70,review,,sĕng,Plenteous; abundant; flourishing; exuberant; in perfect conditio.,495,1,,Plenteous; abundant; flourishing; exuberant; in perfect condition.,true,pending,
007-review-54b5428978af7a1c,review,,sĭ kio i sêng pûe kâi,is what ho has taken off her hands; has superseded him in the possession or occupancy of it.,495,1,,is what he has taken off her hands; has superseded him in the possession or occupancy of it.,true,pending,
007-reading-57eb9e57f43da0b4,reading,,i kâi nūaⁿ seⁿ si,his saliva is ropy.,496,1,i kâi nŭa seⁿ si,,true,pending,
007-review-66aaf1b2c8bb481f,review,,tùe ŭ tio si tŏ̤-kò̤,a thread is hanging to it.,496,1,tùe ŭ tîo si tŏ̤-kò̤,,true,pending,
007-reading-380d3676edf4d4d8,reading,,i būe hío sèⁿ sí mn̂g,he does not yet know in which way safety or danger lies.,497,1,i būe hío sèⁿ sí m̂ng,,true,pending,
007-reading-2754be1af6662171,reading,,"jûah thiⁿ-sî si kûe-sìⁿ, chìn thiⁿ-sî si húe-thang","in hot weather give away palm-leaf fans, in cold weather, braziers.",497,1,"̇jûah thiⁿ-sî si kûe-sìⁿ, chìn thiⁿ-sî si húe-thang",,true,pending,
007-reading-6fbb3c79d4b499a3,reading,,si ṳn khṳt,favor him.,497,1,si ṳn khṳt i,,true,pending,
007-reading-3f0d027004a9e2b6,reading,,"àiⁿ sí, bōi tit sí",is anxious to die as soon as possible.,497,1,"àiⁿ sí, bŏi tit sí",,true,pending,
007-review-25d7ba7e31ad1dbf,review,,khṳt i poh sí khṳ̀,worried to death by him.,497,1,khṳt i po̤h sí khṳ̀,,true,pending,
007-review-88516371b2a45982,review,,kàu taⁿ sí cai i sĭ hó̤,know now for the first time that it is excellent.,497,1,cṳ̆ sí cì cong,,true,pending,
007-review-bd3ec9ed47a491d8,review,,lṳ̂ sí to bô̤ ēng,yon may kill yourself by your exertions and all will be of no use.,497,1,lṳ̂ sí to bô̤ ēng,you may kill yourself by your exertions and all will be of no use.,true,pending,
007-review-78416c57706e2bcd,review,,"m̄ pat sí, so̤h cò̤ gû[illegible]","did not know what death was, and mistakenly thought she was asleep.",497,1,"m̄ pat sí, so̤h cò̤ gût",,true,pending,
007-review-b1ad6864f160ee25,review,,seⁿ sí pìaⁿ kàu sêng,"redouble the exertions, and thus win in a straggle between life and death.",497,1,,"redouble the exertions, and thus win in a struggle between life and death.",true,pending,
007-review-925c9fff3ed8208f,review,,si sía,beshow in charity.,497,1,,bestow in charity,true,pending,
007-review-4bfcf8a3e16b5ed2,review,,sí,"To die; dead; death; ghastly; mortally; dangerous; fearless to the death; a superlative after a verb or an adjective; urgent; intense; fixed, not movable.",497,1,sí,"To die; dead; death; ghastly; mortally; dangerous; fearless to the death; a superlative after a verb or an adjective; urgent; intense; fixed, not movable",true,pending,
007-reading-393bc4bee45108b8,reading,,i kâi uá tī-tîang kâi sì?,Whose influence does he rely on?,498,1,i kâi úa tī-tiang kâi sì?,,true,pending,
007-reading-5a50069cc8cfdf83,reading,,"sì cieⁿ, sì thói",the limbs; the whole body.,498,1,"sì ciⁿ, sì thói",,true,pending,
007-reading-efa20f7196122d4b,reading,,sì lō nĕ tît-tit̂,straight roads in all directions.,498,1,sì lō nĕ tît-tît,,true,pending,
007-reading-9a7ffae796c3f95b,reading,,sì tāi thien ûang,four demon kings whose images are placed at the doors of monasteries.,498,1,sì tăi thien ûang,,true,pending,
007-review-b15a476b698c962a,review,,cŏ lâi bè-sì hó̤,he sits well on a horse.,498,1,cŏ̤ lâi bé-sì hó̤,,true,pending,
007-review-adfa603da1888a2e,review,,"hùe-sì tó̤ sĕng, phah m̄ cŭ","the fire is increasing its fury, and they cannot stop it.",498,1,"húe-sì tó̤ sĕng, phah m̄ cŭ",,true,pending,
007-review-a3b9e68d8ca58acf,review,,kah nâng kah nâng kai chíu sì,each has his own way of doing things.,498,1,kah nâng kah nâng kâi chíu sì,,true,pending,
007-review-05f71ae2f729d813,review,,kúaⁿ cí kâi sì cìaⁿ kōi cò̤,take advantage of the drift in that direction and yon can do it easily.,498,1,,take advantage of the drift in that direction and you can do it easily.,true,pending,
007-review-f9aa633b2d5859de,review,,sì-put-sĭang,"unlike every body else, a name of the *Elephurus davidii*.",498,1,,"unlike every body else, a name of the Elephurus davidii.",true,pending,
007-review-2ef08f6da579266e,review,,to s̆i sì lĭ kâi nâng,is one who fawns on the rich.,498,1,to sĭ sì lĭ kâi nâng,,true,pending,
007-reading-ad3d0574c5c020f7,reading,,cêk ngân kì chut sì bé lâng tai,when a word is once spoken four horses cannot bring it back.,499,1,cêk ngân kì chut sì bé lâng tui,,true,pending,
007-reading-55475ecfc83885d1,reading,,cīu-sî,straight-way.,499,1,cĭu-sî,,true,pending,
007-reading-1e150c4ecde06aa1,reading,,ngē sî i,firmly declined his offer.,499,1,ngĕ sî i,,true,pending,
007-reading-e61caca411be6b85,reading,,suî-sî,immediately.,499,1,sûi-sî,,true,pending,
007-review-7fa85c5f29c6a6c7,review,,"cṳ́ sî thíu sî, în sî, sut sî, hăi sî",the twelve hours of the day from 11 P.M. to 11 A.M.,499,1,"cṳ́ sî, thíu sî, în sî, báu sî, sîn sî, cĭ sî, ngŏ sî, bī sî, sin sī, íu sî, sut sì, hăi sî",,true,pending,
007-review-e0904be76f1c47fc,review,,sî,Time; a season; a period; a Chinese hour; a quarter of a year; an occasion; an opportunity; now; timely; convenient; recent; in season; to time rightly; to take a fit time for; to be; when.,499,1,,"Time; a season; a period; a Chinese hour; a quarter of a year; an occasion; an opportunity; now; timely; convenient; recent; in season; to time rightly; to take a fit time for; to be; when, while, during; as; then; at that time; sometimes.",true,pending,
007-reading-cf233596f07105db,reading,,cí tīo lō sia lô̤h kàu khoi-kîⁿ,this road slopes down to the bank of the river.,500,1,cí tîo lō sia lô̤h kàu khoi-kîⁿ,,true,pending,
007-reading-eb55f205b48f3450,reading,,sĭ hó̤ sī khiap cò̤ cē tŏ̤ cí,"good or bad, they are all here together.",500,1,sĭ hó̤ sĭ khiap cò̤ cē tŏ̤ cí,,true,pending,
007-reading-d8d14c6513718afe,reading,,taù ki sìⁿ pèⁿ,put a handle on a fan.,500,1,tàu ki sìⁿ pèⁿ,,true,pending,
007-reading-7b8f333d352f8828,reading,,tuí huang-sìⁿ,pull the punka.,500,1,túi huang-sìⁿ,,true,pending,
007-review-08014950415d354f,review,,chíu tèng khĭa ki sìⁿ,held a fan in his hand.,500,1,chíu tèng khîa ki sìⁿ,,true,pending,
007-review-f2e019ab04fba436,review,,cía m̄-hó̤ sĭ,is not to be relied on.,500,1,,this is not to be relied on.,true,pending,
007-review-ef28bb34cf48124c,review,,i sĭ lâi jîp ún kâi cĭa kâi,he has been naturalised among us.,500,1,,he has been naturalized among us.,true,pending,
007-review-5f0bd8edeb1ed7c2,review,,khia ki sìⁿ tó̤ phuah huang,had a fan and was fanning herself.,500,1,khîa ki sìⁿ tó̤ phuah huang,,true,pending,
007-review-9a6f1d04b978fba8,review,,páng tŏ̤ mn̂g-sìⁿ ău,put it behind the door.,500,1,pàng tŏ̤ mn̂g-sìⁿ ău,,true,pending,
007-review-cbe0f4cf521bcdb9,review,,sī put líang lip,there are no two ways of keeping an oath.,500,1,sī put líang lîp,,true,pending,
007-review-61dfcbcb76120867,review,,sĭ kâi put lêng á cò̤ m̄ sĭ,what is so cannot be made otherwise by argument.,500,1,sĭ kâi put lêng à cò̤ m̄ sĭ,,true,pending,
007-review-46e7ed1dbafaa2fd,review,,sĭ; sĭ ā,yea.,500,1,,yes.,true,pending,
007-reading-a1319aad5c4b8686,reading,,châng-tī sía lô̤h am-īⁿ,"you may give your fields to a monastery, but you cannot thereafter beg a bowl of porridge from the priests.",501,1,"châng-tī sía lô̤h am-īⁿ, kio hûe-sīeⁿ khṳt bô̤ úaⁿ ám cîah",,true,pending,
007-reading-aa4d370895fcab4f,reading,,tāi-ì,write out a synopsis.,501,1,sía kâi tăi-ì,,true,pending,
007-review-bfc0dd9238bd2314,review,,hō̤ sìa,cells in tho examination hall; they are numbered by the characters of the Millenary Classic.,501,1,,cells in the examination hall; they are numbered by the characters of the Millenary Classic.,true,pending,
007-review-f032e5c36187d440,review,,hŏng sìa míen phōiⁿ cŭe,those who are pardoned need not be tried for crime.,501,1,hông sìa míen phōiⁿ cŭe,,true,pending,
007-review-f9122b940cde8557,review,,sìa,"To lay aside, to relinquish, to leave, to put off, to vacate, t deliver over to.",501,1,,"To lay aside, to relinquish, to leave, to put off, to vacate, to deliver over to.",true,pending,
007-review-f444208045db4d31,review,,sìa,To purge; to flow off; to eliminate.,501,1,,To purge; to flow off.,true,pending,
007-review-8f68955014388e22,review,,sía kàu khah bô̤ tī,purged until there is nothing to build upon.,501,1,sìa kàu khah bô̤ tī,,true,pending,
007-review-94ab70f4ed28d0ee,review,,sía tīo ke khṳ̀ cò̤ hûe-síeⁿ,"renounce domestic life, and become a priest.",501,1,sía tīo ke khṳ̀ cò̤ hûe-sīeⁿ,,true,pending,
007-reading-e84ef9134d660a73,reading,,cía tîeh tāng sīa i,he must be largely rewarded for this.,502,1,cía tîeh tăng sīa i,,true,pending,
007-reading-b765ca4d638a05ad,reading,,sîaⁿ chîaⁿ,the city wall.,502,1,sîaⁿ chîeⁿ,,true,pending,
007-reading-eba89ae7b5392b23,reading,,sĭ sīa bé-cìⁿ a sīa oō-cìⁿ?,Are they shooting with arrows used by the cavalry or with those used by the infantry?,502,1,sĭ sīa bé-cìⁿ a sīa pō-cìⁿ ?,,true,pending,
007-review-66dd6547709bb75a,review,,cí cêk jît sĭ sìaⁿ jît,this day ia an holy day.,502,1,,this day is an holy day.,true,pending,
007-review-a635a8c66167e6d6,review,,jît ía sīa jîp lâi,the sun shines in here.,502,1,jît íaⁿ sīa jîp lâi,,true,pending,
007-review-a0194f4d34655e73,review,,kh̀un sîaⁿ,beleaguer a city.,502,1,khùn sîaⁿ,,true,pending,
007-review-58667e08ffda72c9,review,,pái-kìⁿ sìaⁿ sìeⁿ,visit shrines.,502,1,pài-kìⁿ sìaⁿ sìeⁿ,,true,pending,
007-reading-60df4f1eb37158d8,reading,,"cía kâi hŵn-lío put-siak cîah, lṳ́ àiⁿ cîah sĭm-mûeh?","If you will not eat this, what then are you going to eat?",503,1,"cí kâi hŵn-lío put-siak cîah, lṳ́ àiⁿ cîah sĭm-mûeh ?",,true,pending,
007-review-3f4bf693e1260559,review,,cía sî kim-sîam thut khak kâi kòi,"this plan is as like the last, as the exuvi of the cicada is like the cicada's body.",504,1,,"this plan is as like the last, as the exuviæ of the cicada is like the cicada's body.",true,pending,
007-review-9b781a4184f1f697,review,,cîa cîⁿ sĭ khṳt i cò̤ kháu-sîam kâi,this money is what is allowed him for his table expenses.,504,1,cía cîⁿ sĭ khṳt i cò̤ kháu-sîam kâi,,true,pending,
007-review-fcb77ca5819e1784,review,,"i síam, khṳt úa kùe",he drew back and and let me pass.,504,1,,he drew back and let me pass,true,pending,
007-review-bf04da0353401aee,review,,siang,"To consult; to adjust by consulation; a trader, a merchant, a travelling dealer; to trade.",504,1,,"To consult; to adjust by consultation; a trader, a merchant, a travelling dealer; to trade",true,pending,
007-review-c4b7fd8a9910cb40,review,,sîam-sû,"a striped toad, fabled to be in the moon.",504,1,,a striped toad fabled to be in the moon,true,pending,
007-review-738b7f042e455507,review,,sîam-thò̤,"the exuvi of the cicada, used as a febrifuge.",504,1,,"the exuviæ of the cicada, used as a febrifuge.",true,pending,
007-reading-e14dea56269c2e0d,reading,,mâk sang mâk siap,dreadfully sleepy.,505,1,mâk sng mâk siap,,true,pending,
007-review-972f5020ce145193,review,,"i phêng-sî sui sĭ siap, ŭ sṳ̄ kâi sî-hāu īu phò̤-láu","although ho is ordinarily so sparing, still when there is occasion for it he is liberal.",505,1,"i phêng-sî sui sĭ siap, ŭ sṳ̄ kâi sî-hāu īu phò̤-làu","although he is ordinarily so sparing, still when there is occasion for it he is liberal.",true,pending,
007-review-e9f2199ab269b012,review,,ka-to̤ ngân khah siap,"the pivot of the shears is too tight, and they do not work easily.",505,1,ka-to̤ ngán khah siap,,true,pending,
007-review-246c79b48257eb21,review,,"ûa thóiⁿ i kâi meh sîap, sĭ hueh hṳ","I see that his pulse is irregular, it is because his blood is impoverished.",505,1,"úa thóiⁿ i kâi mêh siap, sĭ hueh hṳ",,true,pending,
007-review-b7b14264a4637f2b,review,,ûah bô̤-sîang,the god who cuts the the thread of life.,505,1,,the god who cuts the thread of life.,true,pending,
007-review-1eab36c88427b113,review,,ŭ sĭang tong hĭa sa téng,"there are three sorts, the best, the mediocre, and the poorest.",505,1,ŭ sĭang tong hĭa saⁿ téng,,true,pending,
007-reading-297d5a89dc121308,reading,,síe-cíe,the young lady (of high rank).,506,1,síe-cía,,true,pending,
007-review-5839642a9c2912a4,review,,cŭang lío sieⁿ-sún tîeh,came in collision and were injured thereby.,506,1,,came in colision and were injured thereby,true,pending,
007-review-96295f67cac49187,review,,i kâi nâng síe-khì,he is a person of mediocre abilities.,506,1,,he is a person of medicocre abilities.,true,pending,
007-review-7fa2df7fcf32be1e,review,,kìa kâi sie-sit khṳt i,sent her a message concerning his welfare.,506,1,,sent her a message concering his welfare.,true,pending,
007-review-d2d564ad22e5a760,review,,sie seng-lí,a petty business.,506,1,síe seng-lí,,true,pending,
007-review-74448b0b69c9f681,review,,sie-kúe cúa-cîⁿ; sie ngṳ̂n tĭaⁿ,burn spirit-money.,506,1,sie-kùe cúa-cîⁿ; sie ngṳ̂n tĭaⁿ,,true,pending,
007-review-c12a118a7817f64a,review,,sieⁿ,"A box, coffer, chest, trunk,",506,1,,"A box, coffer, chest, trunk, or casket",true,pending,
007-reading-42065fb77615e70f,reading,,i chìo kâu thâi sí nâng míen sîeⁿ mīaⁿ,they are so powerful that they may even kill a person and make no compensation for his life.,507,1,i chìo kàu thâi sí nâng míen sîeⁿ mīaⁿ,,true,pending,
007-reading-32c9ac210a042aa2,reading,,ka-lâuh lío bŏi sieⁿ bŏi sún,was not injured at all by being dropped.,507,1,ka-lâuh lio bŏi sieⁿ bŏi sún,,true,pending,
007-review-9f1737aa39ec16b6,review,,i seⁿ lâi m̄ cîaⁿ īeⁿ-sìeⁿ,he is not a very stylish looking person.,507,1,i seⁿ lâi m̄ cîaⁿ ī̄eⁿ-sìeⁿ,,true,pending,
007-review-36fa0bfb23182a9e,review,,i sìeⁿ tîeh cò̤-nî tàⁿ?,What does be predict from the study of your face?,507,1,,What does he predict from the study of your face ?,true,pending,
007-review-a0a913a3bd35c2ee,review,,"sieⁿ ceng, gê tṳ̂",inlaid cops and ivory chopsticks.,507,1,"sieⁿ ceng, gê tṳ̄",inlaid cups and ivory chopsticks.,true,pending,
007-review-91797ccd8968bc79,review,,sieⁿ ngṳ̂n kâi tṳ̂,chopsticks inlaid with silver.,507,1,sieⁿ ngṳ̂n kâi tṳ̄,,true,pending,
007-reading-2b1ffa08f3c648d6,reading,,sĭeⁿ?,What do you think about it.,508,1,lṳ́ cò̤̀-nî sĭeⁿ ?,,true,pending,
007-review-ebe54232c7e2e40a,review,,i cò̤-nî cong-kú sĭeⁿ chit sĭeⁿ poih?,Why does ho always borrow trouble about things?,508,1,,Why does he always borrow trouble about things?,true,pending,
007-review-86c168aabf188c31,review,,lâk pŏ kâi sīeⁿ-cṳ,the controllers of the six Boards.,508,1,,the controlers of the six Boards,true,pending,
007-review-b68d2624e24c3ed1,review,,sien bô̤,an old female fairy.,508,1,sien bó̤,,true,pending,
007-review-eed1c877d3af15e1,review,,sîen,"To sit abstractedly in contemplation, as do Buddhist priests; meditation; to resign the throne to another family.",508,1,,"To sit abstractedly in contemplation, as do Buddhist priests; meditation; to resign the thone to another family.",true,pending,
007-review-c43e7119155ba2e8,review,,chin-chĭeⁿ thien cău tī siet kâi,as if made by nature herself.,509,1,chin-chĭeⁿ thien cău tī̄ siet kâi,,true,pending,
007-review-df16d3f99314d0bc,review,,"i kâi cṳ-ce sĭ chŵn keng-sĭen, a sĭ pùaⁿ keng-sĭen?","In this school is the teacher's food furnished wholly by the pupils, or only in part?",509,1,,"In this school is the teacher’s food furnish wholly by the pupils, or only in part ?",true,pending,
007-review-c6573c31af31433b,review,,sèⁿ pńg lâi sî sĭen,disposition is naturally docile.,509,1,sèⁿ pńg lâi sĭ sĭen,,true,pending,
007-review-800bcd0f0105705b,review,,sĭen,"Good from principle; virtuous; merit from good works, such as the Buddhists teach; goodness; eminent; wise; meek.",509,1,,"Good from principle; virtuous; merit from good works, such as the Buddhists teach; goodness; eminent; wise; meek, docile; fitted for; clever, expert, handy; to take to naturally; in a high degree; to do a thing well; to expedite",true,pending,
007-review-cd60cd544b4c9b6f,review,,"sĭen ŭ sĭen pò̤, ak ŭ ak po","virtue is well rewarded, and vice is suitably punished.",509,1,"sĭen ŭ sĭen pò̤, ak ŭ ak pò̤",,true,pending,
007-reading-d63db26e2d247296,reading,,i kâi sim hiàng tŏ̤ i kò̤,her heart inclines toward him.,510,1,i kâi sim hìang tŏ̤ i kò̤,,true,pending,
007-reading-454d919a3c628b60,reading,,sim-kuaⁿ-thâh pôk-pôk-thìo,heart throbs violently.,510,1,sim-kuaⁿ-thâu pôk-pôk-thìo,,true,pending,
007-reading-51a7fc55d06f2b2f,reading,,síe-sim; sôi-sim,carefully; attentively; sedulous.,510,1,síe-sim; sòi-sim,,true,pending,
007-reading-a181e9ee7a8e754d,reading,,sím-phŵn,to examine the evidence and pronounce judgment.,510,1,sím-phẁn,,true,pending,
007-reading-714df6df459e307b,reading,,ēn cĭn sim-ki,take the utmost pains.,510,1,ēng cĭn sim-ki,,true,pending,
007-review-1eaca54db31a9180,review,,cò̤ lṳ́ naⁿ sim,do not be solicitous about it.,510,1,cò̤ lṳ́ uaⁿ sim,,true,pending,
007-review-b12495697844fcc9,review,,i kâi sim gūa hìang,mind is elsewhere.,510,1,,his mind is elsewhere.,true,pending,
007-review-9cf62d62ffc6eb86,review,,i sî sim-sîn m̄ tīaⁿ kâi nâng,he is a person who is deranged in mind.,510,1,i sĭ sim-sîn m̄ tī̄aⁿ kâi nâng,,true,pending,
007-review-c0dba2f36c259ff0,review,,"sim phêng, khí hûa",in cordial agreement.,510,1,"sim phêng, khì hûa",,true,pending,
007-review-af72ad086c783fea,review,,úang húi sim-ki,waste his pains.,510,1,úang hùi sim-ki,,true,pending,
007-reading-518330bee4b39b91,reading,,sĭm sī ŏi,is remarkably able.,511,1,sĭm sĭ ŏi,,true,pending,
007-reading-65e69c7c48dac685,reading,,uē cn̂g sin,draw a full length portrait.,511,1,ūe cn̂g sin,,true,pending,
007-review-dc10db5e1dbd65fc,review,,i kâi sin tèng chēng sĭm-mih hôk-sek?,What garments did she wear?,511,1,i kâi sin tèng chēng sĭm-mih hôk-sek ?,,true,pending,
007-review-ece1dc98c71fa947,review,,lâu sin,"I, an old woman.",511,1,lău sin,,true,pending,
007-review-719299d8902139ae,review,,sin kûi,is tall.,511,1,sin kûiⁿ,,true,pending,
007-review-b4d125213291169b,review,,sin âu kâi sṳ̄ tho̤h i lí,committed to him the arrangement of her obsequies.,511,1,sin ău kâi sṳ̄ tho̤h i lí,,true,pending,
007-review-3eb3576d101f5b3a,review,,sîm huaⁿ-hí,greatly delighted.,511,1,sĭm huaⁿ-hí,,true,pending,
007-review-b574cf8d49fd4a8b,review,,tîⁿ kín sin,entangled so that she cannot get away.,511,1,i tîⁿ kín sin,,true,pending,
007-reading-ff479d57ff623176,reading,,"tâng-sin cĭeⁿ to̤-thui, kîaⁿ hûe lō, lô̤h iû thng","the spirit-medium ascends a ladder of knives, walks over a bed of coals, and plunges into hot oil.",512,1,"tâng-sin cĭeⁿ to̤-thui, kîaⁿ hûe lō, lô̤h îu thng",,true,pending,
007-review-40bd3e4f6f79e7cb,review,,chûn câp níe ngṳ̂n sin cò̤ jîeh cōi cíⁿ?,What is the value in cash of the ten taels that remain?,512,1,chûn câp níe ngṳ̂n sin cò̤ jîeh cōi cîⁿ,,true,pending,
007-review-61e035d7742975a3,review,,kng kâi tâng-sin tô̤ kīe tèng khṳ̀ chú tê chú cúi,"carry a spirit-medium in a sedan-chair, to get tea and water for offerings.",512,1,kng kâi tâng-sin tó̤ kīe tèng khṳ̀ chú tê chú cúi,,true,pending,
007-review-ac60d3a84a96fd95,review,,sin bêh kâi mīⁿ,flour made from now wheat.,512,1,,flour made from new wheat.,true,pending,
007-review-47f68d04563c5a05,review,,sin khŵn,a new fashion.,512,1,sin khẃn,,true,pending,
007-review-2cbe513119b97289,review,,sin n̂ng,a bridegroom.,512,1,,a bridgroom.,true,pending,
007-review-8ef38ae1f62aabca,review,,suaⁿ-thâu sìn hīn-căi sĭ tī-tîang tó̤ cò̤?,Who now commands the guard station at Swatow?,512,1,sùaⁿ-thâu sìn hīn-căi sĭ tī-tîang tó̤ cò̤ ?,,true,pending,
007-review-a08abeacd4cbe0cb,review,,sîn,,512,1,sin,,true,pending,
007-reading-88a808d042e9a0e8,reading,,cí kâi sìn-ńng sen̂g-sim căi,this devotee is very sincere.,513,1,cí kâi sìn-ńng sêng-sim căi,,true,pending,
007-reading-5779e156a6e00177,reading,,cía kâi nâng hó̤ ēng sîn,this person has his wits about him.,513,1,cí kâi nâng hó̤ ēng sîn,,true,pending,
007-reading-b643b74bc0891ae0,reading,,cēⁿ-ūn ngŵn-sîn,compose your spirit; calm yourself.,513,1,cĕⁿ-ūn ngŵn-sîn,,true,pending,
007-reading-a68d5ab4b661d1be,reading,,sîn hut; native and foreign gods,native sages and Buddha.,513,1,sîn-hut,,true,pending,
007-reading-31de84d8f42996e7,reading,,sîn hué,a fire ball; a bright Jack-o-lantern.,513,1,sîn húe,,true,pending,
007-reading-31040bebe8b92061,reading,,sîn sìeⁿ; images,idols.,513,1,sîn sìeⁿ,,true,pending,
007-reading-03d1a281af3f8d5b,reading,,sîn-hûn,"the soul, before or after death.",513,1,"sîn-hûn, íang sîn",,true,pending,
007-reading-cd9212b29da1c77e,reading,,teh kî kaî sṳ̄ sĭ lâu sîn căi,chess is a thing that taxes the mind.,513,1,teh kî kâi sṳ̄ sĭ lâu sîn căi,,true,pending,
007-reading-809828e67f1b38a6,reading,,thiah-khui huang-tan̂g khîeh sìn lâi thóiⁿ,open the envelope and take out the letter and look at it.,513,1,thiah-khui huang-tâng khîeh sìn lâi thóiⁿ,,true,pending,
007-review-0044fad610496017,review,,chin-chĭeⁿ hó̤ sìn,appeal's credible.,513,1,,appears credible.,true,pending,
007-review-8ea63e2fc5ee11a1,review,,chíu sîn,the god that dwells in a tree.,513,1,chīu sîn,,true,pending,
007-review-04dbf86337be7678,review,,hṳ́ sìn tói có̤-nît tàⁿ?,What is in the letter?,513,1,hṳ́ sìn tói cò̤-nî tàⁿ ?,,true,pending,
007-review-3e767e403336cab5,review,,i ŭ im-sín lâi a bô̤?,Has she had any news?,513,1,i ŭ im-sìn lâi a bô̤,,true,pending,
007-review-73d6f70cc7a89c58,review,,"sín mīn sĭm-mih seⁿ-mîaⁿ, sĭm-mih cū-cí?",What is the name and address on the letter?,513,1,"sìn mīn sĭm-mih sèⁿ-mîaⁿ, sĭm-mih cŭ-cí ?",,true,pending,
007-review-fef6dacfa9db124e,review,,sîm phâu,a cloak for the god.,513,1,sîn phâu,,true,pending,
007-review-564aaafe32f33c5c,review,,sîn hut; native and foreign gods,native sages and Buddha.,513,1,sîn-hut,native and foreign gods; native sages and Buddha.,true,pending,
007-review-1f4ca6de1d7d6729,review,,sîn sìeⁿ; images,idols.,513,1,sîn sìeⁿ,images;idols.,true,pending,
007-reading-bce91ea758e79ea0,reading,,"i kâi a-pĕ íⁿ-keng pín kùe put sìo kâi, ṳ̆ i bô̤ kang","his father has already legally disowned him, and has nothing to do with him.",515,1,"i kâi a-pĕ íⁿ-keng pín kùe put sìo kâi, ṳ́ i bô̤ kang",,true,pending,
007-reading-f1d2cc99c321ceb6,reading,,"i kâi kíaⁿ, tōa kâi cū hàn-sŭn, jī kâi cū put-sìo","of his sons, the eldest is filial, and the next to the eldest is unfilial.",515,1,"i kâi kíaⁿ, tōa kâi cū hàu-sŭn, jī kâi cū put-sìo",,true,pending,
007-reading-b9fd634718b4cb45,reading,,sio-chê cng-mûeh kâi pbìe,"a search-warrant, authorizing a search for stolen goods.",515,1,sio-chê cng-mûeh kâi phìe,,true,pending,
007-review-8e20e7057e215105,review,,"i kâi sío sîn cêk ē lai, mih nâng i to m̄-ùi, īa bô̤ lîam bô̤ chí","whenever his crazy fits come upon him, he is afraid of no one, and pays no regard to decency.",515,1,"i kâi sío sîn cêk ē lâi, mih nâng i to m̄-ùi, īa bô̤ lîam bô̤ chí",,true,pending,
007-reading-06a789a92d486015,reading,,pêh-sioh pêh-sĭoh,"pale, colorless.",516,1,pêh-sioh pêh-sioh,,true,pending,
007-review-a7de3a449a630579,review,,cang cúi sip i mài khah kang,dampen it so it will not be too dry.,516,1,cang cúi sip i màiⁿ khah kang,,true,pending,
007-review-fef8613f8fc7b7b6,review,,cìaⁿ thiaⁿ-kiⁿ sioh-cē-kìe cìⁿ to kàu lío,"just as I heard the whiz, the arrow struck.",516,1,cìaⁿ thiaⁿ-kìⁿ sioh-cē-kìe cìⁿ to kàu lío,,true,pending,
007-review-86a83f9ff9b5e3a2,review,,nâng cē peh-cíeⁿ suaⁿ khùi-sip cū kíu,when peo-ple climb hills their respiration becomes rapid.,516,1,nâng cē peh-cīeⁿ suaⁿ khùi-sip cū kín,,true,pending,
007-review-48a663a42cb6e024,review,,sip cúi kâi hùe-mueh,goods that have been damaged by water.,516,1,sip cúi kâi hùe-mûeh,,true,pending,
007-review-f1a9af9055bdb244,review,,sip khi,damp exhalations.,516,1,sip khì,,true,pending,
007-review-1094df480f763aa3,review,,sìo,"To enumerate; to count; deal out; to find out the number; an account, a bill; a list.",516,1,,"To enumerate; to count; to deal out; to find out the number; an account, a bill; a list",true,pending,
007-review-b8581ae97530837e,review,,sîp,To collect; to gather up; to to clear away; to arrange.,516,1,,To collect; to gather up; to clear away; to arrange,true,pending,
007-reading-324a83158860c53e,reading,,àⁿ t̤̆o i sît e,hovered under her wings.,517,1,àⁿ tŏ̤ i sît ĕ,,true,pending,
007-review-af7fe05f860b38ef,review,,ci cêk tīn ŏi sit nâng a bŏi?,Is anyone missing from this rank?,517,1,cí cêk tīn ŏi sit nâng a bŏi ?,,true,pending,
007-review-95a04ffea939b865,review,,lṳ́ kio úa tàⁿ sît-ūe,tell me tho truth about it.,517,1,,tell me the truth about it.,true,pending,
007-review-ab3c07edbb7ab131,review,,"ngŵn sît, bô̤ cia sṳ̄","in fact, it is not so.",517,1,"ngŵn sît, bô̤ cía sṳ̄",,true,pending,
007-review-8d5f7232df3832b5,review,,sit lói,unnmannerly.,517,1,,unmannerly.,true,pending,
007-reading-ea2fb906281733f2,reading,,i cò̤ cêk síu sĭ,he composed a poem.,518,1,i cò̤ cêk síu si,,true,pending,
007-reading-7a6682d4ead1f2d0,reading,,i àiⁿ nā kò̤ⁿ síu-cak,"she wishes to stay in her husband's family, and remain his widow.",518,1,i àiⁿ nā kò̤ síu-cak,,true,pending,
007-reading-5512dd0131ce99c7,reading,,"siu ngṳ̂n, sîu cîⁿ",collect money from debtors; take in coin.,518,1,"siu ngṳ̂n, siu cîⁿ",,true,pending,
007-reading-e1c8ae2067ed55df,reading,,siu-hó̤k nâng sim,win people's hearts.,518,1,siu-hôk nâng sim,,true,pending,
007-review-93f2e1f98354e944,review,,siu,"To receive, as when one goes to get a thing or when it is one's due; to gather, to harvest; to ensnare, to involve; to bind, to restrain; to conclude, to bring to an end; to remove; to close or wind up, as business; annoyed or moved by, in which sense it sometimes merely gives the passive form to another verb.",518,1,,"To receive, as when one goes to get a thing or when it is one's due; to gather, to harvest; to insnare, to involve; to bind, to restrain; to conclude, to bring to an end; to remove; to close or wind up, as business; annoyed or moved by, in which sense it sometimes merely gives the passive form to another verb.",true,pending,
007-review-f1714042de3dc4cd,review,,siu sim,,518,1,siu sim,to school the feelings.,true,pending,
007-review-13ffe3cdd071d955,review,,siu-sip,to set in order.,518,1,siu-sîp,,true,pending,
007-review-76b5b97de19a6d10,review,,siu-toaⁿ,,518,1,siu-toaⁿ,a receipt for money or goods.,true,pending,
007-review-9f2fb3643f4daf95,review,,thiaⁿ tîeh ham siu ham-siu nē,"on hearing it, she tamed very red.",518,1,,"on hearing it, she turned very red.",true,pending,
007-reading-55a5ef5e6d701fb6,reading,,cí kâi kuaⁿ ŭ sĭu lṳ́ a bô̤?,Does this magistrate accept bribes?,519,1,cí kâi kuaⁿ ŭ sĭu ĭu a bô̤ ?,,true,pending,
007-reading-d231366aac1e6e5c,reading,,i sĭ kâi huang mn̂g sìu sṳ̄,"he is one who has earned, not bought, his degree.",519,1,i sĭ kâi huang mn̂g sìu sṳ̆,,true,pending,
007-reading-4f7340c53c6ad703,reading,,seⁿ lâi sìu-līu sìu-līu,has naturally a very graceful bearing.,519,1,seⁿ kâi sìu-līu sìu-līu,,true,pending,
007-reading-f06d4738a59d9357,reading,,sìu sṳ̄,an accomplished scholar.,519,1,sìu sṳ̆,,true,pending,
007-review-7a01efab6782204e,review,,cía sṳ̄ sĭ sĭu i hù-tho̤h kâi,this busĭuess is something that was entrusted to me by him.,519,1,,this business is something that was entrusted to me by him.,true,pending,
007-review-aaa4b52165aeb926,review,,i m̄ kaⁿ sĭu,he dare not accept the honor.,519,1,i m̄ káⁿ sĭu,,true,pending,
007-review-a58086c4b51cb423,review,,khùai cṳ́ síu; suah siu,an executioner.,519,1,khùai cṳ́ síu; suah síu,,true,pending,
007-review-3aaa9ba029fe71ab,review,,sìu chìu,to sleeve the hands.,519,1,sìu chíu,,true,pending,
007-review-cb5a0239e20e3783,review,,tǹg-sĭu i kâi chù,,519,1,tǹg-sĭu i kâi chù,took over his house on mortgage,true,pending,
007-review-648d998a5aa4aa96,review,,"ciang-lâi sĭu tn̂g, hok tōa",will enjoy long life and great prosperity.,520,1,"ciang-lâi sīu tn̂g, hok tōa",,true,pending,
007-review-cdbfed20669caef7,review,,cí cho̤h pût-kía sng tîam căi,these guavas have an acidulated sweetness.,520,1,cí cho̤h pût-kíaⁿ sng tîam căi,,true,pending,
007-review-ac34f983888b51c0,review,,cîeⁿ sĭu,over fifty years of age.,520,1,cĭeⁿ sīu,,true,pending,
007-review-1dfb9bd350164db0,review,,khîu siu,pray for long life.,520,1,khîu sīu,,true,pending,
007-review-05495ca0a89c79f2,review,,sng tàng kùe kâi sng-sṳ̂i hieh,mulberry leaves that have been bitten by the frost.,520,1,sng tàng kùe kâi sng-sûi hîeh,,true,pending,
007-review-47f3b042b53c290f,review,,"choiⁿ sng, bw̄n sǹg, thiⁿ cí cêk sǹg",one may scheme and counter scheme but heaven has only one scheme.,521,1,"choiⁿ sǹg, bw̄n sǹg, thiⁿ cí cêk sǹg",,true,pending,
007-review-fe07f0cc11e9f147,review,,i cò̤-nî cîah kàn hìeⁿ sò?,What makes him so lean?,521,1,i cò̤-nî cîah kàu hìeⁿ sò ?,,true,pending,
007-review-4b29dfcaa20131af,review,,i hàuⁿ sng,he is fond of play.,521,1,i hàuⁿ sńg,,true,pending,
007-review-80bce40b4774643a,review,,màiⁿ hng-sńg tīo mûeh-kiaⁿ,do not waste things.,521,1,màiⁿ hng-sńg tīo mûeh-kĭaⁿ,,true,pending,
007-review-0fdd9ee0b179d65f,review,,"so sìⁿ, so bō̤, so jìo","fans, hats, and crepe from Suzhou.",521,1,,"fans, hats, and crape from Soochow.",true,pending,
007-review-9585363297bd3a32,review,,so-ciu,Suzhou.,521,1,,Soo-chow.,true,pending,
007-review-040703dc4f99123c,review,,sò jìo,plain crepe.,521,1,,plain crape.,true,pending,
007-review-a0c82bf0621b269b,review,,s̀ng cheh,to lay plans; to scheme.,521,1,sǹg cheh,,true,pending,
007-reading-71383b7eefb2ed5a,reading,,cía put kùe sĭ soih phûe phāng kâi,this is nothing more than filling up a narrow space between two other graves.,522,1,cía put kùe sĭ soih phûn phāng kâi,,true,pending,
007-reading-843ebdbac938133a,reading,,hàm i soiⁿ kiâⁿ,tell him to go first.,522,1,hàm i soiⁿ kîaⁿ,,true,pending,
007-reading-a32f30963a02a433,reading,,tâng soiⁿ tō̤ jŭi lô̤h lâî kâi,handed down from former generations.,522,1,tâng soiⁿ tō̤ jŭi lô̤h lâi kâi,,true,pending,
007-review-52da66e90d294ac6,review,,cí kâi soi,this is the smallest.,522,1,cí kâi sòi,,true,pending,
007-review-22ea0407604a06ac,review,,cía sǹg sĭ soi sṳ̄,this is small business.,522,1,cía sǹg sĭ sòi sṳ̄,,true,pending,
007-review-2530d2f2d8bc0c2d,review,,côih sòi sĭ cē,cut it up in finer shreds.,522,1,côih sòi si cē,,true,pending,
007-review-0e6794dc4fb19879,review,,hía khah pô̤h īu soih bô̤ bi,that is too thin and wedging it under will be ineffectual.,522,1,hía khah pô̤h īu soih bô̤ bī,,true,pending,
007-review-8db2700f946e92d6,review,,hṳ́ kò̤ hó̤ soih ke cêk nâng lô̤h khṳ̀ a m̄-ho̤?,Can another person be wedged in there or not?,522,1,hṳ́ kò̤ hó̤ soih ke cêk nâng lô̤h khṳ̀ a m̄-hó̤ ?,,true,pending,
007-review-e19963c9892b64d2,review,,sòi kâi a-î̂,the youngest of my aunts.,522,1,sòi kâi a-î,,true,pending,
007-review-6f1525f25c8f0ff7,review,,sòi kâi cáu-kiaⁿ,the youngest daughter.,522,1,sòi kâi cáu-kíaⁿ,,true,pending,
007-review-b7a52bbad922226d,review,,cìeⁿ cōi cho-ki tōa-hîeh kâi mûeh-kĭaⁿ tǹg bô̤ cêk kiaⁿ ńng-soih kâi cîⁿ,all these coarse and large articles are of less value in money than a single object of art.,523,1,cìeⁿ cōi cho-ki tōa-hîeh kâi mûeh-kĭaⁿ tǹg bô̤ cêk kĭaⁿ ńng-soih kâi cîⁿ,,true,pending,
007-review-e33ba87d85291cf5,review,,hìeⁿ cōi sieⁿ láng kâi mûeh-kĭaⁿ lóng-cóng sĭ ńng-ńng soih-soih kâi,all these boxes are of very delicate aud costly things.,523,1,,all these boxes are of very delicate and costly things.,true,pending,
007-review-fc37f9dd43a1da6f,review,,kîaⁿ sĭ kùe sok-hieⁿ,goes out of fashion sooner than a common incense stick burns out.,523,1,kîaⁿ sî kùe sok-hieⁿ,,true,pending,
007-review-9f8c93c102ef76e6,review,,sok-tó̤ ku-ā chùn,shrunk several inches.,523,1,sok-tó̤ ku-ā chùn,,true,pending,
007-review-5d3ccf2d57c80b9e,review,,tău-thâi sĭ kẃn-lí jît-sì sôk,the ntendant of Circuit governs twenty-four dependencies.,523,1,tău-thâi sĭ kẃn-lí jîh-sì sôk,the Intendant of Circuit governs twenty-four dependencies.,true,pending,
007-reading-4ec0f3202458864f,reading,,i kâi thâu-mô̤ⁿ phô̤ng-phô̤ng song-song,her hair is all flying at loose ends.,524,1,i kâi thâu-mô̤ⁿ phông-phông song-song,,true,pending,
007-reading-ea3065825ec77c48,reading,,iông-sôk kâi nâng,the vulgar.,524,1,îong-sôk kâi nâng,,true,pending,
007-review-4200db52de2e0233,review,,i kâi phiⁿ khah kau-sóng,her nose is too prominent.,524,1,i kâi phīⁿ khah kau-sóng,,true,pending,
007-review-2d310f284458de27,review,,jîp sek sŏng a būe?,Have they announced a cessation of the prosecution yet?,524,1,jîp sek sŏng a būe ?,,true,pending,
007-review-10ed1eb34029e333,review,,kam-sông-hieⁿ,"spikenard, the perfume obtained from the *Nardostachys jutamansi*.",524,1,,"spikenard, the perfume obtained from the *Nardostachys jatamansi*.",true,pending,
007-review-19109b9700b26270,review,,sôk siu ca-bó,a manumited female slave.,524,1,sôk sin ca-bó,,true,pending,
007-review-ee5ca7595d5d7059,review,,ŭ chin ŭ so,relationships more or less close.,524,1,ŭ chin ŭ so̤,,true,pending,
007-reading-a5909a160afb3bfd,reading,,pī i só̤ pek a m̄ sĭ?,Was urged to it by him was he not?,525,1,pĭ i só̤ pek a m̄ sĭ ?,,true,pending,
007-reading-30bf12dd6047149c,reading,,só̤ mn̂g,lock the door.,525,1,só̤ m̂ng,,true,pending,
007-reading-d7491700b382e7f1,reading,,só̤ sīeⁿ kâi cū tùi,what I thought proves to be the case.,525,1,só̤ sĭeⁿ kâi cū tùi,,true,pending,
007-review-9197daaee74e290f,review,,cit pò kâi so̤-kìaⁿ,a weaver's shuttle.,525,1,cit pò kâi so̤-kíaⁿ,,true,pending,
007-review-6175a87dd13b0880,review,,cí-kò sĭm-mih só̤-căi?,What place is this?,525,1,cí-kò̤ sĭm-mih só̤-căi ?,,true,pending,
007-review-5e6aad9438c1ad58,review,,huang só̤ kàu kien-kien ku-ku,sealed and locked up very tightly.,525,1,huang só̤ kàu kien-kien kù-kù,,true,pending,
007-review-1f68ce7a0038bcec,review,,"i so̤ cîah sĭ sĭm-mih mûeh, só chēng kâi i-hôk căi-seⁿ-īeⁿ?","What does he eat, and what sort of clothes does he wear?",525,1,"i só̤ cîah sĭ sĭm-mih mûeh, só̤ chēng kâi i-hôk căi-seⁿ-īeⁿ ?",,true,pending,
007-review-bc2ef323671a4a7b,review,,sie-m̂ng só̤,a woman and her husband's young brother.,525,1,síe-n̂ng só̤,,true,pending,
007-review-89b1d7b4a98f182e,review,,so̤ cò̤ cúa-tîo; soⁿ cûa-ín; so̤ cúa-bûe,make lamp lighters.,525,1,so̤ cò̤ cúa-tîo; so̤ cúa ín; so̤ cúa bûe,,true,pending,
007-review-4c5f375a813b0595,review,,só̤ thâk hô̤ cṳ?,What books is he studying?,525,1,só̤ thâk hô̤ cṳ̄ ?,,true,pending,
007-review-239ce7c9f3f96416,review,,só̤-íⁿ,therefore; for this reason; a a consequence of this; on that account.,525,1,,therefore; for this reason; a consequence of this; on that account.,true,pending,
007-reading-26679adc9e59dc81,reading,,cong su u pò̤-èng,at last there must be a recompense.,526,1,cong su ŭ pò̤-èng,,true,pending,
007-reading-46444cc165df1dcf,reading,,cĭeⁿ sò̤ khṳ̀ kàing hûang-tì,lay a protest before the emperor.,526,1,cĭeⁿ sò̤ khṳ̀ kàng hûang-tì,,true,pending,
007-reading-1f89c08dccd36bd8,reading,,sŏ̤ mn̂g châk,robbers who force entrance into dwellings.,526,1,sŏ̤ m̂ng châk,,true,pending,
007-review-409f2df236716637,review,,"cíⁿ nín li su i, nâng i li su nín","as to money, you have less than they, but as for men, they have less than you.",526,1,"cîⁿ nín li su i, nâng i li su nín",,true,pending,
007-review-34ff7df9e9c17af7,review,,lô̤h phŭe-míⁿ so̤h,downy flakes of snow are falling.,526,1,lô̤h phŭe-mîⁿ so̤h,,true,pending,
007-review-d4fdb778ba9fcd39,review,,"sĭ pûah su, a sĭ pûah iaⁿ?",Did he lose or win in gambling?,526,1,"sĭ pûah su, a sĭ pûah îaⁿ ?",,true,pending,
007-review-9f7897dc1a2b9cda,review,,"ài kìu tìo ăm kâi nâng, m̄ hó̤ cang to̤ kuah tn̆g i kâi so̤h","if you are going to rescue one who has hanged himself, do not cut the rope.",526,1,"ài kìu tìo ăm kâi nâng, m̄-hó̤ cang to̤ kuah tn̂g i kâi so̤h",,true,pending,
007-reading-95634dec836c4ae9,reading,,i en̂g kâi m̄ siang-sù nâng,she does not overlook people's faults at all.,527,1,i cn̂g kâi m̄ siang-sù nâng,,true,pending,
007-review-91340d403ad8d497,review,,cí kâi nâng sù m siang-sek,have not before been acquainted with this person.,527,1,cí kâi nâng sù m̄ siang-sek,,true,pending,
007-review-1522cfe0e48332ea,review,,cí kâi tī-hng lâi pī sú hó̤ câi,this is a good place to go to escape the heat.,527,1,cí kâi tī-hng lâi pī sú hó̤ căi,,true,pending,
007-review-4327de680d2de5b6,review,,sù úa cíe pû̂e,"excuse my not staying longer with you, (said in excusing one's self from a guest).",527,1,sù úa cíe pûe,,true,pending,
007-review-a13e7d43dfeee681,review,,cia cúi nah-sap; tîeh cang sua lâi tè kùe,"this water is dirty, and it must be filtered through sand.",528,1,"cía cúi nah-sap, tîeh cang sua lâi tè kùe",,true,pending,
007-review-2b0baeacbd33d608,review,,i tó̤ līen-phah sua-pau,he is practicing boxing upon sand bags.,528,1,,he is practising boxing upon sand bags.,true,pending,
007-review-6b57c49cecef3666,review,,"kuaⁿ cò̤ khṳ̀ hó̤ cū àiⁿ ngí sŭ, cò̤ khṳ̀ m-hó̤ cū àiⁿ ngí chú","if an officer does well he will be offered for promotion, if he does badly he will be delivered to the proper Board for punishment.",528,1,"kuaⁿ cò̤ khṳ̀ hó̤ cū àiⁿ ngí sŭ, cò̤ khṳ̀ m̄-hó̤ cū àiⁿ ngí chú",,true,pending,
007-review-a99d98a7476baca6,review,,sua-iu kâi tī,sandy land.,528,1,sua-îu kâi tī,,true,pending,
007-review-5577d76c38c74ff4,review,,sua-îa ŵn khṳ̀,all spilled oat.,528,1,,all spilled out.,true,pending,
007-review-684da2f321aadb8e,review,,sŭ jim lío cū pó sît khueh,"after acting temporarily, he was appointed to fill the post permanently.",528,1,sŭ jīm lío cū pó sît khueh,,true,pending,
007-review-43b413c06b4d6ee4,review,,tōa sua-bô̤-thâu,large smooth pebbles.,528,1,tōa sua-bó̤-thâu,,true,pending,
007-reading-1965116febf11b24,reading,,cṳ̄ í̤n suaⁿ lîm,to retire into obscurity; seek retirement among hills.,529,1,cṳ̆ ṳ́n suaⁿ lîm,,true,pending,
007-review-28c686555784daa4,review,,i cí-hûe sĭ tîeh sua kâi īeⁿ; hó̤ hàm kâu nâng kio i phah sua,"he now appears as if he had cholera, it will be well to call some one to combat the disease by maniplation.",529,1,i cí-hûe sĭ tîeh sua kâi īeⁿ; hó̤ hàm kâi nâng kio i phah sua,"he now appears as if he had cholera, it will be well to call some one to combat the disease by manipulation.",true,pending,
007-review-d8bfb834ea324f88,review,,"kṳ̆n suaⁿ cîah suaⁿ, kṳ̆n hái cîah hai","those near the mountains live on the products of the mountains, and those near the sea live on the products of the sea.",529,1,"kṳ̆n suaⁿ cîah suaⁿ, kṳ̆n hái cîah hái",,true,pending,
007-review-0a4e97fc0040d776,review,,suaⁿ táng,a cave within a hill.,529,1,suaⁿ tāng,,true,pending,
007-review-a2a90c71da2190da,review,,tîeh kín sua,have an acute attack of cholera.,529,1,,have an accute attack of cholera.,true,pending,
007-reading-1cfe456348478b8c,reading,,suaⁿ phiⁿ thâu,a headland.,530,1,suaⁿ phīⁿ thâu,,true,pending,
007-review-af1826ad54178255,review,,i tháu-sùaⁿ mô̤ⁿ tó̤ cò̤ huap,"he dishevels his hair, practicing incantation.",530,1,,"he dishevels his hair, practising incantation.",true,pending,
007-review-3e0187c92a655c19,review,,suaⁿ cò̤ cêk koiⁿ,scattered throughout the place.,530,1,sùaⁿ cò̤ cêk koiⁿ,,true,pending,
007-review-20f2daab19b2cdc1,review,,suaⁿ tîeⁿ,a place where workmen take their meals on the hill.,530,1,,a place where workmen take their meals on the hills,true,pending,
007-review-d742ca6e7c351bad,review,,sùaⁿ-thâu sìn,the garrison of Swatow.,530,1,,the garrison at Swatow.,true,pending,
007-review-9244a3b203ce2b06,review,,súaⁿ,"To produce, to breed, to bear; the increase of any thing; a birth; parturition; productions or resources of a country; an estate, a patrimony; a livelihood.",530,1,,"To produce, to breed, to bear; the increase of any thing; a birth; parturiton; productions or resources of a country; an estate, a patrimony; a livelihood.",true,pending,
007-reading-af8eb7fc58f6f171,reading,,cêk kîa sùaⁿ,a ball of thread.,531,1,cêk kîu sùaⁿ,,true,pending,
007-reading-1b6fef5f88143685,reading,,saⁿ iam nê-sùaⁿ,a three storied official umbrella.,531,1,saⁿ ĭam nê-sùaⁿ,,true,pending,
007-review-d6c6f90aea8f91f9,review,,cí cêk ūi sîn-sìeⁿ suah lâi ngía câi,this god is very finely modeled.,531,1,cí cêk ūi sîn-sìeⁿ suah lâi ngía căi,,true,pending,
007-review-7d2da3bddc1dc6aa,review,,i cêk sin seⁿ suaⁿ,its whole body exudes mucous.,531,1,i cêk sin seⁿ sûaⁿ,,true,pending,
007-review-42b5490e836803ff,review,,suah jîp tīn lâi,fought his way into the ranks.,531,1,suah jîp tīn lăi,,true,pending,
007-review-149ab440dd35ef4b,review,,"sùaⁿ jṳ̂, khuaⁿ-khuaⁿ tháu i tit","the thread is tangled, gently disentangle it.",531,1,"sùaⁿ jṳ̂, khuaⁿ-khuaⁿ tháu i tît",,true,pending,
007-review-5d32f3188a721431,review,,tōaⁿ nê-sùaⁿ,an umbrella with a valance at its edge.,531,1,,an umbrella with an valance at its edge.,true,pending,
007-reading-a6c4cdef387d9562,reading,,huâng-tì ŭ cí khṳ̀ suang-tĭo i,the emperor sent to summon him.,532,1,hûang-tì ŭ cí khṳ̀ suang-tĭo i,,true,pending,
007-review-4bc966390ef1d37c,review,,hìeⁿ sue kúi! tùi-tùi i m̄ to,"such a luckless scamp as I am, I went there just when he was absent.",532,1,hìeⁿ sue kúi ！ tùi-tùi i m̄ tŏ̤,,true,pending,
007-review-f739972e2a4c2468,review,,i àiⁿ sue lio,it is about to dwindle away.,532,1,i àiⁿ sue lío,,true,pending,
007-review-e75a4bc1d418a981,review,,"suang-cháu, cîah lío, ŏi kói nâng kâi iu-bun",the day-lily when eaten will cause one to forget his sorrows.,532,1,"suang-cháu, cîah lío, ŏi kói nâng kâi iu-būn",,true,pending,
007-review-d85c430a8f41dc0e,review,,tang hṳ́ hûe cū khi-thâu sue,began from that time to decline.,532,1,tâng hṳ́ hûe cū khi-thâu sue,,true,pending,
007-review-df7245ef8fe2aa2d,review,,thài-sùe,"the return of the same branch character in the cycle, or twelve sidereal years.",532,1,,"the return of the same branch character in the cycle, or twelve siderial years.",true,pending,
007-review-5449852f38d1fc5b,review,,àiⁿ khṳ̀ kue sùe ŭ sĭm-mih kui-kṳ́ mē?,"In taking it through the custom-house, is there any particular usage to be followed?",532,1,àiⁿ khṳ̀ kùe sùe ŭ sĭm-mih kui-kṳ́ mē ？,,true,pending,
007-reading-b459f7f39f154546,reading,,"i khṳ̤t i khó kàu cn̂g kâi sûe-sûe, m̄ ká tin-tăng","she was harassed by him until she was wholly worn out, and could do nothing.",533,1,"i khṳt i khó kàu cn̂g kâi sûe-sûe, m̄ ká tin-tăng",,true,pending,
007-review-0b6eedf872f2e549,review,,"cía sĭ lâi cò̤ sueh kheh, tó̤ în sueh kâi",these are intriguing men who roam about and talk persuasively.,533,1,"cía sĭ lâi cò̤ sueh kheh, tó̤ îu sueh kâi",,true,pending,
007-review-d1bcfdbfdb3a2978,review,,cò̤ pàng kò̤ sûe-sûe,sat there looking greatly dejected.,533,1,cŏ̤ pàng kò̤ sûe-sûe,,true,pending,
007-review-1de51320d1b4cd9d,review,,khṳt i c̄e kek kín hía húe cheⁿ-suh chut lâi,as soon as the ventilation is stopped the flames burst forth.,533,1,khṳt i cē kek kín hía húe cheⁿ-sûh chut lâi,,true,pending,
007-review-407b3d7ac76df896,review,,sui m̄ sĭ chin mâk thóiⁿ-kìⁿ nā sî chin hĭⁿ thiaⁿ-kìⁿ,"even though I did not see it with my own eyes, I heard it with my own ears.",533,1,sui m̄ sĭ chin mâk thóiⁿ-kìⁿ nā sĭ chin hĭⁿ thiaⁿ-kìⁿ,,true,pending,
007-review-e1de2d01a66dd24c,review,,"sui-cek tîeh meⁿ, nā sĭ m̄ hâh huang-lâu, àiⁿ méⁿ put lêng méⁿ","though it is necessary to go quickly, yet if the wind and tide are adverse, we cannot go quickly however much we wish it.",533,1,"sui-cek tîeh méⁿ, nā sĭ m̄ hâh huang-lâu, àiⁿ méⁿ put lêng méⁿ",,true,pending,
007-review-3f69a6ec7d9f94bd,review,,"tó̤ gūa kháu thóiⁿ tîeh to bú-bú, kàu hṳ́ lâi cē kìⁿ tîeh i bó cū sûe-sûe","when away from home he appears very blustering, but as soon as he is in the presence of his wife he is a perfect milksop.",533,1,"tó̤ gūa kháu thóiⁿ tîeh to bú-bú, kàu hṳ́ lăi cē kìⁿ tîeh i bó cū sûe-sûe",,true,pending,
007-review-0561ff4a3579d63f,review,,tô̤h ki sui pèⁿ ío kâi,select one which has a good spout and handle.,533,1,tô̤h ki sui pèⁿ ío hó̤ kâi,,true,pending,
007-reading-2e3de0c1eb745f67,reading,,"hṳ́ téng cò̤ tîo lāu-bó̤, màiⁿ khṳt lîm-cíⁿ cúi sûi lò̤h lâi","make an eaves-trough above, and not let the water from the eaves drip down.",534,1,"hṳ́ téng cò̤ tîo lāu-bó̤, màiⁿ khṳt lîm-cíⁿ cúi sûi lô̤h lâi",,true,pending,
007-review-70aceb490ed9358b,review,,cêk sūi lóng-cóng hûiⁿ lô̤h lâi,the ears are all drooping.,534,1,cêk sūi cêk sūi lóng-cóng hûiⁿ lô̤h lâi,,true,pending,
007-review-ec45fe96dd59ca5b,review,,i kâi mâk-bâi sûi lò̤h lâi,her eyebrows droop at the outer ends.,534,1,i kâi mâk-bâi sûi lô̤h lâi,,true,pending,
007-review-1494e8ccbe4a3041,review,,kak-kak sûi só̤ hànⁿ,each one does as he pleases.,534,1,kak-kak sûi só̤ hàuⁿ,,true,pending,
007-review-2fc7cbeb4f86bf4a,review,,pó̤-hō̤ sun kiaⁿ gâu-gâu tōa-tōa,"give divine assistance to his descendants, making them wise and great.",534,1,pó̤-hō̤ sun kíaⁿ gâu-gâu tōa-tōa,,true,pending,
007-review-23f5064f8a55a257,review,,sûi jín,a root used in making a medicine for sore eyes.,534,1,sûi jîn,,true,pending,
007-review-5e0fc21266abcdfe,review,,teng tìo lío màiⁿ sûi khah kĕ,do not let the lamp be hung so as to swing too low.,534,1,,do not let the lamp he hung so as to swing too low.,true,pending,
007-reading-f0f6b3675246b8f7,reading,,hṳ́-kò̤ ŭ sûn-leng hùe tó̤ sûn-chê,there are policemen there looking after it.,535,1,hṳ́-kò̤ ŭ sûn-teng hùe tó̤ sûn-chê,,true,pending,
007-reading-7e007ec6e25edb18,reading,,sún cîn khṳ̀,the tenon has broken off.,535,1,sún cîh khṳ̀,,true,pending,
007-reading-09847c3fb25d64a4,reading,,sún khùaⁿ cū àiⁿ ie-ló,if the tenons are not tightly set it will rattle.,535,1,sún khùaⁿ cū àiⁿ ĭe-ló,,true,pending,
007-review-daec73e75cd8a270,review,,"cieⁿ sûn, tong sûn, ĕ sun chiu sûn, câp sûn, jîh sûn","the first, the second, and the last third of the month.",535,1,"cieⁿ sûn, tong sûn, ĕ sun ; chiu sûn, câp sûn, jîh sûn",,true,pending,
007-review-540f80469f187c03,review,,i sûn-sûn chit-chit to cò̤ hût su,she practices Buddhist observances during every period of ten and of seven days.,535,1,i sûn-sûn chit-chit to cò̤ hût sṳ̄,she practises Buddhist observances during every period of ten and of seven days,true,pending,
007-review-237e3b687f7707ae,review,,khang-khùe lŏ sûn-sêk căi,the work is very evenly and thoroughly done.,535,1,khang-khùe lō sûn-sêk căi,,true,pending,
007-review-6cfb1dab27103742,review,,mo̤ⁿ sún,sprouts of a very large species of bamboo.,535,1,mô̤ sún,,true,pending,
007-review-d2742498745f908e,review,,nâng aiⁿ chūe kàu sûn-chŵn kâi cíe căi,there are very few perfect people to be found.,535,1,nâng àiⁿ chūe kàu sûn-chŵn kâi cíe căi,,true,pending,
007-review-f3762dfa4d6aca12,review,,sûn cí khoi-kiⁿ kò̤ khṳ̀,go along here on the bank on the river.,535,1,sûn cí khoi-kîⁿ kò̤ khṳ̀,,true,pending,
007-review-71bb3978481381c9,review,,sûn kàu ngìam căi,kept under very strict surveillance.,535,1,sûn kàu ngîam căi,,true,pending,
007-review-9f1d7c0209d4cb5f,review,,eng sĭm-mûeh khṳ̀ sûn cǹg?,What was buried with her?,536,1,ēng sĭm-mûeh khṳ̀ sûn cǹg,,true,pending,
007-review-f12369091941fd01,review,,kṳ̀-sut,sawdust.,536,1,sut,Sawdust.,true,pending,
007-review-8d6d86aa7bc5f3e9,review,,sut,Sawdust.,536,1,kṳ̀-sut,sawdust.,true,pending,
007-review-275ad78339b576a6,review,,sûn,To follow the dead to graves and be buried their with them.,536,1,,To follow the dead to their graves and be buried with them.,true,pending,
007-review-7f65f79041c81b93,review,,sŭn,"To accord with; to follow; to agree to; to obey, to comply with, to yield; to let a thing pass and not hinder; to be in sympathy with; docile, compliant, unresisting; agreeable; filial; convenient; fair, as a wind; following the grain, as in wood; flowing, rhythmical; easy, graceful, as penmanship; favorable; a mild form, as of small-pox.",536,1,,"To accord with; to follow; to agree to; to obey, to comply with, to yield; to let a thing pass and not hinder; to be in sympathy with; docile, compliant, unresisting; agreeable; filial; convenient; fair, as a wind; following the grain, as in wood; flowing, rythmical; easy, graceful, as penmanship; favorable; a mild form, as of small-pox.",true,pending,
007-reading-0a56437a8ffd4e2f,reading,,ciah eng sṳ̂t lô̤h lâi tìo koi-kínⁿ,a hawk swooped down and carried off a chicken.,537,1,ciah eng sût lô̤h lâi tìo koi-kíaⁿ,,true,pending,
007-reading-ff584f1fd096357c,reading,,sĭu kùe hṳ̂ang-sĭang kâi ṳn-sṳ̀,have experienced the kindness of the emperor.,537,1,sĭu kùe hûang-sĭang kâi ṳn-sṳ̀,,true,pending,
007-reading-9dfd6d81da3a264a,reading,,sṳ-bûn sâu tī,put scholarship to ignoble uses.,537,1,sṳ-bûn sàu tī,,true,pending,
007-reading-23b3c0126ef097a6,reading,,"sṳ-nîe in̄ tn̄g kè, thó cîⁿ àiⁿ sie mēⁿ","when the price is not fixed by previous arrangement, there is a quarrel when payday comes.",537,1,"sṳ-nîe m̄ tn̆g kè, thó cîⁿ àiⁿ sie mēⁿ",,true,pending,
007-reading-e49234284318cd7f,reading,,sṳ̀ ṳ̆ téng-tài,gave him permission to wear a button; rewarded him by giving him rank without office.,537,1,sṳ̀ ŭ téng-tài,,true,pending,
007-reading-e24a6df7d1e4f800,reading,,thăi-sṳ́-tŏ̤iⁿ,a Hanlin graduate.,537,1,thăi-sṳ́-tŏiⁿ,,true,pending,
007-review-b0cd7cfb14970ba0,review,,i tŏ̤ hṳ́ téng thóiⁿ tíaⁿ-tīaⁿ cū sût lô̤h lâi,he fixes his gaze on it from above and then darts down.,537,1,i tŏ̤ hṳ́ téng thóiⁿ tīaⁿ-tīaⁿ cū sût lô̤h lâi,,true,pending,
007-review-fd33b34247f1c0ce,review,,jī câp-jí sṳ́,the twenty-two histories of the Chinese dynasties.,537,1,jī câp-jī sṳ́,,true,pending,
007-review-825120bcef7b5b41,review,,m̄-hó ì-sṳ̀,"vile, disreputable, indecent.",537,1,m̄-hó̤ ì-sṳ̀,,true,pending,
007-review-a2449b7c6ac99378,review,,sṳ̀,To confer; to bestow on an inferior; imperial grants or favors; a benefit; used by suppliants when asking favors.,537,1,,To confer; to bestow on an inferior; imperial grants or favors; a benefit; used by supliants when asking favors.,true,pending,
007-review-a82710391ead86f0,review,,sṳ̂-kù tàⁿ-lái hó̤ thiaⁿ,the summing up was very well done.,537,1,sṳ̂-kù tàⁿ-lâi hó̤ thiaⁿ,,true,pending,
007-review-cfe15f0802cb4022,review,,tiaⁿ-sṳ̂,the plea that is entered in defense.,537,1,tîaⁿ-sṳ̂,,true,pending,
007-reading-7a9540123be59c13,reading,,cí kâi suaⁿ sĭ tn̆g sṳ̆ a m̄ sí?,This mountaian is cut off from the mainland is it not?,538,1,cí kâi suaⁿ sĭ tn̆g sṳ̆ a m̄ sĭ,,true,pending,
007-review-e1180221ef5db8e7,review,,aŭ-sṳ̂,male descendants.,538,1,ău-sṳ̂,,true,pending,
007-review-a066fa984d1ae87c,review,,cí kâi suaⁿ sĭ tn̆g sṳ̆ a m̄ sí?,This mountaian is cut off from the mainland is it not?,538,1,cí kâi suaⁿ sĭ tn̆g sṳ̆ a m̄ sĭ,This mountain is cut off from the mainland is it not ?,true,pending,
007-review-6b59234d7e79f67d,review,,"i sìn mīu sía tàⁿ ""lîp sṳ̆ hûe im,"" taⁿ tîeh méⁿ-méⁿ sía sìn khṳ̀ bûe-hôk i","he writes on the outside of the letter, ""I await a response"" so we must immediately write an answer.",538,1,"i sìn mīn sía tàⁿ ""lîp sṳ̆ hûe im, "" taⁿ tîeh méⁿ-méⁿ sía sìn khṳ̀ hûe-hôk i",,true,pending,
007-review-4aee2386265d348a,review,,sṳ̂-ău sĭ cò̤-nî ieⁿ?,How will it be hereafter?,538,1,sṳ̂-ău sĭ cò̤-nî īeⁿ,,true,pending,
007-review-7c73a34d577c02b1,review,,sṳ̆-hān ĕ jît,awaiting future events.,538,1,sṳ̆-hāu ĕ jît,,true,pending,
007-review-b8400db4741339f0,review,,"tŏ̤ seⁿ nâng khí ŭ seⁿ-sṳ̂ sāi i, sí ăn i kâi ău-ĭ īa ŭ sṳ̂-tn̂g sāi i kâi sîn-cú","while he was still living the people built a temple dedicated to him, and after his death his descendants had a place where they could worship their ancestor.",538,1,"tŏ̤ seⁿ nâng khí ŭ seⁿ-sṳ̂ sāi i, sí ău i kâi ău-ĭ īa ŭ sṳ̂-tn̂g sāi i kâi sîn-cú",,true,pending,
007-reading-9e5fdd9d13f78af2,reading,,cía m̄ cì sṳ̄,this does not help the matter.,539,1,cín m̄ cì sṳ̄,,true,pending,
007-reading-4a7b345f8e718d3b,reading,,hàm i kâi ău sṳ̄ tîeh khṳ̀ ŭ-pĭ,tell him that he must prepare for the consequences.,539,1,hàm i kâi ău sṳ̄ tîeh khṳ̀ ṳ̆-pĭ,,true,pending,
007-reading-929218c9db3b4563,reading,,sī hŏng che sṳ̄ lâi kâi,is one sent on special business.,539,1,sĭ hŏng che sṳ̄ lâi kâi,,true,pending,
007-review-94f512b2b8aaf8e2,review,,bô̤ ta i ûa,have no means of controlling him in the matter.,540,1,,I have no means of controlling him in the matter.,true,pending,
007-review-ae3071d3a4d2416d,review,,"chôiⁿ-îah àiⁿ sẁn n̆ng, tîeh khîeh kò̤ cúa khṳt i sèn","when the silk moth is ready to deposit its eggs, a piece of paper most be placed for it to lay them in.",540,1,"chôiⁿ-îah àiⁿ sẁn n̆ng, tîeh khîeh kò̤ cúa khṳt i sẁn","when the silk-moth is ready to deposit its eggs, a piece of paper must be placed for it to lay them in.",true,pending,
007-review-6525d891a584a2f9,review,,cúi lâu kàu hṳ́ kó̤ ŏi tò̤-sŵn,on reaching that point the current sets backward.,540,1,cúi lâu kàu hṳ́ kò̤ ŏi tò̤-sŵn,,true,pending,
007-review-c57db2923b505e61,review,,hṳ́ cîeh ngâm kó̤ kâi cûaⁿ cheⁿ sw̆n chut lâi,a spring gushes forth from that rocky ledge.,540,1,hṳ́ cîeh ngâm kò̤ kâi cûaⁿ cheⁿ sw̆n chut lâi,,true,pending,
007-review-51e6c9eeb1ae033a,review,,sŵn,To more in an orbit; to come back to the same point; to revolve.,540,1,,To move in an orbit; to come back to the same point; to revolve.,true,pending,
007-review-1460c14ff93295b5,review,,tó̤-sŵn thâu tńg lâi mōⁿ,turned his head and looked back.,540,1,tò̤-sŵn thâu tńg lâi mō̤ⁿ,,true,pending,
007-review-29dc6eed825fedd1,review,,úa bò̤ ta lṳ́ ûa,I cannot help your doing it.,540,1,úa bô̤ ta lṳ́ ûa,,true,pending,
007-review-8f41d71825acaf1b,review,,hṳ̂ m̄-hó̤ thâi phùa táⁿ,do not cut the gall bladder in dressing the fish.,541,1,,do not cut the gall-bladder in dressing the fish.,true,pending,
007-review-b5bba1ec12fd4770,review,,i taⁿ-khì tōa căi,he is very valiant.,541,1,i táⁿ-khì tōa căi,,true,pending,
007-review-805e36c09bb73d8f,review,,kiaⁿ phùa taⁿ,dreadfully frightened.,541,1,kiaⁿ phùa táⁿ,,true,pending,
007-review-a908b095b4e2b8b7,review,,pau thiⁿ taⁿ; i kâi táⁿ tōa kàu pau thiⁿ,he is afraid of nothing under the heavens.,541,1,pau thiⁿ táⁿ; i kâi táⁿ tōa kàu pau thiⁿ,,true,pending,
007-review-70b90b8df8c0ac14,review,,taⁿ m̄ sĭ cìen-seⁿ,it is not now so.,541,1,taⁿ m̄ sĭ cìeⁿ-seⁿ,,true,pending,
007-review-457728bb5ca3f9ff,review,,tá,To operate; to act on; to do; to perform.,541,1,,To operate on; to act on; to do; to perform,true,pending,
007-reading-f2e428fe04987748,reading,,tāⁿ-tăⁿ nē kau-chap cū hó̤,to be merely civil in intercourse with them is all that is desirable.,542,1,tăⁿ-tăⁿ nē kau-chap cū hó̤,,true,pending,
007-review-894fbcef2899506a,review,,cái ŭ saⁿ bw̄n tàⁿ,it carries thirty thousand piculs.,542,1,cài ŭ saⁿ bw̄n tàⁿ,,true,pending,
007-review-63a0006eef0ff84f,review,,cí kâi phāng tîeh can cúa lâi tah miⁿ,paper must be pasted over this crevice to close it up.,542,1,cí kâi phāng tîeh cang cúa lâi tah miⁿ,,true,pending,
007-review-bf10bd05e414df56,review,,tah kò̤-[illegible],put up a proclamation.,542,1,tah kò̤-sī,,true,pending,
007-reading-8b78aa804948652a,reading,,"cí kâi nâng hó̤ siang-sìn, úa kâi cîⁿ ngṳ̂n to sĭ kìa-tah","this person is trustworthy, and I send my money by him.",543,1,"cí kâi nâng hó̤ siang-sìn, úa kâi cîⁿ ngṳ̂n to sĭ kìa-tah i",,true,pending,
007-review-780d6a53df087d58,review,,tah-lîen,"A purse shaped bag, with a slit in one side, used for carrying articles when travelling; it is slung orver the shoulder, with its contents in the two ends.",543,1,,"A purse shaped bag, with a slit in one side, used for carrying articles when travelling; it is slung -over the shoulder, with its contents in the two ends.",true,pending,
007-reading-b048182c808b761b,reading,,cò̤ cíau-sîah kẃn-tăi i,entertained him by making a feast in his honor.,544,1,cò̤ cíu-sîah kẃn-tăi i,,true,pending,
007-review-ef98faa5da2b5cdf,review,,cĕk tùi siah cek-tâi,a pair of pewter candlesticks.,544,1,cêk tùi siah cek-tâi,,true,pending,
007-review-fb24befc35a938b3,review,,"hía tâk ío ke, cía tâk ío cìe",that is worth more than this is.,544,1,"hía tâk ío ke, cía tâk ío cíe",,true,pending,
007-review-a3b1b50608070eac,review,,i cē sie tak cĭu tak kàu hueh lāu hueh tit,if they begin to butt each other they will keep it up until the blood runs.,544,1,i cē sie tak cĭu tak kàu hueh lāu hueh tih,,true,pending,
007-review-d406c215db73940a,review,,"i mâk siap căi, cŏ̤ pàng kó̤ tó̤ tak","she is very sleepy, and is dozing as she sits.",544,1,"i mâk siap căi, cŏ̤ pàng kò̤ tó̤ tak",,true,pending,
007-review-43292df9b310fc54,review,,"iā sĭ bô̤ tăi-bw̆n tîeh i, i cò̤-nî hìeⁿ khì?","If they were not supercilious toward him, why is he so angry?",544,1,"īa sĭ bô̤ tăi-bw̆n tîeh i, i cò̤-nî hìeⁿ khì ?",,true,pending,
007-review-1fe363cff6579dd4,review,,koi-n̆ng ío tâk ŭ lâk kâi cîⁿ,"to have borne you is of loss benefit than to lay an egg, for a egg is worth six cash.",544,1,seⁿ cò̤ kâi koi-n̆ng ío tâk ŭ lâk kâi cîⁿ,"to have borne you is of less benefit than to lay an egg, for a egg is worth six cash.",true,pending,
007-review-a9cad2b4da4a25a7,review,,kàn tăi sṳ̄,quell a great disturbance.,544,1,kàng tăi sṳ̄,,true,pending,
007-review-552f2e9a5707e4e6,review,,tâk ŭ kúi kâi ngṳn̂,worth several dollars.,544,1,tâk ŭ kúi kâi ngṳ̂n,,true,pending,
007-review-a658a27cb211d940,review,,tăi jîn,term used in speaking of or addressing those of higher rank; His Excellency; Your Honor.,544,1,,a term used in speaking of or addressing those of higher rank; His Excellency; Your Honor,true,pending,
007-review-19b5c6f74000a465,review,,úa thóiⁿ li sît căi kham tâk,consider it really worth its price.,544,1,,I consider it really worth its price,true,pending,
007-review-a1846ea3fd8bff68,review,,"ēng kâi ke-ke to hó̤, tak-n̄ng kai cêk tíam to m̄-hó̤","you may use as much as ever you like, but do not waste the least bit.",544,1,"ēng kâi ke-ke to hó̤, tak-n̄ng kâi cêk tíam to m̄-hó̤",,true,pending,
007-reading-75b30da7e9f971dc,reading,,cièⁿ-seⁿ sǹg sĭ khṳt i tam-gō khṳ̀,it seems that we have depended on him to our cost; he has apparently failed to carry out his part in the plan.,545,1,cìeⁿ-seⁿ sǹg sĭ khṳt i tam-gō khṳ̀,,true,pending,
007-reading-2eb4d8ec59a68fa5,reading,,cía cìⁿ sĭ cìm tâk îeh kâi īa sĭ khṳt cía tâk cìⁿ sīa tîeh cū sí,this arrow is one that has been sleeped in poison: if you are hit by a poisoned arrow you will die.,545,1,cía cìⁿ sĭ cìm tâk îeh kâi：īa sĭ khṳt cía tâk cìⁿ sīa tîeh cū sí,,true,pending,
007-reading-3484ad73153c5d86,reading,,lṳ́ hó̤ tâk î tâk jī tàⁿ úa thiaⁿ,you take up the heads one by one in their order and recite them to me.,545,1,lṳ́ hó̤ tâk it tâk jī tàⁿ úa thiaⁿ,,true,pending,
007-reading-7af7df42df9cc074,reading,,tâk kâ tâk kâi to kìⁿ cheng-chó̤ lío,"they are all recorded, in their order.",545,1,tâk kâi tâk kâi to kìⁿ cheng-chó̤ lío,,true,pending,
007-reading-f4d5334e8572fb0c,reading,,tîeh ēng ngṳ̂n-khì lâi kehh tīo i kâi tâk hueh,must use a silver instrument to scrape off the poisoned blood.,545,1,tîeh ēng ngṳ̂n-khì lâi kheh tīo i kâi tâk hueh,,true,pending,
007-review-462c9d1a0b28519a,review,,khuah káu m̄ hó chek-tâk,so wide that it cannot be measured.,545,1,khuah kàu m̄ hó̤ chek-tâk,,true,pending,
007-review-b17e109468b79d41,review,,tam,"To bear, to sustain, to un ertake, to be responsible for, to offer security.",545,1,,"To bear, to sustain, to undertake, to be responsible for, to offer security.",true,pending,
007-reading-9d5c39fe107f01ad,reading,,i ke tang ŭ kâi lău bó̤ tŏ̤-kò̤,he has an old mother at home.,546,1,i ke tang ŭ kâi i lău bó̤ tŏ̤-kò̤,,true,pending,
007-review-91913d59d41026b2,review,,kó̤ ko̤ mng khṳt i tăm cêk ûe khṳ̀ lío,she has sucked down the half of the cake.,546,1,kò̤ ko̤ mng khṳt i tăm cêk ûe khṳ̀ lío,,true,pending,
007-review-785c0b26a8874cca,review,,m̄ cai hṳ̀ tói tang sĭ cò̤-nî,do not know what is the condition of things inside.,546,1,m̄ cai hṳ́ tói tang sĭ cò̤-nî,,true,pending,
007-review-2897daedd3fbd69a,review,,"pâng tang bô̤ cíu, lâng lâu kheh","if there bo no wine in the pitcher, you cannot well urge a guest to stay.",546,1,,"if there be no wine in the pitcher, you cannot well urge a guest to stay.",true,pending,
007-review-5977f3b318f0a82e,review,,tang,The middle; the centre; the I heart or core of; in the middle; within; in; inner; medium in size or quality; to fill; to estimate a quantity; undeviating.,546,1,,The middle; the centre; the heart or core of; in the middle; within; in; inner; medium in size or quality; to fill; to estimate a quantity; undeviating.,true,pending,
007-reading-1c1d8f3af549cdb2,reading,,bó̤i lâi pun a-noⁿ-kíaⁿ hùe táng lō,buy some thing to take to the children when I go home.,547,1,bói lâi pun a-noⁿ-kíaⁿ hùe táng lō,,true,pending,
007-reading-63e2179deb13f684,reading,,cí kúi nî kâi hun-kuah ē-ē khṳt sng tàng sīo khṳ̀,"these last few years, the potato vines have been repeatedly injured by the frost.",547,1,cí kúi nî kâi hun-kuah ē-ē khṳt sng tàng tīo khṳ̀,,true,pending,
007-reading-8cc68b4c26eab699,reading,,sng cē tàng chīu-hîeh cū n̂ng,the leaves turn yellow when the frost touches them.,547,1,sng cē tàng chīu-hîeh cū n̂g,,true,pending,
007-review-a74a0c2b98b1b866,review,,ah tang,duck's eggs.,547,1,ah tàng,,true,pending,
007-review-7949d44c0a236004,review,,"i cêk tàng cìaⁿ cē ŭ khŵn, cū théng khi-hŭ nâng","just as soon as he has a little power, he imposes on people at random.",547,1,"i cêk tàng cìaⁿ cē ŭ khŵn, cū thèng khi-hŭ nâng",,true,pending,
007-review-56e46e384eae59f6,review,,"lú thóiⁿ tîeh li thó̤-thó̤ tàng-tàng, úa thóiⁿ tîeh li m̄ thó̤-tàng","you consider it perfectly safe, while look upon it as unsafe.",547,1,,"you consider it perfectly safe, while I look upon it as unsafe.",true,pending,
007-review-524f49269abfc1fc,review,,"táng i jîeh chìo, úa to m̄-ùi i","however powerful they be, do not fear them.",547,1,,"however powerful they be, I do not fear them.",true,pending,
007-review-9d4cc7898a182871,review,,tîeh cò̤ káu ún-tàng ún-tàng,must make it very secure.,547,1,tîeh cò̤ kàu ún-tàng ún-tàng,,true,pending,
007-review-faf4c0bc94bb8895,review,,úa tó̤ táng lṳ́,was expecting you.,547,1,,I was expecting you.,true,pending,
007-reading-a37473bdb838b218,reading,,tak tâng,"a section of the trunk of a bamboo used as a measure, and holding a pint.",548,1,tek tâng,,true,pending,
007-reading-17e56d2ed5484bbe,reading,,thiaⁿ kìaⁿ hn̆g-hn̆g lûi tâng,hear the thunder afar off.,548,1,thiaⁿ kìⁿ hn̆g-hn̆g lûi tâng,,true,pending,
007-reading-48c92bda511a5cab,reading,,àiⁿ ki tâng a m̆?,Do you want a fine line of brass around it?,548,1,àiⁿ ki tâng ăm ?,,true,pending,
007-review-33f22b8b087c2c75,review,,cêk tâng bí jî-cap cîⁿ,a measure of rice is twenty cash.,548,1,cêk tâng bí jī-cap cîⁿ,,true,pending,
007-review-29f7e6d82566933e,review,,"cía saⁿ-thâu lṳ́ thóiⁿ sĭ tōa tâng hó̤, a sĭ tît tan̂g hó̤, a sĭ khih-khin tâng hó̤?","Do you think this tunic should have a lapel that buttons under the arm, or one that runs all the way to the bottom of the garment, or one that does not quite reach the bottom?",548,1,"cía saⁿ-thâu lṳ́ thóiⁿ sĭ tōa tâng hó̤, a sĭ tît tâng hó̤, a sĭ khih-khin tâng hó̤ ?",,true,pending,
007-review-2d33796cb827114b,review,,hieⁿ tâng; hieⁿ sùⁿ tâng,a packet of incense.,548,1,hieⁿ tâng; hieⁿ sùaⁿ tâng,,true,pending,
007-review-9861e568ef1da692,review,,ji câp tâng cêk táu,twenty pints make a peck.,548,1,jī câp tâng cêk táu,,true,pending,
007-review-63f549a2ab2950bc,review,,tang tíaⁿ,a copper kettle.,548,1,tâng tíaⁿ,,true,pending,
007-review-263db1827b625789,review,,"tău tâng, sío ĭ",the difference is less than the similarity.,548,1,"tăi tâng, sío ĭ",,true,pending,
007-example_split-6aec094007cde2d3,example_split,,phŏ̤ tîeh thîm-thîm tăng,in holding it in the arms found it to be of leaden weight. tăng khṳ̀ tìm; of great density.,549,1,phŏ̤ tîeh thîm-thîm tăng,in holding it in the arms found it to be of leaden weight.,true,pending,
007-example_split-6aec094007cde2d3,example_split,,phŏ̤ tîeh thîm-thîm tăng,in holding it in the arms found it to be of leaden weight. tăng khṳ̀ tìm; of great density.,549,2,tăng khṳ̀ tìm,of great density.,true,pending,
007-reading-04ff8052d143d959,reading,,bô̤ saⁿ nít tăng,scarcely any weight.,549,1,bô̤ saⁿ níe tăng,,true,pending,
007-reading-a52ff7ac3c0d2878,reading,,cang tăng khw̆n hù i,give him great authority.,549,1,tăng khṳ̀ tìm,,true,pending,
007-reading-1c621db110e5a2cf,reading,,i kâi cò̤ sṳ̄ hùang-hùang tăng-tăng,"his behaviour is most reckless, unmannerly and lawless.",549,1,"i kâi cò̤ sṳ̄ hùang-hùang tăng-tăng, bô̤ lói bô̤ huap",,true,pending,
007-reading-df83e18421614973,reading,,tī-hng khah khùang-tăng,"the place is too wild and wide, and is not snug and cozy.",549,1,"tī-hng khah khùang-tăng, m̄ kín-kauh",,true,pending,
007-review-fcc8ac234bbf2b03,review,,in sĭang tăng,lead is heaviest.,549,1,în sĭang tăng,,true,pending,
007-review-848234801793123d,review,,jû kîaⁿ tăng,the farther you carry it the more burdensome it becomes.,549,1,,the further you carry it the more burdensome it becomes.,true,pending,
007-review-1b7b33838566d6a9,review,,màiⁿ tàⁿ khah tan̆g,do not speak with too great emphasis.,549,1,màiⁿ tàⁿ khah tăng,,true,pending,
007-review-3d9b23a11c4a2629,review,,tī-hng khah khùang-tăng,"the place is too wild and wide, and is not snug and cozy.",549,1,"tī-hng khah khùang-tăng, m̄ kín-kauh","the place is too wild and wide, and is not sung and cozy.",true,pending,
007-reading-2fdf196903670707,reading,,i cē lāu cū-lău-tien-táu,in growing old he has grown forgetful.,550,1,i cē lău cū lău-tien-táu,,true,pending,
007-reading-b4d5656b2947ac5b,reading,,táu cêk kâi ûant-pó̤ cìaⁿ ēng cò̤ kâi gûeh,"get a bar of silver exchanged for small coin, and it is spent in a month.",550,1,táu cêk kâi ûang-pó̤ cìaⁿ ēng cò̤ kâi gûeh,,true,pending,
007-review-b9c8f7e81940bacb,review,,chṳ́ sŭ màiⁿ táu-tì,do not mislay them from their place in the series.,550,1,chṳ̀ sŭ màiⁿ táu-tì,,true,pending,
007-review-0fbafe11bb5e90b0,review,,i cí koiⁿ kâi táu nîe khṳ̀ ío ŭ táu-thâu,they give fuller measure at this stop.,550,1,,they give fuller measure at this shop,true,pending,
007-review-76e3fc245339a2d2,review,,thia tîeh tâp-cē-tùn,was startled when she heard it.,550,1,thiaⁿ tîeh tâp-cē-tùn,,true,pending,
007-review-0b88263f61a094e3,review,,tàu-sṳ̆,islands.,550,1,táu-sṳ̆,,true,pending,
007-reading-9fe476b41eb52d95,reading,,hàm nŏ̤ pang lâi sie tàu,call two companies of performers to emulate each other.,551,1,hàm nŏ̤ pang lâi sie tàu hì,,true,pending,
007-reading-b09ffae6fa41ca47,reading,,taù thâk cṳ,strive to excel each other in study.,551,1,tàu thâk cṳ,,true,pending,
007-review-04e47d5a63404ea7,review,,hŭam sṳ tîeh chông cìaⁿ tău,in all things correct principles must be acted upon.,551,1,hŭam sṳ̄ tîeh chông cìaⁿ tău,,true,pending,
007-review-b0264b3e5a1ddbda,review,,i khṳ̀ chim sṳ ó̤h tău,he has gone in search of teachers in order to study Tauism.,551,1,i khṳ̀ chim sṳ ô̤h tău,,true,pending,
007-review-a521d3461912170b,review,,tău-lō tèng bô̤ có bô̤ keh,there are no obstacles in the way.,551,1,tău-lō tèng bô̤ có̤ bô̤ keh,,true,pending,
007-review-6dcdc88d8f894f78,review,,íⁿ-keng tau mêng i kâi côk tíeⁿ,have already sought out and informed the head of his clan.,551,1,íⁿ-keng tâu mêng i kâi côk tíeⁿ,,true,pending,
007-example_split-7d64f43e48f44cac,example_split,,tê ca,tea leaves left after infusion.sai tê; pour the tea.,552,1,tê ca,tea leaves left after infusion.,true,pending,
007-example_split-7d64f43e48f44cac,example_split,,tê ca,tea leaves left after infusion.sai tê; pour the tea.,552,2,sai tê,pour the tea.,true,pending,
007-reading-937e2e4b473a478c,reading,,cí kâi nâng lău-káng- kìu cîah tê,this is an old and discriminating tea drinker.,552,1,cí kâi nâng lău-káng-kìu cîah tê,,true,pending,
007-reading-aea886e8351cfe8f,reading,,khai-tău kàu mêng-pêh mêng-pêh khṳ̂t i thiaⁿ,set the correct method plainly before him.,552,1,khai-tău kàu mêng-pêh mêng-pêh khṳt i thiaⁿ,,true,pending,
007-review-5366a627f9ec1f52,review,,tān céng,vaccine virus.,552,1,tāu céng,,true,pending,
007-review-b2ff0a4a266c4358,review,,tī-tāu,pea-nuts; ground-nuts.,552,1,tī̄-tāu,,true,pending,
007-reading-414855969d5e49fc,reading,,lṳ́ màiⁿ tŏ̤ tèⁿ sì tèⁿ ûah,you need not pretend to be more dead than alive.,553,1,lṳ́ màiⁿ tŏ̤ tèⁿ sí tèⁿ ûah,,true,pending,
007-review-2a9944de233c9768,review,,cêk lō bô có̤ bô̤ têⁿ,no hindrance during the whole journey.,553,1,cêk lō bô̤ có̤ bô̤ têⁿ,,true,pending,
007-review-e48fa8a30b9e18db,review,,tek hŭ-jin,a long bamboo pillow.,553,1,tek hŭ-jîn,,true,pending,
007-review-45faf27bc4820a76,review,,tèn m̄ cai,pretends that he does not know.,553,1,tèⁿ m̄ cai,,true,pending,
007-review-83d12704bbe0ecc3,review,,ôi teh tîeh nâng a bŏi?,Was any one crushed under it?,553,1,ŏi teh tîeh nâng a bŏi ?,,true,pending,
007-review-344ae9f34e6660b2,review,,i m̄ káⁿ kio i tùi-têk,she dare net oppose him.,554,1,,she dare not oppose him.,true,pending,
007-review-d119f032767594df,review,,jin-tek,beneficence.,554,1,jîn-tek,,true,pending,
007-review-6e1e8e71f90401fd,review,,tek bó̤,"the house-mother, said by a man's children or his domestics when speaking of his wife.",554,1,,"the house-mother, said by a man’s children or his domesties when speaking of his wife.",true,pending,
007-reading-b2e8b286173c342c,reading,,cìe nâng-teng phàin cîⁿ,apportion the amount to be contributed according to the number of contributors.,555,1,cìe nâng-teng phài cîⁿ,,true,pending,
007-reading-c6ace65e1b315198,reading,,huang teng,hun teng; an opium lamp.,555,1,"huang teng, hun teng",,true,pending,
007-reading-1bdaf518f7798e79,reading,,tē-teng cîⁿ-nîe,the land revenue estimated in money.,555,1,tī-teng cîⁿ-nîe,,true,pending,
007-review-94eb0f83691db7b2,review,,huang teng,hun teng; an opium lamp.,555,1,"huang teng, hun teng",an opium lamp.,true,pending,
007-review-02150b48e9b78f09,review,,úa có̤-nî teng-lêng cok-hù lṳ́,how many times have I enjoined it upon you.,555,1,úa cò̤-nî teng-lêng cok-hù lṳ́,,true,pending,
007-reading-76359dbd7494edfa,reading,,"lît-téng thûi, lî-téng pûaⁿ, teńg pûaⁿ so̤h, lî-téng nău","the brass weight, the brass pan, the cords attached to the pan, and the two holding cords of Chinese money scales.",556,1,"lî-téng thûi, lî-téng pûaⁿ, téng pûaⁿ so̤h, lî-téng nău",,true,pending,
007-reading-47ca23d1f03af38a,reading,,"teńg tît chìn, bô̤ kio bô̤ bî",poise the scale yard horizontally neither inclining upward nor downward.,556,1,"téng tît chìn, bô̤ khio bô̤ bî",,true,pending,
007-reading-a1e1a62a2ec58602,reading,,tèng kṳ́-jîn lío cū tèng cìu-sṳ̄,"having taken the degree of Master of Arts, he gained that of Doctor of Laws.",556,1,tèng kṳ́-jîn lío cū tèng cìn-sṳ̆,,true,pending,
007-reading-27e819653ce9efbf,reading,,tèng pit khṳ̀,cannot drive the nail in.,556,1,tèng m̄ lô̤h,,true,pending,
007-review-bfac595416df6c5d,review,,choiⁿ téng hw̄n téng,numberless kinds.,556,1,choiⁿ téng bw̄n téng,,true,pending,
007-review-b28f024a19d11817,review,,cí ki teng sĭ tîam tān-îu a sĭ tíam húe-îu?,Do you burn pea-nut oil or kerosene in this lamp?,556,1,cí ki teng sĭ tíam tāu-îu a sĭ tíam húe-îu?,,true,pending,
007-review-66ecaaec88928ba4,review,,cí kâi cū tèng úa kâi ì,thia suits my ideas.,556,1,,this suits my ideas.,true,pending,
007-review-a22380d31ab4a241,review,,cîa īa sĭ m̄ tèng ì li sûi i sẃn kàu tèng ì kâi,"this does not suit his taste, let him select one that does.",556,1,cía īa sĭ m̄ tèng ì li sûi i sẃn kàu tèng ì kâi,"if this does not suit his taste, let him select one that does",true,pending,
007-review-5a1785624cc5b06e,review,,i ka-kī tiah tio téng-tài cĭeⁿ pńg khṳ̀ chîaⁿ cŭe,"he himself took off the insignia of his rank, and dutifully went and asked for punishment.",556,1,i ka-kī tiah tīo téng-tài cĭeⁿ pńg khṳ̀ chîaⁿ cŭe,,true,pending,
007-review-e464fee00551d654,review,,i kháu pai téng,he failed in his examination and was classed lower than before.,556,1,i kháu pāi téng,,true,pending,
007-review-75de5873e3978878,review,,teng cúaⁿ,oil-cup of a lamp.,556,1,,the oil-cup of a lamp.,true,pending,
007-review-575f31fcdc9c05cd,review,,têng hô̤,the very best.,556,1,téng hó̤,,true,pending,
007-reading-f035762c31928dd6,reading,,i kâi nâng tēng-ten̄g nē,he is very tall and straight.,557,1,i kâi nâng tēng-tēng nē,,true,pending,
007-reading-124f44821f6f4d69,reading,,ŭ nâng cang kha-ău-teⁿ tâh bé-tâh-tèng; ŭ nâng cang kha-ău-tenn tâh bé-tâh-tèng,"some people put the toe in the stirrup, and some the heel.",557,1,ŭ nâng cang kha-ău-teⁿ tâh bé-tâh-tèng,,true,pending,
007-review-e3c88a0e97ef346f,review,,chn̂g pho ìⁿ tèng,"tables, beds, chairs and benches.",557,1,chn̂g pho íⁿ tèng,,true,pending,
007-review-8ab89cb416251bc6,review,,chìaⁿ cí khîa têng,ask an imperial permit to erect an honorary portal.,557,1,chíaⁿ cí khîa têng,,true,pending,
007-review-e97c614d03fea591,review,,"i ak̂i káu thóiⁿ-kìⁿ cú-nâng cē lâi, huaⁿ-hí kàu tēng khí lâi","the dog seeing his master coming, is.so pleased that he stands on his hind legs.",557,1,"i kâi káu thóiⁿ-kìⁿ cú-nâng cē lâi , huaⁿ-hí kàu tēng khí lâi","the dog seeing his master coming, is so pleased that he stands on his hind legs.",true,pending,
007-review-47de704e0f642236,review,,i kâi sṳ̄ sĭ tŏ̤ tì-kò phùa-tĕng?,How did the matter come to be divulged?,557,1,i kâi sṳ̄ sĭ tŏ̤ tī-kò̤ phùa-tĕng ?,,true,pending,
007-review-bc765a3be603b3a6,review,,"nŏ̤ kâi nâng cò̤-pû kîaⁿ, cêk kâi li tēng-ten̄g nē, cêk kâi ku-ku nē","they both walked along together, the one erect and personable, the other crooked and dumpy.",557,1,"nŏ̤ kâi nâng cò̤-pû kîaⁿ , cêk kâi li tēng-tēng nē , cêk kâi ku-ku nē",,true,pending,
007-review-ffdf4ae22097674b,review,,tê teng,a tea booth.,557,1,tê têng,,true,pending,
007-review-2c9e3f1c0931b45e,review,,têng,A roof supported on pillars; an abor; a portico.,557,1,,A roof supported on pillars; an arbor; a portico.,true,pending,
007-review-e26495a013393393,review,,tĕng,"A medical preparation, made in into pastiles.",557,1,,"A medical preparation, made into pastiles.",true,pending,
007-review-7b8fa1a790e83808,review,,tĕng-tú-tĕng,just as I supposed; I told you so; it is as thought.,557,1,,just as I supposed; I told you so; it is as I thought.,true,pending,
007-reading-69df5a5394a8b8fc,reading,,"peh-sèⁿ khṳ̀ kìⁿ kuaⁿ sĭ cheng ka-kī cò̤ ""síe ti""","common people who go before a magistrate speak of themselves as ""humble selves.""",558,1,peh-sèⁿ khṳ̀ kìⁿ kuaⁿ sĭ cheng ka-kī cò̤ “síe ti”,,true,pending,
007-review-0384357660b3d832,review,,cieⁿ-seⁿ i cū tì mīaⁿ,in so doing he hazards his life.,558,1,cìeⁿ-seⁿ i cū tì mīaⁿ,,true,pending,
007-review-47978c7db68ecf57,review,,"cí kâi kūiⁿ sĭ sìu-câi tí, hṳ́ kâi sĭ kṳ́-jîu tí","this district magistrate became such from the rank of Bachelor of Arts, and that one from the rank of Master of Arts.",558,1,"cí kâi kūiⁿ sĭ sìu-câi tí, hṳ́ kâi sĭ kṳ́-jîn tí",,true,pending,
007-review-3fac448989da1d50,review,,cía cṳ sĭ kàng-kìu kek mûeh tì cai kâi sṳ̄,this book inquires into the nature of things and applies the knowledge to final causes; this is a philosophy.,558,1,cía cṳ sĭ káng-kìu kek mûeh tì cai kâi sṳ̄,,true,pending,
007-review-1a48684fd0c5db4d,review,,khíong-ui i tí-tng m̄ cŭ,fear he cannot bear up under it.,558,1,khíong-ùi i tí-tng m̄ cŭ,,true,pending,
007-review-84510370875e7d0e,review,,pun ti-tâ,blow a trumpet.,558,1,pûn ti-tâ,,true,pending,
007-review-e7611a6dfea2a3d0,review,,tăi tì,a resume; in general.,558,1,,a resumé;in general.,true,pending,
007-reading-9a06759bcb9f7486,reading,,pun tī-tiâng?,To whom did you give it?,559,1,pun tī-tîang,,true,pending,
007-reading-f5af7c4fa86e6731,reading,,tì-ūi thŵn khuⁿt tī-tîang?,To whom does the throne descend?,559,1,tì-ūi thŵn khṳt tī-tîang,,true,pending,
007-review-b01f6f737c402f40,review,,hù̂ tî,a fish-pool.,559,1,hṳ̂ tî,,true,pending,
007-review-9be199c4129b325e,review,,i cò̤-ni̤ m̄ tì kâi ke-ău?,Why does he not get a wife?,559,1,i cò̤-nî m̄ tì kâi ke-ău,,true,pending,
007-review-2e11a086980c677c,review,,i s̆i tì tŏ̤ thâu-khak téng lâi,he brought it on his head.,559,1,i sĭ tì tŏ̤ thâu-khak téng lâi,,true,pending,
007-review-5eaa0950eff15c57,review,,"khṳ̀ ka̤u, tì ŭ sĭm-mih hùe-mûeh lâi?","On arriving, what goods did you buy to bring back with you?",559,1,"khṳ̀ kàu, tì ŭ sĭm-mih hùe-mûeh lâi",,true,pending,
007-review-0994a4c469cd1147,review,,"nán lâi tî tèng, kà úa ô̤h sîu",let us go to the pond and jou teach me to swim.,559,1,,let us go to the pond and you teach me to swim.,true,pending,
007-review-a6ba4b51f51240d7,review,,sĭ tì iong sang chŵn kâi nâng,is a person who is both brave and capable.,559,1,sĭ tì íong sang chŵn kâi nâng,,true,pending,
007-review-9fabfe6457ad4ca1,review,,ti,"One who rules by his own power; a god; a divine being; a sovereign, a potentate",559,1,tì,,true,pending,
007-review-ee9d5b6359d875f0,review,,tì hūaⁿ,the brink of the pool.,559,1,tî hūaⁿ,,true,pending,
007-review-48f99bb8b58f2d2a,review,,tī kâi sĭ?,Which one ia it?,559,1,,Which one is it?,true,pending,
007-reading-aba679c6cf4b5d83,reading,,cí kâi bûn-cuⁿ sĭ àiⁿ tī kàu séⁿ-sîaⁿ,this dispatch is to be sent to Canton.,560,1,cí kâi bûn-cṳ sĭ àiⁿ tī kàu séⁿ-sîaⁿ,,true,pending,
007-reading-9171d96e82433190,reading,,lṳ́ cò̤ sṳ̄ mâiⁿ tîⁿ sin,do things in such a way as not to involve yourself.,560,1,lṳ́ cò̤ sṳ̄ màiⁿ tîⁿ sin,,true,pending,
007-reading-d753a2967f92aaf2,reading,,tang-cì pí hē-cì muéⁿ jît thài-îang só̤ tîⁿ kâi tō ke kíam ho̤h cōi,the path which the sun daily follows is of very different length in winter from what it is in summer.,560,1,tang-cì pí hē-cì múeⁿ jît thài-îang só̤ tîⁿ kâi tō ke kíam ho̤h cōi,,true,pending,
007-review-bc5d83ca5687531e,review,,cì kò̤ tùi-tùi sĭ tī sim,this is exactly in the centre of the ground.,560,1,cí kò̤ tùi-tùi sĭ tī sim,,true,pending,
007-review-40fa6733b3bcd756,review,,cúi tĭⁿ; tĭe tĭⁿ,the tide is rising.,561,1,cúi tĭⁿ; tîe tĭⁿ,,true,pending,
007-review-9a458bdf6218e674,review,,hîaⁿ cek̆ tíaⁿ cúi,heat an iron pan full of water.,561,1,hîaⁿ cêk tíaⁿ cúi,,true,pending,
007-review-6a7488ec6fe0d689,review,,màiⁿ jît tìaⁿ,do not press down upon it.,561,1,màiⁿ jîh tìaⁿ,,true,pending,
007-review-6c33637f96d4c531,review,,m̄-hó tiaⁿ tîeh i,do not touch it.,561,1,m̄-hó̤ tiaⁿ tîeh i,,true,pending,
007-reading-5ee4e6fceb43148a,reading,,i kâi cṳ līam khṳ̀ kût-tîah kût-tîah,"he recites his lesson very glibly, without any hesitation.",562,1,"i kâi cṳ līam khṳ̀ kût-kût tîah-tîah, li-li līam",,true,pending,
007-reading-3440c9605527b939,reading,,sĭang sĭm sĭ cièⁿ-seⁿ tīaⁿ,this is the utmost.,562,1,sĭang sĭm sĭ cìeⁿ-seⁿ tīaⁿ,,true,pending,
007-review-7354ea636812a7a9,review,,"chó̤-lîak tiah cêk cūe, thīⁿ lío cìaⁿ bŏi cáu-it","baste it slightly across once, then when yon sew it, it will not be out of line.",562,1,,"baste it slightly across once, then when you sew it, it will not be out of line.",true,pending,
007-review-17bea0e04903edab,review,,chûn cêk kùe tīaⁿ-tīaⁿ,a half day only remains.,562,1,chûn cêk kùa tīaⁿ-tīaⁿ,,true,pending,
007-review-e2cb273cc9cb7ad0,review,,jīn m̄ tīaⁿ,not sure that this is the one.,562,1,,am not sure that this is the one.,true,pending,
007-review-33d96f9ca92c477b,review,,soiⁿ kâi i tiah tùe nŏ̤ cam,catch it together with a couple of stitches.,562,1,,first catch it together with a couple of stitches.,true,pending,
007-review-7ee0580cb6655a50,review,,tiah ìn,"deprive an officer of his seal, tiah teng; take away his button.",562,1,,deprive (an officer) of his seal.,true,pending,
007-review-99c2b68abb80882c,review,,tīaⁿ,"A final particle, intensifying what goes before.",562,1,tī̄aⁿ,,true,pending,
007-reading-c91d6edcd5afa9cb,reading,,câp-it tiám lío,it is already eleven o'clock.,563,1,câp-it tíam lío,,true,pending,
007-reading-bac84406d883b8ba,reading,,"cêh nâng tiak cêk peh ē, cek̂ nâng tiak sì-câp ē","one was beaten a hundred, and the other forty blows.",563,1,"cêh nâng tiak cêk peh ē, cêk nâng tiak sì-câp ē",,true,pending,
007-reading-fda0983f0315db3a,reading,,thiaⁿ-kìⁿ mn̂g tīak-tīak-kìe,heard a knocking at the door.,563,1,thiaⁿ-kìⁿ mn̂g tiak-tiak-kìe,,true,pending,
007-reading-6020067126c75377,reading,,tiám-sim,luncheon.,563,1,tíam-sim,,true,pending,
007-reading-2ab647bec6da5a9c,reading,,àiⁿ hiah cîah tiám-sim,will stop and take lunch.,563,1,àiⁿ hiah cîah tíam-sim,,true,pending,
007-review-cad64634c0643793,review,,"buah hún, tíam in-nî",pat on powder and rouge.,563,1,,put on powder and rouge.,true,pending,
007-review-5e39c2e69982dfcd,review,,bò̤ khṳ̀ tiam-jíam i kâi sṳ̄,did not get mixed up in his affairs.,563,1,bô̤ khṳ̀ tiam-jíam i kâi sṳ̄,,true,pending,
007-review-80ed9aedfcca3a09,review,,cìeⁿ-seⁿ i tíam thâm cìaⁿ lôh,so his gorge is settled.,563,1,cìeⁿ-seⁿ i tíam thâm cìaⁿ lô̤h,,true,pending,
007-review-c247b38b8e580cd1,review,,lṳ́ ci-tíam i thóiⁿ,you point it out for him to look at.,563,1,lṳ́ cí-tíam i thóiⁿ,,true,pending,
007-review-1405dfe466c11714,review,,màiⁿ tiam tîeh; tiam tîeh cū kōi phùⁿ,"do not chip it, if chipped it will break easily.",563,1,"màiⁿ tiam tîeh, tiam tîeh cū kōi phùaⁿ",,true,pending,
007-review-220de14cb1d2018d,review,,tiam khih khṳ̀,chipped as to break a piece out.,563,1,,chipped so as to break a piece out.,true,pending,
007-review-6e2bd77e86f25be8,review,,tu tiam,a butcher's block.,563,1,tṳ tiam,,true,pending,
007-reading-81d4a67992c14dbb,reading,,"cí kâi îap-tîap ēng kú huang-hāi, tîeh lêng-ūaⁿ ūaⁿ kâi îap-tîap","these hinges having been used a long time are worn out, and must be replaced by new ones.",564,1,"cí kâi iap-tîap ēng kú huang-hāi, tîeh lêng-ūaⁿ ūaⁿ kâi îap-tîap",,true,pending,
007-review-a41b04a64bcb5104,review,,i kâi chùi tîam câi,he speaks flatteringly.,564,1,i kâi chùi tîam căi,,true,pending,
007-review-272aac5ced34bdd2,review,,m̄ cai tìang kâi kíaⁿ,do not know whose child it is.,564,1,m̄ cai tîang kâi kíaⁿ,,true,pending,
007-review-71c2921ca38abc88,review,,tìam,To hide; to keep out of sigh; to elude search; to abscond.,564,1,,To hide; to keep out of sight; to elude search; to abscond.,true,pending,
007-reading-e778431a55164395,reading,,chin-chīeⁿ ngâu-hṳ̂ thut-chut kim kau-tìeⁿ,like a grampus escaping a golden hook.,565,1,chin-chĭeⁿ ngâu-hṳ̂ thut-chut kim kau-tìeⁿ,,true,pending,
007-review-a508c4fb18f7888e,review,,lô̤h khṳ̀ tīe nang-uang kûiⁿ khí lâi,fell and rebounded very high.,565,1,lô̤h khṳ̀ tīe uang-uang kûiⁿ khí lâi,,true,pending,
007-review-5770ad8bb55efa98,review,,"mâk siap căi, tìeⁿ m̄ khí",so very sleep he can't hold his eyes open.,565,1,,so very sleepy he can’t hold his eyes open.,true,pending,
007-review-9522f77260f43769,review,,tíeⁿ pâng,the family of the eldest brothers.,565,1,,the family of the eldest brother.,true,pending,
007-review-73461ba1bd8505a9,review,,tîe ciu hú,"the Department of the Tides, the name of that iu which Swatow is situated.",565,1,,"the Department of the Tides, the name of that in which Swatow is situated.",true,pending,
007-review-2a72b5c6a0b3ba65,review,,tîe cúi,the tidal waves.,565,1,,the tidal waters,true,pending,
007-review-9a20375e96e80dac,review,,tīe m̄ hàuⁿ hiah,cannot stop shivering.,565,1,,cannot stop shuddering.,true,pending,
007-reading-1b25c67766bd3175,reading,,kīaⁿ lío tien-a-tien,went stumbling along.,566,1,kîaⁿ lío tien-a-tien,,true,pending,
007-reading-e6674c26c1c10150,reading,,màiⁿ khak tieh ì,do not brood over it too persistently.,566,1,màiⁿ khah tieh ì,,true,pending,
007-reading-ba15862de85380a6,reading,,"saⁿ câp lâk tîeh, cáu ûi sĭang tieh","among all the moves in chess, to move forward your men is the best.",566,1,"saⁿ câp lâk tieh, cáu ûi sĭang tieh",,true,pending,
007-reading-1443b41ace6c331d,reading,,úa tō̤ lō tèng ngŏ̤ tîeh i,I came across him on the way.,566,1,úa tŏ̤ lō tèng ngŏ̤ tîeh i,,true,pending,
007-review-826d301d965fb3dc,review,,chú tîeⁿ,a building lot.,566,1,chù tîeⁿ,,true,pending,
007-review-f6feb279e291b347,review,,cò sih pńg kìe cò̤ pāi tîeⁿ,"when you enter into some business in which you lose capital, that is called a losing speculation.",566,1,cò̤ sih pńg kìe cò̤ pāi tîeⁿ,,true,pending,
007-review-86879098ffc04077,review,,"hŭam mûeh cŭ cò̤ cêk ē tó̤ bōi, hṳ́-kò̤ cū kìe-cò̤ móng mûeh kâi tîeⁿ","wherever things are brought together for sale, that place is called the arena for the sale of those things.",566,1,,"wherever things are brought together for sale, that place is called the area for the sale of those things.",true,pending,
007-review-e1afd138df7538ea,review,,i cí-hûe sĭ tien-lîen khùn-khó kâi sî-hāu,this is a time when is embroiled and in difficulties.,566,1,,this is a time when he is embroiled and in difficulties.,true,pending,
007-review-be97423ce02c6a1b,review,,i kâi sṳ̄ lío tien-tien tau-táu,what he does is left topsy-turvy.,566,1,i kâi sṳ̄ cò̤ lío tien-tien táu-táu,,true,pending,
007-review-faf6c36ecb8ecf48,review,,tieh tŏ̤ i siu tèng,made him responsible for it.,566,1,tieh tŏ̤ i sin tèng,,true,pending,
007-review-99319ef56c865352,review,,tien lio cŭang tīo nâng kâi mûeh,stumbled and spoiled some one's things by falling against them.,566,1,tien lío cŭang tīo nâng kâi mûeh,,true,pending,
007-review-d71d8f6bff0da6ac,review,,tó tîeⁿ; puah cî tîeⁿ,a gambling hall.,566,1,tó tîeⁿ; puah cîⁿ tîeⁿ,,true,pending,
007-review-9deebc1843ac9e7c,review,,tĭen-nâng; tĭeⁿ-ḿ,wife's father and mother.,566,1,"tĭeⁿ-nâng, tĭeⁿ-ḿ",,true,pending,
007-reading-8aeb2e148bed3587,reading,,tîeh khìang ke hùe cìaⁿ tĭen ău,those who would venture to bring up the rear must be powerful in arms.,567,1,tîeh khìang ke hùe cìaⁿ káⁿ tĭen ău,,true,pending,
007-reading-5c0c0571b88a5657,reading,,tĭen-húa îap-îap-sih,it lightens.,567,1,tĭen-húe îap-îap-sih,,true,pending,
007-review-d0bd8f9e930f00e3,review,,cek tîet cò̤-pû lăi,uncle and nephew came together.,567,1,cek tîet cò̤-pû lâi,,true,pending,
007-review-12b1258d948bb6f5,review,,i nŏ̤ nâng tâng-cá tîh-tûh-kìe kâi ŭi mih sṳ̄?,What was it that those two were abusing each other about a little while ago?,567,1,i nŏ̤ nâng tâng-cá tîh-tûh-kìe kâi ŭi mih sṳ̤̄ ?,,true,pending,
007-review-74de449ccad29ed9,review,,"i tó̤ tíen-sì-thâu, ŭ jît cóng tîeh tíen-phìu","he is displaying his power, but he will some day display it to his own hurt.",567,1,"i tó̤ tíen sì-thâu, ŭ jît cóng tîeh tíen-phìu",,true,pending,
007-review-b69f47e71d2d0bbd,review,,lâi tĭet,brother's son.,567,1,lăi tîet,,true,pending,
007-review-4d0189adff717136,review,,tíen síu put lêng sî tit ceh,the one in charge cannot set aside the responsibilities of his office.,567,1,,the one in charge cannot set aside the responsibilies of his office.,true,pending,
007-reading-f4565760dc6de829,reading,,"tàⁿ cêk kùa tîh-tîh-tâp-tâp tâp-tâp, tàⁿ bŏi tit ŵn","chatted a whole half-day as fast as possible, and could not say half they wished to.",568,1,"tàⁿ cêk kùa tîh-tîh-tâp-tâp, tàⁿ bŏi tit ŵn",,true,pending,
007-review-aa19f77c05d78e2e,review,,cí cêk séⁿ ŭ kúi kâi tōa chĭ-tin,this province has several great trading marts.,568,1,cí cêk séⁿ ŭ kúi kâi tōa chĭ-tìn,this province has several great trading-marts.,true,pending,
007-review-eb7863e6703099b7,review,,gūa tîaⁿ tìn-tang,the middle of the onter court.,568,1,,the middle of the outer court.,true,pending,
007-review-9d8a7c319f375d2e,review,,khîeh lô̤h lô khṳ̀ tim tim sie-sie cìaⁿ hó̤ cîah,put it on the stove and warm it up: make it very hot and then it will be delectable.,568,1,khîeh lô̤h lô khṳ̀ tim : tim sie-sie cìaⁿ hó̤ cîah,,true,pending,
007-review-4c99d220332b9bb4,review,,tìn-tang,centre.,568,1,,the centre.,true,pending,
007-reading-9b40a615c563288a,reading,,chùang-jîp i kâi tīn-mn̂g,press through the opening in the ranks.,569,1,chùang-jîp i kâi tīn-m̂ng,,true,pending,
007-reading-c1de589e5e0106c5,reading,,hía in cêk tīn cêk tīn cêk tīn lí-kẃn khí lâi,the smoke keeps rising up in puffs.,569,1,hía in cêk tīn cêk tīn lí-kẃn khí lâi,,true,pending,
007-reading-eb98c87cab846b7f,reading,,i chen̄g kâi tio-chṳ́ bé-kùa,he wore a riding jacket of sable.,569,1,i chēng kâi tio-chṳ́ bé-kùa,,true,pending,
007-reading-9f1ba8d195381a6e,reading,,ngṳn̂-tĭaⁿ ēng jîh cōi tìo?,How many strings of paper ingots will be required?,569,1,ngṳ̂n-tĭaⁿ ēng jîeh cōi tìo ?,,true,pending,
007-reading-3e4ef2e167072b2c,reading,,tìo tùi-lîin,hang up scrolls.,569,1,tìo tùi-lîn,,true,pending,
007-reading-d8be113c63274440,reading,,tăi-sì sĭ chit jît sêng hôk cū kui-tìo,"generally, the funeral rites are performed after the mourning garments have been worn seven days.",569,1,tăi-sì sĭ chit jît sêng hôk cū khui-tìo,,true,pending,
007-review-f337387962cdca7f,review,,cí kâi mueh bói câp gūa tìo cîⁿ,paid more than ten thousand cash for this article.,569,1,cí kâi mûeh bói câp gūa tìo cîⁿ,,true,pending,
007-review-9bca342d3aee1881,review,,hùe-mûehⁿ tìo cĭeⁿ lâu,the goods are lifted by ropes into the loft.,569,1,hùe-mûeh tìo cĭeⁿ lâu,,true,pending,
007-review-d3155e52a4cfd995,review,,tìo cie-pâi,a bulletin board.,569,1,,a buletin board.,true,pending,
007-review-11d9a0554696874b,review,,tīn,"A rank or file of soldiers; a battalion; an army; troops, forces; to place in rank, to set in array, to marshal; as a classifier, used to denote a gust, blast, burst or time; a shower; a short space; transitory; a little while.",569,1,tī̄n,,true,pending,
007-reading-bb03701f3a28ba61,reading,,"cía li khah tōi tîo, hía li khah sòi tîo",this is too thick and that too slender.,570,1,"cía li khah tōa tîo, hía li khah sòi tîo",,true,pending,
007-review-df7988b2d96cfe74,review,,che-thóiⁿ sìo-tîo ŏi chau tāⁿ mē,examine and see whether a mistake has been made in copying the bill.,570,1,chê-thóiⁿ sìo-tîo ŏi chau tāⁿ mē,,true,pending,
007-review-7269d0496908cc3c,review,,hṳ́ tói kâi tîo-lî cò̤-nî tàⁿ?,What is said in the rules of procedure?,570,1,hṳ́ tói kâi tîo-lí cò̤-nî tàⁿ ?,,true,pending,
007-review-c01ffce11367a2ab,review,,i kâi sío-bâk tîo-tîo tît-tît,his bills are all correct.,570,1,i kâi sìo-bâk tîo-tîo tît-tît,,true,pending,
007-reading-c062cad65f0bcce5,reading,,pa pat tit,greatly and vainly desire.,571,1,pa put tit,,true,pending,
007-review-6508cd5cb0db0bfe,review,,cang khue-tîn tíu kàu i kìe m̄ káⁿ,take a rattan and whip him till he says he won't do so again.,571,1,cang khue-tîn tìu kàu i kìe m̄ káⁿ,,true,pending,
007-review-deeb331ef6b3cd22,review,,cìeⁿ-seⁿ m̄ cò̤ tit,that will not answer the purpose.,571,1,ŏi cò̤ tit; ŏi nîn cò̤ tit,it will do.,true,pending,
007-review-2f9e2ac1ab246942,review,,có̤ khṳ̀ tit chíu căi,made so as to be very handy or very easily wielded.,571,1,cò̤ khṳ̀ tit chíu căi,,true,pending,
007-review-118f422abfbf1bf4,review,,"tng jît i îa m̄ sĭ cìeⁿ-seⁿ, úa cū bô̤ ìn-tap i","if he had not done so that very day, I should not have agreed to it.",572,1,"tng jît i īa m̄ sĭ cìeⁿ-seⁿ, úa cū bô̤ ìn-tap i",,true,pending,
007-review-7ed0787137138489,review,,tîu-pò,grass-cloth.,572,1,tĭu-pò,,true,pending,
007-reading-d734395e87cd2491,reading,,khṳ̀ kuí tńg,went several times.,573,1,khṳ̀ kúi tńg,,true,pending,
007-reading-e1ec45fe35fa5c46,reading,,tek teǹg,proper; right.,573,1,tek tǹg,,true,pending,
007-review-49365abb66e9155e,review,,cêk tńg nŏ tńg,once or twice.,573,1,cêk tńg nŏ̤ tńg,,true,pending,
007-review-e4bad9afbceb2503,review,,liah i khṳ̀ tǹg,seize him and keep him for ransom.,573,1,lîah i khṳ̀ tǹg,,true,pending,
007-review-85d3ab5defe32ee9,review,,uń-tǹg; ún-ún tǹg-tǹg,stable.,573,1,ún-tǹg ; ún-ún tǹg-tǹg,,true,pending,
007-reading-20896cfc3c4dab66,reading,,cí tîo lō m̄ tn̆g nâng,"on this road you are not cut off from mankind, in that one you are isolated both from travellers and dwellings.",574,1,"cí tîo lō m̄ tn̆g nâng, hṳ́ tîo lō tn̆g nâng in",,true,pending,
007-reading-18b170fac8a9969d,reading,,cía sī kú-tn̂g kâi kòi-cheh,this is a far reaching scheme.,574,1,cía sĭ kú-tn̂g kâi kòi-cheh,,true,pending,
007-reading-d313836194757947,reading,,hía thóiⁿ-tîeh tn̂gn tn̆g,that is heart-rending.,574,1,hía thóiⁿ-tîeh tn̂g tn̆g,,true,pending,
007-reading-35f8618926f4ce66,reading,,i apt cŏ̤ kùe khîm tn̂g kâi nâng,"he is one who has sat on the bench, has been a district magistrate.",574,1,i pat cŏ̤ kùe khîm tn̂g kâi nâng,,true,pending,
007-reading-b67e187d45eeca9c,reading,,i tn̂g-tn̂g lâ ún cí-kò̤,he keeps coming here to our house.,574,1,i tn̂g-tn̂g lâi ún cí-kò̤,,true,pending,
007-reading-bcd3baccdb51b6e5,reading,,m̄ cai sĭ ēng kùe tn̂g cìaⁿ hó̤ paǹg a sĭ míen kùe tn̂g,do not know whether he must go through the form of a trial before being set at liberty.,574,1,m̄ cai sĭ ēng kùe tn̂g cìaⁿ hó̤ pàng a sĭ míen kùe tn̂g,,true,pending,
007-review-a31d435fb6dce6d4,review,,ka tn̆g tòa,cut the the girdle.,574,1,,cut thegirdle,true,pending,
007-review-2e5cffb9a979cfcd,review,,sĭeⁿ sṳ̄ kù tn̂g,take forethought.,574,1,sĭeⁿ sṳ̄ kú tn̂g,,true,pending,
007-review-779e340c93bc2767,review,,tng tn̂g kuaⁿ ŭ cò̤-nî tŵn-kak a bô̤?,Did the magistrate give any verdict in court?,574,1,tng tn̂g kuaⁿ ŭ cò̤-nî tw̆n-kak a bô̤?,,true,pending,
007-review-c0f7e9697db5f588,review,,àm tn̂g,a temple wfth a monastery connected.,574,1,,a temple with a monastery connected,true,pending,
007-reading-256cefdcd2cb2c5a,reading,,nńg-tó,the sides of the belly.,575,1,ńng-tó,,true,pending,
007-reading-6db2ca9dc45a1f51,reading,,"tîeh cang eng, pue sie lío, lâi ù tó","must get a brick and heat it, and put it to his bowels to warm them.",575,1,"tîeh cang cng, pue sie lío, lâi ù tó",,true,pending,
007-review-44de6f3819760488,review,,cí pang kó-tn̄g sî tī-tîang cŏ̤ kâi?,Who composed this chronicle?,575,1,cí pang kó-tn̄g sĭ tī-tîang cŏ̤ kâi?,,true,pending,
007-review-eca0f2b108a4837d,review,,i bô̤ tó-lĭang,he is nrrow minded.,575,1,,he is narrow minded.,true,pending,
007-review-5c7fe9a11154401e,review,,i lêh to khṳ̀ tùi i sí,he cut open his bowels and killed himself in order to call down vengeance on another.,575,1,i lêh tó khṳ̀ tùi i sí,,true,pending,
007-review-8ab699dbe4be01e4,review,,kĕk tn̄g,satin brocade.,575,1,kêk tn̄g,,true,pending,
007-review-22a6ececa019a61e,review,,to pak,the paunch.,575,1,tó pak,,true,pending,
007-review-9f1edc9eac660211,review,,to tói ŭ mûeh cū cò̤ ŭ lâi,if there is anything in him he will be able to do it.,575,1,tó tói ŭ mûeh cū cò̤ ŭ lâi,,true,pending,
007-reading-c8d2488b2faf0b1f,reading,,tŏ-pîaⁿ,a trencher.,576,1,tŏ-pûaⁿ,,true,pending,
007-review-f87203a85f50d9d6,review,,àiⁿ to sĭm mûeh?,What will you bet?,576,1,àiⁿ tó sĭm mûeh?,,true,pending,
007-reading-03555c6319f3763c,reading,,cí cêk tòa kâi tī-nhg ngía căi,the country round here is very picturesque.,577,1,cí cêk tòa kâi tī-hng ngía căi,,true,pending,
007-reading-b2b94d5c00325b84,reading,,mih sṳ̄ tîeh ū kâi cak-tō,in all things there must be certain fixed limits.,577,1,mih sṳ̄ tîeh ŭ kâi cak-tō,,true,pending,
007-reading-094a8d957e6377e2,reading,,seⁿ lâi tōa īeⁿ tōa sìeⁿ,tōa sin tōa hu; large framed; big and brawny.,577,1,seⁿ lâi tōa īeⁿ tōa sìeⁿ; tōa sin tōa hu,,true,pending,
007-reading-ea0478e59814e279,reading,,sái tōa cîⁿ,spend large sums.,577,1,sái tōa cìⁿ,,true,pending,
007-reading-11e8e92dc92432e8,reading,,"tōa châi-chêng, tōa pún-mía",great intellectual and great executive ability.,577,1,"tōa châi-chêng, tōa pún-nía",,true,pending,
007-review-554aca1ffeb84bb0,review,,bô̤ tō cûn cū ĕ kùe khù,if there is no ferry we will wade across.,577,1,bô̤ tō cûn cū ĕ kùe khṳ̀,,true,pending,
007-review-8845513976e89635,review,,cí-kâi tōa hṳ́-kâi; cí-kâi tōa kṳ́e hṳ́-kâi,this is larger than that.,577,1,cí-kâi tōa hṳ́-kâi; cí-kâi tōa kùe hṳ́-kâi,,true,pending,
007-review-fd4be2f236dd2bf8,review,,kha pá chíu pà tōa ki căi,large limbed.,577,1,kha pà chíu pà tōa ki căi,,true,pending,
007-review-0c0ba27c716ce270,review,,tŏa kŏina cē; tŏa tháu cē,port the helm.,577,1,tŏa kŏiⁿ cē ; tŏa tháu cē,,true,pending,
007-reading-eaa269ab6f7c0ab0,reading,,"kúe taⁿ, cíu toaⁿ",an order for cakes and for wine.,578,1,"kúe toaⁿ, cíu toaⁿ",,true,pending,
007-reading-1b44f2308e2a2761,reading,,toaⁿ piⁿ kheh o̤h chìe,it is hard to sing with out accompaniment.,578,1,toaⁿ piⁿ khek o̤h chìe,,true,pending,
007-reading-f68de4fbd8cc60fe,reading,,gûeh-hîⁿ sĭ i tôaⁿ lâi ío hó̤,he plays the guitar best.,579,1,gûeh-hiⁿ sĭ i tôaⁿ lâi ío hó̤,,true,pending,
007-review-5b0952f82797565c,review,,thó̤ i khṳ̀ sak toi,ask them to give him over to stop up a breach in tho dike with.,579,1,,ask them to give him over to stop up a breach in the dike with,true,pending,
007-review-9f46e9e8fb17f684,review,,"àiⁿ khṳ̀ thit-thô, sĭeⁿ tîeh tŏaⁿ",am indifferent about going out for recreation.,579,1,"àiⁿ khṳ̀ thit-thô̤, sĭeⁿ tîeh tŏaⁿ",,true,pending,
007-reading-fea67aa4e7941677,reading,,cîhe mn̂g tŏiⁿ,stone threshold.,580,1,cîeh mn̂g tŏiⁿ,,true,pending,
007-reading-2e25492ba03f8ded,reading,,hŭo tŏiⁿ,give information to tenants of a change of landlords.,580,1,hŭe tŏiⁿ,,true,pending,
007-review-88783ecef48e320d,review,,cìa sĭ lâng tôi siang kháu kâi ūe,this is a hard problem to solve; it is a difficult job.,580,1,cía sĭ lâng tôi siang kháu kâi ūe,,true,pending,
007-review-4964053f94ff7da0,review,,hṳ́ tói tang m̄ cai iu-ŭi co̤-nî,do not know what is the matter with it inside; do not know what is the real trouble in the case.,580,1,hṳ́ tói tang m̄ cai in-ŭi co̤-nî,,true,pending,
007-review-002f21f0565d2635,review,,i cang cì kù ūe khîa cò̤ tōa tôi mâk,he is making a great deal out of these few words.,580,1,i cang cí kù ūe khîa cò̤ tōa tôi mâk,,true,pending,
007-review-0072fceed282828c,review,,i kâi ūe tàⁿ chut lâi ŭ áu tói siaⁿ,he speaks with a resonant voice.,580,1,i kâi ūe tàⁿ chut lâi ŭ âu tói siaⁿ,,true,pending,
007-review-206aea4e21385dae,review,,pàng tŏ̤ keh tói,put in in the drawer.,580,1,,put it in the drawer.,true,pending,
007-review-a0f77db44b8d9b06,review,,tío tŏiⁿ,eject a tenant.,580,1,tìo tŏiⁿ,,true,pending,
007-review-28251a9a7d8de56e,review,,"tîn-pâi li hó̤ tói, to̤ li hó tok","ward off with the shield, and hack with the sword.",580,1,"tîn-pâi li hó̤ tói, to̤ li hó̤ tok",,true,pending,
007-review-3ca9b560edbb449c,review,,"ŭ nâng tôi cò̤ kúi tàⁿ hue, ŭ nâng tôi cò̤ kúi ki sam","some subscribed a certain number of picals of lime, and some subscribed several sticks of timber.",580,1,,"some subscribed a certain number of piculs of lime, and some subscribed several sticks of timber.",true,pending,
007-reading-4453b02bd704de19,reading,,i kâi mīn-tîeⁿ ngó-ngâk sì-tôk lóng-cóng bô̤ kô̤ hó̤ hîam,his features are all faultless.,582,1,i kâi mīn-tîeⁿ ngó-ngâk sì-tôk lóng-cóng bô̤ kò̤ hó̤ hîam,,true,pending,
007-reading-40ce65a709347161,reading,,i sĭ toaⁿ-toaⁿ bōi jît-tôk a sī ŭ bōi thò̤-hùe?,Does he sell what he daily buys or does he take in and sell on commission?,582,1,i sĭ toaⁿ-toaⁿ bōi jît-tôk a sĭ ŭ bōi thò̤-hùe ?,,true,pending,
007-reading-0d9d110cbfd20cbe,reading,,"kuaⁿ phoi tàⁿ ""bô̤ îong tôk chíaⁿ""","the magistrate's decision was this ""No appeals which are an abuse of privilege will be allowed"".",582,1,kuaⁿ phoi tàⁿ “bô̤ îong tôk chíaⁿ”,,true,pending,
007-review-d1827e6bbaf536f9,review,,cí kâi cṳ-ce tī-tîang có̤ tong-ke?,Who is the master of this school?,582,1,cí kâi cṳ-ce tī-tîang cò̤ tong-ke?,,true,pending,
007-review-a6cba3ed82e9354a,review,,i cìeⁿ-seⁿ sǹg sĭ siet-tôk sîn-mêng,"doing thus, he may bo considered as having blasphemed the gods.",582,1,,"doing thus, he may be considered as having blasphemed the gods.",true,pending,
007-review-7d8416d63ce7445b,review,,sî i cò̤ tong-cú,he is the head of the house.,582,1,sĭ i cò̤ tong-cú,,true,pending,
007-review-6f42d0efba440192,review,,"tit tong cū hò̤, m̄ hó̤ thài-kùe īa m̄ hò̤ put kîp","do not have either an excess or a deficiency, but have just enough.",582,1,"tit tong cū hó̤, m̄ hó̤ thài-kùe īa m̄ hó̤ put kîp",,true,pending,
007-review-90980be5f0985daa,review,,tôk,"To drive or push out; to expel, to order away, to exorcise; out going.",582,1,,"To drive or push out; to expel, to order away, to exercise; out going.",true,pending,
007-review-84f946058ef0b749,review,,tī-tiâng cò̤ tong-pó̤?,Who went bail for him?,582,1,tī-tîang cò̤ tong-pó̤?,,true,pending,
007-review-8440b6ded9aeb590,review,,îaⁿ sang-káng cū îaⁿ kŭa ki tōa tôk-kî chut lâi,"if people go out in procession with the gods during autumn, they carry out the great banners.",582,1,îaⁿ sang-kàng cū îaⁿ kŭa ki tōa tôk-kî chut lâi,,true,pending,
007-reading-8921d916729a50e6,reading,,"i cŏ̤ to m̄ tiām cŏ̤, kha tŏng chíu hìⁿ","when he sits down he never sits still, but keeps flopping his limps about.",583,1,"i cŏ̤ to m̄ tīam cŏ̤, kha tŏng chíu hìⁿ",,true,pending,
007-reading-d396b934143089bd,reading,,i kîaⁿ lió ki piⁿ tŏng-tŏng-hìⁿ,his queue flops about as he walks.,583,1,i kîaⁿ lío ki piⁿ tŏng-tŏng-hìⁿ,,true,pending,
007-reading-becf9351bdaf2d47,reading,,ieh khṳ̀ kòi lío,he has fallen into the trap.,583,1,i tòng kòi lío,,true,pending,
007-reading-b41e0cab3b6af0e2,reading,,níng khun tŏng kúi ūi?,How many are there of you brothers?,583,1,nín khun tŏng kúi ūi ?,,true,pending,
007-reading-2274e1bbf18acbca,reading,,toaⁿ-toaⁿ thóiⁿ-kìⁿ tek-búe tong-tong-hìⁿ,saw nothing but the tops of the bamboos swaying to and fro.,583,1,toaⁿ-toaⁿ thóiⁿ-kìⁿ tek-búe tŏng-tŏng-hìⁿ,,true,pending,
007-reading-303f15f7ad746f56,reading,,ūe tàng lâi tòng khéng,what has been said meets the exigency; spoke to the purpose or point.,583,1,ūe tàⁿ lâi tòng khéng,,true,pending,
007-review-ad26e8a32b092c9f,review,,ciu-jît m̄-hó̤ cn̂g kâi bô̤ ūn-tŏng,it is not well to go all day without exercise of any sort.,583,1,,it is not well to go all day without excercise of any sort.,true,pending,
007-review-2e5a8f810b6e6183,review,,"i cŏ̤ to m̄ tiām cŏ̤, kha tŏng chíu hìⁿ","when he sits down he never sits still, but keeps flopping his limps about.",583,1,"i cŏ̤ to m̄ tīam cŏ̤, kha tŏng chíu hìⁿ","when he sits down he never sits still, but keeps flopping his limbs about.",true,pending,
007-review-82f79ca9214d42c4,review,,m̄-hó̤ tông tîeh khì,do not get irritated.,583,1,m̄-hó̤ tŏng tîeh khì,,true,pending,
007-review-025d780b12cbe124,review,,tŏng nî,the title of Confucious.,583,1,,the title of Confucius.,true,pending,
007-reading-fdd55017e05d77a7,reading,,"liêk căi, tîeh lâi tó̤ siap-sî","very weary, and must lie down a few moments.",584,1,"hêk căi, tîeh lâi tó̤ siap-sî",,true,pending,
007-reading-8414a0ee6787ea0b,reading,,nâng pí mûeh sī kùi tŏng,people are to be regarded rather than things.,584,1,nâng pí mûeh sĭ kùi tŏng,,true,pending,
007-reading-4a453dc571992251,reading,,tîeh lâi tú cìaⁿ bo̤ĭ tó̤,must brace it up then it won't fall.,584,1,tîeh lâi tú cìaⁿ bŏi tó̤,,true,pending,
007-review-728ec56e4b474d21,review,,i cò̤ sṳ̄ to m̄ cṳ̆ tŏng,he does things in a way that reflects no credit on himself.,584,1,,he does things is a way that reflects no credit on himself.,true,pending,
007-review-53be343babc06abf,review,,i kâi chù tó̤ kàn lī-lī,his house has tumbled down flat.,584,1,i kâi chù tó̤ kàu lī-lī,,true,pending,
007-review-d2d208bfaa46db34,review,,kău to̤,a thick knife used in splitting fire-wood.,584,1,,a thick knife used is splitting fire-wood.,true,pending,
007-review-df6655628cc72dd0,review,,lèng i tó̤ lô̤h khṳ̀,pushed it over.,584,1,léng i tó̤ lô̤h khṳ̀,,true,pending,
007-review-a2a671f442b74ae9,review,,m̄ káⁿ kiaⁿ tŏng lṳ́,I feat that I am disturbing you.,584,1,,I fear that I am disturbing you.,true,pending,
007-review-c7bb87086944dfec,review,,tang thiⁿ-sî jît tó̤,the days are short in winder.,584,1,,the days are short in winter,true,pending,
007-reading-bd10d66d255a5af9,reading,,sieh nâng tò̤ chin-chĭeⁿ hēng nâng hìeⁿ-seⁿ,loves people and appears as it he hated them.,585,1,sieh nâng tò̤ chin-chĭeⁿ hĕng nâng hìeⁿ-seⁿ,,true,pending,
007-reading-0a5a0f8fa2abff7c,reading,,tô̤ jîp chim suanⁿ nâ lăi,fled into the recesses of the mountains.,585,1,tô̤ jîp chim suaⁿ nâ lăi,,true,pending,
007-reading-87dceac967a1a616,reading,,"tô̤-síam put kîp, khṳ̄t i sīa tîeh","did not dodge quickly enough, and was hit by his arrow.",585,1,"tô̤-síam put kîp, khṳt i sīa tîeh",,true,pending,
007-review-8bce5f10224cd8bb,review,,i cêng kúai-tô̤ nâng kâi a-noⁿ-kíaⁿ,she has abducred people's child-ren.,585,1,,she has abducted people’s children.,true,pending,
007-review-e8ebdf63a23d6b33,review,,i tŏ chù téng tin-tò̤-thâu sût-lô̤h lâi,he fell head foremost from the roof.,585,1,i tŏ̤ chù téng tin-tò̤-thâu sût-lô̤h lâi,,true,pending,
007-review-84bc1b8a197699a6,review,,sieh nâng tò̤ chin-chĭeⁿ hēng nâng hìeⁿ-seⁿ,loves people and appears as it he hated them.,585,1,sieh nâng tò̤ chin-chĭeⁿ hĕng nâng hìeⁿ-seⁿ,loves people and appears as if he hated them.,true,pending,
007-review-6ae2596ebe238bce,review,,tò̤-thâh khṳ̀,piled them in reverse order.,585,1,,piled them in reversed order,true,pending,
007-reading-9210dd09893ae161,reading,,bô̤ nâng bŏ̤,there is nobody there.,586,1,bô̤ nâng tŏ̤,,true,pending,
007-reading-2172c3d8c4a39e1d,reading,,hīⁿ tô̤,the lobe of the ear.,586,1,hĭⁿ tô̤,,true,pending,
007-reading-4b5386d71fb01a22,reading,,âk-kìaⁿ tō̤,a spectacle-case.,586,1,mâk-kìaⁿ tŏ̤,,true,pending,
007-review-025e1399ed585bea,review,,i khui lâi cék tô̤ cek tô̤,it grows in clusters.,586,1,i khui lâi cêk tô̤ cêk tô̤,,true,pending,
007-review-aaad92315c2bfe39,review,,i nŏ̤ kâi kâu-tō̤ cū tō̤ hô̤h cōi mûeh,he can hold a great many things in his cops at once.,586,1,,he can hold a great many things in his chops at once,true,pending,
007-review-24586f55d3a0b49c,review,,"i thau cîah lío, hŵn-lío tō̤ nŏ̤ tō̤ tŏ̤ chùi-tèng","after eating it in on the sly, he still has two chops full in his chops.",586,1,,"after eating it on the sly, he still has two chops full in his chops.",true,pending,
007-review-fd40eaf9e7dac32f,review,,i tó̤ cŏ,he is sitting.,586,1,i tó̤ cŏ̤,,true,pending,
007-review-d4b0880e5badecb6,review,,nín tâng sí-có kàu taⁿ jîeh cōi tō̤?,How many generations have there been between the founter of your family and yourselves?,586,1,,How many generations have there been between the founder of your family and yourselves ?,true,pending,
007-review-dfff2d43cdea7868,review,,tī-tîang tŏ̤?,Who si there?,586,1,,Who is there ?,true,pending,
007-review-38be060f6276992b,review,,tŏ̤ tī kò̤ nē?,Where?,586,1,tŏ̤ tī̄ kò̤ nē ?,,true,pending,
007-review-ee1ffadbfccc3303,review,,"ńng ki, ńng tô̤",felxible branches bearing succulent clusters.,586,1,,flexible branches bearing succulent clusters,true,pending,
007-reading-188c90ff85c8ddf8,reading,,chíeⁿ-tô̤h nâng kâi mûeh,seize and carry off people's goods.,587,1,chíeⁿ-tôh nâng kâi mûeh,,true,pending,
007-reading-e823e70d8a1bebaf,reading,,hó̤ kâi khṳ̂ nâng soiⁿ tô̤h khṳ̀,the good ones were all taken previously.,587,1,hó̤ kâi khṳt nâng soiⁿ tô̤h khṳ̀,,true,pending,
007-reading-7636f45149551d1c,reading,,i to̤h i m̄ kùe,he could not snatch it from her.,587,1,i tô̤h i m̄ kùe,,true,pending,
007-reading-202a062d23340cb4,reading,,tiêh phuah kàu nĕ tô̤h-tô̤h,"on hearing it, his wrath waxed hot.",587,1,cē thiaⁿ tîeh húe cū tô̤h,,true,pending,
007-reading-22e71825e9875f8d,reading,,to̤h kīⁿ,a stand with drawers.,587,1,to̤h kūiⁿ,,true,pending,
007-reading-9f72f3a6ac6e79be,reading,,tò̤ tò̤ cêk tu,pour them together in a pile.,587,1,tò̤ cò̤ cêk tu,,true,pending,
007-reading-605d05dab1670525,reading,,tô̤h kâi bó̤ jît,select a lucky day.,587,1,tô̤h kâi hó̤ jît,,true,pending,
007-review-905f6513416faa0c,review,,"i kâi kha bŏi kiaⁿ, àiⁿ chut mn̂g tîeh ēng nŏ̤ ki tú-thûi",he cannot walk and when he goes out he has to use two crutches.,587,1,"i kâi kha bŏi kîaⁿ, àiⁿ chut mn̂g tîeh ēng nŏ̤ ki tú-thûi",,true,pending,
007-review-438287b8569cf986,review,,khí kàu chùi tu-tu,so vexed that she pouts.,587,1,khì kàu chùi tu-tu,,true,pending,
007-review-fa5c9f23cf7adb1d,review,,khṳt jît phâk kàu tô̤h húe,ste on fire by the sun's rays.,587,1,,set on fire by the sun’s rays,true,pending,
007-review-78b5a778a7639391,review,,"lṳ́ tô̤h m̄ pat tò̤ khṳ̀, lṳ́ só̤ tô̤h sĭ bô ēng, hó̤ kâi tô̤h m̄ tîeh","you do not know how to choose and that which you have chosen is useless, while there were good ones which you did not select.",587,1,"lṳ́ tô̤h m̄ pat tò̤ khṳ̀, lṳ́ só̤ tô̤h sĭ bô̤ ēng, hó̤ kâi tô̤h m̄ tîeh",,true,pending,
007-review-b707319491941178,review,,"thô-ĕ tô̤h tîeh pó̤, kìⁿ kuaⁿ bô̤ thó̤",a valuable thing picked up from the groudn cannot be demanded back even through a magistrate.,587,1,,a valuable thing picked up from the ground cannot be demanded back even through a magistrate.,true,pending,
007-reading-c77042b9b065c4c7,reading,,tú tîeh a tú m̄ tiêh?,Does it abut upon it or not?,588,1,tú tîeh a tú m̄ tîeh,,true,pending,
007-review-7f7924e5c96d5e95,review,,bói lâi tú-tú hó̤ ēng,what I bought was just exactly as I needed to use.,588,1,,what I bought was just exactly as much as I needed to use.,true,pending,
007-review-b9ff52f451fec84b,review,,"chíu tú chíu, lâi kah-tàu thóiⁿ tī-tîang îaⁿ",let us have a hand to hand struggle and see who will come off victorious.,588,1,"chíu tú chíu, lâi kah-tàu thóiⁿ tī̄-tîang îaⁿ",,true,pending,
007-review-9ccd0b8ba1f7676c,review,,"hṳ́ ki piaⁿ khíiong-ùi tú-gṳ̆ m̄ tîo, tîeh thîo ke cêk ki khṳ̀ tû-gṳ̆","if there be doubt whether those troops will be able to successfully resist them, another regiment must be dispatched to the defense.",588,1,"hṳ́ ki piaⁿ khíong-ùi tú-gṳ̆ m̄ tîo, tîeh thîo ke cêk ki khṳ̀ tú-gṳ̆",,true,pending,
007-review-d66b1979da86be59,review,,tú bùa-bûa,lay them so that they abut firmly.,588,1,tú bûa-bûa,,true,pending,
007-review-6b53e3ef27106450,review,,tú tîeh cū bŏi kîan,if is hits upon that it cannot go on.,588,1,tú tîeh cū bŏi kîaⁿ,,true,pending,
007-reading-c4a938e6ab0b8cbb,reading,,ngṳ̂n sŭ lâk-poih tŭe a sĭ chit tŭe?,"Are the dollars current here reckoned at six mace right candareens, or at seven mace?",589,1,ngṳ̂n sĭ lâk-poih tŭe a sĭ chit tŭe？,,true,pending,
007-review-752da2011954a75c,review,,ngṳ̂n sŭ lâk-poih tŭe a sĭ chit tŭe?,"Are the dollars current here reckoned at six mace right candareens, or at seven mace?",589,1,ngṳ̂n sĭ lâk-poih tŭe a sĭ chit tŭe？,"Are the dollars current here reckoned at six mace eight candareens, or at seven mace ?",true,pending,
007-reading-63a127b003db6be2,reading,,cêk tùi huń-cío,a pair of pigeons.,590,1,cêk tùi hún-cío,,true,pending,
007-reading-d080cec78d103eb9,reading,,hàm i tùu úa kò̤ lâi,tell him to come along by my house.,590,1,hàm i tùi úa kò̤ lâi,,true,pending,
007-reading-74d36d56fe128c2b,reading,,i sĭ tng mīn tùi úi tàⁿ kùe kâi,it is what he told me to my face.,590,1,i sĭ tng mīn tùi úa tàⁿ kùe kâi,,true,pending,
007-reading-3f36fe999ebdd114,reading,,nŏ̤ nâng sī tùi-thâu kâi wn-ke,the two are rivals of each other.,590,1,nŏ̤ nâng sĭ tùi-thâu kâi wn-ke,,true,pending,
007-review-6215ec873c455807,review,,chíaⁿ kuaⁿ tui-kiu,ask the magistrate to sift it to the bototm.,590,1,chíaⁿ kuaⁿ tui-kìu,ask the magistrate to sift it to the bottom,true,pending,
007-review-35e837dd89b00c06,review,,cìeⁿ-seⁿ bŏi tùi m̄ cŭ nâng,shall rot in so doing fall behind other people.,590,1,,shall not in so doing fall behind other people.,true,pending,
007-review-9f6199e433f9da1e,review,,cí pak sìeⁿ sĭ tui sṳ kâi,this portait is drawn from memory.,590,1,,this portrait is drawn from memory,true,pending,
007-review-de4c18c346a4266d,review,,"cûn túi m̄ bûa, hám nâng lâi sie-hŭ túi","if you cannot pull the boat up, call some one to help do it.",590,1,"cûn túi m̄ bûa, hàm nâng lâi sie-hŭ túi",,true,pending,
007-review-6db9e0375659218b,review,,jit tùi tang,the sun is on the meridian.,590,1,jît tùi tang,,true,pending,
007-review-e85bb4069524691d,review,,nŏ̤ nâng lâi tùi thâk kùe cū bô̤ mih tāⁿ,"if two persons read it together, the one reading the copy aloud and the other seeing whether what is read agrees with the original, then there will not be many arrors.",590,1,,"if two persons read it together, the one reading the copy aloud and the other seeing whether what is read agrees with the original, then there will not be many errors.",true,pending,
007-review-b31c5f1ce57cb65a,review,,sìang-kong kâi sío soiⁿ tùi cheng-chó̤,"the accountant had beforehand verified the accounts by comparision, item by item.",590,1,sìang-kong kâi sìo soiⁿ tùi cheng-chó̤,,true,pending,
007-review-ba6bc53a0041c58f,review,,tui,Dumpling made from flour and steamed.,590,1,,Dumplings made from flour and steamed,true,pending,
007-review-e60952060509f828,review,,tìo tùi siu kâi teng-nâng,hang up a pair of new lanterns.,590,1,tìo tùi sin kâi teng-nâng,,true,pending,
007-review-9416ccdb07c109aa,review,,túi,To hold on to; to pull by holding.,590,1,,To hold to; to pull by holding.,true,pending,
007-review-85985f2c355159ab,review,,túi i nā kò̤,helf on to him to make him stay.,590,1,,held on to him to make him stay,true,pending,
007-reading-e34438d8c86909bf,reading,,hṳ́ kâi kíaⁿ-tĭ sĭ hùi-tŭi kâi kíaⁿ-tī,that son of hers is a poor stick.,591,1,hṳ́ kâi kíaⁿ-tĭ sĭ hùi-tŭi kâi kíaⁿ-tĭ,,true,pending,
007-reading-a71e0d404e3a7c39,reading,,i kâi chíu khṳ̂ tùi hám tîeh,her hand was hit by the descending pestle.,591,1,i kâi chíu khṳt tùi hám tîeh,,true,pending,
007-review-bde47f8349f0b2c6,review,,"chù, bô̤ nâng tīu, mín kúi nî cū hùi-tŭi khṳ̀",an uninhabited house becomes dilapitated in but a few years.,591,1,,an uninhabited house becomes dilapidated in but a few years.,true,pending,
007-review-6370256641a9a6a9,review,,i cîeⁿ tńg tun bí cìaⁿ thàng tîeh,"he made a profit, the last time, on the rice that he stored up.",591,1,i cīeⁿ tńg tun bí cìaⁿ thàng tîeh,,true,pending,
007-review-bdf0c6ae50fe54b2,review,,khîa ki thih-thûi lâi tûi,bring an iron pestle and pound it.,591,1,,bring an iron pstle and pound it.,true,pending,
007-reading-47ef556df4183a2e,reading,,cûn-thâu-so̤h khṳt huang-éng tùng tn̆g khṳ̀,"the rope by which the boat is made fast, has been broken by the storm.",592,1,cûn-thâu-so̤h khṳt huang-éng tùn tn̆g khṳ̀,,true,pending,
007-reading-dac72e2f58ea8a1f,reading,,"hìeⁿ pôiⁿ kâi tùi cē ceng, cìeⁿ pôiⁿ kâi tī tū ŏi tùn","when the pounder comes down on the other side, the ground on this side trembles.",592,1,"hìeⁿ pôiⁿ kâi tùi cē ceng, cìeⁿ pôiⁿ kâi tī cū ŏi tùn",,true,pending,
007-reading-3201d026e1170c14,reading,,"sía “ cài pài” cū hó̤, mín sía “tŭn sía pài,”","if you write “I present my respects” (on the card), you need not write “I respectfully bow the head.”",592,1,"sía “cài pài” cū hó̤, mín sía “tŭn síu pài”",,true,pending,
007-review-1b599148dda31c80,review,,hùe cìeⁿ cōi kàⁿ tún m̄ tit ă!,There are so many goods that they cannot all be housed then!,592,1,hùe cìeⁿ cōi káⁿ tún m̄ tit ă!,,true,pending,
007-review-d999de70705e3d9f,review,,i kâi chùi-tûn po̤h-sìe pô̤h-síe,he has a harelip.,592,1,i kâi chùi-tûn pô̤h-síe pô̤h-síe,his lips are very thin.,true,pending,
007-review-aff544aaa76c333d,review,,tun,A tumulus; a mound of barrow of regular shape.,592,1,,A tumulus; a mound or barrow of regular shape.,true,pending,
007-review-06917f28d7580686,review,,tŭn,"To hide away, to skulk, to conceal one's selt; in retirement; hidden.",592,1,,"To hide away, to skulk, to conceal one's self; in retirement; hidden.",true,pending,
007-reading-b2d39076e023efb6,reading,,tṳ khah-kih,pig's feet.,593,1,tṳ kha-kih,,true,pending,
007-reading-c8eb12a3d4ec31b7,reading,,tṳ tiam,a butcher's block.,593,1,tṳ to̤,,true,pending,
007-reading-6298136d07a45033,reading,,tṳ tîeh cô̤,the pig is sick.,593,1,tṳ tîeh co̤,,true,pending,
007-reading-47ab79cfbb49e62d,reading,,tṳ tô̤,butcher's shop.,593,1,tṳ-tô,,true,pending,
007-review-fd382f5c1029dff0,review,,cêk ē tṳ̂-thàu saⁿ tíam kūaⁿ kâi cîⁿ,money earned by three drops of sweat at each stroke of the hoe.,593,1,cêk ē tṳ̂-thâu saⁿ tíam kūaⁿ kâi cîⁿ,,true,pending,
007-review-d73d6ca0d9c50002,review,,thâng-tût,"sudden, abrupt, brusque; to offend by assurance of pride.",593,1,,"sudden, abrupt, brusque; to offend by assurance or pride.",true,pending,
007-review-116cc4621f997f42,review,,tó̤-tut,"very short and rather unseemly, as a dress; stumpy, as a queye; lopped, as a horn; short, as a broom.",593,1,,"very short and rather unseemly, as a dress; stumpy, as a queue; lopped, as a horn; short, as a broom.",true,pending,
007-review-e2de6f27cc5bd197,review,,tṳ cang-mô̤ⁿ,the bristels on a hog's neck.,593,1,,the bristles on a hog’s neck.,true,pending,
007-review-fde2731ad71e9b44,review,,tṳ tiam,a butcher's block.,593,1,tṳ to̤,a butcher's knife.,true,pending,
007-review-2962502eb12d89fb,review,,tṳ-lô,a pig-pen.,593,1,tṳ-lô̤,,true,pending,
007-review-7dfe1b25e79eaf6e,review,,tṳ-nêk kuah cêk seh cêk seh,cut the pork in section.,593,1,,cut the pork in sections.,true,pending,
007-review-cc547649c4bbe4aa,review,,tṳ̂ cí cêk nâng cṳ gūa bô̤ nâng pat,besides this single individual there is no one who knows.,593,1,,beside this single individual there is no one who knows.,true,pending,
007-review-fb56fabba2ba785f,review,,tṳ̂-hui tîeh i cìaⁿ ŏi,promising that we have him it may be down.,593,1,,premising that we have him it may be down.,true,pending,
007-reading-964ff90d09bd70f8,reading,,"gê tṳ̄, tek tṳ̄, o tṳ̄, ngṳ̂ tṳ̄","chopsticks of ivory, of bamboo, of ebony, or of silver.",594,1,"gê tṳ̄, tek tṳ̄, o tṳ̄, ngṳ̂n tṳ̄",,true,pending,
007-reading-e96d882e2250a381,reading,,i kâi sim-sût puttwn,his notions are incorrect.,594,1,i kâi sim-sût put twn,,true,pending,
007-reading-dc12e9b03d8d6daf,reading,,isĭ twn-cìaⁿ kâi nâng,he is an upright man.,594,1,ĭsi twn-cìaⁿ kâi nâng,,true,pending,
007-reading-4a7c48ee273eb156,reading,,sieⁿ ngûⁿ kâi tṳ̄,chopsticks plated with silver.,594,1,sieⁿ ngṳ̂n kâi tṳ̄,,true,pending,
007-review-9f7a83e4ae455fab,review,,i ŏi ía tw̆n jī,he can write the seal character.,594,1,i ŏi sía tw̆n jī,,true,pending,
007-reading-75273cca5c2634bd,reading,,that khah lang,the sieve is too coars.,595,1,thai khah lang,,true,pending,
007-reading-0f8596d650ed7cad,reading,,ṳ́ ŭ kìⁿ kùe a-thài mē?,Have you seen Madame?,595,1,lṳ́ ŭ kìⁿ kùe a-thài mē ?,,true,pending,
007-review-6dda49af8e86b656,review,,chak tŵt,exmaine and lop off what is improper; a final phrase in petitions.,595,1,,examine and lop off what is improper; a final phrase in petitions.,true,pending,
007-review-2a7ea26489d9246b,review,,huang-thai,a typhon.,595,1,,a typhoon.,true,pending,
007-review-44c9601759102556,review,,i ū hâi-thai,she is pregnant.,595,1,i ŭ hăi-thai,,true,pending,
007-review-bfff8347b83d99d9,review,,kuaⁿ-hú kâi jī-nâng saⁿ-nâng,,595,1,"kuaⁿ-hú kâi jī-nâng saⁿ-nâng, nâng cheng-hu i cò̤ î-thài",the second and third wives of officers are addressed as Madame.,true,pending,
007-review-3d5cc8bb3a134ffd,review,,thah,To pile on; to put one upon another; a pile.,595,1,thâh,,true,pending,
007-review-6079d7f7f180829b,review,,thai-táu,a floud sieve.,595,1,,a flour sieve.,true,pending,
007-review-b15860372ca89cf2,review,,that khah lang,the sieve is too coars.,595,1,thai khah lang,the sieve is too coarse.,true,pending,
007-review-01bc034352947456,review,,thaⁿ,Plain; level.,595,1,tháⁿ,,true,pending,
007-reading-9bf2605dc4811838,reading,,htak kîu,play foot-ball.,596,1,thak kîu,,true,pending,
007-reading-32b0e12af7e9995f,reading,,i nŏ̤ nâng thâk kha lío khuang-phìen i,the one gave the other a hint by a little kick and both combined to befool him.,596,1,i nŏ̤ nâng thak kha lío khuang-phìen i,,true,pending,
007-reading-087e3cc49c81d4d6,reading,,kẃn-thăi i cò̤ nâng-khek,treat him as if he were a guest.,596,1,kẃn-thăi i cò̤ nâng-kheh,,true,pending,
007-reading-367ea7a6580ee7b5,reading,,sío-jîn hṳ̀ kio-ngău kâi thāi,the hauteur of a plebeian; the air of a parvenu.,596,1,sío-jîn hùe kio-ngău kâi thāi,,true,pending,
007-reading-9aed06b08466d4c9,reading,,"thài kong, thài phûa","lău thài îa, thài má; are appelations of the parents of men of repute.",596,1,thài kong; thài phûa; lău thài îa; thài má,,true,pending,
007-reading-24fb1c7bde033a6c,reading,,thâ,To carry between two or more persons on a pole; to put forward.,596,1,thâi,,true,pending,
007-reading-cb90357da347f010,reading,,"thăi khah hú, cò̤ i khṳ̀","had too long to wait, and went off.",596,1,"thăi khah kú, cò̤ i khṳ̀",,true,pending,
007-review-060c4b2d2bc15c9c,review,,hìen thâi,the high provincial officers.,596,1,,the high provincal officers.,true,pending,
007-review-30a81e71078298d2,review,,"thài kong, thài phûa","lău thài îa, thài má; are appelations of the parents of men of repute.",596,1,thài kong; thài phûa; lău thài îa; thài má,are appelations of the parents of men of repute.,true,pending,
007-review-b8ae3e9572c87e0d,review,,thâi ké,Your Honor.,596,1,thâi kè,,true,pending,
007-review-8371193ff8a04dc6,review,,thâi thâu cŭe,a crime whose punishment is decaptitation.,596,1,,a crime whose punishment is decapitation.,true,pending,
007-reading-fa19d8796ec4f9ba,reading,,"nâng m̄ hó̤ khah tham, khak tham cū tîeh gō sṳ̄","one should not be too inordinately desirous of anything, for so doing thwarts its object.",597,1,"nâng m̄-hó̤ khah tham, khah tham cū tîeh gō sṳ̄",,true,pending,
007-reading-3928abdb4b311bbb,reading,,tham-khû i ŏi sie thâi,calculated upon their fighting.,597,1,tham-thû i ŏi sie thâi,,true,pending,
007-reading-4b7e730189116b50,reading,,thâk sòin siaⁿ,read in a low tone.,597,1,thâk sòi siaⁿ,,true,pending,
007-reading-83d350770f414587,reading,,tám khak,to tie a knot.,597,1,thám khak,,true,pending,
007-review-43dc12fd105e418a,review,,cau-thak,to knock about; to waste uselessly; to treat carelessly; to fail in showing proper respect towards.,597,1,,to knock about ; to waste uselessly; to treat carelessly; to fail in showing proper respect toward.,true,pending,
007-review-0fa1829742929e02,review,,"hàm cêk nâng soiⁿ khṳ̀ thàm, thàm-thóiⁿ sṳ̄ sĭ cò̤-nî, kah thàm-thiaⁿ i kâi nâng ŭ lâi a būe","send some one to first go and get authenthic information, finding out what is the condition of affairs, and whether he has arrived yet.",597,1,,"send some one to first go and get authentic information, finding out what is the condition of affairs, and whether he has arrived yet.",true,pending,
007-review-f12094626c7c92df,review,,i íⁿ-keng khṳ̀ thàm sìn-sek,he has been to see waht news he could get in regard to it.,597,1,,he has been to see what news he could get in regard to it.,true,pending,
007-review-520d142c8a16e923,review,,i īa màiⁿ thie-thie thak-thak to bŏi seⁿ sṳ̄,"if he were not always harping on it, no disturbance would have risen.",597,1,,"if he were not always harping on it, no disturbance would have arisen.",true,pending,
007-review-8273d069e82674fb,review,,ēng sô̤h thūi în thàm-thóiⁿ cúi jîeh chim,let down the lead by a rope and,597,1,,let down the lead by a rope and see Low deep the water is; sound and ascertain the depth.,true,pending,
007-review-4d03e019c8e344b5,review,,"ŭ nâng li tham cíu, ŭ nâng li tham cîah, ŭ nâng li tham cîⁿ, ŭ nâng li tham sek kak ŭ só̤ tham","some are fond of wine, some of dainties, some of money, some of women: each has some object of supreme desire.",597,1,"ŭ nâng li tham cíu, ŭ nâng li tham cîah, ŭ nâng li tham cîⁿ, ŭ nâng lí tham sek：kak ŭ só̤ tham",,true,pending,
007-reading-f9cf92f5f6ca0d10,reading,,cêk cūn thâm lâi kàu cū ĭng-kùo-khṳ̀,when the death-rattle comes one dies at once.,598,1,cêk cūn thâm lâi kàu cū tn̆g-kùe-khṳ̀,,true,pending,
007-reading-269e821ebd7dabfd,reading,,cía sĭ ngŏ̤ tîeh thâm un sṳ̀ kâi,this is having a vast favor conferred on me.,598,1,cía sĭ ngŏ̤ tîeh thâm ṳn sṳ̀ kâi,,true,pending,
007-reading-a4e6534f57987acb,reading,,thām kàu cêk sin cĕng-cĕng thô-kâu-mûeⁿ,got mired so deeply that he was wholly covered with mud.,598,1,thām kàu cêk sin cĕng-cĕng thô-kau-mûeⁿ,,true,pending,
007-reading-49879e7872a0b1d8,reading,,thām lo̤h khṳ̀ lok-cē-kìe,splashed as he sank in the mud.,598,1,thām lô̤h khṳ̀ lok-cē-kìe,,true,pending,
007-review-80ec15a14746c20b,review,,cîah i kût thâm cìaⁿ hó̤,take somethign to loosen the phlegm and it will be better.,598,1,,take something to loosen the phlegm and it will be better.,true,pending,
007-review-fb19c1af1d1197e0,review,,khù phah cêk thàm cíu kâi cíu-toaⁿ kio i sie hō̤,"went and wrote out an order for a jar of wine, and sent it to him as a congratulatory present.",598,1,khṳ̀ phah cêk thâm cíu kâi cíu-toaⁿ kio i sie hō̤,,true,pending,
007-review-fd406dee8d0c5290,review,,thàm-kẁn,a spittoon.,598,1,thâm-kẁn,,true,pending,
007-review-b9ac16d8b5438bc3,review,,thâm,Deep poopls in a river; unfathomable.,598,1,,Deep pools in a river; unfathomable,true,pending,
007-review-4552f531ac9e101d,review,,toi pàng lío châng khṳt i kúu cò̤ thâm,"the dike having given way, the fields were washed out into pools.",598,1,toi pàng lío châng khṳt i kún cò̤ thâm,,true,pending,
007-reading-638a16066819d0e5,reading,,buêh tháng,bûeh àng; the leg of a stocking.,599,1,bûeh tháng; bûeh àng,,true,pending,
007-reading-c8312791144a77d7,reading,,cîⁿ?,What is the amount to be paid by each as his share?,599,1,kâi nâng thang khí lâi ēng jîeh cōi cîⁿ ?,,true,pending,
007-reading-e9b6857ae48c40ac,reading,,"nêk ŭ thang khṳt nâng cîah, kut bô̤ thang khṳ̂t nâng khòi","have meat that I can let people eat, but no bones to let them gnaw; will stand some imposition, but not an unlimited amount of it.",599,1,"nêk ŭ thang khṳt nâng cîah, kut bô̤ thang khṳt nâng khòi",,true,pending,
007-reading-e158ec469b3a124e,reading,,sĭu i kâi ĭu lío cū tháng-ciàm i,takes his bribe and helps him therefor.,599,1,sĭu i kâi ĭu lío cū tháng-cìam i,,true,pending,
007-review-dfcc73565bea12f1,review,,cí tìo lō tháng-pêⁿ căi,this road is very level.,599,1,cí tîo lō tháng-pêⁿ căi,,true,pending,
007-review-44c0b3ea8e6bde4b,review,,"hía tī-hng pêng-pêng tháng-tháng, cek mōⁿ bô̤ suaⁿ bô̤ sṳ̆","that region is very level, with neither mountains nor headlands in sight.",599,1,"hía tī-hng pêⁿ-pêⁿ tháng-tháng, cêk mōⁿ bô̤ suaⁿ bô̤ sṳ̆",,true,pending,
007-review-f040b9a303d845e5,review,,i kâi suaⁿ-sì kàu cí-kò̤ cū tháng kâi pêⁿ po,the mountain here subsites into a plain.,599,1,,the mountain here subsides into a plain.,true,pending,
007-review-278e1ef4fb2b51db,review,,ni tháng,mend buckets.,599,1,ui tháng,,true,pending,
007-review-d16bead7d24c250f,review,,thâng lâi cṳ mûeh,a thing which came unexpectedly to hand.,599,1,tháng lâi cṳ mûeh,,true,pending,
007-review-11dc212dc03b1f77,review,,àiⁿ cò̤ jîeh cōi hun thang?,Into how mnay shares is it to be apportioned?,599,1,,Into how many shares is it to be apportioned ?,true,pending,
007-review-509baeba0e93d2a1,review,,ūaⁿ thang tói,put a new bottom in a bucket.,599,1,ūaⁿ tháng tói,,true,pending,
007-reading-bf6aadf9856ad5fa,reading,,i kâi suū thàng căi,his affairs are thoroughly settles.,600,1,i kâi sṳ̄ thàng căi,,true,pending,
007-reading-b09b34c2272ead03,reading,,i thóiⁿ thàng tī-keh,he can see through the earth.,600,1,i thóiⁿ thàng tĭ-keh,,true,pending,
007-reading-6342231bcdec2fc3,reading,,thek-tháng,as he sat there one could at once see that he was some extraordinary person.,600,1,i cŏ̤ pàng ko̤ thóiⁿ tîeh lêng-gūa thek-tháng,,true,pending,
007-review-30a1666b1f590131,review,,cièⁿ pôiⁿ chù ŏi thàng kùe hìeⁿ pôiⁿ chù a bŏi?,Does this house and that one intercommunicate?,600,1,cìeⁿ pôiⁿ chù ŏi thàng kùe hìeⁿ pôiⁿ chù a bŏi ?,,true,pending,
007-review-5d9b346f13712982,review,,"cí cho̤h mûeh íe cho̤h cúi ló̤h khṳ̀ sip, sip kàu thàng-thàng",dip out some water and dampen these things all the way through.,600,1,"cí cho̤h mûeh íe cho̤h cúi lô̤h khṳ̀ sip, sip kàu thàng-thàng",,true,pending,
007-review-799962952510101d,review,,i cai khù ío thàng chêng,he understands the state of affairs more thoroughly.,600,1,i cai khṳ̀ ío thàng chêng,,true,pending,
007-review-6249ed251ac4a480,review,,i kâi suū thàng căi,his affairs are thoroughly settles.,600,1,i kâi sṳ̄ thàng căi,his affairs are thoroughly settled.,true,pending,
007-review-9f41fe244277f02d,review,,lôh khṳ̀ tháng cē,lie down for a while.,600,1,lô̤h khṳ̀ tháng cē,,true,pending,
007-review-6f1dd0cb7cf9303d,review,,"lô̤h khṳ̀ khàng-chn̂g tháng khùn-kíaⁿ-ni, cêk sin ío su-hu","lie dowon on the divan a little while, and you will feel less fatigued.",600,1,,"lie down on the divan a little while, and you will feel less fatigued.",true,pending,
007-review-a30ea442851359e7,review,,siu cò̤ cêk tháng-pûaⁿ khîeh lâi cìaⁿ kōi,to put them all upon the tray and bring them will be the easiest way.,600,1,,to put them all upon one tray and bring them will be the easiest way.,true,pending,
007-reading-455610197fe4200a,reading,,"gūa mīn thóiⁿ-kìⁿ li thâng-thâng hûang-hûang, khî-sît sĭang siò-khì",has a very imposing appearance but is really petty.,601,1,"gūa mīn thóiⁿ-kìⁿ li thâng-thâng hûang-hûang, khî-sît sĭang sìo-khì",,true,pending,
007-reading-61545f85466f85c9,reading,,"tṳ̂ sî, thàng kàu lâk peh","subtracting all losses, there remained a gain of six hundred.",601,1,"tṳ̂ sît, thàng kàu lâk peh",,true,pending,
007-review-ea88e1da2b9b6f8f,review,,cêk jît thàng jieh cōi cîⁿ?,How much money does he earn per day?,601,1,cêk jît thàng jîeh cōi cîⁿ ?,,true,pending,
007-review-9bc104eef33a07b6,review,,cí thâng kuaⁿ-si sṳ̄ sĭ tho̤h tī-tĭang lí?,To whom has the management of this lawsuit been entrusted?,601,1,cí thâng kuaⁿ-si sṳ̄ sĭ tho̤h tī-tîang lí ?,,true,pending,
007-review-e0fb21f895b2caf2,review,,i nŏ̤ nâng sĭ thâng hiaⁿ tĭ,"the two men are cousins, their fathers being brothers.",601,1,,"the two men are consins, their fathers being brothers.",true,pending,
007-review-100bfc682f0e3a2d,review,,i sĭ thâng-thàng cìaⁿ-cìaⁿ kâi nâng,he is a very just man.,601,1,i sĭ thâng-thâng cìaⁿ-cìaⁿ kâi nâng,,true,pending,
007-review-eef0f476934d1870,review,,màiⁿ thâng i,don't touch it.,601,1,màiⁿ thăng i,,true,pending,
007-review-42b8a17702680fe7,review,,thâng-hieⁿ,incense sticls made from sandal-wood.,601,1,,incense sticks made from sandalwood.,true,pending,
007-review-efa29a881b7e01d0,review,,thâng-tût,"bruqsue, forward, presuming; lacking humility.",601,1,,"brusque, forward, presuming; lacking humility.",true,pending,
007-review-560ea2d7822f793d,review,,īeⁿ thâng cù īeⁿ chíu,each sort of tree has its borer.,601,1,īeⁿ thâng cù īeⁿ chīu,,true,pending,
007-reading-5ba03f754286ce6b,reading,,cí kâi suaⁿ thap jîp ho̤h chi khṳ̀,this hill is gullied rather deeply.,602,1,cí kâi suaⁿ thap jîp ho̤h chim khṳ̀,,true,pending,
007-reading-b6ab447d8f0de34e,reading,,khṳt i thâu ôiⁿ khùn-kíaⁿ,let her steal a moment's leisure.,602,1,khṳt i thau ôiⁿ khùn-kíaⁿ,,true,pending,
007-reading-6748b585def1ab9c,reading,,mûeh-kīaⁿ khṳt i thau-tău jîeh cōi,a great number of articles have been purloined by her.,602,1,mûeh-kĭaⁿ khṳt i tau-tău jîeh cōi,,true,pending,
007-reading-e2a19fb978af25a9,reading,,níoⁿ-chṳ́ thàu jît-kùn káⁿ chut lâi,the rats venture out even in the daytime.,602,1,níoⁿ-chṳ́ thàu jît-kùa káⁿ chut lâi,,true,pending,
007-reading-a1fdb95526060402,reading,,thàu cú thàu àm cò̤,does it early and late.,602,1,thàu cá thàu àm cò̤,,true,pending,
007-review-667686217e88f80d,review,,i kâi khì bô̤ kò̤ thàu cū kek phòng khṳ̀,"if the exhalations which arise from it find no vent, they will cause an explosion.",602,1,i kâi khì bô̤ kò̤ tháu cū kek phòng khṳ̀,,true,pending,
007-review-c6765ca590ae428f,review,,kìam thap-khí,close the umbrella and put it in its case.,602,1,,sheathe the sword.,true,pending,
007-review-1ba97c21fd8baf15,review,,thàu huang-hŏ to khù bói,goes and buys them even through the storm.,602,1,thàu huang-hŏ to khṳ̀ bói,,true,pending,
007-reading-9eb207f73fc29610,reading,,"cí kò̤ gêk ío thàu-lĭang, hṳ́ kò̤ gêk bô̤ hìoⁿ thàu-lĭang","this piece of jade is translucent, while that one is not very clear.",603,1,"cí kò̤ gêk ío thàu-lĭang, hṳ́ kò̤ gêk bô̤ hìeⁿ thàu-lĭang",,true,pending,
007-reading-9a2d7d74d29b51bb,reading,,i bô̤ sĭoⁿ thâu,there is no other way for him to do; he sees no way out of it.,603,1,i bô̤ sĭeⁿ thâu,,true,pending,
007-reading-1171387de179be75,reading,,mâiⁿ kheh thàu,do not put yourself out on my account.,603,1,màiⁿ kheh thàu,,true,pending,
007-review-745e1c20ac680031,review,,cia pat m̄ thàu,I do not well understand that.,603,1,cía pat m̄ thàu,,true,pending,
007-review-ff80673260de20d7,review,,khò-thàu,leggings.,603,1,,leggins.,true,pending,
007-review-a03ce05bd0d6845d,review,,tak thân,nod the head.,603,1,tak thâu,,true,pending,
007-review-ac6f7156643a1b9d,review,,thâu-ke,"the head the family, the master.",603,1,,"the head of the family, the master.",true,pending,
007-review-000014d78cceda07,review,,thâu-mô̤n,the hair of the head.,603,1,thâu-mô̤ⁿ,,true,pending,
007-reading-6a2a61d2516042c4,reading,,khṳ̂ châk pak kàu teh-theh khṳ̀,stripped naked by robbers.,604,1,khṳt châk pak kàu theh-theh khṳ̀,,true,pending,
007-reading-6aa76e8f1856d5c0,reading,,ā-sŭ ŭ huang cûn cū mín theⁿ,should there be wind we need not pole the boat.,604,1,ā-sĭ ŭ huang cûn cū mín theⁿ,,true,pending,
007-review-d3b9bb5a1a4bd02b,review,,"cêk nâng pì ìu, cêk nâng pì thek-cṳ","one person bears the seals, and one the credentials.",604,1,"cêk nâng pì ìn, cêk nâng pì thek-cṳ",,true,pending,
007-review-af95e7395397f614,review,,i kâi iⁿ-thek lut khṳ̀,the rung has fallen out of the chair.,604,1,i kâi íⁿ-thek lut khṳ̀,,true,pending,
007-review-90b95b0a0c485b05,review,,kīe sie-hŭ thêⁿ phû,help lift the seadn over a high obstruction.,604,1,,help lift the sedan over a high obstruction.,true,pending,
007-review-ef84146a5ccca689,review,,thek,"A run, brace or cross-piece.",604,1,,"A rung, brace or cross-piece.",true,pending,
007-review-d653a3067c1ad278,review,,tô̤h tī kâi jit àiⁿ jîp theh?,What day has been selected as a lucky one for moving into the house?,604,1,tô̤h tī kâi jît àiⁿ jîp thêh ?,,true,pending,
007-reading-e577e0477fdbe298,reading,,i kâi sî théng m̄ khui,it cannot spread its wings.,605,1,i kâi sît théng m̄ khui,,true,pending,
007-reading-28e41f9e0203f951,reading,,i sît-că hó̤ im-thek,he is really philanthropic.,605,1,i sît-căi hó̤ im-thek,,true,pending,
007-review-1a4cfa268126a963,review,,im-thek,"a good deed, springing from real love; unostentatious benevolence; a beneficient action secretly performed.",605,1,,"a good deed, springing from real love; unostentatious benevolence; a beneficent action secretly performed.",true,pending,
007-review-06aec7adad6d2a88,review,,im-thek bûu,exhortations to benevolence.,605,1,im-thek bûn,,true,pending,
007-review-f9172784c693c719,review,,khui mn̂g thèⁿ theng tó̤ cò̤,doing it with all the doors and windows all open; does it without fear of being seen.,605,1,,doing it with all the doors and windows wide open; does it without fear of being seen.,true,pending,
007-review-ed5903ce6040533d,review,,khó̤ kìeu i tŏ̤ theng ĕ sĭ ŭ ēng kang,can perceive that he was diligent at his studies.,605,1,khó̤ kìen i tŏ̤ theng ĕ sĭ ŭ ēng kang,,true,pending,
007-review-6f35fece9380ddef,review,,màiⁿ théng phùa phŭe,do not strain the coverlet so severely as to teat it.,605,1,,do not strain the coverlet so severely as to tear it.,true,pending,
007-review-4f780438603a6c1f,review,,nŏ̤ phìn sît théng kàu khui-khui,both wings spread to their utmost stretch.,605,1,nŏ̤ phìⁿ sît théng kàu khui-khui,,true,pending,
007-review-efcde0e68cfba77b,review,,pâng lăi kâi theng tîeh kui tōa cē cìaⁿ kng,the windows of the bedroom must be made rather large then it will be light.,605,1,pâng lăi kâi theng tîeh khui tōa cē cìaⁿ kng,,true,pending,
007-review-ed5930cc4a3840cf,review,,thek-tháng,A law to one's self; worth of promotion.,605,1,,A law to one’s self; worthy of promotion,true,pending,
007-review-bc8563833b6f4298,review,,tieh ŭ câp nì bâng theng kâi kang-hu cìaⁿ ŭ cìeⁿ-seⁿ,one must have given ten years to hard study in order to be able to do this.,605,1,tîeh ŭ câp nî hâng theng kâi kang-hu cìaⁿ ŭ cìeⁿ-seⁿ,,true,pending,
007-reading-85e967b3a3dfb922,reading,,caù-cai chîo-thêng,inform the government or the Emperor.,606,1,càu-cai chîo-thêng,,true,pending,
007-reading-6eceb61db2db965c,reading,,cía khí lô̤h khṳ̀ sĭ tōa kang thēng kâi,this taken altogether is a big job.,606,1,cía khí lô̤h khṳ̀ sĭ tōa kang thêng kâi,,true,pending,
007-reading-bb720010b715155e,reading,,cúi kàu cí kò̤ cū thêng lâi,the current sets backward from this point.,606,1,cúi kàu cí kò̤ cū thêng lâu,,true,pending,
007-reading-5c0a97e18cc1f93b,reading,,màiⁿ theǹg thiaⁿ nâng kâi ūe,do not indiscriminately listen to people.,606,1,màiⁿ thèng thiaⁿ nâng kâi ūe,,true,pending,
007-reading-c9fdd1810fe6679f,reading,,"thèng khî cṳ̆-jîen, maìⁿ míen-kíang i",let it take its natural course; wait till it comes about of itself; do not force it at all.,606,1,"thèng khî cṳ̆-jîen, màiⁿ míen-kíang i",,true,pending,
007-review-32428571f5de1be1,review,,màiⁿ thèng tàⁿ,to not talk at random.,606,1,,do not talk at random.,true,pending,
007-review-2f75db5156b9a98e,review,,sĭ kio thêng-hái kūiⁿ kiam-kài tī-hng,it is a region contiguous to the Teng Hai district.,606,1,sĭ kio thêng-hái kūiⁿ kiam-kài kâi tī-hng,it is a region contiguous to the Teng Hai district.,true,pending,
007-review-5714ba194a0c4071,review,,thèng,"To accord, to wait for, to tarry, and often answers according to, as, let.",606,1,,"To accord, to wait for, to tarry, and often answers to according to, as, let.",true,pending,
007-review-db92aa7eb9e6a590,review,,thèng châi-khì,acording to his ability.,606,1,,according to his ability.,true,pending,
007-review-76dd5feeee1b0e63,review,,thóiⁿ-kìⁿ ciah cio thêng khonh pue khṳ̀,saw a bird soar into the firmament.,606,1,thóiⁿ-kìⁿ ciah cío thêng khong pue khṳ̀,,true,pending,
007-review-bf69765474b09f36,review,,ín-keng siu-sîp thêng-tàng lío,is already set in complete order.,606,1,íⁿ-keng siu-sîp thêng-tàng lío,,true,pending,
007-reading-d85fa8f8a5ef0ebf,reading,,khô̤ kàu nĕ thi-thi,simmer it till it is very gummy.,607,1,khô̤h kàu nĕ thi-thi,,true,pending,
007-review-fc5f61ad9ed134bb,review,,i tó lăi sĭ ŭ cek-thi,he has undigested food in his stomach; has indigestion.,607,1,i tó lăi sĭ ŭ cek-thì,,true,pending,
007-review-8de664335512c01c,review,,"ka-to̤ ngán khah siap, thí m̄ khui",the shears are so tight at the pivor that I cannot open them.,607,1,,the shears are so tight at the pivot that I cannot open them.,true,pending,
007-review-797e01c5a82740bb,review,,"pó tō̤ chùi lṳ́ thí khui cē, úa cìaⁿ hó̤ khîeh lô̤h khṳ̀","open the mouth of the bag more widely, so that I can put in the things.",607,1,"pò tō̤ chùi lṳ́ thí khui cē, úa cìaⁿ hó̤ khîeh lô̤h khṳ̀",,true,pending,
007-reading-3e1846e4bff1bbbc,reading,,chwn tn̂g thĭ,chwn chîang thĭ; a fistula in ano.,608,1,chwn tn̂g thĭ ; chwn chîang thĭ,,true,pending,
007-reading-ab50e03eef92a9aa,reading,,hoó̤ thiⁿ,fine weather.,608,1,hó̤ thiⁿ,,true,pending,
007-reading-a52e69c7b3532617,reading,,kau toŏ thî-thîo-kuaⁿ kò̤,handed over to the proctor.,608,1,kau tŏ̤ thî-thîo-kuaⁿ kò̤,,true,pending,
007-reading-92986d8e04be6faf,reading,,m̄ cai thî-hûang cū khíong-ùi gō suū,if you do not take care you will very likely quash the project.,608,1,m̄ cai thî-hûang cū khíong-ùi gō sṳ̄,,true,pending,
007-reading-eb3207e285576462,reading,,thiⁿ thī nâng kìe-cò̤ sam châi,heaven earth and man are called the three great powers.,608,1,thiⁿ tī nâng kìe-cò̤ sam châi,,true,pending,
007-reading-bd7148f27ba0fb5c,reading,,thì ho̤h cōi têng lâi,have taken off ever so many layers.,608,1,thì ho̤h cōi têng chut lâi,,true,pending,
007-review-5eaa7dfd3f28125e,review,,i cē thî-kîp cí kâi nâng úa cū khì,if he mentions this person I shall be vexec.,608,1,,if he mentions this person I shall be vexed.,true,pending,
007-review-97d90336c82863fc,review,,"i kâi thĭ seⁿ kú, íⁿ-keng sen̂g cò̤ thĭ-lāu","he has had piles a long time, and they have already ulcerated.",608,1,"i kâi thĭ seⁿ kú, íⁿ-keng sêng cò̤ thĭ-lāu",,true,pending,
007-review-e5ce736b112f4986,review,,sît-căi lâng-ín ciⁿ-thî,it is really very hard to withstand.,608,1,sît-căi lâng-íⁿ ciⁿ-thî,,true,pending,
007-review-40131e80c4990f5c,review,,thî,,608,1,thî,To prepare against; to oppose a barrier.,true,pending,
007-example_split-24c634118153358b,example_split,,pìn thiⁿ o-àm,the whole sky is dark.seng cĭeⁿ thiⁿ téng; ascend into heaven.,609,1,pìn thiⁿ o-àm,the whole sky is dark.,true,pending,
007-example_split-24c634118153358b,example_split,,pìn thiⁿ o-àm,the whole sky is dark.seng cĭeⁿ thiⁿ téng; ascend into heaven.,609,2,seng cĭeⁿ thiⁿ téng,ascend into heaven.,true,pending,
007-reading-285b8c030f3a5600,reading,,"chng cam lío, sùaⁿ thám khah cìaⁿ hó̤ thīⁿ","when the needle is threaded, tie a knot in the thread and then sew.",609,1,"chng cam lío, sùaⁿ thám khak cìaⁿ hó̤ thīⁿ",,true,pending,
007-reading-e6779e5241aa5b7c,reading,,cì thiⁿ; cí tī,offer sacrifice to the heavens and the earth.,609,1,"cì thiⁿ, cì tī",,true,pending,
007-reading-88c6af13944575f9,reading,,i ío thiaⁿ̀ nâng tàⁿ,he is more obedient.,609,1,i ío thiaⁿ nâng tàⁿ,,true,pending,
007-reading-1f49c88cb9f39fcb,reading,,"lîe tó̤ cē, thīⁿ khí lâi cìaⁿ ka","trim it off a little shorter, then when it is sewn it will be just the right length.",609,1,"lîe tó̤ cē, thīⁿ khí lâi cìaⁿ kah",,true,pending,
007-reading-4cd0980baffe6844,reading,,tng-thiⁿtáu-cok,pray under the open sky.,609,1,tng-thíⁿtau-cok,,true,pending,
007-reading-87cf16a23ed76359,reading,,îeh ā-sĭ cîah m̄ tùi cū àiⁿ jú-keǹ thiⁿ pēⁿ,if one takes medicine that is unsuitable he becomes the more ill.,609,1,îeh ā-sĭ cîah m̄ tùi cū àiⁿ jú-kèng thiⁿ pēⁿ,,true,pending,
007-review-967f4580dfa03b11,review,,cṳ̆ tī-tiang-sî cìaⁿ ŭ cí kâi thiⁿ-tn̂g ti-gêk kâi sueh?,Since what period has this doctrine of heaven and hell been propounded?,609,1,cṳ̆ tī-tiang-sî cìaⁿ ŭ cí kâi thiⁿ-tn̂g tī-gêk kâi sueh ?,,true,pending,
007-review-447514ea92af9d47,review,,ka-kī kâi sim cē ki kúi cū tó̤ thiaⁿ siaⁿ liah íaⁿ,as soon as her suspicions are aroused she makes something out of every sound and shadow.,609,1,ka-kī kâi sim cē ki kúi cū tó̤ thiaⁿ siaⁿ lîah íaⁿ,,true,pending,
007-review-e47f6d16fe575049,review,,kong thiaⁿ,the main room in a Chinese house.,609,1,,a hall owned and used in common by those living in adjoining rooms.,true,pending,
007-review-d71c52c6e8b7d0ea,review,,màiⁿ thīn tāⁿ,do not sew it wrongly.,609,1,màiⁿ thīⁿ tāⁿ,,true,pending,
007-review-3f7ab1c191dd5814,review,,"thiaⁿ ke, thiaⁿ kíam, tîeh thiaⁿ tit lo̤ĥ hĭⁿ cìaⁿ ŭ ēng","whether one hear more or less, it is only what is fixed in the mind that is of use.",609,1,"thiaⁿ ke, thiaⁿ kíam, tîeh thiaⁿ tit lô̤h hĭⁿ cìaⁿ ŭ ēng",,true,pending,
007-review-ba67c45d539b74d4,review,,thiaⁿ tîeh i kâi ūe cū khí,was vexed on hearing what she said.,609,1,thiaⁿ tîeh i kâi ūe cū khì,,true,pending,
007-review-599c30e6f4bd676e,review,,thiⁿ ĕ bŵn kok,"all nations under heaven, or the whole empire of China.",609,1,thiⁿ ĕ bw̄n kok,,true,pending,
007-reading-72cc870b5e24d1e6,reading,,i jiáng tó thìaⁿ,he cries because he has a pain in his stomach.,610,1,i jíang tó thìaⁿ,,true,pending,
007-reading-4b97f85866c3ef37,reading,,jîeh thìaⁿ,feverish pain.,610,1,jîet thìaⁿ,,true,pending,
007-reading-d112d6d428b3b127,reading,,thiah chù téng,thiah chù hĭa; tear up a roof.,610,1,thiah chù téng; thiah chù hĭa,,true,pending,
007-review-847522eff41a3af1,review,,bô̤ kùai i hìen thìaⁿ,no wonder it is so sore.,610,1,bô̤ kùai i hìeⁿ thìaⁿ,,true,pending,
007-review-beb2d03e46678318,review,,cía bô̤ kùe i tîeh thìaⁿ,no wonder that it is so painful.,610,1,,no wonder that it is painful,true,pending,
007-review-9587fb425350851b,review,,khak-khó ĺun thìaⁿ,bear up under pain.,610,1,khak-khó lún thìaⁿ,,true,pending,
007-review-ef52df08b438ae8d,review,,"khí-thàu-ē m̄ cai thìaⁿ, ùaⁿ cē jú-kèng thìaⁿ","at first it did not ache, but it was more painful after awhile.",610,1,"khí-thâu-ē m̄ cai thìaⁿ, ùaⁿ cē jú-kèng thìaⁿ",,true,pending,
007-review-044213b33e5cd6b2,review,,ngûi thìaⁿ,a benumbing pain.,610,1,,a bemumbing pain,true,pending,
007-reading-7a7b0e75b00a499b,reading,,i kâi sṳ̄ cò̤ lâi thó̤-thiapcăi,his affairs are very thoroughly settled.,611,1,i kâi sṳ̄ cò̤ lâi thó̤-thiap căi,,true,pending,
007-reading-9ba5b6de5a50e3d1,reading,,khîeh thîap,received written invitations.,611,1,khîeh thiap,,true,pending,
007-reading-d06460817132ebe1,reading,,thian teng,to have an increase in one's family.,611,1,thiam teng,,true,pending,
007-reading-b876bdea7c6c2847,reading,,"thiap mīn, thiam chiam",the outside of the note and the address thereon.,611,1,"thiap mīn, thiap chiam",,true,pending,
007-reading-eebe42a1dcde1290,reading,,thó̤i-thiap; thí-thiap,to take up another's cause; to act in behalf of another; to patronize; to accommodate another.,611,1,thói-thiap; thí-thiap,,true,pending,
007-review-1ada72f8232c4c37,review,,mêⁿ-hng lài thìang ím,come and take a social glass in the evening.,611,1,mêⁿ-hng lâi thìang ím,,true,pending,
007-review-f133e7d7ea1c69a0,review,,ēng pó-thiap i jîeh cōi cíⁿ?,How much should be given him to make up what is wanting?,611,1,ēng pó-thiap i jîeh cōi cîⁿ ?,,true,pending,
007-reading-9548f20df8fef1d6,reading,,nâng tàⁿ i sĭ tit tîeh thien-cṳ cìaⁿ ŏi,people say that he has received books from celestial regions and is therefore thus gifted.,612,1,nâng tàⁿ i sĭ tit tîeh thien-cṳ cìaⁿ cìeⁿ ŏi,,true,pending,
007-review-082f4e41c07f7dcc,review,,cū sĭ i tó̤ thie-so cìaⁿ tì-kàu cìeⁿ-seⁿ,it is through his mischief-making that this has come to pass.,612,1,cū sĭ i tó̤ thie-so̤ cìaⁿ tì-kàu cìeⁿ-seⁿ,,true,pending,
007-review-af19a34216879363,review,,i kâi tó lâi thong-thiet căi,he is very discerning.,612,1,i kâi tó lăi thong-thiet căi,,true,pending,
007-review-f1bfb9a4e17a8fc6,review,,"thiaⁿ-kìⁿ ci ki kun àiⁿ thiet, sĭ mē?",I hear that this regiment is to be recalled is it so?,612,1,"thiaⁿ-kìⁿ cí ki kun àiⁿ thiet, sĭ mē ?","I hear that this regiment is to be recalled, is it so ?",true,pending,
007-review-6d6b6f87569aa367,review,,thien-cṳ́,the emprror.,612,1,,the emperor,true,pending,
007-review-6d4bae127922049a,review,,íⁿ-keng thien sía cheng-chó̤ lío,is already copied out fairly.,612,1,íⁿ-keng thîen sía cheng-chó̤ lío,,true,pending,
007-reading-2440897f68d78c81,reading,,cū sĭthih cîeh sim-tn̂g thóiⁿ tîeh ĭa put jím,"though one's feelings were hard as rock, one could not endure the sight.",613,1,cū sĭ thih cîeh sim-tn̂g thóiⁿ tîeh īa put jím,,true,pending,
007-review-2e28c9d432c6e2c4,review,,cêng tĥin cin a būe?,Has a fac-simile been made yet?,613,1,cêng thîn cin a būe ?,Has a facsimile been made yet ?,true,pending,
007-review-ad0f64304361094b,review,,i cē phoiⁿ phêng lô̤h khṳ̀ cū sĭ thih pit bô î,when he has once rendered a decision it is unchangeable.,613,1,i cē phoiⁿ phêng lô̤h khṳ̀ cū sĭ thih pit bô̤ î,,true,pending,
007-review-85c803266799d88a,review,,sĭ bûa chwn-thih-īⁿ,is rubbing down an inkstone of the highest quality; is very slow work.,613,1,,is rubbing down an inkstone of the hardest quality; is very slow work.,true,pending,
007-review-5b0411aeaa1f04fa,review,,sṳ̄ sĭ tī-tîang thio kâi?,Who is the responsible party in the cast?,613,1,,Who is the responsible party in the case ?,true,pending,
007-review-587a50e1d1937aeb,review,,thih pó̤h,sheet iron.,613,1,thih pô̤h,,true,pending,
007-review-ca8c90e976f13750,review,,táng cí kâi kù tit thih cìaⁿ khṳ̀ kù hṳ́ kâi,"wait tull you can do as much as is needful for this one, before you go and look after that one.",613,1,,"wait till you can do as much as is needful for this one, before you go and look after that one.",true,pending,
007-reading-f695e53f25ce15d4,reading,,"cûn iô-ît căi, cn̂g kâi tó̤ thìo","the boat is very uneasy, and is all the time pitching and rolling.",614,1,"cûn io-ît căi, cn̂g kâi tó̤ thìo",,true,pending,
007-reading-ad8d8a6257d175a5,reading,,i kâi châi-chêng sît-cāi thìo khûn,his abilities are above the common run.,614,1,i kâi châi-chêng sît-căi thìo khûn,,true,pending,
007-reading-2f1e000fca7b8031,reading,,tô̤ kâi sì cū thìo kùu khṳ̀,rallied his force and jumped across.,614,1,tô̤ kâi sì cū thìo kùe khṳ̀,,true,pending,
007-review-c4821bc0b6a451b1,review,,Cía sṳ̄ àiⁿ cò̤-nî thîo-thîn?,How is this matter to be lucidly set forth?,614,1,cía sṳ̄ àiⁿ cò̤-nî thîo-thîn?,How is this matter to be lucidly set forth ?,true,pending,
007-review-8049622e34f1871b,review,,chíaⁿ kong-chin lai thîo-chú,invite arbitrators to decide on the matter of settling the affair.,614,1,chíaⁿ kong-chin lâi thîo-chú,,true,pending,
007-review-629f280277457592,review,,"cía sĭ cîah lío m̄ sio kâi mâu-pēⁿ, tîeh cîah i sio-thîo","this trouble arises from indigestion, and he must take something to assist digestion.",614,1,"cía sĭ cîah lío m̄ sio kâi mâuⁿ-pēⁿ, tîeh cîah i sio-thîo",,true,pending,
007-review-288c851652c43bf5,review,,cíaⁿ thìo,leap forward.,614,1,cìaⁿ thìo,,true,pending,
007-review-2d073db85a620e2d,review,,i ŏi khui thio hō̤ kâi keng,he can draw bows that are above the regular degree of stiffness.,614,1,i ŏi khui thìo hō̤ kâi keng,,true,pending,
007-review-322094876636133c,review,,tîeh phah thìo-pang cìaⁿ ŏi tit khí,must lay a plank across and then we can get on boad.,614,1,,must lay a plank across and then we can get on board.,true,pending,
007-reading-70f12cc4acfa6aa4,reading,,cía cĭ cò̤-nî thiu-thâu?,What proportion of this is to be taken as fees?,615,1,cía sĭ cò̤-nî thiu-thâu,,true,pending,
007-reading-c879b8b6b58d1507,reading,,gû-nêk-thng,beef broth.,615,1,chwn thng,,true,pending,
007-review-c7fca7e8ad94e3f9,review,,hut-jîen kâi kha chíu thiu-thiok,suddently taken with cramp in the limbs.,615,1,,suddenly taken with cramp in the limbs.,true,pending,
007-review-cf6d867db8a54ec1,review,,hàuⁿ thît-thô̤,font of leisurely rambles; likes idling about.,615,1,,fond of leisurely rambles; likes idling about.,true,pending,
007-review-56d2a99ad05ce4ef,review,,i cò̤-nî cêk lō thîu-thû kàu cièⁿ kú hŵn būe lâi?,How is it that he has delayed on the road so long and has not yet arrived?,615,1,i cò̤-nî cêk lō thîu-thû kàu cìeⁿ kú hŵn būe lâi,,true,pending,
007-review-49a496ab843fba88,review,,ka lo̤h khṳ̀ tú-tú cûah thiu tîeh lêng-ūaⁿ ka pò lâi có̤ thiu,"in cutting it out, there lacks just the facing you must buy another piece for the facing.",615,1,ka lo̤h khṳ̀ tú-tú cûah thiu : tîeh lêng-ūaⁿ ka pò lâi cò̤ thiu,"in cutting it out, there lacks just the facing : you must buy another piece for the facing",true,pending,
007-review-7361174b815641b0,review,,khía ki thiu lâi thiu,take a plane and plane it.,615,1,khîa ki thiu lâi thiu,,true,pending,
007-review-b068342eb8632518,review,,pun a-noⁿ-kíaⁿ hùe thit-thOô,give it to the children to play with.,615,1,pun a-noⁿ-kíaⁿ hùe thit-thô̤,,true,pending,
007-review-0f34ffe2828db58c,review,,thîu guêh,the second month in the cycle of twelve.,615,1,thíu gûeh,,true,pending,
007-review-ac2be757b943cd9b,review,,thîu-thû ku-ā jîthŵn būe chut m̂ng,has been able to make up his mind whether he would go during several days and has not yet started.,615,1,thîu-thû ku-ā jît hŵn būe chut mn̂g,,true,pending,
007-reading-22ea09da50cbb817,reading,,i sĭ m̄ hôkcúithó,the climate does not agree with him.,616,1,i sĭ m̄ hôk cúi thó,,true,pending,
007-reading-f66ee1a00016ebc1,reading,,thǹng būe sêk,they are not yet scalded through.,616,1,thǹg būe sêk,,true,pending,
007-review-f701f56ca209033e,review,,ci ki khah ńng m̄ hó̤ thn̄g,this is so flexible that it is not goot to use as a poker.,616,1,cí ki khah ńng m̄ hó̤ thn̄g,this is so flexible that it is not good to use as a poker.,true,pending,
007-review-1974ef755ab2c468,review,,"cêk nâng cîⁿ-ngṳ̂n thó cōi li bô̤ sì-lâk, cêk nâng sì-lâk thó tōa li bô̤ cíⁿ-ngṳ̂n",one had money without influence and the other had great influence but no money.,616,1,"cêk nâng cîⁿ-ngṳ̂n thó cōi li bô̤ sì-lâk, cêk nâng sì-lâk thó tōa li bô̤ cîⁿ-ngṳ̂n",,true,pending,
007-review-b873f0253a8504fa,review,,cí īeⁿ îeh ŏi pó thó k[illegible]en pî,this medicine creates an appetite.,616,1,cí īeⁿ îeh ŏi pó thó kĭen pî,,true,pending,
007-review-a56d1f437be5849e,review,,"pak tīo bō̤, thǹg tīo ôi bûeh","take off yoru cap, and your shoes and stockings.",616,1,,"take off your cap, and your shoes and stockings.",true,pending,
007-review-18858cc2f3808f9e,review,,tĥng pâng,a sugar-mill.,616,1,thn̂g pâng,,true,pending,
007-review-edb12c27005afb6d,review,,áng thn̂g hìeⁿ tîam,as sweet as sugar.,616,1,àng thn̂g hìeⁿ tîam,,true,pending,
007-review-928dc303e362f868,review,,ŭ hĕ thó tîeh s[illegible]a thó,"if you make a vow to the divinity that presides over a particular spot, you must pay the vow thereto.",616,1,ŭ hĕ thó tîeh sīa thó,,true,pending,
007-reading-15b3a49e6835c486,reading,,thôu ûi,an enclosing wall made of earth.,617,1,thô ûi,,true,pending,
007-review-861ffc99d5e1f901,review,,"i kâi mâk sĭ thó-cu, m̄ hó̤ ui","his eye has an extruded lens, an is incurable.",617,1,,"his eye has an extruded lens, and is incurable.",true,pending,
007-review-26efba41728e908e,review,,i kâi ūe tàⁿ lío thoa nî tòa cúi,he drags the subject of his speech through mud and water; he has a very turgid and verbose style of walking.,617,1,,he drags the subject of his speech through mud and water; he has a very turgid and verbose style of talking,true,pending,
007-review-1fa65efcb22e7394,review,,thòa-lîen-l̆ui tîeh pât nâng,implicate others.,617,1,thòa-lîen-lŭi tîeh pât nâng,,true,pending,
007-reading-76c822c950ea2e35,reading,,chut sin lò thói,chiah sin lò thói; stark naked.,618,1,chut sin lò thói ; chiah sin lò thói,,true,pending,
007-reading-9421dc5a52b21a7a,reading,,"i thóiⁿ i, ithóiⁿ i",looking at each other.,618,1,"i thóiⁿ i, íthoiⁿ i",,true,pending,
007-reading-7ba26bd6a3334466,reading,,thóiⁿ m̄ chit,cannot perceive it.,618,1,thóiⁿ m̄ chut,,true,pending,
007-review-607e2ff545a14e75,review,,cí kâi kuaⁿ sĭ thòi ĺi kâi,this magistrate is acting in place of another.,618,1,cí kâi kuaⁿ sĭ thòi lí kâi,,true,pending,
007-review-4987081972ee103c,review,,"i khùn-jîak căi, tàⁿ bŏ̤ kù ūe, cū tó̤ thôih","he is very weak, and gasps if he speaks a word.",618,1,"i khùn-jîak căi, tàⁿ bô̤ kù ūe, cū tó̤ thôih",,true,pending,
007-review-815f9460b6ba91dc,review,,mông thòiⁿ jîeh kût,feel and see how smooth it is.,618,1,mông thóiⁿ jîeh kût,,true,pending,
007-review-c89510040b564416,review,,thó̤ khṳ̀ thò̤i nâng sí,ask the privilege of dying in another's stead.,618,1,thó̤ khṳ̀ thòi nâng sí,,true,pending,
007-review-f10c051c5810f8ac,review,,"ŭ sî úa li thòi lú, ŭ sî lṳ́ li thò̤i úa","sometimes you take my place, and sometimes I take yours.",618,1,"ŭ sî úa li thòi lṳ́, ŭ sî lṳ́ li thò̤i úa",,true,pending,
007-reading-bd269fca1f1f48f8,reading,,hṳ́ lăihùaⁿ nâng cū sĭ cí kâi sĭang tit thóng,of all those in there this is the one that is most beloved.,619,1,hṳ́ làihuaⁿ nâng cū sĭ cí kâi sĭang tit thóng,,true,pending,
007-reading-f9f706c02551e19f,reading,,múaⁿ-tī kò̤ cǹng kàu kio ngĭ-thóng-po hìeⁿ-seⁿ,graves are everywhere as thick as in a public cemetery.,619,1,múaⁿ-tī kò̤ cǹg kàu kio ngĭ-thóng-po hìeⁿ-seⁿ,,true,pending,
007-reading-e5a827ae4b146636,reading,,tîeh ŭ ke cêk nâg nā hṳ́ ĕ thok khí,there should be another person down below pushing it upward.,619,1,tîeh ŭ ke cêk nâng nā hṳ́ ĕ thok khí,,true,pending,
007-review-bb3f196f492cbe01,review,,i khṳ̀ thong-tâng i,he went and informed then.,619,1,,he went and informed them.,true,pending,
007-review-a85b209ab7376fdb,review,,i ín-keng thòng kói côiⁿ hui,he has sincerely repented of his past errors.,619,1,i íⁿ-keng thòng kói côiⁿ hui,,true,pending,
007-review-b25519fbdc9a716f,review,,"phīⁿ sak kín, m̄ thong khí",my nose is stopped up so that I cannot breathe through it.,619,1,"phīⁿ sak kín, m̄ thong khì",,true,pending,
007-reading-2493053a8b2c931d,reading,,i kâi thông-jîn en̂g kâi bū,the pupils of his eyes have a cloudy look all over them.,620,1,i kâi thông-jîn cn̂g kâi bū,,true,pending,
007-reading-305a9a6610ef3e10,reading,,lṳ́ thóiⁿ thó̤-tǹg a m̄ thó̤-tǹng?,Do you consider it all securely settled or not?,620,1,lṳ́ thóiⁿ thó̤-tǹg a m̄ thó̤-tǹg,,true,pending,
007-review-6843045f0066759e,review,,i kâi mâk thìaⁿ khṳ̀ ŏi gāi tîeh thông-jîn a bŏi?,Has the inflammation of his eye affected the pupil?,620,1,,Has the inflamation of his eye affected the pupil ?,true,pending,
007-review-7b2a6c90d06606af,review,,nâng cē ŭ nî-hùe cū thò̤ sèⁿ,as people grow older they become less irascible.,620,1,,as people grow older they become less irrascible.,true,pending,
007-review-0e5a60eba2b06b60,review,,sái bûe-nâng khṳ́ thò̤ chin,sent the go-between to break the betrothal.,620,1,sái bûe-nâng khṳ̀ thò̤ chin,,true,pending,
007-review-1db269b8e23da83b,review,,sói lío cū àiⁿ thò̤ sek,it will face when washed.,620,1,,it will fade when washed.,true,pending,
007-review-a4246ec71f6b198d,review,,thiⁿ ĕ kâi ûah-mûeh ŭ khí sĭ sĭ hùe seⁿ,"of living creatures under the sun some are viviparous, some are oviparous, some are produced by moisture and some by metamotphosis.",620,1,,"of living creatures under the sun some are viviparous, some are oviparous, some are produced by moisture and some by metamorphosis.",true,pending,
007-review-368df5a02349c8f2,review,,thó̤-tàng; thò̤-tǹg,secure; everything right.,620,1,thó̤-tàng; thó̤-tǹg,,true,pending,
007-review-6fefcab93fba825e,review,,"àiⁿ cìu put tit, àiⁿ thò̤ put lêng",can move neither one way nor the other.,620,1,"àiⁿ cìn put tit, àiⁿ thò̤ put lêng",,true,pending,
007-reading-1dce0d188e8dbfb9,reading,,i to bŏi tàⁿ ūa lṳ́ cò̤ hó̤ tho̤h i tàⁿ ūe,"as he si no talker, why do you entrust the negotiation to him.",621,1,i to bŏi tàⁿ ūe lṳ́ cò̤ hó̤ tho̤h i tàⁿ ūe,,true,pending,
007-reading-ca07d1fb47a6819d,reading,,tho̤h-cío,"the ostrich, or cassowary of the Indian Archipelago.",621,1,thô̤h-cío,,true,pending,
007-reading-9a39fcd273f8d9bb,reading,,thô̤-ki lío-ki sĭ ēng lâi phek sîa phek kúi,peach and willow branches are used for driving out noxious influences and demons.,621,1,thô̤-ki líu-ki sĭ ēng lâi phek sîa phek kúi,,true,pending,
007-review-97b0de9ab4edfe5f,review,,"i bo̤ mih lâk, tho̤h m tîo","she is not very strong, and cannot hold it up over her head.",621,1,"i bô̤ mih lâk , tho̤h m̄ tîo",,true,pending,
007-review-ebe0fa1c62c52eb3,review,,i to bŏi tàⁿ ūa lṳ́ cò̤ hó̤ tho̤h i tàⁿ ūe,"as he si no talker, why do you entrust the negotiation to him.",621,1,i to bŏi tàⁿ ūe lṳ́ cò̤ hó̤ tho̤h i tàⁿ ūe,"as he is no talker, why do you entrust the negotiation to him.",true,pending,
007-review-313fcb0c08843aad,review,,pêh pn̄g thò̤,the free-stone peach.,621,1,pêh pn̄g thô̤,,true,pending,
007-review-b624dae0c159a89d,review,,tho̤h-kù m̄ khṳ̀,that will not answer as a a pretext.,621,1,,that will not answer as a pretext,true,pending,
007-review-8cea82951c884fbb,review,,thò̤ hût,peach stones.,621,1,thô̤ hût,,true,pending,
007-reading-fb60e86eb6271170,reading,,hū-thû,"inapt, unready, blundering.",622,1,hû-thû,,true,pending,
007-reading-ba3366dfa4966e4d,reading,,kàu cē cṳ̀-bwn̆n cū lâng thû,when it has widely ramified it will be difficult to extirpate.,622,1,kàu cē cṳ̀-bw̆n cū lâng thû,,true,pending,
007-reading-5e2eb100f18ac1f2,reading,,"kâi kíaⁿ hó̤ thû cò̤ kuaⁿ, kâi kíaⁿ bó̤ thû hwt châi","may reckon upon one's son's being an official, and upon the other one's becoming rich.",622,1,"kâi kíaⁿ hó̤ thû cò̤ kuaⁿ, kâi kíaⁿ hó̤ thû hwt châi",,true,pending,
007-reading-1128214e95083e88,reading,,"thuaⁿ kâi cúi li kĭa, īu sà-sà, cĕng-cĕng cîeh, kù-chṳ́ kùe thuaⁿ kâi sî-liāu nâng-nâng kiaⁿ","the rapids are steep, and full of projecting rocks, so that in passing them every one is in dread.",622,1,"thuaⁿ kâi cúi li kĭa, īu sà-sà, cĕng-cĕng cîeh, kù-chṳ́ kùe thuaⁿ kâi sî-hāu nâng-nâng kiaⁿ",,true,pending,
007-review-78eb3aea89c05b1c,review,,[illegible]ĭ hó̤ⁿ li [illegible]ái kâi lĕng kau-thû lâi hûe-hôk úa,"whether it be so or not, send one of your pupils to bring me a response.",622,1,sĭ hóⁿ li sái kâi lĕng kau-thû lâi hûe-hôk úa,,true,pending,
007-review-3d2350ba87e01037,review,,cìeⁿ-seⁿ m̄ cai thuaⁿ ŭ ngŏ sîaⁿ ci[illegible]ⁿ hâiⁿ nâng a bô̤,do not know whether there will be enough to pay fifty per cent or not.,622,1,cìeⁿ-seⁿ m̄ cai thuaⁿ ŭ ngŏ sîaⁿ cîⁿ hâi nâng a bô̤,,true,pending,
007-review-ebdfa91a67349a3e,review,,pŵn-thû,a rascal.,622,1,pw̆n-thû,,true,pending,
007-review-88b2bbc0800d4c26,review,,thú,"A bitter herb, containing a whitish juice.",622,1,thû,,true,pending,
007-review-fe29f81c2608ce15,review,,thû-tĭ,"an apprentice, follower, or pupil.",622,1,,"an appentice, follower, or pupil.",true,pending,
007-reading-c782a308d6c59756,reading,,úa thieⁿ thui tŏ̤ chîeⁿ kò̤,lean a ladder against a wall.,623,1,úa tieⁿ thui tŏ̤ chîeⁿ kò̤,,true,pending,
007-review-a1ae4f4bfa656667,review,,cí tieⁿ thui khah kĭa,the latter is too steep.,623,1,,the ladder is too steep.,true,pending,
007-example_split-e3323afb26f7d2ba,example_split,,în thūi,"leaden weights suspended on a thing, to hold it down. thūi ke kò̤ thih; attach another piece of iron to it to hold it down.",624,1,în thūi,"leaden weights suspended on a thing, to hold it down.",true,pending,
007-example_split-e3323afb26f7d2ba,example_split,,în thūi,"leaden weights suspended on a thing, to hold it down. thūi ke kò̤ thih; attach another piece of iron to it to hold it down.",624,2,thūi ke kò̤ thih,attach another piece of iron to it to hold it down.,true,pending,
007-reading-e6ee5a2d9a920eda,reading,,cìeⁿ-seⁿ būe lă khṳ̂t i thun khṳ̀,there is not enough to satisfy his rapacity.,624,1,cìeⁿ-seⁿ būe lă khṳt i thun khṳ̀,,true,pending,
007-reading-064de0b527dcce2b,reading,,thūn kàu i múaⁿ-múaⁿ khí lâi,fill it in quite to the top.,624,1,thūn kàu i múaⁿ-múaⁿ khí kâi,,true,pending,
007-review-b16205bc5db31ac1,review,,cêk ē thun mûeh âu-lêng cu[illegible] thìaⁿ,whenever I swallow anything it hurts my throat.,624,1,cêk ē thun mûeh âu-lêng cŭ thìaⁿ,,true,pending,
007-review-e52b6004070f0c50,review,,cí kâi khut àiⁿ thūu kàu pêⁿ,will fill this pit and make it level.,624,1,cí kâi khut àiⁿ thūn kàu pêⁿ,,true,pending,
007-review-4b27e8d5105b6999,review,,"cíaⁿ ce[illegible]ⁿ bô̤ ēng, tîeh thūn ti[illegible]o lío lêng-ūaⁿ lío kâi","this well is of no use, we must fill it up and dig another.",624,1,"cía céⁿ bô̤ ēng, tîeh thūn tīo lío lêng-ūaⁿ líu kâi",,true,pending,
007-review-c9a204afd393c3c8,review,,thun lío kéⁿ tŏ̤ âu-lêng,stuck in his throat as he swalloed it.,624,1,,stuck in his throat as he swallowed it.,true,pending,
007-review-8c0f0a2c5dbf34dc,review,,thóiⁿ tîeh tó̤ thun nŭaⁿ,seeing it makes his month water.,624,1,,seeing it makes his mouth water,true,pending,
007-review-d1c127326330a9b3,review,,thûn,The beginning of growth; to collect together; to being under one control; a place where soldiers live; a resident camp.,624,1,,The beginning of growth; to collect together; to bring under one control; a place where soldiers live; a resident camp.,true,pending,
007-reading-60c438ac55344215,reading,,"u huang, hŵn hŏ",call for wind and rain as jugglers do.,625,1,"u huang, hẁn hŏ",,true,pending,
007-review-e800b88c986197ac,review,,cīeⁿ tō̤ thŵn lo̤ĥ ē tō̤,handed down from former generations.,625,1,cīeⁿ tō̤ thŵn lô̤h ĕ tō̤,,true,pending,
007-review-9f13ccf6d6dba33a,review,,i sĭ ēng kim-sîen thut khah kâi kòi-cheh,he is using the same device as that by which the spotted cicata gets rid of its skin; his plan is to leave altogether.,625,1,,he is using the same device as that by which the spotted cicada gets rid of its skin; his plan is to leave altogether.,true,pending,
007-review-d7eace30cd7d4b11,review,,khut i thŵn tāⁿ khṳ̀,was erroneously transmitted by him.,625,1,khṳt i thŵn tāⁿ khṳ̀,,true,pending,
007-review-78c91c5d896208d8,review,,kháu kàu cí búe m̄ cai ŭ sĭm-mih thut-thek a bó̤,do not know whether any will be placed in other grades after the examination is over.,625,1,kháu kàu cí búe m̄ cai ŭ sĭm-mih thut-thek a bô̤,,true,pending,
007-review-76a823230107ee8c,review,,u,An interjection expression aversion or grief.,625,1,,An interjection expressing aversion or grief,true,pending,
007-reading-f087008fb39401d1,reading,,cong jît to sí hwn-û hì-lâk,amusements and pleasure throughout the day.,626,1,cong jît to sĭ hwn-û hì-lâk,,true,pending,
007-reading-8fce0f328cda461a,reading,,i seⁿ lâi kâi khì ú put pûam,his talents and his countenance are uncommon.,626,1,i seⁿ lâi kâi khì ú put hûam,,true,pending,
007-review-299a130a9d98e476,review,,i ŭ peⁿ,he is sick.,626,1,i ŭ pēⁿ,,true,pending,
007-review-e888411c44642a81,review,,taⁿ lâi ŭ chêng ŭ lí,what he says is reasonable.,626,1,tàⁿ lâi ŭ chêng ŭ lí,,true,pending,
007-review-990e63b3f11388ab,review,,ù,"To loath, to abhor.",626,1,,"To loathe, to abhor.",true,pending,
007-review-59607fb4488ef61d,review,,û,,626,1,û,a support or pillar; out of the perpendicular; to equivocate; to prevaricate.,true,pending,
007-review-a4306497bee506f1,review,,ēng tùi khìo-búe ù kò̤ kùe a mín?,Need we pass the outer defensed on not?,626,1,,Need we pass the outer defenses on not ?,true,pending,
007-reading-614c9ca7b239d225,reading,,mn̄g úaⁿl chíaⁿ uaⁿ,to salute.,627,1,m̄ng úaⁿl chíaⁿ uaⁿ,,true,pending,
007-reading-ffd51f8ea2bb8ec1,reading,,phì-ju cò̤ céⁿ tói ua,like a frog that lives in a well.,627,1,phì-jŭ cò̤ céⁿ tói ua,,true,pending,
007-reading-e093da8cc5381d49,reading,,uaⁿ-húang pù-kùi,enjoy wealth and honor.,627,1,uaⁿ-híang pù-kùi,,true,pending,
007-reading-677a9573a9c529ff,reading,,úa sĭ bô̤ ta ûa khṳ̀ it kò̤,I had no other way but to go where he was.,627,1,úa sĭ bô̤ ta ûa khṳ̀ i kò̤,,true,pending,
007-review-7bba951cd6fac759,review,,lú căi ta úa ûa?,How can you control me in the matter?,627,1,lṳ́ căi ta úa ûa ?,,true,pending,
007-review-288213b19bce933f,review,,"lṳ́ m̄ tîeh úa pàng hṳ́ piⁿ, cíaⁿ bŏi kûe tîeh lō","you should lean it up on that side, then it wll not encumber the road.",627,1,,"you should lean it up on that side, then it will not encumber the road.",true,pending,
007-review-2b24d5ec13c94912,review,,thau naⁿ,stolen leisure.,627,1,thau uaⁿ,,true,pending,
007-review-008ece3b67ba5af7,review,,tŏ̤ úa ko̤,at my house; in my keeping.,627,1,tŏ̤ úa kò̤,,true,pending,
007-review-8336c58106e02290,review,,uaⁿ hūu sĭu kí,contented with one's lot.,627,1,uaⁿ hūn síu kí,,true,pending,
007-reading-8a19105f01af1891,reading,,"i chông-côiⁿ ā sĭ khéng o̤h hó̤ le, kim-jît uaⁿ ŏi cìeⁿ-seⁿ?","Had he formerly learned to do well, how could he be as he now is?",628,1,"i chông-côiⁿ ā sĭ khéng ô̤h hó̤ le, kim-jît uaⁿ ŏi cìeⁿ-seⁿ ?",,true,pending,
007-reading-ffc3b6f312ef3b7f,reading,,"i thóiⁿ tîeh m̄-hó̤, aìⁿ ūaⁿ tò̤-tńg","he thinks them of inferior quality, and wants to have them taken back.",628,1,"i thóiⁿ tîeh m̄-hó̤, àiⁿ ūaⁿ tò̤-tńg",,true,pending,
007-reading-600f3f98610e85b0,reading,,ūaⁿ kàu múaⁿ-tī-kò̤ bô̤ cúi,so dry that there is no water anywhere.,628,1,ŭaⁿ kàu múaⁿ-tī-kò̤ bô̤ cúi,,true,pending,
007-review-5796e421e1cc67eb,review,,"cá m̄ lâi, ùaⁿ m̄ lâi, tú-tú cí-hûe cū lái",did not come earlier nor later but just at this moment.,628,1,"cá m̄ lâi, ùaⁿ m̄ lâi, tú-tú cí-hûe cū lâi",,true,pending,
007-review-91ae255c549ab82e,review,,cá ùaⁿ to tŏ̤,early and late he is tehre.,628,1,,early and late he is there.,true,pending,
007-review-2d18d219bd326240,review,,kíaⁿ-jit tẁn kúi khí ùaⁿ,has to-day decided several cases.,628,1,kíaⁿ-jît tẁn kúi khí ùaⁿ,,true,pending,
007-review-5e149782ce496411,review,,kò̤ kàu ang-chak ùaⁿ ĕ ciaⁿ tit,carried the case up to the court of the provincial-judge and there won it.,628,1,kò̤ kàu ang-chak ùaⁿ ĕ cìaⁿ tit,,true,pending,
007-review-2d84ce291c8129e5,review,,pau ūaⁿ,agree to exchange if it is not good.,628,1,,agree to exchange it if it is not good.,true,pending,
007-review-84494932d6847737,review,,pái hieⁿ-ùaⁿ ngêng-cih,place an alter with censers on it in sign of welcome.,628,1,,place an altar with censers on it in sign of welcome,true,pending,
007-review-ac2868cb4f73e8dc,review,,thâh úaⁿ thân,the tidbit placed on the top of a bowl of rice as a relish.,628,1,thâh úaⁿ thâu,,true,pending,
007-review-65c3296b66032dba,review,,tê sói úaⁿ,bowl to rinse tea-cups in.,628,1,,a bowl to rinse tea-cups in.,true,pending,
007-reading-6c026b7369159d60,reading,,bōi ûah,it will not live.,629,1,bŏi ûah,,true,pending,
007-reading-6dcca9d7ffe25068,reading,,cêk tó húe uak-uak jîeh,in a perfect rage.,629,1,cêk tó húe uak-uak jîet,,true,pending,
007-reading-181ed9f2fd8c0e88,reading,,húe uak-uak jîeh,the fire is blazing how.,629,1,húe uak-uak jîet,,true,pending,
007-reading-75883a5394b25fac,reading,,m̄ cai i sĭ sí a sí ûah,do not know whether he is dead of a live.,629,1,m̄ cai i sĭ sí a sĭ ûah,,true,pending,
007-reading-9e7dccf2d57dde70,reading,,ûah hok bô̤ kiang,obtain endless bliss.,629,1,ûak hok bô̤ kiang,,true,pending,
007-review-a5c1ab0bc5bf9cdd,review,,cûn uâihⁿ tò-tńg,the boat has turned back.,629,1,cûn uâihⁿ tò̤-tńg,,true,pending,
007-review-9599464748e22301,review,,húe uak-uak jîeh,the fire is blazing how.,629,1,húe uak-uak jîet,the fire is blazing hot.,true,pending,
007-review-833e1188bffa9b77,review,,"i kâi keng ûaihⁿ kùe tò̤ chíu pôiⁿ īa ŏi sīa, uâihⁿ kùe cìaⁿ chíu pôiⁿ īa ŏi sīa","he can shift his bow to his left hand and shoot, then shift it to his right hand and shoot again.",629,1,"i kâi keng uâihⁿ kùe tò̤ chíu pôiⁿ īa ŏi sīa, uâihⁿ kùe cē, cìaⁿ chíu pôiⁿ īa ŏi sīa","he can shift his bow to his left hand and shoot, and then shift it to his right hand and shoot again.",true,pending,
007-review-817d9d8f8a2a4282,review,,i kâi sim nai tn̂g,a depraved nature.,629,1,uai sim uai tn̂g,,true,pending,
007-review-5ec597de90de8469,review,,m̄ cai i sĭ sí a sí ûah,do not know whether he is dead of a live.,629,1,m̄ cai i sĭ sí a sĭ ûah,do not know whether he is dead or alive,true,pending,
007-review-4024db39899b914d,review,,"m̄ sĭ nai-chúa kùe lâi cū sĭ uai-chúa kùe khù, jw̆n cò̤, m̄ tît","if it does not lop over one way it will the other, and I cannot manage in any way to make it stand upright.",629,1,"m̄ sĭ uai-chúa kùe lâi cū sĭ uai-chúa kùe khṳ̀, jw̆n cò̤, m̄ tît",,true,pending,
007-review-ee9015e7222330f5,review,,"tieⁿ chia uâihⁿ kùe lâi, tieⁿ chia uâihⁿ kùe khṳ̀",one vehicle veered to the right and the other to the elft.,629,1,,one vehicle veered to the right and the other to the left.,true,pending,
007-review-704929a03cf66827,review,,tŏa ûaihⁿ chúa kùe tang pôiⁿ,turn the rudder so as to steer eastward.,629,1,tŏa uâihⁿ chúa kùe tang pôiⁿ,,true,pending,
007-reading-1dc65024bbc29ba3,reading,,kok ûang,ûang ke; the kind.,630,1,kok ûang; ûang ke,,true,pending,
007-reading-7276a3012c6dda4d,reading,,ngŏ̤ tîeh at hùe cū ŭang m̄ kùe chíu,"if he falls in with those who understand such matters, he cannot deceive them by that dodge.",630,1,ngŏ̤ tîeh pat hùe cū ŭang m̄ kùe chíu,,true,pending,
007-reading-da373dbee84c4dfe,reading,,tōa ûang,the eldest and next to the eldest of the princes.,630,1,"tōa ûang, jī ûang",,true,pending,
007-reading-b4d6688c5dae6316,reading,,úang chîang,úang jît; constantly; usually; formerly.,630,1,úang chîang; úang jît,,true,pending,
007-review-d63020df3a45aeec,review,,"cìaⁿ tó̤ heng-heng ŭang-ŭang, cò̤-nî hut-jîen cū sue-mùiⁿ?","When it was prospering finely, how is it that it has suddenly declined?",630,1,"cìaⁿ tó̤ heng-heng ŭang-ŭang, cò̤-nî hut-jîen cū sue-mûiⁿ ?",,true,pending,
007-review-41b9dd42deb10120,review,,cŏ̤ ûang ūi,si on the throne.,630,1,,sit on the throne.,true,pending,
007-review-6fc7c8daa046d290,review,,i cí ĥue kâi ke-ūn cìaⁿ tó̤ ŭang kâi sî-hāu,this is a time when the fortunes of the family are prospering.,630,1,i cí hûe kâi ke-ūn cìaⁿ tó̤ ŭang kâi sî-hāu,,true,pending,
007-review-977365c0a4bfefd9,review,,kok ûang,ûang ke; the kind.,630,1,kok ûang; ûang ke,the king,true,pending,
007-review-70f5aff232ccee60,review,,"àiⁿ úang tang, a sĭ aìⁿ úang sai?",Are you going eastward or westward?,630,1,"àiⁿ úang tang, a sĭ àiⁿ úang sai ?",,true,pending,
007-review-2dd5034bb53737a9,review,,úang-khut si nâng,kill people by oppression.,630,1,úang-khut sí nâng,,true,pending,
007-review-6fdffd82da199c28,review,,ûang,"A king, a ruler; a title for monarchs before B.C. 220",630,1,,"A king, a ruler; a title for monarchs before B.C. 220; royal, regal, princely.",true,pending,
007-reading-6a1457b20e2fbad6,reading,,chīe cē khah ùe cū khíong-ùi tìam ŭ nĭoⁿ-hóⁿ,if the trees become too thick there is danger that tigers will conceal themselves therein.,631,1,chīu cē khah ùe cū khíong-ùi tìam ŭ nĭoⁿ-hóⁿ,,true,pending,
007-reading-15b43be0324e61bf,reading,,hṳ́ kò̤ kâi chīu-lîm nĕ uè-ùe,the thickets there are very dense.,631,1,hṳ́ kò̤ kâi chīu-lîm nĕ ùe-ùe,,true,pending,
007-review-b3eb20a84a813546,review,,kio i bói nŎ âp ŭe seⁿ îⁿ,bought two boxes of life preserving pills for him.,631,1,kio i bói nŏ̤ âp ŭe seⁿ îⁿ,,true,pending,
007-review-f9528c3df74d5a82,review,,kúiⁿ cîaⁿ ûe,just twice as high.,631,1,kûiⁿ cîaⁿ ûe,,true,pending,
007-review-7c274f74c51a62da,review,,ūe cûa thiam cok,draw a snake and add legs to it; to embellish facts too highly.,631,1,,draw a snake and add legs to it; to embelish facts too highly,true,pending,
007-example_split-e4a427aa8fede8c3,example_split,,i hàuⁿ ô̤h ūe,"she likes to learn languages, hwn ùe; foreign tongues.",632,1,i hàuⁿ ô̤h ūe,she likes to learn languages.,true,pending,
007-example_split-e4a427aa8fede8c3,example_split,,i hàuⁿ ô̤h ūe,"she likes to learn languages, hwn ùe; foreign tongues.",632,2,hwn ùe,foreign tongues.,true,pending,
007-reading-6a0a5fbad3ac80b8,reading,,kheh ūe,the Hakka tongue.,632,1,hwn ūe,,true,pending,
007-review-3e8e10ef9516ff5e,review,,[illegible]ong-ui suah nâng,charlatans kill people.,632,1,îong-ui suah nâng,,true,pending,
007-review-b97d5a34eb740d21,review,,cía tîeh cò̤-nî ni-tî cìaⁿ hó̤?,What is the proper method of treatment in this case?,632,1,cía tîeh cò̤-nî ui-tī cìaⁿ hó̤ ?,,true,pending,
007-review-d2b9e46a301d723e,review,,cē phīⁿ tieh cū áu-ueh,the smell of it makes me gag.,632,1,cē phīⁿ tîeh cū áu-ueh,,true,pending,
007-review-0c1cb1ac1def22b9,review,,i tó kîaⁿ ui,he is practising medicine.,632,1,i tó̤ kîaⁿ ui,,true,pending,
007-review-3d31ee1130e1cbeb,review,,i tó̤ tăi hwt ui,he is assuming a threatening aspect.,632,1,,he is assuming a threating aspect,true,pending,
007-review-c1dc5b27fe32fd89,review,,kheh ūe,the Hakka tongue.,632,1,hwn ūe,foreign tongues.,true,pending,
007-review-d5969422a7403d02,review,,sît-căi sĭ sîu ui,is really a skillful physician.,632,1,sît-căi sĭ sîn ui,,true,pending,
007-review-54c55f5fa6a8b69a,review,,àiⁿ ó̤h pńg-tī ūe,is going to learn the vernacular.,632,1,àiⁿ ô̤h pńg-tī ūe,,true,pending,
007-review-78205278143b6acc,review,,ûeh,"A mark, a line, a stroke; to divide by lines; to amrk off; to lay a plan; to devise.",632,1,,"A mark, a line, a stroke; to divide by lines; to mark off; to lay a plan; to devise.",true,pending,
007-reading-9b1bd0831070d614,reading,,hŏng cŏeⁿ-si kâi úi,receive the orders of a superior officer.,633,1,hŏng cĭeⁿ-si kâi úi,,true,pending,
007-reading-3417eace49b90b29,reading,,pbài úi-ŵn khṳ̀ chê,send a deputy to examine.,633,1,phài úi-ŵn khṳ̀ chê,,true,pending,
007-review-b1933fd5dbff8fe5,review,,"i chui-chui úi-úi, m̄ khéng khṳ̀ cò̤",he makes all sorts of excuses to get rid of doint it.,633,1,,he makes all sorts of excuses to get rid of doing it.,true,pending,
007-review-38b81754e003004f,review,,khìong-ùi pûah lô̤h khṳ̀,afraid of tumbling down.,633,1,khíong-ùi pûah lô̤h khṳ̀,,true,pending,
007-review-ce0909749aa84e9f,review,,ni miⁿ-miⁿ,hemmed closely in.,633,1,ui miⁿ-miⁿ,,true,pending,
007-review-4cef4e961ecbaa91,review,,"ui lo̤h ău, ka câi-tòa ĺio, cang ui chō̤ lô̤h tăng, ēng hue-hu thă lô̤ khṳ̀ cū khàm lío khieh-bûa, ē jît khîeh khṳ̀ ta-tn̆g kâi tī-hng kò̤ mâiⁿ","after the placenta appears the umbilical cord is cut, the placenta is put into a small earthen jar, ashes are laid upon it, the cover is put on the jar, and it is set aside until another day, when it is taken to the unfrequented spot where such things are deposited and is there buried.",633,1,"ui lo̤h ău, ka câi-tòa lío, cang ui chō̤ lô̤h tăng, ēng hue-hu thă lô̤h khṳ̀ cū khàm lío khîeh-bûa, ē jît khîeh khṳ̀ ta-tn̆g kâi tī-hng kò̤ mâiⁿ",,true,pending,
007-review-7b16141657f0080f,review,,ùi cam úi kù,dreads the lancet and cauterization. fears the remedies for his trouble.,633,1,ùi cam ùi kù,,true,pending,
007-review-e3261662e1a2da10,review,,úa íⁿ-keng thóiⁿ-kìⁿ kùa ŭ u[illegible]-pâi,I see that a bulletin announcing the names of the deputies has already been hungout.,633,1,úa íⁿ-keng thóiⁿ-kìⁿ kùa ŭ úi-pâi,,true,pending,
007-review-0087a555e65f51d5,review,,úi,"To bear a responsibility; to infer; to allege; to send off; to commit to; to put in charge of; to depute, to delegate; commissioned on public service; a wrong, a grievance; to end, the last, really.",633,1,,"To bear a responsibility; to infer; to allege; to send off; to commit to; to put in charge of; to depute, to delegate; commissioned on public service; a wrong, a grievance; the end, the last; really",true,pending,
007-review-cf0102dd77c87eb1,review,,bô̤ lêng-ui,incompetent.,634,1,bô̤ lêng-ûi,,true,pending,
007-review-21941e5855bb668d,review,,kim bô̤ nâng bói ûi sèⁿ,"prohibit the buying of the names of graduates,—a mode of gambling by betting on the surnames of the successful candidates.",634,1,kìm bô̤ nâng bói ûi sèⁿ,,true,pending,
007-review-a76533440c189c7f,review,,lṳ́ bô̤ ŭi àiⁿ khṳ̀ mih sṳ?,"Having no reason for it, why do you go?",634,1,lṳ́ bô̤ ŭi àiⁿ khṳ̀ mih sṳ̄ ?,,true,pending,
007-review-0341e811a797073b,review,,lṳ́ kâi ŭ ŭi a bô̤? àiⁿ mûeh tīo i mih sṳ̄?,Have you nothing better than that do to? What did you want to spoil it for?,634,1,,Have you nothing better than that to do ? What did you want to spoil it for ?,true,pending,
007-review-2d5c1dca18368a26,review,,saⁿ ki ûi kâi cún,three-masted vessels.,634,1,saⁿ ki ûi kâi cûn,,true,pending,
007-review-c78cc51f535e9d26,review,,sì-ciu-ûi [illegible]n̂g kâi sĭ cúi,there is water on all sides.,634,1,sì-ciu-ûi cn̂g kâi sĭ cúi,,true,pending,
007-review-0d908864a06e663a,review,,ûi kok-tak,surround with a wattling made of withes.,634,1,,surround with a waittling made of withes,true,pending,
007-headword_review-632d01468d5f319a,headword_review,位,ūi,,635,1,ūi,"A place; a seat; a post; a position; the throne; the room a thing takes up; the place it ought to be in; a classifier of persons, dignifying them.",true,pending,
007-reading-814510d4db446e1f,reading,,cía cĭ un-hûa kâi îeh,this is a sedative medicine.,635,1,cía sĭ un-hûa kâi îeh,,true,pending,
007-reading-56eba3f20ee68da5,reading,,i in-ūi tîeh cí kĭaⁿ cṳ̄ cū lâi,it was on this account that he came.,635,1,i in-ūi tîeh cí kĭaⁿ sṳ̄ cū lâi,,true,pending,
007-reading-5d360dc38313b98d,reading,,lîet ūi thŵn khṳ tī-tîang?,To whom did his throne descend?,635,1,i kâi thiⁿ-ūi thŵn khṳt tī-tîang ?,,true,pending,
007-reading-1fa60ee29a921c24,reading,,ū pâng ūi a bô̤?,Is there a room for me (in the inn)?,635,1,ŭ pâng ūi a bô̤ ?,,true,pending,
007-reading-998994d19de2ea84,reading,,ūi,The stomach.,635,1,phêng ūi,,true,pending,
007-review-c4b1483ec39de01a,review,,cèng ūi hiaⁿ-tĭ,all of you brethren.,635,1,,"hear me, all of you.",true,pending,
007-review-38ab6894b918c55b,review,,cŏ̤ tŏ̤ tī kâi káu-íⁿ ūi?,In which chair did he sis?,635,1,,In which chair did he sit ?,true,pending,
007-review-3b47e1f7dbbf69de,review,,hàm i màiⁿ kùe ūi sńg,tell him not to heave his own seat for frolic.,635,1,,tell him not to leave his own seat for frolic.,true,pending,
007-review-9a50822451e2ffc7,review,,i cí hûe ūi sṳ̄ tŏ̤ kò̤,he is not there because of his having business there.,635,1,,he is now there because of his having business there.,true,pending,
007-review-69991c641dda3d5d,review,,khí jîp kâi ch[illegible] ūi,build it the width of a house further in.,635,1,khí jîp kâi chù ūi,,true,pending,
007-review-a91f7e40135fee3b,review,,kio i sùe kàu kâi chng ūi,chartered from him a place in the hold.,635,1,kio i sùe kàu kâi chn̂g ūi,,true,pending,
007-review-1efbf5f84282057e,review,,lṳ́ thóiⁿ sĭ keh-cîah a sĭ hẃn ūi?,"Do you think it is a contraction of the gullet which prevents the food being swallowed, or that the stomach refuses to retain the food after it is swallowed?",635,1,lṳ́ thóiⁿ sĭ keh-cîah a sĭ hẃn-ūi?,,true,pending,
007-review-a5460f72a9b2dc53,review,,sĭ ūi-tîeh kong sṳ̄ a sĭ ūi-tîeh sai sṳ̄?,Is it on account of public or private business?,635,1,,Is it on account of public or of private business ?,true,pending,
007-review-97d17e39fc303b1a,review,,tŏ̤ tî kâi ūi-chṳ̀?,In what place?,635,1,tŏ̤ tî kâi ūi-chṳ̀?,In what place ?,true,pending,
007-review-12685c94e1940e20,review,,àiⁿ thóiⁿ hì ēng sùe ūi a mín?,"In seeing a place, need one hire a place?",635,1,,"In seeing a play, need one hire a place?",true,pending,
007-review-d5b73a0d5ed70a8f,review,,ūi,The stomach.,635,1,phêng ūi,settle the stomach.,true,pending,
007-reading-7d230254e1815ff5,reading,,cí cîk tîeⁿ kháu khṳ̀ pí cĭeⁿ tîeⁿ m̄ ûn-cēng,this class did not equal the preceding one in the examination.,636,1,cí cêk tîeⁿ kháu khṳ̀ pí cĭeⁿ tîeⁿ m̄ ûn-cēng,,true,pending,
007-reading-4c0ffcf12d245953,reading,,si sĭ poit ūn a sĭ lâk ūn?,"Have the verses sixteen lines with the alternate lines rhyming, or have they twelve lines containing six rhymes?",636,1,si sĭ poih tīn a sĭ lâk ūn ?,,true,pending,
007-review-968d8854a07c4135,review,,bô mih im-ūn,not rythmical.,636,1,bô̤ mih im-ūn,,true,pending,
007-review-f6e82b9ecbc5176b,review,,châu kàu i ún-ún,move it to and fro until you get it unto a position where it stands firmly.,636,1,,move it to and fro until you get it into a position where it stands firmly.,true,pending,
007-review-4f10d5dd4125ee8f,review,,ciu jît thong sin kâi kṳn kut tîeh ŭ ūn-tŏng cìaⁿ hó̤,it is best that the bone and muscles of the whole body should all be exercise during the day.,636,1,,it is best that the bones and muscles of the whole body should all be exercised during the day.,true,pending,
007-review-28ffcd4e2b5606e6,review,,kio i sṳ̆-lí kàu ún-ún tàng-tàng,arrange it for him so that it will be perfecly secure.,636,1,,arrange it for him so that it will be perfectly secure.,true,pending,
007-review-99e03711724378b6,review,,kwn-hĭ cí-kò̤ kâi tī ūn,involved in the luck of the locality.,636,1,kwn-hĭ cí-kò̤ kâi tī̄ ūn,,true,pending,
007-review-a71a684515a57336,review,,si ūn,couples.,636,1,,couplets,true,pending,
007-review-9cbf1563faf6e90f,review,,ūn îam,transport salf.,636,1,,transport salt.,true,pending,
007-reading-897c682dd6571c25,reading,,chia ût m̄ tńgh,cannot turn the cart around.,637,1,chia ût m̄ tńg,,true,pending,
007-reading-c383b9d2be95149a,reading,,thâu-kah-chat ût,lie with heads in opposite directions.,637,1,thâu-kah-chah ût,,true,pending,
007-review-de414ec878de2297,review,,"aìⁿ ut tît, tîeh khuaⁿ-khuaⁿ pue","if you want to straighten it by pressure, you must heat it gradually by the fire.",637,1,àiⁿ ut tît tîeh khuaⁿ-khuaⁿ pue,,true,pending,
007-review-c1e89d5ad5e2e2c1,review,,kúaⁿ cí-hûe sòi cū tîeh cai ut,"avail youself of this time when he is still young, to mould his character aright.",637,1,,"avail yourself of this time when he is still young, to mould his character aright.",true,pending,
007-review-8204614fe77d80da,review,,"phî-phî, lí-lí aìⁿ ût",languid and drowsy all the time.,637,1,"phî-phî , lí-lí àiⁿ ût",,true,pending,
007-review-fa4f6afd48c1269f,review,,ut kàu sì-cìaⁿ sì-ciaⁿ,bend it into the correct shape.,637,1,ut kàu sì-cìaⁿ sì-cìaⁿ,,true,pending,
007-review-4957fe88d5863be1,review,,ut-tau,"a sad-iron, or a smoothing-iron that holds coals.",637,1,ut-táu,,true,pending,
007-review-64ac6e8a668434d7,review,,"íang o̤[illegible] ío, ĕ-j[illegible]t o̤h ut",after spoiling him by indulgence it will be difficult to train him aright.,637,1,íang-o̤ ío ĕ-jît o̤h ut,,true,pending,
007-reading-a790ffff411ac4e0,reading,,khî-ṳ̂ kâi bó̤ lâu cò̤ céng-cí,save what is left for seed.,638,1,khî-ṳ̂ kâi hó̤ lâu cò̤ céng-cí,,true,pending,
007-reading-4e948dc4e5d5ee6c,reading,,"khṳt i kù ūe û lâi kàn, i cū khì","when this utterance of hers reached him, he was angry.",638,1,"khṳt i kù ūe ṳ̂ lâi kàu, i cū khì",,true,pending,
007-review-aaba2fb89b1d034c,review,,cí pak t[illegible]-ṳ̂-tô̤,"this map of the world, or of the Chinese empire.",638,1,cí pak ti-ṳ̂-tô̤,,true,pending,
007-review-38720aeb6a44e169,review,,hùi-ēng lío hŵn-lío ŭ ṳ̂ cîⁿ hó̤ cò̤ pât sṳ̄,"beside what is required for expenses, there is still money left which amy be applied to other uses.",638,1,,"beside what is required for expenses, there is still money left which may be applied to other uses.",true,pending,
007-review-ad6bfeff41533a94,review,,i kâi mâk sèn ṳ̀ mô̤h,his eyes have a film forming over the iris.,638,1,i kâi mâk sèⁿ ṳ̀ mô̤h,,true,pending,
007-review-dbbbab5659814fbe,review,,khi-ṳ̂,"the remainder, the rest, what is over and above the amount required.",638,1,khî-ṳ̂,,true,pending,
007-review-8b47329febed9ebd,review,,líu lío cē keh kú [illegible]u ṳ̀-sak khṳ̀,after being dug out it silts in after awhile so as to obstruct the passage.,638,1,líu lío cē keh kú īu ṳ̀-sak khṳ̀,,true,pending,
007-review-9129f9e3271afc54,review,,thóiⁿ tîeh cū ṳ̀,loath the sight of it.,638,1,,loathe the sight of it.,true,pending,
007-review-07808afb89d96313,review,,"tò lăi pá-ṳ̀ pá-ṳ̀, m̄ sṳ cîah","my stomach felt full, and I did not think of eating.",638,1,"tó lăi pá-ṳ̀ pá-ṳ̀, m̄ sṳ cîah",,true,pending,
007-review-2a6d2dc283397156,review,,ú phêng-íu kau-chap,consort with friends.,638,1,ṳ́ phêng-íu kau-chap,,true,pending,
007-review-bc4d68f02e6c371d,review,,ṳ̀,To eat much; to overeat.,638,1,,To eat much; to overeat. glutted; satiated; sick of.,true,pending,
007-review-f77b8042fef38152,review,,ṳ̀ káu cn̂g kâi bŏi cîah,have had so much of it that I cannot eat it.,638,1,ṳ̀ kàu cn̂g kâi bŏi cîah,,true,pending,
007-review-c09a692e7483e652,review,,ṳ̂,What is left; overplus; remnants; the remainderl superabundant.,638,1,,What is left; overplus; remnants; the remainder; superabundant.,true,pending,
007-review-4b9d118d4f5509fc,review,,ṳ̂ cêk tieⁿ chia chut lâi,pushed by a carriage out ahead of him.,638,1,,pushed a carriage out ahead of him.,true,pending,
007-review-99ad65bc4123447a,review,,i chŵn bò̤ ṳ̆ bŭn,he heard nothing about it.,639,1,i chŵn bô̤ ṳ̆ bŭn,,true,pending,
007-review-1f02cedd94a21d50,review,,i cò̤-nî ṳn ciang chiu pò̤?,Why does he requite good with evil?,639,1,i cò̤-nî ṳn ciang chîu pò̤ ?,,true,pending,
007-review-35397ef528b9b76a,review,,i m̄ pí hía wn-wn tŵn-tŵn kai,he is not like those who are given to maneuvering.,639,1,i m̄ pí hía wn-wn tŵn-tŵn kâi,,true,pending,
007-review-e020b2e3dec3e0af,review,,kak wn-chiu,to get up a quarrel.,639,1,kak wn-chîu,,true,pending,
007-review-d54723b6ffe99d49,review,,pò̤-tap sín ṳn,recompense divine favors.,639,1,pò̤-tap sîn ṳn,,true,pending,
007-review-ffea1ec8cabfefdc,review,,"úa cía sṳ̄ hŵn sĭ iu-ṳ̆, bue kwt","I am not yet ready to take up the matter, and am still undecided in regard to it.",639,1,"úa cía sṳ̄ hŵn sĭ îu-ṳ̆, būe kwt",,true,pending,
007-review-0edd7b18ddde8f79,review,,úa iⁿ-keng ṳ̆-pĭ pīn-pīn,I have already perfected the arrangement for it.,639,1,úa íⁿ-keng ṳ̆-pĭ pīn-pīn,,true,pending,
007-reading-5059ea7dd0e947d1,reading,,năi kàu kú-kú wń-wń kâi sṳ̄,this is something that never ceases.,640,1,năi kàu kú-kú ẃn-ẃn kâi sṳ̄,,true,pending,
007-reading-beb2f7daa1ec32c7,reading,,wn̂,"Because; on account of; an affinity, a recondite sympathy.",640,1,ŵn,,true,pending,
007-review-f414bf95043ff0c7,review,,câp wn poih khek cìaⁿ kàn hṳ́ kò̤,after innumerable turns we reached the place.,640,1,câp wn poih khek cìaⁿ kàu hṳ́ kò̤,,true,pending,
007-review-792c96ed7b0ca530,review,,i kâi ŵn-íu lṳ́ tàⁿ úa thiaⁿ,relate to me the causes which lead to it.,640,1,i kâi ŵn-îu lṳ́ tàⁿ úa thiaⁿ,,true,pending,
007-review-1f234a80e3432228,review,,kháu chut wn ngân,grumbling.,640,1,kháu chut ẁn ngân,,true,pending,
007-review-cbb32bab5feca484,review,,"kiaⁿ kàu cham-che lō thâu, cêk nâng wn tùi cìeⁿ pôiⁿ, cêk nâng wn tùi hìoⁿ pôiⁿ",when they came to the cross-roads one turned off in one direction and one in the other.,640,1,"kîaⁿ kàu cham-che lō thâu, cêk nâng wn tùi cìeⁿ pôiⁿ, cêk nâng wn tùi hìeⁿ pôiⁿ",,true,pending,
007-review-a4af9a5fa29b9dab,review,,màiⁿ cn̂g kâi bô ẃn cẃn,do not be wholly unwilling to yield a point.,640,1,màiⁿ cn̂g kâi bô̤ ẃn cẃn,,true,pending,
007-review-afe5ae73b68e5d8d,review,,nâng cieⁿ-seⁿ sĭ sǹg cò̤ ŭ ŵn,"when a person is thus, there is a reason for it.",640,1,nâng cìeⁿ-seⁿ sĭ sǹg cò̤ ŭ ŵn,,true,pending,
007-review-3c0313be188674d1,review,,ēng chíu ẃn kâi lak,used strength of wrist.,640,1,ēng chíu ẃn kâi lâk,,true,pending,
007-review-af895a4a257da7eb,review,,ẁn-hūn,in sympathy with.,640,1,ŵn-hūn,,true,pending,
007-review-c161ac4a6d3a4a42,review,,bûn bú kuaⁿ-ŵn cí chṳ́ cí tăn,both civil and military officers halt here and rest.,641,1,bûn bú kuaⁿ-ŵn cí chṳ́ cí tău,,true,pending,
007-review-19162ce6302b0a80,review,,"àiⁿ tùi tâng-ŵn-mn̂g kò̤ jîp, a sĭ àiⁿ tùi sai-ŵn-mn̂g kò̤ jip?",Will you go in at the eastern or the western entrance?,641,1,"àiⁿ tùi tâng-ŵn-mn̂g kò̤ jîp, a sĭ àiⁿ tùi sai-ŵn-mn̂g kò̤ jîp ?",,true,pending,
