puj,puj_proofread,puj_orig,poj,poj_orig,han,han_orig,en,en_orig,zh_TW,zh_CN,source,page_num
Uá,,Uá,,,我,,I.,,,,001_Handbook_of_the_Swatow_Vernacular > Lesson I.,17
Ún,,Ún,,,阮,,We (not including the person addressed.),,,,001_Handbook_of_the_Swatow_Vernacular > Lesson I.,17
Nán,,Nán,,,咱,,We (including the person addressed.),,,,001_Handbook_of_the_Swatow_Vernacular > Lesson I.,17
Lṳ́,,Lṳ́,,,汝,爾,You (singular.),,,,001_Handbook_of_the_Swatow_Vernacular > Lesson I.,17
Nín,,Nín,,,恁,,You (plural.),,,,001_Handbook_of_the_Swatow_Vernacular > Lesson I.,17
I,,I,,,伊,,"He, she, it, him, her.",,,,001_Handbook_of_the_Swatow_Vernacular > Lesson I.,17
Ũ,,Ũ,,,有,,Have.,,,,001_Handbook_of_the_Swatow_Vernacular > Lesson I.,17
Bô,,Bô,,,無,,"No, none.",,,,001_Handbook_of_the_Swatow_Vernacular > Lesson I.,17
Sĩ,,Sĩ,,,是,,"Yes, is.",,,,001_Handbook_of_the_Swatow_Vernacular > Lesson I.,17
M̄-sĩ,,M̄-sĩ,,,毋是,不是,"Not, no.",,,,001_Handbook_of_the_Swatow_Vernacular > Lesson I.,17
Àiⁿ,,Àiⁿ,,,愛,要,"Want, wish.",,,,001_Handbook_of_the_Swatow_Vernacular > Lesson I.,17
Màiⁿ,,Màiⁿ,,,勿,,"Don't want, don't.",,,,001_Handbook_of_the_Swatow_Vernacular > Lesson I.,17
Lâi,,Lâi,,,來,,Come.,,,,001_Handbook_of_the_Swatow_Vernacular > Lesson I.,17
Khṳ̀,,Khṳ̀,,,去,,Go.,,,,001_Handbook_of_the_Swatow_Vernacular > Lesson I.,17
M̄,,M̄,,,毋,不,Will not.,,,,001_Handbook_of_the_Swatow_Vernacular > Lesson I.,17
Uá ũ,,Uá ũ,,,我有,,I have.,,,,001_Handbook_of_the_Swatow_Vernacular > Lesson I.,18
Lṳ́ bô,,Lṳ́ bô,,,汝無,爾無,You havn't.,,,,001_Handbook_of_the_Swatow_Vernacular > Lesson I.,18
Ún màiⁿ,,Ún màiⁿ,,,阮勿,,We don't want.,,,,001_Handbook_of_the_Swatow_Vernacular > Lesson I.,18
Nín lâi,,Nín lâi,,,恁來,,You (plural) come.,,,,001_Handbook_of_the_Swatow_Vernacular > Lesson I.,18
I m̄-lâi,,I m̄-lâi,,,伊毋來,伊不來,He won't come.,,,,001_Handbook_of_the_Swatow_Vernacular > Lesson I.,18
I àiⁿ-khṳ̀,,I àiⁿ-khṳ̀,,,伊愛去,伊要去,He wants to go.,,,,001_Handbook_of_the_Swatow_Vernacular > Lesson I.,18
Nán lâi-khṳ̀,,Nán lâi-khṳ̀,,,咱來去,,Let us go.,,,,001_Handbook_of_the_Swatow_Vernacular > Lesson I.,18
Uá m̄-khṳ̀,,Uá m̄-khṳ̀,,,我毋去,我不去,I am not going.,,,,001_Handbook_of_the_Swatow_Vernacular > Lesson I.,18
M̄-sĩ lṳ́,,M̄-sĩ lṳ́,,,毋是汝,不是爾,Not you.,,,,001_Handbook_of_the_Swatow_Vernacular > Lesson I.,18
Sĩ i,,Sĩ i,,,是伊,,It is he.,,,,001_Handbook_of_the_Swatow_Vernacular > Lesson I.,18
Chí-kò,,Chí-kò,,,只塊,此處,Here.,,,,001_Handbook_of_the_Swatow_Vernacular > Lesson II.,18
chié,,chié,,,只塊,此處,Here.,,,,001_Handbook_of_the_Swatow_Vernacular > Lesson II.,18
Hṳ́-kò,,Hṳ́-kò,,,許塊,彼處,There.,,,,001_Handbook_of_the_Swatow_Vernacular > Lesson II.,18
hié,,hié,,,許塊,彼處,There.,,,,001_Handbook_of_the_Swatow_Vernacular > Lesson II.,18
Tî-kò?,,Tî-kò,,,底塊,底處,Where?,,,,001_Handbook_of_the_Swatow_Vernacular > Lesson II.,18
Tiang-sî?,,Tiang-sî,,,底當時,何時,When?,,,,001_Handbook_of_the_Swatow_Vernacular > Lesson II.,18
tî-sî?,,tî-sî,,,底時,的時,When?,,,,001_Handbook_of_the_Swatow_Vernacular > Lesson II.,18
Chí-kâi,,Chí-kâi,,,只個,此個,This.,,,,001_Handbook_of_the_Swatow_Vernacular > Lesson II.,18
chiá,,chiá,,,只個,此個,This.,,,,001_Handbook_of_the_Swatow_Vernacular > Lesson II.,18
Hṳ́-kâi,,Hṳ́-kâi,,,許個,彼個,That.,,,,001_Handbook_of_the_Swatow_Vernacular > Lesson II.,18
hiá,,hiá,,,許個,彼個,That.,,,,001_Handbook_of_the_Swatow_Vernacular > Lesson II.,18
Tî-chék-kâi?,,Tî-chék-kâi,,,底一個,的一個,Which?,,,,001_Handbook_of_the_Swatow_Vernacular > Lesson II.,18
tî-kâi?,,tî-kâi,,,底個,的個,Which?,,,,001_Handbook_of_the_Swatow_Vernacular > Lesson II.,18
Tî-kâi?,,Tî-kâi,,,底個,的個,What?,,,,001_Handbook_of_the_Swatow_Vernacular > Lesson II.,18
sĩ-mih?,,sĩ-mih,,,是乜,,What?,,,,001_Handbook_of_the_Swatow_Vernacular > Lesson II.,18
Tsò-nîⁿ?,,Tsò-nîⁿ,,,做呢,何爲,Why?,,,,001_Handbook_of_the_Swatow_Vernacular > Lesson II.,19
In-ûi,,In-ûi,,,因爲,,"Because, on account of.",,,,001_Handbook_of_the_Swatow_Vernacular > Lesson II.,19
Tî-tiâng?,,Tî-tiâng,,,底誰,是誰,Who?,,,,001_Handbook_of_the_Swatow_Vernacular > Lesson II.,19
Tî-tiâng-kâi?,,Tî-tiâng-kâi,,,底誰个,是誰個,Whose?,,,,001_Handbook_of_the_Swatow_Vernacular > Lesson II.,19
Chí-chùaⁿ-kâi,,Chí-chùaⁿ-kâi,,,此些个,此賤個,These.,,,,001_Handbook_of_the_Swatow_Vernacular > Lesson II.,19
Hṳ́-chùaⁿ-kâi,,Hṳ́-chùaⁿ-kâi,,,彼些个,彼賤個,Those.,,,,001_Handbook_of_the_Swatow_Vernacular > Lesson II.,19
Tsò-nîⁿ?,,Tsò-nîⁿ,,,做呢,何爲,How?,,,,001_Handbook_of_the_Swatow_Vernacular > Lesson II.,19
jiéh?,,jiéh,,,若,,How?,,,,001_Handbook_of_the_Swatow_Vernacular > Lesson II.,19
Chièⁿ-seⁿ,,Chièⁿ-seⁿ,,,只樣生,如此,"Like this, thus.",,,,001_Handbook_of_the_Swatow_Vernacular > Lesson II.,19
Hièⁿ-seⁿ,,Hièⁿ-seⁿ,,,許樣生,如彼,Like that.,,,,001_Handbook_of_the_Swatow_Vernacular > Lesson II.,19
Lióu,,Lióu,,,了,,Then.,,,,001_Handbook_of_the_Swatow_Vernacular > Lesson II.,19
Chiũ,,Chiũ,,,就,,Thereupon.,,,,001_Handbook_of_the_Swatow_Vernacular > Lesson II.,19
Huân-lióu,,Huân-lióu,,,還了,,Still.,,,,001_Handbook_of_the_Swatow_Vernacular > Lesson II.,19
Tõ,,Tõ,,,在,,"At, in, on, in the act of.",,,,001_Handbook_of_the_Swatow_Vernacular > Lesson II.,19
Chiè,,Chiè,,,照,,According to.,,,,001_Handbook_of_the_Swatow_Vernacular > Lesson II.,19
Huán-tńg,,Huán-tńg,,,返轉,,"On the contrary, on the other hand.",,,,001_Handbook_of_the_Swatow_Vernacular > Lesson II.,19
Tin-tò,,Tin-tò,,,顛倒,顚倒,"On the contrary, on the other hand.",,,,001_Handbook_of_the_Swatow_Vernacular > Lesson II.,19
Kāng,,Kāng,,,共,,And.,,,,001_Handbook_of_the_Swatow_Vernacular > Lesson II.,19
Kāng,,Kāng,,,佮,,And.,,,,001_Handbook_of_the_Swatow_Vernacular > Lesson II.,19
Sĩ,,Sĩ,,,是,,But.,,,,001_Handbook_of_the_Swatow_Vernacular > Lesson II.,19
Iā,,Iā,,,亦,,Also.,,,,001_Handbook_of_the_Swatow_Vernacular > Lesson II.,19
Tshông,,Tshông,,,從,,From.,,,,001_Handbook_of_the_Swatow_Vernacular > Lesson II.,19
tõ,,tõ,,,在,,From.,,,,001_Handbook_of_the_Swatow_Vernacular > Lesson II.,19
Kàu,,Kàu,,,到,,To.,,,,001_Handbook_of_the_Swatow_Vernacular > Lesson II.,20
Khah,,Khah,,,較,豈,Too.,,,,001_Handbook_of_the_Swatow_Vernacular > Lesson II.,20
Iak-liãng,,Iak-liãng,,,約量,,About.,,,,001_Handbook_of_the_Swatow_Vernacular > Lesson II.,20
Tsha-put-to,,Tsha-put-to,,,差不多,,About.,,,,001_Handbook_of_the_Swatow_Vernacular > Lesson II.,20
Pa-lak,,Pa-lak,,,或者,,Perhaps.,,,,001_Handbook_of_the_Swatow_Vernacular > Lesson II.,20
Nāⁿ-sĩ,,Nāⁿ-sĩ,,,若是,那是,If.,,,,001_Handbook_of_the_Swatow_Vernacular > Lesson II.,20
A-sĩ,,A-sĩ,,,亞是,或是,Or.,,,,001_Handbook_of_the_Swatow_Vernacular > Lesson II.,20
A-bô,,A-bô,,,亞無,或無,Or not? Interrogative Signs.,,,,001_Handbook_of_the_Swatow_Vernacular > Lesson II.,20
Mē,,Mē,,,嗎,罵,Or not? Interrogative Signs.,,,,001_Handbook_of_the_Swatow_Vernacular > Lesson II.,20
Nē,,Nē,,,呢,拎,Or not? Interrogative Signs.,,,,001_Handbook_of_the_Swatow_Vernacular > Lesson II.,20
Uá tõ chí-kò,,Uá tõ chí-kò,,,我在只塊,我在此處,"I am here,",,,,001_Handbook_of_the_Swatow_Vernacular > Lesson III. Exercises.,20
Lṳ́ tõ hṳ́-kò,,Lṳ́ tõ hṳ́-kò,,,汝在許塊,爾在彼處,You are there.,,,,001_Handbook_of_the_Swatow_Vernacular > Lesson III. Exercises.,20
I tõ tî-kò?,,I tõ tî-kò?,,,伊在底塊,伊在底處,Where is he?,,,,001_Handbook_of_the_Swatow_Vernacular > Lesson III. Exercises.,20
Nín tiang-sî khṳ̀?,,Nín tiang-sî khṳ̀?,,,恁底當時去,恁何時去,When did you go?,,,,001_Handbook_of_the_Swatow_Vernacular > Lesson III. Exercises.,20
Chí-kâi sĩ tî-kâi?,,Chí-kâi sĩ tî-kâi?,,,只個是底個,此個是的個,What is this?,,,,001_Handbook_of_the_Swatow_Vernacular > Lesson III. Exercises.,20
Hṳ́-kâi uá màiⁿ,,Hṳ́-kâi uá màiⁿ,,,許個我勿,彼個我勿,I don't want that one.,,,,001_Handbook_of_the_Swatow_Vernacular > Lesson III. Exercises.,20
Lṳ́ àiⁿ tî-chék-kâi?,,Lṳ́ àiⁿ tî-chék-kâi?,,,汝愛底一個,爾要的一個,Which do you want?,,,,001_Handbook_of_the_Swatow_Vernacular > Lesson III. Exercises.,20
Lṳ́ àiⁿ tî-kâi?,,Lṳ́ àiⁿ tî-kâi?,,,汝愛底個,爾要的個,What do you want?,,,,001_Handbook_of_the_Swatow_Vernacular > Lesson III. Exercises.,21
I tsò-nîⁿ bô-lâi?,,I tsò-nîⁿ bô-lâi?,,,伊做呢無來,伊如何無來,Why did he not come?,,,,001_Handbook_of_the_Swatow_Vernacular > Lesson III. Exercises.,21
Sĩ in-ûi tsò-nîⁿ?,,Sĩ in-ûi tsò-nîⁿ?,,,是因爲做呢,是因爲何爲,For what reason?,,,,001_Handbook_of_the_Swatow_Vernacular > Lesson III. Exercises.,21
Lṳ́ sĩ tî-tiâng?,,Lṳ́ sĩ tî-tiâng?,,,汝是底誰,爾是是誰,Who are you?,,,,001_Handbook_of_the_Swatow_Vernacular > Lesson III. Exercises.,21
Chiá sĩ tî-tiâng-kâi?,,Chiá sĩ tî-tiâng-kâi?,,,此是底誰个,此是是誰個,Whose is this?,,,,001_Handbook_of_the_Swatow_Vernacular > Lesson III. Exercises.,21
Chí-chùaⁿ-kâi m̄-sĩ,,Chí-chùaⁿ-kâi m̄-sĩ,,,此些个毋是,此賤個不是,These are not them.,,,,001_Handbook_of_the_Swatow_Vernacular > Lesson III. Exercises.,21
Hṳ́-chùaⁿ-kâi sĩ--mē?,,Hṳ́-chùaⁿ-kâi sĩ--mē?,,,彼些个是咩,彼賤個是否,Are those them?,,,,001_Handbook_of_the_Swatow_Vernacular > Lesson III. Exercises.,21
Lṳ́ ũ jiéh-tsōi?,,Lṳ́ ũ jiéh-tsōi?,,,汝有若㩼,爾有若干,How much have you?,,,,001_Handbook_of_the_Swatow_Vernacular > Lesson III. Exercises.,21
Lṳ́ ũ jiéh-tsōi kâi?,,Lṳ́ ũ jiéh-tsōi kâi?,,,汝有若㩼個,爾有若干個,How many have you?,,,,001_Handbook_of_the_Swatow_Vernacular > Lesson III. Exercises.,21
Sĩ chièⁿ-seⁿ,,Sĩ chièⁿ-seⁿ,,,是只樣生,是如此,It is like this.,,,,001_Handbook_of_the_Swatow_Vernacular > Lesson III. Exercises.,21
M̄-sĩ hièⁿ-seⁿ,,M̄-sĩ hièⁿ-seⁿ,,,毋是許樣生,不是如彼,Not like that.,,,,001_Handbook_of_the_Swatow_Vernacular > Lesson III. Exercises.,21
I huân-lióu būe-khṳ̀,,I huân-lióu būe-khṳ̀,,,伊還了未去,,He hasn't gone yet.,,,,001_Handbook_of_the_Swatow_Vernacular > Lesson III. Exercises.,21
Chí-kâi kah hṳ́-kâi,,Chí-kâi kah hṳ́-kâi,,,只個佮許個,此個共彼個,This one and that one.,,,,001_Handbook_of_the_Swatow_Vernacular > Lesson III. Exercises.,21
Chía m̄-sĩ,,Chía m̄-sĩ,,,此毋是,此不是,This is not it.,,,,001_Handbook_of_the_Swatow_Vernacular > Lesson III. Exercises.,21
Hiá chiũ-sĩ,,Hiá chiũ-sĩ,,,彼就是,,That is it.,,,,001_Handbook_of_the_Swatow_Vernacular > Lesson III. Exercises.,21
Lṳ́ iā ũ,,Lṳ́ iā ũ,,,汝亦有,爾亦有,You have got it too.,,,,001_Handbook_of_the_Swatow_Vernacular > Lesson III. Exercises.,21
Tshông tî-kò kàu tî-kò?,,Tshông tî-kò kàu tî-kò?,,,從底塊到底塊,從底處到底處,From where to where?,,,,001_Handbook_of_the_Swatow_Vernacular > Lesson III. Exercises.,21
Tõ chí-kò kàu hṳ́-kò,,Tõ chí-kò kàu hṳ́-kò,,,在只塊到許塊,在此處到彼處,From here to there.,,,,001_Handbook_of_the_Swatow_Vernacular > Lesson III. Exercises.,21
Pa-lak bô,,Pa-lak bô,,,或者無,,Perhaps not.,,,,001_Handbook_of_the_Swatow_Vernacular > Lesson III. Exercises.,21
Lṳ́ ũ a-bô?,,Lṳ́ ũ a-bô?,,,汝有亞無,爾有或無,Have you or have you not? did you or did you not?,,,,001_Handbook_of_the_Swatow_Vernacular > Lesson III. Exercises.,22
Uá bô,,Uá bô,,,我無,,I havn't; I did not.,,,,001_Handbook_of_the_Swatow_Vernacular > Lesson III. Exercises.,22
Lṳ́ ũ-khṳ̀ mē?,,Lṳ́ ũ-khṳ̀ mē?,,,汝有去咩,爾有去否,Did you go?,,,,001_Handbook_of_the_Swatow_Vernacular > Lesson III. Exercises.,22
Bô,,Bô,,,無,,No.,,,,001_Handbook_of_the_Swatow_Vernacular > Lesson III. Exercises.,22
Tsò-nîⁿ bô--nē?,,Tsò-nîⁿ bô--nē?,,,做呢無呢,如何無也,Why not?,,,,001_Handbook_of_the_Swatow_Vernacular > Lesson III. Exercises.,22
In-ûi uá m̄-khṳ̀,,In-ûi uá m̄-khṳ̀,,,因爲我毋去,因爲我不去,Because I don't want to go.,,,,001_Handbook_of_the_Swatow_Vernacular > Lesson III. Exercises.,22
Chí-kâi sĩ uá-kâi,,Chí-kâi sĩ uá-kâi,,,只個是我个,此個是我個,This is mine.,,,,001_Handbook_of_the_Swatow_Vernacular > Lesson III. Exercises.,22
M̄-sĩ lṳ́-kâi,,M̄-sĩ lṳ́-kâi,,,毋是汝个,不是爾個,It isn't yours.,,,,001_Handbook_of_the_Swatow_Vernacular > Lesson III. Exercises.,22
Si i-kâi,,Si i-kâi,,,是伊个,是伊個,It is his.,,,,001_Handbook_of_the_Swatow_Vernacular > Lesson III. Exercises.,22
Lṳ́-kâi m̄-sĩ chièⁿ-seⁿ,,Lṳ́-kâi m̄-sĩ chièⁿ-seⁿ,,,汝个毋是只樣生,爾個不是如此,Yours is not like his.,,,,001_Handbook_of_the_Swatow_Vernacular > Lesson III. Exercises.,22
I kâi sĩ chièⁿ-seⁿ,,I kâi sĩ chièⁿ-seⁿ,,,伊个是只樣生,伊個是如此,His is like this.,,,,001_Handbook_of_the_Swatow_Vernacular > Lesson III. Exercises.,22
Thiⁿ,,Thiⁿ,,,添,,Add,,,,001_Handbook_of_the_Swatow_Vernacular > Lesson IV. A List of Introductory Verbs.,22
Jīn,,Jīn,,,認,,"Admit, (as a fault.)",,,,001_Handbook_of_the_Swatow_Vernacular > Lesson IV. A List of Introductory Verbs.,22
Ìn,,Ìn,,,應,,Answer,,,,001_Handbook_of_the_Swatow_Vernacular > Lesson IV. A List of Introductory Verbs.,22
Poh,,Poh,,,駁,,Argue,,,,001_Handbook_of_the_Swatow_Vernacular > Lesson IV. A List of Introductory Verbs.,22
à,,à,,,詏,辯,Argue,,,,001_Handbook_of_the_Swatow_Vernacular > Lesson IV. A List of Introductory Verbs.,22
Kàu,,Kàu,,,到,,Arrive,,,,001_Handbook_of_the_Swatow_Vernacular > Lesson IV. A List of Introductory Verbs.,22
Chiẽⁿ,,Chiẽⁿ,,,上,,Ascend,,,,001_Handbook_of_the_Swatow_Vernacular > Lesson IV. A List of Introductory Verbs.,22
Thó,,Thó,,,討,,"Ask, (demand.)",,,,001_Handbook_of_the_Swatow_Vernacular > Lesson IV. A List of Introductory Verbs.,23
Mn̄g,,Mn̄g,,,問,,"Ask, (enquire.)",,,,001_Handbook_of_the_Swatow_Vernacular > Lesson IV. A List of Introductory Verbs.,23
Nãiⁿ,,Nãiⁿ,,,奈,,"Bear, (to suffer.)",,,,001_Handbook_of_the_Swatow_Vernacular > Lesson IV. A List of Introductory Verbs.,23
Phah,,Phah,,,拍,打,Beat,,,,001_Handbook_of_the_Swatow_Vernacular > Lesson IV. A List of Introductory Verbs.,23
Khṳt,,Khṳt,,,乞,,Beg,,,,001_Handbook_of_the_Swatow_Vernacular > Lesson IV. A List of Introductory Verbs.,23
khiû,,khiû,,,求,,Beg,,,,001_Handbook_of_the_Swatow_Vernacular > Lesson IV. A List of Introductory Verbs.,23
Khí,,Khí,,,起,,Begin,,,,001_Handbook_of_the_Swatow_Vernacular > Lesson IV. A List of Introductory Verbs.,23
Sìn,,Sìn,,,信,,Believe,,,,001_Handbook_of_the_Swatow_Vernacular > Lesson IV. A List of Introductory Verbs.,23
Kã,,Kã,,,咬,,Bite,,,,001_Handbook_of_the_Swatow_Vernacular > Lesson IV. A List of Introductory Verbs.,23
Tshue,,Tshue,,,吹,,"Blow, (as wind.)",,,,001_Handbook_of_the_Swatow_Vernacular > Lesson IV. A List of Introductory Verbs.,23
Chieh,,Chieh,,,借,,Borrow,,,,001_Handbook_of_the_Swatow_Vernacular > Lesson IV. A List of Introductory Verbs.,23
Phùa,,Phùa,,,破,,Break,,,,001_Handbook_of_the_Swatow_Vernacular > Lesson IV. A List of Introductory Verbs.,23
Khiéh,,Khiéh,,,挈,持,Bring,,,,001_Handbook_of_the_Swatow_Vernacular > Lesson IV. A List of Introductory Verbs.,23
tùa,,tùa,,,帶,,Bring,,,,001_Handbook_of_the_Swatow_Vernacular > Lesson IV. A List of Introductory Verbs.,23
Tshóiⁿ,,Tshóiⁿ,,,筅,,Brush,,,,001_Handbook_of_the_Swatow_Vernacular > Lesson IV. A List of Introductory Verbs.,23
chhiù,,chhiù,,,刷,,Brush,,,,001_Handbook_of_the_Swatow_Vernacular > Lesson IV. A List of Introductory Verbs.,23
Bói,,Bói,,,買,,Buy,,,,001_Handbook_of_the_Swatow_Vernacular > Lesson IV. A List of Introductory Verbs.,23
Kiè,,Kiè,,,叫,呌,Call,,,,001_Handbook_of_the_Swatow_Vernacular > Lesson IV. A List of Introductory Verbs.,23
hàm,,hàm,,,喊,,Call,,,,001_Handbook_of_the_Swatow_Vernacular > Lesson IV. A List of Introductory Verbs.,23
Chiéⁿ,,Chiéⁿ,,,掌,,Care,,,,001_Handbook_of_the_Swatow_Vernacular > Lesson IV. A List of Introductory Verbs.,23
kuan-kù,,kuan-kù,,,觀顧,,Care,,,,001_Handbook_of_the_Swatow_Vernacular > Lesson IV. A List of Introductory Verbs.,23
Taⁿ,,Taⁿ,,,擔,,"Carry, (between two equal weights.)",,,,001_Handbook_of_the_Swatow_Vernacular > Lesson IV. A List of Introductory Verbs.,23
Kng,,Kng,,,扛,,"Carry, (one weight by two persons.)",,,,001_Handbook_of_the_Swatow_Vernacular > Lesson IV. A List of Introductory Verbs.,23
Pì,,Pì,,,背,負,"Carry, (over the shoulder.)",,,,001_Handbook_of_the_Swatow_Vernacular > Lesson IV. A List of Introductory Verbs.,23
Kũaⁿ,,Kũaⁿ,,,摜,携,"Carry, (with the hand, as a bucket.)",,,,001_Handbook_of_the_Swatow_Vernacular > Lesson IV. A List of Introductory Verbs.,24
Khiâ,,Khiâ,,,騎,,"Carry (on the shoulder, as a basket,)",,,,001_Handbook_of_the_Swatow_Vernacular > Lesson IV. A List of Introductory Verbs.,24
Liáh,,Liáh,,,掠,,Catch,,,,001_Handbook_of_the_Swatow_Vernacular > Lesson IV. A List of Introductory Verbs.,24
Uāⁿ,,Uāⁿ,,,換,,Change,,,,001_Handbook_of_the_Swatow_Vernacular > Lesson IV. A List of Introductory Verbs.,24
Jiōu,,Jiōu,,,趭,追,Chase,,,,001_Handbook_of_the_Swatow_Vernacular > Lesson IV. A List of Introductory Verbs.,24
Phièn,,Phièn,,,騙,,Cheat,,,,001_Handbook_of_the_Swatow_Vernacular > Lesson IV. A List of Introductory Verbs.,24
Suán,,Suán,,,選,,Choose,,,,001_Handbook_of_the_Swatow_Vernacular > Lesson IV. A List of Introductory Verbs.,24
tóh,,tóh,,,擇,,Choose,,,,001_Handbook_of_the_Swatow_Vernacular > Lesson IV. A List of Introductory Verbs.,24
Muéh-chheng-khih,,Muéh-chheng-khih,,,物清潔,修清潔,Clean,,,,001_Handbook_of_the_Swatow_Vernacular > Lesson IV. A List of Introductory Verbs.,24
Tsṳ́,,Tsṳ́,,,煮,,Cook,,,,001_Handbook_of_the_Swatow_Vernacular > Lesson IV. A List of Introductory Verbs.,24
pû,,pû,,,烳,,Cook,,,,001_Handbook_of_the_Swatow_Vernacular > Lesson IV. A List of Introductory Verbs.,24
Kói,,Kói,,,改,攺,Correct,,,,001_Handbook_of_the_Swatow_Vernacular > Lesson IV. A List of Introductory Verbs.,24
Sǹg,,Sǹg,,,算,,Count,,,,001_Handbook_of_the_Swatow_Vernacular > Lesson IV. A List of Introductory Verbs.,24
Khàu,,Khàu,,,哭,,Cry,,,,001_Handbook_of_the_Swatow_Vernacular > Lesson IV. A List of Introductory Verbs.,24
Phoi,,Phoi,,,批,切,Cut,,,,001_Handbook_of_the_Swatow_Vernacular > Lesson IV. A List of Introductory Verbs.,24
kuah,,kuah,,,割,,Cut,,,,001_Handbook_of_the_Swatow_Vernacular > Lesson IV. A List of Introductory Verbs.,24
tsoíh,,tsoíh,,,截,,Cut,,,,001_Handbook_of_the_Swatow_Vernacular > Lesson IV. A List of Introductory Verbs.,24
Káⁿ,,Káⁿ,,,敢,,Dare,,,,001_Handbook_of_the_Swatow_Vernacular > Lesson IV. A List of Introductory Verbs.,24
Êng-ti,,Êng-ti,,,延遲,,Delay,,,,001_Handbook_of_the_Swatow_Vernacular > Lesson IV. A List of Introductory Verbs.,24
thû,,thû,,,躇,,Delay,,,,001_Handbook_of_the_Swatow_Vernacular > Lesson IV. A List of Introductory Verbs.,24
Lóh,,Lóh,,,落,,Descend,,,,001_Handbook_of_the_Swatow_Vernacular > Lesson IV. A List of Introductory Verbs.,24
Sí,,Sí,,,死,,Die,,,,001_Handbook_of_the_Swatow_Vernacular > Lesson IV. A List of Introductory Verbs.,24
Sî-tiòu,,Sî-tiòu,,,辭掉,辭丢,"Dismiss, (from service.)",,,,001_Handbook_of_the_Swatow_Vernacular > Lesson IV. A List of Introductory Verbs.,24
sǹg-hiah,,sǹg-hiah,,,算歇,,"Dismiss, (from service.)",,,,001_Handbook_of_the_Swatow_Vernacular > Lesson IV. A List of Introductory Verbs.,24
Tsò,,Tsò,,,做,,Do,,,,001_Handbook_of_the_Swatow_Vernacular > Lesson IV. A List of Introductory Verbs.,24
muéh,,muéh,,,物,,Do,,,,001_Handbook_of_the_Swatow_Vernacular > Lesson IV. A List of Introductory Verbs.,24
Māng-kìⁿ,,Māng-kìⁿ,,,夢見,,Dream,,,,001_Handbook_of_the_Swatow_Vernacular > Lesson IV. A List of Introductory Verbs.,25
Phák,,Phák,,,曝,,"Dry, (in the sun.)",,,,001_Handbook_of_the_Swatow_Vernacular > Lesson IV. A List of Introductory Verbs.,25
Chiáh,,Chiáh,,,食,,Eat,,,,001_Handbook_of_the_Swatow_Vernacular > Lesson IV. A List of Introductory Verbs.,25
Kiè,,Kiè,,,叫,呌,"Engage, (servants.)",,,,001_Handbook_of_the_Swatow_Vernacular > Lesson IV. A List of Introductory Verbs.,25
Chhiáⁿ,,Chhiáⁿ,,,請,,"Engage, (as a literary man, a teacher.)",,,,001_Handbook_of_the_Swatow_Vernacular > Lesson IV. A List of Introductory Verbs.,25
Sûn,,Sûn,,,巡,,Examine,,,,001_Handbook_of_the_Swatow_Vernacular > Lesson IV. A List of Introductory Verbs.,25
chhê,,chhê,,,查,,Examine,,,,001_Handbook_of_the_Swatow_Vernacular > Lesson IV. A List of Introductory Verbs.,25
Kháu,,Kháu,,,考,,"Examine, (literature.)",,,,001_Handbook_of_the_Swatow_Vernacular > Lesson IV. A List of Introductory Verbs.,25
Puáh,,Puáh,,,跋,拔,"Fall, (as a person, animal.)",,,,001_Handbook_of_the_Swatow_Vernacular > Lesson IV. A List of Introductory Verbs.,25
Ka-laúh,,Ka-laúh,,,交落,跌落,"Fall down, (as things.)",,,,001_Handbook_of_the_Swatow_Vernacular > Lesson IV. A List of Introductory Verbs.,25
Kiaⁿ,,Kiaⁿ,,,驚,,Fear,,,,001_Handbook_of_the_Swatow_Vernacular > Lesson IV. A List of Introductory Verbs.,25
ùi,,ùi,,,畏,,Fear,,,,001_Handbook_of_the_Swatow_Vernacular > Lesson IV. A List of Introductory Verbs.,25
Sie-phah,,Sie-phah,,,相拍,相打,"Fight, (with the fists.)",,,,001_Handbook_of_the_Swatow_Vernacular > Lesson IV. A List of Introductory Verbs.,25
Tshūe--tiéh,,Tshūe--tiéh,,,覓着,覔着,Find,,,,001_Handbook_of_the_Swatow_Vernacular > Lesson IV. A List of Introductory Verbs.,25
Pue,,Pue,,,飛,,Fly,,,,001_Handbook_of_the_Swatow_Vernacular > Lesson IV. A List of Introductory Verbs.,25
Hàuⁿ,,Hàuⁿ,,,好,,Fond,,,,001_Handbook_of_the_Swatow_Vernacular > Lesson IV. A List of Introductory Verbs.,25
Tit--tiéh,,Tit--tiéh,,,得着,,Get,,,,001_Handbook_of_the_Swatow_Vernacular > Lesson IV. A List of Introductory Verbs.,25
Pun,,Pun,,,分,,Give,,,,001_Handbook_of_the_Swatow_Vernacular > Lesson IV. A List of Introductory Verbs.,25
khoih,,khoih,,,乞,,Give,,,,001_Handbook_of_the_Swatow_Vernacular > Lesson IV. A List of Introductory Verbs.,25
Huat,,Huat,,,發,,Grow,,,,001_Handbook_of_the_Swatow_Vernacular > Lesson IV. A List of Introductory Verbs.,25
Ieh,,Ieh,,,約,,Guess,,,,001_Handbook_of_the_Swatow_Vernacular > Lesson IV. A List of Introductory Verbs.,25
Tiòu,,Tiòu,,,吊,,Hang,,,,001_Handbook_of_the_Swatow_Vernacular > Lesson IV. A List of Introductory Verbs.,25
Lóu,,Lóu,,,惱,恶,Hate,,,,001_Handbook_of_the_Swatow_Vernacular > Lesson IV. A List of Introductory Verbs.,26
Thiaⁿ,,Thiaⁿ,,,聽,,Hear,,,,001_Handbook_of_the_Swatow_Vernacular > Lesson IV. A List of Introductory Verbs.,26
Hūaⁿ,,Hūaⁿ,,,捍,執,"Hold, (to take.)",,,,001_Handbook_of_the_Swatow_Vernacular > Lesson IV. A List of Introductory Verbs.,26
khiéh--tiāⁿ,,khiéh--tiāⁿ,,,挈定,携定,"Hold, (to take.)",,,,001_Handbook_of_the_Swatow_Vernacular > Lesson IV. A List of Introductory Verbs.,26
Sieⁿ,,Sieⁿ,,,傷,,Hurt,,,,001_Handbook_of_the_Swatow_Vernacular > Lesson IV. A List of Introductory Verbs.,26
Chhiáⁿ,,Chhiáⁿ,,,請,,Invite,,,,001_Handbook_of_the_Swatow_Vernacular > Lesson IV. A List of Introductory Verbs.,26
Khǹg,,Khǹg,,,囥,藏,Keep,,,,001_Handbook_of_the_Swatow_Vernacular > Lesson IV. A List of Introductory Verbs.,26
Kũi,,Kũi,,,跪,,Kneel,,,,001_Handbook_of_the_Swatow_Vernacular > Lesson IV. A List of Introductory Verbs.,26
Khà,,Khà,,,扣,,Knock,,,,001_Handbook_of_the_Swatow_Vernacular > Lesson IV. A List of Introductory Verbs.,26
Tsai,,Tsai,,,知,,"Know, (as a fact.)",,,,001_Handbook_of_the_Swatow_Vernacular > Lesson IV. A List of Introductory Verbs.,26
Pat,,Pat,,,識[訓],,"Know, (as a person.)",,,,001_Handbook_of_the_Swatow_Vernacular > Lesson IV. A List of Introductory Verbs.,26
Nãiⁿ,,Nãiⁿ,,,耐,,Last,,,,001_Handbook_of_the_Swatow_Vernacular > Lesson IV. A List of Introductory Verbs.,26
Chhiè,,Chhiè,,,笑,,Laugh,,,,001_Handbook_of_the_Swatow_Vernacular > Lesson IV. A List of Introductory Verbs.,26
Óh,,Óh,,,學,,Learn,,,,001_Handbook_of_the_Swatow_Vernacular > Lesson IV. A List of Introductory Verbs.,26
Hiah,,Hiah,,,歇,,"Leave, (service.)",,,,001_Handbook_of_the_Swatow_Vernacular > Lesson IV. A List of Introductory Verbs.,26
Chieh,,Chieh,,,借,,Lend,,,,001_Handbook_of_the_Swatow_Vernacular > Lesson IV. A List of Introductory Verbs.,26
Sùe,,Sùe,,,稅,,"Let, (a house.)",,,,001_Handbook_of_the_Swatow_Vernacular > Lesson IV. A List of Introductory Verbs.,26
Hue-niouⁿ,,Hue-niouⁿ,,,,巧語,"Lie, (to tell an untruth.)",,,,001_Handbook_of_the_Swatow_Vernacular > Lesson IV. A List of Introductory Verbs.,26
Tó,,Tó,,,倒,,Lie down,,,,001_Handbook_of_the_Swatow_Vernacular > Lesson IV. A List of Introductory Verbs.,26
Tiám,,Tiám,,,點,㸃,"Light, (lamps.)",,,,001_Handbook_of_the_Swatow_Vernacular > Lesson IV. A List of Introductory Verbs.,26
Khiã-khí,,Khiã-khí,,,徛起,居住,"Live, (reside.)",,,,001_Handbook_of_the_Swatow_Vernacular > Lesson IV. A List of Introductory Verbs.,26
tiū,,tiū,,,住,,"Live, (reside.)",,,,001_Handbook_of_the_Swatow_Vernacular > Lesson IV. A List of Introductory Verbs.,26
M̄-kìⁿ,,M̄-kìⁿ,,,毋見,不見,Lose,,,,001_Handbook_of_the_Swatow_Vernacular > Lesson IV. A List of Introductory Verbs.,27
sit-lóh,,sit-lóh,,,失落,,Lose,,,,001_Handbook_of_the_Swatow_Vernacular > Lesson IV. A List of Introductory Verbs.,27
Sieh,,Sieh,,,惜,,Love,,,,001_Handbook_of_the_Swatow_Vernacular > Lesson IV. A List of Introductory Verbs.,27
Tsò,,Tsò,,,做,,Make,,,,001_Handbook_of_the_Swatow_Vernacular > Lesson IV. A List of Introductory Verbs.,27
muéh,,muéh,,,物,,Make,,,,001_Handbook_of_the_Swatow_Vernacular > Lesson IV. A List of Introductory Verbs.,27
Ngõ,,Ngõ,,,遇,,"Meet, (a person.)",,,,001_Handbook_of_the_Swatow_Vernacular > Lesson IV. A List of Introductory Verbs.,27
Khui,,Khui,,,開,,Open,,,,001_Handbook_of_the_Swatow_Vernacular > Lesson IV. A List of Introductory Verbs.,27
Kùe,,Kùe,,,過,,Pass,,,,001_Handbook_of_the_Swatow_Vernacular > Lesson IV. A List of Introductory Verbs.,27
Sńg,,Sńg,,,耍,,Play,,,,001_Handbook_of_the_Swatow_Vernacular > Lesson IV. A List of Introductory Verbs.,27
thit-thô,,thit-thô,,,佚佗,遊玩,Play,,,,001_Handbook_of_the_Swatow_Vernacular > Lesson IV. A List of Introductory Verbs.,27
Tóh,,Tóh,,,擇,,Pick up,,,,001_Handbook_of_the_Swatow_Vernacular > Lesson IV. A List of Introductory Verbs.,27
Tiah,,Tiah,,,摘,,Pluck,,,,001_Handbook_of_the_Swatow_Vernacular > Lesson IV. A List of Introductory Verbs.,27
Jíh,,Jíh,,,揤,,Press,,,,001_Handbook_of_the_Swatow_Vernacular > Lesson IV. A List of Introductory Verbs.,27
teh,,teh,,,壓,,Press,,,,001_Handbook_of_the_Swatow_Vernacular > Lesson IV. A List of Introductory Verbs.,27
Sàng,,Sàng,,,送,,Present,,,,001_Handbook_of_the_Swatow_Vernacular > Lesson IV. A List of Introductory Verbs.,27
Ìn,,Ìn,,,印,,Print,,,,001_Handbook_of_the_Swatow_Vernacular > Lesson IV. A List of Introductory Verbs.,27
Túi,,Túi,,,挽,,Pull,,,,001_Handbook_of_the_Swatow_Vernacular > Lesson IV. A List of Introductory Verbs.,27
thua,,thua,,,拖,,Pull,,,,001_Handbook_of_the_Swatow_Vernacular > Lesson IV. A List of Introductory Verbs.,27
Pàng,,Pàng,,,放,,Put,,,,001_Handbook_of_the_Swatow_Vernacular > Lesson IV. A List of Introductory Verbs.,27
Sie-mēⁿ,,Sie-mēⁿ,,,相罵,,Quarrel,,,,001_Handbook_of_the_Swatow_Vernacular > Lesson IV. A List of Introductory Verbs.,27
Thák,,Thák,,,讀,,"Read, (aloud.)",,,,001_Handbook_of_the_Swatow_Vernacular > Lesson IV. A List of Introductory Verbs.,27
Thóiⁿ-tsṳ,,Thóiⁿ-tsṳ,,,睇書,看書,"Read, (mentally.)",,,,001_Handbook_of_the_Swatow_Vernacular > Lesson IV. A List of Introductory Verbs.,27
Siu,,Siu,,,收,,Receive,,,,001_Handbook_of_the_Swatow_Vernacular > Lesson IV. A List of Introductory Verbs.,27
chih,,chih,,,接,,Receive,,,,001_Handbook_of_the_Swatow_Vernacular > Lesson IV. A List of Introductory Verbs.,27
M̄-hàuⁿ,,M̄-hàuⁿ,,,毋好,不好,Refuse,,,,001_Handbook_of_the_Swatow_Vernacular > Lesson IV. A List of Introductory Verbs.,27
Pàng,,Pàng,,,放,,Release,,,,001_Handbook_of_the_Swatow_Vernacular > Lesson IV. A List of Introductory Verbs.,27
It-tit,,It-tit,,,憶得,,Remember,,,,001_Handbook_of_the_Swatow_Vernacular > Lesson IV. A List of Introductory Verbs.,28
kì-tit,,kì-tit,,,記得,,Remember,,,,001_Handbook_of_the_Swatow_Vernacular > Lesson IV. A List of Introductory Verbs.,28
Puaⁿ,,Puaⁿ,,,搬,,"Remove, (residence.)",,,,001_Handbook_of_the_Swatow_Vernacular > Lesson IV. A List of Introductory Verbs.,28
Chiáⁿ-lí,,Chiáⁿ-lí,,,整理,,Repair,,,,001_Handbook_of_the_Swatow_Vernacular > Lesson IV. A List of Introductory Verbs.,28
Hiah,,Hiah,,,歇,,Rest,,,,001_Handbook_of_the_Swatow_Vernacular > Lesson IV. A List of Introductory Verbs.,28
Tńg,,Tńg,,,轉,,"Return, (home.)",,,,001_Handbook_of_the_Swatow_Vernacular > Lesson IV. A List of Introductory Verbs.,28
Hôiⁿ,,Hôiⁿ,,,還,,"Return, (give back.)",,,,001_Handbook_of_the_Swatow_Vernacular > Lesson IV. A List of Introductory Verbs.,28
Chhiù,,Chhiù,,,刷,,Rub,,,,001_Handbook_of_the_Swatow_Vernacular > Lesson IV. A List of Introductory Verbs.,28
chhit,,chhit,,,拭,,Rub,,,,001_Handbook_of_the_Swatow_Vernacular > Lesson IV. A List of Introductory Verbs.,28
Tsáu,,Tsáu,,,走,,Run,,,,001_Handbook_of_the_Swatow_Vernacular > Lesson IV. A List of Introductory Verbs.,28
Kiù,,Kiù,,,救,,Save,,,,001_Handbook_of_the_Swatow_Vernacular > Lesson IV. A List of Introductory Verbs.,28
Tshūe,,Tshūe,,,覓,覔,Search,,,,001_Handbook_of_the_Swatow_Vernacular > Lesson IV. A List of Introductory Verbs.,28
Thóiⁿ,,Thóiⁿ,,,睇,看,See,,,,001_Handbook_of_the_Swatow_Vernacular > Lesson IV. A List of Introductory Verbs.,28
Bōi,,Bōi,,,賣,,Sell,,,,001_Handbook_of_the_Swatow_Vernacular > Lesson IV. A List of Introductory Verbs.,28
Iẽ,,Iẽ,,,搖,,Shake,,,,001_Handbook_of_the_Swatow_Vernacular > Lesson IV. A List of Introductory Verbs.,28
Soi,,Soi,,,嘶,,Shout,,,,001_Handbook_of_the_Swatow_Vernacular > Lesson IV. A List of Introductory Verbs.,28
jiáng,,jiáng,,,嚷,,Shout,,,,001_Handbook_of_the_Swatow_Vernacular > Lesson IV. A List of Introductory Verbs.,28
Kueⁿ,,Kueⁿ,,,關,閉,Shut,,,,001_Handbook_of_the_Swatow_Vernacular > Lesson IV. A List of Introductory Verbs.,28
Tsõ,,Tsõ,,,坐,,Sit,,,,001_Handbook_of_the_Swatow_Vernacular > Lesson IV. A List of Introductory Verbs.,28
U̍t,,U̍t,,,夗,睡,Sleep,,,,001_Handbook_of_the_Swatow_Vernacular > Lesson IV. A List of Introductory Verbs.,28
Phīⁿ,,Phīⁿ,,,鼻,,Smell,,,,001_Handbook_of_the_Swatow_Vernacular > Lesson IV. A List of Introductory Verbs.,28
Tàⁿ,,Tàⁿ,,,呾,,Speak,,,,001_Handbook_of_the_Swatow_Vernacular > Lesson IV. A List of Introductory Verbs.,28
Só-hùi,,Só-hùi,,,所費,使費,Spend,,,,001_Handbook_of_the_Swatow_Vernacular > Lesson IV. A List of Introductory Verbs.,28
sái,,sái,,,使,,Spend,,,,001_Handbook_of_the_Swatow_Vernacular > Lesson IV. A List of Introductory Verbs.,28
Muéh-tiòu,,Muéh-tiòu,,,物掉,壞丢,Spoil,,,,001_Handbook_of_the_Swatow_Vernacular > Lesson IV. A List of Introductory Verbs.,29
Khiã,,Khiã,,,徛,站,Stand,,,,001_Handbook_of_the_Swatow_Vernacular > Lesson IV. A List of Introductory Verbs.,29
Tiām-tiām,,Tiām-tiām,,,恬恬,靜靜,"Stop, (silence.)",,,,001_Handbook_of_the_Swatow_Vernacular > Lesson IV. A List of Introductory Verbs.,29
Hiah,,Hiah,,,歇,,"Stop, (discontinue.)",,,,001_Handbook_of_the_Swatow_Vernacular > Lesson IV. A List of Introductory Verbs.,29
Sàu,,Sàu,,,掃,,Sweep,,,,001_Handbook_of_the_Swatow_Vernacular > Lesson IV. A List of Introductory Verbs.,29
Siû,,Siû,,,泅,氽,Swim,,,,001_Handbook_of_the_Swatow_Vernacular > Lesson IV. A List of Introductory Verbs.,29
Khiéh,,Khiéh,,,挈,携,Take,,,,001_Handbook_of_the_Swatow_Vernacular > Lesson IV. A List of Introductory Verbs.,29
Kà,,Kà,,,教,,Teach,,,,001_Handbook_of_the_Swatow_Vernacular > Lesson IV. A List of Introductory Verbs.,29
Tàⁿ,,Tàⁿ,,,呾,,Tell,,,,001_Handbook_of_the_Swatow_Vernacular > Lesson IV. A List of Introductory Verbs.,29
Pa-lói,,Pa-lói,,,,擾亂,"Tease, (annoy.)",,,,001_Handbook_of_the_Swatow_Vernacular > Lesson IV. A List of Introductory Verbs.,29
tṳ̂,,tṳ̂,,,,除,"Tease, (annoy.)",,,,001_Handbook_of_the_Swatow_Vernacular > Lesson IV. A List of Introductory Verbs.,29
Siẽⁿ,,Siẽⁿ,,,想,,Think,,,,001_Handbook_of_the_Swatow_Vernacular > Lesson IV. A List of Introductory Verbs.,29
Kák,,Kák,,,丢,,"Throw, (as stones.)",,,,001_Handbook_of_the_Swatow_Vernacular > Lesson IV. A List of Introductory Verbs.,29
Kák-tiòu,,Kák-tiòu,,,捔掉,拋丢 擲丢,Throw away,,,,001_Handbook_of_the_Swatow_Vernacular > Lesson IV. A List of Introductory Verbs.,29
sek-tiòu,,sek-tiòu,,,捔掉,拋丢 擲丢,Throw away,,,,001_Handbook_of_the_Swatow_Vernacular > Lesson IV. A List of Introductory Verbs.,29
Pák,,Pák,,,縛,,Tie,,,,001_Handbook_of_the_Swatow_Vernacular > Lesson IV. A List of Introductory Verbs.,29
Hióu,,Hióu,,,曉,,Understand,,,,001_Handbook_of_the_Swatow_Vernacular > Lesson IV. A List of Introductory Verbs.,29
mêng-péh,,mêng-péh,,,明白,,Understand,,,,001_Handbook_of_the_Swatow_Vernacular > Lesson IV. A List of Introductory Verbs.,29
Tháu,,Tháu,,,㪗,解,"Undo, Untie",,,,001_Handbook_of_the_Swatow_Vernacular > Lesson IV. A List of Introductory Verbs.,29
Ēng,,Ēng,,,用,,Use,,,,001_Handbook_of_the_Swatow_Vernacular > Lesson IV. A List of Introductory Verbs.,29
Sûn,,Sûn,,,巡,,Visit,,,,001_Handbook_of_the_Swatow_Vernacular > Lesson IV. A List of Introductory Verbs.,29
Tán,,Tán,,,等,候,Wait,,,,001_Handbook_of_the_Swatow_Vernacular > Lesson IV. A List of Introductory Verbs.,29
thāi,,thāi,,,待,,Wait,,,,001_Handbook_of_the_Swatow_Vernacular > Lesson IV. A List of Introductory Verbs.,29
Kiâⁿ,,Kiâⁿ,,,行,,Walk,,,,001_Handbook_of_the_Swatow_Vernacular > Lesson IV. A List of Introductory Verbs.,30
Tak-nn̄g,,Tak-nn̄g,,,荒喪,,Waste,,,,001_Handbook_of_the_Swatow_Vernacular > Lesson IV. A List of Introductory Verbs.,30
Chhēng,,Chhēng,,,穿,,"Wear, (clothes.)",,,,001_Handbook_of_the_Swatow_Vernacular > Lesson IV. A List of Introductory Verbs.,30
Kùa,,Kùa,,,掛,,"Wear, (jewels.)",,,,001_Handbook_of_the_Swatow_Vernacular > Lesson IV. A List of Introductory Verbs.,30
Ká,,Ká,,,絞,,"Wind, (as a clock.)",,,,001_Handbook_of_the_Swatow_Vernacular > Lesson IV. A List of Introductory Verbs.,30
Tsoh,,Tsoh,,,作,,Work,,,,001_Handbook_of_the_Swatow_Vernacular > Lesson IV. A List of Introductory Verbs.,30
tsoh-kang,,tsoh-kang,,,作工,,Work,,,,001_Handbook_of_the_Swatow_Vernacular > Lesson IV. A List of Introductory Verbs.,30
Siá,,Siá,,,寫,,Write,,,,001_Handbook_of_the_Swatow_Vernacular > Lesson IV. A List of Introductory Verbs.,30
I àiⁿ-jīn mē?,,I àiⁿ-jīn mē?,,,伊愛認咩,伊要認否,Is he going to confess?,,,,001_Handbook_of_the_Swatow_Vernacular > section I.,30
I m̄-ìn,,I m̄-ìn,,,伊毋應,伊不應,He won't answer.,,,,001_Handbook_of_the_Swatow_Vernacular > section I.,30
I àiⁿ-à,,I àiⁿ-à,,,伊愛詏,伊要辯,He wants to argue.,,,,001_Handbook_of_the_Swatow_Vernacular > section I.,30
Lṳ́ tiang-sî kàu?,,Lṳ́ tiang-sî kàu?,,,汝底當時到,爾何時到,When did you arrive?,,,,001_Handbook_of_the_Swatow_Vernacular > section I.,30
Lṳ́ mn̄g tî-tiâng?,,Lṳ́ mn̄g tî-tiâng?,,,汝問底誰,爾問誰人,Who are you asking?,,,,001_Handbook_of_the_Swatow_Vernacular > section I.,30
Uá mn̄g lṳ́.,,Uá mn̄g lṳ́.,,,我問汝,我問爾,I ask you.,,,,001_Handbook_of_the_Swatow_Vernacular > section I.,30
Tî-tiâng phah lṳ́?,,Tî-tiâng phah lṳ́?,,,底誰拍汝,誰人打爾,Who beat you?,,,,001_Handbook_of_the_Swatow_Vernacular > section I.,30
Lṳ́ tsai mē?,,Lṳ́ tsai mē?,,,汝知咩,爾知否,Do you know?,,,,001_Handbook_of_the_Swatow_Vernacular > section I.,30
Uá m̄-tsai,,Uá m̄-tsai,,,我毋知,我不知,I don't know.,,,,001_Handbook_of_the_Swatow_Vernacular > section I.,31
Uá m̄-sìn lṳ́,,Uá m̄-sìn lṳ́,,,我毋信汝,我不信爾,I don't believe you.,,,,001_Handbook_of_the_Swatow_Vernacular > section I.,31
Lṳ́ tsò-nîⁿ m̄-sìn uá?,,Lṳ́ tsò-nîⁿ m̄-sìn uá?,,,汝做呢毋信我,爾如何不信我,Why don't you believe me?,,,,001_Handbook_of_the_Swatow_Vernacular > section I.,31
Hṳ́-kâi khiéh--lâi,,Hṳ́-kâi khiéh--lâi,,,許個挈來,彼個携來,Bring me that.,,,,001_Handbook_of_the_Swatow_Vernacular > section I.,31
Tshóiⁿ,,Tshóiⁿ,,,筅,,Brush it.,,,,001_Handbook_of_the_Swatow_Vernacular > section I.,31
Tshóiⁿ-hó khiéh--lâi,,Tshóiⁿ-hó khiéh--lâi,,,筅好挈來,刷好携來,"After you have brushed it, bring it to me.",,,,001_Handbook_of_the_Swatow_Vernacular > section I.,31
Chía bói-ũ a-bô?,,Chía bói-ũ a-bô?,,,此買有亞無,此買有或無,Is there any of this to be bought?,,,,001_Handbook_of_the_Swatow_Vernacular > section I.,31
Bói-bô,,Bói-bô,,,買無,,There is none to be bought.,,,,001_Handbook_of_the_Swatow_Vernacular > section I.,31
Kiè i lâi,,Kiè i lâi,,,叫伊來,呌伊來,Call him here.,,,,001_Handbook_of_the_Swatow_Vernacular > section I.,31
I õi-tsáu,,I õi-tsáu,,,伊會走,,He can run.,,,,001_Handbook_of_the_Swatow_Vernacular > section I.,31
"Ua õi-kiâⁿ, bõi tsáu",,"Ua õi-kiâⁿ, bõi tsáu",,,我會行袂走,,"I can walk, but I cannot run.",,,,001_Handbook_of_the_Swatow_Vernacular > section I.,31
Lṳ́ liáh--i,,Lṳ́ liáh--i,,,汝掠伊,爾掠伊,You catch him.,,,,001_Handbook_of_the_Swatow_Vernacular > section I.,31
Lṳ́ liáh i õi-tiéh mē?,,Lṳ́ liáh i õi-tiéh mē?,,,汝掠伊會着咩,爾掠伊會着否,Can you catch him?,,,,001_Handbook_of_the_Swatow_Vernacular > section I.,31
"Uá bõi-tsáu, liáh i bõi tiéh.",,"Uá bõi-tsáu, liáh i bõi tiéh.",,,我袂走。掠伊袂着,,"I can't run, and I can't catch him.",,,,001_Handbook_of_the_Swatow_Vernacular > section I.,31
"Chí--kâi uá màiⁿ, uá àiⁿ-ūaⁿ",,"Chí--kâi uá màiⁿ, uá àiⁿ-ūaⁿ",,,只個我勿。我愛換,此個我勿。我要換,I don't want a change.,,,,001_Handbook_of_the_Swatow_Vernacular > section II.,31
Lṳ́ khṳ̀-jiōu i,,Lṳ́ khṳ̀-jiōu i,,,汝去趭伊,爾去追伊,You go and chase him.,,,,001_Handbook_of_the_Swatow_Vernacular > section II.,31
Jiōu m̄-tièh,,Jiōu m̄-tièh,,,趭毋着,追不着,Can't overtake him.,,,,001_Handbook_of_the_Swatow_Vernacular > section II.,31
Lṳ́ tsáu chiũ-jiōu õi-tièh,,Lṳ́ tsáu chiũ-jiōu õi-tièh,,,汝走就趭會着,爾走就追會着,"If you run, you will overtake him.",,,,001_Handbook_of_the_Swatow_Vernacular > section II.,31
Lṳ́ màiⁿ-phièn uá,,Lṳ́ màiⁿ-phièn uá,,,汝勿騙我,爾勿騙我,Don't you deceive me.,,,,001_Handbook_of_the_Swatow_Vernacular > section II.,32
Lṳ́ àiⁿ-suán tî-chék-kâi?,,Lṳ́ àiⁿ-suán tî-chék-kâi?,,,汝愛選底一個,爾要選的一個,Which do you wish to choose?,,,,001_Handbook_of_the_Swatow_Vernacular > section II.,32
Chí--kâi muéh-chheng-khih,,Chí--kâi muéh-chheng-khih,,,只個物清潔,此個修清潔,Clean this.,,,,001_Handbook_of_the_Swatow_Vernacular > section II.,32
Chí--kâi khiéh-khṳ̀ tsṳ́,,Chí--kâi khiéh-khṳ̀ tsṳ́,,,只個挈去煮,此個携去煮,Take this and cook it.,,,,001_Handbook_of_the_Swatow_Vernacular > section II.,32
Lṳ́ hióu-sǹg mē?,,Lṳ́ hióu-sǹg mē?,,,汝曉算咩,爾曉算否,Can you count?,,,,001_Handbook_of_the_Swatow_Vernacular > section II.,32
Uá m̄-hióu,,Uá m̄-hióu,,,我毋曉,我不曉,I can't.,,,,001_Handbook_of_the_Swatow_Vernacular > section II.,32
Màiⁿ-khàu,,Màiⁿ-khàu,,,勿哭,,Don't cry.,,,,001_Handbook_of_the_Swatow_Vernacular > section II.,32
I káⁿ-khṳ́ mē?,,I káⁿ-khṳ́ mē?,,,伊敢去咩,伊敢去否,Does he dare to go?,,,,001_Handbook_of_the_Swatow_Vernacular > section II.,32
I m̄-káⁿ,,I m̄-káⁿ,,,伊毋敢,伊不敢,He dare not.,,,,001_Handbook_of_the_Swatow_Vernacular > section II.,32
I bõi-chiáh,,I bõi-chiáh,,,伊袂食,,He can't eat.,,,,001_Handbook_of_the_Swatow_Vernacular > section II.,32
Tsò-nîⁿ bõi-chiáh?,,Tsò-nîⁿ bõi-chiáh,,,做呢袂食,何爲袂食,Why can't he eat?,,,,001_Handbook_of_the_Swatow_Vernacular > section II.,32
Uá m̄-tsai,,Uá m̄-tsai,,,我毋知,我不知,I don't know.,,,,001_Handbook_of_the_Swatow_Vernacular > section II.,32
Jíp--lâi,,Jíp--lâi,,,入來,,Come in.,,,,001_Handbook_of_the_Swatow_Vernacular > section II.,32
Tshut--khṳ̀,,Tshut--khṳ̀,,,出去,,Go out.,,,,001_Handbook_of_the_Swatow_Vernacular > section II.,32
Lṳ́ thiaⁿ uá õi-kìⁿ mē?,,Lṳ́ thiaⁿ uá õi-kìⁿ mē?,,,汝聽我會見咩,爾聽我會見否,Can you hear me?,,,,001_Handbook_of_the_Swatow_Vernacular > section II.,32
Uá thiaⁿ m̄-kìⁿ,,Uá thiaⁿ m̄-kìⁿ,,,我聽毋見,我聽不見,I can't hear you.,,,,001_Handbook_of_the_Swatow_Vernacular > section II.,32
Hiá khiéh-pun uá,,Hiá khiéh-pun uá,,,許個挈分我,彼個携與我,Get me that.,,,,001_Handbook_of_the_Swatow_Vernacular > section III.,32
Tî-kâi?,,Tî-kâi,,,底個,的個,What is it?,,,,001_Handbook_of_the_Swatow_Vernacular > section III.,33
Sĩ chiá a m̄-sĩ?,,Sĩ chiá a m̄-sĩ?,,,是此亞毋是,是此或不是,Is this it?,,,,001_Handbook_of_the_Swatow_Vernacular > section III.,33
Chiũ-sĩ,,Chiũ-sĩ,,,就是,,That is it.,,,,001_Handbook_of_the_Swatow_Vernacular > section III.,33
Khiéh--lâi,,Khiéh--lâi,,,挈來,携來,Bring it here.,,,,001_Handbook_of_the_Swatow_Vernacular > section III.,33
Kám-siā,,Kám-siā,,,感謝,,Thank you.,,,,001_Handbook_of_the_Swatow_Vernacular > section III.,33
Hó--lō,,Hó--lō,,,好了,,That will do.,,,,001_Handbook_of_the_Swatow_Vernacular > section III.,33
I õi sieⁿ--tiéh mē?,,I õi sieⁿ--tiéh mē?,,,伊會傷着咩,伊會傷着否,Is he hurt?,,,,001_Handbook_of_the_Swatow_Vernacular > section III.,33
Bõi,,Bõi,,,袂,,No.,,,,001_Handbook_of_the_Swatow_Vernacular > section III.,33
I õi sí mē?,,I õi sí mē?,,,伊會死咩,伊會死否,Will he die?,,,,001_Handbook_of_the_Swatow_Vernacular > section III.,33
Uá siẽⁿ i õi.,,Uá siẽⁿ i õi.,,,我想伊會,,I think he will.,,,,001_Handbook_of_the_Swatow_Vernacular > section III.,33
Uá thiaⁿ-kìⁿ i khàu,,Uá thiaⁿ-kìⁿ i khàu,,,我聽見伊哭,,I heard him cry.,,,,001_Handbook_of_the_Swatow_Vernacular > section III.,33
Chí--kâi khiéh-khṳ̀ khǹg,,Chí--kâi khiéh-khṳ̀ khǹg,,,只個挈去囥,此個携去藏,Take this and keep it.,,,,001_Handbook_of_the_Swatow_Vernacular > section III.,33
Kũi--lóh-khṳ̀,,Kũi--lóh-khṳ̀,,,跪落去,,Kneel down.,,,,001_Handbook_of_the_Swatow_Vernacular > section III.,33
Khí--lâi,,Khí--lâi,,,起來,,Get up.,,,,001_Handbook_of_the_Swatow_Vernacular > section III.,33
Màiⁿ-chhiè,,Màiⁿ-chhiè,,,勿笑,,Don't laugh.,,,,001_Handbook_of_the_Swatow_Vernacular > section III.,33
Uá m̄-pat i,,Uá m̄-pat i,,,我毋識[訓]伊,我不識[訓]伊,I don't know him.,,,,001_Handbook_of_the_Swatow_Vernacular > section III.,33
Uá tsai i tõ tî-kò khiã-khí,,Uá tsai i tõ tî-kò khiã-khí,,,我知伊在底塊徛起,我知伊在底處居住,I know where he lives.,,,,001_Handbook_of_the_Swatow_Vernacular > section III.,33
"I m̄-tsoh, àiⁿ-hiah",,"I m̄-tsoh, àiⁿ-hiah",,,伊毋作。愛歇,伊不作。要歇,"He doesn't want to work, (but) wants to leave.",,,,001_Handbook_of_the_Swatow_Vernacular > section III.,33
"Lṳ́ khṳ̀ kah i tàⁿ, màiⁿ-hiah",,"Lṳ́ khṳ̀ kah i tàⁿ, màiⁿ-hiah",,,汝去佮伊呾勿歇,爾去與伊呾勿歇,You go and tell him not to leave.,,,,001_Handbook_of_the_Swatow_Vernacular > section III.,33
Chí--kâi chieh uá,,Chí--kâi chieh uá,,,只個借我,此個借我,Lend me this.,,,,001_Handbook_of_the_Swatow_Vernacular > section III.,33
Bõi-sái,,Bõi-sái,,,袂使,,That won't do.,,,,001_Handbook_of_the_Swatow_Vernacular > section III.,33
Uá ka-kī àiⁿ-ēng,,Uá ka-kī àiⁿ-ēng,,,我家己愛用,我自己要用,I want to use it myself.,,,,001_Handbook_of_the_Swatow_Vernacular > section III.,34
Chiá uá m̄-hióu tsò-nîⁿ muéh,,Chiá uá m̄-hióu tsò-nîⁿ muéh,,,此我毋曉做呢物,此我不曉如何作,I don't understand how to do this.,,,,001_Handbook_of_the_Swatow_Vernacular > section III.,34
Chhiáⁿ lṳ́ kah uá tàⁿ,,Chhiáⁿ lṳ́ kah uá tàⁿ,,,請汝佮我呾,請爾與我呾,Please tell me.,,,,001_Handbook_of_the_Swatow_Vernacular > section III.,34
Lâi-khṳ̀ thit-thô,,Lâi-khṳ̀ thit-thô,,,來去佚佗,來去遊玩,Come let us go out to amuse ourselves.,,,,001_Handbook_of_the_Swatow_Vernacular > section III.,34
Nán màiⁿ tùi-hié kùe,,Nán màiⁿ tùi-hié kùe,,,咱勿對彼過,咱勿由彼處過,Let us not pass by that way.,,,,001_Handbook_of_the_Swatow_Vernacular > section III.,34
Tùi-chié kùe,,Tùi-chié kùe,,,由此過,,Pass by this way.,,,,001_Handbook_of_the_Swatow_Vernacular > section III.,34
Hiá tóh--khí-lâi,,Hiá tóh--khí-lâi,,,彼擇起來,,Pick that up.,,,,001_Handbook_of_the_Swatow_Vernacular > section III.,34
Chí--kâi sàng lṳ́,,Chí--kâi sàng lṳ́,,,只個送汝,此個送爾,This is presented to you.,,,,001_Handbook_of_the_Swatow_Vernacular > section IV.,34
Chhiáⁿ lṳ́ siu,,Chhiáⁿ lṳ́ siu,,,請汝收,請爾收,Please accept it.,,,,001_Handbook_of_the_Swatow_Vernacular > section IV.,34
Kám-siā,,Kám-siā,,,感謝,,Thank you.,,,,001_Handbook_of_the_Swatow_Vernacular > section IV.,34
Pàng--chié,,Pàng--chié,,,放此,,Put it here.,,,,001_Handbook_of_the_Swatow_Vernacular > section IV.,34
Màiⁿ kah i sie-mēⁿ,,Màiⁿ kah i sie-mēⁿ,,,勿佮伊相罵,勿與伊相罵,Don't quarrel with him.,,,,001_Handbook_of_the_Swatow_Vernacular > section IV.,34
Khṳ̀--nō,,Khṳ̀--nō,,,去也,,Go away.,,,,001_Handbook_of_the_Swatow_Vernacular > section IV.,34
Lṳ́ hióu-thák mē?,,Lṳ́ hióu-thák mē?,,,汝曉讀咩,爾曉讀否,Can you read?,,,,001_Handbook_of_the_Swatow_Vernacular > section IV.,34
M̄-hióu,,M̄-hióu,,,毋曉,不曉,I can't.,,,,001_Handbook_of_the_Swatow_Vernacular > section IV.,34
Pàng i khṳ̀,,Pàng i khṳ̀,,,放伊去,,Let him go.,,,,001_Handbook_of_the_Swatow_Vernacular > section IV.,34
I m̄-hàuⁿ khṳ̀,,I m̄-hàuⁿ khṳ̀,,,伊毋好去,伊不好去,He refuses to go.,,,,001_Handbook_of_the_Swatow_Vernacular > section IV.,34
Uá kì-tit lṳ́,,Uá kì-tit lṳ́,,,我記得汝,我記得爾,I remember you.,,,,001_Handbook_of_the_Swatow_Vernacular > section IV.,34
Lṳ́ ũ kì-tit uá mē?,,Lṳ́ ũ kì-tit uá mē?,,,汝有記得我咩,爾有記得我否,Do you remember me?,,,,001_Handbook_of_the_Swatow_Vernacular > section IV.,35
Uá àiⁿ-puaⁿ,,Uá àiⁿ-puaⁿ,,,我愛搬,我要搬,I am going to remove.,,,,001_Handbook_of_the_Swatow_Vernacular > section IV.,35
Àiⁿ-puaⁿ khṳ̀ tî-kò?,,Àiⁿ-puaⁿ khṳ̀ tî-kò?,,,愛搬去底塊,要搬去何處,Where are you going to remove to?,,,,001_Handbook_of_the_Swatow_Vernacular > section IV.,35
Huân-lióu būe-tsai,,Huân-lióu būe-tsai,,,還了未知,,I don't know yet.,,,,001_Handbook_of_the_Swatow_Vernacular > section IV.,35
Kàu tiang-sî chiàⁿ-tsai?,,Kàu tiang-sî chiàⁿ-tsai?,,,到底當時正知,到何時正知,When will you know?,,,,001_Handbook_of_the_Swatow_Vernacular > section IV.,35
Lṳ́ nāⁿ-sĩ àiⁿ-puaⁿ chhíaⁿ lṳ́ kah uá tàⁿ,,Lṳ́ nāⁿ-sĩ àiⁿ-puaⁿ chhíaⁿ lṳ́ kah uá tàⁿ,,,汝若是愛搬。請汝佮我呾,爾若是要搬。請爾與我呾,"If you are going to remove, please tell me.",,,,001_Handbook_of_the_Swatow_Vernacular > section IV.,35
I tńg--lâi a-būe?,,I tńg--lâi a-būe?,,,伊轉來亞未,伊轉來或未,Has he come home?,,,,001_Handbook_of_the_Swatow_Vernacular > section IV.,35
Būe,,Būe,,,未,,He hasn't.,,,,001_Handbook_of_the_Swatow_Vernacular > section IV.,35
Chí--kâi khiéh-khṳ̀ hôiⁿ i,,Chí--kâi khiéh-khṳ̀ hôiⁿ i,,,只個挈去還伊,此個携去還伊,"Take this, go and return it to him.",,,,001_Handbook_of_the_Swatow_Vernacular > section IV.,35
Lṳ́ ũ tshūe mē?,,Lṳ́ ũ tshūe mē?,,,汝有覓咩,爾有覔否,Did you search for it?,,,,001_Handbook_of_the_Swatow_Vernacular > section IV.,35
Ũ. Uá tshūe bô,,Ũ. Uá tshūe bô,,,有。我覓無,有。我覔無,"Yes. I searched, but I couldn't find it.",,,,001_Handbook_of_the_Swatow_Vernacular > section IV.,35
Khiã--khí-lâi,,Khiã--khí-lâi,,,徛起來,立起來,Stand up.,,,,001_Handbook_of_the_Swatow_Vernacular > section IV.,35
Tsõ,,Tsõ,,,坐,,Sit down.,,,,001_Handbook_of_the_Swatow_Vernacular > section IV.,35
Chhiáⁿ lṳ́ kà uá,,Chhiáⁿ lṳ́ kà uá,,,請汝教我,請爾教我,"You teach me, please.",,,,001_Handbook_of_the_Swatow_Vernacular > section IV.,35
I lâi-sûn lṳ́,,I lâi-sûn lṳ́,,,伊來巡汝,伊來巡爾,He comes to visit you.,,,,001_Handbook_of_the_Swatow_Vernacular > section IV.,35
Chhiáⁿ-tán,,Chhiáⁿ-tán,,,請等,請待,Just wait please.,,,,001_Handbook_of_the_Swatow_Vernacular > section IV.,35
Hó,,Hó,,,好,,Very Well.,,,,001_Handbook_of_the_Swatow_Vernacular > section IV.,35
"Chiá màiⁿ, kák-tiòu",,"Chiá màiⁿ, kák-tiòu",,,只個勿。捔掉,此個勿。拋丢,"This is not wanted, throw it away.",,,,001_Handbook_of_the_Swatow_Vernacular > section IV.,35
Uá bõi-siá,,Uá bõi-siá,,,我袂寫,,I can't write.,,,,001_Handbook_of_the_Swatow_Vernacular > section IV.,35
Liù,,Liù,,,快,,Active,,,,001_Handbook_of_the_Swatow_Vernacular > Lesson VI. A List of Introductory Adjectives.,36
Kiaⁿ,,Kiaⁿ,,,驚,,Afraid,,,,001_Handbook_of_the_Swatow_Vernacular > Lesson VI. A List of Introductory Adjectives.,36
ùi,,ùi,,,畏,,Afraid,,,,001_Handbook_of_the_Swatow_Vernacular > Lesson VI. A List of Introductory Adjectives.,36
Uáh,,Uáh,,,活,,Alive,,,,001_Handbook_of_the_Swatow_Vernacular > Lesson VI. A List of Introductory Adjectives.,36
seⁿ,,seⁿ,,,生,,Alive,,,,001_Handbook_of_the_Swatow_Vernacular > Lesson VI. A List of Introductory Adjectives.,36
Lóng-tsóng,,Lóng-tsóng,,,攏總,總共,All,,,,001_Handbook_of_the_Swatow_Vernacular > Lesson VI. A List of Introductory Adjectives.,36
Sióu-lí,,Sióu-lí,,,少禮,羞耻,Ashamed,,,,001_Handbook_of_the_Swatow_Vernacular > Lesson VI. A List of Introductory Adjectives.,36
Aũ,,Aũ,,,後,,Back,,,,001_Handbook_of_the_Swatow_Vernacular > Lesson VI. A List of Introductory Adjectives.,36
M̄-móⁿ,,M̄-móⁿ,,,毋孬,不好,Bad,,,,001_Handbook_of_the_Swatow_Vernacular > Lesson VI. A List of Introductory Adjectives.,36
Siãng-hó,,Siãng-hó,,,上好,,Best,,,,001_Handbook_of_the_Swatow_Vernacular > Lesson VI. A List of Introductory Adjectives.,36
Zú-hó,,Zú-hó,,,愈好,,Better,,,,001_Handbook_of_the_Swatow_Vernacular > Lesson VI. A List of Introductory Adjectives.,36
kèng-hó,,kèng-hó,,,更好,,Better,,,,001_Handbook_of_the_Swatow_Vernacular > Lesson VI. A List of Introductory Adjectives.,36
Ou,,Ou,,,烏,,Black,,,,001_Handbook_of_the_Swatow_Vernacular > Lesson VI. A List of Introductory Adjectives.,36
Nâm,,Nâm,,,藍,,Blue,,,,001_Handbook_of_the_Swatow_Vernacular > Lesson VI. A List of Introductory Adjectives.,36
lâm,,lâm,,,藍,,Blue,,,,001_Handbook_of_the_Swatow_Vernacular > Lesson VI. A List of Introductory Adjectives.,36
Chheⁿ,,Chheⁿ,,,青,靑,"Blue, (sky colour.)",,,,001_Handbook_of_the_Swatow_Vernacular > Lesson VI. A List of Introductory Adjectives.,36
Káⁿ,,Káⁿ,,,敢,,Brave,,,,001_Handbook_of_the_Swatow_Vernacular > Lesson VI. A List of Introductory Adjectives.,36
Kng,,Kng,,,光,,Bright,,,,001_Handbook_of_the_Swatow_Vernacular > Lesson VI. A List of Introductory Adjectives.,36
Khuah,,Khuah,,,闊,,Broad,,,,001_Handbook_of_the_Swatow_Vernacular > Lesson VI. A List of Introductory Adjectives.,36
Phùa,,Phùa,,,破,,Broken,,,,001_Handbook_of_the_Swatow_Vernacular > Lesson VI. A List of Introductory Adjectives.,36
Tsṳ́-sòi,,Tsṳ́-sòi,,,仔細,,Careful,,,,001_Handbook_of_the_Swatow_Vernacular > Lesson VI. A List of Introductory Adjectives.,36
sòi-jī,,sòi-jī,,,細字,,Careful,,,,001_Handbook_of_the_Swatow_Vernacular > Lesson VI. A List of Introductory Adjectives.,36
Chhìn-tshái,,Chhìn-tshái,,,凊彩,隨便,Careless,,,,001_Handbook_of_the_Swatow_Vernacular > Lesson VI. A List of Introductory Adjectives.,36
bô-tsṳ́-sòi,,bô-tsṳ́-sòi,,,無仔細,,Careless,,,,001_Handbook_of_the_Swatow_Vernacular > Lesson VI. A List of Introductory Adjectives.,36
Phiⁿ,,Phiⁿ,,,偏,跌,Cheap,,,,001_Handbook_of_the_Swatow_Vernacular > Lesson VI. A List of Introductory Adjectives.,37
Chheng,,Chheng,,,清,,"Clear, (of water.)",,,,001_Handbook_of_the_Swatow_Vernacular > Lesson VI. A List of Introductory Adjectives.,37
Mêng,,Mêng,,,明,,Clear; (of affairs.),,,,001_Handbook_of_the_Swatow_Vernacular > Lesson VI. A List of Introductory Adjectives.,37
mêng-péh,,mêng-péh,,,明白,,Clear; (of affairs.),,,,001_Handbook_of_the_Swatow_Vernacular > Lesson VI. A List of Introductory Adjectives.,37
Gâu,,Gâu,,,賢[訓],,Clever,,,,001_Handbook_of_the_Swatow_Vernacular > Lesson VI. A List of Introductory Adjectives.,37
khiàng,,khiàng,,,勥,能,Clever,,,,001_Handbook_of_the_Swatow_Vernacular > Lesson VI. A List of Introductory Adjectives.,37
Hip,,Hip,,,翕,,"Close, (not airy.)",,,,001_Handbook_of_the_Swatow_Vernacular > Lesson VI. A List of Introductory Adjectives.,37
Tshou,,Tshou,,,粗,,Coarse,,,,001_Handbook_of_the_Swatow_Vernacular > Lesson VI. A List of Introductory Adjectives.,37
Chhìn,,Chhìn,,,凊,冷,Cold,,,,001_Handbook_of_the_Swatow_Vernacular > Lesson VI. A List of Introductory Adjectives.,37
ngân,,ngân,,,凝,寒,Cold,,,,001_Handbook_of_the_Swatow_Vernacular > Lesson VI. A List of Introductory Adjectives.,37
Khùaⁿ-uáh,,Khùaⁿ-uáh,,,快活,,Comfortable,,,,001_Handbook_of_the_Swatow_Vernacular > Lesson VI. A List of Introductory Adjectives.,37
Zṳ̂,,Zṳ̂,,,挐,菇,Confused,,,,001_Handbook_of_the_Swatow_Vernacular > Lesson VI. A List of Introductory Adjectives.,37
Uan,,Uan,,,彎,灣,Crooked,,,,001_Handbook_of_the_Swatow_Vernacular > Lesson VI. A List of Introductory Adjectives.,37
Tsát,,Tsát,,,密,,Crowded,,,,001_Handbook_of_the_Swatow_Vernacular > Lesson VI. A List of Introductory Adjectives.,37
Hong-hiám,,Hong-hiám,,,風險,荒險,Dangerous,,,,001_Handbook_of_the_Swatow_Vernacular > Lesson VI. A List of Introductory Adjectives.,37
lĩ-hāi,,lĩ-hāi,,,厲害,利害,Dangerous,,,,001_Handbook_of_the_Swatow_Vernacular > Lesson VI. A List of Introductory Adjectives.,37
Àm,,Àm,,,暗,,Dark,,,,001_Handbook_of_the_Swatow_Vernacular > Lesson VI. A List of Introductory Adjectives.,37
Sí,,Sí,,,死,,Dread,,,,001_Handbook_of_the_Swatow_Vernacular > Lesson VI. A List of Introductory Adjectives.,37
Kùi,,Kùi,,,貴,,Dear,,,,001_Handbook_of_the_Swatow_Vernacular > Lesson VI. A List of Introductory Adjectives.,37
Chhim,,Chhim,,,深,,Deep,,,,001_Handbook_of_the_Swatow_Vernacular > Lesson VI. A List of Introductory Adjectives.,37
Oh,,Oh,,,僫,難,Difficult,,,,001_Handbook_of_the_Swatow_Vernacular > Lesson VI. A List of Introductory Adjectives.,37
kan-khóu,,kan-khóu,,,艱苦,,Difficult,,,,001_Handbook_of_the_Swatow_Vernacular > Lesson VI. A List of Introductory Adjectives.,37
Lát,,Lát,,,力,勤,Diligent,,,,001_Handbook_of_the_Swatow_Vernacular > Lesson VI. A List of Introductory Adjectives.,37
Nah-sap,,Nah-sap,,,垃圾,污穢,Dirty,,,,001_Handbook_of_the_Swatow_Vernacular > Lesson VI. A List of Introductory Adjectives.,37
o-tso,,o-tso,,,污糟,,Dirty,,,,001_Handbook_of_the_Swatow_Vernacular > Lesson VI. A List of Introductory Adjectives.,37
Ta,,Ta,,,灱,乾,Dry,,,,001_Handbook_of_the_Swatow_Vernacular > Lesson VI. A List of Introductory Adjectives.,37
Kōi,,Kōi,,,易,,Easy,,,,001_Handbook_of_the_Swatow_Vernacular > Lesson VI. A List of Introductory Adjectives.,38
Kàu,,Kàu,,,夠,,Enough,,,,001_Handbook_of_the_Swatow_Vernacular > Lesson VI. A List of Introductory Adjectives.,38
lã,,lã,,,𤰉,撈,Enough,,,,001_Handbook_of_the_Swatow_Vernacular > Lesson VI. A List of Introductory Adjectives.,38
Ké,,Ké,,,假,,False,,,,001_Handbook_of_the_Swatow_Vernacular > Lesson VI. A List of Introductory Adjectives.,38
Hñg,,Hñg,,,遠,,Far,,,,001_Handbook_of_the_Swatow_Vernacular > Lesson VI. A List of Introductory Adjectives.,38
Méⁿ,,Méⁿ,,,猛,,Fast,,,,001_Handbook_of_the_Swatow_Vernacular > Lesson VI. A List of Introductory Adjectives.,38
hiông,,hiông,,,雄,,Fast,,,,001_Handbook_of_the_Swatow_Vernacular > Lesson VI. A List of Introductory Adjectives.,38
Pûi,,Pûi,,,肥,,Fat,,,,001_Handbook_of_the_Swatow_Vernacular > Lesson VI. A List of Introductory Adjectives.,38
Chhi-gî,,Chhi-gî,,,,生疑,Filthy,,,,001_Handbook_of_the_Swatow_Vernacular > Lesson VI. A List of Introductory Adjectives.,38
Iùⁿ,,Iùⁿ,,,幼,,"Fine, (not coarse.)",,,,001_Handbook_of_the_Swatow_Vernacular > Lesson VI. A List of Introductory Adjectives.,38
Ngaíh,,Ngaíh,,,堅,,"Firm, (steady.)",,,,001_Handbook_of_the_Swatow_Vernacular > Lesson VI. A List of Introductory Adjectives.,38
Ngaíh,,Ngaíh,,,,不動,"Firm, (steady.)",,,,001_Handbook_of_the_Swatow_Vernacular > Lesson VI. A List of Introductory Adjectives.,38
Pêⁿ,,Pêⁿ,,,平,,"Flat, (level.)",,,,001_Handbook_of_the_Swatow_Vernacular > Lesson VI. A List of Introductory Adjectives.,38
Chhiⁿ,,Chhiⁿ,,,鮮,,Fresh,,,,001_Handbook_of_the_Swatow_Vernacular > Lesson VI. A List of Introductory Adjectives.,38
Tsôiⁿ,,Tsôiⁿ,,,前,,Front,,,,001_Handbook_of_the_Swatow_Vernacular > Lesson VI. A List of Introductory Adjectives.,38
Tĩⁿ,,Tĩⁿ,,,漲,滿,Full,,,,001_Handbook_of_the_Swatow_Vernacular > Lesson VI. A List of Introductory Adjectives.,38
Tshù-bī,,Tshù-bī,,,趣味,,Funny,,,,001_Handbook_of_the_Swatow_Vernacular > Lesson VI. A List of Introductory Adjectives.,38
Huaⁿ-hí,,Huaⁿ-hí,,,歡喜,,Glad,,,,001_Handbook_of_the_Swatow_Vernacular > Lesson VI. A List of Introductory Adjectives.,38
Hó,,Hó,,,好,,Good,,,,001_Handbook_of_the_Swatow_Vernacular > Lesson VI. A List of Introductory Adjectives.,38
Chheⁿ,,Chheⁿ,,,青,靑,Green,,,,001_Handbook_of_the_Swatow_Vernacular > Lesson VI. A List of Introductory Adjectives.,38
Lék,,Lék,,,緑,,"Green, (cloth.)",,,,001_Handbook_of_the_Swatow_Vernacular > Lesson VI. A List of Introductory Adjectives.,38
Khùaⁿ-uáh,,Khùaⁿ-uáh,,,快活,,Happy,,,,001_Handbook_of_the_Swatow_Vernacular > Lesson VI. A List of Introductory Adjectives.,38
sóng-khuài,,sóng-khuài,,,爽快,,Happy,,,,001_Handbook_of_the_Swatow_Vernacular > Lesson VI. A List of Introductory Adjectives.,38
Tōiⁿ,,Tōiⁿ,,,𠕆,,Hard,,,,001_Handbook_of_the_Swatow_Vernacular > Lesson VI. A List of Introductory Adjectives.,38
Tãng,,Tãng,,,重,,Heavy,,,,001_Handbook_of_the_Swatow_Vernacular > Lesson VI. A List of Introductory Adjectives.,39
Kûiⁿ,,Kûiⁿ,,,危,高,High,,,,001_Handbook_of_the_Swatow_Vernacular > Lesson VI. A List of Introductory Adjectives.,39
Sêng-sít,,Sêng-sít,,,誠實,,Honest,,,,001_Handbook_of_the_Swatow_Vernacular > Lesson VI. A List of Introductory Adjectives.,39
Sie,,Sie,,,燒,溫,"Hot, (as water.)",,,,001_Handbook_of_the_Swatow_Vernacular > Lesson VI. A List of Introductory Adjectives.,39
Tũaⁿ,,Tũaⁿ,,,惰,,Idle,,,,001_Handbook_of_the_Swatow_Vernacular > Lesson VI. A List of Introductory Adjectives.,39
Hó,,Hó,,,好,,Kind,,,,001_Handbook_of_the_Swatow_Vernacular > Lesson VI. A List of Introductory Adjectives.,39
Mān,,Mān,,,慢,緩,Late,,,,001_Handbook_of_the_Swatow_Vernacular > Lesson VI. A List of Introductory Adjectives.,39
Chié,,Chié,,,少,,Less,,,,001_Handbook_of_the_Swatow_Vernacular > Lesson VI. A List of Introductory Adjectives.,39
kiám,,kiám,,,減,,Less,,,,001_Handbook_of_the_Swatow_Vernacular > Lesson VI. A List of Introductory Adjectives.,39
Khin,,Khin,,,輕,,Light,,,,001_Handbook_of_the_Swatow_Vernacular > Lesson VI. A List of Introductory Adjectives.,39
Lân-ló,,Lân-ló,,,零些,些少,Little,,,,001_Handbook_of_the_Swatow_Vernacular > Lesson VI. A List of Introductory Adjectives.,39
se-su-kiáⁿ,,se-su-kiáⁿ,,,些須囝,些些,Little,,,,001_Handbook_of_the_Swatow_Vernacular > Lesson VI. A List of Introductory Adjectives.,39
tiám-kiáⁿ,,tiám-kiáⁿ,,,點囝,,Little,,,,001_Handbook_of_the_Swatow_Vernacular > Lesson VI. A List of Introductory Adjectives.,39
Lêng-cheng,,Lêng-cheng,,,靈精,,Lively,,,,001_Handbook_of_the_Swatow_Vernacular > Lesson VI. A List of Introductory Adjectives.,39
Tn̂g,,Tn̂g,,,長,,"Long, (not short.)",,,,001_Handbook_of_the_Swatow_Vernacular > Lesson VI. A List of Introductory Adjectives.,39
Kú,,Kú,,,久,,"Long, (of time.)",,,,001_Handbook_of_the_Swatow_Vernacular > Lesson VI. A List of Introductory Adjectives.,39
Kẽ,,Kẽ,,,下,低,Low,,,,001_Handbook_of_the_Swatow_Vernacular > Lesson VI. A List of Introductory Adjectives.,39
Tsōi,,Tsōi,,,㩼,多,"Many, much",,,,001_Handbook_of_the_Swatow_Vernacular > Lesson VI. A List of Introductory Adjectives.,39
Chhi-tshám,,Chhi-tshám,,,淒慘,悽慘,Miseable,,,,001_Handbook_of_the_Swatow_Vernacular > Lesson VI. A List of Introductory Adjectives.,39
Ke,,Ke,,,加,,More,,,,001_Handbook_of_the_Swatow_Vernacular > Lesson VI. A List of Introductory Adjectives.,39
Kṳ̃n,,Kṳ̃n,,,近,,Near,,,,001_Handbook_of_the_Swatow_Vernacular > Lesson VI. A List of Introductory Adjectives.,39
Sin,,Sin,,,新,,New,,,,001_Handbook_of_the_Swatow_Vernacular > Lesson VI. A List of Introductory Adjectives.,39
Hó,,Hó,,,好,,Nice,,,,001_Handbook_of_the_Swatow_Vernacular > Lesson VI. A List of Introductory Adjectives.,39
Kū,,Kū,,,舊,,Old,,,,001_Handbook_of_the_Swatow_Vernacular > Lesson VI. A List of Introductory Adjectives.,40
Lãu,,Lãu,,,老,,"Old, (aged.)",,,,001_Handbook_of_the_Swatow_Vernacular > Lesson VI. A List of Introductory Adjectives.,40
Kùe,,Kùe,,,過,,Past,,,,001_Handbook_of_the_Swatow_Vernacular > Lesson VI. A List of Introductory Adjectives.,40
Kui-kṳ́,,Kui-kṳ́,,,規矩,,Polite,,,,001_Handbook_of_the_Swatow_Vernacular > Lesson VI. A List of Introductory Adjectives.,40
Khiou,,Khiou,,,磽,窮,Poor,,,,001_Handbook_of_the_Swatow_Vernacular > Lesson VI. A List of Introductory Adjectives.,40
kêng,,kêng,,,貧,,Poor,,,,001_Handbook_of_the_Swatow_Vernacular > Lesson VI. A List of Introductory Adjectives.,40
Ngán-tsãi,,Ngán-tsãi,,,眼在,,"Present, at",,,,001_Handbook_of_the_Swatow_Vernacular > Lesson VI. A List of Introductory Adjectives.,40
hīn-tsãi,,hīn-tsãi,,,現在,,"Present, at",,,,001_Handbook_of_the_Swatow_Vernacular > Lesson VI. A List of Introductory Adjectives.,40
Ngiá,,Ngiá,,,雅,,Pretty,,,,001_Handbook_of_the_Swatow_Vernacular > Lesson VI. A List of Introductory Adjectives.,40
Méⁿ,,Méⁿ,,,猛,,Quick,,,,001_Handbook_of_the_Swatow_Vernacular > Lesson VI. A List of Introductory Adjectives.,40
khùe,,khùe,,,快,,Quick,,,,001_Handbook_of_the_Swatow_Vernacular > Lesson VI. A List of Introductory Adjectives.,40
Chheⁿ,,Chheⁿ,,,腥,,Raw,,,,001_Handbook_of_the_Swatow_Vernacular > Lesson VI. A List of Introductory Adjectives.,40
Âng,,Âng,,,紅,,Red,,,,001_Handbook_of_the_Swatow_Vernacular > Lesson VI. A List of Introductory Adjectives.,40
Pù,,Pù,,,富,,Rich,,,,001_Handbook_of_the_Swatow_Vernacular > Lesson VI. A List of Introductory Adjectives.,40
Tiéh,,Tiéh,,,着,,Right,,,,001_Handbook_of_the_Swatow_Vernacular > Lesson VI. A List of Introductory Adjectives.,40
Sék,,Sék,,,熟,,Ripe,,,,001_Handbook_of_the_Swatow_Vernacular > Lesson VI. A List of Introductory Adjectives.,40
Îⁿ,,Îⁿ,,,圓,,Round,,,,001_Handbook_of_the_Swatow_Vernacular > Lesson VI. A List of Introductory Adjectives.,40
Bô-kui-kṳ́,,Bô-kui-kṳ́,,,無規矩,,"Rude, (clownish.)",,,,001_Handbook_of_the_Swatow_Vernacular > Lesson VI. A List of Introductory Adjectives.,40
Huàng-sṳ̀,,Huàng-sṳ̀,,,放肆,,"Rude, (to a superior.)",,,,001_Handbook_of_the_Swatow_Vernacular > Lesson VI. A List of Introductory Adjectives.,40
Pêⁿ-iēⁿ,,Pêⁿ-iēⁿ,,,平樣,,Same,,,,001_Handbook_of_the_Swatow_Vernacular > Lesson VI. A List of Introductory Adjectives.,40
sie-tâng,,sie-tâng,,,相同,,Same,,,,001_Handbook_of_the_Swatow_Vernacular > Lesson VI. A List of Introductory Adjectives.,40
Chhién,,Chhién,,,淺,,Shallow,,,,001_Handbook_of_the_Swatow_Vernacular > Lesson VI. A List of Introductory Adjectives.,40
Chiam,,Chiam,,,尖,,"Sharp, (pointed.)",,,,001_Handbook_of_the_Swatow_Vernacular > Lesson VI. A List of Introductory Adjectives.,40
Lāi,,Lāi,,,利,,"Sharp, (as a a knife.)",,,,001_Handbook_of_the_Swatow_Vernacular > Lesson VI. A List of Introductory Adjectives.,40
Tó,,Tó,,,短,,Short,,,,001_Handbook_of_the_Swatow_Vernacular > Lesson VI. A List of Introductory Adjectives.,41
Pēⁿ,,Pēⁿ,,,病,,Sick,,,,001_Handbook_of_the_Swatow_Vernacular > Lesson VI. A List of Introductory Adjectives.,41
Chhin-chhiẽⁿ,,Chhin-chhiẽⁿ,,,親像,,Similar,,,,001_Handbook_of_the_Swatow_Vernacular > Lesson VI. A List of Introductory Adjectives.,41
Mák-chiu-siap,,Mák-chiu-siap,,,目睭澀,目睛澁,Sleepy,,,,001_Handbook_of_the_Swatow_Vernacular > Lesson VI. A List of Introductory Adjectives.,41
mák--siap,,mák--siap,,,目澀,目澁,Sleepy,,,,001_Handbook_of_the_Swatow_Vernacular > Lesson VI. A List of Introductory Adjectives.,41
Mān,,Mān,,,慢,緩,Slow,,,,001_Handbook_of_the_Swatow_Vernacular > Lesson VI. A List of Introductory Adjectives.,41
Sòi,,Sòi,,,細,,Small,,,,001_Handbook_of_the_Swatow_Vernacular > Lesson VI. A List of Introductory Adjectives.,41
Ku̍t,,Ku̍t,,,滑,,Smooth,,,,001_Handbook_of_the_Swatow_Vernacular > Lesson VI. A List of Introductory Adjectives.,41
Nńg,,Nńg,,,軟,,Soft,,,,001_Handbook_of_the_Swatow_Vernacular > Lesson VI. A List of Introductory Adjectives.,41
Lân-ló,,Lân-ló,,,零須,,Some,,,,001_Handbook_of_the_Swatow_Vernacular > Lesson VI. A List of Introductory Adjectives.,41
Tít,,Tít,,,直,,Straight,,,,001_Handbook_of_the_Swatow_Vernacular > Lesson VI. A List of Introductory Adjectives.,41
Tsàng,,Tsàng,,,壯,,"Strong, (of the body.)",,,,001_Handbook_of_the_Swatow_Vernacular > Lesson VI. A List of Introductory Adjectives.,41
ũ-lát,,ũ-lát,,,有力,,"Strong, (of the body.)",,,,001_Handbook_of_the_Swatow_Vernacular > Lesson VI. A List of Introductory Adjectives.,41
Khiàng,,Khiàng,,,勥,堅,"Strong, (of architecture.)",,,,001_Handbook_of_the_Swatow_Vernacular > Lesson VI. A List of Introductory Adjectives.,41
Ngà,,Ngà,,,㦙,,Stupid,,,,001_Handbook_of_the_Swatow_Vernacular > Lesson VI. A List of Introductory Adjectives.,41
Kãu,,Kãu,,,厚,,Thick,,,,001_Handbook_of_the_Swatow_Vernacular > Lesson VI. A List of Introductory Adjectives.,41
Póh,,Póh,,,薄,,"Thin, (not thick.)",,,,001_Handbook_of_the_Swatow_Vernacular > Lesson VI. A List of Introductory Adjectives.,41
Sán,,Sán,,,㾪,瘦,"Thin, (not stout.)",,,,001_Handbook_of_the_Swatow_Vernacular > Lesson VI. A List of Introductory Adjectives.,41
Kín,,Kín,,,緊,,Tight,,,,001_Handbook_of_the_Swatow_Vernacular > Lesson VI. A List of Introductory Adjectives.,41
Hék,,Hék,,,乏,困,Tired,,,,001_Handbook_of_the_Swatow_Vernacular > Lesson VI. A List of Introductory Adjectives.,41
Chin,,Chin,,,真,眞,True,,,,001_Handbook_of_the_Swatow_Vernacular > Lesson VI. A List of Introductory Adjectives.,41
sít,,sít,,,實,,True,,,,001_Handbook_of_the_Swatow_Vernacular > Lesson VI. A List of Introductory Adjectives.,41
chin-sít,,chin-sít,,,真實,眞實,True,,,,001_Handbook_of_the_Swatow_Vernacular > Lesson VI. A List of Introductory Adjectives.,41
Iá-iēⁿ,,Iá-iēⁿ,,,野樣,醜陋,Ugly,,,,001_Handbook_of_the_Swatow_Vernacular > Lesson VI. A List of Introductory Adjectives.,41
Chheⁿ,,Chheⁿ,,,青,靑,Unripe,,,,001_Handbook_of_the_Swatow_Vernacular > Lesson VI. A List of Introductory Adjectives.,42
Zuáh,,Zuáh,,,熱,,Warm,,,,001_Handbook_of_the_Swatow_Vernacular > Lesson VI. A List of Introductory Adjectives.,42
Khùn,,Khùn,,,困,軟弱,Weak,,,,001_Handbook_of_the_Swatow_Vernacular > Lesson VI. A List of Introductory Adjectives.,42
Tâm,,Tâm,,,㴷,濕,Wet,,,,001_Handbook_of_the_Swatow_Vernacular > Lesson VI. A List of Introductory Adjectives.,42
Lok,,Lok,,,漉,,"Wet, (thoroughly.)",,,,001_Handbook_of_the_Swatow_Vernacular > Lesson VI. A List of Introductory Adjectives.,42
Péh,,Péh,,,白,,White,,,,001_Handbook_of_the_Swatow_Vernacular > Lesson VI. A List of Introductory Adjectives.,42
Ak,,Ak,,,惡,,Wicked,,,,001_Handbook_of_the_Swatow_Vernacular > Lesson VI. A List of Introductory Adjectives.,42
phái,,phái,,,痞,敗,Wicked,,,,001_Handbook_of_the_Swatow_Vernacular > Lesson VI. A List of Introductory Adjectives.,42
M̄-tiéh,,M̄-tiéh,,,毋着,不着,Wrong,,,,001_Handbook_of_the_Swatow_Vernacular > Lesson VI. A List of Introductory Adjectives.,42
tshò,,tshò,,,錯,,Wrong,,,,001_Handbook_of_the_Swatow_Vernacular > Lesson VI. A List of Introductory Adjectives.,42
N̂g,,N̂g,,,黃,,Yellow,,,,001_Handbook_of_the_Swatow_Vernacular > Lesson VI. A List of Introductory Adjectives.,42
Sì-kan,,Sì-kan,,,世間,,The world.,,,,001_Handbook_of_the_Swatow_Vernacular > section I.,42
Thiⁿ-ẽ,,Thiⁿ-ẽ,,,天下,,The world.,,,,001_Handbook_of_the_Swatow_Vernacular > section I.,42
Thiⁿ,,Thiⁿ,,,天,,Heaven.,,,,001_Handbook_of_the_Swatow_Vernacular > section I.,42
Tī,,Tī,,,地,,Earth.,,,,001_Handbook_of_the_Swatow_Vernacular > section I.,42
Suaⁿ,,Suaⁿ,,,山,,"A hill, a mountain.",,,,001_Handbook_of_the_Swatow_Vernacular > section I.,42
Hái,,Hái,,,海,,Sea.,,,,001_Handbook_of_the_Swatow_Vernacular > section I.,42
Tūa-hái,,Tūa-hái,,,大海,,Ocean.,,,,001_Handbook_of_the_Swatow_Vernacular > section I.,42
Tsúi,,Tsúi,,,水,,Water.,,,,001_Handbook_of_the_Swatow_Vernacular > section I.,43
Hái-kîⁿ,,Hái-kîⁿ,,,海墘,,"Sea-coast, sea-side.",,,,001_Handbook_of_the_Swatow_Vernacular > section I.,43
Thôu,,Thôu,,,塗,,"Earth, ground.",,,,001_Handbook_of_the_Swatow_Vernacular > section I.,43
Chhiū,,Chhiū,,,樹,,Trees.,,,,001_Handbook_of_the_Swatow_Vernacular > section I.,43
Hiéh,,Hiéh,,,葉,,Leaves.,,,,001_Handbook_of_the_Swatow_Vernacular > section I.,43
Tūa-chiéh,,Tūa-chiéh,,,大石,,Rocks.,,,,001_Handbook_of_the_Swatow_Vernacular > section I.,43
Chiéh,,Chiéh,,,石,,Stones.,,,,001_Handbook_of_the_Swatow_Vernacular > section I.,43
Chiéh-põu,,Chiéh-põu,,,石部,,Stones.,,,,001_Handbook_of_the_Swatow_Vernacular > section I.,43
Sua,,Sua,,,沙,,Sand.,,,,001_Handbook_of_the_Swatow_Vernacular > section I.,43
Nâng,,Nâng,,,人[訓],,Mankind.,,,,001_Handbook_of_the_Swatow_Vernacular > section I.,43
Ta-pou,,Ta-pou,,,丈夫,男人,Male. (only used of man.),Male.(only used of man.),,,001_Handbook_of_the_Swatow_Vernacular > section I.,43
Tsṳ-niêⁿ,,Tsṳ-niêⁿ,,,諸娘,女人,Female. (only used of man.),Female.(only used of man.),,,001_Handbook_of_the_Swatow_Vernacular > section I.,43
Sì-kan kâi nâng sĩ ak,,Sì-kan kâi nâng sĩ ak,,,世間个人[訓]是惡,世間個人[訓]是惡,The people in the world are wicked.,,,,001_Handbook_of_the_Swatow_Vernacular > section I.,43
Thiⁿ-ẽ sĩ khuah,,Thiⁿ-ẽ sĩ khuah,,,天下是闊,,The world is broad.,,,,001_Handbook_of_the_Swatow_Vernacular > section I.,43
"Siãng-tì tõ thiⁿ, nâng tõ tĩ.",,"Siãng-tì tõ thiⁿ, nâng tõ tĩ.",,,上帝在天。人[訓]在地,,"God is in heaven, and men are on earth.",,,,001_Handbook_of_the_Swatow_Vernacular > section I.,43
"Thiⁿ tõ chīeⁿ, tī tò ẽ",,"Thiⁿ tõ chīeⁿ, tī tò ẽ",,,天在上。地在下,,"Heaven is above, and earth is below.",,,,001_Handbook_of_the_Swatow_Vernacular > section I.,43
"Suaⁿ sĩ kûiⁿ, hái sĩ chhim",,"Suaⁿ sĩ kûiⁿ, hái sĩ chhim",,,山是危。海是深,山是高。海是深,"Mountains are high, and seas are deep.",,,,001_Handbook_of_the_Swatow_Vernacular > section I.,43
Tūa-hái kâi tsúi nâm,,Tūa-hái kâi tsúi nâm,,,大海个水藍,大海個水藍,The waters of the oceans are blue.,,,,001_Handbook_of_the_Swatow_Vernacular > section I.,43
Hái-kîⁿ ũ nâng kiáⁿ,,Hái-kîⁿ ũ nâng kiáⁿ,,,海墘有人[訓]行,,There are people walking on the sea-side.,,,,001_Handbook_of_the_Swatow_Vernacular > section I.,43
Thôu bōi-pûi,,Thôu bōi-pûi,,,塗袂肥,,The soil is not fertile.,,,,001_Handbook_of_the_Swatow_Vernacular > section I.,44
Chhiū bõi-huat,,Chhiū bõi-huat,,,樹袂發,,The trees do not grow.,,,,001_Handbook_of_the_Swatow_Vernacular > section I.,44
"Hiéh tõ lut, chhiū àiⁿ-sí",,"Hiéh tõ lut, chhiū àiⁿ-sí",,,葉在脫。樹愛死,葉在脫。樹要死,"The leaves are falling, and the trees are withering.",,,,001_Handbook_of_the_Swatow_Vernacular > section I.,44
Tõ hái-kîⁿ ũ tūa-chiéh,,Tõ hái-kîⁿ ũ tūa-chiéh,,,在海墘有大石,,There are rocks on the sea-side;,,,,001_Handbook_of_the_Swatow_Vernacular > section I.,44
"Ũ chiéh-põu, ũ sua",,"Ũ chiéh-põu, ũ sua",,,有石部。有沙,,"There are stones, and there is sand.",,,,001_Handbook_of_the_Swatow_Vernacular > section I.,44
Nâng tõ sì m̄-kú,,Nâng tõ sì m̄-kú,,,人[訓]在世毋久,人[訓]在世不久,Man is not long in the world.,,,,001_Handbook_of_the_Swatow_Vernacular > section I.,44
Ta-pou zú-tsàng kùe tsṳ-niêⁿ,,Ta-pou zú-tsàng kùe tsṳ-niêⁿ,,,丈夫愈壯過諸娘,男人愈壯過女人,Man is stronger than woman.,,,,001_Handbook_of_the_Swatow_Vernacular > section I.,44
Ũ-kâi tsṳ-niêⁿ zú-gâu kùe ta-pou,,Ũ-kâi tsṳ-niêⁿ zú-gâu kùe ta-pou,,,有個諸娘愈賢[訓]過丈夫,有個女人愈賢[訓]過男人,Some women are cleverer than men.,,,,001_Handbook_of_the_Swatow_Vernacular > section I.,44
"Tõ Tsóu-ke ũ ke-ke tsṳ-niêⁿ, gâu kùe ta-pou",,"Tõ Tsóu-ke ũ ke-ke tsṳ-niêⁿ, gâu kùe ta-pou",,,在祖家有加加諸娘。賢[訓]過丈夫,在祖家有多多女人。賢[訓]過男人,There are many ladies in England cleverer than men.,,,,001_Handbook_of_the_Swatow_Vernacular > section I.,44
Tn̂g-nâng kâi tsṳ-niêⁿ chié-chié pat-jī,,Tn̂g-nâng kâi tsṳ-niêⁿ chié-chié pat-jī,,,唐人[訓]个諸娘少少識[訓]字,唐人[訓]個女人少少識[訓]字,Very few Chinese ladies can read.,,,,001_Handbook_of_the_Swatow_Vernacular > section I.,44
Ún--kâi tsṳ-niêⁿ lóng-tsóng pat-jī,,Ún--kâi tsṳ-niêⁿ lóng-tsóng pat-jī,,,阮个諸娘攏總識[訓]字,阮個女人總共識[訓]字,Our ladies can all read.,,,,001_Handbook_of_the_Swatow_Vernacular > section I.,44
Jít,,Jít,,,日,,Sun.,,,,001_Handbook_of_the_Swatow_Vernacular > section II.,44
Guéh,,Guéh,,,月,,Moon.,,,,001_Handbook_of_the_Swatow_Vernacular > section II.,44
Chheⁿ,,Chheⁿ,,,星,,Stars.,,,,001_Handbook_of_the_Swatow_Vernacular > section II.,44
Huang,,Huang,,,風,,Wind.,,,,001_Handbook_of_the_Swatow_Vernacular > section II.,44
Hõu,,Hõu,,,雨,,Rain.,,,,001_Handbook_of_the_Swatow_Vernacular > section II.,44
Hûn,,Hûn,,,雲,,Clouds.,,,,001_Handbook_of_the_Swatow_Vernacular > section II.,45
Khẽng,,Khẽng,,,虹,,Rainbow.,,,,001_Handbook_of_the_Swatow_Vernacular > section II.,45
Lûi,,Lûi,,,雷,,"Thunder, lightning.",,,,001_Handbook_of_the_Swatow_Vernacular > section II.,45
Lûi-kong,,Lûi-kong,,,雷公,,"Thunder, lightning.",,,,001_Handbook_of_the_Swatow_Vernacular > section II.,45
Huang-thai,,Huang-thai,,,風颱,,Typhoon.,,,,001_Handbook_of_the_Swatow_Vernacular > section II.,45
Éng,,Éng,,,湧,,Waves.,,,,001_Handbook_of_the_Swatow_Vernacular > section II.,45
Lâu-tsúi,,Lâu-tsúi,,,流水,,Tide.,,,,001_Handbook_of_the_Swatow_Vernacular > section II.,45
Lâu tĩⁿ,,Lâu tĩⁿ,,,流漲,,Flood-tide.,,,,001_Handbook_of_the_Swatow_Vernacular > section II.,45
Lâu khó,,Lâu khó,,,流洘,流退,Ebb-tide.,,,,001_Handbook_of_the_Swatow_Vernacular > section II.,45
Jít tshut a-būe?,,Jít tshut a-būe?,,,日出亞未,日出或未,Has the sun risen?,,,,001_Handbook_of_the_Swatow_Vernacular > section II.,45
Būe,,Būe,,,未,,Not yet.,,,,001_Handbook_of_the_Swatow_Vernacular > section II.,45
Guéh bô jít hièⁿ-kng,,Guéh bô jít hièⁿ-kng,,,月無日向光,,The moon is not so bright as the sun.,,,,001_Handbook_of_the_Swatow_Vernacular > section II.,45
Guéh tõ phû,,Guéh tõ phû,,,月在浮,,The moon is rising.,,,,001_Handbook_of_the_Swatow_Vernacular > section II.,45
Khuaⁿ-khuaⁿ kûiⁿ,,Khuaⁿ-khuaⁿ kûiⁿ,,,寬寬危,漸漸高,It is getting higher and higher by degrees.,,,,001_Handbook_of_the_Swatow_Vernacular > section II.,45
Chheⁿ iáp-iáp-sih,,Chheⁿ iáp-iáp-sih,,,星灼灼熠,星閃閃光,The stars are twinkling.,,,,001_Handbook_of_the_Swatow_Vernacular > section II.,45
Huang tūa,,Huang tūa,,,風大,,The wind is blowing hard.,,,,001_Handbook_of_the_Swatow_Vernacular > section II.,45
Hṳ́-tsâng tū-a-chhiū khoih huang tshue tó--khṳ̀,,Hṳ́-tsâng tū-a-chhiū khoih huang tshue tó--khṳ̀,,,彼欉大樹乞風吹倒去,彼欉大樹被風吹倒去,That large tree has been blown down by the wind.,,,,001_Handbook_of_the_Swatow_Vernacular > section II.,45
Hõu àiⁿ-lâi,,Hõu àiⁿ-lâi,,,雨愛來,雨要來,The rain is coming.,,,,001_Handbook_of_the_Swatow_Vernacular > section II.,45
Lûi-kong tán,,Lûi-kong tán,,,雷公响,,The thunder roars.,,,,001_Handbook_of_the_Swatow_Vernacular > section II.,46
"Lûi-kong nih-mák, lióu chiàⁿ-tân",,"Lûi-kong nih-mák, lióu chiàⁿ-tân",,,雷公攝目。了正响,,"The lightning flashes first, then the thunder roars.",,,,001_Handbook_of_the_Swatow_Vernacular > section II.,46
Hõu tiāⁿ-tiéh sĩ tūa,,Hõu tiāⁿ-tiéh sĩ tūa,,,雨定着是大,,The rain is sure to be a heavy one.,,,,001_Handbook_of_the_Swatow_Vernacular > section II.,46
Tn̂g-nâng káng-kiù lûi-kong m̄-tùi,,Tn̂g-nâng káng-kiù lûi-kong m̄-tùi,,,唐人[訓]講究雷公毋對,唐人[訓]講究雷公不對,What the Chinese discuss about the lightning is not correct.,,,,001_Handbook_of_the_Swatow_Vernacular > section II.,46
Tn̂g-nâng chí-kâi sū m̄-hióu,,Tn̂g-nâng chí-kâi sū m̄-hióu,,,唐人[訓]此個事毋曉,唐人[訓]此事不曉,The Chinese do not understand about this matter.,,,,001_Handbook_of_the_Swatow_Vernacular > section II.,46
Eng-kok-nâng chiũ-hióu,,Eng-kok-nâng chiũ-hióu,,,英國人[訓]就曉,,The English understand.,,,,001_Handbook_of_the_Swatow_Vernacular > section II.,46
Khẽng ũ ke-ke sek,,Khẽng ũ ke-ke sek,,,虹有加加色,虹有多多色,The rainbow has many colours.,,,,001_Handbook_of_the_Swatow_Vernacular > section II.,46
"Ũ âng, ũ péh, ũ nâm, ũ chheⁿ, ũ n̂g",,"Ũ âng, ũ péh, ũ nâm, ũ chheⁿ, ũ n̂g",,,有紅有白有藍有青有黄,有紅有白有藍有靑有黄,"It has red, white, blue, green and yellow.",,,,001_Handbook_of_the_Swatow_Vernacular > section II.,46
Huân-lióu ũ,,Huân-lióu ũ,,,還了有,,It has some more.,,,,001_Handbook_of_the_Swatow_Vernacular > section II.,46
Sĩ ngiá-tsãi,,Sĩ ngiá-tsãi,,,是雅在,,It is very beautiful.,,,,001_Handbook_of_the_Swatow_Vernacular > section II.,46
Nán só-ũ kâi sek sĩ tshông khẽng--kò lâi,,Nán só-ũ kâi sek sĩ tshông khẽng--kò lâi,,,咱所有个色是從虹塊來,咱所有個色是從虹處來,"The colours which we have, come from the rainbow.",,,,001_Handbook_of_the_Swatow_Vernacular > section II.,46
Lâu tĩⁿ a-sĩ khó?,,Lâu tĩⁿ a-sĩ khó?,,,流漲亞是洘,流漲或是洘,Is it high tide or ebb tide?,,,,001_Handbook_of_the_Swatow_Vernacular > section II.,46
Lâu khó,,Lâu khó,,,流洘,流退,It is ebb tide.,,,,001_Handbook_of_the_Swatow_Vernacular > section II.,46
Hái ũ éng mē?,,Hái ũ éng mē?,,,海有湧咩,海有湧否,Are there any waves in the sea?,,,,001_Handbook_of_the_Swatow_Vernacular > section II.,46
"Ũ, éng bõi-tūa",,"Ũ, éng bõi-tūa",,,有。湧袂大,,"Yes, the waves are not big.",,,,001_Handbook_of_the_Swatow_Vernacular > section II.,46
Huang-thai sĩ hong-hiám,,Huang-thai sĩ hong-hiám,,,風颱時風險,風颱時荒險,The typhoon is dangerous.,,,,001_Handbook_of_the_Swatow_Vernacular > section II.,46
Piaⁿ-sng,,Piaⁿ-sng,,,冰霜,,Ice.,,,,001_Handbook_of_the_Swatow_Vernacular > section III.,47
Soh,,Soh,,,雪,,Snow.,,,,001_Handbook_of_the_Swatow_Vernacular > section III.,47
Mông-in,,Mông-in,,,濛煙,濛烟,Mist.,,,,001_Handbook_of_the_Swatow_Vernacular > section III.,47
Lōu-tsúi,,Lōu-tsúi,,,露水,,Dew.,,,,001_Handbook_of_the_Swatow_Vernacular > section III.,47
Phák,,Phák,,,雹,,Hail.,,,,001_Handbook_of_the_Swatow_Vernacular > section III.,47
Kou,,Kou,,,菇,菰,Mould.,,,,001_Handbook_of_the_Swatow_Vernacular > section III.,47
Thiⁿ-sî,,Thiⁿ-sî,,,天時,,Weather.,,,,001_Handbook_of_the_Swatow_Vernacular > section III.,47
Sì-khùi,,Sì-khùi,,,四季,,The four seasons.,,,,001_Handbook_of_the_Swatow_Vernacular > section III.,47
Tshun,,Tshun,,,春,,Spring.,,,,001_Handbook_of_the_Swatow_Vernacular > section III.,47
Hē,,Hē,,,夏,,Summer.,,,,001_Handbook_of_the_Swatow_Vernacular > section III.,47
Chhiu,,Chhiu,,,秋,,Autumn.,,,,001_Handbook_of_the_Swatow_Vernacular > section III.,47
Tang,,Tang,,,冬,,Winter.,,,,001_Handbook_of_the_Swatow_Vernacular > section III.,47
Piaⁿ-sng sĩ ngân-tsãi?,,Piaⁿ-sng sĩ ngân-tsãi,,,冰霜是寒在,,Ice is very cold?,,,,001_Handbook_of_the_Swatow_Vernacular > section III.,47
Soh kàⁿ-sĩ zú-ngân,,Soh kàⁿ-sĩ zú-ngân,,,雪敢是愈寒,,Snow is perhaps colder.,,,,001_Handbook_of_the_Swatow_Vernacular > section III.,47
Nán--chié hán--tit ũ soh,,Nán--chié hán--tit ũ soh,,,咱只塊罕得有雪,咱此處罕得有雪,We seldom have snow at our place here.,,,,001_Handbook_of_the_Swatow_Vernacular > section III.,47
Jít chék-ē tshut mông-in chiũ-sùaⁿ,,Jít chék-ē tshut mông-in chiũ-sùaⁿ,,,日一出濛煙就散,日一出濛烟就散,When the sun rises the mist disperses.,,,,001_Handbook_of_the_Swatow_Vernacular > section III.,47
Chhiū bô lōu-tsúi bõi-uáh,,Chhiū bô lōu-tsúi bõi-uáh,,,樹無露水袂活,,The trees will not grow without dew.,,,,001_Handbook_of_the_Swatow_Vernacular > section III.,47
Hoh-kú nán--chié m̄-pat ũ lóh-phák,,Hoh-kú nán--chié m̄-pat ũ lóh-phák,,,酷久咱只塊毋識[訓]有落雹,好久咱此處不識[訓]有落雹,For a long time we have not had hail here.,,,,001_Handbook_of_the_Swatow_Vernacular > section III.,48
Tang--thiⁿ khiou-kiáⁿ nâng sĩ chhi-tshám,,Tang--thiⁿ khiou-kiáⁿ nâng sĩ chhi-tshám,,,冬天磽囝人[訓]是淒慘,冬天貧窮人是悽慘,In Winter the poor are miserable.,,,,001_Handbook_of_the_Swatow_Vernacular > section III.,48
Pù--kâi-nâng li chhēng-sie,,Pù--kâi-nâng li chhēng-sie,,,富个人[訓]哩穿燒,富個人則穿煖,But the rich are warmly clad.,,,,001_Handbook_of_the_Swatow_Vernacular > section III.,48
Tang--thiⁿ chhin-tsãi,,Tang--thiⁿ chhin-tsãi,,,冬天凊在,冬天冷在,In Winter it is very cold.,,,,001_Handbook_of_the_Swatow_Vernacular > section III.,48
Hē--thiⁿ chiũ-zuáh,,Hē--thiⁿ chiũ-zuáh,,,夏天就熱,,But in Summer it is hot.,,,,001_Handbook_of_the_Swatow_Vernacular > section III.,48
Chék-nîⁿ ũ sì-khùi,,Chék-nîⁿ ũ sì-khùi,,,一年有四季,壹年有四季,There are four seasons in a year.,,,,001_Handbook_of_the_Swatow_Vernacular > section III.,48
Tõ Tsóu-ke Hē--thiⁿ bô chié hièⁿ-zuáh,,Tõ Tsóu-ke Hē--thiⁿ bô chié hièⁿ-zuáh,,,在祖家夏天無只塊向熱,在祖家夏天無此處向熱,In England the Summer is not so hot as here.,,,,001_Handbook_of_the_Swatow_Vernacular > section III.,48
Tang--thiⁿ zú-chhìn chié,,Tang--thiⁿ zú-chhìn chié,,,冬天愈凊只塊,冬天愈凊此處,In Winter it is colder than here.,,,,001_Handbook_of_the_Swatow_Vernacular > section III.,48
Tõ tsóu-ke chék-nîⁿ Tshun--thiⁿ sĩ siãng-hó,,Tõ tsóu-ke chék-nîⁿ Tshun--thiⁿ sĩ siãng-hó,,,在祖家一年春天是上好,在祖家壹年春天是上好,In England Spring is the best of the year.,,,,001_Handbook_of_the_Swatow_Vernacular > section III.,48
"Tshun--thiⁿ kàu--lâi, tsháu lóng-tsóng huat",,"Tshun--thiⁿ kàu--lâi, tsháu lóng-tsóng huat",,,春天到來草攏總發,春天到來草俱皆發,"When Spring comes, all the grass grow.",,,,001_Handbook_of_the_Swatow_Vernacular > section III.,48
Mêng-khí,,Mêng-khí,,,眠起,明早,Morning.,,,,001_Handbook_of_the_Swatow_Vernacular > section IV.,48
Jít-tàu,,Jít-tàu,,,日晝,中午,Noon.,,,,001_Handbook_of_the_Swatow_Vernacular > section IV.,48
Mêⁿ-hng,,Mêⁿ-hng,,,夜昏,,Evening.,,,,001_Handbook_of_the_Swatow_Vernacular > section IV.,48
Chiẽⁿ-kùa,,Chiẽⁿ-kùa,,,上旰,上午,Forenoon.,,,,001_Handbook_of_the_Swatow_Vernacular > section IV.,48
Ẽ-kùa,,Ẽ-kùa,,,下旰,下午,Afternoon.,,,,001_Handbook_of_the_Swatow_Vernacular > section IV.,49
Mêⁿ-hng-kiáⁿ,,Mêⁿ-hng-kiáⁿ,,,夜昏囝,夜昏子,To-night (early.),,,,001_Handbook_of_the_Swatow_Vernacular > section IV.,49
Ke-mêⁿ,,Ke-mêⁿ,,,今夜,,To-night (rather late.),,,,001_Handbook_of_the_Swatow_Vernacular > section IV.,49
Jít,,Jít,,,日,,Sun or day.,,,,001_Handbook_of_the_Swatow_Vernacular > section IV.,49
Guéh,,Guéh,,,月,,Moon or month.,,,,001_Handbook_of_the_Swatow_Vernacular > section IV.,49
Jít--kùa,,Jít--kùa,,,日旰,日間,In the day.,,,,001_Handbook_of_the_Swatow_Vernacular > section IV.,49
Mêⁿ--kùa,,Mêⁿ--kùa,,,夜旰,夜間,In the night.,,,,001_Handbook_of_the_Swatow_Vernacular > section IV.,49
Jít uàⁿ,,Jít uàⁿ,,,日晏,,Late in the day.,,,,001_Handbook_of_the_Swatow_Vernacular > section IV.,49
Jít àm,,Jít àm,,,日暗,,Late in the night.,,,,001_Handbook_of_the_Swatow_Vernacular > section IV.,49
Puàⁿ-mêⁿ,,Puàⁿ-mêⁿ,,,半夜,,Midnight,,,,001_Handbook_of_the_Swatow_Vernacular > section IV.,49
Saⁿ-keⁿ puàⁿ-mêⁿ,,Saⁿ-keⁿ puàⁿ-mêⁿ,,,三更半夜,,"Third watch or midnight, (meaning a very late hour at night.)",,,,001_Handbook_of_the_Swatow_Vernacular > section IV.,49
Mêng-khí ũ nâng lâi a-bô?,,Mêng-khí ũ nâng lâi a-bô?,,,眠起有人[訓]來亞無,明早有人[訓]來或無,Did any body come this morning?,,,,001_Handbook_of_the_Swatow_Vernacular > section IV.,49
Lṳ́ tsai a m̄-tsai?,,Lṳ́ tsai a m̄-tsai?,,,汝知亞毋知,爾知亞不知,Do you know or not?,,,,001_Handbook_of_the_Swatow_Vernacular > section IV.,49
Uá m̄-tsai.,,Uá m̄-tsai.,,,我毋知,我不知,I don't know.,,,,001_Handbook_of_the_Swatow_Vernacular > section IV.,49
Jít-tàu uá m̄-tõ chié chiáh.,,Jít-tàu uá m̄-tõ chié chiáh.,,,日晝我毋在只塊食,中午我不在此處食,I am not going to take dinner here at noon.,,,,001_Handbook_of_the_Swatow_Vernacular > section IV.,49
Uá jít-tàu àiⁿ-khṳ̀ khoih-nâng-chhiáⁿ,,Uá jít-tàu àiⁿ-khṳ̀ khoih-nâng-chhiáⁿ,,,我日晝愛去乞人[訓]請,我中午要去乞人[訓]請,I am invited out for noon.,,,,001_Handbook_of_the_Swatow_Vernacular > section IV.,49
Lṳ́ tiang-sî chiàⁿ-àiⁿ tńg--lâi?,,Lṳ́ tiang-sî chiàⁿ-àiⁿ tńg--lâi?,,,汝底當時正愛轉來,爾何時正要轉來,When will you come back?,,,,001_Handbook_of_the_Swatow_Vernacular > section IV.,49
Mêⁿ-hng chiàⁿ-tńg--lâi,,Mêⁿ-hng chiàⁿ-tńg--lâi,,,夜昏正轉來,,I shall not be back until to-night.,,,,001_Handbook_of_the_Swatow_Vernacular > section IV.,49
Pa-lak ẽ-kùa iā m̄-tsai,,Pa-lak ẽ-kùa iā m̄-tsai,,,或者下旰亦毋知,或者下午亦不知,"Perhaps in the afternoon, but I don't know.",,,,001_Handbook_of_the_Swatow_Vernacular > section IV.,50
Ke-mêⁿ i m̄-tõ,,Ke-mêⁿ i m̄-tõ,,,今夜伊毋在,今夜伊不在,He shall not be at home to-night.,,,,001_Handbook_of_the_Swatow_Vernacular > section IV.,50
Mêⁿ-hng-kiaⁿ iàiⁿ-lâi uá--kò,,Mêⁿ-hng-kiaⁿ iàiⁿ-lâi uá--kò,,,夜昏囝伊愛來我塊,夜昏子伊要來我此處,He is coming to my place to-night.,,,,001_Handbook_of_the_Swatow_Vernacular > section IV.,50
Uá chhiáⁿ i,,Uá chhiáⁿ i,,,我請伊,,I have invited him.,,,,001_Handbook_of_the_Swatow_Vernacular > section IV.,50
I tsoh ũ jiéh-tsōi jít kang?,,I tsoh ũ jiéh-tsōi jít kang?,,,伊作有若㩼日工,伊作有幾多日工,How many days' work has he done?,,,,001_Handbook_of_the_Swatow_Vernacular > section IV.,50
I tsoh ũ chék-kâi guéh,,I tsoh ũ chék-kâi guéh,,,伊作有一個月,伊作有壹個月,He has worked one month.,,,,001_Handbook_of_the_Swatow_Vernacular > section IV.,50
"I jít--kùa tsoh, mêⁿ--kùa iā tsoh",,"I jít--kùa tsoh, mêⁿ--kùa iā tsoh",,,伊日旰作。夜旰亦作,伊日間作。夜間亦作,"He worked in the day, and he also worked in the night.",,,,001_Handbook_of_the_Swatow_Vernacular > section IV.,50
I kái khang-khùe sĩ tàng-tsãi,,I kái khang-khùe sĩ tàng-tsãi,,,伊个工是重在,伊個工是重在,His work is very heavy.,,,,001_Handbook_of_the_Swatow_Vernacular > section IV.,50
Jít būe-àm,,Jít būe-àm,,,日未暗,,It is not yet dark.,,,,001_Handbook_of_the_Swatow_Vernacular > section IV.,50
Lṳ́ út-kàu jít hièⁿ-uàⁿ chiàⁿ-tsáu-khí,,Lṳ́ út-kàu jít hièⁿ-uàⁿ chiàⁿ-tsáu-khí,,,汝夗到日向晏正走起,爾睡到日向晏正走起,"You have slept far into the day, before you got up.",,,,001_Handbook_of_the_Swatow_Vernacular > section IV.,50
Ê-jít lṳ́ m̄-móⁿ út-kàu-hièⁿ uàⁿ,,Ê-jít lṳ́ m̄-móⁿ út-kàu-hièⁿ uàⁿ,,,下日汝毋孬夗到向晏,下日爾不好睡到向晏,"For the future, you must not sleep so late into the day.",,,,001_Handbook_of_the_Swatow_Vernacular > section IV.,50
Jít àm tiéh khṳ̀-út,,Jít àm tiéh khṳ̀-út,,,日暗着去夗,日暗着去睡,"When it is late at night, you must go to bed.",,,,001_Handbook_of_the_Swatow_Vernacular > section IV.,50
Màiⁿ-kàu puàⁿ-méⁿ chiàⁿ-khṳ̀-út,,Màiⁿ-kàu puàⁿ-méⁿ chiàⁿ-khṳ̀-út,,,勿到半夜正去夗,勿到半夜正去睡,Don't let it be midnight before you go to bed.,,,,001_Handbook_of_the_Swatow_Vernacular > section IV.,50
Saⁿ-keⁿ puàⁿ-mêⁿ màiⁿ-khṳ̀-kháu,,Saⁿ-keⁿ puàⁿ-mêⁿ màiⁿ-khṳ̀-kháu,,,三更半夜勿去口,,Don't go out at such a late hour at night.,,,,001_Handbook_of_the_Swatow_Vernacular > section IV.,50
Tsá,,Tsá,,,早,,Early.,,,,001_Handbook_of_the_Swatow_Vernacular > section V.,50
Tsá-tsá,,Tsá-tsá,,,早早,,Very early.,,,,001_Handbook_of_the_Swatow_Vernacular > section V.,50
Thiⁿ-kng,,Thiⁿ-kng,,,天光,,"Day-break, dawn.",,,,001_Handbook_of_the_Swatow_Vernacular > section V.,51
Kiáⁿ-jít,,Kiáⁿ-jít,,,今旦日,今日,Today.,To-day.,,,001_Handbook_of_the_Swatow_Vernacular > section V.,51
Màⁿ-khí,,Màⁿ-khí,,,明旦起,明天,Tomorrow.,To-morrow.,,,001_Handbook_of_the_Swatow_Vernacular > section V.,51
Aũ--jít,,Aũ--jít,,,後日,,Day after tomorrow.,Day after to-morrow.,,,001_Handbook_of_the_Swatow_Vernacular > section V.,51
Tūa--aũ-jít,,Tūa--aũ-jít,,,大後日,,A day later than above.,,,,001_Handbook_of_the_Swatow_Vernacular > section V.,51
Tsa-jít,,Tsa-jít,,,昨日,,Yesterday.,,,,001_Handbook_of_the_Swatow_Vernacular > section V.,51
Tsa-mêⁿ,,Tsa-mêⁿ,,,昨夜,,Last night.,,,,001_Handbook_of_the_Swatow_Vernacular > section V.,51
Jít-jít,,Jít-jít,,,日日,,Every day.,,,,001_Handbook_of_the_Swatow_Vernacular > section V.,51
Pâi-jít,,Pâi-jít,,,排日,,Every day.,,,,001_Handbook_of_the_Swatow_Vernacular > section V.,51
Mêⁿ-nîⁿ,,Mêⁿ-nîⁿ,,,明年,,Next year.,,,,001_Handbook_of_the_Swatow_Vernacular > section V.,51
Nî-nîⁿ,,Nî-nîⁿ,,,年年,,Yearly.,,,,001_Handbook_of_the_Swatow_Vernacular > section V.,51
Pâi-nîⁿ,,Pâi-nîⁿ,,,排年,,Yearly.,,,,001_Handbook_of_the_Swatow_Vernacular > section V.,51
Tsong-kú,,Tsong-kú,,,終久,,Always.,,,,001_Handbook_of_the_Swatow_Vernacular > section V.,51
Tsūa-tsūa,,Tsūa-tsūa,,,次次,,Every occasion.,,,,001_Handbook_of_the_Swatow_Vernacular > section V.,51
Ē-ē,,Ē-ē,,,下下,吓吓,Every occasion.,,,,001_Handbook_of_the_Swatow_Vernacular > section V.,51
Màⁿ-mêng-khí lṳ́ tiéh tsá-tsá tsáu-khí,,Màⁿ-mêng-khí lṳ́ tiéh tsá-tsá tsáu-khí,,,明旦眠起汝着早早走起,明天早爾着早早走起,"Tomorrow morning, you must get up very early.","To-morrow morning, you must get up very early.",,,001_Handbook_of_the_Swatow_Vernacular > section V.,51
Lṳ́ m̄-móⁿ út-kàu jít uàⁿ chiàⁿ-tsáu-khí,,Lṳ́ m̄-móⁿ út-kàu jít uàⁿ chiàⁿ-tsáu-khí,,,汝毋孬夗到日晏正走起,爾不好睡到日晏正走起,You must not sleep until late in the day before you get up.,,,,001_Handbook_of_the_Swatow_Vernacular > section V.,51
Tiéh tsá--chē,,Tiéh tsá--chē,,,着早些,着早者,You must be early.,,,,001_Handbook_of_the_Swatow_Vernacular > section V.,51
"Taⁿ, lṳ́ tiéh it-tit",,"Taⁿ, lṳ́ tiéh it-tit",,,今。汝着憶得,今。爾着憶得,"Now, you must remember.",,,,001_Handbook_of_the_Swatow_Vernacular > section V.,52
M̄-móⁿ m̄-it-tit,,M̄-móⁿ m̄-it-tit,,,毋孬毋憶得,不好不憶得,Don't forget.,,,,001_Handbook_of_the_Swatow_Vernacular > section V.,52
Hó. Uá thiⁿ-kng chiũ àiⁿ tsáu-khí,,Hó. Uá thiⁿ-kng chiũ àiⁿ tsáu-khí,,,好。我天光就愛走起,好。我天光就要走起,Very well. As soon as day-break I will get up.,,,,001_Handbook_of_the_Swatow_Vernacular > section V.,52
Kiáⁿ-jít uá m̄ oíⁿ,,Kiáⁿ-jít uá m̄ oíⁿ,,,今旦日我毋閒,今日我不閑,I am busy today.,I am busy to-day.,,,001_Handbook_of_the_Swatow_Vernacular > section V.,52
Màⁿ-khí chiàⁿ-lâi,,Màⁿ-khí chiàⁿ-lâi,,,明旦起正來,明天正來,Come tomorrow.,Come to-morrow.,,,001_Handbook_of_the_Swatow_Vernacular > section V.,52
Màⁿ-khí zuãn tiang-si,,Màⁿ-khí zuãn tiang-si,,,明旦起任底時,明天隨何時,Any time tomorrow.,Any time to-morrow.,,,001_Handbook_of_the_Swatow_Vernacular > section V.,52
"Hó--lō, lṳ́ hó-khṳ̀",,"Hó--lō, lṳ́ hó-khṳ̀",,,好了。汝好去,好了。爾好去,"That will do, you may go.",,,,001_Handbook_of_the_Swatow_Vernacular > section V.,52
Uá kiáⁿ-jít thàng-jít tõ lāi,,Uá kiáⁿ-jít thàng-jít tõ lāi,,,我今旦日通日在內,我今日終日在內,I am at home all today.,I am at home all to-day.,,,001_Handbook_of_the_Swatow_Vernacular > section V.,52
Màⁿ-khí uá m̄-tõ,,Màⁿ-khí uá m̄-tõ,,,明旦起我毋在,明天我不在,I shall not be at home tomorrow.,,,,001_Handbook_of_the_Swatow_Vernacular > section V.,52
Lṳ́ mín-ēng lâi,,Lṳ́ mín-ēng lâi,,,汝免用來,爾免用來,You need not come.,,,,001_Handbook_of_the_Swatow_Vernacular > section V.,52
Aũ--jít uá chiũ tńg--lâi,,Aũ--jít uá chiũ tńg--lâi,,,後日我就轉來,,I shall be back the day after tomorrow.,I shall be back the day after to-morrow.,,,001_Handbook_of_the_Swatow_Vernacular > section V.,52
Uá tsūa-tsūa lâi-kàu tshūe lṳ́ m̄-tõ,,Uá tsūa-tsūa lâi-kàu tshūe lṳ́ m̄-tõ,,,我次次來到覓汝毋在,我次次來到覔爾不在,"On every occasion of my coming, I could not find you.",,,,001_Handbook_of_the_Swatow_Vernacular > section V.,52
"Uá tsa-jít lâi, tsa-mêⁿ iā lâi",,"Uá tsa-jít lâi, tsa-mêⁿ iā lâi",,,我昨日來。昨夜亦來,,"I came yesterday, and last night as well.",,,,001_Handbook_of_the_Swatow_Vernacular > section V.,52
I tsong-kú sĩ chièⁿ-seⁿ,,I tsong-kú sĩ chièⁿ-seⁿ,,,伊終久是只樣生,伊終久是如此,He is always like this.,,,,001_Handbook_of_the_Swatow_Vernacular > section V.,52
"I sĩ tuãⁿ, tsò-sṳ̄ chhìn-tshái tsò",,"I sĩ tuãⁿ, tsò-sṳ̄ chhìn-tshái tsò",,,伊是惰。做事凊彩做,伊是惰。做事隨便做,"He is idle, and does things carelessly.",,,,001_Handbook_of_the_Swatow_Vernacular > section V.,52
Lṳ́ ẽ-jít m̄-móⁿ chièⁿ-seⁿ,,Lṳ́ ẽ-jít m̄-móⁿ chièⁿ-seⁿ,,,汝下日毋孬只樣生,爾下日不好如此,You must not be like this for the future.,,,,001_Handbook_of_the_Swatow_Vernacular > section V.,52
Lṳ́ tiéh chièⁿ-seⁿ muéh,,Lṳ́ tiéh chièⁿ-seⁿ muéh,,,汝着只樣生物,爾着如此做,You must do it like this.,,,,001_Handbook_of_the_Swatow_Vernacular > section V.,52
"Tiéh kì-tit, jít-jít tiéh chièⁿ-seⁿ",,"Tiéh kì-tit, jít-jít tiéh chièⁿ-seⁿ",,,着記得日日着只樣生,着記得日日着如此,"You must remember, and every day do like this.",,,,001_Handbook_of_the_Swatow_Vernacular > section V.,52
Uá nîⁿ-nîⁿ tiéh-tńg--khṳ̀,,Uá nîⁿ-nîⁿ tiéh-tńg--khṳ̀,,,我年年着轉去,,I must go home every year.,,,,001_Handbook_of_the_Swatow_Vernacular > section V.,53
Uá mêⁿ-nîⁿ àiⁿ-tńg--khṳ̀,,Uá mêⁿ-nîⁿ àiⁿ-tńg--khṳ̀,,,我明年愛轉去,我明年要轉去,I shall go home next year.,,,,001_Handbook_of_the_Swatow_Vernacular > section V.,53
Chék-nîⁿ nāⁿ-sĩ bô-tńg--khṳ̀ chiũ m̄-tsò-tit,,Chék-nîⁿ nāⁿ-sĩ bô-tńg--khṳ̀ chiũ m̄-tsò-tit,,,一年若是無轉去就毋做得,壹年若是無轉去就不做得,"It will not do, unless I go home once a year.",,,,001_Handbook_of_the_Swatow_Vernacular > section V.,53
Chék,,Chék,,,一,,1,,,,001_Handbook_of_the_Swatow_Vernacular > Lesson VIII. numeral.,53
it,,it,,,壹,,1,,,,001_Handbook_of_the_Swatow_Vernacular > Lesson VIII. numeral.,53
Nõⁿ,,Nõⁿ,,,二,,2,,,,001_Handbook_of_the_Swatow_Vernacular > Lesson VIII. numeral.,53
jĩ,,jĩ,,,弍,,2,,,,001_Handbook_of_the_Swatow_Vernacular > Lesson VIII. numeral.,53
Saⁿ,,Saⁿ,,,三,,3,,,,001_Handbook_of_the_Swatow_Vernacular > Lesson VIII. numeral.,53
Sì,,Sì,,,四,,4,,,,001_Handbook_of_the_Swatow_Vernacular > Lesson VIII. numeral.,53
Ngõu,,Ngõu,,,五,,5,,,,001_Handbook_of_the_Swatow_Vernacular > Lesson VIII. numeral.,53
Lák,,Lák,,,六,,6,,,,001_Handbook_of_the_Swatow_Vernacular > Lesson VIII. numeral.,53
Chhit,,Chhit,,,七,,7,,,,001_Handbook_of_the_Swatow_Vernacular > Lesson VIII. numeral.,53
Poih,,Poih,,,八,,8,,,,001_Handbook_of_the_Swatow_Vernacular > Lesson VIII. numeral.,53
Káu,,Káu,,,九,,9,,,,001_Handbook_of_the_Swatow_Vernacular > Lesson VIII. numeral.,53
Tsáp,,Tsáp,,,十,,10,,,,001_Handbook_of_the_Swatow_Vernacular > Lesson VIII. numeral.,53
Tsáp-it,,Tsáp-it,,,〡一,,11,,,,001_Handbook_of_the_Swatow_Vernacular > Lesson VIII. numeral.,53
Tsáp-it,,Tsáp-it,,,十一,,11,,,,001_Handbook_of_the_Swatow_Vernacular > Lesson VIII. numeral.,53
Tsáp-jĩ,,Tsáp-jĩ,,,〡二,,12,,,,001_Handbook_of_the_Swatow_Vernacular > Lesson VIII. numeral.,53
Tsáp-jĩ,,Tsáp-jĩ,,,十二,,12,,,,001_Handbook_of_the_Swatow_Vernacular > Lesson VIII. numeral.,53
Tsáp-saⁿ,,Tsáp-saⁿ,,,〡三,,13,,,,001_Handbook_of_the_Swatow_Vernacular > Lesson VIII. numeral.,53
Tsáp-saⁿ,,Tsáp-saⁿ,,,十三,,13,,,,001_Handbook_of_the_Swatow_Vernacular > Lesson VIII. numeral.,53
Tsáp-sì,,Tsáp-sì,,,〡〤,,14,,,,001_Handbook_of_the_Swatow_Vernacular > Lesson VIII. numeral.,54
Tsáp-sì,,Tsáp-sì,,,十四,,14,,,,001_Handbook_of_the_Swatow_Vernacular > Lesson VIII. numeral.,54
Tsáp-ngõu,,Tsáp-ngõu,,,〡〥,,15,,,,001_Handbook_of_the_Swatow_Vernacular > Lesson VIII. numeral.,54
Tsáp-ngõu,,Tsáp-ngõu,,,十五,,15,,,,001_Handbook_of_the_Swatow_Vernacular > Lesson VIII. numeral.,54
Tsáp-lák,,Tsáp-lák,,,〡〦,,16,,,,001_Handbook_of_the_Swatow_Vernacular > Lesson VIII. numeral.,54
Tsáp-lák,,Tsáp-lák,,,十六,,16,,,,001_Handbook_of_the_Swatow_Vernacular > Lesson VIII. numeral.,54
Tsáp-chhit,,Tsáp-chhit,,,〡〧,,17,,,,001_Handbook_of_the_Swatow_Vernacular > Lesson VIII. numeral.,54
Tsáp-chhit,,Tsáp-chhit,,,十七,,17,,,,001_Handbook_of_the_Swatow_Vernacular > Lesson VIII. numeral.,54
Tsáp-poih,,Tsáp-poih,,,〡〨,,18,,,,001_Handbook_of_the_Swatow_Vernacular > Lesson VIII. numeral.,54
Tsáp-poih,,Tsáp-poih,,,十八,,18,,,,001_Handbook_of_the_Swatow_Vernacular > Lesson VIII. numeral.,54
Tsáp-káu,,Tsáp-káu,,,〡〩,,19,,,,001_Handbook_of_the_Swatow_Vernacular > Lesson VIII. numeral.,54
Tsáp-káu,,Tsáp-káu,,,十九,,19,,,,001_Handbook_of_the_Swatow_Vernacular > Lesson VIII. numeral.,54
Jĩ-tsap,,Jĩ-tsap,,,〢〇,,20,,,,001_Handbook_of_the_Swatow_Vernacular > Lesson VIII. numeral.,54
Jĩ-tsap,,Jĩ-tsap,,,二十,,20,,,,001_Handbook_of_the_Swatow_Vernacular > Lesson VIII. numeral.,54
Jĩ-tsáp-it,,Jĩ-tsáp-it,,,〢一,,21,,,,001_Handbook_of_the_Swatow_Vernacular > Lesson VIII. numeral.,54
Jĩ-tsáp-it,,Jĩ-tsáp-it,,,二十一,,21,,,,001_Handbook_of_the_Swatow_Vernacular > Lesson VIII. numeral.,54
Jĩ-tsáp-jĩ,,Jĩ-tsáp-jĩ,,,〢二,,22,,,,001_Handbook_of_the_Swatow_Vernacular > Lesson VIII. numeral.,54
Jĩ-tsáp-jĩ,,Jĩ-tsáp-jĩ,,,二十二,,22,,,,001_Handbook_of_the_Swatow_Vernacular > Lesson VIII. numeral.,54
Saⁿ-tsáp,,Saⁿ-tsáp,,,〣〇,,30,,,,001_Handbook_of_the_Swatow_Vernacular > Lesson VIII. numeral.,54
Saⁿ-tsáp,,Saⁿ-tsáp,,,三十,,30,,,,001_Handbook_of_the_Swatow_Vernacular > Lesson VIII. numeral.,54
Chék-peh,,Chék-peh,,,〡〇〇百,,100,,,,001_Handbook_of_the_Swatow_Vernacular > Lesson VIII. numeral.,54
Chék-peh,,Chék-peh,,,一百,,100,,,,001_Handbook_of_the_Swatow_Vernacular > Lesson VIII. numeral.,54
Chék-peh tuaⁿ-it,,Chék-peh tuaⁿ-it,,,〡〇〡百,,101,,,,001_Handbook_of_the_Swatow_Vernacular > Lesson VIII. numeral.,54
Chék-peh tuaⁿ-it,,Chék-peh tuaⁿ-it,,,一百單一,,101,,,,001_Handbook_of_the_Swatow_Vernacular > Lesson VIII. numeral.,54
Chék-peh tuaⁿ-jĩ,,Chék-peh tuaⁿ-jĩ,,,〡〇〢百,,102,,,,001_Handbook_of_the_Swatow_Vernacular > Lesson VIII. numeral.,54
Chék-peh tuaⁿ-jĩ,,Chék-peh tuaⁿ-jĩ,,,一百單二,,102,,,,001_Handbook_of_the_Swatow_Vernacular > Lesson VIII. numeral.,54
Chék-peh it-tsáp,,Chék-peh it-tsáp,,,〡一〇百,,110,,,,001_Handbook_of_the_Swatow_Vernacular > Lesson VIII. numeral.,54
Chék-peh it-tsáp,,Chék-peh it-tsáp,,,一百一十,,110,,,,001_Handbook_of_the_Swatow_Vernacular > Lesson VIII. numeral.,54
Chék-peh it-tsáp-it,,Chék-peh it-tsáp-it,,,〡一〡百,,111,,,,001_Handbook_of_the_Swatow_Vernacular > Lesson VIII. numeral.,54
Chék-peh it-tsáp-it,,Chék-peh it-tsáp-it,,,一百一十一,,111,,,,001_Handbook_of_the_Swatow_Vernacular > Lesson VIII. numeral.,54
Chék-peh it-tsáp-jĩ,,Chék-peh it-tsáp-jĩ,,,〡一〢百,,112,,,,001_Handbook_of_the_Swatow_Vernacular > Lesson VIII. numeral.,54
Chék-peh it-tsáp-jĩ,,Chék-peh it-tsáp-jĩ,,,一百一十二,,112,,,,001_Handbook_of_the_Swatow_Vernacular > Lesson VIII. numeral.,54
Chék-peh jĩ-tsáp,,Chék-peh jĩ-tsáp,,,〡二〇百,,120,,,,001_Handbook_of_the_Swatow_Vernacular > Lesson VIII. numeral.,54
Chék-peh jĩ-tsáp,,Chék-peh jĩ-tsáp,,,一百二十,,120,,,,001_Handbook_of_the_Swatow_Vernacular > Lesson VIII. numeral.,54
Nõⁿ-peh,,Nõⁿ-peh,,,〢〇〇百,,200,,,,001_Handbook_of_the_Swatow_Vernacular > Lesson VIII. numeral.,54
Nõⁿ-peh,,Nõⁿ-peh,,,二百,,200,,,,001_Handbook_of_the_Swatow_Vernacular > Lesson VIII. numeral.,54
Saⁿ-peh,,Saⁿ-peh,,,〣〇〇百,,300,,,,001_Handbook_of_the_Swatow_Vernacular > Lesson VIII. numeral.,55
Saⁿ-peh,,Saⁿ-peh,,,三百,,300,,,,001_Handbook_of_the_Swatow_Vernacular > Lesson VIII. numeral.,55
Chék-tshoiⁿ,,Chék-tshoiⁿ,,,〡〇〇〇千,,1000,,,,001_Handbook_of_the_Swatow_Vernacular > Lesson VIII. numeral.,55
Chék-tshoiⁿ,,Chék-tshoiⁿ,,,一千,,1000,,,,001_Handbook_of_the_Swatow_Vernacular > Lesson VIII. numeral.,55
Chék-tshoiⁿ lân-tuaⁿ-it,,Chék-tshoiⁿ lân-tuaⁿ-it,,,〡〇〇〡千,,1001,,,,001_Handbook_of_the_Swatow_Vernacular > Lesson VIII. numeral.,55
Chék-tshoiⁿ lân-tuaⁿ-it,,Chék-tshoiⁿ lân-tuaⁿ-it,,,一千單一,,1001,,,,001_Handbook_of_the_Swatow_Vernacular > Lesson VIII. numeral.,55
Chék-tshoiⁿ lân-tuaⁿ-jĩ,,Chék-tshoiⁿ lân-tuaⁿ-jĩ,,,〡〇〇〢千,,1002,,,,001_Handbook_of_the_Swatow_Vernacular > Lesson VIII. numeral.,55
Chék-tshoiⁿ lân-tuaⁿ-jĩ,,Chék-tshoiⁿ lân-tuaⁿ-jĩ,,,一千單二,,1002,,,,001_Handbook_of_the_Swatow_Vernacular > Lesson VIII. numeral.,55
Chék-tshoiⁿ lân it-tsáp,,Chék-tshoiⁿ lân it-tsáp,,,〡〇〡〇千,,1010,,,,001_Handbook_of_the_Swatow_Vernacular > Lesson VIII. numeral.,55
Chék-tshoiⁿ lân it-tsáp,,Chék-tshoiⁿ lân it-tsáp,,,一千零一十,,1010,,,,001_Handbook_of_the_Swatow_Vernacular > Lesson VIII. numeral.,55
Chék-tshoiⁿ lân it-tsáp-it,,Chék-tshoiⁿ lân it-tsáp-it,,,〡〇〡一千,,1011,,,,001_Handbook_of_the_Swatow_Vernacular > Lesson VIII. numeral.,55
Chék-tshoiⁿ lân it-tsáp-it,,Chék-tshoiⁿ lân it-tsáp-it,,,一千零一十一,,1011,,,,001_Handbook_of_the_Swatow_Vernacular > Lesson VIII. numeral.,55
Chék-tshoiⁿ lân it-tsáp-jĩ,,Chék-tshoiⁿ lân it-tsáp-jĩ,,,〡〇〡二千,,1012,,,,001_Handbook_of_the_Swatow_Vernacular > Lesson VIII. numeral.,55
Chék-tshoiⁿ lân it-tsáp-jĩ,,Chék-tshoiⁿ lân it-tsáp-jĩ,,,一千零一十二,,1012,,,,001_Handbook_of_the_Swatow_Vernacular > Lesson VIII. numeral.,55
Chék-tshoiⁿ lân-jĩ,,Chék-tshoiⁿ lân-jĩ,,,〡〇〢千,,1020,,,,001_Handbook_of_the_Swatow_Vernacular > Lesson VIII. numeral.,55
Chék-tshoiⁿ lân-jĩ,,Chék-tshoiⁿ lân-jĩ,,,一千零二,,1020,,,,001_Handbook_of_the_Swatow_Vernacular > Lesson VIII. numeral.,55
Tshoiⁿ-it,,Tshoiⁿ-it,,,〡一〇千,,1100,,,,001_Handbook_of_the_Swatow_Vernacular > Lesson VIII. numeral.,55
Tshoiⁿ-it,,Tshoiⁿ-it,,,千一,,1100,,,,001_Handbook_of_the_Swatow_Vernacular > Lesson VIII. numeral.,55
Tshoiⁿ peh-tuaⁿ-it,,Tshoiⁿ peh-tuaⁿ-it,,,〡一〇〡千,,1101,,,,001_Handbook_of_the_Swatow_Vernacular > Lesson VIII. numeral.,55
Tshoiⁿ peh-tuaⁿ-it,,Tshoiⁿ peh-tuaⁿ-it,,,千百單一,,1101,,,,001_Handbook_of_the_Swatow_Vernacular > Lesson VIII. numeral.,55
Tshoiⁿ peh-tuaⁿ-jĩ,,Tshoiⁿ peh-tuaⁿ-jĩ,,,〡一〇〢千,,1102,,,,001_Handbook_of_the_Swatow_Vernacular > Lesson VIII. numeral.,55
Tshoiⁿ peh-tuaⁿ-jĩ,,Tshoiⁿ peh-tuaⁿ-jĩ,,,千百單二,,1102,,,,001_Handbook_of_the_Swatow_Vernacular > Lesson VIII. numeral.,55
Tshoiⁿ peh-it,,Tshoiⁿ peh-it,,,〡一〡千,,1110,,,,001_Handbook_of_the_Swatow_Vernacular > Lesson VIII. numeral.,55
Tshoiⁿ peh-it,,Tshoiⁿ peh-it,,,千百一,,1110,,,,001_Handbook_of_the_Swatow_Vernacular > Lesson VIII. numeral.,55
Tshoiⁿ peh it-tsáp-it,,Tshoiⁿ peh it-tsáp-it,,,〡一〡一千,,1111,,,,001_Handbook_of_the_Swatow_Vernacular > Lesson VIII. numeral.,55
Tshoiⁿ peh it-tsáp-it,,Tshoiⁿ peh it-tsáp-it,,,千百一十一,,1111,,,,001_Handbook_of_the_Swatow_Vernacular > Lesson VIII. numeral.,55
Tshoiⁿ peh it-tsáp-jĩ,,Tshoiⁿ peh it-tsáp-jĩ,,,〡一〡二千,,1112,,,,001_Handbook_of_the_Swatow_Vernacular > Lesson VIII. numeral.,55
Tshoiⁿ peh it-tsáp-jĩ,,Tshoiⁿ peh it-tsáp-jĩ,,,千百一十二,,1112,,,,001_Handbook_of_the_Swatow_Vernacular > Lesson VIII. numeral.,55
Tshoiⁿ peh-jĩ,,Tshoiⁿ peh-jĩ,,,〡一〢千,,1120,,,,001_Handbook_of_the_Swatow_Vernacular > Lesson VIII. numeral.,55
Tshoiⁿ peh-jĩ,,Tshoiⁿ peh-jĩ,,,千百二,,1120,,,,001_Handbook_of_the_Swatow_Vernacular > Lesson VIII. numeral.,55
Tshoiⁿ-jĩ,,Tshoiⁿ-jĩ,,,〡二〇千,,1200,,,,001_Handbook_of_the_Swatow_Vernacular > Lesson VIII. numeral.,55
Tshoiⁿ-jĩ,,Tshoiⁿ-jĩ,,,千二,,1200,,,,001_Handbook_of_the_Swatow_Vernacular > Lesson VIII. numeral.,55
Nõⁿ-tshoiⁿ,,Nõⁿ-tshoiⁿ,,,〢〇〇千,,2000,,,,001_Handbook_of_the_Swatow_Vernacular > Lesson VIII. numeral.,55
Nõⁿ-tshoiⁿ,,Nõⁿ-tshoiⁿ,,,二千,,2000,,,,001_Handbook_of_the_Swatow_Vernacular > Lesson VIII. numeral.,55
Chék-buān,,Chék-buān,,,〡〇〇〇万,,10000,,,,001_Handbook_of_the_Swatow_Vernacular > Lesson VIII. numeral.,55
Chék-buān,,Chék-buān,,,一萬,,10000,,,,001_Handbook_of_the_Swatow_Vernacular > Lesson VIII. numeral.,55
Tsáp-buān,,Tsáp-buān,,,〡〇〇〇十万,,100000,,,,001_Handbook_of_the_Swatow_Vernacular > Lesson VIII. numeral.,55
Tsáp-buān,,Tsáp-buān,,,十萬,,100000,,,,001_Handbook_of_the_Swatow_Vernacular > Lesson VIII. numeral.,55
Chék-peh-buān,,Chék-peh-buān,,,〡〇〇〇百万,,1000000,,,,001_Handbook_of_the_Swatow_Vernacular > Lesson VIII. numeral.,55
Chék-peh-buān,,Chék-peh-buān,,,一百萬,,1000000,,,,001_Handbook_of_the_Swatow_Vernacular > Lesson VIII. numeral.,55
Uá lâi,,Uá lâi,,,我來,,I come.,,,,001_Handbook_of_the_Swatow_Vernacular > present tense.,58
Lṳ́ khṳ̀,,Lṳ́ khṳ̀,,,汝去,爾去,You go.,,,,001_Handbook_of_the_Swatow_Vernacular > present tense.,58
I àiⁿ,,I àiⁿ,,,伊愛,伊要,He wants.,,,,001_Handbook_of_the_Swatow_Vernacular > present tense.,58
Ún màiⁿ,,Ún màiⁿ,,,阮勿,,We don't want.,,,,001_Handbook_of_the_Swatow_Vernacular > present tense.,58
Nín sĩ uá kâi phêng-iú,,Nín sĩ uá kâi phêng-iú,,,恁是我个朋友,恁是我個朋友,You are my friends.,,,,001_Handbook_of_the_Swatow_Vernacular > present tense.,58
In sĩ gūa-nâng; I--nâng sĩ gūa-nâng,,In or i--nâng sĩ gūa-nâng,,,𪜶是外人[訓]。伊人[訓]是外人[訓],因。伊人是外人,They are outsiders.,,,,001_Handbook_of_the_Swatow_Vernacular > present tense.,58
I pun uá,,I pun uá,,,伊分我,,He gave me.,,,,001_Handbook_of_the_Swatow_Vernacular > past tense.,59
I tsa-jít lâi,,I tsa-jít lâi,,,伊昨日來,,He came yesterday.,,,,001_Handbook_of_the_Swatow_Vernacular > past tense.,59
I tsa-jít ũ lâi a-bô?,,I tsa-jít ũ lâi a-bô?,,,伊昨日有來亞無,伊昨日有來或無,Did he come yesterday or not?,,,,001_Handbook_of_the_Swatow_Vernacular > past tense.,59
I tsa-jít m̄-chêng lâi; i tsa-jít bô-lâi,,"I tsa-jít m̄-chêng lâi, or i tsa-jít bô-lâi",,,伊昨日毋曾來。伊昨日無來,伊昨日不嘗來。伊昨日無來,He did not come yesterday.,,,,001_Handbook_of_the_Swatow_Vernacular > past tense.,59
Uá tsa-jít chêng--lâi; uá tsa-jít ũ--lâi,,"Uá tsa-jít chêng--lâi, or uá tsa-jít ũ--lâi",,,我昨日曾來。我昨日有來,我昨日嘗來。我昨日有來,I did come yesterday.,,,,001_Handbook_of_the_Swatow_Vernacular > past tense.,59
I lâi--lō,,I lâi--lō,,,伊來了,,He has come.,,,,001_Handbook_of_the_Swatow_Vernacular > perfect tense.,59
Ún tsai--lō,,Ún tsai--lō,,,阮知了,,We have known.,,,,001_Handbook_of_the_Swatow_Vernacular > perfect tense.,59
In kàu--lō,,In kàu--lō,,,因到了,,They have arrived.,,,,001_Handbook_of_the_Swatow_Vernacular > perfect tense.,59
I chiàⁿ-lâi,,I chiàⁿ-lâi,,,伊正來,,He has just come.,,,,001_Handbook_of_the_Swatow_Vernacular > perfect tense.,60
Lṳ́ chi-tsûn chìaⁿ-lâi?,,Lṳ́ chi-tsûn chìaⁿ-lâi?,,,汝此陣正來,爾此時正來,Have you just now come?,,,,001_Handbook_of_the_Swatow_Vernacular > perfect tense.,60
Lṳ́ tsá pat-lâi--chié mē?,,Lṳ́ tsá pat-lâi--chié mē?,,,汝早識[訓]來只塊咩,爾昔識[訓]來此處否,Have you ever been here before?,,,,001_Handbook_of_the_Swatow_Vernacular > perfect tense.,60
Uá tsá m̄-pat lâi--chié,,Uá tsá m̄-pat lâi--chié,,,我早毋識[訓]來只塊,我昔不識來此處,I have never been here before.,,,,001_Handbook_of_the_Swatow_Vernacular > perfect tense.,60
I ũ lâi a-būe?,,I ũ lâi a-būe?,,,伊有來亞未,伊有來或未,Has he come?,,,,001_Handbook_of_the_Swatow_Vernacular > perfect tense.,60
I būe lâi,,I būe lâi,,,伊未來,,He has not come.,,,,001_Handbook_of_the_Swatow_Vernacular > perfect tense.,60
In ũ khṳ̀ a-būe?,,In ũ khṳ̀ a-būe?,,,因有去亞未,因有去或未,Have they gone?,,,,001_Handbook_of_the_Swatow_Vernacular > perfect tense.,60
In būe khṳ̀,,In būe khṳ̀,,,因未去,,They have not gone.,,,,001_Handbook_of_the_Swatow_Vernacular > perfect tense.,60
I màⁿ-khí àiⁿ-lâi,,I màⁿ-khí àiⁿ-lâi,,,伊明旦起愛來,伊明天要來,He will come tomorrow.,He will come to-morrow.,,,001_Handbook_of_the_Swatow_Vernacular > future tense.,61
Khiã-tiām àiⁿ-lóh-hõu,,Khiã-tiām àiⁿ-lóh-hõu,,,霎時愛落雨,霎時要落雨,It will rain bye-and-bye.,,,,001_Handbook_of_the_Swatow_Vernacular > future tense.,61
I tiang-sî chiàⁿ-àiⁿ lâi?,,I tiang-sî chiàⁿ-àiⁿ lâi?,,,伊底當時正愛來,伊何時正要來,When will he come?,,,,001_Handbook_of_the_Swatow_Vernacular > future tense.,61
I khiã-tiām chiàⁿ-àiⁿ-lâi,,I khiã-tiām chiàⁿ-àiⁿ-lâi,,,伊霎時正愛來,伊霎時正要來,He will come bye-and-bye.,,,,001_Handbook_of_the_Swatow_Vernacular > future tense.,61
Uá ẽ-kâi-guêh àiⁿ-tńg,,Uá ẽ-kâi-guêh àiⁿ-tńg,,,我下個月愛轉,我下個月要轉,I shall go home next month.,,,,001_Handbook_of_the_Swatow_Vernacular > future tense.,61
I õi sí a-bõi?,,I õi sí a-bõi?,,,伊會死亞袂,伊會死或袂,Will he die?,,,,001_Handbook_of_the_Swatow_Vernacular > future tense.,61
I bõi--sí,,I bõi--sí,,,伊袂死,,He will not die.,,,,001_Handbook_of_the_Swatow_Vernacular > future tense.,61
I chiang-lâi õi tsò-tūa,,I chiang-lâi õi tsò-tūa,,,伊將來會做大,,He will be great in the future.,,,,001_Handbook_of_the_Swatow_Vernacular > future tense.,61
I õi-siû,,I õi-siû,,,伊會泅,伊會氽,He can swim.,,,,001_Handbook_of_the_Swatow_Vernacular > potential mood.,61
I bõi-tsáu,,I bõi-tsáu,,,伊袂走,,He cannot run.,,,,001_Handbook_of_the_Swatow_Vernacular > potential mood.,61
Lṳ́ ke-mêⁿ õi-tit lâi a-bõi?,,Lṳ́ ke-mêⁿ õi-tit lâi a-bõi?,,,汝今夜回得來亞袂,爾今夜囘得來或袂,Can you come to-night or not?,,,,001_Handbook_of_the_Swatow_Vernacular > potential mood.,62
"Uá m̄-ôiⁿ, uá ke-mêⁿ bõi-tit khṳ̀",,"Uá m̄-ôiⁿ, uá ke-mêⁿ bõi-tit khṳ̀",,,我毋閒。我今夜袂得去,我不閑。我今夜袂得去,"I am busy, I cannot go to-night.",,,,001_Handbook_of_the_Swatow_Vernacular > potential mood.,62
"Lṳ́ thâng-kùa tàⁿ-lṳ́ bõi-tit lái, lṳ́ chí-tsûn tsò-nîⁿ õi-tit lâi?",,"Lṳ́ thâng-kùa tàⁿ-lṳ́ bõi-tit lái, lṳ́ chí-tsûn tsò-nîⁿ õi-tit lâi?",,,汝通旰呾汝袂得來。汝此陣做呢會得來,爾早時呾爾袂得來。爾只囘如何會得來,"You said just now you could not come, how is it you can come now?",,,,001_Handbook_of_the_Swatow_Vernacular > potential mood.,62
"Uá chí-tsûn ôiⁿ, kù-tshṳ́ chiũ õi-tit lâi",,"Uá chí-tsûn ôiⁿ, kù-tshṳ́ chiũ õi-tit lâi",,,我此陣閒。故此就會得來,我只囘閑。故此就會得來,"I have leisure just now, and therefore I can come.",,,,001_Handbook_of_the_Swatow_Vernacular > potential mood.,62
"Lṳ́ nāⁿ-sĩ bô kah i tàⁿ, i bõi-tit tsai",,"Lṳ́ nāⁿ-sĩ bô kah i tàⁿ, i bõi-tit tsai",,,汝若是無佮伊呾。伊袂得知,爾若是無共伊呾。伊袂得知,"If you did not tell him, he could not know it.",,,,001_Handbook_of_the_Swatow_Vernacular > potential mood.,62
Uá hó-khṳ̀ mē?,,Uá hó-khṳ̀ mē?,,,我好去咩,我好去否,May I go?,,,,001_Handbook_of_the_Swatow_Vernacular > potential mood.,62
Lṳ́ hó-khṳ̀,,Lṳ́ hó-khṳ̀,,,汝好去,爾好去,You may go.,,,,001_Handbook_of_the_Swatow_Vernacular > potential mood.,62
Uá hó-tàⁿ mē?,,Uá hó-tàⁿ mē?,,,我好呾咩,我好呾否,May I speak?,,,,001_Handbook_of_the_Swatow_Vernacular > potential mood.,62
Lṳ́ tiéh-lâi,,Lṳ́ tiéh-lâi,,,汝着來,爾着來,"You must, (ought to, or should) come.",,,,001_Handbook_of_the_Swatow_Vernacular > potential mood.,62
Hàm i tiéh tiām-tiām,,Hàm i tiéh tiām-tiām,,,喊伊着恬恬,喊伊着靜靜,Tell him he ought to be silent.,,,,001_Handbook_of_the_Swatow_Vernacular > potential mood.,62
Uá tiéh-hiâm lṳ́,,Uá tiéh-hiâm lṳ́,,,我着嫌汝,我着嫌爾,I must blame you.,,,,001_Handbook_of_the_Swatow_Vernacular > potential mood.,62
Lṳ́ tiéh-jīn lṳ́ kâi m̄-tiéh,,Lṳ́ tiéh-jīn lṳ́ kâi m̄-tiéh,,,汝着認汝个毋着,爾着認爾個不着,You should admit your fault.,,,,001_Handbook_of_the_Swatow_Vernacular > potential mood.,62
Lṳ́ m̄-móⁿ khṳ̀,,Lṳ́ m̄-móⁿ khṳ̀,,,汝毋孬去,爾不可去,You must not go.,,,,001_Handbook_of_the_Swatow_Vernacular > potential mood.,63
Nín m̄-móⁿ pun i khṳ̀,,Nín m̄-móⁿ pun i khṳ̀,,,恁毋孬分伊去,恁不可分伊去,You ought not to let him go.,,,,001_Handbook_of_the_Swatow_Vernacular > potential mood.,63
Nín m̄-móⁿ à,,Nín m̄-móⁿ à,,,恁毋孬詏,恁不可辯,You should not argue.,,,,001_Handbook_of_the_Swatow_Vernacular > potential mood.,63
Lṳ́ khoih tî-tiâng phah?,,Lṳ́ khoih tî-tiâng phah?,,,汝乞底誰拍,爾乞何人打,By whom were you beaten?,,,,001_Handbook_of_the_Swatow_Vernacular > potential mood.,63
Uá pun i phah,,Uá pun i phah,,,我分伊拍,我分伊打,I was beaten by him.,,,,001_Handbook_of_the_Swatow_Vernacular > potential mood.,63
I pun--nâng thâi,,I pun--nâng thâi,,,伊分人[訓]刣,伊分人[訓]殺,He was killed.,,,,001_Handbook_of_the_Swatow_Vernacular > potential mood.,63
Pun tî-tiâng thâi?,,Pun tî-tiâng thâi?,,,分底誰刣,分何人殺,Was killed by whom?,,,,001_Handbook_of_the_Swatow_Vernacular > potential mood.,63
Sĩ pun i thâi a m̄-sĩ?,,Sĩ pun i thâi a m̄-sĩ?,,,是分伊刣亞毋是,是分伊殺或不是,Was he kileld by him or not?,,,,001_Handbook_of_the_Swatow_Vernacular > potential mood.,63
I pun lûi-kong khà-sí,,I pun lûi-kong khà-sí,,,伊分雷公扣死,,He was struck to death by lightning.,,,,001_Handbook_of_the_Swatow_Vernacular > potential mood.,63
I bõi pun--nâng phièn,,I bõi pun--nâng phièn,,,伊袂分人[訓]騙,,He cannot be deceived by people.,,,,001_Handbook_of_the_Swatow_Vernacular > potential mood.,63
I kâi miâⁿ-siaⁿ khoih--nâng o-ló,,I kâi miâⁿ-siaⁿ khoih--nâng o-ló,,,伊个名聲乞人[訓]呵咾,伊個名聲乞人[訓]稱誦,His name is praised by the people.,,,,001_Handbook_of_the_Swatow_Vernacular > potential mood.,63
Nouⁿ-kiáⁿ tõ sńg,,Nouⁿ-kiáⁿ tõ sńg,,,小兒在耍,,The boys are playing.,,,,001_Handbook_of_the_Swatow_Vernacular > potential mood.,64
Uá tõ siá-jī,,Uá tõ siá-jī,,,我在寫字,,I am writing.,,,,001_Handbook_of_the_Swatow_Vernacular > potential mood.,64
A-nôuⁿ tõ khàu,,A-nôuⁿ tõ khàu,,,阿孥在哭,亞奴在哭,The child is crying.,,,,001_Handbook_of_the_Swatow_Vernacular > potential mood.,64
I tàⁿ i àiⁿ-lâi,,I tàⁿ i àiⁿ-lâi,,,伊呾伊愛去,伊呾伊要去,He says he is coming.,,,,001_Handbook_of_the_Swatow_Vernacular > potential mood.,64
I àiⁿ-tńg--khṳ̀,,I àiⁿ-tńg--khṳ̀,,,伊愛轉去,伊要轉去,He is going home.,,,,001_Handbook_of_the_Swatow_Vernacular > potential mood.,64
Zú-tsōi zú-hó,,Zú-tsōi zú-hó,,,愈㩼愈好,愈多愈好,The more the better.,,,,001_Handbook_of_the_Swatow_Vernacular > the comparative degree.,64
Chí--kâi ióu-tūa,,Chí--kâi ióu-tūa,,,只個稍大,,This is a little larger.,,,,001_Handbook_of_the_Swatow_Vernacular > the comparative degree.,64
I ũ zú-tsōi uá,,I ũ zú-tsōi uá,,,伊有愈㩼我,伊有愈多我,He has more than I.,,,,001_Handbook_of_the_Swatow_Vernacular > the comparative degree.,64
Chí--kâi kèng-tn̂g kùe hṳ́-kâi,,Chí--kâi kèng-tn̂g kùe hṳ́-kâi,,,只個敬長過許個,此個敬長過彼個,This is longer than that.,,,,001_Handbook_of_the_Swatow_Vernacular > the comparative degree.,64
"Lṳ́--kâi hó, uá--kâi zú-kèng hó",,"Lṳ́--kâi hó, uá--kâi zú-kèng hó",,,汝个好。我个愈更好,爾个好。我個愈更好,"Yours is good, (but) mine better.",,,,001_Handbook_of_the_Swatow_Vernacular > the comparative degree.,64
I õi-tsáu méⁿ-kùe uá,,I õi-tsáu méⁿ-kùe uá,,,伊會走猛過我,,He can run faster than I.,,,,001_Handbook_of_the_Swatow_Vernacular > the comparative degree.,64
Lṳ́ kiâⁿ méⁿ-kùe i tsáu,,Lṳ́ kiâⁿ méⁿ-kùe i tsáu,,,汝行猛過伊走,爾行猛過伊走,You walk faster than he runs.,,,,001_Handbook_of_the_Swatow_Vernacular > the comparative degree.,64
Tiê-chiu-hú õi iâⁿ-kùe Suaⁿ-thâu a-bõi?,,Tiê-chiu-hú õi iâⁿ-kùe Suaⁿ-thâu a-bõi?,,,潮州府會贏過汕頭亞袂,潮州府會贏過汕頭或袂,Is Ch'ao-chow-fu better than Swatow?,,,,001_Handbook_of_the_Swatow_Vernacular > the comparative degree.,64
Lṳ́ siá kâi jī iâⁿ uá kâi,,Lṳ́ siá kâi jī iâⁿ uá kâi,,,汝寫个字贏我个,爾寫個字贏我個,Your writing is better than mine.,,,,001_Handbook_of_the_Swatow_Vernacular > the comparative degree.,65
I tsò-sṳ̄ iâⁿ lṳ́,,I tsò-sṳ̄ iâⁿ lṳ́,,,伊做s事汝,伊作事事爾,He does things better than you.,,,,001_Handbook_of_the_Swatow_Vernacular > the comparative degree.,65
Lṳ́ bô-ēng su i,,Lṳ́ bô-ēng su i,,,汝無用。輸伊,爾無用。輸伊,"You are no use, and are surpassed by him.",,,,001_Handbook_of_the_Swatow_Vernacular > the comparative degree.,65
Lṳ́ õi tsáu-iâⁿ i mē?,,Lṳ́ õi tsáu-iâⁿ i mē?,,,汝會走贏伊咩,爾會走贏伊否,Can you over take him in running?,,,,001_Handbook_of_the_Swatow_Vernacular > the comparative degree.,65
"Bõi, uá su i",,"Bõi, uá su i",,,袂。我輸伊,,"No, I am behind him in running.",,,,001_Handbook_of_the_Swatow_Vernacular > the comparative degree.,65
Ũ siãng-tūa--kâi mē?,,Ũ siãng-tūa--kâi mē?,,,有上大个咩,有上大個否,Have you the largest one?,,,,001_Handbook_of_the_Swatow_Vernacular > the superlative degree.,65
Chí--kâi chiũ-sĩ siãng-tūa kâi,,Chí--kâi chiũ-sĩ siãng-tūa kâi,,,只個就是上大个,此個就是上大個,This is the largest one.,,,,001_Handbook_of_the_Swatow_Vernacular > the superlative degree.,65
Uá àiⁿ siãng-téng-hó--kâi,,Uá àiⁿ siãng-téng-hó--kâi,,,我愛上頂好个,我要上頂好個,I want the best (quality.),,,,001_Handbook_of_the_Swatow_Vernacular > the superlative degree.,65
Pài-it,,Pài-it,,,拜一,拜乙,Monday.,,,,001_Handbook_of_the_Swatow_Vernacular > section I.,65
Pài-jĩ,,Pài-jĩ,,,拜二,拜弍,Tuesday.,,,,001_Handbook_of_the_Swatow_Vernacular > section I.,65
Pài-saⁿ,,Pài-saⁿ,,,拜三,,Wednesday.,,,,001_Handbook_of_the_Swatow_Vernacular > section I.,65
Pài-sì,,Pài-sì,,,拜四,,Thursday.,,,,001_Handbook_of_the_Swatow_Vernacular > section I.,65
Pài-ngõu,,Pài-ngõu,,,拜五,拜伍,Friday.,,,,001_Handbook_of_the_Swatow_Vernacular > section I.,66
Pài-lák,,Pài-lák,,,拜六,,Saturday.,,,,001_Handbook_of_the_Swatow_Vernacular > section I.,66
Lói-pài,,Lói-pài,,,禮拜,,Sunday.,,,,001_Handbook_of_the_Swatow_Vernacular > section I.,66
Chiaⁿ--guéh,,Chiaⁿ--guéh,,,正月,,First moon or New Year's days.,,,,001_Handbook_of_the_Swatow_Vernacular > section I.,66
Jĩ--guéh,,Jĩ--guéh,,,二月,,Second moon.,,,,001_Handbook_of_the_Swatow_Vernacular > section I.,66
Saⁿ-guéh,,Saⁿ-guéh,,,三月,,Third moon.,,,,001_Handbook_of_the_Swatow_Vernacular > section I.,66
Kiáⁿ-jít pài-kúi?,,Kiáⁿ-jít pài-kúi?,,,今旦日拜幾,今日拜几,What day of the week is today?,What day of the week is to-day?,,,001_Handbook_of_the_Swatow_Vernacular > section I.,66
Kiáⁿ-jít pài-it,,Kiáⁿ-jít pài-it,,,今旦日拜一,今日拜乙,Today is Monday.,To-day is Monday.,,,001_Handbook_of_the_Swatow_Vernacular > section I.,66
Lṳ́ ẽ-kâi pài-it lâi,,Lṳ́ ẽ-kâi pài-it lâi,,,汝下個拜一來,爾下個拜乙來,You come on Monday next.,,,,001_Handbook_of_the_Swatow_Vernacular > section I.,66
Uá chí-kâi lói-pài m̄-ôiⁿ tsãi,,Uá chí-kâi lói-pài m̄-ôiⁿ tsãi,,,我只個禮拜毋閒在,我此個禮拜不閑在,I am very busy this week.,,,,001_Handbook_of_the_Swatow_Vernacular > section I.,66
Uá màⁿ-khí kâi sṳ̄ tsōi-tsāi,,Uá màⁿ-khí kâi sṳ̄ tsōi-tsāi,,,我明旦起个事㩼在,我明天个事多在,I shall have a great deal of work tomorrow.,I shall have a great deal of work to-morrow.,,,001_Handbook_of_the_Swatow_Vernacular > section I.,66
Sin-seⁿ lṳ́ màⁿ-khí tsá--chē-lâi,,Sin-seⁿ lṳ́ màⁿ-khí tsá--chē-lâi,,,先生汝明旦起早些來,先生爾明天早者來,"Teacher, you come a little earlier tomorrow.",,,,001_Handbook_of_the_Swatow_Vernacular > section I.,66
"Uá àiⁿ-ták lân-ló, lióu lṳ́ hó-tńg--khṳ̀",,"Uá àiⁿ-ták lân-ló, lióu lṳ́ hó-tńg--khṳ̀",,,我愛讀零些。了汝好轉來,我要讀零些。了爾好轉來,"I will read a little, and then you can go.",,,,001_Handbook_of_the_Swatow_Vernacular > section I.,66
Pài-saⁿ sin-seⁿ lṳ́ mín-ēng lâi,,Pài-saⁿ sin-seⁿ lṳ́ mín-ēng lâi,,,拜三先生汝免用來,拜三先生爾免用來,"On Wednesday, teacher, you needn't come.",,,,001_Handbook_of_the_Swatow_Vernacular > section I.,66
Pài-sì uá m̄-tõ,,Pài-sì uá m̄-tõ,,,拜四我毋在,拜四我不在,I shan't be at home on Thursday.,,,,001_Handbook_of_the_Swatow_Vernacular > section I.,66
Pài-ngõu uá pa-lak tńg--lâi,,Pài-ngõu uá pa-lak tńg--lâi,,,拜五我或者轉來,拜伍我或者轉來,"Probably, I shall be back on Friday.",,,,001_Handbook_of_the_Swatow_Vernacular > section I.,66
"Bô tiāⁿ-tiéh, pài-lák iā m̄-tsai",,"Bô tiāⁿ-tiéh, pài-lák iā m̄-tsai",,,無定着。拜六亦毋知,無定着。拜陸亦不知,"I am not sure, I might come back on Saturday.",,,,001_Handbook_of_the_Swatow_Vernacular > section I.,66
Lṳ́ pài-lák ẽ-kùa lâi,,Lṳ́ pài-lák ẽ-kùa lâi,,,汝拜六下旰來,爾拜陸下午來,You come on Saturday afternoon.,,,,001_Handbook_of_the_Swatow_Vernacular > section I.,67
Lói-pài-jít uá àiⁿ-khṳ̀ lói-pài,,Lói-pài-jít uá àiⁿ-khṳ̀ lói-pài,,,禮拜日我愛去禮拜,禮拜日我要去禮拜,On Sunday I go to worship.,,,,001_Handbook_of_the_Swatow_Vernacular > section I.,67
Ke m̄-kú chiũ chiaⁿ--guéh,,Ke m̄-kú chiũ chiaⁿ--guéh,,,加毋久就正月,加不久就正月,Before long it will be the New Year.,,,,001_Handbook_of_the_Swatow_Vernacular > section I.,67
Jĩ--guéh huân-lióu sĩ chhìn,,Jĩ--guéh huân-lióu sĩ chhìn,,,二月還了是凊,弍月還了是冷,The second moon is still cold.,,,,001_Handbook_of_the_Swatow_Vernacular > section I.,67
Saⁿ--guéh ióu-tsuáh,,Saⁿ--guéh ióu-tsuáh,,,三月稍絀,叁月稍絀,The third moon is a little less (cold.),,,,001_Handbook_of_the_Swatow_Vernacular > section I.,67
Chhiu-it,,Chhiu-it,,,初一,初乙,First day of the moon.,,,,001_Handbook_of_the_Swatow_Vernacular > section II.,67
Chhiu-jĩ,,Chhiu-jĩ,,,初二,初弍,Second day of the moon.,,,,001_Handbook_of_the_Swatow_Vernacular > section II.,67
Chhiu-saⁿ,,Chhiu-saⁿ,,,初三,,Third day of the moon.,,,,001_Handbook_of_the_Swatow_Vernacular > section II.,67
Tsáp-it,,Tsáp-it,,,十一,拾乙,Eleventh day of the moon.,,,,001_Handbook_of_the_Swatow_Vernacular > section II.,67
Tsáp-jĩ,,Tsáp-jĩ,,,十二,拾弍,Twelfth day of the moon.,,,,001_Handbook_of_the_Swatow_Vernacular > section II.,67
Guéh tūa,,Guéh tūa,,,月大,,A long moon.,,,,001_Handbook_of_the_Swatow_Vernacular > section II.,67
Guéh sié,,Guéh sié,,,月小,,A short moon.,,,,001_Handbook_of_the_Swatow_Vernacular > section II.,67
Zūn-guéh,,Zūn-guéh,,,閏月,,An intercalary moon.,,,,001_Handbook_of_the_Swatow_Vernacular > section II.,67
Jít síh,,Jít síh,,,日蝕,,An eclipse of the sun.,,,,001_Handbook_of_the_Swatow_Vernacular > section II.,67
Guéh síh,,Guéh síh,,,月蝕,,An eclipse of the moon.,,,,001_Handbook_of_the_Swatow_Vernacular > section II.,67
An-keⁿ,,An-keⁿ,,,安更,,First watch from 7 to 9 p.m.,,,,001_Handbook_of_the_Swatow_Vernacular > section II.,67
Jĩ-keⁿ,,Jĩ-keⁿ,,,二更,弍更,Second watch from 9 to 11 p.m.,,,,001_Handbook_of_the_Swatow_Vernacular > section II.,67
Saⁿ-keⁿ,,Saⁿ-keⁿ,,,三更,,Third watch from 11 to 1 a.m.,,,,001_Handbook_of_the_Swatow_Vernacular > section II.,67
Sì-keⁿ,,Sì-keⁿ,,,四更,,Fourth watch from 1 to 9 a.m.,,,,001_Handbook_of_the_Swatow_Vernacular > section II.,67
Ngõu-keⁿ,,Ngõu-keⁿ,,,五更,,Fifth watch from 3 to 5 a.m.,,,,001_Handbook_of_the_Swatow_Vernacular > section II.,67
Kiáⁿ-jít tiang-sî?,,Kiáⁿ-jít tiang-sî?,,,今旦日底當時,今日何時,What is to day?,,,,001_Handbook_of_the_Swatow_Vernacular > section II.,68
Kiáⁿ-jít chhit--guéh chhiu-it,,Kiáⁿ-jít chhit--guéh chhiu-it,,,今旦日七月初一,今日七月初乙,Today is the first of the seventh moon.,To-day is the first of the seventh moon.,,,001_Handbook_of_the_Swatow_Vernacular > section II.,68
Tsáp-it lói-pài,,Tsáp-it lói-pài,,,十一禮拜,拾乙禮拜,The eleventh (Chinese month) will be Sunday.,,,,001_Handbook_of_the_Swatow_Vernacular > section II.,68
Sĩ a m̄-sĩ?,,Sĩ a m̄-sĩ?,,,是亞毋是,是或不是,Is it or is it not?,,,,001_Handbook_of_the_Swatow_Vernacular > section II.,68
Uá thóiⁿ láh-jíh chiũ-tsai,,Uá thóiⁿ láh-jíh chiũ-tsai,,,我睇歷日就知,我看歷日就知,"Let me see the calendar, and I will know it.",,,,001_Handbook_of_the_Swatow_Vernacular > section II.,68
"Láh-jít tõ--chié, tsáp-jĩ chiàⁿ-sĩ lói-pài",,"Láh-jít tõ--chié, tsáp-jĩ chiàⁿ-sĩ lói-pài",,,歷日在此。十二正是禮拜,歷日在此。拾弍正是禮拜,"Here's the calendar, the twelfth will be Sunday.",,,,001_Handbook_of_the_Swatow_Vernacular > section II.,68
M̄-sĩ tsáp-it,,M̄-sĩ tsáp-it,,,毋是十一,不是十乙,It's not the eleventh.,,,,001_Handbook_of_the_Swatow_Vernacular > section II.,68
Chí-kâi guéh tuā a-sĩ sié?,,Chí-kâi guéh tuā a-sĩ sié?,,,只個月大亞是小,此個月大或是小,Is this moon long or short?,,,,001_Handbook_of_the_Swatow_Vernacular > section II.,68
M̄-tsai,,M̄-tsai,,,毋知,不知,I don't know.,,,,001_Handbook_of_the_Swatow_Vernacular > section II.,68
"Guéh tuā chiũ saⁿ-tsáp, guéh sié chiũ jíh-káu",,"Guéh tuā chiũ saⁿ-tsáp, guéh sié chiũ jíh-káu",,,月大就三十。月小就廿九,,"In a great moon there will be thirty days, and in a small moon twenty nine.",,,,001_Handbook_of_the_Swatow_Vernacular > section II.,68
Ke-nîⁿ ũ zūn-guéh mē?,,Ke-nîⁿ ũ zūn-guéh mē?,,,今年有閏月咩,今年有閏月否,Is there an intercalary moon this year?,,,,001_Handbook_of_the_Swatow_Vernacular > section II.,68
Ũ,,Ũ,,,有。閏五,,"Yes, the fifth intercalary moon.",,,,001_Handbook_of_the_Swatow_Vernacular > section II.,68
zūn-ngõu,,zūn-ngõu,,,有。閏五,,"Yes, the fifth intercalary moon.",,,,001_Handbook_of_the_Swatow_Vernacular > section II.,68
Tsa-mêⁿ guéh síh lṳ́ ũ thóiⁿ a-bô?,,Tsa-mêⁿ guéh síh lṳ́ ũ thóiⁿ a-bô?,,,昨夜月蝕汝有睇亞無,昨夜月蝕爾有看或無,"Last night there was an eclipse of the moon, did you see it?",,,,001_Handbook_of_the_Swatow_Vernacular > section II.,68
"M̄-chêng, uá tõ út",,"M̄-chêng, uá tõ út",,,毋曾。我在夗,不嘗。我在睡,"No, I was in bed.",,,,001_Handbook_of_the_Swatow_Vernacular > section II.,68
Tsá-mêⁿ saⁿ-keⁿ síh,,Tsá-mêⁿ saⁿ-keⁿ síh,,,昨夜三更蝕,,The eclipse took place at the third watch last night.,,,,001_Handbook_of_the_Swatow_Vernacular > section II.,68
"Uá nāⁿ-sĩ tsai, uá tsáu-khí lâi-thóiⁿ",,"Uá nāⁿ-sĩ tsai, uá tsáu-khí lâi-thóiⁿ",,,我若是知。我走起来睇,我若是知。我走起来看,"If I had known, I would have got up to see it.",,,,001_Handbook_of_the_Swatow_Vernacular > section II.,68
Lṳ́ tsa-jít bô kah uá tàⁿ,,Lṳ́ tsa-jít bô kah uá tàⁿ,,,汝昨日無佮我呾,爾昨日無共我呾,You didn't tell me yesterday.,,,,001_Handbook_of_the_Swatow_Vernacular > section II.,68
Uá tsa-jít m̄-kì-tit kah lṳ́ tàⁿ,,Uá tsa-jít m̄-kì-tit kah lṳ́ tàⁿ,,,我昨日毋記得佮汝呾,我昨日不記得共爾呾,I forgot to tell you yesterday.,,,,001_Handbook_of_the_Swatow_Vernacular > section II.,69
Lṳ́ tsai jít tiang-sî chiàⁿ-síh?,,Lṳ́ tsai jít tiang-sî chiàⁿ-síh?,,,汝知日底當時正蝕,爾知日何時正蝕,Do you know when there will be an eclipse of the sun?,,,,001_Handbook_of_the_Swatow_Vernacular > section II.,69
"M̄-tsai, uá bô láh-jít",,"M̄-tsai, uá bô láh-jít",,,毋知。我無歷日,不知。我無歷日,"I don't know, I haven't got a calendar.",,,,001_Handbook_of_the_Swatow_Vernacular > section II.,69
Uá tsa-mêⁿ thàng-mêⁿ bõi-út,,Uá tsa-mêⁿ thàng-mêⁿ bõi-út,,,我昨夜通夜袂夗,我昨夜終夜袂睡,I couldn't sleep the whole of last night.,,,,001_Handbook_of_the_Swatow_Vernacular > section II.,69
Chiéⁿ-keⁿ--kâi-nâng tsa-mêⁿ bô chiéⁿ,,Chiéⁿ-keⁿ--kâi-nâng tsa-mêⁿ bô chiéⁿ,,,巡更个人[訓]昨夜無掌,巡更個人[訓]昨夜無掌,The watchman didn't watch last night.,,,,001_Handbook_of_the_Swatow_Vernacular > section II.,69
Tshù,,Tshù,,,厝,,A house.,,,,001_Handbook_of_the_Swatow_Vernacular > section I.,69
Tī-kha,,Tī-kha,,,地骹,地脚,Foundation.,,,,001_Handbook_of_the_Swatow_Vernacular > section I.,69
Hue,,Hue,,,灰,,Lime.,,,,001_Handbook_of_the_Swatow_Vernacular > section I.,69
Chhiêⁿ,,Chhiêⁿ,,,墻,,Wall.,,,,001_Handbook_of_the_Swatow_Vernacular > section I.,69
Tshù-téng,,Tshù-téng,,,厝頂,,Roof.,,,,001_Handbook_of_the_Swatow_Vernacular > section I.,69
Tshù-hiã,,Tshù-hiã,,,厝瓦,,Tiles (roof.),,,,001_Handbook_of_the_Swatow_Vernacular > section I.,69
Tòng-êⁿ,,Tòng-êⁿ,,,棟樑,,A beam.,,,,001_Handbook_of_the_Swatow_Vernacular > section I.,69
êⁿ,,êⁿ,,,樑,,A beam.,,,,001_Handbook_of_the_Swatow_Vernacular > section I.,69
Thiõu,,Thiõu,,,柱,,"A pillar, a post.",,,,001_Handbook_of_the_Swatow_Vernacular > section I.,69
Tsng,,Tsng,,,磚,,Tiles (floor.),,,,001_Handbook_of_the_Swatow_Vernacular > section I.,69
Âng-tsng,,Âng-tsng,,,紅磚,,Bricks.,,,,001_Handbook_of_the_Swatow_Vernacular > section I.,70
Thôu-kha,,Thôu-kha,,,塗骹,塗脚,Floor (earth of tile.),,,,001_Handbook_of_the_Swatow_Vernacular > section I.,70
Hue-tiâⁿ,,Hue-tiâⁿ,,,灰埕,,Lime floor.,,,,001_Handbook_of_the_Swatow_Vernacular > section I.,70
Lâu-pang,,Lâu-pang,,,樓枋,,Board floor.,,,,001_Handbook_of_the_Swatow_Vernacular > section I.,70
Lân-kan,,Lân-kan,,,欄杆,,Railing.,,,,001_Handbook_of_the_Swatow_Vernacular > section I.,70
Àiⁿ khí-tshù tiéh ũ tī-kha,,Àiⁿ khí-tshù tiéh ũ tī-kha,,,愛建厝着有地骹,要建厝着有地脚,"To build a house, there must be a foundation.",,,,001_Handbook_of_the_Swatow_Vernacular > section I.,70
"Tī-kha chhim, tshù chiũ khiàng",,"Tī-kha chhim, tshù chiũ khiàng",,,地骹深。厝就勥,地脚深。厝就堅,"If the foundation is deep, then the house will be strong.",,,,001_Handbook_of_the_Swatow_Vernacular > section I.,70
Bô tī-kha tshù bõi-khiã,,Bô tī-kha tshù bõi-khiã,,,無地骹厝袂徛,無地脚厝袂站,"Without a foundation, the house will not stand.",,,,001_Handbook_of_the_Swatow_Vernacular > section I.,70
"Hue chhiet-iòu tiéh kàu, bô, chhiêⁿ bõi-tōiⁿ",,"Hue chhiet-iòu tiéh kàu, bô, chhiêⁿ bõi-tōiⁿ",,,灰切要着夠。無。墻袂𠕆,灰切要着足。無。墻袂𠕆,"It is important to have sufficient lime, otherwise, the walls will not be hard.",,,,001_Handbook_of_the_Swatow_Vernacular > section I.,70
Uá kâi tshù-téng kâi tshù-hiã ũ lân-kò phùa,,Uá kâi tshù-téng kâi tshù-hiã ũ lân-kò phùa,,,我个厝頂个厝瓦有零塊破,我個厝頂個厝瓦有零塊破,Some of the tiles on my roof are broken.,,,,001_Handbook_of_the_Swatow_Vernacular > section I.,70
Tshù lāu,,Tshù lāu,,,厝漏,,The house leaks.,,,,001_Handbook_of_the_Swatow_Vernacular > section I.,70
Uá àiⁿ-kiè sai-pẽ lâi siu-síp,,Uá àiⁿ-kiè sai-pẽ lâi siu-síp,,,我愛叫司阜來修拾,我要呌司阜來修整,I want to get a bulder to repair it.,,,,001_Handbook_of_the_Swatow_Vernacular > section I.,70
Chí-ki thiõu tuā-ki,,Chí-ki thiõu tuā-ki,,,此枝柱大枝,,This pillar is large.,,,,001_Handbook_of_the_Swatow_Vernacular > section I.,70
Thôu-kha kâi âng-tsng phùa,,Thôu-kha kâi âng-tsng phùa,,,塗骹个紅磚破,塗脚個紅磚破,The bricks of the floor are broken.,,,,001_Handbook_of_the_Swatow_Vernacular > section I.,70
Kiè sai-pẽ lâi póu,,Kiè sai-pẽ lâi póu,,,叫司阜來補,呌司阜來補,Call the builder to mend them.,,,,001_Handbook_of_the_Swatow_Vernacular > section I.,70
Thôu-kha chék-kâi lói-pài tiéh sói chék-ē,,Thôu-kha chék-kâi lói-pài tiéh sói chék-ē,,,塗骹一個禮拜着洗一下,塗脚每個禮拜着洗壹次,The floor must be washed once a week.,,,,001_Handbook_of_the_Swatow_Vernacular > section I.,70
Lâu-téng lâu-pang iā sĩ chièⁿ-seⁿ,,Lâu-téng lâu-pang iā sĩ chièⁿ-seⁿ,,,樓頂樓枋亦是只樣生,樓頂樓枋亦是如是,The floor up-stairs the same.,,,,001_Handbook_of_the_Swatow_Vernacular > section I.,71
Kâi-kâi lói-pài tiéh sói chheng-khih chheng-khih,,Kâi-kâi lói-pài tiéh sói chheng-khih chheng-khih,,,個個禮拜着洗清潔清潔,每個禮拜着洗清潔清潔,Every week you must wash it clean.,,,,001_Handbook_of_the_Swatow_Vernacular > section I.,71
Hue-tiâⁿ iā tiéh sói,,Hue-tiâⁿ iā tiéh sói,,,灰埕亦着洗,,The lime floor must be washed.,,,,001_Handbook_of_the_Swatow_Vernacular > section I.,71
Chié pâi-mêng-khí-tsá zuáh-tsãi,,Chié pâi-mêng-khí-tsá zuáh-tsãi,,,只塊排眠起早熱在,此處每明朝早熱在,Here it is very warm every morning.,,,,001_Handbook_of_the_Swatow_Vernacular > section I.,71
Uá àiⁿ-tsò lân-kan,,Uá àiⁿ-tsò lân-kan,,,我愛作欄杆,我要作欄杆,I want to make a railing.,,,,001_Handbook_of_the_Swatow_Vernacular > section I.,71
Lṳ́ kiè sai-pẽ khiã-tiām lâi,,Lṳ́ kiè sai-pẽ khiã-tiām lâi,,,汝叫司阜霎時來,爾呌司阜霎時來,You tell the carpenter to come bye-and-bye.,,,,001_Handbook_of_the_Swatow_Vernacular > section I.,71
Kah i tàⁿ uá chí-kò àiⁿ-tsò lân-kan,,Kah i tàⁿ uá chí-kò àiⁿ-tsò lân-kan,,,佮伊呾我只塊愛作欄杆,共伊呾我此處要作欄杆,Tell him I want to make a railing here.,,,,001_Handbook_of_the_Swatow_Vernacular > section I.,71
Sai-pẽ kâi lãi tõ tî-kò lṳ́ tsai mē?,,Sai-pẽ kâi lãi tõ tî-kò lṳ́ tsai mē?,,,司阜个內在底塊汝知咩,司阜個內在底處爾知否,Do you know where the carpenter's place is?,,,,001_Handbook_of_the_Swatow_Vernacular > section I.,71
Tsai--a,,Tsai--a,,,知亞,,"Oh yes, I know.",,,,001_Handbook_of_the_Swatow_Vernacular > section I.,71
"Zuáh-tsãi, uá khiã-tiām chiàⁿ-lâi-khṳ̀",,"Zuáh-tsãi, uá khiã-tiām chiàⁿ-lâi-khṳ̀",,,熱在。我霎時正來去,,"It is very warm (now), I will go bye-and-bye.",,,,001_Handbook_of_the_Swatow_Vernacular > section I.,71
Mn̂g,,Mn̂g,,,門,,A door.,,,,001_Handbook_of_the_Swatow_Vernacular > section II.,71
Pâng,,Pâng,,,房,,A room.,,,,001_Handbook_of_the_Swatow_Vernacular > section II.,71
Thiaⁿ,,Thiaⁿ,,,廳,,"A drawing room, a hall.",,,,001_Handbook_of_the_Swatow_Vernacular > section II.,71
Thóiⁿ-tsṳ-pâng,,Thóiⁿ-tsṳ-pâng,,,睇書房,看書房,A reading room.,,,,001_Handbook_of_the_Swatow_Vernacular > section II.,71
Chiáh-pâng,,Chiáh-pâng,,,食房,,A dining room.,,,,001_Handbook_of_the_Swatow_Vernacular > section II.,71
Út-pâng,,Út-pâng,,,夗房,臥房,A bed room.,,,,001_Handbook_of_the_Swatow_Vernacular > section II.,71
Sói-ék-pâng,,Sói-ék-pâng,,,洗浴房,沐浴房,A bath-room.,,,,001_Handbook_of_the_Swatow_Vernacular > section II.,72
Sói-ék-pêⁿ,,Sói-ék-pêⁿ,,,洗浴棚,沐浴棚,A bath-room.,,,,001_Handbook_of_the_Swatow_Vernacular > section II.,72
Tun-hùe-pâng,,Tun-hùe-pâng,,,囤貨房,貯貨房,A store-room.,,,,001_Handbook_of_the_Swatow_Vernacular > section II.,72
Tsáu-bé-lâu,,Tsáu-bé-lâu,,,走馬樓,,"Verandah, up-stairs.",,,,001_Handbook_of_the_Swatow_Vernacular > section II.,72
Theng,,Theng,,,窗,窓,A window.,,,,001_Handbook_of_the_Swatow_Vernacular > section II.,72
Po-lî,,Po-lî,,,玻璃,,Glass.,,,,001_Handbook_of_the_Swatow_Vernacular > section II.,72
Hāu-peh-chheh,,Hāu-peh-chheh,,,鱟伯策,,Venetians.,,,,001_Handbook_of_the_Swatow_Vernacular > section II.,72
Lâu-thui,,Lâu-thui,,,樓梯,,A stair-case.,,,,001_Handbook_of_the_Swatow_Vernacular > section II.,72
Húe-lôu,,Húe-lôu,,,火爐,,A grate.,,,,001_Handbook_of_the_Swatow_Vernacular > section II.,72
In-tâng,,In-tâng,,,煙筒,,A chimney.,,,,001_Handbook_of_the_Swatow_Vernacular > section II.,72
Húe-sít-pâng,,Húe-sít-pâng,,,伙食房,,Kitchen.,,,,001_Handbook_of_the_Swatow_Vernacular > section II.,72
Mn̂g ũ kueⁿ a-bô?,,Mn̂g ũ kueⁿ a-bô?,,,門有關亞無,門有閉或無,Did you shut the door?,,,,001_Handbook_of_the_Swatow_Vernacular > section II.,72
"Ũ, kueⁿ-lióu uá só--tiāⁿ",,"Ũ, kueⁿ-lióu uá só--tiāⁿ",,,有。關了我鎖定,有。閉了我鎖定,"Yes, after shutting I locked it.",,,,001_Handbook_of_the_Swatow_Vernacular > section II.,72
Só-sî tõ tî-kò?,,Só-sî tõ tî-kò?,,,鎖匙在底塊,鎖匙在底處,Where is the key?,,,,001_Handbook_of_the_Swatow_Vernacular > section II.,72
Só-sî tõ--chié?,,Só-sî tõ--chié?,,,鎖匙在只塊,鎖匙在此處,Here's the key.,,,,001_Handbook_of_the_Swatow_Vernacular > section II.,72
Lṳ́ kâi pâng kâi mn̂g ũ só mē?,,Lṳ́ kâi pâng kâi mn̂g ũ só mē?,,,汝个房个門有鎖咩,爾個房個門有鎖否,Did you lock the door of your room?,,,,001_Handbook_of_the_Swatow_Vernacular > section II.,72
Uá kâi pâng tsò-ēng só,,Uá kâi pâng tsò-ēng só,,,我个房怎用鎖,我個房何用鎖,Why? my room needn't be locked.,,,,001_Handbook_of_the_Swatow_Vernacular > section II.,72
Thiaⁿ ũ nâng-kheh a-bô?,,Thiaⁿ ũ nâng-kheh a-bô?,,,廳有人[訓]客亞無,廳有人[訓]客或無,Are there any guests in the drawing room?,,,,001_Handbook_of_the_Swatow_Vernacular > section II.,72
Sì-tsóiⁿ tàⁿ-bô,,Sì-tsóiⁿ tàⁿ-bô,,,四指呾無,,"The boy says ""no"".",,,,001_Handbook_of_the_Swatow_Vernacular > section II.,72
Uá-kâi út-pâng lṳ́ ũ sàu a-būe?,,Uá-kâi út-pâng lṳ́ ũ sàu a-būe?,,,我个夗房汝有掃亞未,我個臥房爾有掃或未,Have you swept my bed-room?,,,,001_Handbook_of_the_Swatow_Vernacular > section II.,73
"Ũ, lâu-téng lóng-tsóng sàu chheng-khih",,"Ũ, lâu-téng lóng-tsóng sàu chheng-khih",,,有。樓頂攏總掃清潔,有。樓頂俱皆掃清潔,"Yes, I have swept the whole of up-stairs clean.",,,,001_Handbook_of_the_Swatow_Vernacular > section II.,73
Ũ sói a-bô?,,Ũ sói a-bô?,,,有洗亞無,有洗或無,Did you wash it?,,,,001_Handbook_of_the_Swatow_Vernacular > section II.,73
"Bô, lâu-téng huân-lióu sĩ chheng-khih",,"Bô, lâu-téng huân-lióu sĩ chheng-khih",,,無。樓頂還了是清潔,,"No, up-stairs is still clean.",,,,001_Handbook_of_the_Swatow_Vernacular > section II.,73
Sói-ék-pâng ũ tsúi a-bô?,,Sói-ék-pâng ũ tsúi a-bô?,,,洗浴房有水亞無,沐浴房有水或無,Is there any water in the bath-room?,,,,001_Handbook_of_the_Swatow_Vernacular > section II.,73
"Bô, uá lâi khṳ̀ taⁿ",,"Bô, uá lâi khṳ̀ taⁿ",,,無。我來去擔,,"No, I will go and carry some.",,,,001_Handbook_of_the_Swatow_Vernacular > section II.,73
"Méⁿ-méⁿ khṳ̀, uá àiⁿ sói-ék",,"Méⁿ-méⁿ khṳ̀, uá àiⁿ sói-ék",,,猛猛去。我愛洗浴,速速去。我要沐浴,"Go quickly, I am going to bathe.",,,,001_Handbook_of_the_Swatow_Vernacular > section II.,73
Chiá khiéh khṳ̀ khǹg pàng tî-kò?,,Chiá khiéh khṳ̀ khǹg pàng tî-kò?,,,此挈去囥放底塊,此携去藏放何處,Where shall I keep this?,,,,001_Handbook_of_the_Swatow_Vernacular > section II.,73
"Theng kueⁿ, po-lî mín-ēng kueⁿ",,"Theng kueⁿ, po-lî mín-ēng kueⁿ",,,窗關玻璃免用關,窓閉玻璃免用閉,"Shut the window, you needn't shut the glass.",,,,001_Handbook_of_the_Swatow_Vernacular > section II.,73
Naⁿ-sĩ ũ hõu hāu-peh-chheh chiũ tiéh-kueⁿ,,Naⁿ-sĩ ũ hõu hāu-peh-chheh chiũ tiéh-kueⁿ,,,若是有雨鱟伯策就着關,若是有雨鱟伯策就着閉,"If there is rain, then shut the venetians.",,,,001_Handbook_of_the_Swatow_Vernacular > section II.,73
Àiⁿ-lóh lâu-thui màiⁿ pĩn-põng-kiè,,Àiⁿ-lóh lâu-thui màiⁿ pĩn-põng-kiè,,,愛落樓梯勿乒乓叫,要落樓梯勿𰛄𰛅呌,"If you are coming down the stair-case, don't make a trampling noise.",,,,001_Handbook_of_the_Swatow_Vernacular > section II.,73
Húe-lôu khí-húe,,Húe-lôu khí-húe,,,火爐起火,,Make a fire in the grate.,,,,001_Handbook_of_the_Swatow_Vernacular > section II.,73
Lṳ́ khṳ̀ húe-sít-pâng kiè húe-thâu lâi,,Lṳ́ khṳ̀ húe-sít-pâng kiè húe-thâu lâi,,,汝去伙食房叫火頭來,爾去伙食房呌火頭來,"You go to the kitchen, and tell the cook to come.",,,,001_Handbook_of_the_Swatow_Vernacular > section II.,73
Hiàng-kuan,,Hiàng-kuan,,,餉關,,A custom-house.,,,,001_Handbook_of_the_Swatow_Vernacular > section III.,74
Phoi-kuán,,Phoi-kuán,,,批館,,A post-office.,,,,001_Handbook_of_the_Swatow_Vernacular > section III.,74
Sìn-kuan,,Sìn-kuan,,,信關,,A post-office.,,,,001_Handbook_of_the_Swatow_Vernacular > section III.,74
Phàu-thâi,,Phàu-thâi,,,炮臺,,A fort.,,,,001_Handbook_of_the_Swatow_Vernacular > section III.,74
Thah,,Thah,,,塔,,A pagoda.,,,,001_Handbook_of_the_Swatow_Vernacular > section III.,74
Siâⁿ,,Siâⁿ,,,城,,A city.,,,,001_Handbook_of_the_Swatow_Vernacular > section III.,74
Pou,,Pou,,,埔,,A town.,,,,001_Handbook_of_the_Swatow_Vernacular > section III.,74
Hieⁿ-lí,,Hieⁿ-lí,,,鄉里,鄕里,A village.,,,,001_Handbook_of_the_Swatow_Vernacular > section III.,74
Chhĩ,,Chhĩ,,,市,,A market.,,,,001_Handbook_of_the_Swatow_Vernacular > section III.,74
Hâng,,Hâng,,,行,,A hong.,,,,001_Handbook_of_the_Swatow_Vernacular > section III.,74
Phòu,,Phòu,,,舖,,A shop.,,,,001_Handbook_of_the_Swatow_Vernacular > section III.,74
În,,În,,,沿,演,"Story, of a house.",,,,001_Handbook_of_the_Swatow_Vernacular > section III.,74
Koiⁿ,,Koiⁿ,,,間,,A classifier of a house.,,,,001_Handbook_of_the_Swatow_Vernacular > section III.,74
Chí-tieⁿ sìn khiéh khṳ̀ hiàng-kuan,,Chí-tieⁿ sìn khiéh khṳ̀ hiàng-kuan,,,此張信挈去餉關,此張信携去餉關,Take this letter to the custom-house.,,,,001_Handbook_of_the_Swatow_Vernacular > section III.,74
Chí saⁿ-tieⁿ khiéh khṳ̀ sìn-kuan,,Chí saⁿ-tieⁿ khiéh khṳ̀ sìn-kuan,,,此三張挈去信關,此三張携去信關,"These three, take them to the post-office.",,,,001_Handbook_of_the_Swatow_Vernacular > section III.,74
Sìn-kuan tõ tî-kò?,,Sìn-kuan tõ tî-kò?,,,信關在底塊,信關在何處,Where is the post-office?,,,,001_Handbook_of_the_Swatow_Vernacular > section III.,74
Lṳ́ m̄-pat khiéh sìn khṳ̀ sin-kuan?,,Lṳ́ m̄-pat khiéh sìn khṳ̀ sin-kuan?,,,汝毋識[訓]挈信去信關,爾不識[訓]携信去信關,Have you never taken letters to the post-office?,,,,001_Handbook_of_the_Swatow_Vernacular > section III.,75
M̄-pat,,M̄-pat,,,毋識[訓],不識[訓],I never have.,,,,001_Handbook_of_the_Swatow_Vernacular > section III.,75
Sìn-kuan tõ Kak-chiéh,,Sìn-kuan tõ Kak-chiéh,,,信關在礐石,信關在角石,The post-office is at Kak-chieh.,,,,001_Handbook_of_the_Swatow_Vernacular > section III.,75
Lṳ́ tsai phàu-thâi tõ tî-kò?,,Lṳ́ tsai phàu-thâi tõ tî-kò?,,,汝知炮臺在底塊,爾知炮臺在何處,You know where the fort is?,,,,001_Handbook_of_the_Swatow_Vernacular > section III.,75
"M̄ tsai, uá tsá m̄-pat lâi chí Suaⁿ-thâu",,"M̄ tsai, uá tsá m̄-pat lâi chí Suaⁿ-thâu",,,毋知。我早毋識[訓]來此汕頭,不知。我早不識[訓]來此汕頭,"I don't know, I have never been at Swatow before.",,,,001_Handbook_of_the_Swatow_Vernacular > section III.,75
Uá chí-kâi tī-hng m̄-sék,,Uá chí-kâi tī-hng m̄-sék,,,我只個地方毋熟,我此個地方不熟,I am not familiar with this place.,,,,001_Handbook_of_the_Swatow_Vernacular > section III.,75
Lṳ́ tî-kò húe?,,Lṳ́ tî-kò húe?,,,汝貴處,爾貴處,Where do you belong to?,,,,001_Handbook_of_the_Swatow_Vernacular > section III.,75
Uá Am-pou húe,,Uá Am-pou húe,,,我庵埠處,我菴埠處,I belong to Am-pou.,,,,001_Handbook_of_the_Swatow_Vernacular > section III.,75
Lṳ́ khah-pat khṳ̀ Hú-siâⁿ mē?,,Lṳ́ khah-pat khṳ̀ Hú-siâⁿ mē?,,,汝嘗識[訓]去府城咩,爾嘗識[訓]去府城否,Have you ever been to Ch'ao-chow-fu?,,,,001_Handbook_of_the_Swatow_Vernacular > section III.,75
"Pat a, uá ũ khṳ̀ sì-ngõu tsūa",,"Pat a, uá ũ khṳ̀ sì-ngõu tsūa",,,識[訓]也。我有去四五次,識[訓]也。我有去四伍次,"Oh yes, I have been there four or five times.",,,,001_Handbook_of_the_Swatow_Vernacular > section III.,75
Siâⁿ sĩ tūa-tsãi,,Siâⁿ sĩ tūa-tsãi,,,城是大在,,The city is very large.,,,,001_Handbook_of_the_Swatow_Vernacular > section III.,75
Ũ-kâi koi tūa Suaⁿ-thâu kâi koi tsōi a,,Ũ-kâi koi tūa Suaⁿ-thâu kâi koi tsōi a,,,有个街大汕頭个街㩼亞,有個街大汕頭個街多亞,Some streets are much larger than the streets in Swatow.,,,,001_Handbook_of_the_Swatow_Vernacular > section III.,75
Ún kâi hieⁿ-lí Tsng-léng,,Ún kâi hieⁿ-lí Tsng-léng,,,阮个鄉里莊隴,阮個鄕里莊隴,Our village is Tsng-leng.,,,,001_Handbook_of_the_Swatow_Vernacular > section III.,75
Lî Am-pou bô-jiéh-hñg,,Lî Am-pou bô-jiéh-hñg,,,離庵埠無若遠,離菴埠無若遠,Not very far from Am-pou.,,,,001_Handbook_of_the_Swatow_Vernacular > section III.,75
Nín kâi hieⁿ-lí ũ thah a-bô?,,Nín kâi hieⁿ-lí ũ thah a-bô?,,,恁个鄉里有塔亞無,恁個鄕里有塔或無,Is there any pagoda in your village?,,,,001_Handbook_of_the_Swatow_Vernacular > section III.,75
Ún kâi hieⁿ-lí bô,,Ún kâi hieⁿ-lí bô,,,阮个鄉里無,阮個鄕里無,None in our village.,,,,001_Handbook_of_the_Swatow_Vernacular > section III.,75
Suaⁿ-thâu-pou ũ chhĩ a-bô?,,Suaⁿ-thâu-pou ũ chhĩ a-bô?,,,汕頭埠有市亞無,汕頭埠有市或無,Is there any market in the town of Swatow?,,,,001_Handbook_of_the_Swatow_Vernacular > section III.,75
Kâi-kâi pou-thâu tou ũ chhĩ,,Kâi-kâi pou-thâu tou ũ chhĩ,,,各個埠頭都有市,,There is a market in every town.,,,,001_Handbook_of_the_Swatow_Vernacular > section III.,76
Hiang-káng ũ tūa-hâng,,Hiang-káng ũ tūa-hâng,,,香港有大行,,There are large hongs in Hong Kong.,,,,001_Handbook_of_the_Swatow_Vernacular > section III.,76
Tõ-hié kâi phòu kûiⁿ-tūa,,Tõ-hié kâi phòu kûiⁿ-tūa,,,在許個舖危大,在彼個舖高大,The shops there are high and large.,,,,001_Handbook_of_the_Swatow_Vernacular > section III.,76
Ũ-kâi phòu saⁿ-sì în kûiⁿ,,Ũ-kâi phòu saⁿ-sì în kûiⁿ,,,有个舖三四沿危,有個舖三四演高,Some shops there are three or four stories high.,,,,001_Handbook_of_the_Swatow_Vernacular > section III.,76
Lṳ́ tõ-hié ũ kúi-koiⁿ tshù?,,Lṳ́ tõ-hié ũ kúi-koiⁿ tshù?,,,汝在彼有幾間厝,爾在彼有几間厝,How many houses have you there?,,,,001_Handbook_of_the_Swatow_Vernacular > section III.,76
Uá tõ-hié ũ chék-koiⁿ,,Uá tõ-hié ũ chék-koiⁿ,,,我在彼有一間,我在彼有壹間,I have one house there.,,,,001_Handbook_of_the_Swatow_Vernacular > section III.,76
Chék-kâi guéh sùe chék-peh kâi ngṳ̂n,,Chék-kâi guéh sùe chék-peh kâi ngṳ̂n,,,一個月稅一百個銀,每個月稅壹百個銀,It is let at $100 a month.,,,,001_Handbook_of_the_Swatow_Vernacular > section III.,76
Lêng-hûn,,Lêng-hûn,,,靈魂,,Soul.,,,,001_Handbook_of_the_Swatow_Vernacular > External.,76
Miāⁿ,,Miāⁿ,,,命,,Life.,,,,001_Handbook_of_the_Swatow_Vernacular > External.,76
Thâu,,Thâu,,,頭,,Head.,,,,001_Handbook_of_the_Swatow_Vernacular > External.,76
Môⁿ,,Môⁿ,,,毛,,Hair.,,,,001_Handbook_of_the_Swatow_Vernacular > External.,76
Thâu-môⁿ,,Thâu-môⁿ,,,頭毛,,"Hair of the head, (human.)",,,,001_Handbook_of_the_Swatow_Vernacular > External.,76
Piⁿ,,Piⁿ,,,辮,,Queue.,,,,001_Handbook_of_the_Swatow_Vernacular > External.,76
Mīn,,Mīn,,,面,,Face.,,,,001_Handbook_of_the_Swatow_Vernacular > External.,76
Mák,,Mák,,,目,,Eyes.,,,,001_Handbook_of_the_Swatow_Vernacular > External.,76
Mák-chiu,,Mák-chiu,,,目睭,目周,Eyes.,,,,001_Handbook_of_the_Swatow_Vernacular > External.,76
Mák-bâi,,Mák-bâi,,,目眉,,Eye-brow.,,,,001_Handbook_of_the_Swatow_Vernacular > External.,76
Mák-chhì-môⁿ,,Mák-chhì-môⁿ,,,目毛,,Eye-lash.,,,,001_Handbook_of_the_Swatow_Vernacular > External.,77
Mák-chiu-phûe,,Mák-chiu-phûe,,,目皮,,Eye-lid.,,,,001_Handbook_of_the_Swatow_Vernacular > External.,77
Mák-jîn,,Mák-jîn,,,目仁,,Eye-ball.,,,,001_Handbook_of_the_Swatow_Vernacular > External.,77
Phīⁿ,,Phīⁿ,,,鼻,,Nose.,,,,001_Handbook_of_the_Swatow_Vernacular > External.,77
Phīⁿ-khang,,Phīⁿ-khang,,,鼻空,鼻孔,Nostril.,,,,001_Handbook_of_the_Swatow_Vernacular > External.,77
Tshùi,,Tshùi,,,喙,口,Mouth.,,,,001_Handbook_of_the_Swatow_Vernacular > External.,77
Tshùi-lîm-phûe,,Tshùi-lîm-phûe,,,喙臨皮,口唇皮,Lips.,,,,001_Handbook_of_the_Swatow_Vernacular > External.,77
Chhiu,,Chhiu,,,鬚,,"Beard, moustache.",,,,001_Handbook_of_the_Swatow_Vernacular > External.,77
Ẽ-hâi,,Ẽ-hâi,,,下頦,下髯,Chin.,,,,001_Handbook_of_the_Swatow_Vernacular > External.,77
Kih-kau,,Kih-kau,,,頰溝,頰,Cheeks.,,,,001_Handbook_of_the_Swatow_Vernacular > External.,77
Hiáh-mn̂g-sîn,,Hiáh-mn̂g-sîn,,,額門神,額頭,Forehead.,,,,001_Handbook_of_the_Swatow_Vernacular > External.,77
Tsháu-ngán,,Tsháu-ngán,,,草眼,,Temples.,,,,001_Handbook_of_the_Swatow_Vernacular > External.,77
Hĩⁿ,,Hĩⁿ,,,耳,,Ear.,,,,001_Handbook_of_the_Swatow_Vernacular > External.,77
Ãm,,Ãm,,,頷,頸,Neck.,,,,001_Handbook_of_the_Swatow_Vernacular > External.,77
Sin,,Sin,,,身,,Body.,,,,001_Handbook_of_the_Swatow_Vernacular > External.,77
Sim-kuaⁿ-thâu,,Sim-kuaⁿ-thâu,,,心肝頭,,Chest.,,,,001_Handbook_of_the_Swatow_Vernacular > External.,77
Phiaⁿ-lî,,Phiaⁿ-lî,,,𩩍籬,腁⿰月⿱丸内,Sides.,,,,001_Handbook_of_the_Swatow_Vernacular > External.,77
Tóu,,Tóu,,,肚,,Belly.,,,,001_Handbook_of_the_Swatow_Vernacular > External.,77
Tóu-tsâi,,Tóu-tsâi,,,肚臍,,Navel.,,,,001_Handbook_of_the_Swatow_Vernacular > External.,77
Koh-lâng-ẽ,,Koh-lâng-ẽ,,,胳胴下,脇下,Arm-pit.,,,,001_Handbook_of_the_Swatow_Vernacular > External.,77
Ka-chiah,,Ka-chiah,,,尻脊,背,Back.,,,,001_Handbook_of_the_Swatow_Vernacular > External.,78
Koiⁿ-thâu,,Koiⁿ-thâu,,,肩頭,,Shoulder.,,,,001_Handbook_of_the_Swatow_Vernacular > External.,78
Chhiú,,Chhiú,,,手,,"Arms, hands.",,,,001_Handbook_of_the_Swatow_Vernacular > External.,78
Chhiú-thñg,,Chhiú-thñg,,,手肘,,Elbow.,,,,001_Handbook_of_the_Swatow_Vernacular > External.,78
Chhiú-tsóiⁿ,,Chhiú-tsóiⁿ,,,手指,,Fingers.,,,,001_Handbook_of_the_Swatow_Vernacular > External.,78
Tsńg-thâu-kong,,Tsńg-thâu-kong,,,指頭公,,Thumb.,,,,001_Handbook_of_the_Swatow_Vernacular > External.,78
Tsńg-kah,,Tsńg-kah,,,指甲,,Nail.,,,,001_Handbook_of_the_Swatow_Vernacular > External.,78
Kha,,Kha,,,骹,脚,"Legs, feet.",,,,001_Handbook_of_the_Swatow_Vernacular > External.,78
Kha-thúi,,Kha-thúi,,,骹腿,脚腿,Thigh.,,,,001_Handbook_of_the_Swatow_Vernacular > External.,78
Kha-thâu-u,,Kha-thâu-u,,,骹頭趺,膝,Knees.,,,,001_Handbook_of_the_Swatow_Vernacular > External.,78
Kha-mák,,Kha-mák,,,骹目,脚目,Ankles.,,,,001_Handbook_of_the_Swatow_Vernacular > External.,78
Kha-tsóiⁿ,,Kha-tsóiⁿ,,,骹趾,脚趾,Toes.,,,,001_Handbook_of_the_Swatow_Vernacular > External.,78
Phûe,,Phûe,,,皮,,Skin.,,,,001_Handbook_of_the_Swatow_Vernacular > External.,78
Tsôiⁿ-khí,,Tsôiⁿ-khí,,,前齒,,Front teeth.,,,,001_Handbook_of_the_Swatow_Vernacular > External.,78
Gê-thâu-khí,,Gê-thâu-khí,,,牙頭齒,,Back teeth.,,,,001_Handbook_of_the_Swatow_Vernacular > External.,78
Khí-ngṳ̂n,,Khí-ngṳ̂n,,,齒齦,齒銀,Gum.,,,,001_Handbook_of_the_Swatow_Vernacular > External.,78
Chíh,,Chíh,,,舌,,Tongue.,,,,001_Handbook_of_the_Swatow_Vernacular > External.,78
Âu-lêng,,Âu-lêng,,,喉嚨,,Throat.,,,,001_Handbook_of_the_Swatow_Vernacular > External.,78
Nũaⁿ,,Nũaⁿ,,,涎,,Spittle.,,,,001_Handbook_of_the_Swatow_Vernacular > External.,79
Thâm,,Thâm,,,痰,,Phlegm.,,,,001_Handbook_of_the_Swatow_Vernacular > External.,79
Hùi,,Hùi,,,肺,,Lungs.,,,,001_Handbook_of_the_Swatow_Vernacular > External.,79
Tn̂g,,Tn̂g,,,腸,,Intestines.,,,,001_Handbook_of_the_Swatow_Vernacular > External.,79
Sim,,Sim,,,心,,Heart.,,,,001_Handbook_of_the_Swatow_Vernacular > External.,79
Kuaⁿ,,Kuaⁿ,,,肝,,Liver.,,,,001_Handbook_of_the_Swatow_Vernacular > External.,79
Siẽn-chí,,Siẽn-chí,,,腎子,,Kidney.,,,,001_Handbook_of_the_Swatow_Vernacular > External.,79
Táⁿ,,Táⁿ,,,膽,,Gall.,,,,001_Handbook_of_the_Swatow_Vernacular > External.,79
Kṳn,,Kṳn,,,筋,,Veins.,,,,001_Handbook_of_the_Swatow_Vernacular > External.,79
Kut,,Kut,,,骨,,Bones.,,,,001_Handbook_of_the_Swatow_Vernacular > External.,79
Lâ,,Lâ,,,朥,,Fat.,,,,001_Handbook_of_the_Swatow_Vernacular > External.,79
Nék,,Nék,,,肉,,Flesh.,,,,001_Handbook_of_the_Swatow_Vernacular > External.,79
Hueh,,Hueh,,,血,,Blood.,,,,001_Handbook_of_the_Swatow_Vernacular > External.,79
Lát,,Lát,,,力,,Strength.,,,,001_Handbook_of_the_Swatow_Vernacular > External.,79
Méhⁿ,,Méhⁿ,,,脈,脉,Pulse.,,,,001_Handbook_of_the_Swatow_Vernacular > External.,79
Khì,,Khì,,,氣,,Natural heat of the body.,,,,001_Handbook_of_the_Swatow_Vernacular > External.,79
Kūaⁿ,,Kūaⁿ,,,汗,,Perspiration.,,,,001_Handbook_of_the_Swatow_Vernacular > External.,79
Jiē,,Jiē,,,尿,,Urine.,,,,001_Handbook_of_the_Swatow_Vernacular > External.,79
Sái,,Sái,,,屎,,Excrement.,,,,001_Handbook_of_the_Swatow_Vernacular > External.,79
Chí-kâi nàng tsàng-tsãi,,Chí-kâi nàng tsàng-tsãi,,,只個人[訓]壯在,此個人[訓]壯在,This man is very strong.,,,,001_Handbook_of_the_Swatow_Vernacular > External.,80
Uá kâi thâu-môⁿ tn̂g--lō,,Uá kâi thâu-môⁿ tn̂g--lō,,,我个頭毛長了,我個頭髮長了,My hair is long.,,,,001_Handbook_of_the_Swatow_Vernacular > External.,80
Uá àiⁿ thì-thâu,,Uá àiⁿ thì-thâu,,,我愛剃頭,我要剃頭,I want to shave.,,,,001_Handbook_of_the_Swatow_Vernacular > External.,80
Lṳ́ kâi chhiú tshun--tshut-lâi,,Lṳ́ kâi chhiú tshun--tshut-lâi,,,汝个手伸出來,爾個手伸出來,Stretch out your hand.,,,,001_Handbook_of_the_Swatow_Vernacular > External.,80
Uá kâi chhiú-tsóiⁿ lâu-hueh,,Uá kâi chhiú-tsóiⁿ lâu-hueh,,,我个手指流血,我個手指流血,My finger is bleeding.,,,,001_Handbook_of_the_Swatow_Vernacular > External.,80
"Uá tō phoi muéh-kiãⁿ, kuah--tiéh",,"Uá tō phoi muéh-kiãⁿ, kuah--tiéh",,,我在批物件。割着,我在批物件。剎着,"I was cutting something, and it got cut.",,,,001_Handbook_of_the_Swatow_Vernacular > External.,80
I puáh kàu kha chíh--khṳ̀,,I puáh kàu kha chíh--khṳ̀,,,伊跋到骹折去,伊跌到脚折去,"He fell down, and broke his leg.",,,,001_Handbook_of_the_Swatow_Vernacular > External.,80
Kha-chhiú màiⁿ-tsōi,,Kha-chhiú màiⁿ-tsōi,,,骹手勿㩼,脚手勿多,Don't be mischievous.,,,,001_Handbook_of_the_Swatow_Vernacular > External.,80
I sí--lō,,I sí--lō,,,伊死了,,He is dead.,,,,001_Handbook_of_the_Swatow_Vernacular > External.,80
Lṳ́ tõ phoi tî-kâi?,,Lṳ́ tõ phoi tî-kâi?,,,汝在批底個,爾在批的個,What are you cutting?,,,,001_Handbook_of_the_Swatow_Vernacular > External.,80
Uá tõ phoi uá kái tsńg-kah,,Uá tõ phoi uá kái tsńg-kah,,,我在批我个指甲,我在批我個指甲,I am cutting my nails.,,,,001_Handbook_of_the_Swatow_Vernacular > External.,80
Chí-kâi nâng pûi-tsãi,,Chí-kâi nâng pûi-tsãi,,,只個人[訓]肥在,此個人[訓]肥在,This man is very fat.,,,,001_Handbook_of_the_Swatow_Vernacular > External.,80
I àiⁿ lâu-chhiu,,I àiⁿ lâu-chhiu,,,伊愛留鬚,伊要流鬚,He wants to keep his beard.,,,,001_Handbook_of_the_Swatow_Vernacular > External.,80
I kâi thâu-môⁿ zṳ̂-zṳ̂,,I kâi thâu-môⁿ zṳ̂-zṳ̂,,,伊个頭毛挐挐,伊個頭毛菇菇,His hair is rough.,,,,001_Handbook_of_the_Swatow_Vernacular > External.,80
I bô siu-thâu,,I bô siu-thâu,,,伊無梳頭,,He doesn't comb his hair.,,,,001_Handbook_of_the_Swatow_Vernacular > External.,80
Lṳ́ kâi nâng õi m̄-móⁿ a-bõi?,,Lṳ́ kâi nâng õi m̄-móⁿ a-bõi?,,,汝个人[訓]會毋孬亞袂,爾個人[訓]會不好或袂,Are you unwell?,,,,001_Handbook_of_the_Swatow_Vernacular > External.,80
"Õi, uá kâi nâng zuáh",,"Õi, uá kâi nâng zuáh",,,會。我个人[訓]熱,會。我個人[訓]熱,"Yes, I am suffering from fever.",,,,001_Handbook_of_the_Swatow_Vernacular > External.,80
Lṳ́ àiⁿ-chiáh lân-ló iéh mē?,,Lṳ́ àiⁿ-chiáh lân-ló iéh mē?,,,汝愛食零須藥咩,爾要食零須藥否,Do you wish to take some medicine?,,,,001_Handbook_of_the_Swatow_Vernacular > External.,80
"Àiⁿ a, chhiáⁿ lṳ́ khiéh lân-ló pun uá",,"Àiⁿ a, chhiáⁿ lṳ́ khiéh lân-ló pun uá",,,愛亞。請汝挈零須分我,要亞。請爾携零須分我,"Oh yes, please get me some.",,,,001_Handbook_of_the_Swatow_Vernacular > External.,80
Uá kâi tóu chí-kua-jít siap-tsãi,,Uá kâi tóu chí-kua-jít siap-tsãi,,,我个肚此寡日澀在,我個肚此几日澁在,I have been very costive during the last few days.,,,,001_Handbook_of_the_Swatow_Vernacular > External.,81
Uá chék-sin lâu-kūaⁿ,,Uá chék-sin lâu-kūaⁿ,,,我一身流汗,我壹身流汗,I am in a perspiration.,,,,001_Handbook_of_the_Swatow_Vernacular > External.,81
Nâng khùn-tsãi,,Nâng khùn-tsãi,,,人[訓]困在,人[訓]軟弱在,I am very weak.,,,,001_Handbook_of_the_Swatow_Vernacular > External.,81
Uá pēⁿ ũ saⁿ-kâi lói-pài,,Uá pēⁿ ũ saⁿ-kâi lói-pài,,,我病有三個禮拜,,I have been sick for about three weeks.,,,,001_Handbook_of_the_Swatow_Vernacular > External.,81
Lṳ́ kâi nâng õi ióu-tsuáh a-bõi?,,Lṳ́ kâi nâng õi ióu-tsuáh a-bõi?,,,汝个人[訓]會稍絀亞袂,爾個人[訓]會少差或袂,Are you any better?,,,,001_Handbook_of_the_Swatow_Vernacular > External.,81
"Õi, ióu-tsúah su-kiáⁿ",,"Õi, ióu-tsúah su-kiáⁿ",,,會。稍絀須囝,會。少差些輸,"Yes, a little better.",,,,001_Handbook_of_the_Swatow_Vernacular > External.,81
Nâng õi-chiáh a-bõi?,,Nâng õi-chiáh a-bõi?,,,人[訓]會食亞袂,人[訓]會食或袂,Can you eat?,,,,001_Handbook_of_the_Swatow_Vernacular > External.,81
Õi lân-ló,,Õi lân-ló,,,會零須,,I can eat a little.,,,,001_Handbook_of_the_Swatow_Vernacular > External.,81
Màiⁿ-chiáh khah-tsōi,,Màiⁿ-chiáh khah-tsōi,,,勿食較㩼,勿食太多,Don't eat too much.,,,,001_Handbook_of_the_Swatow_Vernacular > External.,81
Ke-si,,Ke-si,,,家私,,Furnitures.,,,,001_Handbook_of_the_Swatow_Vernacular > Lesson XIV. household furniture &c.,81
Tshn̂g,,Tshn̂g,,,床,,A table.,,,,001_Handbook_of_the_Swatow_Vernacular > Lesson XIV. household furniture &c.,81
Toh,,Toh,,,桌,棹,A table.,,,,001_Handbook_of_the_Swatow_Vernacular > Lesson XIV. household furniture &c.,81
Kau-íⁿ,,Kau-íⁿ,,,交椅,校椅,A chair.,,,,001_Handbook_of_the_Swatow_Vernacular > Lesson XIV. household furniture &c.,81
Khîm,,Khîm,,,琴,,An organ or piano.,,,,001_Handbook_of_the_Swatow_Vernacular > Lesson XIV. household furniture &c.,82
Kha-táh-íⁿ,,Kha-táh-íⁿ,,,骹踏椅,脚踏椅,A foot-stool.,,,,001_Handbook_of_the_Swatow_Vernacular > Lesson XIV. household furniture &c.,82
Ang-kiáⁿ,,Ang-kiáⁿ,,,尪囝,人仔,Pictures.,,,,001_Handbook_of_the_Swatow_Vernacular > Lesson XIV. household furniture &c.,82
Teng,,Teng,,,燈,,A lamp.,,,,001_Handbook_of_the_Swatow_Vernacular > Lesson XIV. household furniture &c.,82
Hue-kan,,Hue-kan,,,花干,,A flower vase.,,,,001_Handbook_of_the_Swatow_Vernacular > Lesson XIV. household furniture &c.,82
Khî-khá-muéh,,Khî-khá-muéh,,,奇巧物,奇物,Curiosities.,,,,001_Handbook_of_the_Swatow_Vernacular > Lesson XIV. household furniture &c.,82
Thit-thô-muéh,,Thit-thô-muéh,,,佚佗物,戲弄物,Fancy articles.,,,,001_Handbook_of_the_Swatow_Vernacular > Lesson XIV. household furniture &c.,82
Thih-khîⁿ,,Thih-khîⁿ,,,鐵鉗,,Tongs.,,,,001_Handbook_of_the_Swatow_Vernacular > Lesson XIV. household furniture &c.,82
Thih-sî,,Thih-sî,,,鐵匙,,A fire shovel.,,,,001_Handbook_of_the_Swatow_Vernacular > Lesson XIV. household furniture &c.,82
Chiⁿ,,Chiⁿ,,,氈,,"A rug, a carpet.",,,,001_Handbook_of_the_Swatow_Vernacular > Lesson XIV. household furniture &c.,82
Saⁿ-kha îⁿ-tshn̂g,,Saⁿ-kha îⁿ-tshn̂g,,,三骹圓床,三脚員床,A tripod round table.,,,,001_Handbook_of_the_Swatow_Vernacular > Lesson XIV. household furniture &c.,82
Sì-pang tshn̂g,,Sì-pang tshn̂g,,,四方床,,A square table.,,,,001_Handbook_of_the_Swatow_Vernacular > Lesson XIV. household furniture &c.,82
Tê-kí,,Tê-kí,,,茶几,茶𣏌,A small tea-table.,,,,001_Handbook_of_the_Swatow_Vernacular > Lesson XIV. household furniture &c.,82
Tshn̂g lóh tàng-chiéh,,Tshn̂g lóh tàng-chiéh,,,床落凍石,,Tables with marble-top.,,,,001_Handbook_of_the_Swatow_Vernacular > Lesson XIV. household furniture &c.,82
Chheh-kè,,Chheh-kè,,,冊架,,A book-stand.,,,,001_Handbook_of_the_Swatow_Vernacular > Lesson XIV. household furniture &c.,82
Chheh-tû,,Chheh-tû,,,冊櫥,,A book-case.,,,,001_Handbook_of_the_Swatow_Vernacular > Lesson XIV. household furniture &c.,82
Siá-jī-tshn̂g khek--kâi,,Siá-jī-tshn̂g khek--kâi,,,寫字床刻个,寫字床刻個,A carved writing desk.,,,,001_Handbook_of_the_Swatow_Vernacular > Lesson XIV. household furniture &c.,82
Tshn̂g-kūiⁿ,,Tshn̂g-kūiⁿ,,,床櫃,,A Chinese writing desk.,,,,001_Handbook_of_the_Swatow_Vernacular > Lesson XIV. household furniture &c.,82
În-pit,,În-pit,,,鉛筆,,Pencil (lead.),,,,001_Handbook_of_the_Swatow_Vernacular > Lesson XIV. household furniture &c.,82
Thih-pit,,Thih-pit,,,鐵筆,,Steel-pen.,,,,001_Handbook_of_the_Swatow_Vernacular > Lesson XIV. household furniture &c.,82
Pit-kè,,Pit-kè,,,筆架,,A pen-stand.,,,,001_Handbook_of_the_Swatow_Vernacular > Lesson XIV. household furniture &c.,83
To-kiáⁿ,,To-kiáⁿ,,,刀囝,刀仔,A pen-knife.,,,,001_Handbook_of_the_Swatow_Vernacular > Lesson XIV. household furniture &c.,83
Bák,,Bák,,,墨,,Ink (Chinese.),,,,001_Handbook_of_the_Swatow_Vernacular > Lesson XIV. household furniture &c.,83
Bák-tsúi,,Bák-tsúi,,,墨水,,Ink (foreign.),,,,001_Handbook_of_the_Swatow_Vernacular > Lesson XIV. household furniture &c.,83
Bák-īⁿ,,Bák-īⁿ,,,墨硯,,Ink-stone.,,,,001_Handbook_of_the_Swatow_Vernacular > Lesson XIV. household furniture &c.,83
Bák-tsúi-kuàn,,Bák-tsúi-kuàn,,,墨水罐,墨水礶,Ink-stand.,,,,001_Handbook_of_the_Swatow_Vernacular > Lesson XIV. household furniture &c.,83
Péh-tek-tsúa,,Péh-tek-tsúa,,,白竹紙,,Chinese note paper.,,,,001_Handbook_of_the_Swatow_Vernacular > Lesson XIV. household furniture &c.,83
Sai-kok-tsúa,,Sai-kok-tsúa,,,西國紙,,Foreign paper.,,,,001_Handbook_of_the_Swatow_Vernacular > Lesson XIV. household furniture &c.,83
Siǹ-phûe,,Siǹ-phûe,,,信皮,,Envelopes.,,,,001_Handbook_of_the_Swatow_Vernacular > Lesson XIV. household furniture &c.,83
Phoi-phûe,,Phoi-phûe,,,批皮,,Envelopes.,,,,001_Handbook_of_the_Swatow_Vernacular > Lesson XIV. household furniture &c.,83
Tsháu-chhiéh,,Tsháu-chhiéh,,,草蓆,,Mats.,,,,001_Handbook_of_the_Swatow_Vernacular > Lesson XIV. household furniture &c.,83
Chhit-kha kâi sui,,Chhit-kha kâi sui,,,拭骹个蓑,拭脚個蓑,Door-mat.,,,,001_Handbook_of_the_Swatow_Vernacular > Lesson XIV. household furniture &c.,83
Thn̄g-chí,,Thn̄g-chí,,,撞枳,,"Billiards, (to play.)",,,,001_Handbook_of_the_Swatow_Vernacular > Lesson XIV. household furniture &c.,83
Liâm,,Liâm,,,簾,,Blinds.,,,,001_Handbook_of_the_Swatow_Vernacular > Lesson XIV. household furniture &c.,83
I kâi lãi bô-mih ke-si,,I kâi lãi bô-mih ke-si,,,伊个內無乜家私,伊個內無乜家私,There is not much furniture in his house.,,,,001_Handbook_of_the_Swatow_Vernacular > Lesson XIV. household furniture &c.,83
I sĩ sin-kàu--kâi-nâng,,I sĩ sin-kàu--kâi-nâng,,,伊是新到个人[訓],伊是初到個人[訓],He is a new comer.,,,,001_Handbook_of_the_Swatow_Vernacular > Lesson XIV. household furniture &c.,83
Taⁿ chék-chiah kau-íⁿ lâi,,Taⁿ chék-chiah kau-íⁿ lâi,,,擔一張交椅來,擔壹張校椅來,Get me a chair.,,,,001_Handbook_of_the_Swatow_Vernacular > Lesson XIV. household furniture &c.,83
"Lâu-téng kâi chiⁿ, tshṳ",,"Lâu-téng kâi chiⁿ, tshṳ",,,樓頂个氈。舒,樓頂個氈。舖,Spread the carpet up-stairs.,,,,001_Handbook_of_the_Swatow_Vernacular > Lesson XIV. household furniture &c.,83
Lṳ́ hióu tūaⁿ-khîm a m̄-hióu?,,Lṳ́ hióu tūaⁿ-khîm a m̄-hióu?,,,汝曉彈琴亞毋曉,爾曉彈琴或不曉,Do you know how to play the piano?,,,,001_Handbook_of_the_Swatow_Vernacular > Lesson XIV. household furniture &c.,83
Uá hióu,,Uá hióu,,,我曉,,I know.,,,,001_Handbook_of_the_Swatow_Vernacular > Lesson XIV. household furniture &c.,84
Chí-kâi ang-kiáⁿ ngiá-tsãi,,Chí-kâi ang-kiáⁿ ngiá-tsãi,,,只個尪囝雅在,此個人仔雅在,This picture is very beautiful.,,,,001_Handbook_of_the_Swatow_Vernacular > Lesson XIV. household furniture &c.,84
Teng chhit m̄-chheng-khi,,Teng chhit m̄-chheng-khi,,,燈拭毋清潔,燈拭不清潔,The lamps are not wiped clean.,,,,001_Handbook_of_the_Swatow_Vernacular > Lesson XIV. household furniture &c.,84
"Kah sì-tsóiⁿ tàⁿ, hàm i lêng-ngūa chhit",,"Kah sì-tsóiⁿ tàⁿ, hàm i lêng-ngūa chhit",,,佮四指呾，叫伊另外拭,共四指呾，呌伊另外栻,Tell the boy to wipe the lamps again.,,,,001_Handbook_of_the_Swatow_Vernacular > Lesson XIV. household furniture &c.,84
Lṳ́ chí-lãi ũ chék-tshoh khî-khá-muéh,,Lṳ́ chí-lãi ũ chék-tshoh khî-khá-muéh,,,汝此內有一撮奇巧物,爾此內有許多奇物,You have a quantity of curiosities in your house.,,,,001_Handbook_of_the_Swatow_Vernacular > Lesson XIV. household furniture &c.,84
Sĩ tshù-bī tsãi,,Sĩ tshù-bī tsãi,,,是趣味在,,They are very funny indeed.,,,,001_Handbook_of_the_Swatow_Vernacular > Lesson XIV. household furniture &c.,84
Húe-lôu ũ khí-húe a-būe?,,Húe-lôu ũ khí-húe a-būe?,,,火爐有起火亞未,火爐有起火或未,Have you made a fire in the grate?,,,,001_Handbook_of_the_Swatow_Vernacular > Lesson XIV. household furniture &c.,84
"Būe, uá chí-tsûn chiàⁿ-àiⁿ lâi-khí",,"Būe, uá chí-tsûn chiàⁿ-àiⁿ lâi-khí",,,未。我此陣正愛來起,未。我此時正要來起,"Not yet, I am just going to make one.",,,,001_Handbook_of_the_Swatow_Vernacular > Lesson XIV. household furniture &c.,84
"Méⁿ méⁿ chhìn-tsãi, húe-khí jiét-jiét",,"Méⁿ méⁿ chhìn-tsãi, húe-khí jiét-jiét",,,猛猛凊在。火起熱熱,猛猛冷在。火起熱熱,"Look sharp, it is very cold, and make the fire very fierce.",,,,001_Handbook_of_the_Swatow_Vernacular > Lesson XIV. household furniture &c.,84
Thôu-thùaⁿ lóh tsōi-tsōi,,Thôu-thùaⁿ lóh tsōi-tsōi,,,塗炭落㩼㩼,塗炭落多多,Put plenty of coals on.,,,,001_Handbook_of_the_Swatow_Vernacular > Lesson XIV. household furniture &c.,84
Chí-niáⁿ chiⁿ khiéh khṳ̀ pũaⁿ-tiòu thôu-hún,,Chí-niáⁿ chiⁿ khiéh khṳ̀ pũaⁿ-tiòu thôu-hún,,,此領氈挈去拂掉塗粉,此領氈携去拍丢塗粉,Take this rug and beat off the dust.,,,,001_Handbook_of_the_Swatow_Vernacular > Lesson XIV. household furniture &c.,84
Tõ-chié hó-sāi chék-tieⁿ sì-pang tshn̂g,,Tõ-chié hó-sāi chék-tieⁿ sì-pang tshn̂g,,,在此好放一張四方床,在此好放壹張四方床,Here can be put a square table.,,,,001_Handbook_of_the_Swatow_Vernacular > Lesson XIV. household furniture &c.,84
Chí-tieⁿ îⁿ-tshn̂g lâi suá pàng pát-kò,,Chí-tieⁿ îⁿ-tshn̂g lâi suá pàng pát-kò,,,此張圓床來徙放別塊,此張員床來徙放別處,Let us remove this round table to some other place.,,,,001_Handbook_of_the_Swatow_Vernacular > Lesson XIV. household furniture &c.,84
Àiⁿ-súa pàng tî-kò?,,Àiⁿ-súa pàng tî-kò?,,,愛徙放底塊,要徙放何處,Where shall we remove it to?,,,,001_Handbook_of_the_Swatow_Vernacular > Lesson XIV. household furniture &c.,84
Chí-tieⁿ chheh-kè lài súa pàng chié;,,Chí-tieⁿ chheh-kè lài súa pàng chié;,,,此張冊架來徙放只塊,此張冊架來徙放此處,Let us remove the book-stand here;,,,,001_Handbook_of_the_Swatow_Vernacular > Lesson XIV. household furniture &c.,84
Îⁿ-tshn̂g lâi-sāi pàng-hié…,,Îⁿ-tshn̂g lâi-sāi pàng-hié…,,,圓床來放彼,員床來放彼,And place the round table there.,,,,001_Handbook_of_the_Swatow_Vernacular > Lesson XIV. household furniture &c.,84
Lṳ́ khṳ̀ uá siá-jī-tshn̂g khiéh chék-ki în-pit lâi,,Lṳ́ khṳ̀ uá siá-jī-tshn̂g khiéh chék-ki în-pit lâi,,,汝去我寫字床挈一枝鉛筆來,爾去我寫字床携壹枝鉛筆來,You go to my writing desk and get me a pencil,,,,001_Handbook_of_the_Swatow_Vernacular > Lesson XIV. household furniture &c.,84
Kah khiéh chék-tieⁿ tsúa,,Kah khiéh chék-tieⁿ tsúa,,,佮挈一張紙,共携壹張紙,And a sheet of paper.,,,,001_Handbook_of_the_Swatow_Vernacular > Lesson XIV. household furniture &c.,85
"Sĩ-mih tsúa, péh-tek-tsúa a-sĩ sai-kok-tsúa?",,"Sĩ-mih tsúa, péh-tek-tsúa a-sĩ sai-kok-tsúa",,,是乜紙。白竹紙亞是西國紙,是何紙。白竹紙或是西國紙,"What sort of paper, Chinese or foreign?",,,,001_Handbook_of_the_Swatow_Vernacular > Lesson XIV. household furniture &c.,85
Zuãn tou-hó,,Zuãn tou-hó,,,任都好,隨便都好,Either will do.,,,,001_Handbook_of_the_Swatow_Vernacular > Lesson XIV. household furniture &c.,85
Sin-seⁿ àiⁿ siá-jī lṳ́ lâi bûa-bák,,Sin-seⁿ àiⁿ siá-jī lṳ́ lâi bûa-bák,,,先生愛寫字汝來磨墨,先生要寫字爾來磨墨,"The teacher is going to write, you come and rub the ink-stick.",,,,001_Handbook_of_the_Swatow_Vernacular > Lesson XIV. household furniture &c.,85
Sìn-phûe àiⁿ mē?,,Sìn-phûe àiⁿ mē?,,,信皮愛咩,信皮要否,Do you want an envelope?,,,,001_Handbook_of_the_Swatow_Vernacular > Lesson XIV. household furniture &c.,85
"Àiⁿ a, khiéh tieⁿ lâi",,"Àiⁿ a, khiéh tieⁿ lâi",,,愛也。挈張來,要也。携張來,"Yes, get me one.",,,,001_Handbook_of_the_Swatow_Vernacular > Lesson XIV. household furniture &c.,85
"Tsháu-chhiéh kah chhit-kha kâi sui, khiéh khṳ̀ phák",,"Tsháu-chhiéh kah chhit-kha kâi sui, khiéh khṳ̀ phák",,,草蓆佮拭骹个蓑挈去曝,草蓆共拭脚個蓑携去晒,Take the matting and the door-mat and air them in the sun.,,,,001_Handbook_of_the_Swatow_Vernacular > Lesson XIV. household furniture &c.,85
"Pũaⁿ chheng-khih, lióu chiàⁿ-khṳ̀ phák",,"Pũaⁿ chheng-khih, lióu chiàⁿ-khṳ̀ phák",,,拂清潔。了正去曝,拍清潔。了正去晒,Beat them clean before putting them in the sun.,,,,001_Handbook_of_the_Swatow_Vernacular > Lesson XIV. household furniture &c.,85
Tsáu-bé-lâu kâi liâm pàng--lôh-lâi,,Tsáu-bé-lâu kâi liâm pàng--lôh-lâi,,,走馬樓个簾放落來,走馬樓個簾放落來,Let go the blinds of the verandah.,,,,001_Handbook_of_the_Swatow_Vernacular > Lesson XIV. household furniture &c.,85
Lṳ́ hióu thn̄g-chí mē?,,Lṳ́ hióu thn̄g-chí mē?,,,汝曉撞枳咩,爾曉撞只否,Can you play billiards?,,,,001_Handbook_of_the_Swatow_Vernacular > Lesson XIV. household furniture &c.,85
"Hióu a, lṳ́ àiⁿ kah uá su-iâⁿ?",,"Hióu a, lṳ́ àiⁿ kah uá su-iâⁿ?",,,曉也。汝愛佮我輸贏,曉也。爾要共我輸贏,"Yes, do you wish to have a match with me?",,,,001_Handbook_of_the_Swatow_Vernacular > Lesson XIV. household furniture &c.,85
Nán lâi thn̄g thit-thô chiũ-hó,,Nán lâi thn̄g thit-thô chiũ-hó,,,咱來撞佚佗就好,咱來撞喜耍就好,Let us simply play (a game) for pleasure.,,,,001_Handbook_of_the_Swatow_Vernacular > Lesson XIV. household furniture &c.,85
"Mín-ēng sie-su, uá m̄-siãng puáh-chîⁿ",,"Mín-ēng sie-su, uá m̄-siãng puáh-chîⁿ",,,免用相輸。我毋尚跋錢,免用相輸。我不上賭賻,"We needn't have a match, as I don't like to gamble.",,,,001_Handbook_of_the_Swatow_Vernacular > Lesson XIV. household furniture &c.,85
Puáh-chîⁿ sĩ m̄-móⁿ sṳ̄,,Puáh-chîⁿ sĩ m̄-móⁿ sṳ̄,,,跋錢是毋孬事,賭賻是不好事,Gambling is a bad thing.,,,,001_Handbook_of_the_Swatow_Vernacular > Lesson XIV. household furniture &c.,85
Mîn-tshn̂g,,Mîn-tshn̂g,,,眠床,,A bedstead.,,,,001_Handbook_of_the_Swatow_Vernacular > Bed Room.,85
Khàng-tshn̂g,,Khàng-tshn̂g,,,炕床,抗床,A Chinese couch.,,,,001_Handbook_of_the_Swatow_Vernacular > Bed Room.,85
Phou,,Phou,,,鋪,,A bed formed of two benches with boards laid across.,,,,001_Handbook_of_the_Swatow_Vernacular > Bed Room.,85
Zók,,Zók,,,褥,,Mattress.,,,,001_Handbook_of_the_Swatow_Vernacular > Bed Room.,85
Chím-thâu,,Chím-thâu,,,枕頭,,A pillow.,,,,001_Handbook_of_the_Swatow_Vernacular > Bed Room.,86
Nám--kâi chím-thâu,,Nám--kâi chím-thâu,,,攬个枕頭,欖個枕頭,A bolster.,,,,001_Handbook_of_the_Swatow_Vernacular > Bed Room.,86
Máng-tièⁿ,,Máng-tièⁿ,,,蠓帳,蚊帳,Mosquito curtain.,,,,001_Handbook_of_the_Swatow_Vernacular > Bed Room.,86
Mîn-tshn̂g péh-pòu,,Mîn-tshn̂g péh-pòu,,,眠床白布,,Bed-sheet.,,,,001_Handbook_of_the_Swatow_Vernacular > Bed Room.,86
Chím-thâu-lông,,Chím-thâu-lông,,,枕頭囊,,Pillow-case.,,,,001_Handbook_of_the_Swatow_Vernacular > Bed Room.,86
Phũe,,Phũe,,,被,,Bed clothes (cotton.),,,,001_Handbook_of_the_Swatow_Vernacular > Bed Room.,86
Thán,,Thán,,,袒,,Do. (woollen.),,,,001_Handbook_of_the_Swatow_Vernacular > Bed Room.,86
Máng-tièⁿ-kau,,Máng-tièⁿ-kau,,,蠓帳鈎,蚊帳鈎,A hook for mosquito net.,,,,001_Handbook_of_the_Swatow_Vernacular > Bed Room.,86
Kiàⁿ,,Kiàⁿ,,,鏡,,A looking glass.,,,,001_Handbook_of_the_Swatow_Vernacular > Bed Room.,86
Siu,,Siu,,,梳,,A comb.,,,,001_Handbook_of_the_Swatow_Vernacular > Bed Room.,86
Sat-pìn,,Sat-pìn,,,虱箆,,A Chinese small-tooth comb.,,,,001_Handbook_of_the_Swatow_Vernacular > Bed Room.,86
Tshóiⁿ,,Tshóiⁿ,,,筅,,A brush.,,,,001_Handbook_of_the_Swatow_Vernacular > Bed Room.,86
Sueh,,Sueh,,,刷,,A brush.,,,,001_Handbook_of_the_Swatow_Vernacular > Bed Room.,86
Khí-chhiù,,Khí-chhiù,,,齒刷,,A tooth-brush.,,,,001_Handbook_of_the_Swatow_Vernacular > Bed Room.,86
Thì-to,,Thì-to,,,剃刀,,A razor.,,,,001_Handbook_of_the_Swatow_Vernacular > Bed Room.,86
Saⁿ-tiòu,,Saⁿ-tiòu,,,衫吊,,A clothes-horse.,,,,001_Handbook_of_the_Swatow_Vernacular > Bed Room.,86
Bō-tiòu,,Bō-tiòu,,,帽吊,,A hat-stand.,,,,001_Handbook_of_the_Swatow_Vernacular > Bed Room.,86
Sieⁿ,,Sieⁿ,,,箱,,A box.,,,,001_Handbook_of_the_Swatow_Vernacular > Bed Room.,86
Tû,,Tû,,,櫥,,"A wardrobe, a press.",,,,001_Handbook_of_the_Swatow_Vernacular > Bed Room.,86
Kūiⁿ,,Kūiⁿ,,,櫃,,A chest of drawers.,,,,001_Handbook_of_the_Swatow_Vernacular > Bed Room.,86
Keh,,Keh,,,隔,,"A drawer, or a shelf, as of a book-stand.",,,,001_Handbook_of_the_Swatow_Vernacular > Bed Room.,86
Sî-cheng,,Sî-cheng,,,時鐘,,A clock.,,,,001_Handbook_of_the_Swatow_Vernacular > Bed Room.,87
Sìⁿ,,Sìⁿ,,,扇,,A fan.,,,,001_Handbook_of_the_Swatow_Vernacular > Bed Room.,87
Chek,,Chek,,,燭,,Candles.,,,,001_Handbook_of_the_Swatow_Vernacular > Bed Room.,87
Chek-tâi,,Chek-tâi,,,燭檯,,A candle-stick.,,,,001_Handbook_of_the_Swatow_Vernacular > Bed Room.,87
Tshō saⁿ-khòu kâi kheng,,Tshō saⁿ-khòu kâi kheng,,,放衫褲个筐,放衫褲個筐,A clothes basket.,,,,001_Handbook_of_the_Swatow_Vernacular > Bed Room.,87
Sói-mīn kâi tshn̂g,,Sói-mīn kâi tshn̂g,,,洗面个床,洗面個床,A toilet table.,,,,001_Handbook_of_the_Swatow_Vernacular > Bed Room.,87
Mīn-phûn,,Mīn-phûn,,,面盆,,A wash basin.,,,,001_Handbook_of_the_Swatow_Vernacular > Bed Room.,87
Mīn-tháng,,Mīn-tháng,,,面桶,,Do. (wooden.),,,,001_Handbook_of_the_Swatow_Vernacular > Bed Room.,87
Mīn-tháng-kè,,Mīn-tháng-kè,,,面桶架,,Do. stand.,,,,001_Handbook_of_the_Swatow_Vernacular > Bed Room.,87
Tsúi-kuàn,,Tsúi-kuàn,,,水罐,水礶,A jug.,,,,001_Handbook_of_the_Swatow_Vernacular > Bed Room.,87
Mīn-pòu,,Mīn-pòu,,,面布,,A towel for the face.,,,,001_Handbook_of_the_Swatow_Vernacular > Bed Room.,87
Ék-pòu,,Ék-pòu,,,浴布,,A towel for bath.,,,,001_Handbook_of_the_Swatow_Vernacular > Bed Room.,87
Huan-káng,,Huan-káng,,,番梘,畨港,Soap (foreign.),,,,001_Handbook_of_the_Swatow_Vernacular > Bed Room.,87
Piáⁿ-iéh,,Piáⁿ-iéh,,,餅藥,丙藥,Soap (Chinese.),,,,001_Handbook_of_the_Swatow_Vernacular > Bed Room.,87
Tê-chí-khou,,Tê-chí-khou,,,茶枳枯,,A kind of Chinese washing stuff.,,,,001_Handbook_of_the_Swatow_Vernacular > Bed Room.,87
Hái-zông,,Hái-zông,,,海茸,,Sponge.,,,,001_Handbook_of_the_Swatow_Vernacular > Bed Room.,87
Hún,,Hún,,,粉,,Powder.,,,,001_Handbook_of_the_Swatow_Vernacular > Bed Room.,87
Phang-tsúi,,Phang-tsúi,,,芳水,香水,Perfume.,,,,001_Handbook_of_the_Swatow_Vernacular > Bed Room.,87
Hue-lōu-tsúi,,Hue-lōu-tsúi,,,花露水,,Lavender water.,,,,001_Handbook_of_the_Swatow_Vernacular > Bed Room.,87
Jiē-hû,,Jiē-hû,,,尿壺,,A chamber utensil.,,,,001_Handbook_of_the_Swatow_Vernacular > Bed Room.,87
Sái-puah,,Sái-puah,,,屎鉢,,Do.,,,,001_Handbook_of_the_Swatow_Vernacular > Bed Room.,87
Mīn-tshn̂g pâi-mêng-khí tiéh muéh-hó,,Mīn-tshn̂g pâi-mêng-khí tiéh muéh-hó,,,眠床排眠起着物好,眠床每明早着修好,Every morning the bed must be put right.,,,,001_Handbook_of_the_Swatow_Vernacular > Bed Room.,88
Zók khiéh khṳ̀ phák,,Zók khiéh khṳ̀ phák,,,褥挈去曝,褥携去晒,Take the mattress and put it in the sun.,,,,001_Handbook_of_the_Swatow_Vernacular > Bed Room.,88
Chím-thâu iā tiéh phák,,Chím-thâu iā tiéh phák,,,枕頭亦着曝,枕頭亦着晒,The pillows must be aired too.,,,,001_Handbook_of_the_Swatow_Vernacular > Bed Room.,88
"Máng-tièⁿ nah-sap--lō, tiéh khoih sói-saⁿ--kâi sói",,"Máng-tièⁿ nah-sap--lō, tiéh khoih sói-saⁿ--kâi sói",,,蠓帳垃圾了。着乞洗衫个洗,蚊帳污穢了。着乞洗衫個洗,"The mosquito curtain is dirty, it must be given to the washerman to wash.",,,,001_Handbook_of_the_Swatow_Vernacular > Bed Room.,88
Mîn-tshn̂g péh-pòu chék-kâi lói-pài tiéh uāⁿ chék-ē,,Mîn-tshn̂g péh-pòu chék-kâi lói-pài tiéh uāⁿ chék-ē,,,眠床白布一個禮拜着換一下,眠床白布每個禮拜着換壹次,The bed-sheet must be changed once a week.,,,,001_Handbook_of_the_Swatow_Vernacular > Bed Room.,88
Chím-thâu-lông iā tiéh pâi-kâi lói-pài uāⁿ,,Chím-thâu-lông iā tiéh pâi-kâi lói-pài uāⁿ,,,枕頭囊亦着排個禮拜換,枕頭囊亦着每個禮拜換,The pillow cases must also be changed every week.,,,,001_Handbook_of_the_Swatow_Vernacular > Bed Room.,88
Phũe m̄-móⁿ sói khah-giáp,,Phũe m̄-móⁿ sói khah-giáp,,,被毋孬洗較業,被不可洗多次,Bed-clothes shouldn't be washed too often.,,,,001_Handbook_of_the_Swatow_Vernacular > Bed Room.,88
Sói khah-giáp bõi-sie,,Sói khah-giáp bõi-sie,,,洗較業袂燒,洗多次袂暖,(If) washed too often they will not be warm.,,,,001_Handbook_of_the_Swatow_Vernacular > Bed Room.,88
"Mîn-tshn̂g pũaⁿ-máng, lióu máng-tièⁿ pàng-hó",,"Mîn-tshn̂g pũaⁿ-máng, lióu máng-tièⁿ pàng-hó",,,眠床拂蠓。了蠓帳放好,眠床拂蚊。了蚊帳放好,"Drive out the mosquitoes in the bed, and then let down the curtain properly.",,,,001_Handbook_of_the_Swatow_Vernacular > Bed Room.,88
I hàuⁿ-iám-kìaⁿ,,I hàuⁿ-iám-kìaⁿ,,,伊好睒鏡,伊好觀鏡,He is fond of looking in the looking-glass.,,,,001_Handbook_of_the_Swatow_Vernacular > Bed Room.,88
Khiéh uá kâi siu kah sat-pìn lâi,,Khiéh uá kâi siu kah sat-pìn lâi,,,挈我个梳佮虱箆來,携我個梳共虱箆來,Get me my comb and my small-tooth comb.,,,,001_Handbook_of_the_Swatow_Vernacular > Bed Room.,88
"Lṳ́ kâh uá siu, lióu kah uá pìn",,"Lṳ́ kâh uá siu, lióu kah uá pìn",,,汝佮我梳。了佮我箆,爾共我梳。了共我箆,"You comb my hair, then use the small-tooth comb.",,,,001_Handbook_of_the_Swatow_Vernacular > Bed Room.,88
"Thì-to m̄-lāi, m̄-móⁿ thì-thâu",,"Thì-to m̄-lāi, m̄-móⁿ thì-thâu",,,剃刀毋利。毋孬剃頭,剃刀不利。不好剃頭,"The razor is not sharp, I can't shave (with it.)",,,,001_Handbook_of_the_Swatow_Vernacular > Bed Room.,88
Uá kâi thâu-tshóiⁿ tõ tî-kò?,,Uá kâi thâu-tshóiⁿ tõ tî-kò?,,,我个頭筅在底塊,我個頭筅在何處,Where is my hair-brush?,,,,001_Handbook_of_the_Swatow_Vernacular > Bed Room.,88
Tiòu-pàng tî-kò?,,Tiòu-pàng tî-kò?,,,吊放底塊,吊放何處,Where shall I hang it?,,,,001_Handbook_of_the_Swatow_Vernacular > Bed Room.,88
Tiòu-pàng saⁿ-tiòu,,Tiòu-pàng saⁿ-tiòu,,,吊放衫吊,,Hang it on the clothes-horse.,,,,001_Handbook_of_the_Swatow_Vernacular > Bed Room.,88
Lṳ́ kâi sieⁿ ũ só-tiāⁿ a-bô?,,Lṳ́ kâi sieⁿ ũ só-tiāⁿ a-bô?,,,汝个箱有鎖定亞無,爾個箱有鎖定或無,Is your box locked?,,,,001_Handbook_of_the_Swatow_Vernacular > Bed Room.,89
"Bô--só, uá m̄-tsai só--tiāⁿ",,"Bô--só, uá m̄-tsai só--tiāⁿ",,,無鎖。我毋知鎖定,無鎖。我不知鎖定,No. I have forgotten to lock it.,,,,001_Handbook_of_the_Swatow_Vernacular > Bed Room.,89
Khǹg-pàng kūiⁿ-tói,,Khǹg-pàng kūiⁿ-tói,,,囥放櫃底,藏放櫃裡,Keep it in the chest of drawers.,,,,001_Handbook_of_the_Swatow_Vernacular > Bed Room.,89
Huan-káng tõ sói-mīn kâi tshn̂g-keh-tói,,Huan-káng tõ sói-mīn kâi tshn̂g-keh-tói,,,番梘在洗面个床隔底,畨港在洗面個床隔裡,The soap is in the drawer of the toilet table.,,,,001_Handbook_of_the_Swatow_Vernacular > Bed Room.,89
"Khiéh chék-kò chĩu-hó, phang--kâi",,"Khiéh chék-kò chĩu-hó, phang--kâi",,,挈一塊就好。芳个,携壹塊就好。香個,"Get one piece, a fragrant one.",,,,001_Handbook_of_the_Swatow_Vernacular > Bed Room.,89
Tsúi-kuàn ũ tsúi a-bô?,,Tsúi-kuàn ũ tsúi a-bô?,,,水罐有水亞無,水礶有水或無,Is there any water in the jug?,,,,001_Handbook_of_the_Swatow_Vernacular > Bed Room.,89
"Tsúi lióu--lō, uá lâi khṳ̀-khiéh",,"Tsúi lióu--lō, uá lâi khṳ̀-khiéh",,,水了囉。我來去挈,水完了。我來去携,"The water is finished, I will go and get (some.)",,,,001_Handbook_of_the_Swatow_Vernacular > Bed Room.,89
Khiéh chék-tióu chheng-khih kâi ék-pòu lâi,,Khiéh chék-tióu chheng-khih kâi ék-pòu lâi,,,挈一條清潔个浴布來,携壹條清潔個浴布來,Get me a clean bath-towel.,,,,001_Handbook_of_the_Swatow_Vernacular > Bed Room.,89
Uá àiⁿ sói-ék,,Uá àiⁿ sói-ék,,,我愛洗浴,我要沐浴,I want to bathe.,,,,001_Handbook_of_the_Swatow_Vernacular > Bed Room.,89
Ũ sie-tsúi a-bô?,,Ũ sie-tsúi a-bô?,,,有燒水亞無,有温水或無,Is there hot water?,,,,001_Handbook_of_the_Swatow_Vernacular > Bed Room.,89
"Bô, uá lâi khṳ̀-hiâⁿ",,"Bô, uá lâi khṳ̀-hiâⁿ",,,無。我來去燃,無。我來去煖,"No, I will go and boil (some.)",,,,001_Handbook_of_the_Swatow_Vernacular > Bed Room.,89
Lṳ́ kâi mīn ũ buah-hún a-bô?,,Lṳ́ kâi mīn ũ buah-hún a-bô?,,,汝个面有抹粉亞無,爾個面有抹粉或無,Do you put powder on your face?,,,,001_Handbook_of_the_Swatow_Vernacular > Bed Room.,89
"Bô, uá jít-jít ēng hue-lōu-tsúi",,"Bô, uá jít-jít ēng hue-lōu-tsúi",,,無。我日日用花露水,無。我每日用花露水,"No, I use lavender water every day.",,,,001_Handbook_of_the_Swatow_Vernacular > Bed Room.,89
Chiáh-tshn̂g,,Chiáh-tshn̂g,,,食床,,A dining table.,,,,001_Handbook_of_the_Swatow_Vernacular > Dining Room.,89
Tshn̂g-pòu,,Tshn̂g-pòu,,,床布,,Table cloth.,,,,001_Handbook_of_the_Swatow_Vernacular > Dining Room.,89
Chhiú-kṳn,,Chhiú-kṳn,,,手巾,,Napkins.,,,,001_Handbook_of_the_Swatow_Vernacular > Dining Room.,90
To,,To,,,刀,,Knives.,,,,001_Handbook_of_the_Swatow_Vernacular > Dining Room.,90
Chhe,,Chhe,,,叉,,Forks.,,,,001_Handbook_of_the_Swatow_Vernacular > Dining Room.,90
Sî,,Sî,,,匙,,Spoons.,,,,001_Handbook_of_the_Swatow_Vernacular > Dining Room.,90
Thng-sî,,Thng-sî,,,湯匙,,Gravy spoons.,,,,001_Handbook_of_the_Swatow_Vernacular > Dining Room.,90
Sī-iû-kè,,Sī-iû-kè,,,豉油架,,A cruet-stand.,,,,001_Handbook_of_the_Swatow_Vernacular > Dining Room.,90
To-kè,,To-kè,,,刀架,,A knife rest.,,,,001_Handbook_of_the_Swatow_Vernacular > Dining Room.,90
Sói-chhiú-pue,,Sói-chhiú-pue,,,洗手杯,,Finger bowl.,,,,001_Handbook_of_the_Swatow_Vernacular > Dining Room.,90
Chiú-pue,,Chiú-pue,,,酒杯,,Liquor glasses.,,,,001_Handbook_of_the_Swatow_Vernacular > Dining Room.,90
Chiú-cheng,,Chiú-cheng,,,酒鍾,,Chinese liquor cups.,,,,001_Handbook_of_the_Swatow_Vernacular > Dining Room.,90
Po-lî-pue,,Po-lî-pue,,,玻璃杯,,Tumblers.,,,,001_Handbook_of_the_Swatow_Vernacular > Dining Room.,90
Ié koi-thng kâi sî,,Ié koi-thng kâi sî,,,調雞湯个匙,調鷄湯個匙,A soup ladle.,,,,001_Handbook_of_the_Swatow_Vernacular > Dining Room.,90
Tshō koi-thng kâi au,,Tshō koi-thng kâi au,,,貯雞湯个甌,貯鷄湯個甌,A soup tureen.,,,,001_Handbook_of_the_Swatow_Vernacular > Dining Room.,90
Pûaⁿ,,Pûaⁿ,,,盤,,Plates.,,,,001_Handbook_of_the_Swatow_Vernacular > Dining Room.,90
Uáⁿ,,Uáⁿ,,,碗,,Bowls.,,,,001_Handbook_of_the_Swatow_Vernacular > Dining Room.,90
Uáⁿ-kong,,Uáⁿ-kong,,,碗公,,Large bowls.,,,,001_Handbook_of_the_Swatow_Vernacular > Dining Room.,90
Pûaⁿ-kiáⁿ,,Pûaⁿ-kiáⁿ,,,盤囝,盤仔,"Dessert plates, saucers.",,,,001_Handbook_of_the_Swatow_Vernacular > Dining Room.,90
Tê-cheng,,Tê-cheng,,,茶盅,茶鐘,Tea-cups.,,,,001_Handbook_of_the_Swatow_Vernacular > Dining Room.,90
Tê-sî,,Tê-sî,,,茶匙,,Tea spoons.,,,,001_Handbook_of_the_Swatow_Vernacular > Dining Room.,90
Tê-kuàn,,Tê-kuàn,,,茶罐,茶礶,A tea-pot.,,,,001_Handbook_of_the_Swatow_Vernacular > Dining Room.,90
Thn̂g-kuàn,,Thn̂g-kuàn,,,糖罐,糖礶,A sugar basin.,,,,001_Handbook_of_the_Swatow_Vernacular > Dining Room.,91
Gû-nĩⁿ-kùan,,Gû-nĩⁿ-kùan,,,牛奶罐,牛乳礶,A milk jug.,,,,001_Handbook_of_the_Swatow_Vernacular > Dining Room.,91
Ko-pî-kuàn,,Ko-pî-kuàn,,,羔丕罐,羔丕礶,A coffee pot.,,,,001_Handbook_of_the_Swatow_Vernacular > Dining Room.,91
Ko-pî-bō,,Ko-pî-bō,,,羔丕磨,,A coffee mill.,,,,001_Handbook_of_the_Swatow_Vernacular > Dining Room.,91
Tháng-pûaⁿ,,Tháng-pûaⁿ,,,桶盤,,A tray.,,,,001_Handbook_of_the_Swatow_Vernacular > Dining Room.,91
Tãng-kè,,Tãng-kè,,,筒架,,A cup-board.,,,,001_Handbook_of_the_Swatow_Vernacular > Dining Room.,91
Chiáh-tû,,Chiáh-tû,,,食櫥,,A cup-board.,,,,001_Handbook_of_the_Swatow_Vernacular > Dining Room.,91
Iâm-tíh,,Iâm-tíh,,,鹽碟,,Salt cellar.,,,,001_Handbook_of_the_Swatow_Vernacular > Dining Room.,91
Tíh-kiáⁿ,,Tíh-kiáⁿ,,,碟囝,碟仔,Chinese little saucer for holding sauce.,,,,001_Handbook_of_the_Swatow_Vernacular > Dining Room.,91
Cheng,,Cheng,,,鍾,,A bell.,,,,001_Handbook_of_the_Swatow_Vernacular > Dining Room.,91
Po-lî-tsun,,Po-lî-tsun,,,玻璃樽,,Bottles.,,,,001_Handbook_of_the_Swatow_Vernacular > Dining Room.,91
Chiú-kúi,,Chiú-kúi,,,酒機,酒鬼,A cockscrew.,,,,001_Handbook_of_the_Swatow_Vernacular > Dining Room.,91
Péh-thih-áp,,Péh-thih-áp,,,白鐵盒,,"A small tin box, as a tin for holding sardine.",,,,001_Handbook_of_the_Swatow_Vernacular > Dining Room.,91
Péh-thih-kóng,,Péh-thih-kóng,,,白鐵㼦,白鐵⿱竹廣,"A small tin vessel, as a tin for holding salmon.",,,,001_Handbook_of_the_Swatow_Vernacular > Dining Room.,91
Chiáh-tshn̂g phi tshn̂g-pòu a-būe?,,Chiáh-tshn̂g phi tshn̂g-pòu a-būe?,,,食床披床布亞未,食床披床布或未,Has the table cloth been spread on the dining table?,,,,001_Handbook_of_the_Swatow_Vernacular > Dining Room.,91
"Phi hó--lō, to-chhe būe-pái",,"Phi hó--lō, to-chhe būe-pái",,,披好了。刀叉未擺,,"It has, but the knives and forks haven't been laid.",,,,001_Handbook_of_the_Swatow_Vernacular > Dining Room.,91
Tshn̂g pái būe-hó,,Tshn̂g pái būe-hó,,,床擺未好,,The table is not ready.,,,,001_Handbook_of_the_Swatow_Vernacular > Dining Room.,91
Sī-iû-kè pàng tìn-tang,,Sī-iû-kè pàng tìn-tang,,,豉油架放鎮中,,Put the cruet-stand in the middle.,,,,001_Handbook_of_the_Swatow_Vernacular > Dining Room.,91
Chiáh-lióu khiéh sói-chhiú-pue lái,,Chiáh-lióu khiéh sói-chhiú-pue lái,,,食了挈洗手杯來,食了携洗手杯來,After dinner get the finger bowls.,,,,001_Handbook_of_the_Swatow_Vernacular > Dining Room.,92
Pûaⁿ chék-iēⁿ chiáh-lióu tiéh-uāⁿ,,Pûaⁿ chék-iēⁿ chiáh-lióu tiéh-uāⁿ,,,盤一樣食了着換,盤壹樣食了着換,The plates must be changed after every course.,,,,001_Handbook_of_the_Swatow_Vernacular > Dining Room.,92
To-chhe iā sĩ chièⁿ-seⁿ,,To-chhe iā sĩ chièⁿ-seⁿ,,,刀叉亦是只樣生,刀叉亦是如此,So also the knives and forks.,,,,001_Handbook_of_the_Swatow_Vernacular > Dining Room.,92
Khíeh chék po-lî-pue chhìn-tsúi khoih uá,,Khíeh chék po-lî-pue chhìn-tsúi khoih uá,,,挈一玻璃杯凊水乞我,携壹玻璃杯冷水與我,Get me a tumbler of cold water.,,,,001_Handbook_of_the_Swatow_Vernacular > Dining Room.,92
Uá àiⁿ-chiáh,,Uá àiⁿ-chiáh,,,我愛食,我要食,I want to drink.,,,,001_Handbook_of_the_Swatow_Vernacular > Dining Room.,92
Pûaⁿ-uáⁿ chiáh-lióu tiéh-sói,,Pûaⁿ-uáⁿ chiáh-lióu tiéh-sói,,,盤碗食了着洗,,After dinner you must wash the dishes.,,,,001_Handbook_of_the_Swatow_Vernacular > Dining Room.,92
Sói-lióu tiéh chhit-ta,,Sói-lióu tiéh chhit-ta,,,洗了着拭灱,洗了着拭乾,After washing you must wipe them dry.,,,,001_Handbook_of_the_Swatow_Vernacular > Dining Room.,92
Tshn̂g-pòu kah chhiú-kṳn nah-sap hó-uāⁿ,,Tshn̂g-pòu kah chhiú-kṳn nah-sap hó-uāⁿ,,,床布佮手巾垃圾好換,床布共手巾污穢好換,"The table-cloth and the napkins may be changed, if they are dirty.",,,,001_Handbook_of_the_Swatow_Vernacular > Dining Room.,92
"Ié-koi-thng kâi-sî chhit chiũ-hó, m̄-móⁿ chhiù",,"Ié-koi-thng kâi-sî chhit chiũ-hó, m̄-móⁿ chhiù",,,調雞湯个匙。拭就好。毋孬漱,調鷄湯個匙。拭就好。不好磨,"Just wipe the soup ladle, you must not rub it.",,,,001_Handbook_of_the_Swatow_Vernacular > Dining Room.,92
Tê-cheng ũ kúi-kâi?,,Tê-cheng ũ kúi-kâi?,,,茶盅有幾個,茶鐘有几個,How many tea-cups are there?,,,,001_Handbook_of_the_Swatow_Vernacular > Dining Room.,92
Ũ ngõu-kâi tiāⁿ-tiāⁿ,,Ũ ngõu-kâi tiāⁿ-tiāⁿ,,,有五個定定,有伍個而已,There are only five.,,,,001_Handbook_of_the_Swatow_Vernacular > Dining Room.,92
"Ngõu-kâi tiāⁿ-tiāⁿ, ke chék-kâi khoih tî-tiâng khà-tiòu?",,"Ngõu-kâi tiāⁿ-tiāⁿ, ke chék-kâi khoih tî-tiâng khà-tiòu?",,,五個定定。加一個乞底誰扣破,伍個而已。加壹個與何人扣破,Only five? Who has broken the other five?,,,,001_Handbook_of_the_Swatow_Vernacular > Dining Room.,92
Uá li m̄-tsai,,Uá li m̄-tsai,,,我哩毋知,我不知,I don't know.,,,,001_Handbook_of_the_Swatow_Vernacular > Dining Room.,92
"Lṳ́ tsò-nîⁿ hó m̄-tsai, muéh-kiãⁿ sĩ lṳ́ kuáⁿ-kâi",,"Lṳ́ tsò-nîⁿ hó m̄-tsai, muéh-kiãⁿ sĩ lṳ́ kuáⁿ-kâi",,,汝做呢好毋知。物件是汝管个,爾爲何好不知。物件是爾管個,"How is it you don't know, the things are in your charge.",,,,001_Handbook_of_the_Swatow_Vernacular > Dining Room.,92
"Uá huân-ló, uá li kuah lṳ́ kâi kang-chîⁿ",,"Uá huân-ló, uá li kuah lṳ́ kâi kang-chîⁿ",,,我煩惱。我哩割汝个工錢,我煩惱。我即割爾個工錢,"I don't care, I will cut your wages.",,,,001_Handbook_of_the_Swatow_Vernacular > Dining Room.,92
"Bô, lṳ́ li khṳ̀-bói chék-kâi lâi pûe uá",,"Bô, lṳ́ li khṳ̀-bói chék-kâi lâi pûe uá",,,無。汝哩去買一個來賠我,無。爾去買壹個來賠我,"Otherwise, you had better go and buy one to compensate me.",,,,001_Handbook_of_the_Swatow_Vernacular > Dining Room.,92
"Lṳ́ chí-chùaⁿ-sî tũaⁿ-tsāi, tsò-sṳ̄ bô tsṳ́-sòi",,"Lṳ́ chí-chùaⁿ-sî tũaⁿ-tsāi, tsò-sṳ̄ bô tsṳ́-sòi",,,汝此些時惰在。做事無仔細,爾此近時惰在。做事無詳細,"You have been very idle of late, and do things carelessly.",,,,001_Handbook_of_the_Swatow_Vernacular > Dining Room.,93
Uá àiⁿ-sǹg lṳ́ hiah,,Uá àiⁿ-sǹg lṳ́ hiah,,,我愛算汝歇,我要算爾歇,I want to discharge you.,,,,001_Handbook_of_the_Swatow_Vernacular > Dining Room.,93
"Chiáh piēn, iê-cheng",,"Chiáh piēn, iê-cheng",,,食便。搖鐘,,"Ring the bell, when the dinner is ready.",,,,001_Handbook_of_the_Swatow_Vernacular > Dining Room.,93
Tsàu,,Tsàu,,,灶,竈,A furnace.,,,,001_Handbook_of_the_Swatow_Vernacular > Kitchen.,93
Huang-lôu,,Huang-lôu,,,風爐,,A stove.,,,,001_Handbook_of_the_Swatow_Vernacular > Kitchen.,93
Seⁿ-ue,,Seⁿ-ue,,,鍟鍋,,A kettle.,,,,001_Handbook_of_the_Swatow_Vernacular > Kitchen.,93
Tâng-ue,,Tâng-ue,,,銅鍋,,A Chinese brass kettle.,,,,001_Handbook_of_the_Swatow_Vernacular > Kitchen.,93
Ue-kiáⁿ,,Ue-kiáⁿ,,,鍋囝,鍋仔,A Chinese earthen kettle.,,,,001_Handbook_of_the_Swatow_Vernacular > Kitchen.,93
Tũn-puah,,Tũn-puah,,,燉鉢,,A Chinese earthen cooking vessel.,,,,001_Handbook_of_the_Swatow_Vernacular > Kitchen.,93
Tiáⁿ,,Tiáⁿ,,,鼎,,A pan.,,,,001_Handbook_of_the_Swatow_Vernacular > Kitchen.,93
Khòiⁿ,,Khòiⁿ,,,蓋,盖,"A lid, a cover.",,,,001_Handbook_of_the_Swatow_Vernacular > Kitchen.,93
Khàm,,Khàm,,,蓋,盖,"A lid, a cover.",,,,001_Handbook_of_the_Swatow_Vernacular > Kitchen.,93
Tiam,,Tiam,,,砧,,A chopping block.,,,,001_Handbook_of_the_Swatow_Vernacular > Kitchen.,93
Pang-to,,Pang-to,,,方刀,,A chopper.,,,,001_Handbook_of_the_Swatow_Vernacular > Kitchen.,93
Tṳ̄,,Tṳ̄,,,箸,,Chop-sticks.,,,,001_Handbook_of_the_Swatow_Vernacular > Kitchen.,93
Àng,,Àng,,,甕,,A large jar.,,,,001_Handbook_of_the_Swatow_Vernacular > Kitchen.,93
Pàu,,Pàu,,,鑤,,A small jar.,,,,001_Handbook_of_the_Swatow_Vernacular > Kitchen.,93
Tsúi-kng,,Tsúi-kng,,,水缸,,A water jar.,,,,001_Handbook_of_the_Swatow_Vernacular > Kitchen.,94
Puah,,Puah,,,鉢,,A pot.,,,,001_Handbook_of_the_Swatow_Vernacular > Kitchen.,94
Tháng,,Tháng,,,桶,,"A tub, a bucket.",,,,001_Handbook_of_the_Swatow_Vernacular > Kitchen.,94
Sói-ék-tháng,,Sói-ék-tháng,,,洗浴桶,沐浴桶,A bath-tub.,,,,001_Handbook_of_the_Swatow_Vernacular > Kitchen.,94
Kha-tháng,,Kha-tháng,,,骹桶,脚桶,A bath-tub.,,,,001_Handbook_of_the_Swatow_Vernacular > Kitchen.,94
Tek-íⁿ,,Tek-íⁿ,,,竹椅,,A bamboo seat.,,,,001_Handbook_of_the_Swatow_Vernacular > Kitchen.,94
Íⁿ-thâu,,Íⁿ-thâu,,,椅頭,,A high stool.,,,,001_Handbook_of_the_Swatow_Vernacular > Kitchen.,94
Íⁿ-kiáⁿ,,Íⁿ-kiáⁿ,,,椅囝,椅仔,A little stool.,,,,001_Handbook_of_the_Swatow_Vernacular > Kitchen.,94
Khũ,,Khũ,,,臼,,A mortar.,,,,001_Handbook_of_the_Swatow_Vernacular > Kitchen.,94
Khũ-kiáⁿ,,Khũ-kiáⁿ,,,臼囝,臼仔,A little mortar.,,,,001_Handbook_of_the_Swatow_Vernacular > Kitchen.,94
Bûa-to-chiéh,,Bûa-to-chiéh,,,磨刀石,,Whetstone.,,,,001_Handbook_of_the_Swatow_Vernacular > Kitchen.,94
Teng-chuáⁿ,,Teng-chuáⁿ,,,燈盞,,A Chinese table lamp.,,,,001_Handbook_of_the_Swatow_Vernacular > Kitchen.,94
Chúa-luán-teng,,Chúa-luán-teng,,,紙輪燈,,A paper spill.,,,,001_Handbook_of_the_Swatow_Vernacular > Kitchen.,94
Húe-pâi,,Húe-pâi,,,火牌,,Matches.,,,,001_Handbook_of_the_Swatow_Vernacular > Kitchen.,94
Tsṳ̃-lâi-húe,,Tsṳ̃-lâi-húe,,,自來火,,Matches.,,,,001_Handbook_of_the_Swatow_Vernacular > Kitchen.,94
Teng-sim,,Teng-sim,,,燈心,,Lamp wick.,,,,001_Handbook_of_the_Swatow_Vernacular > Kitchen.,94
Iû,,Iû,,,油,,Oil.,,,,001_Handbook_of_the_Swatow_Vernacular > Kitchen.,94
Thôu-iû,,Thôu-iû,,,塗油,,Paraffin oil.,,,,001_Handbook_of_the_Swatow_Vernacular > Kitchen.,94
Thôu-thùaⁿ,,Thôu-thùaⁿ,,,塗炭,,Coal.,,,,001_Handbook_of_the_Swatow_Vernacular > Kitchen.,94
Húe-thùaⁿ,,Húe-thùaⁿ,,,火炭,,Charcoal.,,,,001_Handbook_of_the_Swatow_Vernacular > Kitchen.,94
Húe-tshâ,,Húe-tshâ,,,火柴,,Fire-wood.,,,,001_Handbook_of_the_Swatow_Vernacular > Kitchen.,95
Húe-hu,,Húe-hu,,,火烌,火灰,Ashes.,,,,001_Handbook_of_the_Swatow_Vernacular > Kitchen.,95
Sàu-siú,,Sàu-siú,,,掃帚,掃箒,A broom.,,,,001_Handbook_of_the_Swatow_Vernacular > Kitchen.,95
Pùn-táu,,Pùn-táu,,,糞斗,,A shovel.,,,,001_Handbook_of_the_Swatow_Vernacular > Kitchen.,95
Huang-lôu tõ pû tî-kâi?,,Huang-lôu tõ pû tî-kâi?,,,風爐在煲底個,風爐在煲何個,What is boiling on the stove?,,,,001_Handbook_of_the_Swatow_Vernacular > Kitchen.,95
Pû lân-ló sie-tsúi,,Pû lân-ló sie-tsúi,,,煲零些燒水,煲零些温水,Some hot water is boiling.,,,,001_Handbook_of_the_Swatow_Vernacular > Kitchen.,95
"Tiáⁿ líh, m̄-móⁿ ēng",,"Tiáⁿ líh, m̄-móⁿ ēng",,,鼎裂。毋孬用,鼎裂。不好用,The pan is cracked and cannot be used.,,,,001_Handbook_of_the_Swatow_Vernacular > Kitchen.,95
Tiéh lêng-ngūa bói chék-kâi sin--kâi,,Tiéh lêng-ngūa bói chék-kâi sin--kâi,,,着另外買一個新个,着另外買壹個新個,You must buy a new one.,,,,001_Handbook_of_the_Swatow_Vernacular > Kitchen.,95
Nāⁿ-sĩ hó-póu mín-ēng bói sin--kâi,,Nāⁿ-sĩ hó-póu mín-ēng bói sin--kâi,,,若是好補。免用買新个,若是好補。免用買新個,If it can be mended you needn't buy a new one.,,,,001_Handbook_of_the_Swatow_Vernacular > Kitchen.,95
Àiⁿ tok-muéh tiéh nāⁿ tiam-téng,,Àiⁿ tok-muéh tiéh nāⁿ tiam-téng,,,愛斫物着在砧頂,要琢物着在砧頂,If you want to cut things you must cut them on the chopping block.,,,,001_Handbook_of_the_Swatow_Vernacular > Kitchen.,95
Uá m̄-hióu khiâ-tṳ̄,,Uá m̄-hióu khiâ-tṳ̄,,,我毋曉擎箸,我不曉執箸,I don't know how to use chop-sticks.,,,,001_Handbook_of_the_Swatow_Vernacular > Kitchen.,95
Ún khiâ to-chhe,,Ún khiâ to-chhe,,,阮擎刀叉,阮執刀叉,We use knives and forks.,,,,001_Handbook_of_the_Swatow_Vernacular > Kitchen.,95
Àng-tói tshō tî-kâi?,,Àng-tói tshō tî-kâi?,,,甕底貯底個,甕底貯何個,What does the jar contain?,,,,001_Handbook_of_the_Swatow_Vernacular > Kitchen.,95
Tshō tsúi,,Tshō tsúi,,,貯水,,It contains water.,,,,001_Handbook_of_the_Swatow_Vernacular > Kitchen.,95
Kũaⁿ chék-tháng tsúi lâi,,Kũaⁿ chék-tháng tsúi lâi,,,摜一桶水來,携壹桶水來,Get me a bucket of water.,,,,001_Handbook_of_the_Swatow_Vernacular > Kitchen.,95
Kha-tháng tshō-tsúi,,Kha-tháng tshō-tsúi,,,骹桶貯水,脚桶貯水,Put water in the bath-tub.,,,,001_Handbook_of_the_Swatow_Vernacular > Kitchen.,95
Tsúi-kng kâi tsúi tò-tiòu,,Tsúi-kng kâi tsúi tò-tiòu,,,水缸个水倒掉,水缸個水傾丢,Pour the water out of the jar.,,,,001_Handbook_of_the_Swatow_Vernacular > Kitchen.,95
Lêng-ngūa tshō chheng-khih--kâi,,Lêng-ngūa tshō chheng-khih--kâi,,,另外貯清潔个,另外貯清潔個,And put clean water in it.,,,,001_Handbook_of_the_Swatow_Vernacular > Kitchen.,96
Pang-to tok--tiéh thih-teng khih-khṳ̀,,Pang-to tok--tiéh thih-teng khih-khṳ̀,,,方刀斫着鐵釘缺去,方刀琢着鐵釘缺去,The chopper struck against a nail and is blunt.,,,,001_Handbook_of_the_Swatow_Vernacular > Kitchen.,96
Lêng-ngūa bûa õi-lāi,,Lêng-ngūa bûa õi-lāi,,,另外磨會利,,"Whet it, and it will be sharp again.",,,,001_Handbook_of_the_Swatow_Vernacular > Kitchen.,96
Bûa-to chiéh tî-kò?,,Bûa-to chiéh tî-kò?,,,磨刀石底塊,磨刀石何處,Where is the whet-stone?,,,,001_Handbook_of_the_Swatow_Vernacular > Kitchen.,96
Khiéh lâi bûa,,Khiéh lâi bûa,,,挈來磨,携來磨,Bring it here to sharpen.,,,,001_Handbook_of_the_Swatow_Vernacular > Kitchen.,96
Taⁿ chék-chiah tek-íⁿ uá tsõ,,Taⁿ chék-chiah tek-íⁿ uá tsõ,,,挑一張竹椅我坐,挑壹張竹椅我坐,Get me a bamboo seat to sit on.,,,,001_Handbook_of_the_Swatow_Vernacular > Kitchen.,96
Leng-chúaⁿ kâi húe kùe--khṳ̀,,Leng-chúaⁿ kâi húe kùe--khṳ̀,,,燈盞个火熄去,燈盞個火熄去,The table lamp has gone out.,,,,001_Handbook_of_the_Swatow_Vernacular > Kitchen.,96
Lêng-ngūa tiám,,Lêng-ngūa tiám,,,另外點,另外㸃,Light it again.,,,,001_Handbook_of_the_Swatow_Vernacular > Kitchen.,96
Thiⁿ ke lân-ló iû,,Thiⁿ ke lân-ló iû,,,添加零些油,,Add some more oil.,,,,001_Handbook_of_the_Swatow_Vernacular > Kitchen.,96
"Húe-pâi tâm, uéh bõi-tóh",,"Húe-pâi tâm, uéh bõi-tóh",,,火牌㴷。劃袂着,火牌濕。畫袂焰,"The matches are damp, (though) they are struck they will not light.",,,,001_Handbook_of_the_Swatow_Vernacular > Kitchen.,96
Teng-sim lióu--lō,,Teng-sim lióu--lō,,,燈心了囉,燈心盡了,The wick is burnt down.,,,,001_Handbook_of_the_Swatow_Vernacular > Kitchen.,96
"Ēng húe-thùaⁿ, màiⁿ ēng húe-tshâ",,"Ēng húe-thùaⁿ, màiⁿ ēng húe-tshâ",,,用火炭。勿用火柴,,"Use charcoal, don't use fire-wood.",,,,001_Handbook_of_the_Swatow_Vernacular > Kitchen.,96
Ēng tshâ thong-koiⁿ-lãi hun,,Ēng tshâ thong-koiⁿ-lãi hun,,,用柴通間內煙,用柴通間內烟,If you use wood the whole house will be full of smoke.,,,,001_Handbook_of_the_Swatow_Vernacular > Kitchen.,96
Tsàu-khang kâi húe-hu put-tiòu,,Tsàu-khang kâi húe-hu put-tiòu,,,灶空个火烌抔掉,灶空個火灰携丟,Remove the ashes in the furnace.,,,,001_Handbook_of_the_Swatow_Vernacular > Kitchen.,96
Hue-hn̂g,,Hue-hn̂g,,,花園,,A flower garden.,,,,001_Handbook_of_the_Swatow_Vernacular > Lesson XV. garden.,96
Tsháu-pou,,Tsháu-pou,,,草埔,,A lawn.,,,,001_Handbook_of_the_Swatow_Vernacular > Lesson XV. garden.,96
Hue,,Hue,,,花,,Plants or flowers.,,,,001_Handbook_of_the_Swatow_Vernacular > Lesson XV. garden.,97
Lúi,,Lúi,,,蕊,,A bud.,,,,001_Handbook_of_the_Swatow_Vernacular > Lesson XV. garden.,97
Guéh-kì,,Guéh-kì,,,月記,,Rose.,,,,001_Handbook_of_the_Swatow_Vernacular > Lesson XV. garden.,97
Phang-hiéh,,Phang-hiéh,,,芳葉,香葉,Geranium or scented leaves.,,,,001_Handbook_of_the_Swatow_Vernacular > Lesson XV. garden.,97
Bák-lĩ,,Bák-lĩ,,,茉莉,,Jasmine.,,,,001_Handbook_of_the_Swatow_Vernacular > Lesson XV. garden.,97
Kek-hue,,Kek-hue,,,菊花,,Chrysanthemum.,,,,001_Handbook_of_the_Swatow_Vernacular > Lesson XV. garden.,97
Tê-hue,,Tê-hue,,,茶花,,Camellia.,,,,001_Handbook_of_the_Swatow_Vernacular > Lesson XV. garden.,97
Nôiⁿ-hue,,Nôiⁿ-hue,,,蓮花,,Lotus.,,,,001_Handbook_of_the_Swatow_Vernacular > Lesson XV. garden.,97
Moⁿ,,Moⁿ,,,⿱艹麾,,Ferns.,,,,001_Handbook_of_the_Swatow_Vernacular > Lesson XV. garden.,97
Chhì,,Chhì,,,刺,莿,Thorns.,,,,001_Handbook_of_the_Swatow_Vernacular > Lesson XV. garden.,97
Tsháu,,Tsháu,,,草,,Grass.,,,,001_Handbook_of_the_Swatow_Vernacular > Lesson XV. garden.,97
Sêng-chhiū,,Sêng-chhiū,,,榕樹,松樹,Banian.,,,,001_Handbook_of_the_Swatow_Vernacular > Lesson XV. garden.,97
Chhiū-ki,,Chhiū-ki,,,樹枝,,A branch.,,,,001_Handbook_of_the_Swatow_Vernacular > Lesson XV. garden.,97
Hn̂g-lî,,Hn̂g-lî,,,園籬,,Hedge.,,,,001_Handbook_of_the_Swatow_Vernacular > Lesson XV. garden.,97
Tī-kài,,Tī-kài,,,地界,,Boundary.,,,,001_Handbook_of_the_Swatow_Vernacular > Lesson XV. garden.,97
Tṳ̂-thâu,,Tṳ̂-thâu,,,鋤頭,,A hoe.,,,,001_Handbook_of_the_Swatow_Vernacular > Lesson XV. garden.,97
Pùn-pê,,Pùn-pê,,,糞耙,,A garden-rake.,,,,001_Handbook_of_the_Swatow_Vernacular > Lesson XV. garden.,97
Pùn-ki,,Pùn-ki,,,糞箕,,Baskets for removing rubbish.,,,,001_Handbook_of_the_Swatow_Vernacular > Lesson XV. garden.,97
Tôu-pùn,,Tôu-pùn,,,塗糞,,Refuse.,,,,001_Handbook_of_the_Swatow_Vernacular > Lesson XV. garden.,97
Kút,,Kút,,,滑,,To hoe.,,,,001_Handbook_of_the_Swatow_Vernacular > Lesson XV. garden.,97
Chèng,,Chèng,,,種,,To plant.,,,,001_Handbook_of_the_Swatow_Vernacular > Lesson XV. garden.,98
Liú,,Liú,,,㧕,扭,To dig.,,,,001_Handbook_of_the_Swatow_Vernacular > Lesson XV. garden.,98
Péh-huat,,Péh-huat,,,白發,,Weeds.,,,,001_Handbook_of_the_Swatow_Vernacular > Lesson XV. garden.,98
Tsâng,,Tsâng,,,欉,,A classifier of a tree.,,,,001_Handbook_of_the_Swatow_Vernacular > Lesson XV. garden.,98
Tiah,,Tiah,,,摘,,To pluck.,,,,001_Handbook_of_the_Swatow_Vernacular > Lesson XV. garden.,98
Ak-hue--kâi-nâng tõ tî-ko?,,Ak-hue--kâi-nâng tõ tî-ko?,,,沃花个人[訓]在底塊,沃花個人[訓]在何處,Where is the gardener?,,,,001_Handbook_of_the_Swatow_Vernacular > Lesson XV. garden.,98
Hàm i méⁿ-méⁿ lâi ak-hue,,Hàm i méⁿ-méⁿ lâi ak-hue,,,叫伊猛猛來沃花,呌伊速速來沃花,Tell him to look sharp and come and water the plants.,,,,001_Handbook_of_the_Swatow_Vernacular > Lesson XV. garden.,98
Hue lóng-tsóng jiôu-jîou,,Hue lóng-tsóng jiôu-jîou,,,花攏總皺皺,花俱皆皺皺,The plants are all dried up.,,,,001_Handbook_of_the_Swatow_Vernacular > Lesson XV. garden.,98
Hoh-tsōi jít bô-ak,,Hoh-tsōi jít bô-ak,,,酷㩼日無沃,好多日無沃,They have not been watered for several days.,,,,001_Handbook_of_the_Swatow_Vernacular > Lesson XV. garden.,98
Ũ-kâi àiⁿ-sí--lō,,Ũ-kâi àiⁿ-sí--lō,,,有个愛死了,有個要死了,Some of them are withering.,,,,001_Handbook_of_the_Swatow_Vernacular > Lesson XV. garden.,98
"Chí--tsâng sí lō, liú-tiòu",,"Chí--tsâng sí lō, liú-tiòu",,,此欉死了。㧕掉,此欉死了。扭丢,"This one is withered, dig it out.",,,,001_Handbook_of_the_Swatow_Vernacular > Lesson XV. garden.,98
"Tõ-hié ũ chhì, tiéh khṳ̀ kút-tiòu",,"Tõ-hié ũ chhì, tiéh khṳ̀ kút-tiòu",,,在彼有刺。着去掘掉,在彼有莿。着去掘丢,"There are thorns there, you must go and hoe them away.",,,,001_Handbook_of_the_Swatow_Vernacular > Lesson XV. garden.,98
Kút-lióu khiéh pùn-ki put-tiòu,,Kút-lióu khiéh pùn-ki put-tiòu,,,掘了挈糞箕抔掉,掘了携糞箕携丢,After hoing them get baskets and remove them.,,,,001_Handbook_of_the_Swatow_Vernacular > Lesson XV. garden.,98
Chí-tsâng hue tî-tiâng chèng--kâi?,,Chí-tsâng hue tî-tiâng chèng--kâi?,,,此欉花底誰種个,此欉花何人種個,Who has planted this plant here?,,,,001_Handbook_of_the_Swatow_Vernacular > Lesson XV. garden.,98
Sĩ uá chèng--kâi.,,Sĩ uá chèng--kâi.,,,是我種个,是我種個,I planted it.,,,,001_Handbook_of_the_Swatow_Vernacular > Lesson XV. garden.,98
Hṳ́--tsâng sĩ péh-huat--kâi,,Hṳ́--tsâng sĩ péh-huat--kâi,,,彼欉是白發个,彼欉是白發個,That one is a weed.,,,,001_Handbook_of_the_Swatow_Vernacular > Lesson XV. garden.,98
"Péh-huat--kâi màiⁿ, mán-tiòu",,"Péh-huat--kâi màiⁿ, mán-tiòu",,,白發个勿。挽掉,白發個勿。挽丢,"I don't want any weeds, pull it up.",,,,001_Handbook_of_the_Swatow_Vernacular > Lesson XV. garden.,98
Tsháu-pou lóng-tsóng sĩ chhiū-hiéh,,Tsháu-pou lóng-tsóng sĩ chhiū-hiéh,,,草埔攏總是樹葉,草埔俱皆是樹葉,Leaves are all over the lawn.,,,,001_Handbook_of_the_Swatow_Vernacular > Lesson XV. garden.,99
Khiéh pùn-pê khṳ̀ pê chheng-khih,,Khiéh pùn-pê khṳ̀ pê chheng-khih,,,挈糞耙去耙清潔,携糞耙去耙清潔,Get the garden-rake and rake it clean.,,,,001_Handbook_of_the_Swatow_Vernacular > Lesson XV. garden.,99
Tê-hue ũ khui-hue a-būe?,,Tê-hue ũ khui-hue a-būe?,,,茶花有開花亞未,茶花有開花或未,Have the camellias begun to blossom?,,,,001_Handbook_of_the_Swatow_Vernacular > Lesson XV. garden.,99
"Būe, ũ lúi tiāⁿ-tiāⁿ",,"Būe, ũ lúi tiāⁿ-tiāⁿ",,,未。有蕊定定,未。有蕊而已,"No, there are only buds.",,,,001_Handbook_of_the_Swatow_Vernacular > Lesson XV. garden.,99
Nāⁿ-sĩ khui i kâi hue sĩ ngiá-tsãi,,Nāⁿ-sĩ khui i kâi hue sĩ ngiá-tsãi,,,若是開伊个花是雅在,若是開伊個花是雅在,If the flowers blow they will be very pretty.,,,,001_Handbook_of_the_Swatow_Vernacular > Lesson XV. garden.,99
Pâi-mêng-khí àiⁿ-chiáh tiéh tiah-hue pái pàng tshn̂g-téng,,Pâi-mêng-khí àiⁿ-chiáh tiéh tiah-hue pái pàng tshn̂g-téng,,,排眠起愛食着摘花擺放床頂,每明早要食着摘花擺放床頂,Every morning at breakfast you must pluck some flowers and place them on the table.,,,,001_Handbook_of_the_Swatow_Vernacular > Lesson XV. garden.,99
Phoi,,Phoi,,,批,剖,"To cut, as the rinds of fruits, nails, pencil &c.",,,,001_Handbook_of_the_Swatow_Vernacular > Lesson XVI. a list of words used in cooking.,99
Tsoíh,,Tsoíh,,,截,,"To cut into slices, as bread, beef &c.",,,,001_Handbook_of_the_Swatow_Vernacular > Lesson XVI. a list of words used in cooking.,99
Kuah,,Kuah,,,割,,"To cut off, as a rope, a piece of meat from a large piece &c.",,,,001_Handbook_of_the_Swatow_Vernacular > Lesson XVI. a list of words used in cooking.,99
Tok,,Tok,,,斫,琢,"To chop with a knife, as to cut bones.",,,,001_Handbook_of_the_Swatow_Vernacular > Lesson XVI. a list of words used in cooking.,99
Thâi,,Thâi,,,刣,,To kill.,,,,001_Handbook_of_the_Swatow_Vernacular > Lesson XVI. a list of words used in cooking.,99
Tok-tshō,,Tok-tshō,,,斫脞,琢脞,To mince.,,,,001_Handbook_of_the_Swatow_Vernacular > Lesson XVI. a list of words used in cooking.,99
Pû,,Pû,,,煲,,"To boil as water, rice &c in small utensils.",,,,001_Handbook_of_the_Swatow_Vernacular > Lesson XVI. a list of words used in cooking.,99
Tsṳ́,,Tsṳ́,,,煮,,"To boil as rice, vegetables &c in large utensils.",,,,001_Handbook_of_the_Swatow_Vernacular > Lesson XVI. a list of words used in cooking.,99
Pû-chiáh,,Pû-chiáh,,,煲食,,To cook for one or two.,,,,001_Handbook_of_the_Swatow_Vernacular > Lesson XVI. a list of words used in cooking.,100
Tsṳ́-chiáh,,Tsṳ́-chiáh,,,煮食,,To cook for many.,,,,001_Handbook_of_the_Swatow_Vernacular > Lesson XVI. a list of words used in cooking.,100
Sáh,,Sáh,,,煠,焀,"To boil in water, as eggs, fowls &c. without anything being added.",,,,001_Handbook_of_the_Swatow_Vernacular > Lesson XVI. a list of words used in cooking.,100
Chien,,Chien,,,煎,,"To fry with something added, generally some sauce &c.",,,,001_Handbook_of_the_Swatow_Vernacular > Lesson XVI. a list of words used in cooking.,100
Luah,,Luah,,,烙,,"To fry, as eggs, fish &c.",,,,001_Handbook_of_the_Swatow_Vernacular > Lesson XVI. a list of words used in cooking.,100
Phû,,Phû,,,浮,,"To fry in oil, as plantain &c.",,,,001_Handbook_of_the_Swatow_Vernacular > Lesson XVI. a list of words used in cooking.,100
Tshá,,Tshá,,,炒,,"To fry with very little fat as vegetables; to parch, as ground-nuts &c.",,,,001_Handbook_of_the_Swatow_Vernacular > Lesson XVI. a list of words used in cooking.,100
Hip,,Hip,,,翕,,"To steam, as potatoes, taro &c.",,,,001_Handbook_of_the_Swatow_Vernacular > Lesson XVI. a list of words used in cooking.,100
Tshue,,Tshue,,,炊,,"To steam, as fish, cakes &c.",,,,001_Handbook_of_the_Swatow_Vernacular > Lesson XVI. a list of words used in cooking.,100
Tũn,,Tũn,,,燉,,To cook by means of a steam-pan.,,,,001_Handbook_of_the_Swatow_Vernacular > Lesson XVI. a list of words used in cooking.,100
Tim,,Tim,,,㶩,,To warm by means of hot water.,,,,001_Handbook_of_the_Swatow_Vernacular > Lesson XVI. a list of words used in cooking.,100
Ngâu,,Ngâu,,,熬,,"To boil very long, until quite tender.",,,,001_Handbook_of_the_Swatow_Vernacular > Lesson XVI. a list of words used in cooking.,100
Pek,,Pek,,,𤇢,,"To roast, as a fowl &c.",,,,001_Handbook_of_the_Swatow_Vernacular > Lesson XVI. a list of words used in cooking.,100
Pūe,,Pūe,,,焙,,"To toast, as bread &c.",,,,001_Handbook_of_the_Swatow_Vernacular > Lesson XVI. a list of words used in cooking.,100
Hang,,Hang,,,烘,,To warm over the fire.,,,,001_Handbook_of_the_Swatow_Vernacular > Lesson XVI. a list of words used in cooking.,100
Tshong,,Tshong,,,冲,,"To infuse, as tea &c.",,,,001_Handbook_of_the_Swatow_Vernacular > Lesson XVI. a list of words used in cooking.,100
Tiéh-húe-sie,,Tiéh-húe-sie,,,着火燒,,To get burnt by being over roasted or burnt for want of water.,,,,001_Handbook_of_the_Swatow_Vernacular > Lesson XVI. a list of words used in cooking.,100
Sie,,Sie,,,燒,,To burn.,,,,001_Handbook_of_the_Swatow_Vernacular > Lesson XVI. a list of words used in cooking.,100
sie,,sie,,,燒,温,Hot.,,,,001_Handbook_of_the_Swatow_Vernacular > Lesson XVI. a list of words used in cooking.,100
Ngân,,Ngân,,,凝,冷,Cold.,,,,001_Handbook_of_the_Swatow_Vernacular > Lesson XVI. a list of words used in cooking.,100
Kún,,Kún,,,滾,,Boiling.,,,,001_Handbook_of_the_Swatow_Vernacular > Lesson XVI. a list of words used in cooking.,101
Sék,,Sék,,,熟,,Thoroughly boiled.,,,,001_Handbook_of_the_Swatow_Vernacular > Lesson XVI. a list of words used in cooking.,101
Chheⁿ,,Chheⁿ,,,生,,Not yet boiled; raw.,,,,001_Handbook_of_the_Swatow_Vernacular > Lesson XVI. a list of words used in cooking.,101
Mîⁿ,,Mîⁿ,,,糜,縻,"Tender, soft; rotten (of fruit.)",,,,001_Handbook_of_the_Swatow_Vernacular > Lesson XVI. a list of words used in cooking.,101
Zūn,,Zūn,,,韌,潤,Tough.,,,,001_Handbook_of_the_Swatow_Vernacular > Lesson XVI. a list of words used in cooking.,101
Tōiⁿ,,Tōiⁿ,,,𠕆,,Hard.,,,,001_Handbook_of_the_Swatow_Vernacular > Lesson XVI. a list of words used in cooking.,101
Nńg,,Nńg,,,軟,,Soft.,,,,001_Handbook_of_the_Swatow_Vernacular > Lesson XVI. a list of words used in cooking.,101
Phàⁿ,,Phàⁿ,,,冇,,"Porous, soft.",,,,001_Handbook_of_the_Swatow_Vernacular > Lesson XVI. a list of words used in cooking.,101
Tsham,,Tsham,,,摻,參,To mix.,,,,001_Handbook_of_the_Swatow_Vernacular > Lesson XVI. a list of words used in cooking.,101
chhiou,,chhiou,,,𢲵,擾,To stir.,,,,001_Handbook_of_the_Swatow_Vernacular > Lesson XVI. a list of words used in cooking.,101
Khau,,Khau,,,摳,敲,To scrape; to scratch.,,,,001_Handbook_of_the_Swatow_Vernacular > Lesson XVI. a list of words used in cooking.,101
Pak-phûe,,Pak-phûe,,,剝皮,,"To peel, as skin.",,,,001_Handbook_of_the_Swatow_Vernacular > Lesson XVI. a list of words used in cooking.,101
Cheng,,Cheng,,,舂,,To pound.,,,,001_Handbook_of_the_Swatow_Vernacular > Lesson XVI. a list of words used in cooking.,101
Chhì,,Chhì,,,試,,"To taste, to try.",,,,001_Handbook_of_the_Swatow_Vernacular > Lesson XVI. a list of words used in cooking.,101
Khì-bī,,Khì-bī,,,氣味,,Palate or taste.,,,,001_Handbook_of_the_Swatow_Vernacular > Lesson XVI. a list of words used in cooking.,101
Bī-sōu,,Bī-sōu,,,味素,味道,Palate or taste.,,,,001_Handbook_of_the_Swatow_Vernacular > Lesson XVI. a list of words used in cooking.,101
Tshàu-tsho,,Tshàu-tsho,,,臭臊,臭生,Fish smell.,,,,001_Handbook_of_the_Swatow_Vernacular > Lesson XVI. a list of words used in cooking.,101
Tiâm,,Tiâm,,,甜,,Sweet.,,,,001_Handbook_of_the_Swatow_Vernacular > Lesson XVI. a list of words used in cooking.,101
Sng,,Sng,,,酸,,Sour.,,,,001_Handbook_of_the_Swatow_Vernacular > Lesson XVI. a list of words used in cooking.,101
Kiâm,,Kiâm,,,鹹,,Salt.,,,,001_Handbook_of_the_Swatow_Vernacular > Lesson XVI. a list of words used in cooking.,101
Chiáⁿ,,Chiáⁿ,,,䭕,淡,Insipid or tasteless.,,,,001_Handbook_of_the_Swatow_Vernacular > Lesson XVI. a list of words used in cooking.,102
Khóu,,Khóu,,,苦,,Bitter.,,,,001_Handbook_of_the_Swatow_Vernacular > Lesson XVI. a list of words used in cooking.,102
Hiam,,Hiam,,,薟,,Pungent.,,,,001_Handbook_of_the_Swatow_Vernacular > Lesson XVI. a list of words used in cooking.,102
Jiét,,Jiét,,,熱,,"Hot, like ginger.",,,,001_Handbook_of_the_Swatow_Vernacular > Lesson XVI. a list of words used in cooking.,102
Phang,,Phang,,,芳,香,"Fragrant, nice, well-flavoured.",,,,001_Handbook_of_the_Swatow_Vernacular > Lesson XVI. a list of words used in cooking.,102
Kam,,Kam,,,甘,,"Sour and sweet, like olives.",,,,001_Handbook_of_the_Swatow_Vernacular > Lesson XVI. a list of words used in cooking.,102
Siap,,Siap,,,澀,澁,"Bitter and sour, like unripe fruit.",,,,001_Handbook_of_the_Swatow_Vernacular > Lesson XVI. a list of words used in cooking.,102
Chiáh,,Chiáh,,,食,,Food,,,,001_Handbook_of_the_Swatow_Vernacular > Provisions.,102
bí-niêⁿ,,bí-niêⁿ,,,米糧,,Food,,,,001_Handbook_of_the_Swatow_Vernacular > Provisions.,102
Mīⁿ-pau,,Mīⁿ-pau,,,麵包,麫包,Bread,,,,001_Handbook_of_the_Swatow_Vernacular > Provisions.,102
Gû-nĩⁿ-iû,,Gû-nĩⁿ-iû,,,牛奶油,牛乳油,Butter,,,,001_Handbook_of_the_Swatow_Vernacular > Provisions.,102
Thng,,Thng,,,湯,,"Soup, Gravy",,,,001_Handbook_of_the_Swatow_Vernacular > Provisions.,102
Koi,,Koi,,,雞,鷄,Fowl,,,,001_Handbook_of_the_Swatow_Vernacular > Provisions.,102
Ah,,Ah,,,鴨,,Duck,,,,001_Handbook_of_the_Swatow_Vernacular > Provisions.,102
Gô,,Gô,,,鵝,,Goose,,,,001_Handbook_of_the_Swatow_Vernacular > Provisions.,102
Húe-koi,,Húe-koi,,,火雞,火鷄,Turkey,,,,001_Handbook_of_the_Swatow_Vernacular > Provisions.,102
Hún-chióu,,Hún-chióu,,,粉鳥,,Pigeon,,,,001_Handbook_of_the_Swatow_Vernacular > Provisions.,102
Gû-bah,,Gû-bah,,,牛肉,,Beef,,,,001_Handbook_of_the_Swatow_Vernacular > Provisions.,103
gû-nék,,gû-nék,,,牛肉,,Beef,,,,001_Handbook_of_the_Swatow_Vernacular > Provisions.,103
Iêⁿ-bah,,Iêⁿ-bah,,,羊肉,,Mutton,,,,001_Handbook_of_the_Swatow_Vernacular > Provisions.,103
iêⁿ-nék,,iêⁿ-nék,,,羊肉,,Mutton,,,,001_Handbook_of_the_Swatow_Vernacular > Provisions.,103
Tṳ-bah,,Tṳ-bah,,,豬肉,,Pork,,,,001_Handbook_of_the_Swatow_Vernacular > Provisions.,103
tṳ-nék,,tṳ-nék,,,豬肉,,Pork,,,,001_Handbook_of_the_Swatow_Vernacular > Provisions.,103
Húe-thúi,,Húe-thúi,,,火腿,,Ham,,,,001_Handbook_of_the_Swatow_Vernacular > Provisions.,103
Hô-lân-tsṳ̂,,Hô-lân-tsṳ̂,,,荷蘭薯,,Potatoes,,,,001_Handbook_of_the_Swatow_Vernacular > Provisions.,103
Huan-kuah,,Huan-kuah,,,番葛,畨葛,"Potatoes, sweet",,,,001_Handbook_of_the_Swatow_Vernacular > Provisions.,103
huan-tsṳ̂,,huan-tsṳ̂,,,番薯,畨薯,"Potatoes, sweet",,,,001_Handbook_of_the_Swatow_Vernacular > Provisions.,103
Kúe,,Kúe,,,粿,,Cakes,,,,001_Handbook_of_the_Swatow_Vernacular > Provisions.,103
Koi-nñg-kúe,,Koi-nñg-kúe,,,雞卵粿,鷄卵粿,Sponge cake,,,,001_Handbook_of_the_Swatow_Vernacular > Provisions.,103
Béh-hún-kúe,,Béh-hún-kúe,,,麥粉粿,,Blanc-mange,,,,001_Handbook_of_the_Swatow_Vernacular > Provisions.,103
Chiéh-hue,,Chiéh-hue,,,石灰,,Seaweed jelly,,,,001_Handbook_of_the_Swatow_Vernacular > Provisions.,103
Nñg,,Nñg,,,卵,,Eggs,,,,001_Handbook_of_the_Swatow_Vernacular > Provisions.,103
Bí,,Bí,,,米,,"Rice, (raw)",,,,001_Handbook_of_the_Swatow_Vernacular > Provisions.,103
Pñg,,Pñg,,,飯,,"Rice, (boiled)",,,,001_Handbook_of_the_Swatow_Vernacular > Provisions.,103
Mûeⁿ,,Mûeⁿ,,,糜,粥,Congee,,,,001_Handbook_of_the_Swatow_Vernacular > Provisions.,103
Ám,,Ám,,,飲,黯,Rice water,,,,001_Handbook_of_the_Swatow_Vernacular > Provisions.,103
Kiâm-sng,,Kiâm-sng,,,鹹酸,,Relish,,,,001_Handbook_of_the_Swatow_Vernacular > Provisions.,103
Ka-lî,,Ka-lî,,,咖喱,膠離,Curry,,,,001_Handbook_of_the_Swatow_Vernacular > Provisions.,103
Ka-lî-buáh,,Ka-lî-buáh,,,咖喱末,膠離末,"Curry, stuff",,,,001_Handbook_of_the_Swatow_Vernacular > Provisions.,103
Kài-luáh,,Kài-luáh,,,芥辣,,Mustard,,,,001_Handbook_of_the_Swatow_Vernacular > Provisions.,103
Sī-iû,,Sī-iû,,,豉油,,Sauce,,,,001_Handbook_of_the_Swatow_Vernacular > Provisions.,103
Tshòu,,Tshòu,,,醋,,Vinegar,,,,001_Handbook_of_the_Swatow_Vernacular > Provisions.,104
Hôu-chie,,Hôu-chie,,,胡椒,糊椒,Pepper,,,,001_Handbook_of_the_Swatow_Vernacular > Provisions.,104
Sng-tshài,,Sng-tshài,,,酸菜,,Pickles,,,,001_Handbook_of_the_Swatow_Vernacular > Provisions.,104
Tiâm-ko,,Tiâm-ko,,,甜糕,,Jam,,,,001_Handbook_of_the_Swatow_Vernacular > Provisions.,104
Thn̂g,,Thn̂g,,,糖,,Sugar,,,,001_Handbook_of_the_Swatow_Vernacular > Provisions.,104
Piaⁿ-thn̂g,,Piaⁿ-thn̂g,,,冰糖,,Sugar-candy,,,,001_Handbook_of_the_Swatow_Vernacular > Provisions.,104
Tê-bí,,Tê-bí,,,茶米,,"Tea, (leaves)",,,,001_Handbook_of_the_Swatow_Vernacular > Provisions.,104
Ko-pî,,Ko-pî,,,羔丕,,Coffee,,,,001_Handbook_of_the_Swatow_Vernacular > Provisions.,104
Phû-thô-kuaⁿ,,Phû-thô-kuaⁿ,,,葡萄干,,Raisins,,,,001_Handbook_of_the_Swatow_Vernacular > Provisions.,104
Béh,,Béh,,,麥,,Barley,,,,001_Handbook_of_the_Swatow_Vernacular > Provisions.,104
Iùⁿ-bí,,Iùⁿ-bí,,,苡米,,Indian corn,,,,001_Handbook_of_the_Swatow_Vernacular > Provisions.,104
Ngóu-hún,,Ngóu-hún,,,藕粉,,Arrow-root,,,,001_Handbook_of_the_Swatow_Vernacular > Provisions.,104
Mīⁿ,,Mīⁿ,,,麵,麫,Flour,,,,001_Handbook_of_the_Swatow_Vernacular > Provisions.,104
Siâ-gō-hún,,Siâ-gō-hún,,,斜莪粉,,Sago,,,,001_Handbook_of_the_Swatow_Vernacular > Provisions.,104
Siâ-gō-îⁿ,,Siâ-gō-îⁿ,,,斜莪圓,,"Sago, in pills",,,,001_Handbook_of_the_Swatow_Vernacular > Provisions.,104
Mīⁿ-sùaⁿ,,Mīⁿ-sùaⁿ,,,麵線,麫線,Vermicelli,,,,001_Handbook_of_the_Swatow_Vernacular > Provisions.,104
Iâm,,Iâm,,,鹽,,Salt,,,,001_Handbook_of_the_Swatow_Vernacular > Provisions.,104
"Nán màⁿ-khí àiⁿ tshut-mn̂g, chiáh ũ-kàu a bô?",,"Nán màⁿ-khí àiⁿ tshut-mn̂g, chiáh ũ-kàu a bô?",,,咱明旦起愛出門。食有夠亞無,咱明天要出門。食有夠或無,"Tomorrow, we are going out, have we got enough provisions?","To-morrow, we are going out, have we got enough provisions?",,,001_Handbook_of_the_Swatow_Vernacular > Provisions.,104
Tiéh ṳ̃-kàu,,Tiéh ṳ̃-kàu,,,着預夠,着預足,You must prepare enough.,,,,001_Handbook_of_the_Swatow_Vernacular > Provisions.,105
"Màiⁿ-m̄-kàu, lióu tõ lōu chiũ bô-chiáh",,"Màiⁿ-m̄-kàu, lióu tõ lōu chiũ bô-chiáh",,,勿毋夠。了在路就無食,勿不足。了在路就無食,"For if there is not enough, then we shall get no food on the way.",,,,001_Handbook_of_the_Swatow_Vernacular > Provisions.,105
Taⁿ nán ũ tî-kâi?,,Taⁿ nán ũ tî-kâi?,,,今咱有底個,今咱有何個,"Now, what have we got?",,,,001_Handbook_of_the_Swatow_Vernacular > Provisions.,105
"Mīⁿ-pau ũ saⁿ-kâi, gû-nĩⁿ iû ũ chék-áp",,"Mīⁿ-pau ũ saⁿ-kâi, gû-nĩⁿ iû ũ chék-áp",,,麵包有三個。牛奶油有一盒,麫包有三個。牛乳油有壹盒,"We have three loaves of bread, and one tin of butter.",,,,001_Handbook_of_the_Swatow_Vernacular > Provisions.,105
Nāⁿ-sĩ m̄-kàu chék-lōu hó-bói,,Nāⁿ-sĩ m̄-kàu chék-lōu hó-bói,,,若是毋夠一路好買,若是不足壹路好買,"If we haven't got enough, we can buy on the way.",,,,001_Handbook_of_the_Swatow_Vernacular > Provisions.,105
Kiè húe-thâu lâi,,Kiè húe-thâu lâi,,,叫伙頭來,呌伙頭來,Call the cook here.,,,,001_Handbook_of_the_Swatow_Vernacular > Provisions.,105
Màⁿ-mêⁿ-hng uá àiⁿ-chhiáⁿ-nâng,,Màⁿ-mêⁿ-hng uá àiⁿ-chhiáⁿ-nâng,,,明夜昏我愛請人[訓],明夜昏我要請人[訓],Tomorrow night I wish to invite a few persons.,To-morrow night I wish to invite a few persons.,,,001_Handbook_of_the_Swatow_Vernacular > Provisions.,105
Ũ àiⁿ-chhiáⁿ jiéh-tsōi nâng?,,Ũ àiⁿ-chhiáⁿ jiéh-tsōi nâng?,,,有愛請幾㩼人[訓],有要請几多人[訓],How many people do you wish to invite?,,,,001_Handbook_of_the_Swatow_Vernacular > Provisions.,105
Iak-bó-liãng poih-nâng,,Iak-bó-liãng poih-nâng,,,約母量八人[訓],大約畧捌人[訓],Probably eight persons.,,,,001_Handbook_of_the_Swatow_Vernacular > Provisions.,105
Bói chék-chiah koi tsò-thng,,Bói chék-chiah koi tsò-thng,,,買一隻雞做湯,買壹隻鷄做湯,Buy a fowl and make soup.,,,,001_Handbook_of_the_Swatow_Vernacular > Provisions.,105
"Chék-chiah ah pek, chek-chiah gô phû",,"Chék-chiah ah pek, chek-chiah gô phû",,,一隻鴨𤇢。一隻鵝浮,壹隻鴨𤇢。壹隻鵝浮,Roast one duck and fry one goose.,,,,001_Handbook_of_the_Swatow_Vernacular > Provisions.,105
"Kuah sì-kṳn gû-bah, saⁿ kṳn iêⁿ-bah, nõⁿ-kṳn tṳ-lâ",,"Kuah sì-kṳn gû-bah, saⁿ kṳn iêⁿ-bah, nõⁿ-kṳn tṳ-lâ",,,割四斤牛肉。三斤羊肉。二斤豬朥,割四斤牛肉。三斤羊肉。弍斤豬朥,"Buy (lit. cut) four catties of beef, three catties of mutton, two catties of lard.",,,,001_Handbook_of_the_Swatow_Vernacular > Provisions.,105
Húe-thúi khṳ̀ kau-tshài-kuán khiéh,,Húe-thúi khṳ̀ kau-tshài-kuán khiéh,,,火腿去高菜館挈,火腿去高菜館携,"For ham, go to the compradore and get it.",,,,001_Handbook_of_the_Swatow_Vernacular > Provisions.,105
Khiéh chék-thúi,,Khiéh chék-thúi,,,挈一腿,携壹腿,Get one ham.,,,,001_Handbook_of_the_Swatow_Vernacular > Provisions.,105
Hô-lân-tsṳ̂ huân-lióu ũ a-bô?,,Hô-lân-tsṳ̂ huân-lióu ũ a-bô?,,,荷蘭薯還了有亞無,荷蘭薯還了有或無,Have you any more potatoes?,,,,001_Handbook_of_the_Swatow_Vernacular > Provisions.,105
Ũ ke lân-ló,,Ũ ke lân-ló,,,有加零些,,I have a few more.,,,,001_Handbook_of_the_Swatow_Vernacular > Provisions.,105
Lã a m̄-lã?,,Lã a m̄-lã?,,,𤰉亞毋𤰉,足或不足,Have you enough?,,,,001_Handbook_of_the_Swatow_Vernacular > Provisions.,106
Uá siẽⁿ lã--a,,Uá siẽⁿ lã--a,,,我想𤰉亞,我想足也,I think there are enough.,,,,001_Handbook_of_the_Swatow_Vernacular > Provisions.,106
"Hó--nōⁿ, nāⁿ-sĩ lã chiũ mín-ēng bói",,"Hó--nōⁿ, nāⁿ-sĩ lã chiũ mín-ēng bói",,,好也。若是𤰉就免用買,好也。若是足就免用買,"All right, if you have enough you needn't buy any.",,,,001_Handbook_of_the_Swatow_Vernacular > Provisions.,106
Koi-nñg bói saⁿ-tsáp liáp,,Koi-nñg bói saⁿ-tsáp liáp,,,雞卵買三十粒,鷄卵買三十粒,Buy thirty fowl's eggs.,,,,001_Handbook_of_the_Swatow_Vernacular > Provisions.,106
Tsáp-lák liáp luah pùaⁿ-chheⁿ sék,,Tsáp-lák liáp luah pùaⁿ-chheⁿ sék,,,十六粒烙半生熟,十陸粒烙半生熟,Half-fry sixteen of them.,,,,001_Handbook_of_the_Swatow_Vernacular > Provisions.,106
Tshûn tsáp-sì liáp tsò-kúe,,Tshûn tsáp-sì liáp tsò-kúe,,,賰十四粒做粿,存十四粒做粿,The remaining fourteen make them into cakes.,,,,001_Handbook_of_the_Swatow_Vernacular > Provisions.,106
Tiéh suán chhiⁿ--kâi,,Tiéh suán chhiⁿ--kâi,,,着選鮮个,着選鮮個,You must choose fresh ones.,,,,001_Handbook_of_the_Swatow_Vernacular > Provisions.,106
Chiũ-sĩ chièⁿ-seⁿ,,Chiũ-sĩ chièⁿ-seⁿ,,,就是只樣生,就是如此,That's all.,,,,001_Handbook_of_the_Swatow_Vernacular > Provisions.,106
Pn̄g màiⁿ-pû khah-mîⁿ,,Pn̄g màiⁿ-pû khah-mîⁿ,,,飯勿烳較糜,,Don't boil the rice to soft.,,,,001_Handbook_of_the_Swatow_Vernacular > Provisions.,106
Ka-lî màiⁿ-tsṳ́ khah-hiam,,Ka-lî màiⁿ-tsṳ́ khah-hiam,,,咖喱勿煮過薟,膠離勿煮過辣,Don't make the curry too hot.,,,,001_Handbook_of_the_Swatow_Vernacular > Provisions.,106
Chiáh-pn̄g bô kiâm-sng chiáh m̄-lóh,,Chiáh-pn̄g bô kiâm-sng chiáh m̄-lóh,,,食飯無鹹酸食毋落,食飯無鹹酸食不落,To take rice without relish it cannot be eaten.,,,,001_Handbook_of_the_Swatow_Vernacular > Provisions.,106
I chhiáⁿ-nâng phâng-phài tsãi,,I chhiáⁿ-nâng phâng-phài tsãi,,,伊請人[訓]滂沛在,伊請人[訓]滿席在,He invited people to lots of dishes.,,,,001_Handbook_of_the_Swatow_Vernacular > Provisions.,106
"I kâi kiâm-sng tsōi-iēⁿ tsāi, chiáh m̄-lióu",,"I kâi kiâm-sng tsōi-iēⁿ tsāi, chiáh m̄-lióu",,,伊个鹹酸㩼樣在。食毋了,伊個鹹酸多樣在。食不了,"His relishes were of many kinds, we could'nt eat them all.",,,,001_Handbook_of_the_Swatow_Vernacular > Provisions.,106
Nâng-nâng chiáh-kàu-pá,,Nâng-nâng chiáh-kàu-pá,,,人[訓]人[訓]食到飽,,Every body ate until they had enough.,,,,001_Handbook_of_the_Swatow_Vernacular > Provisions.,106
I kâi húe-thâu õi-tsãi,,I kâi húe-thâu õi-tsãi,,,伊个伙頭會在,伊個伙頭會在,His cook is very clever.,,,,001_Handbook_of_the_Swatow_Vernacular > Provisions.,106
Iēⁿ-Iēⁿ i tsṳ́-lâi hó-tsãi,,Iēⁿ-Iēⁿ i tsṳ́-lâi hó-tsãi,,,樣樣伊煮來好在,每樣伊煮來好在,Every thing he made was very nice indeed.,,,,001_Handbook_of_the_Swatow_Vernacular > Provisions.,106
"Thâu-tshái chiũ chiáh koi-kiáⁿ-thng, kah mīⁿ-pau pūe--kâi",,"Thâu-tshái chiũ chiáh koi-kiáⁿ-thng, kah mīⁿ-pau pūe--kâi",,,頭彩就食雞囝湯。佮麵包焙个,起初就食鷄仔湯。與麪包焙個,"First of all, we had chicken soup and toasted bread.",,,,001_Handbook_of_the_Swatow_Vernacular > Provisions.,106
"Lióu iêⁿ-bah luah, kah hô-lân-tsṳ̂",,"Lióu iêⁿ-bah luah, kah hô-lân-tsṳ̂",,,了羊肉烙。佮荷蘭薯,後羊肉烙。與荷蘭薯,Then mutton-chop and potatoes.,,,,001_Handbook_of_the_Swatow_Vernacular > Provisions.,106
"Lióu húe-koi phû, ùn kài-luáh, lióu huân-lióu tsōi-tsōi iēⁿ",,"Lióu húe-koi phû, ùn kài-luáh, lióu huân-lióu tsōi-tsōi iēⁿ",,,了火雞浮。煴芥辣。了還了㩼㩼樣,後火鷄浮。煴芥辣。了還了多多樣,"Then turkey fried in oil, and eaten with mustard, and many other kinds.",,,,001_Handbook_of_the_Swatow_Vernacular > Provisions.,107
Hṳ̂,,Hṳ̂,,,魚,,Fish,,,,001_Handbook_of_the_Swatow_Vernacular > Fish.,107
Bé-ka,,Bé-ka,,,馬鮫,,Mackeral,,,,001_Handbook_of_the_Swatow_Vernacular > Fish.,107
Chhieⁿ-hṳ̂,,Chhieⁿ-hṳ̂,,,鯧魚,,Flounder,,,,001_Handbook_of_the_Swatow_Vernacular > Fish.,107
Ngóu-hṳ̂,,Ngóu-hṳ̂,,,𩵱魚,,Mullet,,,,001_Handbook_of_the_Swatow_Vernacular > Fish.,107
Âng-tsô,,Âng-tsô,,,紅鰽,,Red-fish,,,,001_Handbook_of_the_Swatow_Vernacular > Fish.,107
Ou-hṳ̂,,Ou-hṳ̂,,,烏魚,,Blackfish,,,,001_Handbook_of_the_Swatow_Vernacular > Fish.,107
Chhî-khak,,Chhî-khak,,,刺殼,莿壳,Shad,,,,001_Handbook_of_the_Swatow_Vernacular > Fish.,107
Bák-táu,,Bák-táu,,,墨斗,木斗,Cuttle-fish,,,,001_Handbook_of_the_Swatow_Vernacular > Fish.,107
Sua-hṳ̂,,Sua-hṳ̂,,,鯊魚,沙魚,Shark,,,,001_Handbook_of_the_Swatow_Vernacular > Fish.,107
Kang-hṳ̂,,Kang-hṳ̂,,,江魚,,Chinese whitebait,,,,001_Handbook_of_the_Swatow_Vernacular > Fish.,107
Hṳ̂-kiáⁿ,,Hṳ̂-kiáⁿ,,,魚囝,魚子,Little fish,,,,001_Handbook_of_the_Swatow_Vernacular > Fish.,107
Mûaⁿ,,Mûaⁿ,,,鰻,,Eel,,,,001_Handbook_of_the_Swatow_Vernacular > Fish.,107
Hõi,,Hõi,,,蟹,,Crab,,,,001_Handbook_of_the_Swatow_Vernacular > Fish.,107
Hê,,Hê,,,蝦,,Shrimps,,,,001_Handbook_of_the_Swatow_Vernacular > Fish.,107
Lêng-hê,,Lêng-hê,,,龍蝦,,Lobster,,,,001_Handbook_of_the_Swatow_Vernacular > Fish.,107
Lô,,Lô,,,螺,,Shell-fish,,,,001_Handbook_of_the_Swatow_Vernacular > Fish.,107
Hang-ku,,Hang-ku,,,魴龜,,Turtle,,,,001_Handbook_of_the_Swatow_Vernacular > Fish.,108
Ô,,Ô,,,蠔,,Oysters,,,,001_Handbook_of_the_Swatow_Vernacular > Fish.,108
Ham,,Ham,,,蚶,,Cockles,,,,001_Handbook_of_the_Swatow_Vernacular > Fish.,108
Hṳ̂-kuaⁿ,,Hṳ̂-kuaⁿ,,,魚干,,Dried salt fish,,,,001_Handbook_of_the_Swatow_Vernacular > Fish.,108
hṳ̂-póu,,hṳ̂-póu,,,魚脯,,Dried salt fish,,,,001_Handbook_of_the_Swatow_Vernacular > Fish.,108
Kiâm-hṳ̂,,Kiâm-hṳ̂,,,鹹魚,,Salt fish,,,,001_Handbook_of_the_Swatow_Vernacular > Fish.,108
Hê-bí,,Hê-bí,,,蝦米,,Dried prawns,,,,001_Handbook_of_the_Swatow_Vernacular > Fish.,108
Jiû-hṳ̂,,Jiû-hṳ̂,,,魷魚,,Dried cuttle-fish,,,,001_Handbook_of_the_Swatow_Vernacular > Fish.,108
Jiû-hṳ̂,,Jiû-hṳ̂,,,鰇魚,,Dried cuttle-fish,,,,001_Handbook_of_the_Swatow_Vernacular > Fish.,108
Hṳ̂-chí,,Hṳ̂-chí,,,魚子,魚只,Fish-roe,,,,001_Handbook_of_the_Swatow_Vernacular > Fish.,108
hṳ̂-tshun,,hṳ̂-tshun,,,魚春,魚蛋,Fish-roe,,,,001_Handbook_of_the_Swatow_Vernacular > Fish.,108
Hṳ̂-kôi,,Hṳ̂-kôi,,,魚鮭,,Preserved fish,,,,001_Handbook_of_the_Swatow_Vernacular > Fish.,108
Búe,,Búe,,,尾,,Classifier of fish,,,,001_Handbook_of_the_Swatow_Vernacular > Fish.,108
Chhĩ mêng-khí bô-hṳ̂,,Chhĩ mêng-khí bô-hṳ̂,,,巿眠起無魚,巿今早無魚,There are no fish this morning in the market.,,,,001_Handbook_of_the_Swatow_Vernacular > Fish.,108
"Ũ chék-búe uá tshut chék-peh-chîⁿ, bōi-hṳ̂--kâi-nâng huân-lióu m̄-hàuⁿ bōi uá",,"Ũ chék-búe uá tshut chék-peh-chîⁿ, bōi-hṳ̂--kâi-nâng huân-lióu m̄-hàuⁿ bōi uá",,,有一尾我出一百錢賣魚个人[訓]還了毋好賣我,有壹尾我出壹百錢賣魚個人[訓]還了不好賣我,"There is one, which I offered a hundred cash for yet the fisherman wouldn't sell it to me.",,,,001_Handbook_of_the_Swatow_Vernacular > Fish.,108
Chék-búe âng-tsô àiⁿ nõⁿ-peh-chîⁿ,,Chék-búe âng-tsô àiⁿ nõⁿ-peh-chîⁿ,,,一尾紅鰽愛二百錢,壹尾紅鰽要二百錢,Two hundred cash for a red-fish.,,,,001_Handbook_of_the_Swatow_Vernacular > Fish.,108
Chhieⁿ-hṳ̂ siãng-kiám chék-búe àiⁿ peh-ngõu-chîⁿ,,Chhieⁿ-hṳ̂ siãng-kiám chék-búe àiⁿ peh-ngõu-chîⁿ,,,鯧魚上減一尾愛百五錢,鯧魚上減壹尾要百伍錢,At least one hundred and fifty cash for a flounder.,,,,001_Handbook_of_the_Swatow_Vernacular > Fish.,108
"Bé-ka nãⁿ-sĩ chék-búe bô saⁿ-peh-chîⁿ, mín-ēng tshut",,"Bé-ka nãⁿ-sĩ chék-búe bô saⁿ-peh-chîⁿ, mín-ēng tshut",,,馬鮫若是一尾無三百錢免用出,馬鮫若是壹尾無三百錢免用出,"As for mackeral you needn't offer for it, unless you are prepared to give three hundred cash for it.",,,,001_Handbook_of_the_Swatow_Vernacular > Fish.,108
"Uá bói lân-ló bák-táu, kah tshoh-hê",,"Uá bói lân-ló bák-táu, kah tshoh-hê",,,我買零些墨斗佮零些蝦,我買零些木斗共零些蝦,"I bought some cuttle-fish, and some shrimps.",,,,001_Handbook_of_the_Swatow_Vernacular > Fish.,108
"Chék tiôu mûaⁿ, kuá-chiah hõi",,"Chék tiôu mûaⁿ, kuá-chiah hõi",,,一條鰻。寡隻蟹,壹條鰻。數隻蟹,"One eel, several crabs.",,,,001_Handbook_of_the_Swatow_Vernacular > Fish.,109
"Tsáp-liáp ô, jĩ-tsáp liáp ham",,"Tsáp-liáp ô, jĩ-tsáp liáp ham",,,十粒蠔。二十粒蚶,拾粒蠔。弍拾粒蚶,"Ten oysters, twenty cockles.",,,,001_Handbook_of_the_Swatow_Vernacular > Fish.,109
"Hṳ̂-kuaⁿ lák-niéⁿ, kah kiâm-hṳ̂ pùaⁿ-kṳn",,"Hṳ̂-kuaⁿ lák-niéⁿ, kah kiâm-hṳ̂ pùaⁿ-kṳn",,,魚干六兩。佮鹹魚半斤,魚干陸両。共鹹魚半斤,"Dried salt fish six taels, and salt fish half a catty.",,,,001_Handbook_of_the_Swatow_Vernacular > Fish.,109
Hê-bí chék-tàⁿ jiéh-tsōi?,,Hê-bí chék-tàⁿ jiéh-tsōi?,,,蝦米一擔若㩼,蝦米壹擔若干,How much for a picul of dried prawns?,,,,001_Handbook_of_the_Swatow_Vernacular > Fish.,109
Chék-tàⁿ káⁿ-sĩ ngõu-khou ã,,Chék-tàⁿ káⁿ-sĩ ngõu-khou ã,,,一擔敢是五箍亞,壹擔敢是伍員亞,I think five dollars a picul.,,,,001_Handbook_of_the_Swatow_Vernacular > Fish.,109
Ngõu-khou õi-kùi a-bõi?,,Ngõu-khou õi-kùi a-bõi?,,,五箍會貴亞袂,伍員會貴或袂,Is it dear at five dollars (a picul)?,,,,001_Handbook_of_the_Swatow_Vernacular > Fish.,109
"Àiⁿ-tàⁿ-kùi li bõi-kùi, àiⁿ-tàⁿ-phiⁿ li bõi-phiⁿ",,"Àiⁿ-tàⁿ-kùi li bõi-kùi, àiⁿ-tàⁿ-phiⁿ li bõi-phiⁿ",,,愛呾貴哩袂貴。愛呾偏哩袂偏,要呾貴即袂貴。要呾平即袂平,"To say ""it is dear,"" it isn't dear, but to say ""it is cheap,"" it isn't cheap.","To say “it is dear,” it isn't dear, but to say “it is cheap,” it isn't cheap.",,,001_Handbook_of_the_Swatow_Vernacular > Fish.,109
Bói tshàm-tshùi chiũ kùi.,,Bói tshàm-tshùi chiũ kùi.,,,買纖碎就貴,買微末就貴,To buy by retail it will be dear.,,,,001_Handbook_of_the_Swatow_Vernacular > Fish.,109
Tshài,,Tshài,,,菜,,Vegetables,,,,001_Handbook_of_the_Swatow_Vernacular > Vegetables.,109
Tshài-thâu,,Tshài-thâu,,,菜頭,,Turnip,,,,001_Handbook_of_the_Swatow_Vernacular > Vegetables.,109
Péh-tshài,,Péh-tshài,,,白菜,,Cabbage,,,,001_Handbook_of_the_Swatow_Vernacular > Vegetables.,109
Tūa-tshài,,Tūa-tshài,,,大菜,,"Cabbage, a large kind",,,,001_Handbook_of_the_Swatow_Vernacular > Vegetables.,109
Ko-lê-tshài,,Ko-lê-tshài,,,高麗菜,,"Cabbage, foreign",,,,001_Handbook_of_the_Swatow_Vernacular > Vegetables.,109
Kiâm-tshài,,Kiâm-tshài,,,鹹菜,,"Cabbage, salted",,,,001_Handbook_of_the_Swatow_Vernacular > Vegetables.,109
Kiê,,Kiê,,,簥,,"Brinjal, egg plant",,,,001_Handbook_of_the_Swatow_Vernacular > Vegetables.,109
Tiòu-kue,,Tiòu-kue,,,吊瓜,,Cucumber,,,,001_Handbook_of_the_Swatow_Vernacular > Vegetables.,109
Huan-kue,,Huan-kue,,,番瓜,畨瓜,"Pumpkin, red",,,,001_Handbook_of_the_Swatow_Vernacular > Vegetables.,109
Pû,,Pû,,,匏,,"Pumpkin, white",,,,001_Handbook_of_the_Swatow_Vernacular > Vegetables.,110
Tang-kue,,Tang-kue,,,冬瓜,,"Melon, (vegetable)",,,,001_Handbook_of_the_Swatow_Vernacular > Vegetables.,110
Tek-sún,,Tek-sún,,,竹笋,,Bamboo shoots,,,,001_Handbook_of_the_Swatow_Vernacular > Vegetables.,110
Hô-lân-tāu,,Hô-lân-tāu,,,荷蘭豆,荷蘭荳,Peas,,,,001_Handbook_of_the_Swatow_Vernacular > Vegetables.,110
Tshài-tāu,,Tshài-tāu,,,菜豆,菜荳,Long beans,,,,001_Handbook_of_the_Swatow_Vernacular > Vegetables.,110
Khóu-kue,,Khóu-kue,,,苦瓜,,Name of bitter vegetable,,,,001_Handbook_of_the_Swatow_Vernacular > Vegetables.,110
Kak-kue,,Kak-kue,,,角瓜,,Name of vegetable,,,,001_Handbook_of_the_Swatow_Vernacular > Vegetables.,110
Tūa-tsṳ̂,,Tūa-tsṳ̂,,,大薯,,Yam,,,,001_Handbook_of_the_Swatow_Vernacular > Vegetables.,110
Ōu,,Ōu,,,芋,,Taro,,,,001_Handbook_of_the_Swatow_Vernacular > Vegetables.,110
Pô-hò,,Pô-hò,,,薄荷,,Mint,,,,001_Handbook_of_the_Swatow_Vernacular > Vegetables.,110
Khṳ̂n-tshài,,Khṳ̂n-tshài,,,芹菜,,Celery,,,,001_Handbook_of_the_Swatow_Vernacular > Vegetables.,110
Uân-sui,,Uân-sui,,,莞荽,,Coriander,,,,001_Handbook_of_the_Swatow_Vernacular > Vegetables.,110
Phang-tshài,,Phang-tshài,,,芳菜,香菜,Salad,,,,001_Handbook_of_the_Swatow_Vernacular > Vegetables.,110
chheⁿ-tshài,,chheⁿ-tshài,,,生菜,,Salad,,,,001_Handbook_of_the_Swatow_Vernacular > Vegetables.,110
Kieⁿ,,Kieⁿ,,,薑,,Ginger,,,,001_Handbook_of_the_Swatow_Vernacular > Vegetables.,110
Hiam-chie,,Hiam-chie,,,薟椒,辣椒,Chillies,,,,001_Handbook_of_the_Swatow_Vernacular > Vegetables.,110
kim-kaⁿ-náⁿ,,kim-kaⁿ-náⁿ,,,金橄欖,,Chillies,,,,001_Handbook_of_the_Swatow_Vernacular > Vegetables.,110
Tshang,,Tshang,,,蔥,葱,"Onion, fresh",,,,001_Handbook_of_the_Swatow_Vernacular > Vegetables.,110
Tshang-thâu,,Tshang-thâu,,,蔥頭,葱頭,"Onion, root, dried",,,,001_Handbook_of_the_Swatow_Vernacular > Vegetables.,110
Sǹg,,Sǹg,,,蒜,,"Garlic, fresh",,,,001_Handbook_of_the_Swatow_Vernacular > Vegetables.,110
Sǹg-thâu,,Sǹg-thâu,,,蒜頭,,"Garlic, root, dried",,,,001_Handbook_of_the_Swatow_Vernacular > Vegetables.,110
Teng-hieⁿ,,Teng-hieⁿ,,,丁香,,Cloves,,,,001_Handbook_of_the_Swatow_Vernacular > Vegetables.,110
Nék-kùi,,Nék-kùi,,,肉桂,,Cinnamon,,,,001_Handbook_of_the_Swatow_Vernacular > Vegetables.,111
Hieⁿ-kou,,Hieⁿ-kou,,,香菇,香菰,Mushroom,,,,001_Handbook_of_the_Swatow_Vernacular > Vegetables.,111
Bák-zṳ́,,Bák-zṳ́,,,木耳,,Boletus,,,,001_Handbook_of_the_Swatow_Vernacular > Vegetables.,111
Tshài-thâu tsṳ́-hṳ̂ tiâm,,Tshài-thâu tsṳ́-hṳ̂ tiâm,,,菜頭煮魚甜,,Turnip boiled with fish is good.,,,,001_Handbook_of_the_Swatow_Vernacular > Vegetables.,111
Sai-kok-nâng hàuⁿ-chiáh ko-lê-tshài,,Sai-kok-nâng hàuⁿ-chiáh ko-lê-tshài,,,西國人[訓]好食高麗菜,,Europeans are fond of eating foreign cabbage.,,,,001_Handbook_of_the_Swatow_Vernacular > Vegetables.,111
Khiou-kiáⁿ-nâng chiáh mûeⁿ phùe kiâm-tshài,,Khiou-kiáⁿ-nâng chiáh mûeⁿ phùe kiâm-tshài,,,磽囝人[訓]食糜配鹹菜,貧窮人食粥配鹹菜,Poor people take congee with salted vegetable.,,,,001_Handbook_of_the_Swatow_Vernacular > Vegetables.,111
Kiê hó-tsṳ́ ka-lî,,Kiê hó-tsṳ́ ka-lî,,,簥好煮咖喱,簥好煮膠離,Brinjal can be curried.,,,,001_Handbook_of_the_Swatow_Vernacular > Vegetables.,111
Tang-kue chiáh-liâng,,Tang-kue chiáh-liâng,,,冬瓜食凉,,Vegetable melon is taken for cooling purposes.,,,,001_Handbook_of_the_Swatow_Vernacular > Vegetables.,111
Ũ-kâi tek-sún khóu,,Ũ-kâi tek-sún khóu,,,有个竹笋苦,有個竹笋苦,Some bamboo shoots are bitter.,,,,001_Handbook_of_the_Swatow_Vernacular > Vegetables.,111
"Hô-lân-tāu, peh-tiòu phûe, khiéh i kâi jîn",,"Hô-lân-tāu, peh-tiòu phûe, khiéh i kâi jîn",,,荷蘭豆掰掉皮挈伊个仁,荷蘭荳拍丢皮携伊個仁,Break the pods of the peas and take the seed.,,,,001_Handbook_of_the_Swatow_Vernacular > Vegetables.,111
Khóu-kue iā-sĩ chiáh-liâng,,Khóu-kue iā-sĩ chiáh-liâng,,,苦瓜亦是食凉,,The bitter vegetable is also taken as a cooling eatables.,,,,001_Handbook_of_the_Swatow_Vernacular > Vegetables.,111
Tshài-tāu Tn̂g-nâng tshá,,Tshài-tāu Tn̂g-nâng tshá,,,菜豆唐人[訓]炒,菜荳唐人[訓]炒,The Chinese fry long beans.,,,,001_Handbook_of_the_Swatow_Vernacular > Vegetables.,111
Ōu hip,,Ōu hip,,,芋翕,,Steam the taro.,,,,001_Handbook_of_the_Swatow_Vernacular > Vegetables.,111
I àiⁿ-hip huan-kuah,,I àiⁿ-hip huan-kuah,,,伊愛翕番葛,伊要翕畨葛,He wants to steam potatoes,,,,001_Handbook_of_the_Swatow_Vernacular > Vegetables.,111
Koi-thng lóh tiám-kíaⁿ khṳ̂n-tshài chiũ phang,,Koi-thng lóh tiám-kíaⁿ khṳ̂n-tshài chiũ phang,,,雞湯落點囝芹菜就芳,鷄湯落些須芹菜就香,A little celery put in the soup will make it nice.,,,,001_Handbook_of_the_Swatow_Vernacular > Vegetables.,111
Hiam-chie sĩ huan-pôiⁿ lâi--kâi,,Hiam-chie sĩ huan-pôiⁿ lâi--kâi,,,薟椒是番爿來个,辣椒是畨邊來個,Chillies come from foreign countries.,,,,001_Handbook_of_the_Swatow_Vernacular > Vegetables.,111
Hiam-kùe hôu-chie,,Hiam-kùe hôu-chie,,,薟過胡椒,辣過楜椒,They are hotter than pepper,,,,001_Handbook_of_the_Swatow_Vernacular > Vegetables.,111
Sǹg chiáh-lióu tshùi tshàu,,Sǹg chiáh-lióu tshùi tshàu,,,蒜食後口臭,,After eating garlic the mouth will be foul.,,,,001_Handbook_of_the_Swatow_Vernacular > Vegetables.,112
Kieⁿ-bó hó-tsò-iéh,,Kieⁿ-bó hó-tsò-iéh,,,薑母好作藥,,Dry ginger can be used as medicine.,,,,001_Handbook_of_the_Swatow_Vernacular > Vegetables.,112
Kúe-chí,,Kúe-chí,,,果子,菓子,Fruit,,,,001_Handbook_of_the_Swatow_Vernacular > Fruit.,112
Chie-kaⁿ,,Chie-kaⁿ,,,招柑,,Mandarin orange,,,,001_Handbook_of_the_Swatow_Vernacular > Fruit.,112
Soh-kaⁿ,,Soh-kaⁿ,,,雪柑,,Common orange,,,,001_Handbook_of_the_Swatow_Vernacular > Fruit.,112
Kit,,Kit,,,桔,,"Lime of the orange kind, or small orange",,,,001_Handbook_of_the_Swatow_Vernacular > Fruit.,112
Sng-kaⁿ,,Sng-kaⁿ,,,酸柑,,"Lime, sour",,,,001_Handbook_of_the_Swatow_Vernacular > Fruit.,112
Keng-chie,,Keng-chie,,,弓蕉,芎蕉,Banana,,,,001_Handbook_of_the_Swatow_Vernacular > Fruit.,112
Iū,,Iū,,,柚,,Pumelo,,,,001_Handbook_of_the_Swatow_Vernacular > Fruit.,112
Uâng-lâi,,Uâng-lâi,,,旺梨,,Pineapple,,,,001_Handbook_of_the_Swatow_Vernacular > Fruit.,112
huan-lâi,,huan-lâi,,,番梨,畨梨,Pineapple,,,,001_Handbook_of_the_Swatow_Vernacular > Fruit.,112
Thô,,Thô,,,桃,,Peach,,,,001_Handbook_of_the_Swatow_Vernacular > Fruit.,112
Lâi,,Lâi,,,梨,,Pear,,,,001_Handbook_of_the_Swatow_Vernacular > Fruit.,112
Suaⁿ-tang-lâi,,Suaⁿ-tang-lâi,,,山東梨,,"Pear, Shantung",,,,001_Handbook_of_the_Swatow_Vernacular > Fruit.,112
Suāiⁿ,,Suāiⁿ,,,榱,,Mango,,,,001_Handbook_of_the_Swatow_Vernacular > Fruit.,112
Sãi,,Sãi,,,柿,,Persimmon,,,,001_Handbook_of_the_Swatow_Vernacular > Fruit.,112
Pát-kiáⁿ,,Pát-kiáⁿ,,,菝囝,拔子,Guava,,,,001_Handbook_of_the_Swatow_Vernacular > Fruit.,112
Si-kue,,Si-kue,,,西瓜,,Water-melon,,,,001_Handbook_of_the_Swatow_Vernacular > Fruit.,112
Māng-ka,,Māng-ka,,,芒膠,網膠,Jack-fruit,,,,001_Handbook_of_the_Swatow_Vernacular > Fruit.,112
Lîm-khîm,,Lîm-khîm,,,林擒,,Custard apple,,,,001_Handbook_of_the_Swatow_Vernacular > Fruit.,113
Siéh-liû,,Siéh-liû,,,石榴,柘榴,Pomegranate,,,,001_Handbook_of_the_Swatow_Vernacular > Fruit.,113
Liû-liân,,Liû-liân,,,榴蓮,,Durian,,,,001_Handbook_of_the_Swatow_Vernacular > Fruit.,113
Lãu-hàu,,Lãu-hàu,,,栳㭳,,Nutmeg,,,,001_Handbook_of_the_Swatow_Vernacular > Fruit.,113
Iêⁿ-bûe,,Iêⁿ-bûe,,,楊梅,,Arbutus,,,,001_Handbook_of_the_Swatow_Vernacular > Fruit.,113
Lí,,Lí,,,李,,Plums,,,,001_Handbook_of_the_Swatow_Vernacular > Fruit.,113
Nãiⁿ,,Nãiⁿ,,,柰,,Plums,,,,001_Handbook_of_the_Swatow_Vernacular > Fruit.,113
Iêⁿ-tô,,Iêⁿ-tô,,,楊桃,,"Carambola, or Chinese gooseberry",,,,001_Handbook_of_the_Swatow_Vernacular > Fruit.,113
Pî-pê,,Pî-pê,,,枇杷,,Loquat,,,,001_Handbook_of_the_Swatow_Vernacular > Fruit.,113
Phû-thô,,Phû-thô,,,葡萄,,Grapes,,,,001_Handbook_of_the_Swatow_Vernacular > Fruit.,113
Bô-hue-kúe,,Bô-hue-kúe,,,無花果,無花菓,Fig,,,,001_Handbook_of_the_Swatow_Vernacular > Fruit.,113
Māng-hek,,Māng-hek,,,芒黑,網黑,Mangoostine,,,,001_Handbook_of_the_Swatow_Vernacular > Fruit.,113
Chîⁿ-tshang,,Chîⁿ-tshang,,,薺蔥,荸薺,Name of a kind of fruit,,,,001_Handbook_of_the_Swatow_Vernacular > Fruit.,113
Kaⁿ-náⁿ,,Kaⁿ-náⁿ,,,橄欖,,Olives,,,,001_Handbook_of_the_Swatow_Vernacular > Fruit.,113
Nék-óiⁿ,,Nék-óiⁿ,,,龍眼,,Dragon's eye,,,,001_Handbook_of_the_Swatow_Vernacular > Fruit.,113
Nôiⁿ-kúe,,Nôiⁿ-kúe,,,荔果,荔枝,Lichees,,,,001_Handbook_of_the_Swatow_Vernacular > Fruit.,113
Nôiⁿ-kak,,Nôiⁿ-kak,,,蓮角,菱角,Lily-fruits,,,,001_Handbook_of_the_Swatow_Vernacular > Fruit.,113
Kãu-lák,,Kãu-lák,,,侯栗,栗,Chestnuts,,,,001_Handbook_of_the_Swatow_Vernacular > Fruit.,113
Tī-tāu,,Tī-tāu,,,地豆,花生,Ground-nuts,,,,001_Handbook_of_the_Swatow_Vernacular > Fruit.,113
Láh-chià,,Láh-chià,,,蠟蔗,,"Sugarcane, large kind",,,,001_Handbook_of_the_Swatow_Vernacular > Fruit.,113
Tek-chià,,Tek-chià,,,竹蔗,,"Sugarcane, small kind like bamboo",,,,001_Handbook_of_the_Swatow_Vernacular > Fruit.,114
Bûe,,Bûe,,,梅,,Small yellow plums,,,,001_Handbook_of_the_Swatow_Vernacular > Fruit.,114
Tsó,,Tsó,,,棗,,Dates,,,,001_Handbook_of_the_Swatow_Vernacular > Fruit.,114
Sãi-piáⁿ,,Sãi-piáⁿ,,,柿餅,,Dried persimmon,,,,001_Handbook_of_the_Swatow_Vernacular > Fruit.,114
Kue-chheh,,Kue-chheh,,,瓜冊,瓜碧,Melon cut into small pieces and dried with sugar,,,,001_Handbook_of_the_Swatow_Vernacular > Fruit.,114
Nék-óiⁿ-kuaⁿ,,Nék-óiⁿ-kuaⁿ,,,龍眼干,,Dried dragon's eye,,,,001_Handbook_of_the_Swatow_Vernacular > Fruit.,114
Nôiⁿ-chí,,Nôiⁿ-chí,,,蓮子,,Lotus nuts,,,,001_Handbook_of_the_Swatow_Vernacular > Fruit.,114
Kué-chí kâi sî àiⁿ-kàu,,Kué-chí kâi sî àiⁿ-kàu,,,果子个時愛到,菓子個時要到,The fruit season is near at hand.,,,,001_Handbook_of_the_Swatow_Vernacular > Fruit.,114
Uâng-lâi sĩ hó-tsãi,,Uâng-lâi sĩ hó-tsãi,,,旺梨是好在,,Pineapple is very nice.,,,,001_Handbook_of_the_Swatow_Vernacular > Fruit.,114
"Keng-chie sék chiũ tiâm, chheⁿ chiũ siap.",,"Keng-chie sék chiũ tiâm, chheⁿ chiũ siap.",,,弓蕉熟就甜。生就澀,芎蕉熟就甜。生就澁,"Bananas when ripe are sweet, but when unripe are sour.",,,,001_Handbook_of_the_Swatow_Vernacular > Fruit.,114
Iū chék-liáp àiⁿ chék-peh-chîⁿ.,,Iū chék-liáp àiⁿ chék-peh-chîⁿ.,,,柚一粒愛一百錢,柚壹粒要壹百錢,A hundred cash is wanted for a pumelo.,,,,001_Handbook_of_the_Swatow_Vernacular > Fruit.,114
Suaⁿ-tang-lâi huân-lióu būe-kàu.,,Suaⁿ-tang-lâi huân-lióu būe-kàu.,,,山東梨還了未到,,Shantung pears have not yet arrived.,,,,001_Handbook_of_the_Swatow_Vernacular > Fruit.,114
Lṳ́ khah-pat chiáh liû-liân mē?,,Lṳ́ khah-pat chiáh liû-liân mē?,,,汝豈識[訓]食榴蓮咩,爾豈識[訓]食榴蓮否,Have you ever eaten durians?,,,,001_Handbook_of_the_Swatow_Vernacular > Fruit.,114
Sĩ phang tsãi a.,,Sĩ phang tsãi a.,,,是芳在也,是香在也,It is very fragrant indeed.,,,,001_Handbook_of_the_Swatow_Vernacular > Fruit.,114
Phû-thô hó-tsò-chiú,,Phû-thô hó-tsò-chiú,,,葡萄好作酒,,Grapes can be made into wine.,,,,001_Handbook_of_the_Swatow_Vernacular > Fruit.,114
Lṳ́ siãng-chiáh kúe-chí mē?,,Lṳ́ siãng-chiáh kúe-chí mē?,,,汝尚食果子咩,爾上食菓子否,Are you fond of eating fruit?,,,,001_Handbook_of_the_Swatow_Vernacular > Fruit.,114
Saⁿ-khòu,,Saⁿ-khòu,,,衫褲,,Clothes.,,,,001_Handbook_of_the_Swatow_Vernacular > Lesson XVIII. on dress.,115
Hók-sek,,Hók-sek,,,服色,,Coloured clothes.,,,,001_Handbook_of_the_Swatow_Vernacular > Lesson XVIII. on dress.,115
Saⁿ,,Saⁿ,,,衫,,A coat.,,,,001_Handbook_of_the_Swatow_Vernacular > Lesson XVIII. on dress.,115
Zuáh-saⁿ,,Zuáh-saⁿ,,,熱衫,,A Summer coat.,,,,001_Handbook_of_the_Swatow_Vernacular > Lesson XVIII. on dress.,115
Hiûⁿ,,Hiûⁿ,,,裘,,A Winter coat.,,,,001_Handbook_of_the_Swatow_Vernacular > Lesson XVIII. on dress.,115
Tn̂g-saⁿ,,Tn̂g-saⁿ,,,長衫,,A long coat.,,,,001_Handbook_of_the_Swatow_Vernacular > Lesson XVIII. on dress.,115
Tah-pùe,,Tah-pùe,,,答背,,A waistcoat.,,,,001_Handbook_of_the_Swatow_Vernacular > Lesson XVIII. on dress.,115
Kah-kiáⁿ,,Kah-kiáⁿ,,,袷囝,袷仔,A waistcoat.,,,,001_Handbook_of_the_Swatow_Vernacular > Lesson XVIII. on dress.,115
Sin-tói-saⁿ,,Sin-tói-saⁿ,,,身底衫,身裡衫,A shirt or singlet.,,,,001_Handbook_of_the_Swatow_Vernacular > Lesson XVIII. on dress.,115
Saⁿ-ńg,,Saⁿ-ńg,,,衫䘼,衫袖,Sleeves.,,,,001_Handbook_of_the_Swatow_Vernacular > Lesson XVIII. on dress.,115
Saⁿ-tō,,Saⁿ-tō,,,衫袋,,Pockets.,,,,001_Handbook_of_the_Swatow_Vernacular > Lesson XVIII. on dress.,115
Chhiú-pòu,,Chhiú-pòu,,,手布,,Handkerchiefs.,,,,001_Handbook_of_the_Swatow_Vernacular > Lesson XVIII. on dress.,115
Chhiú-tiû,,Chhiú-tiû,,,手綢,,Handkerchiefs.,,,,001_Handbook_of_the_Swatow_Vernacular > Lesson XVIII. on dress.,115
Chhiú-lap,,Chhiú-lap,,,手套,,Gloves.,,,,001_Handbook_of_the_Swatow_Vernacular > Lesson XVIII. on dress.,115
Liú,,Liú,,,鈕,,Buttons.,,,,001_Handbook_of_the_Swatow_Vernacular > Lesson XVIII. on dress.,115
Liú-phāng,,Liú-phāng,,,鈕縫,鈕鈸,Button holes.,,,,001_Handbook_of_the_Swatow_Vernacular > Lesson XVIII. on dress.,115
Tsang-sui,,Tsang-sui,,,棕蓑,,"A rain coat, made of husk.",,,,001_Handbook_of_the_Swatow_Vernacular > Lesson XVIII. on dress.,115
Bō,,Bō,,,帽,,A hat.,,,,001_Handbook_of_the_Swatow_Vernacular > Lesson XVIII. on dress.,115
Bō-kiáⁿ,,Bō-kiáⁿ,,,帽囝,帽子,A cap.,,,,001_Handbook_of_the_Swatow_Vernacular > Lesson XVIII. on dress.,116
Sié-bō,,Sié-bō,,,小帽,,A cap.,,,,001_Handbook_of_the_Swatow_Vernacular > Lesson XVIII. on dress.,116
Chiⁿ-bō,,Chiⁿ-bō,,,氈帽,,A felt hat.,,,,001_Handbook_of_the_Swatow_Vernacular > Lesson XVIII. on dress.,116
Tsháu-bō,,Tsháu-bō,,,草帽,,A straw hat.,,,,001_Handbook_of_the_Swatow_Vernacular > Lesson XVIII. on dress.,116
Koíh-loíh,,Koíh-loíh,,,葵笠,,A bamboo-leaf hat.,,,,001_Handbook_of_the_Swatow_Vernacular > Lesson XVIII. on dress.,116
Ãm-niáⁿ,,Ãm-niáⁿ,,,頷領,頸領,A collar.,,,,001_Handbook_of_the_Swatow_Vernacular > Lesson XVIII. on dress.,116
Khòu,,Khòu,,,褲,,Trowsers.,,,,001_Handbook_of_the_Swatow_Vernacular > Lesson XVIII. on dress.,116
Khòu-thúi,,Khòu-thúi,,,褲腿,,Leggings.,,,,001_Handbook_of_the_Swatow_Vernacular > Lesson XVIII. on dress.,116
Khòu-kuéh,,Khòu-kuéh,,,褲橛,褲𰉗,Short trowsers.,,,,001_Handbook_of_the_Swatow_Vernacular > Lesson XVIII. on dress.,116
Khòu-thâu-tūa,,Khòu-thâu-tūa,,,褲頭帶,,A belt.,,,,001_Handbook_of_the_Swatow_Vernacular > Lesson XVIII. on dress.,116
Khòu-thâu-lêng,,Khòu-thâu-lêng,,,褲頭綾,褲頭龍,"A belt, do silk.",,,,001_Handbook_of_the_Swatow_Vernacular > Lesson XVIII. on dress.,116
Tóu-ie,,Tóu-ie,,,肚腰,,A purse worn on the waist.,,,,001_Handbook_of_the_Swatow_Vernacular > Lesson XVIII. on dress.,116
Hô-pau,,Hô-pau,,,荷包,,A purse worn on the waist.,,,,001_Handbook_of_the_Swatow_Vernacular > Lesson XVIII. on dress.,116
Buéh,,Buéh,,,襪,,Stockings.,,,,001_Handbook_of_the_Swatow_Vernacular > Lesson XVIII. on dress.,116
Ou-pòu-ôi,,Ou-pòu-ôi,,,烏布鞋,,"Shoes, black-cloth.",,,,001_Handbook_of_the_Swatow_Vernacular > Lesson XVIII. on dress.,116
Tn̄g-ôi,,Tn̄g-ôi,,,緞鞋,,„ satin.,,,,001_Handbook_of_the_Swatow_Vernacular > Lesson XVIII. on dress.,116
Hue-ôi,,Hue-ôi,,,花鞋,,„ embroidered.,,,,001_Handbook_of_the_Swatow_Vernacular > Lesson XVIII. on dress.,116
Tshâ-ôi,,Tshâ-ôi,,,柴鞋,,„ wooden soled.,,,,001_Handbook_of_the_Swatow_Vernacular > Lesson XVIII. on dress.,116
Tsháu-ôi,,Tsháu-ôi,,,草鞋,,Straw sandals.,,,,001_Handbook_of_the_Swatow_Vernacular > Lesson XVIII. on dress.,116
Ôi-thua,,Ôi-thua,,,鞋拖,,Slippers.,,,,001_Handbook_of_the_Swatow_Vernacular > Lesson XVIII. on dress.,116
Kiáh,,Kiáh,,,屐,,Clogs.,,,,001_Handbook_of_the_Swatow_Vernacular > Lesson XVIII. on dress.,117
Hia,,Hia,,,靴,,Boots.,,,,001_Handbook_of_the_Swatow_Vernacular > Lesson XVIII. on dress.,117
Kim-khùi,,Kim-khùi,,,金器,,Jewellery.,,,,001_Handbook_of_the_Swatow_Vernacular > Lesson XVIII. on dress.,117
Sî-pie,,Sî-pie,,,時鏢,,A watch.,,,,001_Handbook_of_the_Swatow_Vernacular > Lesson XVIII. on dress.,117
Liēn,,Liēn,,,鍊,,A chain.,,,,001_Handbook_of_the_Swatow_Vernacular > Lesson XVIII. on dress.,117
Chhiú-chí,,Chhiú-chí,,,手指,戒指,A ring.,,,,001_Handbook_of_the_Swatow_Vernacular > Lesson XVIII. on dress.,117
Chhiú-huân,,Chhiú-huân,,,手環,,A bracelet.,,,,001_Handbook_of_the_Swatow_Vernacular > Lesson XVIII. on dress.,117
Hĩⁿ-kau,,Hĩⁿ-kau,,,耳鈎,,An ear-ring.,,,,001_Handbook_of_the_Swatow_Vernacular > Lesson XVIII. on dress.,117
Téng,,Téng,,,頂,,An official button.,,,,001_Handbook_of_the_Swatow_Vernacular > Lesson XVIII. on dress.,117
Tsu,,Tsu,,,珠,,Beads.,,,,001_Handbook_of_the_Swatow_Vernacular > Lesson XVIII. on dress.,117
Siù-hue,,Siù-hue,,,繡花,,Embroidery.,,,,001_Handbook_of_the_Swatow_Vernacular > Lesson XVIII. on dress.,117
Sìⁿ,,Sìⁿ,,,扇,,A fan.,,,,001_Handbook_of_the_Swatow_Vernacular > Lesson XVIII. on dress.,117
Hõu-sùaⁿ,,Hõu-sùaⁿ,,,雨傘,,An umbrella.,,,,001_Handbook_of_the_Swatow_Vernacular > Lesson XVIII. on dress.,117
Chhēng saⁿ-khòu,,Chhēng saⁿ-khòu,,,穿衫褲,,To dress.,,,,001_Handbook_of_the_Swatow_Vernacular > Lesson XVIII. on dress.,117
Thǹg saⁿ-khòu,,Thǹg saⁿ-khòu,,,褪衫褲,脫衫褲,To undress.,,,,001_Handbook_of_the_Swatow_Vernacular > Lesson XVIII. on dress.,117
Uāⁿ saⁿ-khòu,,Uāⁿ saⁿ-khòu,,,換衫褲,,To change clothes.,,,,001_Handbook_of_the_Swatow_Vernacular > Lesson XVIII. on dress.,117
Tá-pàn,,Tá-pàn,,,打扮,,To dress prettily.,,,,001_Handbook_of_the_Swatow_Vernacular > Lesson XVIII. on dress.,117
Pâi-chhiâng,,Pâi-chhiâng,,,排場,排塲,"Gorgeous, well dressed.",,,,001_Handbook_of_the_Swatow_Vernacular > Lesson XVIII. on dress.,117
Kun-tsṳ́,,Kun-tsṳ́,,,君子,,Gentlemanly.,,,,001_Handbook_of_the_Swatow_Vernacular > Lesson XVIII. on dress.,117
Niáⁿ,,Niáⁿ,,,領,,A (c.) of a coat &c.,,,,001_Handbook_of_the_Swatow_Vernacular > Lesson XVIII. on dress.,118
Tiôu,,Tiôu,,,條,,"A (c.) of trowsers, belt, collar, handkerchief &c.",,,,001_Handbook_of_the_Swatow_Vernacular > Lesson XVIII. on dress.,118
Liáp,,Liáp,,,粒,船,"A (c.) of a button, (coat or official &c.)",,,,001_Handbook_of_the_Swatow_Vernacular > Lesson XVIII. on dress.,118
Tsûn,,Tsûn,,,船,,A boat.,,,,001_Handbook_of_the_Swatow_Vernacular > Lesson XIX. nautical.,118
Húe-tsûn,,Húe-tsûn,,,火船,,A steamer.,,,,001_Handbook_of_the_Swatow_Vernacular > Lesson XIX. nautical.,118
Húe-tsûn-kiáⁿ,,Húe-tsûn-kiáⁿ,,,火船囝,火船仔,A steam-launch.,,,,001_Handbook_of_the_Swatow_Vernacular > Lesson XIX. nautical.,118
Iâng-chhia húe-tsûn,,Iâng-chhia húe-tsûn,,,陽車火船,明車火船,A paddle steamer.,,,,001_Handbook_of_the_Swatow_Vernacular > Lesson XIX. nautical.,118
Chièn-tsûn,,Chièn-tsûn,,,戰船,,A war vessel.,,,,001_Handbook_of_the_Swatow_Vernacular > Lesson XIX. nautical.,118
Kap-pán,,Kap-pán,,,夾板,,A sailing vessel.,,,,001_Handbook_of_the_Swatow_Vernacular > Lesson XIX. nautical.,118
Iêⁿ-tsûn,,Iêⁿ-tsûn,,,洋船,,A junk.,,,,001_Handbook_of_the_Swatow_Vernacular > Lesson XIX. nautical.,118
Âng-thâu-tsûn,,Âng-thâu-tsûn,,,紅頭船,,A junk.,,,,001_Handbook_of_the_Swatow_Vernacular > Lesson XIX. nautical.,118
Tōu-tsûn,,Tōu-tsûn,,,渡船,,A passage boat.,,,,001_Handbook_of_the_Swatow_Vernacular > Lesson XIX. nautical.,118
Tsûn-kiáⁿ,,Tsûn-kiáⁿ,,,船囝,船仔,A sampan.,,,,001_Handbook_of_the_Swatow_Vernacular > Lesson XIX. nautical.,118
Tek-ko-that,,Tek-ko-that,,,竹篙撻,,A sampan.,,,,001_Handbook_of_the_Swatow_Vernacular > Lesson XIX. nautical.,118
Chiéⁿ,,Chiéⁿ,,,槳,,An oar.,,,,001_Handbook_of_the_Swatow_Vernacular > Lesson XIX. nautical.,118
Kò,,Kò,,,划,櫓,To row.,,,,001_Handbook_of_the_Swatow_Vernacular > Lesson XIX. nautical.,118
Uî,,Uî,,,桅,,A mast.,,,,001_Handbook_of_the_Swatow_Vernacular > Lesson XIX. nautical.,119
Hûeⁿ-ûi,,Hûeⁿ-ûi,,,橫桅,,A yard.,,,,001_Handbook_of_the_Swatow_Vernacular > Lesson XIX. nautical.,119
Uî-téng,,Uî-téng,,,桅頂,,Top of the mast.,,,,001_Handbook_of_the_Swatow_Vernacular > Lesson XIX. nautical.,119
Phâng,,Phâng,,,帆,,Sails.,,,,001_Handbook_of_the_Swatow_Vernacular > Lesson XIX. nautical.,119
Thâu-kṳ̂,,Thâu-kṳ̂,,,頭拒,,Bowsprit.,,,,001_Handbook_of_the_Swatow_Vernacular > Lesson XIX. nautical.,119
Soh,,Soh,,,索,,Ropes.,,,,001_Handbook_of_the_Swatow_Vernacular > Lesson XIX. nautical.,119
Tâng-sùaⁿ,,Tâng-sùaⁿ,,,銅線,,Wire.,,,,001_Handbook_of_the_Swatow_Vernacular > Lesson XIX. nautical.,119
Tèng,,Tèng,,,椗,,An anchor.,,,,001_Handbook_of_the_Swatow_Vernacular > Lesson XIX. nautical.,119
Thih-liēn,,Thih-liēn,,,鐵鍊,,Chains.,,,,001_Handbook_of_the_Swatow_Vernacular > Lesson XIX. nautical.,119
Tèng-soh,,Tèng-soh,,,椗索,,Cable.,,,,001_Handbook_of_the_Swatow_Vernacular > Lesson XIX. nautical.,119
Pha-tèng,,Pha-tèng,,,拋椗,,To drop anchor.,,,,001_Handbook_of_the_Swatow_Vernacular > Lesson XIX. nautical.,119
Khiéh-tèng,,Khiéh-tèng,,,挈椗,起椗,To weigh anchor.,,,,001_Handbook_of_the_Swatow_Vernacular > Lesson XIX. nautical.,119
Tèng bõi-chiáh,,Tèng bõi-chiáh,,,椗袂食,,Anchor does not take effect.,,,,001_Handbook_of_the_Swatow_Vernacular > Lesson XIX. nautical.,119
Tsúi-kóu,,Tsúi-kóu,,,水鼓,,A buoy.,,,,001_Handbook_of_the_Swatow_Vernacular > Lesson XIX. nautical.,119
Tsûn-thâu,,Tsûn-thâu,,,船頭,,Forecastle.,,,,001_Handbook_of_the_Swatow_Vernacular > Lesson XIX. nautical.,119
Tsûn-tìn-tang,,Tsûn-tìn-tang,,,船鎮中,船中央,Midship.,,,,001_Handbook_of_the_Swatow_Vernacular > Lesson XIX. nautical.,119
Tsûn-búe,,Tsûn-búe,,,船尾,,Stern.,,,,001_Handbook_of_the_Swatow_Vernacular > Lesson XIX. nautical.,119
Tsûn-téng,,Tsûn-téng,,,船頂,,Deck.,,,,001_Handbook_of_the_Swatow_Vernacular > Lesson XIX. nautical.,119
Bā-lî,,Bā-lî,,,峇厘,,A cabin.,,,,001_Handbook_of_the_Swatow_Vernacular > Lesson XIX. nautical.,119
Gék,,Gék,,,玉,,A ship's boat.,,,,001_Handbook_of_the_Swatow_Vernacular > Lesson XIX. nautical.,120
In-tâng,,In-tâng,,,煙筒,烟筒,A funnel.,,,,001_Handbook_of_the_Swatow_Vernacular > Lesson XIX. nautical.,120
Pi,,Pi,,,嗶,陂,A whistle.,,,,001_Handbook_of_the_Swatow_Vernacular > Lesson XIX. nautical.,120
Pûn-pi,,Pûn-pi,,,歕嗶,呠陂,To blow a whistle.,,,,001_Handbook_of_the_Swatow_Vernacular > Lesson XIX. nautical.,120
Tiáⁿ,,Tiáⁿ,,,鼎,,A boiler.,,,,001_Handbook_of_the_Swatow_Vernacular > Lesson XIX. nautical.,120
Tsúi-in,,Tsúi-in,,,水煙,水烟,Steam.,,,,001_Handbook_of_the_Swatow_Vernacular > Lesson XIX. nautical.,120
Tsàu,,Tsàu,,,灶,竈,Furnace.,,,,001_Handbook_of_the_Swatow_Vernacular > Lesson XIX. nautical.,120
Khí-húe,,Khí-húe,,,起火,,To make a fire.,,,,001_Handbook_of_the_Swatow_Vernacular > Lesson XIX. nautical.,120
Hiâⁿ,,Hiâⁿ,,,燃,燒,To burn; to boil as a large quantity of water.,,,,001_Handbook_of_the_Swatow_Vernacular > Lesson XIX. nautical.,120
Hiâⁿ-thôu-thùaⁿ,,Hiâⁿ-thôu-thùaⁿ,,,燃塗炭,燒塗炭,To burn coal.,,,,001_Handbook_of_the_Swatow_Vernacular > Lesson XIX. nautical.,120
Hiâⁿ-tshâ,,Hiâⁿ-tshâ,,,燃柴,燒柴,To burn fire wood.,,,,001_Handbook_of_the_Swatow_Vernacular > Lesson XIX. nautical.,120
Iéh-kúi,,Iéh-kúi,,,藥鬼,,Engine.,,,,001_Handbook_of_the_Swatow_Vernacular > Lesson XIX. nautical.,120
Lín,,Lín,,,輪,,A wheel.,,,,001_Handbook_of_the_Swatow_Vernacular > Lesson XIX. nautical.,120
Chhia,,Chhia,,,車,,A propeller.,,,,001_Handbook_of_the_Swatow_Vernacular > Lesson XIX. nautical.,120
Pháng,,Pháng,,,紡,,To propel.,,,,001_Handbook_of_the_Swatow_Vernacular > Lesson XIX. nautical.,120
Khui iék-kúi,,Khui iék-kúi,,,開藥鬼,,To start engine.,,,,001_Handbook_of_the_Swatow_Vernacular > Lesson XIX. nautical.,120
Kueⁿ iéh-kúi,,Kueⁿ iéh-kúi,,,關藥鬼,閉藥鬼,To stop engine.,,,,001_Handbook_of_the_Swatow_Vernacular > Lesson XIX. nautical.,120
Tũa,,Tũa,,,舵,,A rudder.,,,,001_Handbook_of_the_Swatow_Vernacular > Lesson XIX. nautical.,120
Liáh-tũa,,Liáh-tũa,,,掠舵,,To steer.,,,,001_Handbook_of_the_Swatow_Vernacular > Lesson XIX. nautical.,120
Tī-tôu,,Tī-tôu,,,地圖,,Maps.,,,,001_Handbook_of_the_Swatow_Vernacular > Lesson XIX. nautical.,121
Hái-tôu,,Hái-tôu,,,海圖,,Charts,,,,001_Handbook_of_the_Swatow_Vernacular > Lesson XIX. nautical.,121
Lô-keⁿ,,Lô-keⁿ,,,羅經,,A compass.,,,,001_Handbook_of_the_Swatow_Vernacular > Lesson XIX. nautical.,121
Tshoiⁿ-lí-kiàⁿ,,Tshoiⁿ-lí-kiàⁿ,,,千里鏡,,A telescope.,,,,001_Handbook_of_the_Swatow_Vernacular > Lesson XIX. nautical.,121
Kî,,Kî,,,旗,,A flag.,,,,001_Handbook_of_the_Swatow_Vernacular > Lesson XIX. nautical.,121
Liū-kî,,Liū-kî,,,㨨旗,,To hoist a flag.,,,,001_Handbook_of_the_Swatow_Vernacular > Lesson XIX. nautical.,121
Seng-kî,,Seng-kî,,,升旗,,To hoist a flag.,,,,001_Handbook_of_the_Swatow_Vernacular > Lesson XIX. nautical.,121
Kî-kuaⁿ,,Kî-kuaⁿ,,,旗杆,,A flag-staff.,,,,001_Handbook_of_the_Swatow_Vernacular > Lesson XIX. nautical.,121
Khui-phâng,,Khui-phâng,,,開帆,,To unfurl sail.,,,,001_Handbook_of_the_Swatow_Vernacular > Lesson XIX. nautical.,121
Siu-phâng,,Siu-phâng,,,收帆,,To furl sail.,,,,001_Handbook_of_the_Swatow_Vernacular > Lesson XIX. nautical.,121
Sái,,Sái,,,使,,To sail.,,,,001_Handbook_of_the_Swatow_Vernacular > Lesson XIX. nautical.,121
Kùe-phâng,,Kùe-phâng,,,過帆,,To gybe.,,,,001_Handbook_of_the_Swatow_Vernacular > Lesson XIX. nautical.,121
Húe-tiéⁿ,,Húe-tiéⁿ,,,伙長,,Captain.,,,,001_Handbook_of_the_Swatow_Vernacular > Lesson XIX. nautical.,121
Tsûn-tsú,,Tsûn-tsú,,,船主,,Captain.,,,,001_Handbook_of_the_Swatow_Vernacular > Lesson XIX. nautical.,121
Tūa-húe,,Tūa-húe,,,大伙,,Chief mate.,,,,001_Handbook_of_the_Swatow_Vernacular > Lesson XIX. nautical.,121
Jĩ-húe,,Jĩ-húe,,,二伙,,Second mate.,,,,001_Handbook_of_the_Swatow_Vernacular > Lesson XIX. nautical.,121
Kuán-iéh-kúi--kâi-nâng,,Kuán-iéh-kúi--kâi-nâng,,,管藥鬼个人[訓],管藥鬼個人[訓],Engineer.,,,,001_Handbook_of_the_Swatow_Vernacular > Lesson XIX. nautical.,121
Hiâⁿ-húe--kâi-nâng,,Hiâⁿ-húe--kâi-nâng,,,燃火个人[訓],燒火個人[訓],Stoker.,,,,001_Handbook_of_the_Swatow_Vernacular > Lesson XIX. nautical.,121
Liáh-tũa,,Liáh-tũa,,,掠舵,,Steersman.,,,,001_Handbook_of_the_Swatow_Vernacular > Lesson XIX. nautical.,121
Tãi-kong,,Tãi-kong,,,舵工,舵舡,Steersman.,,,,001_Handbook_of_the_Swatow_Vernacular > Lesson XIX. nautical.,121
Tsúi-siú,,Tsúi-siú,,,水手,,Sailors.,,,,001_Handbook_of_the_Swatow_Vernacular > Lesson XIX. nautical.,122
Kiâⁿ-tsûn-nâng,,Kiâⁿ-tsûn-nâng,,,行船人[訓],,A sea-faring man.,,,,001_Handbook_of_the_Swatow_Vernacular > Lesson XIX. nautical.,122
Tshūa-tsúi,,Tshūa-tsúi,,,𤆬水,帶水,A pilot.,,,,001_Handbook_of_the_Swatow_Vernacular > Lesson XIX. nautical.,122
Tsûn àiⁿ-kiàⁿ,,Tsûn àiⁿ-kiàⁿ,,,船愛行,船要行,Ships leaving.,,,,001_Handbook_of_the_Swatow_Vernacular > Lesson XIX. nautical.,122
Tsûn kiàⁿ--lō,,Tsûn kiàⁿ--lō,,,船行囉,船行了,Ships have gone.,,,,001_Handbook_of_the_Swatow_Vernacular > Lesson XIX. nautical.,122
Tsûn bõi-kiâⁿ,,Tsûn bõi-kiâⁿ,,,船袂行,,Ships can't go.,,,,001_Handbook_of_the_Swatow_Vernacular > Lesson XIX. nautical.,122
Tsûn khau-huang,,Tsûn khau-huang,,,船摳風,船敲風,Ships tacking.,,,,001_Handbook_of_the_Swatow_Vernacular > Lesson XIX. nautical.,122
Tsûn khūa--tiéh,,Tsûn khūa--tiéh,,,船擱着,,Ships run aground.,,,,001_Handbook_of_the_Swatow_Vernacular > Lesson XIX. nautical.,122
Tsûn puáh-tiòu,,Tsûn puáh-tiòu,,,船破掉,船破,Ship-wreck.,,,,001_Handbook_of_the_Swatow_Vernacular > Lesson XIX. nautical.,122
Tsûn sie-tsuãng-tiéh,,Tsûn sie-tsuãng-tiéh,,,船相撞着,,Ships come into collision with each other.,,,,001_Handbook_of_the_Swatow_Vernacular > Lesson XIX. nautical.,122
Tîm,,Tîm,,,沉,,To sink.,,,,001_Handbook_of_the_Swatow_Vernacular > Lesson XIX. nautical.,122
Phû,,Phû,,,浮,,To float.,,,,001_Handbook_of_the_Swatow_Vernacular > Lesson XIX. nautical.,122
Kheh,,Kheh,,,客,,Passengers.,,,,001_Handbook_of_the_Swatow_Vernacular > Lesson XIX. nautical.,122
Tshng,,Tshng,,,艙,,A hold.,,,,001_Handbook_of_the_Swatow_Vernacular > Lesson XIX. nautical.,122
hùe,,hùe,,,貨,,Cargo.,,,,001_Handbook_of_the_Swatow_Vernacular > Lesson XIX. nautical.,122
Hẽ-hùe,,Hẽ-hùe,,,下貨,,To ship cargo.,,,,001_Handbook_of_the_Swatow_Vernacular > Lesson XIX. nautical.,122
Khí-hùe,,Khí-hùe,,,起貨,,To discharge cargo.,,,,001_Handbook_of_the_Swatow_Vernacular > Lesson XIX. nautical.,122
Tsài-hùe,,Tsài-hùe,,,載貨,儎貨,To convey cargo.,,,,001_Handbook_of_the_Swatow_Vernacular > Lesson XIX. nautical.,122
Kàu-tsāi,,Kàu-tsāi,,,夠儎,到儎,(A ship) fully laden.,,,,001_Handbook_of_the_Swatow_Vernacular > Lesson XIX. nautical.,122
Chék-tsāi,,Chék-tsāi,,,一儎,壹儎,A load.,,,,001_Handbook_of_the_Swatow_Vernacular > Lesson XIX. nautical.,122
Uá-tsûn-piⁿ,,Uá-tsûn-piⁿ,,,倚船邊,,Go alongside the ship.,,,,001_Handbook_of_the_Swatow_Vernacular > Lesson XIX. nautical.,123
Tít-thàu,,Tít-thàu,,,直透,,To go direct without calling at any port.,,,,001_Handbook_of_the_Swatow_Vernacular > Lesson XIX. nautical.,123
Kua,,Kua,,,跨,,To call at a port.,,,,001_Handbook_of_the_Swatow_Vernacular > Lesson XIX. nautical.,123
Lóh-tsûn,,Lóh-tsûn,,,落船,,To go on board.,,,,001_Handbook_of_the_Swatow_Vernacular > Lesson XIX. nautical.,123
Khí,,Khí,,,起,,To go on shore.,,,,001_Handbook_of_the_Swatow_Vernacular > Lesson XIX. nautical.,123
Tsûn-tsou,,Tsûn-tsou,,,船租,,Passage money or freight.,,,,001_Handbook_of_the_Swatow_Vernacular > Lesson XIX. nautical.,123
Khoi,,Khoi,,,溪,,A small river.,,,,001_Handbook_of_the_Swatow_Vernacular > Lesson XIX. nautical.,123
Hô,,Hô,,,河,,A large river.,,,,001_Handbook_of_the_Swatow_Vernacular > Lesson XIX. nautical.,123
Hái-sṳ̃,,Hái-sṳ̃,,,海嶼,,An island.,,,,001_Handbook_of_the_Swatow_Vernacular > Lesson XIX. nautical.,123
Lâu-tsúi hiông,,Lâu-tsúi hiông,,,流水雄,,Strong tide.,,,,001_Handbook_of_the_Swatow_Vernacular > Lesson XIX. nautical.,123
Lâu-tsúi pêⁿ,,Lâu-tsúi pêⁿ,,,流水平,,Even tide.,,,,001_Handbook_of_the_Swatow_Vernacular > Lesson XIX. nautical.,123
Sũn-huang,,Sũn-huang,,,順風,,Fair wind.,,,,001_Handbook_of_the_Swatow_Vernacular > Lesson XIX. nautical.,123
Sũn-lâu,,Sũn-lâu,,,順流,,Fair tide.,,,,001_Handbook_of_the_Swatow_Vernacular > Lesson XIX. nautical.,123
Ngék-huang,,Ngék-huang,,,逆風,,Contrary wind.,,,,001_Handbook_of_the_Swatow_Vernacular > Lesson XIX. nautical.,123
Ngék-lâu,,Ngék-lâu,,,逆流,,Contrary tide.,,,,001_Handbook_of_the_Swatow_Vernacular > Lesson XIX. nautical.,123
Thiⁿ-sî hó,,Thiⁿ-sî hó,,,天時好,,Fine settled weather.,,,,001_Handbook_of_the_Swatow_Vernacular > Lesson XIX. nautical.,123
Thiⁿ-sî m̄-móⁿ,,Thiⁿ-sî m̄-móⁿ,,,天時毋孬,天時不好,Bad weather.,,,,001_Handbook_of_the_Swatow_Vernacular > Lesson XIX. nautical.,123
Thiⁿ-sî ou-àm,,Thiⁿ-sî ou-àm,,,天時烏暗,,Weather black and dark.,,,,001_Handbook_of_the_Swatow_Vernacular > Lesson XIX. nautical.,123
Tang,,Tang,,,東,,East.,,,,001_Handbook_of_the_Swatow_Vernacular > Lesson XIX. nautical.,123
Sai,,Sai,,,西,,West.,,,,001_Handbook_of_the_Swatow_Vernacular > Lesson XIX. nautical.,123
Nâm,,Nâm,,,南,,South.,,,,001_Handbook_of_the_Swatow_Vernacular > Lesson XIX. nautical.,123
Pak,,Pak,,,北,,North.,,,,001_Handbook_of_the_Swatow_Vernacular > Lesson XIX. nautical.,123
Sin-seⁿ,,Sin-seⁿ,,,先生,,A doctor.,,,,001_Handbook_of_the_Swatow_Vernacular > Lesson XX. medical.,124
Ui,,Ui,,,醫,,To cure.,,,,001_Handbook_of_the_Swatow_Vernacular > Lesson XX. medical.,124
Pēⁿ,,Pēⁿ,,,病,,To be ill; sickness.,,,,001_Handbook_of_the_Swatow_Vernacular > Lesson XX. medical.,124
Nâng m̄-móⁿ,,Nâng m̄-móⁿ,,,人[訓]毋孬,人[訓]不好,Unwell.,,,,001_Handbook_of_the_Swatow_Vernacular > Lesson XX. medical.,124
Phùa-pēⁿ,,Phùa-pēⁿ,,,破病,,To be very ill for a long period.,,,,001_Handbook_of_the_Swatow_Vernacular > Lesson XX. medical.,124
Tíh-lát,,Tíh-lát,,,着力,,"To be very ill, almost dying.",,,,001_Handbook_of_the_Swatow_Vernacular > Lesson XX. medical.,124
Ui bõi-hó,,Ui bõi-hó,,,醫袂好,,Incurable.,,,,001_Handbook_of_the_Swatow_Vernacular > Lesson XX. medical.,124
Ui oh-hó,,Ui oh-hó,,,醫僫好,醫難好,Difficult to cure.,,,,001_Handbook_of_the_Swatow_Vernacular > Lesson XX. medical.,124
Oh-ui,,Oh-ui,,,僫醫,難醫,Difficult to cure.,,,,001_Handbook_of_the_Swatow_Vernacular > Lesson XX. medical.,124
Ióu-hó,,Ióu-hó,,,畧好,,Better.,,,,001_Handbook_of_the_Swatow_Vernacular > Lesson XX. medical.,124
Tsuáh,,Tsuáh,,,絀,,Better.,,,,001_Handbook_of_the_Swatow_Vernacular > Lesson XX. medical.,124
Tshuân-zú,,Tshuân-zú,,,全愈,,Quite recovered.,,,,001_Handbook_of_the_Swatow_Vernacular > Lesson XX. medical.,124
Tñg-khùi,,Tñg-khùi,,,斷氣,,To expire.,,,,001_Handbook_of_the_Swatow_Vernacular > Lesson XX. medical.,124
Thâu-khak thiàⁿ,,Thâu-khak thiàⁿ,,,頭殼痛,頭壳痛,Headache.,,,,001_Handbook_of_the_Swatow_Vernacular > Lesson XX. medical.,124
Thâu-khak hîn,,Thâu-khak hîn,,,頭殼眩,頭壳眩,Headache.,,,,001_Handbook_of_the_Swatow_Vernacular > Lesson XX. medical.,124
Nâng zuáh,,Nâng zuáh,,,人[訓]熱,,Fever.,,,,001_Handbook_of_the_Swatow_Vernacular > Lesson XX. medical.,124
Huat-sie,,Huat-sie,,,發燒,,Fever.,,,,001_Handbook_of_the_Swatow_Vernacular > Lesson XX. medical.,124
Uì-chhìn,,Uì-chhìn,,,畏凊,畏冷,Ague.,,,,001_Handbook_of_the_Swatow_Vernacular > Lesson XX. medical.,124
Huat-sie ùi-chhìn,,Huat-sie ùi-chhìn,,,發燒畏凊,發燒畏冷,Fever and ague.,,,,001_Handbook_of_the_Swatow_Vernacular > Lesson XX. medical.,124
Tóu-thiàⁿ,,Tóu-thiàⁿ,,,肚痛,,Stomachache.,,,,001_Handbook_of_the_Swatow_Vernacular > Lesson XX. medical.,125
Thiu-thiàⁿ,,Thiu-thiàⁿ,,,抽痛,,Cramp.,,,,001_Handbook_of_the_Swatow_Vernacular > Lesson XX. medical.,125
Thòu,,Thòu,,,吐,嘔,To vomit.,,,,001_Handbook_of_the_Swatow_Vernacular > Lesson XX. medical.,125
Lāu-sái,,Lāu-sái,,,漏屎,瀉屎,Diarrhoea.,,,,001_Handbook_of_the_Swatow_Vernacular > Lesson XX. medical.,125
Tóu lāu,,Tóu lāu,,,肚漏,,Diarrhoea.,,,,001_Handbook_of_the_Swatow_Vernacular > Lesson XX. medical.,125
Pàng-âng,,Pàng-âng,,,放紅,放血,Dysentery.,,,,001_Handbook_of_the_Swatow_Vernacular > Lesson XX. medical.,125
Thì-khì,,Thì-khì,,,滯氣,,Dysentery.,,,,001_Handbook_of_the_Swatow_Vernacular > Lesson XX. medical.,125
Lĩ-chit,,Lĩ-chit,,,痢疾,,Dysentery.,,,,001_Handbook_of_the_Swatow_Vernacular > Lesson XX. medical.,125
Tóu-siap,,Tóu-siap,,,肚澀,肚澁,Costiveness.,,,,001_Handbook_of_the_Swatow_Vernacular > Lesson XX. medical.,125
Tiéh-sua,,Tiéh-sua,,,着痧,,Colic.,,,,001_Handbook_of_the_Swatow_Vernacular > Lesson XX. medical.,125
Sún-pēⁿ,,Sún-pēⁿ,,,損病,,Consumption.,,,,001_Handbook_of_the_Swatow_Vernacular > Lesson XX. medical.,125
Huang-thiàⁿ,,Huang-thiàⁿ,,,瘋痛,,Rheumatism.,,,,001_Handbook_of_the_Swatow_Vernacular > Lesson XX. medical.,125
Seⁿ-huang,,Seⁿ-huang,,,生瘋,,Rheumatism.,,,,001_Handbook_of_the_Swatow_Vernacular > Lesson XX. medical.,125
Sieⁿ-huang,,Sieⁿ-huang,,,傷風,,"To catch cold when ill, or just after being ill.",,,,001_Handbook_of_the_Swatow_Vernacular > Lesson XX. medical.,125
Kûaⁿ--tiéh,,Kûaⁿ--tiéh,,,寒着,,To catch cold.,,,,001_Handbook_of_the_Swatow_Vernacular > Lesson XX. medical.,125
Kam-thâng,,Kam-thâng,,,甘蟲,甘虫,Tape-worms.,,,,001_Handbook_of_the_Swatow_Vernacular > Lesson XX. medical.,125
Kam-chek,,Kam-chek,,,甘癪,,Having tape-worms in the stomach.,,,,001_Handbook_of_the_Swatow_Vernacular > Lesson XX. medical.,125
Tshuán,,Tshuán,,,喘,,DIfficult respiration.,,,,001_Handbook_of_the_Swatow_Vernacular > Lesson XX. medical.,125
Ka-sàu,,Ka-sàu,,,咬嗽,,To cough.,,,,001_Handbook_of_the_Swatow_Vernacular > Lesson XX. medical.,125
Tàⁿ-uē têng-kù,,Tàⁿ-uē têng-kù,,,呾話重句,,Stammering.,,,,001_Handbook_of_the_Swatow_Vernacular > Lesson XX. medical.,126
Tūa-chíh,,Tūa-chíh,,,大舌,,Stammering.,,,,001_Handbook_of_the_Swatow_Vernacular > Lesson XX. medical.,126
Thiôu,,Thiôu,,,鮡,,Pimples.,,,,001_Handbook_of_the_Swatow_Vernacular > Lesson XX. medical.,126
Tshng,,Tshng,,,瘡,,Ulcers.,,,,001_Handbook_of_the_Swatow_Vernacular > Lesson XX. medical.,126
Thĩ,,Thĩ,,,痔,,Piles.,,,,001_Handbook_of_the_Swatow_Vernacular > Lesson XX. medical.,126
Kòi,,Kòi,,,疥,,Itch.,,,,001_Handbook_of_the_Swatow_Vernacular > Lesson XX. medical.,126
Chiẽⁿ,,Chiẽⁿ,,,癢,,Itchy.,,,,001_Handbook_of_the_Swatow_Vernacular > Lesson XX. medical.,126
Phã,,Phã,,,泡,,A blister.,,,,001_Handbook_of_the_Swatow_Vernacular > Lesson XX. medical.,126
Phok-phã,,Phok-phã,,,起泡,,To rise in blister.,,,,001_Handbook_of_the_Swatow_Vernacular > Lesson XX. medical.,126
Chéng,,Chéng,,,腫,,Swelling.,,,,001_Handbook_of_the_Swatow_Vernacular > Lesson XX. medical.,126
M̄-tsai-nâng,,M̄-tsai-nâng,,,毋知人[訓],不知人[訓],Fainting.,,,,001_Handbook_of_the_Swatow_Vernacular > Lesson XX. medical.,126
Hîn,,Hîn,,,眩,,Giddy.,,,,001_Handbook_of_the_Swatow_Vernacular > Lesson XX. medical.,126
Hîn-tsûn,,Hîn-tsûn,,,眩船,,Sea-sick.,,,,001_Handbook_of_the_Swatow_Vernacular > Lesson XX. medical.,126
Khí-thiàⁿ,,Khí-thiàⁿ,,,齒痛,,Toothache.,,,,001_Handbook_of_the_Swatow_Vernacular > Lesson XX. medical.,126
Thòu-sià,,Thòu-sià,,,吐瀉,,Cholera.,,,,001_Handbook_of_the_Swatow_Vernacular > Lesson XX. medical.,126
Gâu-a-niêⁿ,,Gâu-a-niêⁿ,,,賢[訓]阿娘,賢[訓]亞娘,Small-pox.,,,,001_Handbook_of_the_Swatow_Vernacular > Lesson XX. medical.,126
Tshut-tsu,,Tshut-tsu,,,出珠,,Small-pox.,,,,001_Handbook_of_the_Swatow_Vernacular > Lesson XX. medical.,126
Chiáh-tāu,,Chiáh-tāu,,,食痘,,Chicken-pox.,,,,001_Handbook_of_the_Swatow_Vernacular > Lesson XX. medical.,126
Tshut-tāu,,Tshut-tāu,,,出痘,,Chicken-pox.,,,,001_Handbook_of_the_Swatow_Vernacular > Lesson XX. medical.,126
Chèng-tsu,,Chèng-tsu,,,種珠,,To vacinate.,,,,001_Handbook_of_the_Swatow_Vernacular > Lesson XX. medical.,126
Chiáh-mûeⁿ,,Chiáh-mûeⁿ,,,食糜,食粥,Measles.,,,,001_Handbook_of_the_Swatow_Vernacular > Lesson XX. medical.,127
Tūa-ãm-kui,,Tūa-ãm-kui,,,大頷奎,大頸奎,Goitre.,,,,001_Handbook_of_the_Swatow_Vernacular > Lesson XX. medical.,127
Liû,,Liû,,,瘤,,Tumour.,,,,001_Handbook_of_the_Swatow_Vernacular > Lesson XX. medical.,127
Nńg-nîⁿ,,Nńg-nîⁿ,,,軟疕,軟丕,Palsy.,,,,001_Handbook_of_the_Swatow_Vernacular > Lesson XX. medical.,127
Kuàn-pien,,Kuàn-pien,,,Palsy.,,,痒癲,,,001_Handbook_of_the_Swatow_Vernacular > Lesson XX. medical.,127
Sióu,,Sióu,,,痟,顚,Mad.,,,,001_Handbook_of_the_Swatow_Vernacular > Lesson XX. medical.,127
Sim-sîn m̄-tiāⁿ,,Sim-sîn m̄-tiāⁿ,,,心神毋定,心神不定,Insane.,,,,001_Handbook_of_the_Swatow_Vernacular > Lesson XX. medical.,127
Kòng,,Kòng,,,愩,,Crazy.,,,,001_Handbook_of_the_Swatow_Vernacular > Lesson XX. medical.,127
Bùi,,Bùi,,,痱,輩,Prickly heat.,,,,001_Handbook_of_the_Swatow_Vernacular > Lesson XX. medical.,127
Pùi,,Pùi,,,,,Prickly heat.,,,,001_Handbook_of_the_Swatow_Vernacular > Lesson XX. medical.,127
Sién,,Sién,,,癬,,Ringworm.,,,,001_Handbook_of_the_Swatow_Vernacular > Lesson XX. medical.,127
Mák--thiàⁿ,,Mák--thiàⁿ,,,目痛,,Sore-eyes.,,,,001_Handbook_of_the_Swatow_Vernacular > Lesson XX. medical.,127
Kṳ̃n-sī,,Kṳ̃n-sī,,,近視,,Near-sighted.,,,,001_Handbook_of_the_Swatow_Vernacular > Lesson XX. medical.,127
Kṳ̃n-tshṳ̀,,Kṳ̃n-tshṳ̀,,,近覷,近視,Near-sighted.,,,,001_Handbook_of_the_Swatow_Vernacular > Lesson XX. medical.,127
Chheⁿ-mêⁿ,,Chheⁿ-mêⁿ,,,青盲,睛盲,Blind.,,,,001_Handbook_of_the_Swatow_Vernacular > Lesson XX. medical.,127
Mák-chiu-hue,,Mák-chiu-hue,,,目睭花,目周花,Dimness.,,,,001_Handbook_of_the_Swatow_Vernacular > Lesson XX. medical.,127
Siâ-mák-chióu,,Siâ-mák-chióu,,,斜目鳥,斜目,Squinting.,,,,001_Handbook_of_the_Swatow_Vernacular > Lesson XX. medical.,127
Hĩⁿ--lâng,,Hĩⁿ--lâng,,,耳聾,,Deaf.,,,,001_Handbook_of_the_Swatow_Vernacular > Lesson XX. medical.,127
É,,É,,,啞,,Dumb.,,,,001_Handbook_of_the_Swatow_Vernacular > Lesson XX. medical.,127
Khih-tshùi,,Khih-tshùi,,,缺喙,缺嘴,Hare-lip.,,,,001_Handbook_of_the_Swatow_Vernacular > Lesson XX. medical.,127
Ie-ku,,Ie-ku,,,腰龜,,Humpback.,,,,001_Handbook_of_the_Swatow_Vernacular > Lesson XX. medical.,128
Kuái-kha,,Kuái-kha,,,拐骹,拐脚,Lame.,,,,001_Handbook_of_the_Swatow_Vernacular > Lesson XX. medical.,128
Páng-kha-liâm,,Páng-kha-liâm,,,綁骹臁,枋脚鐮,Ulcerated leg.,,,,001_Handbook_of_the_Swatow_Vernacular > Lesson XX. medical.,128
Mîⁿ-kha,,Mîⁿ-kha,,,糜骹,縻脚,Ulcerated leg.,,,,001_Handbook_of_the_Swatow_Vernacular > Lesson XX. medical.,128
Seⁿ-muéh,,Seⁿ-muéh,,,生物,,To have a disease.,,,,001_Handbook_of_the_Swatow_Vernacular > Lesson XX. medical.,128
Seⁿ-thûe,,Seⁿ-thûe,,,生㿗,,To have a boil.,,,,001_Handbook_of_the_Swatow_Vernacular > Lesson XX. medical.,128
Lâng,,Lâng,,,濃,,Matter.,,,,001_Handbook_of_the_Swatow_Vernacular > Lesson XX. medical.,128
Uè,,Uè,,,穢,⿰疒尉,To infect.,,,,001_Handbook_of_the_Swatow_Vernacular > Lesson XX. medical.,128
Sieⁿ-hûn,,Sieⁿ-hûn,,,傷痕,,A scar.,,,,001_Handbook_of_the_Swatow_Vernacular > Lesson XX. medical.,128
Kì,,Kì,,,痣,,A wart.,,,,001_Handbook_of_the_Swatow_Vernacular > Lesson XX. medical.,128
Hôu-sîn-sái-kì,,Hôu-sîn-sái-kì,,,侯蠅屎痣,,A mole.,,,,001_Handbook_of_the_Swatow_Vernacular > Lesson XX. medical.,128
Phùa-sièⁿ,,Phùa-sièⁿ,,,破相,,Deformed.,,,,001_Handbook_of_the_Swatow_Vernacular > Lesson XX. medical.,128
Un-chiàng,,Un-chiàng,,,瘟瘴,瘟疫,A plague.,,,,001_Handbook_of_the_Swatow_Vernacular > Lesson XX. medical.,128
Thiⁿ-sî tshou-siap,,Thiⁿ-sî tshou-siap,,,天時粗澀,天時粗澁,A plague.,,,,001_Handbook_of_the_Swatow_Vernacular > Lesson XX. medical.,128
Phêng-an,,Phêng-an,,,平安,,Peace.,,,,001_Handbook_of_the_Swatow_Vernacular > Lesson XX. medical.,128
Iéh-tuaⁿ,,Iéh-tuaⁿ,,,藥單,,A prescription.,,,,001_Handbook_of_the_Swatow_Vernacular > Lesson XX. medical.,128
Iéh-hng,,Iéh-hng,,,藥方,,A prescription.,,,,001_Handbook_of_the_Swatow_Vernacular > Lesson XX. medical.,128
Iéh,,Iéh,,,藥,,Medicine.,,,,001_Handbook_of_the_Swatow_Vernacular > Lesson XX. medical.,128
Iéh-íⁿ,,Iéh-íⁿ,,,藥丸,,Pills.,,,,001_Handbook_of_the_Swatow_Vernacular > Lesson XX. medical.,128
Ko-iéh,,Ko-iéh,,,膏藥,,"Ointment, plaster.",,,,001_Handbook_of_the_Swatow_Vernacular > Lesson XX. medical.,128
Iéh-hún,,Iéh-hún,,,藥粉,,"Powder, for taking.",,,,001_Handbook_of_the_Swatow_Vernacular > Lesson XX. medical.,129
Iéh-buáh,,Iéh-buáh,,,藥末,,"Powder, for taking, applying.",,,,001_Handbook_of_the_Swatow_Vernacular > Lesson XX. medical.,129
Kûaⁿ-iéh,,Kûaⁿ-iéh,,,寒藥,,Quinine.,,,,001_Handbook_of_the_Swatow_Vernacular > Lesson XX. medical.,129
Âng-iéh,,Âng-iéh,,,紅藥,,Pain-killer.,,,,001_Handbook_of_the_Swatow_Vernacular > Lesson XX. medical.,129
Kói-hun-îⁿ,,Kói-hun-îⁿ,,,解薰丸,解芬丸,"""Stop-opium"" pills.",“Stop-opium” pills.,,,001_Handbook_of_the_Swatow_Vernacular > Lesson XX. medical.,129
Pi-mûaⁿ-iû,,Pi-mûaⁿ-iû,,,卑麻油,卑蔴油,Castor oil.,,,,001_Handbook_of_the_Swatow_Vernacular > Lesson XX. medical.,129
Chiáh-sià,,Chiáh-sià,,,食瀉,,To take an aperient.,,,,001_Handbook_of_the_Swatow_Vernacular > Lesson XX. medical.,129
Sià,,Sià,,,瀉,,To purge.,,,,001_Handbook_of_the_Swatow_Vernacular > Lesson XX. medical.,129
Chiáh-sí-nâng,,Chiáh-sí-nâng,,,食死人[訓],,Poison.,,,,001_Handbook_of_the_Swatow_Vernacular > Lesson XX. medical.,129
Pn̄g-liáp,,Pn̄g-liáp,,,飯粒,,Poultice.,,,,001_Handbook_of_the_Swatow_Vernacular > Lesson XX. medical.,129
Pô-hò-iû,,Pô-hò-iû,,,薄荷油,,Peppermint.,,,,001_Handbook_of_the_Swatow_Vernacular > Lesson XX. medical.,129
Ták,,Ták,,,毒,,"Poisonous, as snakes.",,,,001_Handbook_of_the_Swatow_Vernacular > Lesson XX. medical.,129
Chiáh-liâng,,Chiáh-liâng,,,食凉,,To take something cooling.,,,,001_Handbook_of_the_Swatow_Vernacular > Lesson XX. medical.,129
Chiáh-póu,,Chiáh-póu,,,食補,,"To take something very strengthening as gin-seng, deer horn, &c.",,,,001_Handbook_of_the_Swatow_Vernacular > Lesson XX. medical.,129
Ũ-póu,,Ũ-póu,,,有補,,Nutritious.,,,,001_Handbook_of_the_Swatow_Vernacular > Lesson XX. medical.,129
Tah,,Tah,,,貼,,"To apply, as a poultice, plaster &c.",,,,001_Handbook_of_the_Swatow_Vernacular > Lesson XX. medical.,129
Buah,,Buah,,,抹,,"To apply, as iodine, oinment &c.",,,,001_Handbook_of_the_Swatow_Vernacular > Lesson XX. medical.,129
Chiáh-iéh,,Chiáh-iéh,,,食藥,,To take medicine.,,,,001_Handbook_of_the_Swatow_Vernacular > Lesson XX. medical.,129
Kói-iéh,,Kói-iéh,,,解藥,,To act as an antidote.,,,,001_Handbook_of_the_Swatow_Vernacular > Lesson XX. medical.,129
Chék-thiap,,Chék-thiap,,,一帖,壹帖,"A dose, (as of Chinese medicine.)",,,,001_Handbook_of_the_Swatow_Vernacular > Lesson XX. medical.,130
Chék-jít chiáh-saⁿ-tǹg,,Chék-jít chiáh-saⁿ-tǹg,,,一日食三頓,壹日食三餐,To be taken three times a day.,,,,001_Handbook_of_the_Swatow_Vernacular > Lesson XX. medical.,130
Khang-sim-tóu chiáh,,Khang-sim-tóu chiáh,,,空心肚食,,To be taken when the stomach is empty.,,,,001_Handbook_of_the_Swatow_Vernacular > Lesson XX. medical.,130
Būe-chiáh soiⁿ-chiáh,,Būe-chiáh soiⁿ-chiáh,,,未食先食,,To be taken before meals.,,,,001_Handbook_of_the_Swatow_Vernacular > Lesson XX. medical.,130
Pòu-phit,,Pòu-phit,,,布疋,,Piece-goods.,,,,001_Handbook_of_the_Swatow_Vernacular > Piece-goods.,130
Pòu-lōu,,Pòu-lōu,,,布路,,Piece-goods.,,,,001_Handbook_of_the_Swatow_Vernacular > Piece-goods.,130
Nîⁿ,,Nîⁿ,,,呢,𦮴,Woollen cloth.,,,,001_Handbook_of_the_Swatow_Vernacular > Piece-goods.,130
Ou-nîⁿ,,Ou-nîⁿ,,,烏呢,烏𦮴,"Woollen cloth, black.",,,,001_Handbook_of_the_Swatow_Vernacular > Piece-goods.,130
Péh-nîⁿ,,Péh-nîⁿ,,,白呢,白𦮴,Flannel.,,,,001_Handbook_of_the_Swatow_Vernacular > Piece-goods.,130
Tsúi-nîⁿ,,Tsúi-nîⁿ,,,水呢,水𦮴,Tweeds.,,,,001_Handbook_of_the_Swatow_Vernacular > Piece-goods.,130
Zông,,Zông,,,絨,,Velvet.,,,,001_Handbook_of_the_Swatow_Vernacular > Piece-goods.,130
Siâ-bûn,,Siâ-bûn,,,斜紋,斜文,Calico.,,,,001_Handbook_of_the_Swatow_Vernacular > Piece-goods.,130
Tsu-pòu,,Tsu-pòu,,,朱布,,Gray shirting.,,,,001_Handbook_of_the_Swatow_Vernacular > Piece-goods.,130
Huan-pòu,,Huan-pòu,,,番布,畨布,Gray shirting.,,,,001_Handbook_of_the_Swatow_Vernacular > Piece-goods.,130
Péh-pòu,,Péh-pòu,,,白布,,White cloth.,,,,001_Handbook_of_the_Swatow_Vernacular > Piece-goods.,130
Ou-pòu,,Ou-pòu,,,烏布,,Black cloth.,,,,001_Handbook_of_the_Swatow_Vernacular > Piece-goods.,131
Chheⁿ-pòu,,Chheⁿ-pòu,,,青布,靑布,Blue cloth.,,,,001_Handbook_of_the_Swatow_Vernacular > Piece-goods.,131
Ka-pùa,,Ka-pùa,,,膠𤿤,,Cotton cloth.,,,,001_Handbook_of_the_Swatow_Vernacular > Piece-goods.,131
Zuáh-pòu,,Zuáh-pòu,,,熱布,,Grass cloth.,,,,001_Handbook_of_the_Swatow_Vernacular > Piece-goods.,131
Chhiū-phûe,,Chhiū-phûe,,,樹皮,,Holland.,,,,001_Handbook_of_the_Swatow_Vernacular > Piece-goods.,131
Hue-pòu,,Hue-pòu,,,花布,,Chintz.,,,,001_Handbook_of_the_Swatow_Vernacular > Piece-goods.,131
Mûaⁿ-pòu,,Mûaⁿ-pòu,,,麻布,蔴布,Sack-cloth.,,,,001_Handbook_of_the_Swatow_Vernacular > Piece-goods.,131
Si-tiû lîn-tn̄g,,Si-tiû lîn-tn̄g,,,絲綢綾緞,,Silk-goods.,,,,001_Handbook_of_the_Swatow_Vernacular > Piece-goods.,131
Si,,Si,,,絲,,Silk.,,,,001_Handbook_of_the_Swatow_Vernacular > Piece-goods.,131
Tn̄g,,Tn̄g,,,緞,,Satin.,,,,001_Handbook_of_the_Swatow_Vernacular > Piece-goods.,131
JIòu-se,,JIòu-se,,,皺紗,,Crape.,,,,001_Handbook_of_the_Swatow_Vernacular > Piece-goods.,131
Ú-se,,Ú-se,,,羽紗,,Camlet.,,,,001_Handbook_of_the_Swatow_Vernacular > Piece-goods.,131
Ú-môⁿ,,Ú-môⁿ,,,羽毛,,Camlet.,,,,001_Handbook_of_the_Swatow_Vernacular > Piece-goods.,131
Ú-lêng,,Ú-lêng,,,羽綾,,Lasting.,,,,001_Handbook_of_the_Swatow_Vernacular > Piece-goods.,131
Níⁿ--kâi-pòu,,Níⁿ--kâi-pòu,,,染个布,染個布,Dyed cloth.,,,,001_Handbook_of_the_Swatow_Vernacular > Piece-goods.,131
Kún-tiôu,,Kún-tiôu,,,綑條,綑条,"Tape, for dress.",,,,001_Handbook_of_the_Swatow_Vernacular > Piece-goods.,131
Tùa,,Tùa,,,帶,,„ tying.,,,,001_Handbook_of_the_Swatow_Vernacular > Piece-goods.,131
Chék-phit,,Chék-phit,,,一疋,壹疋,A piece of cloth.,,,,001_Handbook_of_the_Swatow_Vernacular > Piece-goods.,131
Chék-ki,,Chék-ki,,,一枝,壹枝,A roll of cloth.,,,,001_Handbook_of_the_Swatow_Vernacular > Piece-goods.,131
Suān,,Suān,,,鏇,,Diamond.,,,,001_Handbook_of_the_Swatow_Vernacular > Mineral &c.,132
Kim,,Kim,,,金,,Gold.,,,,001_Handbook_of_the_Swatow_Vernacular > Mineral &c.,132
Ngṳ̂n,,Ngṳ̂n,,,銀,,Silver.,,,,001_Handbook_of_the_Swatow_Vernacular > Mineral &c.,132
Thih,,Thih,,,鐵,,Iron.,,,,001_Handbook_of_the_Swatow_Vernacular > Mineral &c.,132
Chheⁿ-thih,,Chheⁿ-thih,,,生鐵,,„ unwrought.,,,,001_Handbook_of_the_Swatow_Vernacular > Mineral &c.,132
Kǹg,,Kǹg,,,鋼,,Steel.,,,,001_Handbook_of_the_Swatow_Vernacular > Mineral &c.,132
Seⁿ,,Seⁿ,,,鉎,銹,Cast iron.,,,,001_Handbook_of_the_Swatow_Vernacular > Mineral &c.,132
Tâng,,Tâng,,,銅,,Copper.,,,,001_Handbook_of_the_Swatow_Vernacular > Mineral &c.,132
Âng-tâng,,Âng-tâng,,,紅銅,,Brass.,,,,001_Handbook_of_the_Swatow_Vernacular > Mineral &c.,132
În,,În,,,鉛,,Lead.,,,,001_Handbook_of_the_Swatow_Vernacular > Mineral &c.,132
Péh-în,,Péh-în,,,白鉛,,Spelter or zinc.,,,,001_Handbook_of_the_Swatow_Vernacular > Mineral &c.,132
Siah,,Siah,,,錫,,Pewter.,,,,001_Handbook_of_the_Swatow_Vernacular > Mineral &c.,132
Péh-thih,,Péh-thih,,,白鐵,,Tin.,,,,001_Handbook_of_the_Swatow_Vernacular > Mineral &c.,132
Gék,,Gék,,,玉,,"Jade, ox-stone.",,,,001_Handbook_of_the_Swatow_Vernacular > Mineral &c.,132
Chiéh,,Chiéh,,,石,,Stone.,,,,001_Handbook_of_the_Swatow_Vernacular > Mineral &c.,132
Húe-chiéh,,Húe-chiéh,,,火石,,Flint.,,,,001_Handbook_of_the_Swatow_Vernacular > Mineral &c.,132
Siou,,Siou,,,硝,,Saltpetre.,,,,001_Handbook_of_the_Swatow_Vernacular > Mineral &c.,132
Iâm-siou,,Iâm-siou,,,鹽硝,,Saltpetre.,,,,001_Handbook_of_the_Swatow_Vernacular > Mineral &c.,132
Liû-n̂g,,Liû-n̂g,,,硫磺,,"Sulphur, brimstone.",,,,001_Handbook_of_the_Swatow_Vernacular > Mineral &c.,132
Péh-huân,,Péh-huân,,,白矾,,Alum.,,,,001_Handbook_of_the_Swatow_Vernacular > Mineral &c.,133
Chheⁿ-huân,,Chheⁿ-huân,,,生矾,,„ green.,,,,001_Handbook_of_the_Swatow_Vernacular > Mineral &c.,133
Kim-sua,,Kim-sua,,,金沙,,Gold-dust,,,,001_Handbook_of_the_Swatow_Vernacular > Mineral &c.,133
Thih-tshùi,,Thih-tshùi,,,鐵碎,,Iron-filings.,,,,001_Handbook_of_the_Swatow_Vernacular > Mineral &c.,133
Thih-kùn,,Thih-kùn,,,鐵棍,,Iron-bar.,,,,001_Handbook_of_the_Swatow_Vernacular > Mineral &c.,133
Tâng-póh,,Tâng-póh,,,銅薄,,Sheet copper.,,,,001_Handbook_of_the_Swatow_Vernacular > Mineral &c.,133
Siah-póh,,Siah-póh,,,錫薄,,Tinfoil.,,,,001_Handbook_of_the_Swatow_Vernacular > Mineral &c.,133
Tsúa-hue,,Tsúa-hue,,,紙花,,Artificial flowers.,,,,001_Handbook_of_the_Swatow_Vernacular > Miscellaneous Articles.,133
Tek-khì,,Tek-khì,,,竹器,,Bamboo ware.,,,,001_Handbook_of_the_Swatow_Vernacular > Miscellaneous Articles.,133
Láu-chí,,Láu-chí,,,荖子,荖枳,Betel nuts.,,,,001_Handbook_of_the_Swatow_Vernacular > Miscellaneous Articles.,133
Láu-hiéh,,Láu-hiéh,,,荖葉,,„ leaves.,,,,001_Handbook_of_the_Swatow_Vernacular > Miscellaneous Articles.,133
Ièn,,Ièn,,,燕,,Birdnests.,,,,001_Handbook_of_the_Swatow_Vernacular > Miscellaneous Articles.,133
Ieǹ-o,,Ieǹ-o,,,燕窩,,Birdnests.,,,,001_Handbook_of_the_Swatow_Vernacular > Miscellaneous Articles.,133
Tek-phàu,,Tek-phàu,,,竹炮,,Bombs.,,,,001_Handbook_of_the_Swatow_Vernacular > Miscellaneous Articles.,133
Chieⁿ-ló,,Chieⁿ-ló,,,樟栳,,Camphor.,,,,001_Handbook_of_the_Swatow_Vernacular > Miscellaneous Articles.,133
Chieⁿ-tshâ,,Chieⁿ-tshâ,,,樟柴,,Camphor.,,,,001_Handbook_of_the_Swatow_Vernacular > Miscellaneous Articles.,133
Phâng-pòu,,Phâng-pòu,,,帆布,,Canvas.,,,,001_Handbook_of_the_Swatow_Vernacular > Miscellaneous Articles.,133
Kùi-phûe,,Kùi-phûe,,,桂皮,,Cassia.,,,,001_Handbook_of_the_Swatow_Vernacular > Miscellaneous Articles.,133
Lṳ̃-sòng-hun,,Lṳ̃-sòng-hun,,,呂宋薰,呂宋煙,"Cigar, Manila.",,,,001_Handbook_of_the_Swatow_Vernacular > Miscellaneous Articles.,134
Tsu-sa,,Tsu-sa,,,硃砂,,Cinnabar.,,,,001_Handbook_of_the_Swatow_Vernacular > Miscellaneous Articles.,134
Tsang,,Tsang,,,棕,,Coir.,,,,001_Handbook_of_the_Swatow_Vernacular > Miscellaneous Articles.,134
Muéh-chiáh,,Muéh-chiáh,,,物食,,Confections.,,,,001_Handbook_of_the_Swatow_Vernacular > Miscellaneous Articles.,134
Sien-hû,,Sien-hû,,,仙瑚,,Coral.,,,,001_Handbook_of_the_Swatow_Vernacular > Miscellaneous Articles.,134
San-hû,,San-hû,,,珊瑚,,Coral.,,,,001_Handbook_of_the_Swatow_Vernacular > Miscellaneous Articles.,134
Mîⁿ,,Mîⁿ,,,棉,,Cotton.,,,,001_Handbook_of_the_Swatow_Vernacular > Miscellaneous Articles.,134
Gû-n̂g,,Gû-n̂g,,,牛黃,,Cow bezoar.,,,,001_Handbook_of_the_Swatow_Vernacular > Miscellaneous Articles.,134
Hûi,,Hûi,,,缶,𦈢,China.,,,,001_Handbook_of_the_Swatow_Vernacular > Miscellaneous Articles.,134
Phòng-phiẽ,,Phòng-phiẽ,,,碰鰾,火炮,Crackers.,,,,001_Handbook_of_the_Swatow_Vernacular > Miscellaneous Articles.,134
Ték-zông,,Ték-zông,,,鹿茸,,Deer horn.,,,,001_Handbook_of_the_Swatow_Vernacular > Miscellaneous Articles.,134
Sek-liōu,,Sek-liōu,,,色料,,Dye.,,,,001_Handbook_of_the_Swatow_Vernacular > Miscellaneous Articles.,134
Ou-bák,,Ou-bák,,,烏木,烏墨,Ebony.,,,,001_Handbook_of_the_Swatow_Vernacular > Miscellaneous Articles.,134
Chhiẽⁿ-gê,,Chhiẽⁿ-gê,,,象牙,,Elephant's teeth.,,,,001_Handbook_of_the_Swatow_Vernacular > Miscellaneous Articles.,134
Môⁿ-sìⁿ,,Môⁿ-sìⁿ,,,毛扇,,"Fans, feather.",,,,001_Handbook_of_the_Swatow_Vernacular > Miscellaneous Articles.,134
Hāu-khak-sìⁿ,,Hāu-khak-sìⁿ,,,鱟殼扇,鱟壳扇,"Fans, cloth.",,,,001_Handbook_of_the_Swatow_Vernacular > Miscellaneous Articles.,134
Kûe-sìⁿ,,Kûe-sìⁿ,,,葵扇,,"Fans, palm-leaf.",,,,001_Handbook_of_the_Swatow_Vernacular > Miscellaneous Articles.,134
Thit-thô-muéh,,Thit-thô-muéh,,,佚佗物,玩物,Fancy articles.,,,,001_Handbook_of_the_Swatow_Vernacular > Miscellaneous Articles.,134
Koi-môⁿ-tshóiⁿ,,Koi-môⁿ-tshóiⁿ,,,雞毛筅,鷄毛筅,Feather-duster.,,,,001_Handbook_of_the_Swatow_Vernacular > Miscellaneous Articles.,134
Hṳ̂-tõu,,Hṳ̂-tõu,,,魚肚,,Fishmaws.,,,,001_Handbook_of_the_Swatow_Vernacular > Miscellaneous Articles.,135
Hṳ̂-phiẽ,,Hṳ̂-phiẽ,,,魚鰾,魚膘,Fishmaws.,,,,001_Handbook_of_the_Swatow_Vernacular > Miscellaneous Articles.,135
Kam-bít,,Kam-bít,,,甘蜜,,Gambier.,,,,001_Handbook_of_the_Swatow_Vernacular > Miscellaneous Articles.,135
Jîn-siam,,Jîn-siam,,,人參,,Gin-seng.,,,,001_Handbook_of_the_Swatow_Vernacular > Miscellaneous Articles.,135
Kau-lî,,Kau-lî,,,高麗,,Gin-seng.,,,,001_Handbook_of_the_Swatow_Vernacular > Miscellaneous Articles.,135
Po-lî,,Po-lî,,,玻璃,,Glass.,,,,001_Handbook_of_the_Swatow_Vernacular > Miscellaneous Articles.,135
Po-lî-khì,,Po-lî-khì,,,玻璃器,,Glass ware.,,,,001_Handbook_of_the_Swatow_Vernacular > Miscellaneous Articles.,135
Ka,,Ka,,,膠,,Glue.,,,,001_Handbook_of_the_Swatow_Vernacular > Miscellaneous Articles.,135
Chhiū-nîⁿ,,Chhiū-nîⁿ,,,樹泥,,Gutta percha.,,,,001_Handbook_of_the_Swatow_Vernacular > Miscellaneous Articles.,135
Chiéh-ko,,Chiéh-ko,,,石膏,石羔,Gypsum.,,,,001_Handbook_of_the_Swatow_Vernacular > Miscellaneous Articles.,135
Mûaⁿ-phûe,,Mûaⁿ-phûe,,,麻皮,蔴皮,Hemp.,,,,001_Handbook_of_the_Swatow_Vernacular > Miscellaneous Articles.,135
Gû-phûe,,Gû-phûe,,,牛皮,,"Hides, buffalo.",,,,001_Handbook_of_the_Swatow_Vernacular > Miscellaneous Articles.,135
Bít,,Bít,,,蜜,,Honey.,,,,001_Handbook_of_the_Swatow_Vernacular > Miscellaneous Articles.,135
Gû-kak,,Gû-kak,,,牛角,,"Horns, buffalo.",,,,001_Handbook_of_the_Swatow_Vernacular > Miscellaneous Articles.,135
Chheⁿ,,Chheⁿ,,,青,靛,"Indigo, plants.",,,,001_Handbook_of_the_Swatow_Vernacular > Miscellaneous Articles.,135
Tōiⁿ,,Tōiⁿ,,,靛,靛水,„ liquid.,,,,001_Handbook_of_the_Swatow_Vernacular > Miscellaneous Articles.,135
Hṳ̂-ka,,Hṳ̂-ka,,,魚膠,,Isinglass.,,,,001_Handbook_of_the_Swatow_Vernacular > Miscellaneous Articles.,135
Gê,,Gê,,,牙,,Ivory.,,,,001_Handbook_of_the_Swatow_Vernacular > Miscellaneous Articles.,135
Hieⁿ,,Hieⁿ,,,香,,Joss-sticks.,,,,001_Handbook_of_the_Swatow_Vernacular > Miscellaneous Articles.,135
Tshat-khì,,Tshat-khì,,,漆器,,Lacquered ware.,,,,001_Handbook_of_the_Swatow_Vernacular > Miscellaneous Articles.,135
Teng-nâng,,Teng-nâng,,,燈籠,,"Lantern, paper.",,,,001_Handbook_of_the_Swatow_Vernacular > Miscellaneous Articles.,136
Phûe,,Phûe,,,皮,,Leather.,,,,001_Handbook_of_the_Swatow_Vernacular > Miscellaneous Articles.,136
Kam-tsháu,,Kam-tsháu,,,甘草,,Liquorice.,,,,001_Handbook_of_the_Swatow_Vernacular > Miscellaneous Articles.,136
Ô-khak-kiàⁿ,,Ô-khak-kiàⁿ,,,蠔殼鏡,蠔壳鏡,Mother-of-pearl.,,,,001_Handbook_of_the_Swatow_Vernacular > Miscellaneous Articles.,136
Tāu-iû,,Tāu-iû,,,豆油,荳油,"Oil, pea.",,,,001_Handbook_of_the_Swatow_Vernacular > Miscellaneous Articles.,136
Iû-tsúa,,Iû-tsúa,,,油紙,,Oil-paper.,,,,001_Handbook_of_the_Swatow_Vernacular > Miscellaneous Articles.,136
Tsu,,Tsu,,,珠,,Pearl.,,,,001_Handbook_of_the_Swatow_Vernacular > Miscellaneous Articles.,136
Ô-tsu,,Ô-tsu,,,蠔珠,,Pearl.,,,,001_Handbook_of_the_Swatow_Vernacular > Miscellaneous Articles.,136
Pang,,Pang,,,枋,,Planks.,,,,001_Handbook_of_the_Swatow_Vernacular > Miscellaneous Articles.,136
Liū-ngṳ̂n-khì,,Liū-ngṳ̂n-khì,,,鎏銀器,鑲銀器,"Plated ware, silver.",,,,001_Handbook_of_the_Swatow_Vernacular > Miscellaneous Articles.,136
Liū-kim-khì,,Liū-kim-khì,,,鎏金器,鑲金器,„ gold.,,,,001_Handbook_of_the_Swatow_Vernacular > Miscellaneous Articles.,136
Tîn,,Tîn,,,藤,,Rattan.,,,,001_Handbook_of_the_Swatow_Vernacular > Miscellaneous Articles.,136
Tūa-n̂g,,Tūa-n̂g,,,大黃,,Rhubarb.,,,,001_Handbook_of_the_Swatow_Vernacular > Miscellaneous Articles.,136
Húe-súh,,Húe-súh,,,火箭,,Rockets.,,,,001_Handbook_of_the_Swatow_Vernacular > Miscellaneous Articles.,136
Hieⁿ-tshâ,,Hieⁿ-tshâ,,,香柴,,Sandal-wood.,,,,001_Handbook_of_the_Swatow_Vernacular > Miscellaneous Articles.,136
Ièn-tshài,,Ièn-tshài,,,燕菜,,Seaweeds.,,,,001_Handbook_of_the_Swatow_Vernacular > Miscellaneous Articles.,136
Hṳ̂-sít,,Hṳ̂-sít,,,魚翼,魚翅,Shark-fins.,,,,001_Handbook_of_the_Swatow_Vernacular > Miscellaneous Articles.,136
Lô,,Lô,,,螺,,Shells.,,,,001_Handbook_of_the_Swatow_Vernacular > Miscellaneous Articles.,136
Phīⁿ-hun,,Phīⁿ-hun,,,鼻薰,鼻烟,Snuff.,,,,001_Handbook_of_the_Swatow_Vernacular > Miscellaneous Articles.,136
Tsúa-bûe,,Tsúa-bûe,,,紙煤,,Spill.,,,,001_Handbook_of_the_Swatow_Vernacular > Miscellaneous Articles.,136
Péh-thn̂g,,Péh-thn̂g,,,白糖,,"Sugar, white.",,,,001_Handbook_of_the_Swatow_Vernacular > Miscellaneous Articles.,137
Chhiah-thn̂g,,Chhiah-thn̂g,,,赤糖,,„ brown.,,,,001_Handbook_of_the_Swatow_Vernacular > Miscellaneous Articles.,137
Ou-thn̂g,,Ou-thn̂g,,,烏糖,,„ black.,,,,001_Handbook_of_the_Swatow_Vernacular > Miscellaneous Articles.,137
Iû,,Iû,,,油,,Tallow.,,,,001_Handbook_of_the_Swatow_Vernacular > Miscellaneous Articles.,137
Tūa-tshâ,,Tūa-tshâ,,,大柴,,Timber.,,,,001_Handbook_of_the_Swatow_Vernacular > Miscellaneous Articles.,137
Sam,,Sam,,,杉,,„ light.,,,,001_Handbook_of_the_Swatow_Vernacular > Miscellaneous Articles.,137
Phûe-sieⁿ,,Phûe-sieⁿ,,,皮箱,,"Trunks, leather.",,,,001_Handbook_of_the_Swatow_Vernacular > Miscellaneous Articles.,137
Tshài-póu,,Tshài-póu,,,菜脯,,"Turnips, salted.",,,,001_Handbook_of_the_Swatow_Vernacular > Miscellaneous Articles.,137
Soh-kiáⁿ,,Soh-kiáⁿ,,,索囝,索子,Twine.,,,,001_Handbook_of_the_Swatow_Vernacular > Miscellaneous Articles.,137
Ngṳ̂n-tsu,,Ngṳ̂n-tsu,,,銀硃,,Vermilion.,,,,001_Handbook_of_the_Swatow_Vernacular > Miscellaneous Articles.,137
N̂g-láh,,N̂g-láh,,,黃蜡,,"Wax, bees, yellow.",,,,001_Handbook_of_the_Swatow_Vernacular > Miscellaneous Articles.,137
Péh-láh,,Péh-láh,,,白蜡,,"„ insect, white.",,,,001_Handbook_of_the_Swatow_Vernacular > Miscellaneous Articles.,137
Iêⁿ-môⁿ,,Iêⁿ-môⁿ,,,羊毛,,Wool.,,,,001_Handbook_of_the_Swatow_Vernacular > Miscellaneous Articles.,137
Phàⁿ-tshâ,,Phàⁿ-tshâ,,,冇柴,,"Wood, light.",,,,001_Handbook_of_the_Swatow_Vernacular > Miscellaneous Articles.,137
Tōiⁿ-tshâ,,Tōiⁿ-tshâ,,,𠕆柴,,„ hard.,,,,001_Handbook_of_the_Swatow_Vernacular > Miscellaneous Articles.,137
Kṳ̀,,Kṳ̀,,,鋸,,A saw.,,,,001_Handbook_of_the_Swatow_Vernacular > Carpentry.,137
Thiu,,Thiu,,,抽,,A plane.,,,,001_Handbook_of_the_Swatow_Vernacular > Carpentry.,137
Tshák-kiáⁿ,,Tshák-kiáⁿ,,,鑿囝,鑿仔,A chisel.,,,,001_Handbook_of_the_Swatow_Vernacular > Carpentry.,138
Tsǹg-kiáⁿ,,Tsǹg-kiáⁿ,,,鑽囝,鑽仔,An awl.,,,,001_Handbook_of_the_Swatow_Vernacular > Carpentry.,138
Tshò,,Tshò,,,銼,挫,A file.,,,,001_Handbook_of_the_Swatow_Vernacular > Carpentry.,138
Póu-thâu,,Póu-thâu,,,斧頭,,An axe.,,,,001_Handbook_of_the_Swatow_Vernacular > Carpentry.,138
Thih-teng,,Thih-teng,,,鐵釘,,A nail.,,,,001_Handbook_of_the_Swatow_Vernacular > Carpentry.,138
Lô-si-teng,,Lô-si-teng,,,羅絲釘,,A screw.,,,,001_Handbook_of_the_Swatow_Vernacular > Carpentry.,138
Lô-si-zuán,,Lô-si-zuán,,,羅絲轉,羅絲鑽,A screw.,,,,001_Handbook_of_the_Swatow_Vernacular > Carpentry.,138
Teng-kã,,Teng-kã,,,釘鉸,釘咬,Nippers.,,,,001_Handbook_of_the_Swatow_Vernacular > Carpentry.,138
Hiáp-tiáp,,Hiáp-tiáp,,,葉鍱,蛺蝶,A hinge.,,,,001_Handbook_of_the_Swatow_Vernacular > Carpentry.,138
Péh-iû,,Péh-iû,,,白油,,White paint.,,,,001_Handbook_of_the_Swatow_Vernacular > Carpentry.,138
Ou-iû,,Ou-iû,,,烏油,,Tar.,,,,001_Handbook_of_the_Swatow_Vernacular > Carpentry.,138
Thâng-iû,,Thâng-iû,,,桐油,,China varnish.,,,,001_Handbook_of_the_Swatow_Vernacular > Carpentry.,138
Tshat,,Tshat,,,漆,,Varnish or crude lacquer.,,,,001_Handbook_of_the_Swatow_Vernacular > Carpentry.,138
Iû-sueh,,Iû-sueh,,,油刷,,A paint-brush.,,,,001_Handbook_of_the_Swatow_Vernacular > Carpentry.,138
Iû,,Iû,,,油,,To paint.,,,,001_Handbook_of_the_Swatow_Vernacular > Carpentry.,138
Tshat,,Tshat,,,漆,,To varnish.,,,,001_Handbook_of_the_Swatow_Vernacular > Carpentry.,138
Tsam,,Tsam,,,針,,A needle.,,,,001_Handbook_of_the_Swatow_Vernacular > Tailoring.,138
Sùaⁿ,,Sùaⁿ,,,線,,Thread.,,,,001_Handbook_of_the_Swatow_Vernacular > Tailoring.,138
Si-sùaⁿ,,Si-sùaⁿ,,,絲線,,Silk thread.,,,,001_Handbook_of_the_Swatow_Vernacular > Tailoring.,139
Tâng-tsóiⁿ,,Tâng-tsóiⁿ,,,銅指,,A thimble.,,,,001_Handbook_of_the_Swatow_Vernacular > Tailoring.,139
Ka-to,,Ka-to,,,鉸刀,剪刀,Scissors.,,,,001_Handbook_of_the_Swatow_Vernacular > Tailoring.,139
Thīⁿ-saⁿ iéh-kúi,,Thīⁿ-saⁿ iéh-kúi,,,縫衫藥鬼,,A sewing machine.,,,,001_Handbook_of_the_Swatow_Vernacular > Tailoring.,139
Chhieh,,Chhieh,,,尺,,A measure.,,,,001_Handbook_of_the_Swatow_Vernacular > Tailoring.,139
Pòu-chhieh,,Pòu-chhieh,,,布尺,,"A tape-line, or cloth measure.",,,,001_Handbook_of_the_Swatow_Vernacular > Tailoring.,139
Thīⁿ,,Thīⁿ,,,縫,,To sew.,,,,001_Handbook_of_the_Swatow_Vernacular > Tailoring.,139
Nn̂g,,Nn̂g,,,䌜,𦂧,To stitch.,,,,001_Handbook_of_the_Swatow_Vernacular > Tailoring.,139
Chih-tsūe,,Chih-tsūe,,,摺襊,摺痕,To them.,,,,001_Handbook_of_the_Swatow_Vernacular > Tailoring.,139
Ka,,Ka,,,鉸,剪,To cut with scissors.,,,,001_Handbook_of_the_Swatow_Vernacular > Tailoring.,139
Tsò-saⁿ-khòu,,Tsò-saⁿ-khòu,,,做衫褲,,To make clothes.,,,,001_Handbook_of_the_Swatow_Vernacular > Tailoring.,139
Ka-saⁿ-khòu,,Ka-saⁿ-khòu,,,鉸衫褲,剪衫褲,To cut out a dress.,,,,001_Handbook_of_the_Swatow_Vernacular > Tailoring.,139
Koih,,Koih,,,夾,裡,Lining.,,,,001_Handbook_of_the_Swatow_Vernacular > Tailoring.,139
Kún,,Kún,,,緄,綑,To braid.,,,,001_Handbook_of_the_Swatow_Vernacular > Tailoring.,139
Póu,,Póu,,,補,,To patch.,,,,001_Handbook_of_the_Swatow_Vernacular > Tailoring.,139
Khah-kín,,Khah-kín,,,較緊,太緊,Too tight.,,,,001_Handbook_of_the_Swatow_Vernacular > Tailoring.,139
Khah-oíh,,Khah-oíh,,,較狹,太狹,Too narrow.,,,,001_Handbook_of_the_Swatow_Vernacular > Tailoring.,139
Khah-khuah,,Khah-khuah,,,較闊,太闊,Too loose.,,,,001_Handbook_of_the_Swatow_Vernacular > Tailoring.,139
Siòu,,Siòu,,,數,,An account.,,,,001_Handbook_of_the_Swatow_Vernacular > Accounts.,140
Siòu-bák,,Siòu-bák,,,數目,,An account.,,,,001_Handbook_of_the_Swatow_Vernacular > Accounts.,140
Siòu-phõu,,Siòu-phõu,,,數簿,,An account book.,,,,001_Handbook_of_the_Swatow_Vernacular > Accounts.,140
Jít-tók,,Jít-tók,,,日逐,,A rough-day book.,,,,001_Handbook_of_the_Swatow_Vernacular > Accounts.,140
Jít-chheng,,Jít-chheng,,,日清,,A day-book.,,,,001_Handbook_of_the_Swatow_Vernacular > Accounts.,140
Tsóng-phõu,,Tsóng-phõu,,,總簿,,A ledger.,,,,001_Handbook_of_the_Swatow_Vernacular > Accounts.,140
Lâi-uáng,,Lâi-uáng,,,來往,,A ledger.,,,,001_Handbook_of_the_Swatow_Vernacular > Accounts.,140
Kui-nguân,,Kui-nguân,,,歸原,,A stock ledger.,,,,001_Handbook_of_the_Swatow_Vernacular > Accounts.,140
Sǹg,,Sǹg,,,算,,To count.,,,,001_Handbook_of_the_Swatow_Vernacular > Accounts.,140
Sǹg-siòu,,Sǹg-siòu,,,算數,,To make up accounts.,,,,001_Handbook_of_the_Swatow_Vernacular > Accounts.,140
Siu-siòu,,Siu-siòu,,,收數,,To collect accounts.,,,,001_Handbook_of_the_Swatow_Vernacular > Accounts.,140
Ap-siòu,,Ap-siòu,,,押數,,To balance accounts between two persons.,,,,001_Handbook_of_the_Swatow_Vernacular > Accounts.,140
Mīn-hũe,,Mīn-hũe,,,面會,,To meet together (so as to see if the accounts of each other correspond.),,,,001_Handbook_of_the_Swatow_Vernacular > Accounts.,140
Khou-siòu,,Khou-siòu,,,鬮數,,Closed accounts.,,,,001_Handbook_of_the_Swatow_Vernacular > Accounts.,140
Siòu uân,,Siòu uân,,,數完,,Accounts paid up.,,,,001_Handbook_of_the_Swatow_Vernacular > Accounts.,140
Siòu hôiⁿ-chheng,,Siòu hôiⁿ-chheng,,,數還清,,Accounts paid up.,,,,001_Handbook_of_the_Swatow_Vernacular > Accounts.,140
Kòi-kāng,,Kòi-kāng,,,計共,,Amount.,,,,001_Handbook_of_the_Swatow_Vernacular > Accounts.,140
Lâi-ngṳ̂n,,Lâi-ngṳ̂n,,,來銀,,Received to account.,,,,001_Handbook_of_the_Swatow_Vernacular > Accounts.,140
Tí-tṳ̂-aũ kat-khiàm,,Tí-tṳ̂-aũ kat-khiàm,,,抵除後結欠,,Balance due.,,,,001_Handbook_of_the_Swatow_Vernacular > Accounts.,141
Kì-siòu,,Kì-siòu,,,記數,,To enter in account.,,,,001_Handbook_of_the_Swatow_Vernacular > Accounts.,141
Chiẽⁿ-siòu,,Chiẽⁿ-siòu,,,上數,,To enter in account.,,,,001_Handbook_of_the_Swatow_Vernacular > Accounts.,141
Pûaⁿ-siòu,,Pûaⁿ-siòu,,,盤數,,To transfer account.,,,,001_Handbook_of_the_Swatow_Vernacular > Accounts.,141
Tuaⁿ,,Tuaⁿ,,,單,,A bill.,,,,001_Handbook_of_the_Swatow_Vernacular > Accounts.,141
Khui-tuaⁿ,,Khui-tuaⁿ,,,開單,,To make out an account.,,,,001_Handbook_of_the_Swatow_Vernacular > Accounts.,141
Siu-tuaⁿ,,Siu-tuaⁿ,,,收單,,A receipt.,,,,001_Handbook_of_the_Swatow_Vernacular > Accounts.,141
Uéh-hue-hō,,Uéh-hue-hō,,,劃花號,畫花號,To sign.,,,,001_Handbook_of_the_Swatow_Vernacular > Accounts.,141
Chhiam-miâⁿ,,Chhiam-miâⁿ,,,簽名,,To sign.,,,,001_Handbook_of_the_Swatow_Vernacular > Accounts.,141
Ìn,,Ìn,,,印,,A seal.,,,,001_Handbook_of_the_Swatow_Vernacular > Accounts.,141
Ìn-sek,,Ìn-sek,,,印色,,Cotton waste soaked with red colour to stamp with.,,,,001_Handbook_of_the_Swatow_Vernacular > Accounts.,141
Khap-ìn,,Khap-ìn,,,蓋印,盖印,To seal.,,,,001_Handbook_of_the_Swatow_Vernacular > Accounts.,141
Tshau,,Tshau,,,抄,,To copy.,,,,001_Handbook_of_the_Swatow_Vernacular > Accounts.,141
Tùi,,Tùi,,,對,,"To make reference, tas to a book or bill.",,,,001_Handbook_of_the_Swatow_Vernacular > Accounts.,141
Jít-chí,,Jít-chí,,,日子,,Dates.,,,,001_Handbook_of_the_Swatow_Vernacular > Accounts.,141
Sǹg-pûaⁿ,,Sǹg-pûaⁿ,,,算盤,,Abacus.,,,,001_Handbook_of_the_Swatow_Vernacular > Accounts.,141
Khà-sǹg-pûaⁿ,,Khà-sǹg-pûaⁿ,,,扣算盤,,To reckon on the abacus.,,,,001_Handbook_of_the_Swatow_Vernacular > Accounts.,141
Kiah-sǹg-pûaⁿ,,Kiah-sǹg-pûaⁿ,,,揭算盤,籜算盤,To reckon on the abacus.,,,,001_Handbook_of_the_Swatow_Vernacular > Accounts.,141
Sǹg-bûa,,Sǹg-bûa,,,算埋,算總,To add.,,,,001_Handbook_of_the_Swatow_Vernacular > Accounts.,141
Tṳ̂,,Tṳ̂,,,除,,To subtract.,,,,001_Handbook_of_the_Swatow_Vernacular > Accounts.,141
Sêng,,Sêng,,,乘,,To multiply.,,,,001_Handbook_of_the_Swatow_Vernacular > Accounts.,142
Pun,,Pun,,,分,,To divide.,,,,001_Handbook_of_the_Swatow_Vernacular > Accounts.,142
Tshâi-hù,,Tshâi-hù,,,財副,,A clerk.,,,,001_Handbook_of_the_Swatow_Vernacular > Accounts.,142
Tūa-tshâi-hù,,Tūa-tshâi-hù,,,大財副,,A chief clerk.,,,,001_Handbook_of_the_Swatow_Vernacular > Accounts.,142
Chiáng-kūiⁿ,,Chiáng-kūiⁿ,,,掌櫃,,A cashier.,,,,001_Handbook_of_the_Swatow_Vernacular > Accounts.,142
Siu-siòu,,Siu-siòu,,,收數,,A bill-collector.,,,,001_Handbook_of_the_Swatow_Vernacular > Accounts.,142
Hó-thàn,,Hó-thàn,,,好趁,好贃,Advantageous,,,,001_Handbook_of_the_Swatow_Vernacular > Monetary.,142
Sṳ-niêⁿ-sêng,,Sṳ-niêⁿ-sêng,,,思量成,,"Agree, on a price",,,,001_Handbook_of_the_Swatow_Vernacular > Monetary.,142
Ngṳ̂n-hâng,,Ngṳ̂n-hâng,,,銀行,,"Bank, a",,,,001_Handbook_of_the_Swatow_Vernacular > Monetary.,142
Tsúa-jī,,Tsúa-jī,,,紙字,,"Banknote, a",,,,001_Handbook_of_the_Swatow_Vernacular > Monetary.,142
Tó-tièⁿ,,Tó-tièⁿ,,,倒賬,,Bankrupt,,,,001_Handbook_of_the_Swatow_Vernacular > Monetary.,142
Kè-chîⁿ tàⁿ-tiāⁿ-tiéh,,Kè-chîⁿ tàⁿ-tiāⁿ-tiéh,,,價錢呾定着,價錢言定着,"Bargain, to make a",,,,001_Handbook_of_the_Swatow_Vernacular > Monetary.,142
Chieh,,Chieh,,,借,,"Borrow, to",,,,001_Handbook_of_the_Swatow_Vernacular > Monetary.,142
Pńg-chîⁿ,,Pńg-chîⁿ,,,本錢,,Capital,,,,001_Handbook_of_the_Swatow_Vernacular > Monetary.,142
Chîⁿ,,Chîⁿ,,,錢,,Cash,,,,001_Handbook_of_the_Swatow_Vernacular > Monetary.,142
Hiēn-chîⁿ,,Hiēn-chîⁿ,,,現錢,,"Cash, ready",,,,001_Handbook_of_the_Swatow_Vernacular > Monetary.,142
Táu,,Táu,,,倒,找,"Change, money",,,,001_Handbook_of_the_Swatow_Vernacular > Monetary.,142
Phiⁿ,,Phiⁿ,,,便,偏,Cheap,,,,001_Handbook_of_the_Swatow_Vernacular > Monetary.,142
Thiu-hun,,Thiu-hun,,,抽分,,Commission,,,,001_Handbook_of_the_Swatow_Vernacular > Monetary.,143
Pûe,,Pûe,,,賠,,Compensate,,,,001_Handbook_of_the_Swatow_Vernacular > Monetary.,143
Tát-chîⁿ,,Tát-chîⁿ,,,值錢,値錢,Costly,,,,001_Handbook_of_the_Swatow_Vernacular > Monetary.,143
Chhia,,Chhia,,,賒,,"Credit, give",,,,001_Handbook_of_the_Swatow_Vernacular > Monetary.,143
Chè-tsú,,Chè-tsú,,,債主,,Creditor,,,,001_Handbook_of_the_Swatow_Vernacular > Monetary.,143
Kùi,,Kùi,,,貴,,Dear,,,,001_Handbook_of_the_Swatow_Vernacular > Monetary.,143
Chè,,Chè,,,債,,Debt,,,,001_Handbook_of_the_Swatow_Vernacular > Monetary.,143
Khiàm-nâng-kâi-chîⁿ,,Khiàm-nâng-kâi-chîⁿ,,,欠人[訓]个錢,欠人[訓]個錢,"Debt, in",,,,001_Handbook_of_the_Swatow_Vernacular > Monetary.,143
Tṳ̂,,Tṳ̂,,,除,,Deduct,,,,001_Handbook_of_the_Swatow_Vernacular > Monetary.,143
Tshut-só-hùi,,Tshut-só-hùi,,,出所費,出使費,Defray,,,,001_Handbook_of_the_Swatow_Vernacular > Monetary.,143
Tah,,Tah,,,搭,,"Deposit, entrust",,,,001_Handbook_of_the_Swatow_Vernacular > Monetary.,143
Thiu-kiám,,Thiu-kiám,,,抽減,,"Discount, to",,,,001_Handbook_of_the_Swatow_Vernacular > Monetary.,143
Ngṳ̂n,,Ngṳ̂n,,,銀,,"Dollar, silver",,,,001_Handbook_of_the_Swatow_Vernacular > Monetary.,143
Ngṳ̂n-tuaⁿ,,Ngṳ̂n-tuaⁿ,,,銀單,,"Draft, a",,,,001_Handbook_of_the_Swatow_Vernacular > Monetary.,143
tùi-tuaⁿ,,tùi-tuaⁿ,,,對單,,"Draft, a",,,,001_Handbook_of_the_Swatow_Vernacular > Monetary.,143
Tshui-pek,,Tshui-pek,,,催迫,,"Dun, to",,,,001_Handbook_of_the_Swatow_Vernacular > Monetary.,143
Tiāⁿ-ngṳ̂n,,Tiāⁿ-ngṳ̂n,,,定銀,,Earnest money,,,,001_Handbook_of_the_Swatow_Vernacular > Monetary.,143
Sái,,Sái,,,使,,"Expend, to",,,,001_Handbook_of_the_Swatow_Vernacular > Monetary.,143
Só-hùi,,Só-hùi,,,所費,使費,Expenditure,,,,001_Handbook_of_the_Swatow_Vernacular > Monetary.,143
Pau-niáⁿ,,Pau-niáⁿ,,,包領,保領,"Guarantee, to",,,,001_Handbook_of_the_Swatow_Vernacular > Monetary.,143
Hãng,,Hãng,,,項,,Instalments,,,,001_Handbook_of_the_Swatow_Vernacular > Monetary.,143
tshṳ̀,,tshṳ̀,,,次,,Instalments,,,,001_Handbook_of_the_Swatow_Vernacular > Monetary.,143
Pó-ke,,Pó-ke,,,保家,,"Insure, to",,,,001_Handbook_of_the_Swatow_Vernacular > Monetary.,144
Pó-ke-jī,,Pó-ke-jī,,,保家字,,Insurance policy,,,,001_Handbook_of_the_Swatow_Vernacular > Monetary.,144
Pó-ke-kuán,,Pó-ke-kuán,,,保家館,,Insurance office,,,,001_Handbook_of_the_Swatow_Vernacular > Monetary.,144
Lāi-chîⁿ,,Lāi-chîⁿ,,,利錢,,Interest,,,,001_Handbook_of_the_Swatow_Vernacular > Monetary.,144
Lóh-pńg,,Lóh-pńg,,,落本,,"Invest, to",,,,001_Handbook_of_the_Swatow_Vernacular > Monetary.,144
Chieh,,Chieh,,,借,,"Lend, to",,,,001_Handbook_of_the_Swatow_Vernacular > Monetary.,144
Síh-pńg,,Síh-pńg,,,蝕本,缺本,"Loss, in commerce",,,,001_Handbook_of_the_Swatow_Vernacular > Monetary.,144
Chîⁿ,,Chîⁿ,,,錢,,Money,,,,001_Handbook_of_the_Swatow_Vernacular > Monetary.,144
chîⁿ-ngṳ̂n,,chîⁿ-ngṳ̂n,,,錢銀,,Money,,,,001_Handbook_of_the_Swatow_Vernacular > Monetary.,144
Táu-chîⁿ-hâng,,Táu-chîⁿ-hâng,,,倒錢行,找錢行,"Money, changer",,,,001_Handbook_of_the_Swatow_Vernacular > Monetary.,144
táu-toh-kūiⁿ,,táu-toh-kūiⁿ,,,倒桌櫃,找棹櫃,"Money, changer",,,,001_Handbook_of_the_Swatow_Vernacular > Monetary.,144
Pàng-seⁿ-chè,,Pàng-seⁿ-chè,,,放生債,,"Money, lender",,,,001_Handbook_of_the_Swatow_Vernacular > Monetary.,144
pàng-seⁿ-siòu,,pàng-seⁿ-siòu,,,放生數,,"Money, lender",,,,001_Handbook_of_the_Swatow_Vernacular > Monetary.,144
Tǹg,,Tǹg,,,當,,"Mortgage, to",,,,001_Handbook_of_the_Swatow_Vernacular > Monetary.,144
tóiⁿ,,tóiⁿ,,,典,,"Mortgage, to",,,,001_Handbook_of_the_Swatow_Vernacular > Monetary.,144
Tóiⁿ-khòi,,Tóiⁿ-khòi,,,典契,,"Mortgage, deed",,,,001_Handbook_of_the_Swatow_Vernacular > Monetary.,144
Tóiⁿ-tsú,,Tóiⁿ-tsú,,,典主,,Mortgagor,,,,001_Handbook_of_the_Swatow_Vernacular > Monetary.,144
Tói-tsṳ́,,Tói-tsṳ́,,,底子,,"Mortgagor, original",,,,001_Handbook_of_the_Swatow_Vernacular > Monetary.,144
Tǹg-tsú,,Tǹg-tsú,,,當主,,Mortgagee,,,,001_Handbook_of_the_Swatow_Vernacular > Monetary.,144
Khiàm,,Khiàm,,,欠,,Owe,,,,001_Handbook_of_the_Swatow_Vernacular > Monetary.,144
Bô-thua-khiàm,,Bô-thua-khiàm,,,無拖欠,,"Payment, punctual",,,,001_Handbook_of_the_Swatow_Vernacular > Monetary.,144
Kùe-hãn,,Kùe-hãn,,,過限,,"Payment, non-punctual, (at time specified)",,,,001_Handbook_of_the_Swatow_Vernacular > Monetary.,144
Ngṳ̂n-tsúi,,Ngṳ̂n-tsúi,,,銀水,,Premium,,,,001_Handbook_of_the_Swatow_Vernacular > Monetary.,145
Kè-chîⁿ,,Kè-chîⁿ,,,價錢,,Price,,,,001_Handbook_of_the_Swatow_Vernacular > Monetary.,145
Hâng-chhêng,,Hâng-chhêng,,,行情,行⿰忄靑,"Price, current",,,,001_Handbook_of_the_Swatow_Vernacular > Monetary.,145
Phêng-kè,,Phêng-kè,,,平價,,"Price, fair",,,,001_Handbook_of_the_Swatow_Vernacular > Monetary.,145
Lóh-kè,,Lóh-kè,,,落價,,"Price, fall in",,,,001_Handbook_of_the_Swatow_Vernacular > Monetary.,145
Hó-kè,,Hó-kè,,,好價,,"Price, rise in",,,,001_Handbook_of_the_Swatow_Vernacular > Monetary.,145
khí-kè,,khí-kè,,,起價,,"Price, rise in",,,,001_Handbook_of_the_Swatow_Vernacular > Monetary.,145
Nguân-kè,,Nguân-kè,,,原價,,Prime cost,,,,001_Handbook_of_the_Swatow_Vernacular > Monetary.,145
Thàn,,Thàn,,,趁,贃,Profit,,,,001_Handbook_of_the_Swatow_Vernacular > Monetary.,145
tit-lĩ,,tit-lĩ,,,得利,,Profit,,,,001_Handbook_of_the_Swatow_Vernacular > Monetary.,145
Hôiⁿ,,Hôiⁿ,,,還,,"Refund, to",,,,001_Handbook_of_the_Swatow_Vernacular > Monetary.,145
Sùe,,Sùe,,,稅,,Rent,,,,001_Handbook_of_the_Swatow_Vernacular > Monetary.,145
Thih-kap-buān,,Thih-kap-buān,,,鐵甲萬,,"Safe, an iron",,,,001_Handbook_of_the_Swatow_Vernacular > Monetary.,145
Pó-niáⁿ,,Pó-niáⁿ,,,保領,,"Security, to stand",,,,001_Handbook_of_the_Swatow_Vernacular > Monetary.,145
tam-sêng,,tam-sêng,,,擔承,担承,"Security, to stand",,,,001_Handbook_of_the_Swatow_Vernacular > Monetary.,145
Khòu-pâng,,Khòu-pâng,,,庫房,,Treasury,,,,001_Handbook_of_the_Swatow_Vernacular > Monetary.,145
Tãng-lāi,,Tãng-lāi,,,重利,,Usury,,,,001_Handbook_of_the_Swatow_Vernacular > Monetary.,145
guéh-kiáⁿ,,guéh-kiáⁿ,,,月囝,月仔,Usury,,,,001_Handbook_of_the_Swatow_Vernacular > Monetary.,145
Kùi-khì,,Kùi-khì,,,貴器,,Valuable,,,,001_Handbook_of_the_Swatow_Vernacular > Monetary.,145
tát-chîⁿ,,tát-chîⁿ,,,值錢,値錢,Valuable,,,,001_Handbook_of_the_Swatow_Vernacular > Monetary.,145
Tát,,Tát,,,值,値,"Worth, to be",,,,001_Handbook_of_the_Swatow_Vernacular > Monetary.,145
Tshut-jī-péh,,Tshut-jī-péh,,,出字白,,"Advertise, to",,,,001_Handbook_of_the_Swatow_Vernacular > A List of words used in Commerce.,145
Háp-tâng,,Háp-tâng,,,合同,,"Agreement, an",,,,001_Handbook_of_the_Swatow_Vernacular > A List of words used in Commerce.,145
Tsò-háp-tâng,,Tsò-háp-tâng,,,做合同,,"Agreement, make an",,,,001_Handbook_of_the_Swatow_Vernacular > A List of words used in Commerce.,146
háp-ieh,,háp-ieh,,,合約,,"Agreement, make an",,,,001_Handbook_of_the_Swatow_Vernacular > A List of words used in Commerce.,146
Kong-chhin,,Kong-chhin,,,公親,,"Arbitrator, an",,,,001_Handbook_of_the_Swatow_Vernacular > A List of words used in Commerce.,146
Tsò-kong-chhin,,Tsò-kong-chhin,,,做公親,,"Arbitrate, to",,,,001_Handbook_of_the_Swatow_Vernacular > A List of words used in Commerce.,146
Jĩ-chhiú,,Jĩ-chhiú,,,二手,次手,"Assistant, an",,,,001_Handbook_of_the_Swatow_Vernacular > A List of words used in Commerce.,146
Khà-lōi-long,,Khà-lōi-long,,,扣黎郎(按：源自馬來語 lelong),扣黎郞,Auction,,,,001_Handbook_of_the_Swatow_Vernacular > A List of words used in Commerce.,146
Khún,,Khún,,,綑,,"Bale, a",,,,001_Handbook_of_the_Swatow_Vernacular > A List of words used in Commerce.,146
Hùe uāⁿ hùe,,Hùe uāⁿ hùe,,,貨換貨,,"Barter, to",,,,001_Handbook_of_the_Swatow_Vernacular > A List of words used in Commerce.,146
Nám-tsāi-jī,,Nám-tsāi-jī,,,攬儎字,,Bill of lading,,,,001_Handbook_of_the_Swatow_Vernacular > A List of words used in Commerce.,146
Phah-khang,,Phah-khang,,,拍空,打空,"Broker, a",,,,001_Handbook_of_the_Swatow_Vernacular > A List of words used in Commerce.,146
Pau,,Pau,,,包,,"Bundle, a",,,,001_Handbook_of_the_Swatow_Vernacular > A List of words used in Commerce.,146
Sṳ̄,,Sṳ̄,,,事,,Business,,,,001_Handbook_of_the_Swatow_Vernacular > A List of words used in Commerce.,146
seng-lí,,seng-lí,,,生理,,Business,,,,001_Handbook_of_the_Swatow_Vernacular > A List of words used in Commerce.,146
M̄-ôiⁿ,,M̄-ôiⁿ,,,毋閒,不暇,Busy,,,,001_Handbook_of_the_Swatow_Vernacular > A List of words used in Commerce.,146
sṳ̄ tsōi,,sṳ̄ tsōi,,,事㩼,事多,Busy,,,,001_Handbook_of_the_Swatow_Vernacular > A List of words used in Commerce.,146
Hùe,,Hùe,,,貨,,Cargo,,,,001_Handbook_of_the_Swatow_Vernacular > A List of words used in Commerce.,146
Tháng,,Tháng,,,桶,,"Cask, a",,,,001_Handbook_of_the_Swatow_Vernacular > A List of words used in Commerce.,146
Phêng-tuaⁿ,,Phêng-tuaⁿ,,,憑單,,"Certificate, a",,,,001_Handbook_of_the_Swatow_Vernacular > A List of words used in Commerce.,146
Pák-tsûn,,Pák-tsûn,,,縛船,,Charter a ship,,,,001_Handbook_of_the_Swatow_Vernacular > A List of words used in Commerce.,146
Pák-tsûn kâi-jī,,Pák-tsûn kâi-jī,,,縛船个字,縛船之字,Charter bond,,,,001_Handbook_of_the_Swatow_Vernacular > A List of words used in Commerce.,146
Tshuah,,Tshuah,,,掇,,"Cheat, in commerce",,,,001_Handbook_of_the_Swatow_Vernacular > A List of words used in Commerce.,146
Sieⁿ,,Sieⁿ,,,箱,,"Chest, a",,,,001_Handbook_of_the_Swatow_Vernacular > A List of words used in Commerce.,146
Jī-hō,,Jī-hō,,,字號,,"Chop, a",,,,001_Handbook_of_the_Swatow_Vernacular > A List of words used in Commerce.,146
Seng-lí,,Seng-lí,,,生理,,Commerce,,,,001_Handbook_of_the_Swatow_Vernacular > A List of words used in Commerce.,147
Sùe-bũ-si,,Sùe-bũ-si,,,稅務司,,Commissioner of Customs,,,,001_Handbook_of_the_Swatow_Vernacular > A List of words used in Commerce.,147
Hùe,,Hùe,,,貨,,Commodity,,,,001_Handbook_of_the_Swatow_Vernacular > A List of words used in Commerce.,147
Kàu-tshái-kuán,,Kàu-tshái-kuán,,,購採館,高菜館,Compradore,,,,001_Handbook_of_the_Swatow_Vernacular > A List of words used in Commerce.,147
Tshong-kong,,Tshong-kong,,,充公,,"Confiscate, to",,,,001_Handbook_of_the_Swatow_Vernacular > A List of words used in Commerce.,147
Tsûn kua hâng,,Tsûn kua hâng,,,船倚行,,Consign a vessel,,,,001_Handbook_of_the_Swatow_Vernacular > A List of words used in Commerce.,147
Háp-táng,,Háp-táng,,,合同,,Contract,,,,001_Handbook_of_the_Swatow_Vernacular > A List of words used in Commerce.,147
Phoi-sìn,,Phoi-sìn,,,批信,,Correspondence,,,,001_Handbook_of_the_Swatow_Vernacular > A List of words used in Commerce.,147
Tshoiⁿ lí-bé,,Tshoiⁿ lí-bé,,,千里馬,,Courier,,,,001_Handbook_of_the_Swatow_Vernacular > A List of words used in Commerce.,147
tsáu-bûn-tsṳ,,tsáu-bûn-tsṳ,,,走文書,,Courier,,,,001_Handbook_of_the_Swatow_Vernacular > A List of words used in Commerce.,147
Bói-kheh,,Bói-kheh,,,買客,,Customer,,,,001_Handbook_of_the_Swatow_Vernacular > A List of words used in Commerce.,147
kau-kuan--kâi-nâng,,kau-kuan--kâi-nâng,,,交關个人[訓],交易之人[訓],Customer,,,,001_Handbook_of_the_Swatow_Vernacular > A List of words used in Commerce.,147
Tshuah,,Tshuah,,,掇,,Defraud,,,,001_Handbook_of_the_Swatow_Vernacular > A List of words used in Commerce.,147
Thiap-kùe-hãn kâi-ngṳ̂n,,Thiap-kùe-hãn kâi-ngṳ̂n,,,貼過限个銀,貼過限個銀,Demurrage,,,,001_Handbook_of_the_Swatow_Vernacular > A List of words used in Commerce.,147
Thiah-húe-kì,,Thiah-húe-kì,,,拆夥記,,Dissolve partnership,,,,001_Handbook_of_the_Swatow_Vernacular > A List of words used in Commerce.,147
Hiàng,,Hiàng,,,餉,,"Duty, (Customs,)",,,,001_Handbook_of_the_Swatow_Vernacular > A List of words used in Commerce.,147
Khieh-hiàng,,Khieh-hiàng,,,挈餉,携餉,"Duty, to collect",,,,001_Handbook_of_the_Swatow_Vernacular > A List of words used in Commerce.,147
Láp-hiàng,,Láp-hiàng,,,納餉,,"Duty, to pay",,,,001_Handbook_of_the_Swatow_Vernacular > A List of words used in Commerce.,147
Tsáu-hiàng,,Tsáu-hiàng,,,走餉,,"Duty, to avoid",,,,001_Handbook_of_the_Swatow_Vernacular > A List of words used in Commerce.,147
Thâu-lōu,,Thâu-lōu,,,頭路,,Employment,,,,001_Handbook_of_the_Swatow_Vernacular > A List of words used in Commerce.,148
sṳ̄,,sṳ̄,,,事,,Employment,,,,001_Handbook_of_the_Swatow_Vernacular > A List of words used in Commerce.,148
Súaⁿ-ngiáp,,Súaⁿ-ngiáp,,,產業,,"Estate, (lands and houses,)",,,,001_Handbook_of_the_Swatow_Vernacular > A List of words used in Commerce.,148
Ke-húe,,Ke-húe,,,家伙,,"Estate, (properties of all kinds,)",,,,001_Handbook_of_the_Swatow_Vernacular > A List of words used in Commerce.,148
Kóu-kè,,Kóu-kè,,,估價,,"Estimate, to",,,,001_Handbook_of_the_Swatow_Vernacular > A List of words used in Commerce.,148
pān,,pān,,,酌,,"Estimate, to",,,,001_Handbook_of_the_Swatow_Vernacular > A List of words used in Commerce.,148
Chhê-thóiⁿ,,Chhê-thóiⁿ,,,查睇,查看,"Examine, to",,,,001_Handbook_of_the_Swatow_Vernacular > A List of words used in Commerce.,148
Pái,,Pái,,,擺,,"Exhibit, to, (goods,)",,,,001_Handbook_of_the_Swatow_Vernacular > A List of words used in Commerce.,148
Kùi-tsãi,,Kùi-tsãi,,,貴在,盡貴,Exorbitant price,,,,001_Handbook_of_the_Swatow_Vernacular > A List of words used in Commerce.,148
Tshut-kháu-hùe,,Tshut-kháu-hùe,,,出口貨,,Exports,,,,001_Handbook_of_the_Swatow_Vernacular > A List of words used in Commerce.,148
Pák,,Pák,,,縛,,"Farm, to",,,,001_Handbook_of_the_Swatow_Vernacular > A List of words used in Commerce.,148
Tsàn-pâng,,Tsàn-pâng,,,棧房,,"Godown, a",,,,001_Handbook_of_the_Swatow_Vernacular > A List of words used in Commerce.,148
Kòu,,Kòu,,,雇,,"Hire, to",,,,001_Handbook_of_the_Swatow_Vernacular > A List of words used in Commerce.,148
Hâng,,Hâng,,,行,,"Hong, a",,,,001_Handbook_of_the_Swatow_Vernacular > A List of words used in Commerce.,148
Tshù-sùe,,Tshù-sùe,,,厝稅,,House rent,,,,001_Handbook_of_the_Swatow_Vernacular > A List of words used in Commerce.,148
Jíp-kháu-hùe,,Jíp-kháu-hùe,,,入口貨,,Imports,,,,001_Handbook_of_the_Swatow_Vernacular > A List of words used in Commerce.,148
Lâi-uáng,,Lâi-uáng,,,來往,,Intercourse,,,,001_Handbook_of_the_Swatow_Vernacular > A List of words used in Commerce.,148
Hùe-tuaⁿ,,Hùe-tuaⁿ,,,貨單,,Invoice of goods,,,,001_Handbook_of_the_Swatow_Vernacular > A List of words used in Commerce.,148
Bé-thâu,,Bé-thâu,,,馬頭,,"Jetty, a",,,,001_Handbook_of_the_Swatow_Vernacular > A List of words used in Commerce.,148
Tshù-tsú,,Tshù-tsú,,,厝主,,Landlord,,,,001_Handbook_of_the_Swatow_Vernacular > A List of words used in Commerce.,148
Tsou,,Tsou,,,租,,"Lease, to",,,,001_Handbook_of_the_Swatow_Vernacular > A List of words used in Commerce.,148
Oiⁿ,,Oiⁿ,,,閒,閑,Leisure,,,,001_Handbook_of_the_Swatow_Vernacular > A List of words used in Commerce.,149
Phoi,,Phoi,,,批,,"Letter, a",,,,001_Handbook_of_the_Swatow_Vernacular > A List of words used in Commerce.,149
sìn,,sìn,,,信,,"Letter, a",,,,001_Handbook_of_the_Swatow_Vernacular > A List of words used in Commerce.,149
Tsóu-ke-sìn,,Tsóu-ke-sìn,,,祖家信,,"Mail (from Europe,)",,,,001_Handbook_of_the_Swatow_Vernacular > A List of words used in Commerce.,149
Lí,,Lí,,,理,,"Manage, to",,,,001_Handbook_of_the_Swatow_Vernacular > A List of words used in Commerce.,149
phōiⁿ,,phōiⁿ,,,辨,,"Manage, to",,,,001_Handbook_of_the_Swatow_Vernacular > A List of words used in Commerce.,149
Ke-tiéⁿ,,Ke-tiéⁿ,,,家長,,Manager,,,,001_Handbook_of_the_Swatow_Vernacular > A List of words used in Commerce.,149
Pò-hiàng-tuaⁿ,,Pò-hiàng-tuaⁿ,,,報餉單,,"Manifest, ship's",,,,001_Handbook_of_the_Swatow_Vernacular > A List of words used in Commerce.,149
Koi-chhĩ,,Koi-chhĩ,,,街市,,"Market, (street,)",,,,001_Handbook_of_the_Swatow_Vernacular > A List of words used in Commerce.,149
Hâng-chhêng,,Hâng-chhêng,,,行情,行⿰忄靑,"Market, price",,,,001_Handbook_of_the_Swatow_Vernacular > A List of words used in Commerce.,149
Hùe,,Hùe,,,貨,,Merchandise,,,,001_Handbook_of_the_Swatow_Vernacular > A List of words used in Commerce.,149
Kheh-siang,,Kheh-siang,,,客商,,"Merchant, a",,,,001_Handbook_of_the_Swatow_Vernacular > A List of words used in Commerce.,149
Lân-san,,Lân-san,,,零些,,Miscellaneous,,,,001_Handbook_of_the_Swatow_Vernacular > A List of words used in Commerce.,149
tshàm-tshùi,,tshàm-tshùi,,,纖碎,微末,Miscellaneous,,,,001_Handbook_of_the_Swatow_Vernacular > A List of words used in Commerce.,149
Guéh-guéh,,Guéh-guéh,,,月月,,Monthly,,,,001_Handbook_of_the_Swatow_Vernacular > A List of words used in Commerce.,149
Sin-bũn,,Sin-bũn,,,新聞,,News,,,,001_Handbook_of_the_Swatow_Vernacular > A List of words used in Commerce.,149
sie-sit,,sie-sit,,,消息,,News,,,,001_Handbook_of_the_Swatow_Vernacular > A List of words used in Commerce.,149
Sin-bũn-tsúa,,Sin-bũn-tsúa,,,新聞紙,,Newspaper,,,,001_Handbook_of_the_Swatow_Vernacular > A List of words used in Commerce.,149
Phõu-kiáⁿ,,Phõu-kiáⁿ,,,簿囝,簿仔,Note-book,,,,001_Handbook_of_the_Swatow_Vernacular > A List of words used in Commerce.,149
Thong-tsai,,Thong-tsai,,,通知,,"Notify, to",,,,001_Handbook_of_the_Swatow_Vernacular > A List of words used in Commerce.,149
Tshut,,Tshut,,,出,,"Offer, (to make an,)",,,,001_Handbook_of_the_Swatow_Vernacular > A List of words used in Commerce.,149
Kià-khṳ̀-bói,,Kià-khṳ̀-bói,,,寄去買,,"Order, to, (goods,)",,,,001_Handbook_of_the_Swatow_Vernacular > A List of words used in Commerce.,149
Ngṳ̂n-tuaⁿ,,Ngṳ̂n-tuaⁿ,,,銀單,,"Order, money",,,,001_Handbook_of_the_Swatow_Vernacular > A List of words used in Commerce.,149
Pau,,Pau,,,包,,"Package, a",,,,001_Handbook_of_the_Swatow_Vernacular > A List of words used in Commerce.,149
Húe-kì,,Húe-kì,,,夥記,,"Partner, a",,,,001_Handbook_of_the_Swatow_Vernacular > A List of words used in Commerce.,150
Lōu-phiè,,Lōu-phiè,,,路票,,"Passport, a",,,,001_Handbook_of_the_Swatow_Vernacular > A List of words used in Commerce.,150
Chiú-chîⁿ,,Chiú-chîⁿ,,,酒錢,,Postage,,,,001_Handbook_of_the_Swatow_Vernacular > A List of words used in Commerce.,150
Bói,,Bói,,,買,,"Purchase, to",,,,001_Handbook_of_the_Swatow_Vernacular > A List of words used in Commerce.,150
kau-kuan,,kau-kuan,,,交關,交易,"Purchase, to",,,,001_Handbook_of_the_Swatow_Vernacular > A List of words used in Commerce.,150
Phah-phòu,,Phah-phòu,,,拍舖,打舖,"Purchase, stock in trade",,,,001_Handbook_of_the_Swatow_Vernacular > A List of words used in Commerce.,150
Chhiam-miâⁿ,,Chhiam-miâⁿ,,,簽名,,"Register, to",,,,001_Handbook_of_the_Swatow_Vernacular > A List of words used in Commerce.,150
Lân-san-bōi,,Lân-san-bōi,,,零些賣,,"Retail, to",,,,001_Handbook_of_the_Swatow_Vernacular > A List of words used in Commerce.,150
Tshó-kó,,Tshó-kó,,,草稿,,Rough draft,,,,001_Handbook_of_the_Swatow_Vernacular > A List of words used in Commerce.,150
Kang-tsṳ,,Kang-tsṳ,,,工資,,Salary,,,,001_Handbook_of_the_Swatow_Vernacular > A List of words used in Commerce.,150
Àiⁿ-bōi--kâi,,Àiⁿ-bōi--kâi,,,愛賣个,要賣個,"Sale, for",,,,001_Handbook_of_the_Swatow_Vernacular > A List of words used in Commerce.,150
Bõi-siou,,Bõi-siou,,,袂銷,袂消,"Sale, no",,,,001_Handbook_of_the_Swatow_Vernacular > A List of words used in Commerce.,150
Pān-thâu,,Pān-thâu,,,辦頭,,Sample,,,,001_Handbook_of_the_Swatow_Vernacular > A List of words used in Commerce.,150
pān,,pān,,,辦,,Sample,,,,001_Handbook_of_the_Swatow_Vernacular > A List of words used in Commerce.,150
Bōi,,Bōi,,,賣,,"Sell, to",,,,001_Handbook_of_the_Swatow_Vernacular > A List of words used in Commerce.,150
Phòu phah--khṳt-nâng,,Phòu phah--khṳt-nâng,,,舖拍乞人[訓],舖打與人[訓],"Sell, stock in trade",,,,001_Handbook_of_the_Swatow_Vernacular > A List of words used in Commerce.,150
Hūn,,Hūn,,,分,,"Share, a",,,,001_Handbook_of_the_Swatow_Vernacular > A List of words used in Commerce.,150
Phòu,,Phòu,,,舖,,"Shop, a",,,,001_Handbook_of_the_Swatow_Vernacular > A List of words used in Commerce.,150
Tshâi-tsú,,Tshâi-tsú,,,財主,,"Shop, proprietor of",,,,001_Handbook_of_the_Swatow_Vernacular > A List of words used in Commerce.,150
Phòu-thâu,,Phòu-thâu,,,舖頭,,"Shops, respectable",,,,001_Handbook_of_the_Swatow_Vernacular > A List of words used in Commerce.,150
Chie-pâi,,Chie-pâi,,,招牌,,"Sign-board, a",,,,001_Handbook_of_the_Swatow_Vernacular > A List of words used in Commerce.,150
Tiẽn-pò-sùaⁿ,,Tiẽn-pò-sùaⁿ,,,電報線,,"Telegraph, line",,,,001_Handbook_of_the_Swatow_Vernacular > A List of words used in Commerce.,150
Tiẽn-pò,,Tiẽn-pò,,,電報,,Telegram,,,,001_Handbook_of_the_Swatow_Vernacular > A List of words used in Commerce.,151
Seng-lí,,Seng-lí,,,生理,,"Trade, a",,,,001_Handbook_of_the_Swatow_Vernacular > A List of words used in Commerce.,151
Seng-lí jiét,,Seng-lí jiét,,,生理熱,生理鬧,"Trade, brisk",,,,001_Handbook_of_the_Swatow_Vernacular > A List of words used in Commerce.,151
Bô-seng-lí,,Bô-seng-lí,,,無生理,,"Trade, dull",,,,001_Handbook_of_the_Swatow_Vernacular > A List of words used in Commerce.,151
Seng-lí-nâng,,Seng-lí-nâng,,,生理人[訓],,"Tradesman, a",,,,001_Handbook_of_the_Swatow_Vernacular > A List of words used in Commerce.,151
Kau-kùa,,Kau-kùa,,,交掛,,"Transaction, business",,,,001_Handbook_of_the_Swatow_Vernacular > A List of words used in Commerce.,151
bói-bōi,,bói-bōi,,,買賣,,"Transaction, business",,,,001_Handbook_of_the_Swatow_Vernacular > A List of words used in Commerce.,151
Bōi-phiⁿ--nâng,,Bōi-phiⁿ--nâng,,,賣偏人[訓],賣平他人,"Undersell, to",,,,001_Handbook_of_the_Swatow_Vernacular > A List of words used in Commerce.,151
Oh-thàn,,Oh-thàn,,,僫趁,難贃,Unprofitable,,,,001_Handbook_of_the_Swatow_Vernacular > A List of words used in Commerce.,151
Kang-chîⁿ,,Kang-chîⁿ,,,工錢,,Wages,,,,001_Handbook_of_the_Swatow_Vernacular > A List of words used in Commerce.,151
Bói-chiẽⁿ-pûaⁿ,,Bói-chiẽⁿ-pûaⁿ,,,買上盤,,"Wholesale, buy",,,,001_Handbook_of_the_Swatow_Vernacular > A List of words used in Commerce.,151
Bōi-chiẽⁿ-pûaⁿ,,Bōi-chiẽⁿ-pûaⁿ,,,賣上盤,,"Wholesale, sell",,,,001_Handbook_of_the_Swatow_Vernacular > A List of words used in Commerce.,151
Tsò-chiẽⁿ-pûaⁿ,,Tsò-chiẽⁿ-pûaⁿ,,,做上盤,,"Wholesale, trade",,,,001_Handbook_of_the_Swatow_Vernacular > A List of words used in Commerce.,151
Chîⁿ,,Chîⁿ,,,錢,,Mace.,,,,001_Handbook_of_the_Swatow_Vernacular > Weights and measures.,151
Hun,,Hun,,,分,,Candareen.,,,,001_Handbook_of_the_Swatow_Vernacular > Weights and measures.,151
Niéⁿ,,Niéⁿ,,,兩,両,Tael.,,,,001_Handbook_of_the_Swatow_Vernacular > Weights and measures.,151
Kṳn,,Kṳn,,,斤,,Catty.,,,,001_Handbook_of_the_Swatow_Vernacular > Weights and measures.,151
Tàⁿ,,Tàⁿ,,,擔,担,Picul.,,,,001_Handbook_of_the_Swatow_Vernacular > Weights and measures.,151
Tshùn,,Tshùn,,,寸,,An inch. (Chinese.),,,,001_Handbook_of_the_Swatow_Vernacular > Weights and measures.,151
Chhieh,,Chhieh,,,尺,,A foot. (Twelve English inches.),,,,001_Handbook_of_the_Swatow_Vernacular > Weights and measures.,152
Tñg,,Tñg,,,丈,,Ten feet.,,,,001_Handbook_of_the_Swatow_Vernacular > Weights and measures.,152
Pōu,,Pōu,,,步,,A pace.,,,,001_Handbook_of_the_Swatow_Vernacular > Weights and measures.,152
Huáh,,Huáh,,,伐,步,A pace.,,,,001_Handbook_of_the_Swatow_Vernacular > Weights and measures.,152
Bā,,Bā,,,碼,,A yard.,,,,001_Handbook_of_the_Swatow_Vernacular > Weights and measures.,152
Bé,,Bé,,,碼,,A yard.,,,,001_Handbook_of_the_Swatow_Vernacular > Weights and measures.,152
Siâm,,Siâm,,,尋,,A fathom.,,,,001_Handbook_of_the_Swatow_Vernacular > Weights and measures.,152
Niêⁿ,,Niêⁿ,,,量,,To measure.,,,,001_Handbook_of_the_Swatow_Vernacular > Weights and measures.,152
Sì-pang,,Sì-pang,,,四方,,A square.,,,,001_Handbook_of_the_Swatow_Vernacular > Weights and measures.,152
Saⁿ-kak,,Saⁿ-kak,,,三角,,A triangle.,,,,001_Handbook_of_the_Swatow_Vernacular > Weights and measures.,152
Táu,,Táu,,,斗,,A bushel (rice.),,,,001_Handbook_of_the_Swatow_Vernacular > Weights and measures.,152
Chiéh,,Chiéh,,,石,,Ten bushels.,,,,001_Handbook_of_the_Swatow_Vernacular > Weights and measures.,152
Lî-chhìn,,Lî-chhìn,,,厘秤,,A small scale.,,,,001_Handbook_of_the_Swatow_Vernacular > Weights and measures.,152
Thien-phêng,,Thien-phêng,,,天平,,A small scale.,,,,001_Handbook_of_the_Swatow_Vernacular > Weights and measures.,152
Tshâ-chhìn,,Tshâ-chhìn,,,柴秤,,A steelyard.,,,,001_Handbook_of_the_Swatow_Vernacular > Weights and measures.,152
Chhìn-thûi,,Chhìn-thûi,,,秤錘,,A weight.,,,,001_Handbook_of_the_Swatow_Vernacular > Weights and measures.,152
Téng,,Téng,,,戥,頂,To weigh.,,,,001_Handbook_of_the_Swatow_Vernacular > Weights and measures.,152
Téng-siám,,Téng-siám,,,戥閃,頂減,To cheat in weighing.,,,,001_Handbook_of_the_Swatow_Vernacular > Weights and measures.,152
Chhìn chhiàⁿ,,Chhìn chhiàⁿ,,,秤正,,A correct scale.,,,,001_Handbook_of_the_Swatow_Vernacular > Weights and measures.,152
Chhìn siám,,Chhìn siám,,,秤閃,秤細,An incorrect scale.,,,,001_Handbook_of_the_Swatow_Vernacular > Weights and measures.,152
Thâi-nâng,,Thâi-nâng,,,刣人[訓],殺人[訓],Murder,,,,001_Handbook_of_the_Swatow_Vernacular > Lesson XXII. judicial.,153
Ké-chhiú-pit,,Ké-chhiú-pit,,,假手筆,,"Forgery, of another's name",,,,001_Handbook_of_the_Swatow_Vernacular > Lesson XXII. judicial.,153
Ké-ìn,,Ké-ìn,,,假印,,"Forgery, of seal",,,,001_Handbook_of_the_Swatow_Vernacular > Lesson XXII. judicial.,153
Pàng-húe,,Pàng-húe,,,放火,,Arson,,,,001_Handbook_of_the_Swatow_Vernacular > Lesson XXII. judicial.,153
Pak-ko-kúe,,Pak-ko-kúe,,,剝糕粿,搶刧,Robbery,,,,001_Handbook_of_the_Swatow_Vernacular > Lesson XXII. judicial.,153
chhiéⁿ-pak,,chhiéⁿ-pak,,,搶剝,,Robbery,,,,001_Handbook_of_the_Swatow_Vernacular > Lesson XXII. judicial.,153
Tsṳ̃-chĩn,,Tsṳ̃-chĩn,,,自盡,,Suicide,,,,001_Handbook_of_the_Swatow_Vernacular > Lesson XXII. judicial.,153
Tiòu-ãm,,Tiòu-ãm,,,吊頷,吊頸,"Suicide, by hanging",,,,001_Handbook_of_the_Swatow_Vernacular > Lesson XXII. judicial.,153
Tsò-tshát,,Tsò-tshát,,,做賊,,Theft,,,,001_Handbook_of_the_Swatow_Vernacular > Lesson XXII. judicial.,153
Tîm-sìn,,Tîm-sìn,,,沉信,,Breach of trust,,,,001_Handbook_of_the_Swatow_Vernacular > Lesson XXII. judicial.,153
Sit-sìn,,Sit-sìn,,,失信,,"Breach of trust, faith",,,,001_Handbook_of_the_Swatow_Vernacular > Lesson XXII. judicial.,153
Láu-nâng,,Láu-nâng,,,漏人[訓],拐人[訓],Cheating,,,,001_Handbook_of_the_Swatow_Vernacular > Lesson XXII. judicial.,153
phièn-nâng,,phièn-nâng,,,騙人[訓],,Cheating,,,,001_Handbook_of_the_Swatow_Vernacular > Lesson XXII. judicial.,153
Sieⁿ-nâng,,Sieⁿ-nâng,,,傷人[訓],,Causing hurt,,,,001_Handbook_of_the_Swatow_Vernacular > Lesson XXII. judicial.,153
Phah-nâng,,Phah-nâng,,,拍人[訓],打人[訓],Assault,,,,001_Handbook_of_the_Swatow_Vernacular > Lesson XXII. judicial.,153
Chiáh-chiú-tsùi,,Chiáh-chiú-tsùi,,,食酒醉,,Drunkenness,,,,001_Handbook_of_the_Swatow_Vernacular > Lesson XXII. judicial.,153
Sie-phah,,Sie-phah,,,相拍,相打,Fighting,,,,001_Handbook_of_the_Swatow_Vernacular > Lesson XXII. judicial.,153
Sie-mēⁿ,,Sie-mēⁿ,,,相罵,,Quarrelling,,,,001_Handbook_of_the_Swatow_Vernacular > Lesson XXII. judicial.,153
Tshǹg,,Tshǹg,,,剌,,"Stab, to",,,,001_Handbook_of_the_Swatow_Vernacular > Lesson XXII. judicial.,153
Tshǹg,,Tshǹg,,,剌,,"Rob, to",,,,001_Handbook_of_the_Swatow_Vernacular > Lesson XXII. judicial.,153
Chhiéⁿ,,Chhiéⁿ,,,搶,,"Snatch, to",,,,001_Handbook_of_the_Swatow_Vernacular > Lesson XXII. judicial.,153
Thau-khiéh,,Thau-khiéh,,,偷挈,偷盜,"Steal, to",,,,001_Handbook_of_the_Swatow_Vernacular > Lesson XXII. judicial.,154
Tshát,,Tshát,,,賊,,"Thief, a",,,,001_Handbook_of_the_Swatow_Vernacular > Lesson XXII. judicial.,154
Hái-tshát,,Hái-tshát,,,海賊,,"Pirate, a",,,,001_Handbook_of_the_Swatow_Vernacular > Lesson XXII. judicial.,154
Nguân-kò,,Nguân-kò,,,原告,,Prosecutor,,,,001_Handbook_of_the_Swatow_Vernacular > Lesson XXII. judicial.,154
Pĩ-kò,,Pĩ-kò,,,被告,,Accused,,,,001_Handbook_of_the_Swatow_Vernacular > Lesson XXII. judicial.,154
Kan-chèng,,Kan-chèng,,,干證,干証,"Witness, a",,,,001_Handbook_of_the_Swatow_Vernacular > Lesson XXII. judicial.,154
Chhin-mák thóiⁿ-kìⁿ,,Chhin-mák thóiⁿ-kìⁿ,,,親目睇見,親目看見,"Eye-witness, an",,,,001_Handbook_of_the_Swatow_Vernacular > Lesson XXII. judicial.,154
Sím,,Sím,,,審,,"Try, (a case)",,,,001_Handbook_of_the_Swatow_Vernacular > Lesson XXII. judicial.,154
phōiⁿ,,phōiⁿ,,,辦,,"Try, (a case)",,,,001_Handbook_of_the_Swatow_Vernacular > Lesson XXII. judicial.,154
Mêng-péh,,Mêng-péh,,,明白,,Clear,,,,001_Handbook_of_the_Swatow_Vernacular > Lesson XXII. judicial.,154
Kháu-mn̄g,,Kháu-mn̄g,,,考問,,"Examine, to",,,,001_Handbook_of_the_Swatow_Vernacular > Lesson XXII. judicial.,154
Kháu-keng,,Kháu-keng,,,口供,,Evidence,,,,001_Handbook_of_the_Swatow_Vernacular > Lesson XXII. judicial.,154
Kì-kháu-keng,,Kì-kháu-keng,,,記口供,,"Evidence, to take down",,,,001_Handbook_of_the_Swatow_Vernacular > Lesson XXII. judicial.,154
Kháu-keng siang-hûa,,Kháu-keng siang-hûa,,,口供相和,,"Evidence, corroborated",,,,001_Handbook_of_the_Swatow_Vernacular > Lesson XXII. judicial.,154
Kháu-keng siang-huán,,Kháu-keng siang-huán,,,口供相反,,"Evidence, contradicted",,,,001_Handbook_of_the_Swatow_Vernacular > Lesson XXII. judicial.,154
Sù--lâi,,Sù--lâi,,,訴來,,"Statement, make your",,,,001_Handbook_of_the_Swatow_Vernacular > Lesson XXII. judicial.,154
Àiⁿ-sù,,Àiⁿ-sù,,,愛訴,要訴,"Statement, wish to make",,,,001_Handbook_of_the_Swatow_Vernacular > Lesson XXII. judicial.,154
Iông-sù,,Iông-sù,,,容訴,,"Statement, allow to make",,,,001_Handbook_of_the_Swatow_Vernacular > Lesson XXII. judicial.,154
Ũ-tsũe,,Ũ-tsũe,,,有罪,,Guilty,,,,001_Handbook_of_the_Swatow_Vernacular > Lesson XXII. judicial.,154
Bô-tsũe,,Bô-tsũe,,,無罪,,Innocent,,,,001_Handbook_of_the_Swatow_Vernacular > Lesson XXII. judicial.,154
Tiāⁿ-tsũe,,Tiāⁿ-tsũe,,,定罪,,Condemn,,,,001_Handbook_of_the_Swatow_Vernacular > Lesson XXII. judicial.,154
Tiāⁿ-sí tsũe,,Tiāⁿ-sí tsũe,,,定死罪,,"Condemn, to death",,,,001_Handbook_of_the_Swatow_Vernacular > Lesson XXII. judicial.,155
Huát,,Huát,,,罰,,"Punish, to",,,,001_Handbook_of_the_Swatow_Vernacular > Lesson XXII. judicial.,155
Huát-ngṳ̂n,,Huát-ngṳ̂n,,,罰銀,,"Fine, to",,,,001_Handbook_of_the_Swatow_Vernacular > Lesson XXII. judicial.,155
Phah kha-tshng-póiⁿ,,Phah kha-tshng-póiⁿ,,,拍尻川爿,拍尻川板,"Flogging, on buttocks",,,,001_Handbook_of_the_Swatow_Vernacular > Lesson XXII. judicial.,155
Phah thiám-thiám,,Phah thiám-thiám,,,拍忝忝,打重重,Flog severely,,,,001_Handbook_of_the_Swatow_Vernacular > Lesson XXII. judicial.,155
Liû-sí,,Liû-sí,,,絞死,,Strangle to death,,,,001_Handbook_of_the_Swatow_Vernacular > Lesson XXII. judicial.,155
Tsám-thâu,,Tsám-thâu,,,斬頭,,"Behead, to",,,,001_Handbook_of_the_Swatow_Vernacular > Lesson XXII. judicial.,155
Kìm-kam,,Kìm-kam,,,禁監,禁獄,"Imprison, to",,,,001_Handbook_of_the_Swatow_Vernacular > Lesson XXII. judicial.,155
siu-kam,,siu-kam,,,收監,,"Imprison, to",,,,001_Handbook_of_the_Swatow_Vernacular > Lesson XXII. judicial.,155
Kam,,Kam,,,監,獄,"Prison, a",,,,001_Handbook_of_the_Swatow_Vernacular > Lesson XXII. judicial.,155
Kìm-chí,,Kìm-chí,,,禁子,,Prison keeper,,,,001_Handbook_of_the_Swatow_Vernacular > Lesson XXII. judicial.,155
Huãm-jîn,,Huãm-jîn,,,犯人,,"Prisoner, a",,,,001_Handbook_of_the_Swatow_Vernacular > Lesson XXII. judicial.,155
Chhiôu-thêng,,Chhiôu-thêng,,,朝廷,,Government,,,,001_Handbook_of_the_Swatow_Vernacular > Lesson XXII. judicial.,155
Lút,,Lút,,,律,,Law,,,,001_Handbook_of_the_Swatow_Vernacular > Lesson XXII. judicial.,155
Huâng-tì,,Huâng-tì,,,皇帝,,Emperor,,,,001_Handbook_of_the_Swatow_Vernacular > Lesson XXII. judicial.,155
Uâng-hõu,,Uâng-hõu,,,王后,,Empress,,,,001_Handbook_of_the_Swatow_Vernacular > Lesson XXII. judicial.,155
Thài-tsṳ́,,Thài-tsṳ́,,,太子,,Prince,,,,001_Handbook_of_the_Swatow_Vernacular > Lesson XXII. judicial.,155
Kong-tsú,,Kong-tsú,,,公主,,Princess,,,,001_Handbook_of_the_Swatow_Vernacular > Lesson XXII. judicial.,155
Uâng,,Uâng,,,王,,King,,,,001_Handbook_of_the_Swatow_Vernacular > Lesson XXII. judicial.,155
Ûang-hõu,,Ûang-hõu,,,王后,,Queen,,,,001_Handbook_of_the_Swatow_Vernacular > Lesson XXII. judicial.,155
Tsái-siàng,,Tsái-siàng,,,宰相,,Prime minister,,,,001_Handbook_of_the_Swatow_Vernacular > Lesson XXII. judicial.,155
Tãi-chhîn,,Tãi-chhîn,,,大臣,,Statesman,,,,001_Handbook_of_the_Swatow_Vernacular > Lesson XXII. judicial.,156
Tsóng-tok,,Tsóng-tok,,,總督,,"Viceroy, or Governor-General of a province",,,,001_Handbook_of_the_Swatow_Vernacular > Lesson XXII. judicial.,156
Bú-īⁿ,,Bú-īⁿ,,,撫院,,Lieut. Governor of a province,,,,001_Handbook_of_the_Swatow_Vernacular > Lesson XXII. judicial.,156
Àn-tshat,,Àn-tshat,,,按察,,Judge of a province,,,,001_Handbook_of_the_Swatow_Vernacular > Lesson XXII. judicial.,156
Tãu-thâi,,Tãu-thâi,,,道臺,,Tao-t'ai,,,,001_Handbook_of_the_Swatow_Vernacular > Lesson XXII. judicial.,156
Khim-chhe,,Khim-chhe,,,欽差,,Ambassador,,,,001_Handbook_of_the_Swatow_Vernacular > Lesson XXII. judicial.,156
Tshuân-khuân,,Tshuân-khuân,,,全權,,Plenipotentiary,,,,001_Handbook_of_the_Swatow_Vernacular > Lesson XXII. judicial.,156
Niáⁿ-sṳ̄-hú,,Niáⁿ-sṳ̄-hú,,,領事府,,Consul,,,,001_Handbook_of_the_Swatow_Vernacular > Lesson XXII. judicial.,156
Kuaⁿ-hú,,Kuaⁿ-hú,,,官府,,Mandarin,,,,001_Handbook_of_the_Swatow_Vernacular > Lesson XXII. judicial.,156
Bûn-kuaⁿ,,Bûn-kuaⁿ,,,文官,,"Mandarin, civil",,,,001_Handbook_of_the_Swatow_Vernacular > Lesson XXII. judicial.,156
Bú-kuaⁿ,,Bú-kuaⁿ,,,武官,,"Mandarin, military",,,,001_Handbook_of_the_Swatow_Vernacular > Lesson XXII. judicial.,156
Tūa-kuaⁿ,,Tūa-kuaⁿ,,,大官,,"Mandarin, high rank",,,,001_Handbook_of_the_Swatow_Vernacular > Lesson XXII. judicial.,156
Sòi-kuaⁿ,,Sòi-kuaⁿ,,,細官,,"Mandarin, low rank",,,,001_Handbook_of_the_Swatow_Vernacular > Lesson XXII. judicial.,156
Kūiⁿ-kuaⁿ,,Kūiⁿ-kuaⁿ,,,縣官,,"Magistrate, district",,,,001_Handbook_of_the_Swatow_Vernacular > Lesson XXII. judicial.,156
Thôu-phóu-si,,Thôu-phóu-si,,,巡檢司,,"Magistrate, town",,,,001_Handbook_of_the_Swatow_Vernacular > Lesson XXII. judicial.,156
A-tsóng,,A-tsóng,,,阿總,亞總,"Policeman, a",,,,001_Handbook_of_the_Swatow_Vernacular > Lesson XXII. judicial.,156
chhe-hiáh,,chhe-hiáh,,,差役,,"Policeman, a",,,,001_Handbook_of_the_Swatow_Vernacular > Lesson XXII. judicial.,156
Liáh,,Liáh,,,掠,,"Arrest, to",,,,001_Handbook_of_the_Swatow_Vernacular > Lesson XXII. judicial.,156
Kìm,,Kìm,,,禁,,"Lock up, to",,,,001_Handbook_of_the_Swatow_Vernacular > Lesson XXII. judicial.,156
Gê-mn̂g,,Gê-mn̂g,,,衙門,,Yamen,,,,001_Handbook_of_the_Swatow_Vernacular > Lesson XXII. judicial.,157
Tn̂g,,Tn̂g,,,堂,,Court,,,,001_Handbook_of_the_Swatow_Vernacular > Lesson XXII. judicial.,157
kong-tn̂g,,kong-tn̂g,,,公堂,,Court,,,,001_Handbook_of_the_Swatow_Vernacular > Lesson XXII. judicial.,157
Tsõ-tn̂g,,Tsõ-tn̂g,,,坐堂,,"Sit, on bench",,,,001_Handbook_of_the_Swatow_Vernacular > Lesson XXII. judicial.,157
Thò-tn̂g,,Thò-tn̂g,,,退堂,,"Retire, to",,,,001_Handbook_of_the_Swatow_Vernacular > Lesson XXII. judicial.,157
Tshut-chhiam,,Tshut-chhiam,,,出簽,,"Warrant, to issue",,,,001_Handbook_of_the_Swatow_Vernacular > Lesson XXII. judicial.,157
Tshut-phiè,,Tshut-phiè,,,出票,,"Summons, to issue",,,,001_Handbook_of_the_Swatow_Vernacular > Lesson XXII. judicial.,157
Kò,,Kò,,,告,,"Prosecute, to",,,,001_Handbook_of_the_Swatow_Vernacular > Lesson XXII. judicial.,157
Khai-pàng,,Khai-pàng,,,開放,,"Withdraw, to",,,,001_Handbook_of_the_Swatow_Vernacular > Lesson XXII. judicial.,157
Bû-lūa,,Bû-lūa,,,誣賴,,Accuse falsely,,,,001_Handbook_of_the_Swatow_Vernacular > Lesson XXII. judicial.,157
uáng-khut,,uáng-khut,,,枉屈,,Accuse falsely,,,,001_Handbook_of_the_Swatow_Vernacular > Lesson XXII. judicial.,157
Jíp-tiâⁿ,,Jíp-tiâⁿ,,,入呈,,"Petition, to send in",,,,001_Handbook_of_the_Swatow_Vernacular > Lesson XXII. judicial.,157
jíp-pín,,jíp-pín,,,入禀,,"Petition, to send in",,,,001_Handbook_of_the_Swatow_Vernacular > Lesson XXII. judicial.,157
Lãu-iâ,,Lãu-iâ,,,老爺,,Your Worship,,,,001_Handbook_of_the_Swatow_Vernacular > Lesson XXII. judicial.,157
thài-iâ,,thài-iâ,,,太爺,,Your Worship,,,,001_Handbook_of_the_Swatow_Vernacular > Lesson XXII. judicial.,157
Tãi-jîn,,Tãi-jîn,,,大人,,"Your Worship, Excellency",,,,001_Handbook_of_the_Swatow_Vernacular > Lesson XXII. judicial.,157
Kau-seng,,Kau-seng,,,高升,高陞,"Promote, to",,,,001_Handbook_of_the_Swatow_Vernacular > Lesson XXII. judicial.,157
Kàng-khip,,Kàng-khip,,,降級,,"Degrade, to",,,,001_Handbook_of_the_Swatow_Vernacular > Lesson XXII. judicial.,157
Pã-cheh,,Pã-cheh,,,罷職,黜職,"Dismiss, to",,,,001_Handbook_of_the_Swatow_Vernacular > Lesson XXII. judicial.,157
lut-tiōu,,lut-tiōu,,,黜掉,黜丢,"Dismiss, to",,,,001_Handbook_of_the_Swatow_Vernacular > Lesson XXII. judicial.,157
Siet-líp,,Siet-líp,,,設立,,"Appoint, to",,,,001_Handbook_of_the_Swatow_Vernacular > Lesson XXII. judicial.,157
Cheh-jĩm,,Cheh-jĩm,,,職任,,"Appointment, an",,,,001_Handbook_of_the_Swatow_Vernacular > Lesson XXII. judicial.,157
Uàⁿ,,Uàⁿ,,,案,,"Case, a",,,,001_Handbook_of_the_Swatow_Vernacular > Lesson XXII. judicial.,157
uàⁿ-kiãⁿ,,uàⁿ-kiãⁿ,,,案件,,"Case, a",,,,001_Handbook_of_the_Swatow_Vernacular > Lesson XXII. judicial.,157
Phah-kuaⁿ-si,,Phah-kuaⁿ-si,,,拍官司,打官司,"Case, to have it tried",,,,001_Handbook_of_the_Swatow_Vernacular > Lesson XXII. judicial.,157
sie-kò,,sie-kò,,,相告,,"Case, to have it tried",,,,001_Handbook_of_the_Swatow_Vernacular > Lesson XXII. judicial.,157
Kò-iâⁿ,,Kò-iâⁿ,,,告贏,,"Case, to win",,,,001_Handbook_of_the_Swatow_Vernacular > Lesson XXII. judicial.,157
Kò-su,,Kò-su,,,告輸,,"Case, to lose",,,,001_Handbook_of_the_Swatow_Vernacular > Lesson XXII. judicial.,158
Pàng,,Pàng,,,放,,"Discharge, (a case)",,,,001_Handbook_of_the_Swatow_Vernacular > Lesson XXII. judicial.,158
Sái-ēng,,Sái-ēng,,,使用,,"Bribe, to",,,,001_Handbook_of_the_Swatow_Vernacular > Lesson XXII. judicial.,158
Siũ-iũ,,Siũ-iũ,,,受賄,,"Bribe, to receive",,,,001_Handbook_of_the_Swatow_Vernacular > Lesson XXII. judicial.,158
Àm-chẽⁿ,,Àm-chẽⁿ,,,暗靜,,Private,,,,001_Handbook_of_the_Swatow_Vernacular > Lesson XXII. judicial.,158
Chek-ak,,Chek-ak,,,積惡,,Cruel,,,,001_Handbook_of_the_Swatow_Vernacular > Lesson XXII. judicial.,158
Hiou-sim,,Hiou-sim,,,僥心,,Bad-hearted,,,,001_Handbook_of_the_Swatow_Vernacular > Lesson XXII. judicial.,158
Hó-sim,,Hó-sim,,,好心,,Good-hearted,,,,001_Handbook_of_the_Swatow_Vernacular > Lesson XXII. judicial.,158
Pò-chhiû,,Pò-chhiû,,,報仇,,"Revenge, to",,,,001_Handbook_of_the_Swatow_Vernacular > Lesson XXII. judicial.,158
Kong-tãu,,Kong-tãu,,,公道,,Just,,,,001_Handbook_of_the_Swatow_Vernacular > Lesson XXII. judicial.,158
M̄-kong-tãu,,M̄-kong-tãu,,,毋公道,不公道,Unjust,,,,001_Handbook_of_the_Swatow_Vernacular > Lesson XXII. judicial.,158
Sít-uē tàⁿ,,Sít-uē tàⁿ,,,實話呾,,"Truth, speak the",,,,001_Handbook_of_the_Swatow_Vernacular > Lesson XXII. judicial.,158
Hue-niouⁿ,,Hue-niouⁿ,,,,巧語,"Lie, to",,,,001_Handbook_of_the_Swatow_Vernacular > Lesson XXII. judicial.,158
Chiù-tsūa,,Chiù-tsūa,,,咒誓,發誓,"Swear, to",,,,001_Handbook_of_the_Swatow_Vernacular > Lesson XXII. judicial.,158
Jīn-tsũe,,Jīn-tsũe,,,認罪,,Plead guilty,,,,001_Handbook_of_the_Swatow_Vernacular > Lesson XXII. judicial.,158
jīn-tshò,,jīn-tshò,,,認錯,,Plead guilty,,,,001_Handbook_of_the_Swatow_Vernacular > Lesson XXII. judicial.,158
Chiè-lút,,Chiè-lút,,,照律,,According to law,,,,001_Handbook_of_the_Swatow_Vernacular > Lesson XXII. judicial.,158
Ngék-lút,,Ngék-lút,,,逆律,,Against the law,,,,001_Handbook_of_the_Swatow_Vernacular > Lesson XXII. judicial.,158
Huãm-lút,,Huãm-lút,,,犯律,,Break the law,,,,001_Handbook_of_the_Swatow_Vernacular > Lesson XXII. judicial.,158
Nguân-sùe,,Nguân-sùe,,,元帥,,Commander-in-chief,,,,001_Handbook_of_the_Swatow_Vernacular > Lesson XXIII. hostilities.,159
Chiang-kun,,Chiang-kun,,,將軍,,General,,,,001_Handbook_of_the_Swatow_Vernacular > Lesson XXIII. hostilities.,159
Tsúi-sṳ thî-tok,,Tsúi-sṳ thî-tok,,,水師提督,,Admiral,,,,001_Handbook_of_the_Swatow_Vernacular > Lesson XXIII. hostilities.,159
Bú-kuaⁿ,,Bú-kuaⁿ,,,武官,,Officers,,,,001_Handbook_of_the_Swatow_Vernacular > Lesson XXIII. hostilities.,159
Piaⁿ,,Piaⁿ,,,兵,,Soldiers,,,,001_Handbook_of_the_Swatow_Vernacular > Lesson XXIII. hostilities.,159
ióng-chiàng,,ióng-chiàng,,,勇將,勇壯,Soldiers,,,,001_Handbook_of_the_Swatow_Vernacular > Lesson XXIII. hostilities.,159
Bé-piaⁿ,,Bé-piaⁿ,,,馬兵,,Cavalry,,,,001_Handbook_of_the_Swatow_Vernacular > Lesson XXIII. hostilities.,159
Tshau-liēn,,Tshau-liēn,,,操練,,"Drill, to",,,,001_Handbook_of_the_Swatow_Vernacular > Lesson XXIII. hostilities.,159
Liēn,,Liēn,,,練,,"Practise, to",,,,001_Handbook_of_the_Swatow_Vernacular > Lesson XXIII. hostilities.,159
Lẽng,,Lẽng,,,令,,"Command, a",,,,001_Handbook_of_the_Swatow_Vernacular > Lesson XXIII. hostilities.,159
Mẽng,,Mẽng,,,命,,"Command, to",,,,001_Handbook_of_the_Swatow_Vernacular > Lesson XXIII. hostilities.,159
Kuán,,Kuán,,,管,,"Command, rule over",,,,001_Handbook_of_the_Swatow_Vernacular > Lesson XXIII. hostilities.,159
Ke-húe,,Ke-húe,,,傢伙,軍火,Weapon,,,,001_Handbook_of_the_Swatow_Vernacular > Lesson XXIII. hostilities.,159
Kiàm,,Kiàm,,,劍,,"Sword, a",,,,001_Handbook_of_the_Swatow_Vernacular > Lesson XXIII. hostilities.,159
Chhèng,,Chhèng,,,銃,,"Gun, a",,,,001_Handbook_of_the_Swatow_Vernacular > Lesson XXIII. hostilities.,159
Tūa-chhèng,,Tūa-chhèng,,,大銃,,"Gun, large",,,,001_Handbook_of_the_Swatow_Vernacular > Lesson XXIII. hostilities.,159
kòng,,kòng,,,𨫋,,"Gun, large",,,,001_Handbook_of_the_Swatow_Vernacular > Lesson XXIII. hostilities.,159
Phah-chhèng,,Phah-chhèng,,,拍銃,打銃,"Gun, to fire",,,,001_Handbook_of_the_Swatow_Vernacular > Lesson XXIII. hostilities.,159
Chhèng-iéh,,Chhèng-iéh,,,銃藥,,Gun-powder,,,,001_Handbook_of_the_Swatow_Vernacular > Lesson XXIII. hostilities.,159
Chhèng-chí,,Chhèng-chí,,,銃子,,Shots,,,,001_Handbook_of_the_Swatow_Vernacular > Lesson XXIII. hostilities.,159
Thâi,,Thâi,,,刣,,"Fight, to",,,,001_Handbook_of_the_Swatow_Vernacular > Lesson XXIII. hostilities.,159
chièn,,chièn,,,戰,,"Fight, to",,,,001_Handbook_of_the_Swatow_Vernacular > Lesson XXIII. hostilities.,159
Bū,,Bū,,,霧,,"Bombard, to",,,,001_Handbook_of_the_Swatow_Vernacular > Lesson XXIII. hostilities.,160
Chìn,,Chìn,,,進,,"Advance, to",,,,001_Handbook_of_the_Swatow_Vernacular > Lesson XXIII. hostilities.,160
Thò,,Thò,,,退,,"Retreat, to",,,,001_Handbook_of_the_Swatow_Vernacular > Lesson XXIII. hostilities.,160
Uî,,Uî,,,圍,,"Surround, to",,,,001_Handbook_of_the_Swatow_Vernacular > Lesson XXIII. hostilities.,160
Uan-chhiû,,Uan-chhiû,,,冤仇,寃仇,Enemy,,,,001_Handbook_of_the_Swatow_Vernacular > Lesson XXIII. hostilities.,160
Chìⁿ,,Chìⁿ,,,箭,,Arrow,,,,001_Handbook_of_the_Swatow_Vernacular > Lesson XXIII. hostilities.,160
Siā-chìⁿ,,Siā-chìⁿ,,,射箭,,"Arrow, to shoot",,,,001_Handbook_of_the_Swatow_Vernacular > Lesson XXIII. hostilities.,160
Pie,,Pie,,,標,,Spear,,,,001_Handbook_of_the_Swatow_Vernacular > Lesson XXIII. hostilities.,160
Tîn-pâi,,Tîn-pâi,,,藤牌,,Shield,,,,001_Handbook_of_the_Swatow_Vernacular > Lesson XXIII. hostilities.,160
Kiâⁿ,,Kiâⁿ,,,行,,Travel,,,,001_Handbook_of_the_Swatow_Vernacular > Lesson XXIII. hostilities.,160
Pau-kó,,Pau-kó,,,包裹,包槁,Baggage,,,,001_Handbook_of_the_Swatow_Vernacular > Lesson XXIII. hostilities.,160
hêng-lí,,hêng-lí,,,行李,,Baggage,,,,001_Handbook_of_the_Swatow_Vernacular > Lesson XXIII. hostilities.,160
Iâⁿ-pûaⁿ,,Iâⁿ-pûaⁿ,,,營盤,,Camp,,,,001_Handbook_of_the_Swatow_Vernacular > Lesson XXIII. hostilities.,160
Tshàng-iâⁿ,,Tshàng-iâⁿ,,,創營,,Encamp,,,,001_Handbook_of_the_Swatow_Vernacular > Lesson XXIII. hostilities.,160
Sie-thâi,,Sie-thâi,,,相刣,,"War, a",,,,001_Handbook_of_the_Swatow_Vernacular > Lesson XXIII. hostilities.,160
kau-chièn,,kau-chièn,,,交戰,,"War, a",,,,001_Handbook_of_the_Swatow_Vernacular > Lesson XXIII. hostilities.,160
Thâi-iâⁿ,,Thâi-iâⁿ,,,刣贏,,"Victory, gain a",,,,001_Handbook_of_the_Swatow_Vernacular > Lesson XXIII. hostilities.,160
chièn-iâⁿ,,chièn-iâⁿ,,,戰贏,,"Victory, gain a",,,,001_Handbook_of_the_Swatow_Vernacular > Lesson XXIII. hostilities.,160
Thâi-su,,Thâi-su,,,刣輸,,"Victory, lose a",,,,001_Handbook_of_the_Swatow_Vernacular > Lesson XXIII. hostilities.,160
chièn-su,,chièn-su,,,戰輸,,"Victory, lose a",,,,001_Handbook_of_the_Swatow_Vernacular > Lesson XXIII. hostilities.,160
Tít,,Tít,,,直,,"Settle, to",,,,001_Handbook_of_the_Swatow_Vernacular > Lesson XXIII. hostilities.,160
Pûe,,Pûe,,,賠,,"Indemnify, to",,,,001_Handbook_of_the_Swatow_Vernacular > Lesson XXIII. hostilities.,160
Hûa,,Hûa,,,和,,"Reconcile, to",,,,001_Handbook_of_the_Swatow_Vernacular > Lesson XXIII. hostilities.,160
Kiâⁿ-hûa,,Kiâⁿ-hûa,,,行和,,"Negotiations, for peace",,,,001_Handbook_of_the_Swatow_Vernacular > Lesson XXIII. hostilities.,160
Siãng-tì,,Siãng-tì,,,上帝,,"God, called by Protestant Christians",,,,001_Handbook_of_the_Swatow_Vernacular > Lesson XXIV. religious.,161
Thien-tsú,,Thien-tsú,,,天主,,"God, called by Roman Catholics",,,,001_Handbook_of_the_Swatow_Vernacular > Lesson XXIV. religious.,161
Iâ-sou,,Iâ-sou,,,耶穌,,Jesus,,,,001_Handbook_of_the_Swatow_Vernacular > Lesson XXIV. religious.,161
Ki-tok,,Ki-tok,,,基督,,Christ,,,,001_Handbook_of_the_Swatow_Vernacular > Lesson XXIV. religious.,161
Siàⁿ-sîn,,Siàⁿ-sîn,,,聖神,,Holy Spirit,,,,001_Handbook_of_the_Swatow_Vernacular > Lesson XXIV. religious.,161
Tsú,,Tsú,,,主,,Lord,,,,001_Handbook_of_the_Swatow_Vernacular > Lesson XXIV. religious.,161
Kiù-tsú,,Kiù-tsú,,,救主,,Saviour,,,,001_Handbook_of_the_Swatow_Vernacular > Lesson XXIV. religious.,161
Tong-pó,,Tong-pó,,,中保,中寶,Mediator,,,,001_Handbook_of_the_Swatow_Vernacular > Lesson XXIV. religious.,161
Mók-sṳ,,Mók-sṳ,,,牧師,,"Pastor, Protestant",,,,001_Handbook_of_the_Swatow_Vernacular > Lesson XXIV. religious.,161
Sîn-hũ,,Sîn-hũ,,,神父,神輔,"Pastor, Roman Catholic",,,,001_Handbook_of_the_Swatow_Vernacular > Lesson XXIV. religious.,161
Thuân-tõ-lí,,Thuân-tõ-lí,,,傳道理,,"Preach, to",,,,001_Handbook_of_the_Swatow_Vernacular > Lesson XXIV. religious.,161
Thuân-tõ-lí--kâi-nâng,,Thuân-tõ-lí--kâi-nâng,,,傳道理个人[訓],傳道理之人[訓],"Preacher, a",,,,001_Handbook_of_the_Swatow_Vernacular > Lesson XXIV. religious.,161
Hõng-kà,,Hõng-kà,,,奉教,,Christians,,,,001_Handbook_of_the_Swatow_Vernacular > Lesson XXIV. religious.,161
Iâ-sou-kà,,Iâ-sou-kà,,,耶穌教,,"Christians, Protestant",,,,001_Handbook_of_the_Swatow_Vernacular > Lesson XXIV. religious.,161
pài-siãng-tì-nâng,,pài-siãng-tì-nâng,,,拜上帝人[訓],,"Christians, Protestant",,,,001_Handbook_of_the_Swatow_Vernacular > Lesson XXIV. religious.,161
Thien-tsú-kà,,Thien-tsú-kà,,,天主教,,"Christians, R. Catholics",,,,001_Handbook_of_the_Swatow_Vernacular > Lesson XXIV. religious.,161
Tshap-hõng-kà,,Tshap-hõng-kà,,,入奉教,,"Christians, to be",,,,001_Handbook_of_the_Swatow_Vernacular > Lesson XXIV. religious.,161
jíp-kà,,jíp-kà,,,入教,,"Christians, to be",,,,001_Handbook_of_the_Swatow_Vernacular > Lesson XXIV. religious.,161
Siàⁿ-hũe,,Siàⁿ-hũe,,,聖會,,"Church, members",,,,001_Handbook_of_the_Swatow_Vernacular > Lesson XXIV. religious.,161
Lói-pài-tn̂g,,Lói-pài-tn̂g,,,禮拜堂,,"Church, building",,,,001_Handbook_of_the_Swatow_Vernacular > Lesson XXIV. religious.,161
Sèng-tn̂g,,Sèng-tn̂g,,,聖堂,,"Church, building, Roman Catholics",,,,001_Handbook_of_the_Swatow_Vernacular > Lesson XXIV. religious.,162
Tsáp-jī-kè,,Tsáp-jī-kè,,,十字架,,Cross,,,,001_Handbook_of_the_Swatow_Vernacular > Lesson XXIV. religious.,162
Sièⁿ,,Sièⁿ,,,像,,Image,,,,001_Handbook_of_the_Swatow_Vernacular > Lesson XXIV. religious.,162
Lãu-iâ,,Lãu-iâ,,,老爺,,Idol,,,,001_Handbook_of_the_Swatow_Vernacular > Lesson XXIV. religious.,162
Máⁿ-tsóu,,Máⁿ-tsóu,,,媽祖,,Goddess of Sailors,,,,001_Handbook_of_the_Swatow_Vernacular > Lesson XXIV. religious.,162
Hút,,Hút,,,佛,,Buddha,,,,001_Handbook_of_the_Swatow_Vernacular > Lesson XXIV. religious.,162
hút-tsóu,,hút-tsóu,,,佛祖,,Buddha,,,,001_Handbook_of_the_Swatow_Vernacular > Lesson XXIV. religious.,162
Hûe-sièⁿ,,Hûe-sièⁿ,,,和尙,,Buddhist priest,,,,001_Handbook_of_the_Swatow_Vernacular > Lesson XXIV. religious.,162
Sai-kong,,Sai-kong,,,司公,,Tauist „,,,,001_Handbook_of_the_Swatow_Vernacular > Lesson XXIV. religious.,162
Nîⁿ-kou-phûa,,Nîⁿ-kou-phûa,,,尼姑婆,妮姑婆,Priestess,,,,001_Handbook_of_the_Swatow_Vernacular > Lesson XXIV. religious.,162
Tâng-sin,,Tâng-sin,,,童身,,"Sorcerer, a",,,,001_Handbook_of_the_Swatow_Vernacular > Lesson XXIV. religious.,162
tâng-ki,,tâng-ki,,,童乩,,"Sorcerer, a",,,,001_Handbook_of_the_Swatow_Vernacular > Lesson XXIV. religious.,162
Lóh-sîn-phûa,,Lóh-sîn-phûa,,,落神婆,,"Sorceress, a",,,,001_Handbook_of_the_Swatow_Vernacular > Lesson XXIV. religious.,162
Khuàⁿ-miãⁿ sin-seⁿ,,Khuàⁿ-miãⁿ sin-seⁿ,,,看命先生,,"Fortune teller, a",,,,001_Handbook_of_the_Swatow_Vernacular > Lesson XXIV. religious.,162
pok-khùe sin-seⁿ,,pok-khùe sin-seⁿ,,,卜卦先生,,"Fortune teller, a",,,,001_Handbook_of_the_Swatow_Vernacular > Lesson XXIV. religious.,162
Thóiⁿ-huang-tsúi sin-seⁿ,,Thóiⁿ-huang-tsúi sin-seⁿ,,,睇風水先生,看風水先生,"Geomancer, a",,,,001_Handbook_of_the_Swatow_Vernacular > Lesson XXIV. religious.,162
Lãu-iâ-keng,,Lãu-iâ-keng,,,老爺宮,,"Temple, a",,,,001_Handbook_of_the_Swatow_Vernacular > Lesson XXIV. religious.,162
Am,,Am,,,庵,菴,"Monastery, a",,,,001_Handbook_of_the_Swatow_Vernacular > Lesson XXIV. religious.,162
Sṳ̂-tn̂g,,Sṳ̂-tn̂g,,,祠堂,,Ancestral hall,,,,001_Handbook_of_the_Swatow_Vernacular > Lesson XXIV. religious.,162
Ke-sîn,,Ke-sîn,,,家神,,"Ancestral hall, tablet",,,,001_Handbook_of_the_Swatow_Vernacular > Lesson XXIV. religious.,162
Sîn-kham,,Sîn-kham,,,神龕,,Shrine,,,,001_Handbook_of_the_Swatow_Vernacular > Lesson XXIV. religious.,162
Hieⁿ-lôu,,Hieⁿ-lôu,,,香爐,,"Censor, a",,,,001_Handbook_of_the_Swatow_Vernacular > Lesson XXIV. religious.,162
Hieⁿ,,Hieⁿ,,,香,,Incense,,,,001_Handbook_of_the_Swatow_Vernacular > Lesson XXIV. religious.,163
Chîⁿ-tsúa,,Chîⁿ-tsúa,,,錢紙,,Sacrificial paper,,,,001_Handbook_of_the_Swatow_Vernacular > Lesson XXIV. religious.,163
ngṳ̂n-tiãⁿ,,ngṳ̂n-tiãⁿ,,,銀錠,,Sacrificial paper,,,,001_Handbook_of_the_Swatow_Vernacular > Lesson XXIV. religious.,163
Pài,,Pài,,,拜,,"Worship, to",,,,001_Handbook_of_the_Swatow_Vernacular > Lesson XXIV. religious.,163
Pài-lãu-iâ,,Pài-lãu-iâ,,,拜老爺,,"Worship, idols",,,,001_Handbook_of_the_Swatow_Vernacular > Lesson XXIV. religious.,163
Pài-a-kong,,Pài-a-kong,,,拜阿公,拜亞公,"Worship, ancestors",,,,001_Handbook_of_the_Swatow_Vernacular > Lesson XXIV. religious.,163
Thák-keng,,Thák-keng,,,讀經,,Recite prayers,,,,001_Handbook_of_the_Swatow_Vernacular > Lesson XXIV. religious.,163
liām-keng,,liām-keng,,,唸經,,Recite prayers,,,,001_Handbook_of_the_Swatow_Vernacular > Lesson XXIV. religious.,163
Lok-chhiam,,Lok-chhiam,,,搖籤,,Divination by bamboo slips,,,,001_Handbook_of_the_Swatow_Vernacular > Lesson XXIV. religious.,163
Puáh-pue,,Puáh-pue,,,拔杯,,Divination by bamboo roots,,,,001_Handbook_of_the_Swatow_Vernacular > Lesson XXIV. religious.,163
Hõng,,Hõng,,,奉,,"Offering, an",,,,001_Handbook_of_the_Swatow_Vernacular > Lesson XXIV. religious.,163
Saⁿ-seⁿ,,Saⁿ-seⁿ,,,三牲,,The three kinds of offerings,,,,001_Handbook_of_the_Swatow_Vernacular > Lesson XXIV. religious.,163
Ngóu-seⁿ,,Ngóu-seⁿ,,,五牲,伍牲,The five kinds of offerings,,,,001_Handbook_of_the_Swatow_Vernacular > Lesson XXIV. religious.,163
Tsò-tsoih,,Tsò-tsoih,,,做節,,Festival day,,,,001_Handbook_of_the_Swatow_Vernacular > Lesson XXIV. religious.,163
Hì,,Hì,,,戲,,"Theatre, a",,,,001_Handbook_of_the_Swatow_Vernacular > Lesson XXIV. religious.,163
Iâⁿ-Lãu-iâ,,Iâⁿ-Lãu-iâ,,,迎老爺,,Procession of a god,,,,001_Handbook_of_the_Swatow_Vernacular > Lesson XXIV. religious.,163
Tshṳ̂,,Tshṳ̂,,,慈,,Merciful,,,,001_Handbook_of_the_Swatow_Vernacular > Lesson XXIV. religious.,163
Sià-tsũe,,Sià-tsũe,,,赦罪,宥罪,"Pardon, to",,,,001_Handbook_of_the_Swatow_Vernacular > Lesson XXIV. religious.,163
Kiù,,Kiù,,,救,,"Save, to",,,,001_Handbook_of_the_Swatow_Vernacular > Lesson XXIV. religious.,163
Phêng-an,,Phêng-an,,,平安,,Peace,,,,001_Handbook_of_the_Swatow_Vernacular > Lesson XXIV. religious.,163
Khó-liên,,Khó-liên,,,可憐,,Compassion,,,,001_Handbook_of_the_Swatow_Vernacular > Lesson XXIV. religious.,163
Thói-thiap,,Thói-thiap,,,體貼,,Sympathy,,,,001_Handbook_of_the_Swatow_Vernacular > Lesson XXIV. religious.,163
Hok-khì,,Hok-khì,,,福氣,,Happiness,,,,001_Handbook_of_the_Swatow_Vernacular > Lesson XXIV. religious.,164
Chhi-tshám,,Chhi-tshám,,,淒慘,悽慘,Misery,,,,001_Handbook_of_the_Swatow_Vernacular > Lesson XXIV. religious.,164
kan-khóu,,kan-khóu,,,艱苦,,Misery,,,,001_Handbook_of_the_Swatow_Vernacular > Lesson XXIV. religious.,164
Thiⁿ-sài,,Thiⁿ-sài,,,天使,天師,Angel,,,,001_Handbook_of_the_Swatow_Vernacular > Lesson XXIV. religious.,164
Môⁿ-kúi,,Môⁿ-kúi,,,魔鬼,,Devil,,,,001_Handbook_of_the_Swatow_Vernacular > Lesson XXIV. religious.,164
Kúi,,Kúi,,,鬼,,Demon,,,,001_Handbook_of_the_Swatow_Vernacular > Lesson XXIV. religious.,164
Thiⁿ-tn̂g,,Thiⁿ-tn̂g,,,天堂,,Heaven,,,,001_Handbook_of_the_Swatow_Vernacular > Lesson XXIV. religious.,164
Tī-gék,,Tī-gék,,,地獄,,Hell,,,,001_Handbook_of_the_Swatow_Vernacular > Lesson XXIV. religious.,164
Siàⁿ-tsṳ,,Siàⁿ-tsṳ,,,聖書,,The Bible,,,,001_Handbook_of_the_Swatow_Vernacular > Lesson XXIV. religious.,164
Kū-ieh,,Kū-ieh,,,舊約,,Old Testament,,,,001_Handbook_of_the_Swatow_Vernacular > Lesson XXIV. religious.,164
Sin-ieh,,Sin-ieh,,,新約,,New Testament,,,,001_Handbook_of_the_Swatow_Vernacular > Lesson XXIV. religious.,164
Tsáp-kài,,Tsáp-kài,,,十戒,,Ten Commandments,,,,001_Handbook_of_the_Swatow_Vernacular > Lesson XXIV. religious.,164
Sîn-si,,Sîn-si,,,神詩,,Hymn book,,,,001_Handbook_of_the_Swatow_Vernacular > Lesson XXIV. religious.,164
Ngîm-si,,Ngîm-si,,,吟詩,,Sing hymns,,,,001_Handbook_of_the_Swatow_Vernacular > Lesson XXIV. religious.,164
Tõ-lí,,Tõ-lí,,,道理,,Doctrine,,,,001_Handbook_of_the_Swatow_Vernacular > Lesson XXIV. religious.,164
Lói-siòu,,Lói-siòu,,,禮數,,Ceremonies,,,,001_Handbook_of_the_Swatow_Vernacular > Lesson XXIV. religious.,164
Sói-lói,,Sói-lói,,,洗禮,,Baptism,,,,001_Handbook_of_the_Swatow_Vernacular > Lesson XXIV. religious.,164
Mńg-tshan,,Mńg-tshan,,,晚餐,晚餮,Lord Supper,,,,001_Handbook_of_the_Swatow_Vernacular > Lesson XXIV. religious.,164
Pńg-hūn,,Pńg-hūn,,,本分,,Duties,,,,001_Handbook_of_the_Swatow_Vernacular > Lesson XXIV. religious.,164
Khî-táu,,Khî-táu,,,祈禱,,"Pray, to",,,,001_Handbook_of_the_Swatow_Vernacular > Lesson XXIV. religious.,164
O-ló,,O-ló,,,呵咾,稱誦,"Praise, to",,,,001_Handbook_of_the_Swatow_Vernacular > Lesson XXIV. religious.,164
Sìn,,Sìn,,,信,,Faith,,,,001_Handbook_of_the_Swatow_Vernacular > Lesson XXIV. religious.,165
Kói-pìⁿ,,Kói-pìⁿ,,,改變,攺變,"Repent, to",,,,001_Handbook_of_the_Swatow_Vernacular > Lesson XXIV. religious.,165
Kiâⁿ-hàu,,Kiâⁿ-hàu,,,行孝,,Filial piety,,,,001_Handbook_of_the_Swatow_Vernacular > Lesson XXIV. religious.,165
Sêng-sít,,Sêng-sít,,,誠實,,Honesty,,,,001_Handbook_of_the_Swatow_Vernacular > Lesson XXIV. religious.,165
Siàⁿ,,Siàⁿ,,,聖,,Holy,,,,001_Handbook_of_the_Swatow_Vernacular > Lesson XXIV. religious.,165
Tham-sim,,Tham-sim,,,貪心,,Covetousness,,,,001_Handbook_of_the_Swatow_Vernacular > Lesson XXIV. religious.,165
Soiⁿ-tsóu,,Soiⁿ-tsóu,,,先祖,,Ancestors,,,,001_Handbook_of_the_Swatow_Vernacular > Lesson XXV. relationships.,165
tsóu-kong,,tsóu-kong,,,祖公,,Ancestors,,,,001_Handbook_of_the_Swatow_Vernacular > Lesson XXV. relationships.,165
Lãu-kong,,Lãu-kong,,,老公,,"Great-grand-father, paternal",,,,001_Handbook_of_the_Swatow_Vernacular > Lesson XXV. relationships.,165
Lãu-máⁿ,,Lãu-máⁿ,,,老媽,,"Great-grand-mother, paternal",,,,001_Handbook_of_the_Swatow_Vernacular > Lesson XXV. relationships.,165
A-kong,,A-kong,,,阿公,亞公,"Grand-father, paternal",,,,001_Handbook_of_the_Swatow_Vernacular > Lesson XXV. relationships.,165
tsóu-pẽ,,tsóu-pẽ,,,祖父,,"Grand-father, paternal",,,,001_Handbook_of_the_Swatow_Vernacular > Lesson XXV. relationships.,165
A-má,,A-má,,,阿媽,亞媽,"Grand-mother, paternal",,,,001_Handbook_of_the_Swatow_Vernacular > Lesson XXV. relationships.,165
tsóu-bó,,tsóu-bó,,,祖母,,"Grand-mother, paternal",,,,001_Handbook_of_the_Swatow_Vernacular > Lesson XXV. relationships.,165
Gūa-kong,,Gūa-kong,,,外公,,"Grand-father, maternal",,,,001_Handbook_of_the_Swatow_Vernacular > Lesson XXV. relationships.,165
Gūa-máⁿ,,Gūa-máⁿ,,,外媽,,"Grand-mother, maternal",,,,001_Handbook_of_the_Swatow_Vernacular > Lesson XXV. relationships.,165
Lãu-peh,,Lãu-peh,,,老伯,,"Grand-uncle, elder, paternal",,,,001_Handbook_of_the_Swatow_Vernacular > Lesson XXV. relationships.,165
Lãu-chek,,Lãu-chek,,,老叔,,"Grand-uncle, younger, paternal",,,,001_Handbook_of_the_Swatow_Vernacular > Lesson XXV. relationships.,165
Lãu-kou,,Lãu-kou,,,老姑,,"Grand-aunts, paternal",,,,001_Handbook_of_the_Swatow_Vernacular > Lesson XXV. relationships.,165
A-peh,,A-peh,,,阿伯,亞伯,"Grand-uncle's child, elder, paternal",,,,001_Handbook_of_the_Swatow_Vernacular > Lesson XXV. relationships.,165
A-chek,,A-chek,,,阿叔,亞叔,"Grand-uncle's child, younger, paternal",,,,001_Handbook_of_the_Swatow_Vernacular > Lesson XXV. relationships.,165
Piè-peh,,Piè-peh,,,表伯,,"Grand-aunt's child, elder, paternal",,,,001_Handbook_of_the_Swatow_Vernacular > Lesson XXV. relationships.,166
Piè-chek,,Piè-chek,,,表叔,,"Grand-aunt's child, younger, paternal",,,,001_Handbook_of_the_Swatow_Vernacular > Lesson XXV. relationships.,166
A-pẽ,,A-pẽ,,,阿父,亞父,Father,,,,001_Handbook_of_the_Swatow_Vernacular > Lesson XXV. relationships.,166
a-tia,,a-tia,,,阿爹,亞爹,Father,,,,001_Handbook_of_the_Swatow_Vernacular > Lesson XXV. relationships.,166
Kì-pẽ,,Kì-pẽ,,,繼父,,Father step,,,,001_Handbook_of_the_Swatow_Vernacular > Lesson XXV. relationships.,166
aũ-pẽ,,aũ-pẽ,,,後父,,Father step,,,,001_Handbook_of_the_Swatow_Vernacular > Lesson XXV. relationships.,166
A-bó,,A-bó,,,阿母,亞母,Mother,,,,001_Handbook_of_the_Swatow_Vernacular > Lesson XXV. relationships.,166
a-neⁿ,,a-neⁿ,,,阿嬭,亞妮,Mother,,,,001_Handbook_of_the_Swatow_Vernacular > Lesson XXV. relationships.,166
Kì-bó,,Kì-bó,,,繼母,,Mother step,,,,001_Handbook_of_the_Swatow_Vernacular > Lesson XXV. relationships.,166
A-peh,,A-peh,,,阿伯,亞伯,Elder paternal uncle,,,,001_Handbook_of_the_Swatow_Vernacular > Lesson XXV. relationships.,166
A-ḿ,,A-ḿ,,,阿姆,亞姆,Elder paternal uncle's wife,,,,001_Handbook_of_the_Swatow_Vernacular > Lesson XXV. relationships.,166
A-chek,,A-chek,,,阿叔,亞叔,Younger paternal uncle,,,,001_Handbook_of_the_Swatow_Vernacular > Lesson XXV. relationships.,166
A-sím,,A-sím,,,阿嬸,亞嬸,Younger paternal uncle's wife,,,,001_Handbook_of_the_Swatow_Vernacular > Lesson XXV. relationships.,166
Bó-kũ,,Bó-kũ,,,母舅,,Maternal uncle,,,,001_Handbook_of_the_Swatow_Vernacular > Lesson XXV. relationships.,166
a-kũ,,a-kũ,,,阿舅,亞舅,Maternal uncle,,,,001_Handbook_of_the_Swatow_Vernacular > Lesson XXV. relationships.,166
Tūa-kũ,,Tūa-kũ,,,大舅,,"Maternal uncle, elder",,,,001_Handbook_of_the_Swatow_Vernacular > Lesson XXV. relationships.,166
Sòi-kũ,,Sòi-kũ,,,細舅,,"Maternal uncle, younger",,,,001_Handbook_of_the_Swatow_Vernacular > Lesson XXV. relationships.,166
A-kĩm,,A-kĩm,,,阿妗,亞妗,Maternal uncle's wife,,,,001_Handbook_of_the_Swatow_Vernacular > Lesson XXV. relationships.,166
Thâng-hiaⁿ-tĩ,,Thâng-hiaⁿ-tĩ,,,堂兄弟,,Paternal uncle's sons,,,,001_Handbook_of_the_Swatow_Vernacular > Lesson XXV. relationships.,166
Thâng-chí-mūeⁿ,,Thâng-chí-mūeⁿ,,,堂姊妹,,Paternal uncle's daughters,,,,001_Handbook_of_the_Swatow_Vernacular > Lesson XXV. relationships.,166
Pié-hiaⁿ-tĩ,,Pié-hiaⁿ-tĩ,,,表兄弟,,Maternal uncle's sons,,,,001_Handbook_of_the_Swatow_Vernacular > Lesson XXV. relationships.,166
Pié-chí-mūeⁿ,,Pié-chí-mūeⁿ,,,表姊妹,,Maternal uncle's daughters,,,,001_Handbook_of_the_Swatow_Vernacular > Lesson XXV. relationships.,166
A-kou,,A-kou,,,阿姑,亞姑,Paternal aunt,,,,001_Handbook_of_the_Swatow_Vernacular > Lesson XXV. relationships.,166
Tūa-kou,,Tūa-kou,,,大姑,,"Paternal aunt, elder",,,,001_Handbook_of_the_Swatow_Vernacular > Lesson XXV. relationships.,166
Sòi-kou,,Sòi-kou,,,細姑,,"Paternal aunt, younger",,,,001_Handbook_of_the_Swatow_Vernacular > Lesson XXV. relationships.,167
Kou-tiẽⁿ,,Kou-tiẽⁿ,,,姑丈,,Paternal aunt's husband,,,,001_Handbook_of_the_Swatow_Vernacular > Lesson XXV. relationships.,167
a-tiẽⁿ,,a-tiẽⁿ,,,阿丈,亞丈,Paternal aunt's husband,,,,001_Handbook_of_the_Swatow_Vernacular > Lesson XXV. relationships.,167
Pié-hiaⁿ-tĩ,,Pié-hiaⁿ-tĩ,,,表兄弟,,Paternal aunt's sons,,,,001_Handbook_of_the_Swatow_Vernacular > Lesson XXV. relationships.,167
Pié-ché-mūeⁿ,,Pié-ché-mūeⁿ,,,表姐妹,,Paternal aunt's daughters,,,,001_Handbook_of_the_Swatow_Vernacular > Lesson XXV. relationships.,167
A-î,,A-î,,,阿姨,亞姨,Maternal aunt,,,,001_Handbook_of_the_Swatow_Vernacular > Lesson XXV. relationships.,167
Tūa-î,,Tūa-î,,,大姨,,"Maternal aunt, elder",,,,001_Handbook_of_the_Swatow_Vernacular > Lesson XXV. relationships.,167
Sòi-î,,Sòi-î,,,細姨,,"Maternal aunt, younger",,,,001_Handbook_of_the_Swatow_Vernacular > Lesson XXV. relationships.,167
Î-tiẽⁿ,,Î-tiẽⁿ,,,姨丈,,Maternal aunt's husband,,,,001_Handbook_of_the_Swatow_Vernacular > Lesson XXV. relationships.,167
a-tiẽⁿ,,a-tiẽⁿ,,,阿丈,亞丈,Maternal aunt's husband,,,,001_Handbook_of_the_Swatow_Vernacular > Lesson XXV. relationships.,167
Pié-hiaⁿ-tĩ,,Pié-hiaⁿ-tĩ,,,表兄弟,,Maternal aunt's sons,,,,001_Handbook_of_the_Swatow_Vernacular > Lesson XXV. relationships.,167
Pié-ché-mūeⁿ,,Pié-ché-mūeⁿ,,,表姐妹,,Maternal aunt's daughters,,,,001_Handbook_of_the_Swatow_Vernacular > Lesson XXV. relationships.,167
A-hiaⁿ,,A-hiaⁿ,,,阿兄,亞兄,"Brother, elder",,,,001_Handbook_of_the_Swatow_Vernacular > Lesson XXV. relationships.,167
A-tĩ,,A-tĩ,,,阿弟,亞弟,"Brother, younger",,,,001_Handbook_of_the_Swatow_Vernacular > Lesson XXV. relationships.,167
A-só,,A-só,,,阿嫂,亞嫂,Elder brother's wife,,,,001_Handbook_of_the_Swatow_Vernacular > Lesson XXV. relationships.,167
Tiét,,Tiét,,,姪,,Brother's son,,,,001_Handbook_of_the_Swatow_Vernacular > Lesson XXV. relationships.,167
tau-sun,,tau-sun,,,姪孫,,Brother's son,,,,001_Handbook_of_the_Swatow_Vernacular > Lesson XXV. relationships.,167
Tiét-nńg,,Tiét-nńg,,,姪女,,Brother's daughter,,,,001_Handbook_of_the_Swatow_Vernacular > Lesson XXV. relationships.,167
tsáu-sun,,tsáu-sun,,,女孫,,Brother's daughter,,,,001_Handbook_of_the_Swatow_Vernacular > Lesson XXV. relationships.,167
A-ché,,A-ché,,,阿姐,亞姐,"Sister, elder",,,,001_Handbook_of_the_Swatow_Vernacular > Lesson XXV. relationships.,167
A-mūeⁿ,,A-mūeⁿ,,,阿妹,亞妹,"Sister, younger",,,,001_Handbook_of_the_Swatow_Vernacular > Lesson XXV. relationships.,167
A-nn̂g,,A-nn̂g,,,阿郎,亞郞,Sister's husband,,,,001_Handbook_of_the_Swatow_Vernacular > Lesson XXV. relationships.,167
Gūa-seng,,Gūa-seng,,,外甥,,Sister's son,,,,001_Handbook_of_the_Swatow_Vernacular > Lesson XXV. relationships.,167
Gūa-seng-nńg,,Gūa-seng-nńg,,,外甥女,,Sister's daughter,,,,001_Handbook_of_the_Swatow_Vernacular > Lesson XXV. relationships.,167
Kiáⁿ,,Kiáⁿ,,,囝,仔,Son,,,,001_Handbook_of_the_Swatow_Vernacular > Lesson XXV. relationships.,168
Sin-pũ,,Sin-pũ,,,新婦,媳婦,Son's wife,,,,001_Handbook_of_the_Swatow_Vernacular > Lesson XXV. relationships.,168
Lãi-sun,,Lãi-sun,,,內孫,,Son's son,,,,001_Handbook_of_the_Swatow_Vernacular > Lesson XXV. relationships.,168
Lãi-tsáu-sun,,Lãi-tsáu-sun,,,內女孫,,Son's daughter,,,,001_Handbook_of_the_Swatow_Vernacular > Lesson XXV. relationships.,168
Cheng-sun,,Cheng-sun,,,曾孫,,Son's son's son,,,,001_Handbook_of_the_Swatow_Vernacular > Lesson XXV. relationships.,168
Cheng-tsáu-sun,,Cheng-tsáu-sun,,,曾女孫,,Son's son's daughter,,,,001_Handbook_of_the_Swatow_Vernacular > Lesson XXV. relationships.,168
Tsáu-kiáⁿ,,Tsáu-kiáⁿ,,,走囝,走仔,Daughter,,,,001_Handbook_of_the_Swatow_Vernacular > Lesson XXV. relationships.,168
Kiáⁿ-sài,,Kiáⁿ-sài,,,囝婿,仔婿,Daughter's husband,,,,001_Handbook_of_the_Swatow_Vernacular > Lesson XXV. relationships.,168
Gūa-sun,,Gūa-sun,,,外孫,,Daughter's son,,,,001_Handbook_of_the_Swatow_Vernacular > Lesson XXV. relationships.,168
Gūa-tsáu-sun,,Gūa-tsáu-sun,,,外女孫,,Daughter's daughter,,,,001_Handbook_of_the_Swatow_Vernacular > Lesson XXV. relationships.,168
Ang,,Ang,,,翁,,Husband,,,,001_Handbook_of_the_Swatow_Vernacular > Lesson XXV. relationships.,168
jî-sài,,jî-sài,,,兒婿,,Husband,,,,001_Handbook_of_the_Swatow_Vernacular > Lesson XXV. relationships.,168
chiãng-hu,,chiãng-hu,,,丈夫,,Husband,,,,001_Handbook_of_the_Swatow_Vernacular > Lesson XXV. relationships.,168
Bóu,,Bóu,,,婦,,Wife,,,,001_Handbook_of_the_Swatow_Vernacular > Lesson XXV. relationships.,168
chhi,,chhi,,,妻,,Wife,,,,001_Handbook_of_the_Swatow_Vernacular > Lesson XXV. relationships.,168
lãu-phûa,,lãu-phûa,,,老婆,,Wife,,,,001_Handbook_of_the_Swatow_Vernacular > Lesson XXV. relationships.,168
Tiẽⁿ-nâng,,Tiẽⁿ-nâng,,,丈人[訓],,Husband's father-in-law,,,,001_Handbook_of_the_Swatow_Vernacular > Lesson XXV. relationships.,168
ngák-pẽ,,ngák-pẽ,,,岳父,,Husband's father-in-law,,,,001_Handbook_of_the_Swatow_Vernacular > Lesson XXV. relationships.,168
Tiẽⁿ-ḿ-phûa,,Tiẽⁿ-ḿ-phûa,,,丈姆婆,,Husband's mother-in-law,,,,001_Handbook_of_the_Swatow_Vernacular > Lesson XXV. relationships.,168
ngák-bó,,ngák-bó,,,岳母,,Husband's mother-in-law,,,,001_Handbook_of_the_Swatow_Vernacular > Lesson XXV. relationships.,168
Ta-kuaⁿ,,Ta-kuaⁿ,,,大官,,Wife's father-in-law,,,,001_Handbook_of_the_Swatow_Vernacular > Lesson XXV. relationships.,168
Ta-ke,,Ta-ke,,,大家,,Wife's mother-in-law,,,,001_Handbook_of_the_Swatow_Vernacular > Lesson XXV. relationships.,168
Chhin-ke,,Chhin-ke,,,親家,,Daughter-in-law's father,,,,001_Handbook_of_the_Swatow_Vernacular > Lesson XXV. relationships.,168
Chheⁿ-ḿ,,Chheⁿ-ḿ,,,親姆,,Daughter-in-law's mother,,,,001_Handbook_of_the_Swatow_Vernacular > Lesson XXV. relationships.,168
Chhi-kũ,,Chhi-kũ,,,妻舅,,Wife's brothers,,,,001_Handbook_of_the_Swatow_Vernacular > Lesson XXV. relationships.,168
a-kũ,,a-kũ,,,阿舅,亞舅,Wife's brothers,,,,001_Handbook_of_the_Swatow_Vernacular > Lesson XXV. relationships.,168
A-î,,A-î,,,阿姨,亞姨,Wife's sisters,,,,001_Handbook_of_the_Swatow_Vernacular > Lesson XXV. relationships.,168
A-peh,,A-peh,,,阿伯,亞伯,Husband's elder brother,,,,001_Handbook_of_the_Swatow_Vernacular > Lesson XXV. relationships.,169
A-chek,,A-chek,,,阿叔,亞叔,Husband's younger brother,,,,001_Handbook_of_the_Swatow_Vernacular > Lesson XXV. relationships.,169
Tūa-kou,,Tūa-kou,,,大姑,,Husband's elder sister,,,,001_Handbook_of_the_Swatow_Vernacular > Lesson XXV. relationships.,169
Sòi-kou,,Sòi-kou,,,細姑,,Husband's younger sister,,,,001_Handbook_of_the_Swatow_Vernacular > Lesson XXV. relationships.,169
Sun-pũ,,Sun-pũ,,,孫婦,,Nephew's wife,,,,001_Handbook_of_the_Swatow_Vernacular > Lesson XXV. relationships.,169
Thâng-sun-sài,,Thâng-sun-sài,,,堂孫婿,,Niece's husband,,,,001_Handbook_of_the_Swatow_Vernacular > Lesson XXV. relationships.,169
Pẽ-bó,,Pẽ-bó,,,父母,,Parents,,,,001_Handbook_of_the_Swatow_Vernacular > Lesson XXV. relationships.,169
Chhin-chhek,,Chhin-chhek,,,親戚,,"Relative, one's own",,,,001_Handbook_of_the_Swatow_Vernacular > Lesson XXV. relationships.,169
Chhin-chiâⁿ,,Chhin-chiâⁿ,,,親情,親⿰忄靑,"Relative, by marriage",,,,001_Handbook_of_the_Swatow_Vernacular > Lesson XXV. relationships.,169
Sang-seⁿ,,Sang-seⁿ,,,雙生,,Twins,,,,001_Handbook_of_the_Swatow_Vernacular > Lesson XXV. relationships.,169
Ke,,Ke,,,家,,Family,,,,001_Handbook_of_the_Swatow_Vernacular > Lesson XXV. relationships.,169
Sèⁿ,,Sèⁿ,,,姓,,Surname,,,,001_Handbook_of_the_Swatow_Vernacular > Lesson XXV. relationships.,169
Chhin-nâng,,Chhin-nâng,,,親人[訓],,Surname of the same clan,,,,001_Handbook_of_the_Swatow_Vernacular > Lesson XXV. relationships.,169
Kiáⁿ-sun,,Kiáⁿ-sun,,,囝孫,子孫,Posterity,,,,001_Handbook_of_the_Swatow_Vernacular > Lesson XXV. relationships.,169
Âng-hue-nńg,,Âng-hue-nńg,,,紅花女,,"Virgin, a",,,,001_Handbook_of_the_Swatow_Vernacular > Lesson XXV. relationships.,169
Sin-nâng-tia,,Sin-nâng-tia,,,新人[訓]爹,,Bridegroom,,,,001_Handbook_of_the_Swatow_Vernacular > Lesson XXV. relationships.,169
Sin-niêⁿ,,Sin-niêⁿ,,,新娘,,Bride,,,,001_Handbook_of_the_Swatow_Vernacular > Lesson XXV. relationships.,169
sin-nâng,,sin-nâng,,,新人[訓],,Bride,,,,001_Handbook_of_the_Swatow_Vernacular > Lesson XXV. relationships.,169
Tsò,,Tsò,,,做,,"Betroth, to",,,,001_Handbook_of_the_Swatow_Vernacular > Lesson XXV. relationships.,169
Phiàⁿ-kim,,Phiàⁿ-kim,,,聘金,,Betrothed money,,,,001_Handbook_of_the_Swatow_Vernacular > Lesson XXV. relationships.,169
Bûe-nâng,,Bûe-nâng,,,媒人[訓],,"Middle-man, a",,,,001_Handbook_of_the_Swatow_Vernacular > Lesson XXV. relationships.,169
Tshūa-bóu,,Tshūa-bóu,,,娶婦,娶妻,"Marry, a wife",,,,001_Handbook_of_the_Swatow_Vernacular > Lesson XXV. relationships.,170
Kè,,Kè,,,嫁,,"Marry, a husband",,,,001_Handbook_of_the_Swatow_Vernacular > Lesson XXV. relationships.,170
Siú-kúa,,Siú-kúa,,,守寡,,"Widow, a",,,,001_Handbook_of_the_Swatow_Vernacular > Lesson XXV. relationships.,170
Sai,,Sai,,,獅,,Lion,,,,001_Handbook_of_the_Swatow_Vernacular > Lesson XXVI. a list of animals and birds.,170
Hóuⁿ,,Hóuⁿ,,,虎,,Tiger,,,,001_Handbook_of_the_Swatow_Vernacular > Lesson XXVI. a list of animals and birds.,170
lãu-hóuⁿ,,lãu-hóuⁿ,,,老虎,,Tiger,,,,001_Handbook_of_the_Swatow_Vernacular > Lesson XXVI. a list of animals and birds.,170
Chhiẽⁿ,,Chhiẽⁿ,,,象,,Elephant,,,,001_Handbook_of_the_Swatow_Vernacular > Lesson XXVI. a list of animals and birds.,170
Sai-gû,,Sai-gû,,,犀牛,,Rhinoceros,,,,001_Handbook_of_the_Swatow_Vernacular > Lesson XXVI. a list of animals and birds.,170
Lóh-thóh,,Lóh-thóh,,,駱駝,,Camel,,,,001_Handbook_of_the_Swatow_Vernacular > Lesson XXVI. a list of animals and birds.,170
Lṳ̂,,Lṳ̂,,,驢,驪,Ass,,,,001_Handbook_of_the_Swatow_Vernacular > Lesson XXVI. a list of animals and birds.,170
lô,,lô,,,騾,,Ass,,,,001_Handbook_of_the_Swatow_Vernacular > Lesson XXVI. a list of animals and birds.,170
Ték,,Ték,,,鹿,,Deer,,,,001_Handbook_of_the_Swatow_Vernacular > Lesson XXVI. a list of animals and birds.,170
Tshâi-lâng,,Tshâi-lâng,,,豺狼,,Wolf,,,,001_Handbook_of_the_Swatow_Vernacular > Lesson XXVI. a list of animals and birds.,170
Hôu-lâi,,Hôu-lâi,,,狐狸,,Fox,,,,001_Handbook_of_the_Swatow_Vernacular > Lesson XXVI. a list of animals and birds.,170
Tsûa,,Tsûa,,,蛇,,Snake,,,,001_Handbook_of_the_Swatow_Vernacular > Lesson XXVI. a list of animals and birds.,170
Kâu,,Kâu,,,猴,,Monkey,,,,001_Handbook_of_the_Swatow_Vernacular > Lesson XXVI. a list of animals and birds.,170
Suaⁿ-nâng,,Suaⁿ-nâng,,,山人[訓],,Orang-outang,,,,001_Handbook_of_the_Swatow_Vernacular > Lesson XXVI. a list of animals and birds.,170
Him,,Him,,,熊,,Bear,,,,001_Handbook_of_the_Swatow_Vernacular > Lesson XXVI. a list of animals and birds.,170
Khóng-chhieh,,Khóng-chhieh,,,孔雀,,Peacock,,,,001_Handbook_of_the_Swatow_Vernacular > Lesson XXVI. a list of animals and birds.,171
Suaⁿ-koi,,Suaⁿ-koi,,,山雞,山鷄,Pheasant,,,,001_Handbook_of_the_Swatow_Vernacular > Lesson XXVI. a list of animals and birds.,171
Hõng,,Hõng,,,鳳,,Phoenix,,,,001_Handbook_of_the_Swatow_Vernacular > Lesson XXVI. a list of animals and birds.,171
Lêng,,Lêng,,,龍,,Dragon,,,,001_Handbook_of_the_Swatow_Vernacular > Lesson XXVI. a list of animals and birds.,171
Chióu,,Chióu,,,鳥,,Bird,,,,001_Handbook_of_the_Swatow_Vernacular > Lesson XXVI. a list of animals and birds.,171
Eng-ko,,Eng-ko,,,鸚歌,,Parrot,,,,001_Handbook_of_the_Swatow_Vernacular > Lesson XXVI. a list of animals and birds.,171
Eng-pô,,Eng-pô,,,鷹婆,鸚婆,Hawk,,,,001_Handbook_of_the_Swatow_Vernacular > Lesson XXVI. a list of animals and birds.,171
Hóh,,Hóh,,,鶴,,Stork,,,,001_Handbook_of_the_Swatow_Vernacular > Lesson XXVI. a list of animals and birds.,171
péh-liōu-si,,péh-liōu-si,,,白鷺絲,,Stork,,,,001_Handbook_of_the_Swatow_Vernacular > Lesson XXVI. a list of animals and birds.,171
Chiéh-tshṳ́,,Chiéh-tshṳ́,,,石鼠,石巤,Rabbit,,,,001_Handbook_of_the_Swatow_Vernacular > Lesson XXVI. a list of animals and birds.,171
MÛaⁿ-chiah-chióu,,MÛaⁿ-chiah-chióu,,,麻雀鳥,,Sparrow,,,,001_Handbook_of_the_Swatow_Vernacular > Lesson XXVI. a list of animals and birds.,171
Hún-chióu,,Hún-chióu,,,粉鳥,,Pigeon,,,,001_Handbook_of_the_Swatow_Vernacular > Lesson XXVI. a list of animals and birds.,171
Búe-iáh,,Búe-iáh,,,尾蝶,蝴蝶,Butterfly,,,,001_Handbook_of_the_Swatow_Vernacular > Lesson XXVI. a list of animals and birds.,171
Sua-meⁿ,,Sua-meⁿ,,,沙蜢,沙𧋎,Dragon-fly,,,,001_Handbook_of_the_Swatow_Vernacular > Lesson XXVI. a list of animals and birds.,171
Tsháu-méⁿ,,Tsháu-méⁿ,,,草蜢,草蟒,Grasshopper,,,,001_Handbook_of_the_Swatow_Vernacular > Lesson XXVI. a list of animals and birds.,171
Phang,,Phang,,,蜂,,Bee,,,,001_Handbook_of_the_Swatow_Vernacular > Lesson XXVI. a list of animals and birds.,171
Tsúi-gû,,Tsúi-gû,,,水牛,,Buffalo,,,,001_Handbook_of_the_Swatow_Vernacular > Lesson XXVI. a list of animals and birds.,171
Gû,,Gû,,,牛,,Cow,,,,001_Handbook_of_the_Swatow_Vernacular > Lesson XXVI. a list of animals and birds.,171
Mîⁿ-iêⁿ,,Mîⁿ-iêⁿ,,,棉羊,麋羊,Sheep,,,,001_Handbook_of_the_Swatow_Vernacular > Lesson XXVI. a list of animals and birds.,171
Suaⁿ-iêⁿ,,Suaⁿ-iêⁿ,,,山羊,,Goat,,,,001_Handbook_of_the_Swatow_Vernacular > Lesson XXVI. a list of animals and birds.,171
Bé,,Bé,,,馬,,Horse,,,,001_Handbook_of_the_Swatow_Vernacular > Lesson XXVI. a list of animals and birds.,171
Tṳ,,Tṳ,,,豬,,Pig,,,,001_Handbook_of_the_Swatow_Vernacular > Lesson XXVI. a list of animals and birds.,172
Káu,,Káu,,,狗,,Dog,,,,001_Handbook_of_the_Swatow_Vernacular > Lesson XXVI. a list of animals and birds.,172
Ngiou,,Ngiou,,,貓,,Cat,,,,001_Handbook_of_the_Swatow_Vernacular > Lesson XXVI. a list of animals and birds.,172
Ngióu-tshṳ́,,Ngióu-tshṳ́,,,貓鼠,貓巤,Rat,,,,001_Handbook_of_the_Swatow_Vernacular > Lesson XXVI. a list of animals and birds.,172
Gê-kang,,Gê-kang,,,蜈蚣,,Centipede,,,,001_Handbook_of_the_Swatow_Vernacular > Lesson XXVI. a list of animals and birds.,172
Tsúi-koi,,Tsúi-koi,,,水雞,水鷄,Frog,,,,001_Handbook_of_the_Swatow_Vernacular > Lesson XXVI. a list of animals and birds.,172
Kap-pô,,Kap-pô,,,蛤婆,,Toad,,,,001_Handbook_of_the_Swatow_Vernacular > Lesson XXVI. a list of animals and birds.,172
Ka-tsuáh,,Ka-tsuáh,,,虼蚻,膠賊,Cockroach,,,,001_Handbook_of_the_Swatow_Vernacular > Lesson XXVI. a list of animals and birds.,172
Chîⁿ-lêng,,Chîⁿ-lêng,,,蠐龍,,Lizard,,,,001_Handbook_of_the_Swatow_Vernacular > Lesson XXVI. a list of animals and birds.,172
Bé-lêng-khiâ,,Bé-lêng-khiâ,,,馬龍騎,螳螂,"Spider, large",,,,001_Handbook_of_the_Swatow_Vernacular > Lesson XXVI. a list of animals and birds.,172
Ti-tu,,Ti-tu,,,蜘蛛,,"Spider, little",,,,001_Handbook_of_the_Swatow_Vernacular > Lesson XXVI. a list of animals and birds.,172
Hôu-sîn,,Hôu-sîn,,,胡蠅,蝴蠅,Fly,,,,001_Handbook_of_the_Swatow_Vernacular > Lesson XXVI. a list of animals and birds.,172
Máng,,Máng,,,蠓,蟒,Mosquito,,,,001_Handbook_of_the_Swatow_Vernacular > Lesson XXVI. a list of animals and birds.,172
Bun,,Bun,,,蚊,,Gnat,,,,001_Handbook_of_the_Swatow_Vernacular > Lesson XXVI. a list of animals and birds.,172
Thâng,,Thâng,,,蟲,虫,Worm,,,,001_Handbook_of_the_Swatow_Vernacular > Lesson XXVI. a list of animals and birds.,172
Chheh-hṳ̂,,Chheh-hṳ̂,,,冊魚,,"Worm, in books.",,,,001_Handbook_of_the_Swatow_Vernacular > Lesson XXVI. a list of animals and birds.,172
Hiā,,Hiā,,,蟻,,Ant,,,,001_Handbook_of_the_Swatow_Vernacular > Lesson XXVI. a list of animals and birds.,172
Ka-tsáu,,Ka-tsáu,,,虼蚤,蝨,Flea,,,,001_Handbook_of_the_Swatow_Vernacular > Lesson XXVI. a list of animals and birds.,172
Sat,,Sat,,,虱,,Louse,,,,001_Handbook_of_the_Swatow_Vernacular > Lesson XXVI. a list of animals and birds.,172
Kâi,,Kâi,,,個,,"Applied to, men and things generally.",,,,001_Handbook_of_the_Swatow_Vernacular > Lesson XXVII. a list of classifiers.,173
Liáp,,Liáp,,,粒,,"Applied to, fruit, spherical things, as balls, pills, &c.",,,,001_Handbook_of_the_Swatow_Vernacular > Lesson XXVII. a list of classifiers.,173
Tiôu,,Tiôu,,,條,,"Applied to, rivers, roads, collars, ropes, laws, hair, snakes, lizards, &c. and things in stripes.",,,,001_Handbook_of_the_Swatow_Vernacular > Lesson XXVII. a list of classifiers.,173
Ki,,Ki,,,枝,,"Applied to, masts, sticks, knives, spoons, pencils, pillars, branches of trees or plants, &c.",,,,001_Handbook_of_the_Swatow_Vernacular > Lesson XXVII. a list of classifiers.,173
Sang,,Sang,,,雙,,"Applied to, things that go in pairs, as shoes, stockings, gloves, chop-sticks, &c.",,,,001_Handbook_of_the_Swatow_Vernacular > Lesson XXVII. a list of classifiers.,173
Tùi,,Tùi,,,對,,"Applied to, things that go in pairs, as scrolls, candle-sticks, horses, &c.",,,,001_Handbook_of_the_Swatow_Vernacular > Lesson XXVII. a list of classifiers.,173
Téng,,Téng,,,頂,,"Applied to, hats, caps, sedan chairs, &c.",,,,001_Handbook_of_the_Swatow_Vernacular > Lesson XXVII. a list of classifiers.,173
Niáⁿ,,Niáⁿ,,,領,,"Applied to, coats, bed clothes, nets, mats, &c.",,,,001_Handbook_of_the_Swatow_Vernacular > Lesson XXVII. a list of classifiers.,173
Kha,,Kha,,,骹,脚,"Applied to, boxes, coffins, bangles, rings, &c.",,,,001_Handbook_of_the_Swatow_Vernacular > Lesson XXVII. a list of classifiers.,173
Koiⁿ,,Koiⁿ,,,間,,"Applied to, houses, shops, rooms.",,,,001_Handbook_of_the_Swatow_Vernacular > Lesson XXVII. a list of classifiers.,173
Tsō,,Tsō,,,座,,"Applied to, large dwelling houses, ancestral halls.",,,,001_Handbook_of_the_Swatow_Vernacular > Lesson XXVII. a list of classifiers.,173
Tieⁿ,,Tieⁿ,,,張,,"Applied to, sheets of paper, letters",,,,001_Handbook_of_the_Swatow_Vernacular > Lesson XXVII. a list of classifiers.,173
Pau,,Pau,,,包,,"Applied to, things in bundles and bales.",,,,001_Handbook_of_the_Swatow_Vernacular > Lesson XXVII. a list of classifiers.,173
Pé,,Pé,,,把,,"Applied to, bundles of wood, vegetables, flowers, &c.",,,,001_Handbook_of_the_Swatow_Vernacular > Lesson XXVII. a list of classifiers.,173
Tsâng,,Tsâng,,,欉,,"Applied to, trees, plants, vegetables.",,,,001_Handbook_of_the_Swatow_Vernacular > Lesson XXVII. a list of classifiers.,173
Tsat,,Tsat,,,節,,"Applied to, spaces between the joints on the finger, or on bamboo, sugarcane, &c.",,,,001_Handbook_of_the_Swatow_Vernacular > Lesson XXVII. a list of classifiers.,173
Chiah,,Chiah,,,隻,,"Applied to, ships, quadrupeds, birds, fowls, &c.",,,,001_Handbook_of_the_Swatow_Vernacular > Lesson XXVII. a list of classifiers.,173
Tsāi,,Tsāi,,,儎,,"Applied to, cargoes, boat loads, &c.",,,,001_Handbook_of_the_Swatow_Vernacular > Lesson XXVII. a list of classifiers.,173
Kò,,Kò,,,塊,,"Applied to, lands, gardens, boards &c., and slices or pieces of things.",,,,001_Handbook_of_the_Swatow_Vernacular > Lesson XXVII. a list of classifiers.,173
Khou,,Khou,,,箍,篐,"Applied to, dollars, bundles of firewood.",,,,001_Handbook_of_the_Swatow_Vernacular > Lesson XXVII. a list of classifiers.,174
Bóu,,Bóu,,,畝,,"Applied to, fields.",,,,001_Handbook_of_the_Swatow_Vernacular > Lesson XXVII. a list of classifiers.,174
Khûn,,Khûn,,,群,羣,"Applied to, crowds of men, herds of quadrupeds, flocks of fowls, ducks, &c.",,,,001_Handbook_of_the_Swatow_Vernacular > Lesson XXVII. a list of classifiers.,174
Pak,,Pak,,,幅,,"Applied to, maps, Chinese pictures, &c.",,,,001_Handbook_of_the_Swatow_Vernacular > Lesson XXVII. a list of classifiers.,174
Kiãⁿ,,Kiãⁿ,,,件,,"Applied to, any business or affair, &c.",,,,001_Handbook_of_the_Swatow_Vernacular > Lesson XXVII. a list of classifiers.,174
Búe,,Búe,,,尾,,"Applied to, fish.",,,,001_Handbook_of_the_Swatow_Vernacular > Lesson XXVII. a list of classifiers.,174
Tiám,,Tiám,,,點,㸃,"Applied to, spots of dirt, drops of rain, &c.",,,,001_Handbook_of_the_Swatow_Vernacular > Lesson XXVII. a list of classifiers.,174
Lúi,,Lúi,,,蕊,,"Applied to, flowers.",,,,001_Handbook_of_the_Swatow_Vernacular > Lesson XXVII. a list of classifiers.,174
Liét,,Léh,,,列,,"Applied to, files of soldiers, rows of houses, &c.",,,,001_Handbook_of_the_Swatow_Vernacular > Lesson XXVII. a list of classifiers.,174
Kuãⁿ,,Kuãⁿ,,,貫,,"Applied to, strings of cash or beads, &c.",,,,001_Handbook_of_the_Swatow_Vernacular > Lesson XXVII. a list of classifiers.,174
Hù,,Hù,,,副,,"Applied to, things in sets and suits.",,,,001_Handbook_of_the_Swatow_Vernacular > Lesson XXVII. a list of classifiers.,174
Pńg,,Pńg,,,本,,"Applied to, books.",,,,001_Handbook_of_the_Swatow_Vernacular > Lesson XXVII. a list of classifiers.,174
Hiéh,,Hiéh,,,頁,,"Applied to, leaves of books.",,,,001_Handbook_of_the_Swatow_Vernacular > Lesson XXVII. a list of classifiers.,174
Mn̂g,,Mn̂g,,,門,,"Applied to, cannons.",,,,001_Handbook_of_the_Swatow_Vernacular > Lesson XXVII. a list of classifiers.,174
Kháu,,Kháu,,,口,,"Applied to, gardens, smokes of opium or tobacco.",,,,001_Handbook_of_the_Swatow_Vernacular > Lesson XXVII. a list of classifiers.,174
Tshoh,,Tshoh,,,撮,零些,"Applied to, a quantity of things, a small crowd of men.",,,,001_Handbook_of_the_Swatow_Vernacular > Lesson XXVII. a list of classifiers.,174
Pêⁿ,,Pêⁿ,,,棚,,"Applied to, stage-plays.",,,,001_Handbook_of_the_Swatow_Vernacular > Lesson XXVII. a list of classifiers.,174
Pan,,Pan,,,班,,"Applied to, companies of actors, bands, &c.",,,,001_Handbook_of_the_Swatow_Vernacular > Lesson XXVII. a list of classifiers.,174
Uī,,Uī,,,位,,"Applied to, persons of respectability.",,,,001_Handbook_of_the_Swatow_Vernacular > Lesson XXVII. a list of classifiers.,174
Uá àiⁿ-kùe-huan,,Uá àiⁿ-kùe-huan,,,我愛過番,我要過畨,I am going to a foreign country.,,,,001_Handbook_of_the_Swatow_Vernacular > Lesson XXVIII. Notes—Nautical.,175
Lṳ́ àiⁿ-tah tî-chék-chiah húe-tsûn?,,Lṳ́ àiⁿ-tah tî-chék-chiah húe-tsûn?,,,汝愛搭底一隻火船,爾要搭何壹隻火船,By which steamer are you going?,,,,001_Handbook_of_the_Swatow_Vernacular > Lesson XXVIII. Notes—Nautical.,175
Uá àiⁿ-tah kap-pán,,Uá àiⁿ-tah kap-pán,,,我愛搭甲板,我要搭甲板,I am going by a sailing vessel.,,,,001_Handbook_of_the_Swatow_Vernacular > Lesson XXVIII. Notes—Nautical.,175
"Chí--tiang-sî tsò-hó tah-kap-pán, ngék-huang",,"Chí--tiang-sî tsò-hó tah-kap-pán, ngék-huang",,,此底當時怎好搭甲板。逆風,此時做好搭甲板。逆風,"You shouldn't go by sailing vessel at this time, as the wind is contrary.",,,,001_Handbook_of_the_Swatow_Vernacular > Lesson XXVIII. Notes—Nautical.,175
Lṳ́ nêng-kò tah húe-tsûn,,Lṳ́ nêng-kò tah húe-tsûn,,,汝能可搭火船,爾能可搭火船,You had better go by steamer.,,,,001_Handbook_of_the_Swatow_Vernacular > Lesson XXVIII. Notes—Nautical.,175
Tah hṳ́-chiah nâm-in-tâng,,Tah hṳ́-chiah nâm-in-tâng,,,搭彼隻藍煙筒,搭彼隻藍烟筒,Go by the blue funnel (steamer.),,,,001_Handbook_of_the_Swatow_Vernacular > Lesson XXVIII. Notes—Nautical.,175
Màⁿ-mêng-khí jíp--lâi,,Màⁿ-mêng-khí jíp--lâi,,,明旦眠起入來,明天早入來,She comes in tomorrow morning.,She comes in to-morrow morning.,,,001_Handbook_of_the_Swatow_Vernacular > Lesson XXVIII. Notes—Nautical.,175
Tãi-kong hó-kiâⁿ--lō,,Tãi-kong hó-kiâⁿ--lō,,,舵工好行了,舵舡好行了,"Steersman, you had better start now.",,,,001_Handbook_of_the_Swatow_Vernacular > Lesson XXVIII. Notes—Nautical.,175
Thiⁿ-sî hó--lō,,Thiⁿ-sî hó--lō,,,天時好了,,The weather is fine.,,,,001_Handbook_of_the_Swatow_Vernacular > Lesson XXVIII. Notes—Nautical.,175
Uá khí--lâi thóiⁿ,,Uá khí--lâi thóiⁿ,,,我起來睇,我起來看,Let me come up and see.,,,,001_Handbook_of_the_Swatow_Vernacular > Lesson XXVIII. Notes—Nautical.,175
Uã! hõu huân-lióu būe-chêⁿ,,Uã! hõu huân-lióu būe-chêⁿ,,,哇。雨還了未晴,咳。雨還了未晴,Oh! the rain hasn't stopped yet.,,,,001_Handbook_of_the_Swatow_Vernacular > Lesson XXVIII. Notes—Nautical.,175
"Su-kiáⁿ hõu-kiáⁿ, mùiⁿ--nō",,"Su-kiáⁿ hõu-kiáⁿ, mùiⁿ--nō",,,須囝雨囝不畏也,須子雨子毋畏也,You needn't be afraid of little rain.,,,,001_Handbook_of_the_Swatow_Vernacular > Lesson XXVIII. Notes—Nautical.,175
Khiã-tiām àiⁿ-phû tūa-huang-êng,,Khiã-tiām àiⁿ-phû tūa-huang-êng,,,霋時愛浮大風湧,霋時要浮大風湧,By and by a storm and large waves will rise.,,,,001_Handbook_of_the_Swatow_Vernacular > Lesson XXVIII. Notes—Nautical.,175
Káⁿ-sĩ àiⁿ-tsò huang-thai ã!,,Káⁿ-sĩ àiⁿ-tsò huang-thai ã!,,,敢是愛做風颱也,敢是要做風颱也,Oh! I think there will be a typhoon.,,,,001_Handbook_of_the_Swatow_Vernacular > Lesson XXVIII. Notes—Nautical.,175
Lâi-pha ke--kâi tèng,,Lâi-pha ke--kâi tèng,,,來抛加一個椗,來抛加壹個錠,Let us let go another anchor.,,,,001_Handbook_of_the_Swatow_Vernacular > Lesson XXVIII. Notes—Nautical.,175
Chiá--thiⁿ-sî tsò-hó-kiâⁿ,,Chiá--thiⁿ-sî tsò-hó-kiâⁿ,,,此天時怎好行,此天時做好行,"Oh, we can't go on, in this weather.",,,,001_Handbook_of_the_Swatow_Vernacular > Lesson XXVIII. Notes—Nautical.,175
"Taⁿ iou-ũ-pōu, lo-tiéh nãⁿ--chié khoih-i-tshue",,"Taⁿ iou-ũ-pōu, lo-tiéh nãⁿ--chié khoih-i-tshue",,,今無變。囉着在此乞伊吹,今無變。多着在此被伊吹,"Now, what help can there be we must stay here and let the wind blow.",,,,001_Handbook_of_the_Swatow_Vernacular > Lesson XXVIII. Notes—Nautical.,175
"Lâu-tsúi li hiông, huang li m̄-móⁿ",,"Lâu-tsúi li hiông, huang li m̄-móⁿ",,,流水哩雄。風哩毋孬,流水雄。風不好,"The tide is strong, and the wind is contrary.",,,,001_Handbook_of_the_Swatow_Vernacular > Lesson XXVIII. Notes—Nautical.,176
Chí-chiah-tsûn hó-sái,,Chí-chiah-tsûn hó-sái,,,此隻船好駛,,This boat sails well.,,,,001_Handbook_of_the_Swatow_Vernacular > Lesson XXVIII. Notes—Nautical.,176
Kiâⁿ-méⁿ-tsãi,,Kiâⁿ-méⁿ-tsãi,,,行猛在,行甚猛,It goes very fast.,,,,001_Handbook_of_the_Swatow_Vernacular > Lesson XXVIII. Notes—Nautical.,176
Húe-tsûn mín-ēng sái-huang õi-kiâⁿ,,Húe-tsûn mín-ēng sái-huang õi-kiâⁿ,,,火船免用駛風會行,火船免用駛風會行,Steamers can go without setting sails.,,,,001_Handbook_of_the_Swatow_Vernacular > Lesson XXVIII. Notes—Nautical.,176
Ẽ-tsūa-tsûn uá chiũ-àiⁿ-khṳ̀,,Ẽ-tsūa-tsûn uá chiũ-àiⁿ-khṳ̀,,,下次船我就愛去,下次船我就要去,I am going next trip.,,,,001_Handbook_of_the_Swatow_Vernacular > Lesson XXVIII. Notes—Nautical.,176
"Tít-thàu, bô-kua tî-kò",,"Tít-thàu, bô-kua tî-kò",,,直透。無往底塊,直透。無往誰處,I go direct without calling any where.,,,,001_Handbook_of_the_Swatow_Vernacular > Lesson XXVIII. Notes—Nautical.,176
Theⁿ-khṳ̀ húe-tsûn-piⁿ,,Theⁿ-khṳ̀ húe-tsûn-piⁿ,,,撐去火船邊,挺去火船邊,Row along the steamer.,,,,001_Handbook_of_the_Swatow_Vernacular > Lesson XXVIII. Notes—Nautical.,176
Uá àiⁿ-hẽ-hùe,,Uá àiⁿ-hẽ-hùe,,,我愛下貨,我要落貨,I want to ship cargo.,,,,001_Handbook_of_the_Swatow_Vernacular > Lesson XXVIII. Notes—Nautical.,176
Theⁿ-khṳ̀ tsún-thâu,,Theⁿ-khṳ̀ tsún-thâu,,,撐去船頭,挺去船頭,Row to the fore-part of the vessel.,,,,001_Handbook_of_the_Swatow_Vernacular > Lesson XXVIII. Notes—Nautical.,176
"TSṳ-sòi, màiⁿ siàng-tiéh húe-tsûn",,"TSṳ-sòi, màiⁿ siàng-tiéh húe-tsûn",,,仔細。勿撞着火船,,"Take care, don't knock against the steamer.",,,,001_Handbook_of_the_Swatow_Vernacular > Lesson XXVIII. Notes—Nautical.,176
Húe-tiéⁿ tõ-tî-kò?,,Húe-tiéⁿ tõ-tî-kò?,,,火長在底塊,火長在何處,Where's the captain?,,,,001_Handbook_of_the_Swatow_Vernacular > Lesson XXVIII. Notes—Nautical.,176
Húe-tiéⁿ khí-khṳ̀,,Húe-tiéⁿ khí-khṳ̀,,,火長起去,,The captain has gone on shore.,,,,001_Handbook_of_the_Swatow_Vernacular > Lesson XXVIII. Notes—Nautical.,176
I khiã-tiām chiũ lóh--lâi,,I khiã-tiām chiũ lóh--lâi,,,伊霋時就落來,,He will come on board by and bye.,,,,001_Handbook_of_the_Swatow_Vernacular > Lesson XXVIII. Notes—Nautical.,176
Húe-tsûn ũ pûn-pi a-būe?,,Húe-tsûn ũ pûn-pi a-būe?,,,火船有歕嗶亞未,火船有吹陂或未,Has the steamer sounder her whistle?,,,,001_Handbook_of_the_Swatow_Vernacular > Lesson XXVIII. Notes—Nautical.,176
Pûn saⁿ-ē--lō,,Pûn saⁿ-ē--lō,,,歕三下了,吹三下了,She has whistled three times.,,,,001_Handbook_of_the_Swatow_Vernacular > Lesson XXVIII. Notes—Nautical.,176
Ke chék-ē chiũ àiⁿ-kiâⁿ,,Ke chék-ē chiũ àiⁿ-kiâⁿ,,,加一下就愛行,加壹下就要行,Once more (the next time) she will start.,,,,001_Handbook_of_the_Swatow_Vernacular > Lesson XXVIII. Notes—Nautical.,176
"Tsûn-thâu ki-ûi kâi kî, nāⁿ-sĩ liū pùaⁿ-kuéh chiũ àiⁿ-kiâⁿ",,"Tsûn-thâu ki-ûi kâi kî, nāⁿ-sĩ liū pùaⁿ-kuéh chiũ àiⁿ-kiâⁿ",,,船頭枝桅个旗。若是升半橛就愛行,船頭枝桅個旗。若是升半𰉗就要行,"If the flag of the foremast is hoisted half mast high, then the steamer is going to start.",,,,001_Handbook_of_the_Swatow_Vernacular > Lesson XXVIII. Notes—Nautical.,176
"Kâi-nâng puáh-lóh tsúi-tói, bô-nâng khṳ̀-liôu i",,"Kâi-nâng puáh-lóh tsúi-tói, bô-nâng khṳ̀-liôu i",,,個人[訓]跋落水底。無人[訓]去撈伊,壹人跋落水底。無人[訓]去撈伊,"A man has fallen over board, and no one has gone to pick him up.",,,,001_Handbook_of_the_Swatow_Vernacular > Lesson XXVIII. Notes—Nautical.,176
I bô-mih õi-siû,,I bô-mih õi-siû,,,伊無乜會泅,伊無乜會氽,He can't swim very well.,,,,001_Handbook_of_the_Swatow_Vernacular > Lesson XXVIII. Notes—Nautical.,177
"Bô méⁿ-méⁿ khṳ̀ kiù--i, chiũ-tiéh kek-sí",,"Bô méⁿ-méⁿ khṳ̀ kiù--i, chiũ-tiéh kek-sí",,,無猛猛去救伊。就着激死,無速速去救伊。就着激死,"If he is not saved quickly, he will be drowned.",,,,001_Handbook_of_the_Swatow_Vernacular > Lesson XXVIII. Notes—Nautical.,177
Lṳ́ õi bī mē?,,Lṳ́ õi bī mē?,,,汝會氼咩,爾會氼否,Can you dive?,,,,001_Handbook_of_the_Swatow_Vernacular > Lesson XXVIII. Notes—Nautical.,177
"Bô lô-keⁿ, sái m̄-pat-tò-khṳ",,"Bô lô-keⁿ, sái m̄-pat-tò-khṳ",,,無羅經。駛毋識[訓]地去,無羅經。駛不知何處,Without a compass we don't know where to sail to.,,,,001_Handbook_of_the_Swatow_Vernacular > Lesson XXVIII. Notes—Nautical.,177
Uá kiáⁿ-jít nâng m̄-móⁿ,,Uá kiáⁿ-jít nâng m̄-móⁿ,,,我今旦日人[訓]毋孬,我今日人[訓]不好,I am unwell today.,I am unwell to-day.,,,001_Handbook_of_the_Swatow_Vernacular > Lesson XXIX. Notes—Medical.,177
Lṳ́ nêng-kò khṳ̀-tó,,Lṳ́ nêng-kò khṳ̀-tó,,,汝能可去倒,爾能可去倒,You had better go and lie down.,,,,001_Handbook_of_the_Swatow_Vernacular > Lesson XXIX. Notes—Medical.,177
Lṳ́ kâi nâng tsò-nîⁿ?,,Lṳ́ kâi nâng tsò-nîⁿ?,,,汝个人[訓]做呢,爾個人[訓]如何,What is the matter with you?,,,,001_Handbook_of_the_Swatow_Vernacular > Lesson XXIX. Notes—Medical.,177
Nâng zuáh,,Nâng zuáh,,,人[訓]熱,,I have got fever.,,,,001_Handbook_of_the_Swatow_Vernacular > Lesson XXIX. Notes—Medical.,177
Âiⁿ-chhiáⁿ sin-seⁿ mē?,,Âiⁿ-chhiáⁿ sin-seⁿ mē?,,,愛請先生咩,要請先生否,Do you wish to engage a doctor?,,,,001_Handbook_of_the_Swatow_Vernacular > Lesson XXIX. Notes—Medical.,177
Lṳ́ kâi méhⁿ méⁿ,,Lṳ́ kâi méhⁿ méⁿ,,,汝个脈猛,爾個脉猛,Your pulse is fast.,,,,001_Handbook_of_the_Swatow_Vernacular > Lesson XXIX. Notes—Medical.,177
Uá lân-ló kûaⁿ-iéh pun lṳ́ chiáh,,Uá lân-ló kûaⁿ-iéh pun lṳ́ chiáh,,,我零些寒藥分汝食,我零些寒藥與爾食,I will give you some quinine to take.,,,,001_Handbook_of_the_Swatow_Vernacular > Lesson XXIX. Notes—Medical.,177
Tsò-nîⁿ-chiáh?,,Tsò-nîⁿ-chiáh?,,,做呢食,如何食,How am I to take it?,,,,001_Handbook_of_the_Swatow_Vernacular > Lesson XXIX. Notes—Medical.,177
Thōu tiám-kiáⁿ chhìn-tsúi,,Thōu tiám-kiáⁿ chhìn-tsúi,,,配點囝凊水,配零㸃冷水,Take it with a little cold water.,,,,001_Handbook_of_the_Swatow_Vernacular > Lesson XXIX. Notes—Medical.,177
Saⁿ-pau tõ-chié,,Saⁿ-pau tõ-chié,,,三包在此,,Here's three packets.,,,,001_Handbook_of_the_Swatow_Vernacular > Lesson XXIX. Notes—Medical.,177
Chék-jít chiáh saⁿ-tǹg,,Chék-jít chiáh saⁿ-tǹg,,,一日食三頓,壹日食三餐,Take one packet three times a day.,,,,001_Handbook_of_the_Swatow_Vernacular > Lesson XXIX. Notes—Medical.,177
Chék-tǹg chiáh chék-pau,,Chék-tǹg chiáh chék-pau,,,一頓食一包,壹餮食壹包,Take a packet each time.,,,,001_Handbook_of_the_Swatow_Vernacular > Lesson XXIX. Notes—Medical.,177
Chí-khí pēⁿ ui oh-hó,,Chí-khí pēⁿ ui oh-hó,,,此起病醫僫好,此樣病醫難好,This kind of sickness is difficult to cure.,,,,001_Handbook_of_the_Swatow_Vernacular > Lesson XXIX. Notes—Medical.,178
Tiéh-chhiáⁿ Sai-kok sin-seⁿ lâi ui chiàⁿ-õi-hó,,Tiéh-chhiáⁿ Sai-kok sin-seⁿ lâi ui chiàⁿ-õi-hó,,,着請西國先生來醫正會好,着請西國先生來醫正能好,"You must get a European doctor to cure you, otherwise you will not be cured.",,,,001_Handbook_of_the_Swatow_Vernacular > Lesson XXIX. Notes—Medical.,178
"Sin-seⁿ, chhiáⁿ-lṳ́ khui-tieⁿ iéh-hng",,"Sin-seⁿ, chhiáⁿ-lṳ́ khui-tieⁿ iéh-hng",,,先生。請汝開張藥方,先生。請爾開張藥方,"Doctor, please make out a prescription.",,,,001_Handbook_of_the_Swatow_Vernacular > Lesson XXIX. Notes—Medical.,178
Uá lâi-khṳ̀ ui-kuán khiéh-iéh,,Uá lâi-khṳ̀ ui-kuán khiéh-iéh,,,我來去醫館挈藥,我來去醫館携藥,I will go to the hospital and get the medicine.,,,,001_Handbook_of_the_Swatow_Vernacular > Lesson XXIX. Notes—Medical.,178
Ēng koi-môⁿ buah,,Ēng koi-môⁿ buah,,,用雞毛抹,用鷄毛抹,Apply it with a fowl's feather.,,,,001_Handbook_of_the_Swatow_Vernacular > Lesson XXIX. Notes—Medical.,178
Chhiú màiⁿ-thãng--tiéh,,Chhiú màiⁿ-thãng--tiéh,,,手勿動着,手勿摸着,Don't touch it with the fingers.,,,,001_Handbook_of_the_Swatow_Vernacular > Lesson XXIX. Notes—Medical.,178
Lṳ́ ũ sĩ-mîh mâuⁿ-pēⁿ?,,Lṳ́ ũ sĩ-mîh mâuⁿ-pēⁿ?,,,汝有是乜毛病,爾有何冒病,What sickness have you?,,,,001_Handbook_of_the_Swatow_Vernacular > Lesson XXIX. Notes—Medical.,178
Mîⁿ-kha,,Mîⁿ-kha,,,糜骹,縻脚,A bad leg.,,,,001_Handbook_of_the_Swatow_Vernacular > Lesson XXIX. Notes—Medical.,178
Mîⁿ-kàu-taⁿ ũ jiéh-kú--lō?,,Mîⁿ-kàu-taⁿ ũ jiéh-kú--lō?,,,糜到今有若久了,縻到今有巳久了,How long has it been ulcerated.,,,,001_Handbook_of_the_Swatow_Vernacular > Lesson XXIX. Notes—Medical.,178
U^ chiâⁿ-nîⁿ,,U^ chiâⁿ-nîⁿ,,,有成年,,About a year.,,,,001_Handbook_of_the_Swatow_Vernacular > Lesson XXIX. Notes—Medical.,178
Ōi-chiẽⁿ a-bõi?,,Ōi-chiẽⁿ a-bõi?,,,會癢亞袂,會癢或袂,Does it itch?,,,,001_Handbook_of_the_Swatow_Vernacular > Lesson XXIX. Notes—Medical.,178
Nãⁿ-sĩ õi-chiẽⁿ m̄-móⁿ pê,,Nãⁿ-sĩ õi-chiẽⁿ m̄-móⁿ pê,,,若是會癢毋孬爬,若是會癢不好搔,"If it itches, you mustn't scratch it.",,,,001_Handbook_of_the_Swatow_Vernacular > Lesson XXIX. Notes—Medical.,178
"Kui-khṳ̀, tiéh khat-khóu nãiⁿ",,"Kui-khṳ̀, tiéh khat-khóu nãiⁿ",,,歸去。着刻苦耐,歸去。着尅苦奈,"Let it be, you must do your best to bear it.",,,,001_Handbook_of_the_Swatow_Vernacular > Lesson XXIX. Notes—Medical.,178
Chék-mêng-khí khí-lâi-kâu ēng chiá iéh-tsúi sói,,Chék-mêng-khí khí-lâi-kâu ēng chiá iéh-tsúi sói,,,一眠起。起來。用此藥水洗,每明早。起來。用此藥水洗,"When you get up in the morning, wash it with this lotion.",,,,001_Handbook_of_the_Swatow_Vernacular > Lesson XXIX. Notes—Medical.,178
I-kâi pēⁿ tãng,,I-kâi pēⁿ tãng,,,伊个病重,伊個病重,His illness is serious.,,,,001_Handbook_of_the_Swatow_Vernacular > Lesson XXIX. Notes—Medical.,178
Tih-lát-tsãi,,Tih-lát-tsãi,,,着力在。愛死,甚着力。要死,"Very serious, almost dying.",,,,001_Handbook_of_the_Swatow_Vernacular > Lesson XXIX. Notes—Medical.,178
àiⁿ-sí,,àiⁿ-sí,,,着力在。愛死,甚着力。要死,"Very serious, almost dying.",,,,001_Handbook_of_the_Swatow_Vernacular > Lesson XXIX. Notes—Medical.,178
Bô-kiù--lō,,Bô-kiù--lō,,,無救了,,"There is no hope, (lit. there is no salvation.)",,,,001_Handbook_of_the_Swatow_Vernacular > Lesson XXIX. Notes—Medical.,178
Màiⁿ-thèng-chiáh,,Màiⁿ-thèng-chiáh,,,勿亂食,不可亂食,Don't be eating what you shouldn't eat.,,,,001_Handbook_of_the_Swatow_Vernacular > Lesson XXIX. Notes—Medical.,178
Chiáh-mûeⁿ phùe kiâm-bûe chiũ-hó,,Chiáh-mûeⁿ phùe kiâm-bûe chiũ-hó,,,食糜配鹹梅就好,食粥配鹹梅則可,Take congee with salted plums.,,,,001_Handbook_of_the_Swatow_Vernacular > Lesson XXIX. Notes—Medical.,178
Chek-tâi chék-tùi jiéh-tsōi chîⁿ?,,Chek-tâi chék-tùi jiéh-tsōi chîⁿ?,,,燭臺一對若㩼錢,燭臺壹對若干錢,How much for a pair of these candle-sticks?,,,,001_Handbook_of_the_Swatow_Vernacular > Lesson XXX. Notes—Commercial.,179
Nõⁿ-khou-pùaⁿ,,Nõⁿ-khou-pùaⁿ,,,兩箍半,兩員半,Two dollars and a half.,,,,001_Handbook_of_the_Swatow_Vernacular > Lesson XXX. Notes—Commercial.,179
Lṳ́ tshut jiéh-tsõi?,,Lṳ́ tshut jiéh-tsõi?,,,汝出若㩼,爾出巳多,How much do you offer.,,,,001_Handbook_of_the_Swatow_Vernacular > Lesson XXX. Notes—Commercial.,179
"Uá chí-tsûn chiàⁿ-tõ hiè-thâu bói chék-tùi, khou chhit-kak-pùaⁿ",,"Uá chí-tsûn chiàⁿ-tõ hiè-thâu bói chék-tùi, khou chhit-kak-pùaⁿ",,,我此陣正在彼頭買一對。一箍七角半,我此刻正在彼處買壹對。篐七角半,I have just bought a pair from there for $1-75.,,,,001_Handbook_of_the_Swatow_Vernacular > Lesson XXX. Notes—Commercial.,179
Tõ tî-chék-koiⁿ phòu bói?,,Tõ tî-chék-koiⁿ phòu bói?,,,在底一間舖買,在何間舖買,From which shop have you just bought them?,,,,001_Handbook_of_the_Swatow_Vernacular > Lesson XXX. Notes—Commercial.,179
Tõ Sũn-háh keh-piah,,Tõ Sũn-háh keh-piah,,,在順合隔壁,,Next to (chop) Sun-hah.,,,,001_Handbook_of_the_Swatow_Vernacular > Lesson XXX. Notes—Commercial.,179
Sũn-háh kâi-hùe m̄-móⁿ ún--kâi,,Sũn-háh kâi-hùe m̄-móⁿ ún--kâi,,,順合个貨毋孬比阮个,順合個貨不可比阮個,Sun-hah's goods cannot be compared with our goods.,,,,001_Handbook_of_the_Swatow_Vernacular > Lesson XXX. Notes—Commercial.,179
Ún--kâi lóng-tsóng sĩ chiàⁿ Siāng-hái--kâi,,Ún--kâi lóng-tsóng sĩ chiàⁿ Siāng-hái--kâi,,,阮个攏總是正上海个,阮個俱皆是正上海個,Ours are all genuine Shanghai goods.,,,,001_Handbook_of_the_Swatow_Vernacular > Lesson XXX. Notes—Commercial.,179
Bô-ké--kâi,,Bô-ké--kâi,,,無假个,無假個,None are false.,,,,001_Handbook_of_the_Swatow_Vernacular > Lesson XXX. Notes—Commercial.,179
"Khah-tát-chîⁿ, uá m̄-káⁿ-bói",,"Khah-tát-chîⁿ, uá m̄-káⁿ-bói",,,較值錢我毋敢買,太値錢我不敢買,"They are too costly, I dare not buy.",,,,001_Handbook_of_the_Swatow_Vernacular > Lesson XXX. Notes—Commercial.,179
Tî-tiâng sĩ tshâi-tsú?,,Tî-tiâng sĩ tshâi-tsú?,,,底誰是財主,誰人是財主,Who is the proprietor (of the shop)?,,,,001_Handbook_of_the_Swatow_Vernacular > Lesson XXX. Notes—Commercial.,179
Tshâi-tsú tõ hṳ́-lãi,,Tshâi-tsú tõ hṳ́-lãi,,,財主在彼內,財主在此內,The proprietor is inside.,,,,001_Handbook_of_the_Swatow_Vernacular > Lesson XXX. Notes—Commercial.,179
"Húe-tsûn kâu--lâi, àiⁿ-kiè i khṳ̀ khí-hùe",,"Húe-tsṳ̂n kâu--lâi, àiⁿ-kiè i khṳ̀ khí-hùe",,,火船到來。愛叫伊去起貨,火船到來。要呌伊去起貨,"The steamer has arrived, I want to ask him to go and unload his cargo.",,,,001_Handbook_of_the_Swatow_Vernacular > Lesson XXX. Notes—Commercial.,179
Uá kah chí-koiⁿ Tsáp-káng-háng kau-kuan tsōi,,Uá kah chí-koiⁿ Tsáp-káng-háng kau-kuan tsōi,,,我佮此間雜港行交關㩼,我與此間雜港行交易多,I have a large transaction with this German firm.,,,,001_Handbook_of_the_Swatow_Vernacular > Lesson XXX. Notes—Commercial.,179
"Kah Hô-lân-se hâng nē, ũ kau-kuan a-bô?",,"Kah Hô-lân-se hâng nē, ũ kau-kuan a-bô?",,,佮荷蘭西行。有交關亞無,與荷蘭西行。有交易或無,"And with the French firms, do you have any transaction?",,,,001_Handbook_of_the_Swatow_Vernacular > Lesson XXX. Notes—Commercial.,179
"Ũ--lân-ló ā, uá pat kià-khṳ̀ Huap-kok--kò bói-muéh",,"Ũ--lân-ló ā, uá pat kià-khṳ̀ Huap-kok--kò bói-muéh",,,有零些亞。我識[訓]寄去法國塊買物,有零些亞。我識[訓]寄去法國買物,"Well, a little, I have ordered something from France.",,,,001_Handbook_of_the_Swatow_Vernacular > Lesson XXX. Notes—Commercial.,179
Uá kah Tãi-eng-kok-nâng chiũ tūa kau-kuan nō,,Uá kah Tãi-eng-kok-nâng chiũ tūa kau-kuan nō,,,我佮大英國人[訓]就大交關也,我與大英國人[訓]就大交易也,"Oh, I do much business with Englishmen.",,,,001_Handbook_of_the_Swatow_Vernacular > Lesson XXX. Notes—Commercial.,180
Uá siãng Eng-kok-nâng,,Uá siãng Eng-kok-nâng,,,我尚英國人[訓],我上英國人[訓],I like Englishmen.,,,,001_Handbook_of_the_Swatow_Vernacular > Lesson XXX. Notes—Commercial.,180
Hue-kî-hâng tó-tièⁿ--lō,,Hue-kî-hâng tó-tièⁿ--lō,,,花旗行倒賬了,,The American firm is bankrupt.,,,,001_Handbook_of_the_Swatow_Vernacular > Lesson XXX. Notes—Commercial.,180
Kûe-sìⁿ chék-ki jiéh-tsōi chîⁿ?,,Kûe-sìⁿ chék-ki jiéh-tsōi chîⁿ?,,,葵扇一枝若㩼錢,葵扇壹枝若干錢,How much for a palm-leaf fan?,,,,001_Handbook_of_the_Swatow_Vernacular > Lesson XXX. Notes—Commercial.,180
Ki poih-kâi chîⁿ,,Ki poih-kâi chîⁿ,,,一枝八個錢,壹枝捌個錢,Eight cash each.,,,,001_Handbook_of_the_Swatow_Vernacular > Lesson XXX. Notes—Commercial.,180
Chí-chùaⁿ-sî bô seng-lí,,Chí-chùaⁿ-sî bô seng-lí,,,此些時無生理,此近時無生理,My trade is very dull of late.,,,,001_Handbook_of_the_Swatow_Vernacular > Lesson XXX. Notes—Commercial.,180
Nín-kâi seng-lí hoh-jiêt,,Nín-kâi seng-lí hoh-jiêt,,,恁个生理酷熱,恁個生理好熱,Your trade is pretty brisk.,,,,001_Handbook_of_the_Swatow_Vernacular > Lesson XXX. Notes—Commercial.,180
"Sì-kâi-ngṳ̂n, nõⁿ-sek sì-kâi chîⁿ",,"Sì-kâi-ngṳ̂n, nõⁿ-sek sì-kâi chîⁿ",,,四個銀。二色四個錢,四個銀。弍色四個錢,"Four dollars, twenty cents and four cash.",,,,001_Handbook_of_the_Swatow_Vernacular > Lesson XXX. Notes—Commercial.,180
Peh-ngõu kâi chîⁿ,,Peh-ngõu kâi chîⁿ,,,百五個錢,百伍個錢,Hundred and fifty cash.,,,,001_Handbook_of_the_Swatow_Vernacular > Lesson XXX. Notes—Commercial.,180
Lák-kṳn-sì,,Lák-kṳn-sì,,,六斤四,陸斤四,Six catties and four taels.,,,,001_Handbook_of_the_Swatow_Vernacular > Lesson XXX. Notes—Commercial.,180
Nõⁿ-kṳn-pùaⁿ,,Nõⁿ-kṳn-pùaⁿ,,,二斤半,弍斤半,Two catties and a half.,,,,001_Handbook_of_the_Swatow_Vernacular > Lesson XXX. Notes—Commercial.,180
Lṳ́ ki chhìn siám,,Lṳ́ ki chhìn siám,,,汝枝秤閃,爾枝秤減,Your scale is not correct.,,,,001_Handbook_of_the_Swatow_Vernacular > Lesson XXX. Notes—Commercial.,180
"Téng-chiàⁿ, m̄-móⁿ téng-siám",,"Téng-chiàⁿ, m̄-móⁿ téng-siám",,,戥正。毋孬戥閃,頂正。不可頂減,"Weigh properly, and don't cheat in weighing.",,,,001_Handbook_of_the_Swatow_Vernacular > Lesson XXX. Notes—Commercial.,180
Kâi-ngṳ̂n khiéh-khṳ̀ táu-chîⁿ,,Kâi-ngṳ̂n khiéh-khṳ̀ táu-chîⁿ,,,個銀挈去倒錢,個銀携去找錢,Take the dollar and change it into cash.,,,,001_Handbook_of_the_Swatow_Vernacular > Lesson XXX. Notes—Commercial.,180
"Kâi-ngṳ̂n m̄-kàu-tãng, bô chhit-jĩ",,"Kâi-ngṳ̂n m̄-kàu-tãng, bô chhit-jĩ",,,個銀毋夠重。無七二,個銀不足重。無七弍,"The dollar is short in weight, it's not 7 candareens and 2 mace.",,,,001_Handbook_of_the_Swatow_Vernacular > Lesson XXX. Notes—Commercial.,180
Lãu-jiét.,,Lãu-jiét.,,,鬧熱,,"A phrase used by customers or visitor on leaving the shop, which means may your shop be crowded with customers.",,,,001_Handbook_of_the_Swatow_Vernacular > Lesson XXX. Notes—Commercial.,180
Lãu-tia tsõ-tn̂g a-būe?,,Lãu-tia tsõ-tn̂g a-būe?,,,老爹坐堂亞未,老爹坐堂或未,Has the mandarin sat on the bench?,,,,001_Handbook_of_the_Swatow_Vernacular > Lesson XXXI. Notes—Judicial.,181
Tsõ-hoh-kú--lō,,Tsõ-hoh-kú--lō,,,坐酷久了,坐好久了,He has sat a long time.,,,,001_Handbook_of_the_Swatow_Vernacular > Lesson XXXI. Notes—Judicial.,181
Àiⁿ-thò-tn̂g--lō,,Àiⁿ-thò-tn̂g--lō,,,愛退堂了,要退堂了,He is going to retire now.,,,,001_Handbook_of_the_Swatow_Vernacular > Lesson XXXI. Notes—Judicial.,181
I tõ sím sĩ-mih uàⁿ?,,I tõ sím sĩ-mih uàⁿ?,,,伊在審是乜案,伊在審是何案,What case is he trying?,,,,001_Handbook_of_the_Swatow_Vernacular > Lesson XXXI. Notes—Judicial.,181
I tõ sím chék-tiôu thâi-nâng uàⁿ,,I tõ sím chék-tiôu thâi-nâng uàⁿ,,,伊在審一條刣人[訓]案,伊在審壹條刣人[訓]案,He is trying a murder case.,,,,001_Handbook_of_the_Swatow_Vernacular > Lesson XXXI. Notes—Judicial.,181
Lãu-tia tàⁿ-àiⁿ-khṳ̀ thóiⁿ si,,Lãu-tia tàⁿ-àiⁿ-khṳ̀ thóiⁿ si,,,老爹呾愛去睇屍,老爹呾要去看屍,The mandarin says he is going to see the corpse.,,,,001_Handbook_of_the_Swatow_Vernacular > Lesson XXXI. Notes—Judicial.,181
Pĩ-kò--kâi-nâng khah-ũ jīn-mē?,,Pĩ-kò--kâi-nâng khah-ũ jīn-mē?,,,被告个人[訓]有認咩,被告之人[訓]有認否,Does the person accused admit it?,,,,001_Handbook_of_the_Swatow_Vernacular > Lesson XXXI. Notes—Judicial.,181
"Bô, i tàⁿ m̄-sĩ i thâi",,"Bô, i tàⁿ m̄-sĩ i thâi",,,無。伊呾毋是伊刣,無。伊呾不是伊刣,"No, he said the man was not killed by him.",,,,001_Handbook_of_the_Swatow_Vernacular > Lesson XXXI. Notes—Judicial.,181
"I kah lãu-tia tàⁿ, lãu-iâ--a, uá bô-tsũe",,"I kah lãu-tia tàⁿ, lãu-iâ--a, uá bô-tsũe",,,伊佮老爹呾。老爺亞。我無罪,伊與老爹呾。老爺亞。我無罪,"He said to the mandarin, ""Your Worship, I am innocent.""",,,,001_Handbook_of_the_Swatow_Vernacular > Lesson XXXI. Notes—Judicial.,181
Uá sĩ khoih--nâng uáng-khut,,Uá sĩ khoih--nâng uáng-khut,,,我是乞人[訓]枉屈,我是被人[訓]枉屈,"""I am falsely accused by the people.",,,,001_Handbook_of_the_Swatow_Vernacular > Lesson XXXI. Notes—Judicial.,181
Nâng-àiⁿ-hāi uá,,Nâng-àiⁿ-hāi uá,,,人[訓]愛害我,人[訓]要害我,"""People wish to do me harm.",,,,001_Handbook_of_the_Swatow_Vernacular > Lesson XXXI. Notes—Judicial.,181
"Khiû lãu-iâ thòi -uá sin-uan, khó-liên uá",,"Khiû lãu-iâ thòi -uá sin-uan, khó-liên uá",,,求老爺代我伸冤。可憐我,求老爺代我伸寃。可憐我,"""I beg Your Worship to investigate the case on my behalf, and to have mercy on me.""",,,,001_Handbook_of_the_Swatow_Vernacular > Lesson XXXI. Notes—Judicial.,181
Lãu-tia kiè i sù,,Lãu-tia kiè i sù,,,老爹叫伊訴,老爹呌伊訴,The mandarin asked him to make his statement.,,,,001_Handbook_of_the_Swatow_Vernacular > Lesson XXXI. Notes—Judicial.,181
I tàⁿ hiàⁿ-chiàⁿ-tsōi ūe,,I tàⁿ hiàⁿ-chiàⁿ-tsōi ūe,,,伊呾甚㩼話,伊呾甚多話,He made a long statement.,,,,001_Handbook_of_the_Swatow_Vernacular > Lesson XXXI. Notes—Judicial.,181
Lãu-tia thiaⁿ-lióu chiũ tak-thâu,,Lãu-tia thiaⁿ-lióu chiũ tak-thâu,,,老爹聽了就點頭,老爹聽了就㸃頭,"The mandarin after hearing him, nodded his head.",,,,001_Handbook_of_the_Swatow_Vernacular > Lesson XXXI. Notes—Judicial.,181
I kâi uàⁿ àiⁿ-àn-kàu màⁿ-khí,,I kâi uàⁿ àiⁿ-àn-kàu màⁿ-khí,,,伊个案愛晏到明旦起,伊個案要限到明天,His case will be postponed till tomorrow.,His case will be postponed till to-morrow.,,,001_Handbook_of_the_Swatow_Vernacular > Lesson XXXI. Notes—Judicial.,181
M̄-móⁿ tsǒ-tshát,,M̄-móⁿ tsǒ-tshát,,,毋孬做賊,不可做賊,Don't be a thief.,,,,001_Handbook_of_the_Swatow_Vernacular > Lesson XXXI. Notes—Judicial.,181
M̄-móⁿ thau-khiéh nâng kâi muéh,,M̄-móⁿ thau-khiéh nâng kâi muéh,,,毋孬偷挈人[訓]个物,不可盜取人[訓]個物,Mustn't steal other peoples things.,,,,001_Handbook_of_the_Swatow_Vernacular > Lesson XXXI. Notes—Judicial.,182
Chí-kâi tshát sĩ lî-keng,,Chí-kâi tshát sĩ lî-keng,,,只個賊是離經,此個賊是危險,This thief is dangerous.,,,,001_Handbook_of_the_Swatow_Vernacular > Lesson XXXI. Notes—Judicial.,182
Tsa-mêⁿ i tshǹg-sí nâng,,Tsa-mêⁿ i tshǹg-sí nâng,,,昨夜伊剌死人[訓],昨夜伊剌死壹人,Last night he stabbed a man to deat. h,Last night he stabbed a man to deat.h,,,001_Handbook_of_the_Swatow_Vernacular > Lesson XXXI. Notes—Judicial.,182
I khoih uá liáh--tiéh,,I khoih uá liáh--tiéh,,,伊乞我掠着,伊被我掠着,He was caught by me.,,,,001_Handbook_of_the_Swatow_Vernacular > Lesson XXXI. Notes—Judicial.,182
Uá chiũ liáh i khṳ̀ gê-mn̂g--kō,,Uá chiũ liáh i khṳ̀ gê-mn̂g--kō,,,我就掠伊去衙門塊,我就掠伊去衙門處,And I took him to the yamên.,,,,001_Handbook_of_the_Swatow_Vernacular > Lesson XXXI. Notes—Judicial.,182
Kau i pun chhe-hiáh kái chhiú,,Kau i pun chhe-hiáh kái chhiú,,,交伊分差役个手,交伊與差役個手,And handed him over to the police.,,,,001_Handbook_of_the_Swatow_Vernacular > Lesson XXXI. Notes—Judicial.,182
Tiéh-phah i kàu lok-lok,,Tiéh-phah i kàu lok-lok,,,着拍伊到爛爛,着打伊到重重,Must beat him very severely;,,,,001_Handbook_of_the_Swatow_Vernacular > Lesson XXXI. Notes—Judicial.,182
Ẽ-jít i chiàⁿ-m̄-káⁿ,,Ẽ-jít i chiàⁿ-m̄-káⁿ,,,下日伊正毋敢,下日伊正不敢,So that he may not dare to do it again.,,,,001_Handbook_of_the_Swatow_Vernacular > Lesson XXXI. Notes—Judicial.,182
Chí-kâi kuaⁿ-hú kong-tãu,,Chí-kâi kuaⁿ-hú kong-tãu,,,只個官府公道,此個官府公道,This mandarin is just.,,,,001_Handbook_of_the_Swatow_Vernacular > Lesson XXXI. Notes—Judicial.,182
Bô-uáng-khut nâng,,Bô-uáng-khut nâng,,,無枉屈人[訓],,He does not deal with people unjustly.,,,,001_Handbook_of_the_Swatow_Vernacular > Lesson XXXI. Notes—Judicial.,182
Iā bô chiáh nâng kâi chîⁿ,,Iā bô chiáh nâng kâi chîⁿ,,,亦無食人[訓]个錢,亦無食人[訓]個錢,Nor does he take bribes.,,,,001_Handbook_of_the_Swatow_Vernacular > Lesson XXXI. Notes—Judicial.,182
Nâng tong-tít,,Nâng tong-tít,,,人[訓]忠直,,He is a straight-forward man.,,,,001_Handbook_of_the_Swatow_Vernacular > Lesson XXXI. Notes—Judicial.,182
Peh-sèⁿ o-ló chí-kâi kuaⁿ-hú,,Peh-sèⁿ o-ló chí-kâi kuaⁿ-hú,,,百姓呵咾只個官府,百姓稱誦此個官府,The people praise this mandarin.,,,,001_Handbook_of_the_Swatow_Vernacular > Lesson XXXI. Notes—Judicial.,182
I àiⁿ-kau-seng--lō,,I àiⁿ-kau-seng--lō,,,伊愛高升了,伊要高陞了,He is going to be promoted.,,,,001_Handbook_of_the_Swatow_Vernacular > Lesson XXXI. Notes—Judicial.,182
"Sui-jiên lút sĩ ngiâm, huân-lióu nín tiéh sũn",,"Sui-jiên lút sĩ ngiâm, huân-lióu nín tiéh sũn",,,雖然律是嚴。還了恁着順,,"Though the law is strict, yet you must obey it.",,,,001_Handbook_of_the_Swatow_Vernacular > Lesson XXXI. Notes—Judicial.,182
Huãm-lút--kâi-nâng tiéh siũ-huát,,Huãm-lút--kâi-nâng tiéh siũ-huát,,,犯律个人[訓]着受罰,犯律個人[訓]着受罰,Those who break the law should be punished.,,,,001_Handbook_of_the_Swatow_Vernacular > Lesson XXXI. Notes—Judicial.,182
"Tõ Thêng-hái-kūiⁿ ũ chék-kâi siù-tsâi, ũ huãm-tiéh-lút",,"Tõ Thêng-hái-kūiⁿ ũ chék-kâi siù-tsâi, ũ huãm-tiéh-lút",,,在澄海縣有一個秀才。有犯着律,在澄海縣有壹個秀才。有犯着律,"There was a graduate in the district of Theng-hai, who had broken the law.",,,,001_Handbook_of_the_Swatow_Vernacular > Lesson XXXI. Notes—Judicial.,182
I chiũ khṳ̀-pun kuaⁿ-hú sím,,I chiũ khṳ̀-pun kuaⁿ-hú sím,,,伊就去分官府審,伊就去被官府審,And he went to be tried by the mandarin.,,,,001_Handbook_of_the_Swatow_Vernacular > Lesson XXXI. Notes—Judicial.,182
Lãu-tia tì-téng chiũ tshut--lâi tsõ-tn̂g,,Lãu-tia tì-téng chiũ tshut--lâi tsõ-tn̂g,,,老爺戴頂就出來坐堂,老爺戴頂就出來在堂,"The mandarin put on his button, and came out and sat on the bench.",,,,001_Handbook_of_the_Swatow_Vernacular > Lesson XXXI. Notes—Judicial.,183
Sìu-tsâi chiũ kũi--lóh-khṳ̀,,Sìu-tsâi chiũ kũi--lóh-khṳ̀,,,秀才就跪落去,,The graduate knelt down.,,,,001_Handbook_of_the_Swatow_Vernacular > Lesson XXXI. Notes—Judicial.,183
"Lãu-tia sím kàu hoh-kú--lō, nâng zuáh-tsãi",,"Lãu-tia sím kàu hoh-kú--lō, nâng zuáh-tsãi",,,老爺審到酷久了。人[訓]熱在,老爺審到甚久了。人[訓]熱在,The mandarin after a long trial found it rather warm.,,,,001_Handbook_of_the_Swatow_Vernacular > Lesson XXXI. Notes—Judicial.,183
Liáp-téng chiũ thut-tiòu pàng tõ tshn̂g-téng,,Liáp-téng chiũ thut-tiòu pàng tõ tshn̂g-téng,,,粒頂就脫掉放在床頂,粒頂就脫丢放在床頂,And he took off his hat to which the button was attached and put it on the table.,,,,001_Handbook_of_the_Swatow_Vernacular > Lesson XXXI. Notes—Judicial.,183
Siù-tsâi tõ-kũi sûi-sî chiû khí--lâi,,Siù-tsâi tõ-kũi sûi-sî chiû khí--lâi,,,秀才在跪隨時就起來,,The graduate who was kneeling down at once got up.,,,,001_Handbook_of_the_Swatow_Vernacular > Lesson XXXI. Notes—Judicial.,183
"Lãu-tia mn̄g i tàⁿ, ""lṳ́ tsò-nîⁿ khí--lâi nē?""",,"Lãu-tia mn̄g i tàⁿ, ""lṳ́ tsò-nîⁿ khí--lâi nē?""",,,老爺問伊呾。汝做呢起來呢,老爺問伊呾。爾爲何起來也,"The mandarin asked him and said, ""Why do you get up""?",,,,001_Handbook_of_the_Swatow_Vernacular > Lesson XXXI. Notes—Judicial.,183
"Siù-tsâi chiũ tàⁿ-tàⁿ, ""uá sĩ kũi Huâng-tì, m̄-sĩ kũi-lṳ́""",,"Siù-tsâi chiũ tàⁿ-tàⁿ, ""uá sĩ kũi Huâng-tì, m̄-sĩ kũi-lṳ́""",,,秀才就呾。我是跪皇帝。毋是跪汝,秀才就呾。曰。我是跪皇帝。非是跪爾,"The graduate said, ""I kneel down to the Emperor, not to you.""",,,,001_Handbook_of_the_Swatow_Vernacular > Lesson XXXI. Notes—Judicial.,183
Siû-tsâi chiũ tshut--khṳ̀,,Siû-tsâi chiũ tshut--khṳ̀,,,秀才就出去,,And the graduate walked out.,,,,001_Handbook_of_the_Swatow_Vernacular > Lesson XXXI. Notes—Judicial.,183
Màⁿ-khí i kâi uàⁿ tsài-sím,,Màⁿ-khí i kâi uàⁿ tsài-sím,,,明旦起伊个案再審,明天伊個案再審,The next day his case was tried again.,,,,001_Handbook_of_the_Swatow_Vernacular > Lesson XXXI. Notes—Judicial.,183
Tong-kok kah Hô-lân-se sie-thâi,,Tong-kok kah Hô-lân-se sie-thâi,,,中國佮荷蘭西相刣,中國與荷蘭西相刣,War between China and France.,,,,001_Handbook_of_the_Swatow_Vernacular > Lesson XXXII. Notes—Hostilities.,183
Tî-tiâng thâi-iâⁿ?,,Tî-tiâng thâi-iâⁿ?,,,底誰刣贏,何人刣贏,Who has won the victory?,,,,001_Handbook_of_the_Swatow_Vernacular > Lesson XXXII. Notes—Hostilities.,183
Huân-lióu būe-tsai,,Huân-lióu būe-tsai,,,還了未知,,We don't know yet.,,,,001_Handbook_of_the_Swatow_Vernacular > Lesson XXXII. Notes—Hostilities.,183
Hô-lân-se kâi-piaⁿ lâi būe-tsôi,,Hô-lân-se kâi-piaⁿ lâi būe-tsôi,,,荷蘭西个兵來未齊,荷蘭西個兵來未齊,The French troops have not all arrived yet.,,,,001_Handbook_of_the_Swatow_Vernacular > Lesson XXXII. Notes—Hostilities.,183
In nāⁿ-sĩ lâi-tsôi chiũ àiⁿ tít-tít khṳ̀ kiaⁿ-siâⁿ--kō;,,In nāⁿ-sĩ lâi-tsôi chiũ àiⁿ tít-tít khṳ̀ kiaⁿ-siâⁿ--kō;,,,𪜶若是來齊就愛直直去京城塊,伊若是來齊就要直直去京城處,"If they all have come out, they will go direct to the capital;",,,,001_Handbook_of_the_Swatow_Vernacular > Lesson XXXII. Notes—Hostilities.,184
Tõ-hṳ́--kō su-iâⁿ,,Tõ-hṳ́--kō su-iâⁿ,,,在許塊輸贏,在彼處輸贏,"And there, it will be either won or lost.",,,,001_Handbook_of_the_Swatow_Vernacular > Lesson XXXII. Notes—Hostilities.,184
Hīn-sî tõ Tâi-uân--kō ũ sie-thâi,,Hīn-sî tõ Tâi-uân--kō ũ sie-thâi,,,現時在臺灣塊有相刣,現時在臺灣處有相刣,At present there are battles going on in Formosa.,,,,001_Handbook_of_the_Swatow_Vernacular > Lesson XXXII. Notes—Hostilities.,184
Koi-lâng khoih Hô-lân-se phah--khṳ̀-lō,,Koi-lâng khoih Hô-lân-se phah--khṳ̀-lō,,,雞籠乞荷蘭西拍去了,鷄籠被荷蘭西打去了,Keelung is taken by the French.,,,,001_Handbook_of_the_Swatow_Vernacular > Lesson XXXII. Notes—Hostilities.,184
Tõ-hié kâi phâu-thâi lông-tsóng khṳt i kâi chiên-tsûn bū tiòu,,Tõ-hié kâi phâu-thâi lông-tsóng khṳt i kâi chiên-tsûn bū tiòu,,,在許塊个炮臺攏總乞伊个戰船霧掉,在彼個炮臺俱皆被伊個戰船霧丢,All the forts there have been bombarded by their war vessels.,,,,001_Handbook_of_the_Swatow_Vernacular > Lesson XXXII. Notes—Hostilities.,184
I kâi tsûn kâi-chhèng ũ-kâi tūa-ki kùe phâu-thâi--kâi,,I kâi tsûn kâi-chhèng ũ-kâi tūa-ki kùe phâu-thâi--kâi,,,伊个船个銃有个大枝過炮臺个,伊個船個銃有個大枝過炮臺個,Some of the guns of their ships are larger than those of the forts there.,,,,001_Handbook_of_the_Swatow_Vernacular > Lesson XXXII. Notes—Hostilities.,184
I káu-chiah chièn-tsûn chiũ khṳ̀ bū Hok-chiu,,I káu-chiah chièn-tsûn chiũ khṳ̀ bū Hok-chiu,,,伊九隻戰船就去霧福州,,"They had nine vessels, and they went to bombard Foochow.",,,,001_Handbook_of_the_Swatow_Vernacular > Lesson XXXII. Notes—Hostilities.,184
Tn̂g-nâng kâi chièn-tsûn lóng-tsóng tîm--khṳ̀,,Tn̂g-nâng kâi chièn-tsûn lóng-tsóng tîm--khṳ̀,,,唐人[訓]个戰船攏總沉去,唐人[訓]個戰船俱皆沉去,The Chinese war vessels were all sunk.,,,,001_Handbook_of_the_Swatow_Vernacular > Lesson XXXII. Notes—Hostilities.,184
"Put-kùe chék-chiah tsáu--khṳ̀, chék-chiah tóh-húe",,"Put-kùe chék-chiah tsáu--khṳ̀, chék-chiah tóh-húe",,,不過一隻走去。一隻着火,不過壹隻走去。壹隻發火,"With the exception of one vessel that escaped, and one vessel on fire.",,,,001_Handbook_of_the_Swatow_Vernacular > Lesson XXXII. Notes—Hostilities.,184
Lṳ́ lói-pài-jít ũ khṳ̀ lói-pài a-bô?,,Lṳ́ lói-pài-jít ũ khṳ̀ lói-pài a-bô?,,,汝禮拜日有去禮拜亞無,爾禮拜日有去禮拜或無,Do you go to worship on Sunday?,,,,001_Handbook_of_the_Swatow_Vernacular > Lesson XXXIII. Notes—Religious.,184
"Ũ, uá kâi-kâi lói-pài khṳ̀",,"Ũ, uá kâi-kâi lói-pài khṳ̀",,,有。我個個禮拜去,有。我每個禮拜去,"Yes, I go every Sunday.",,,,001_Handbook_of_the_Swatow_Vernacular > Lesson XXXIII. Notes—Religious.,184
Lṳ́ sĩ Thien-tsú-kà a m̄-sĩ?,,Lṳ́ sĩ Thien-tsú-kà a m̄-sĩ?,,,汝是天主教亞毋是,爾是天主教或不是,Are you a Roman Catholic?,,,,001_Handbook_of_the_Swatow_Vernacular > Lesson XXXIII. Notes—Religious.,185
Ún sĩ Iâ-sou-kà,,Ún sĩ Iâ-sou-kà,,,阮是耶穌教,,We are Protestant.,,,,001_Handbook_of_the_Swatow_Vernacular > Lesson XXXIII. Notes—Religious.,185
Lṳ́ sĩ thuân-tõ-lí--kâi-nâng a m̄-sĩ?,,Lṳ́ sĩ thuân-tõ-lí--kâi-nâng a m̄-sĩ?,,,汝是傳道理个人[訓]亞毋是,爾是傳道理之人[訓]或不是,Are you a preacher?,,,,001_Handbook_of_the_Swatow_Vernacular > Lesson XXXIII. Notes—Religious.,185
"Sĩ, lṳ́ ũ àiⁿ-thiaⁿ lân-ló mē?",,"Sĩ, lṳ́ ũ àiⁿ-thiaⁿ lân-ló mē?",,,是。汝有愛聽零些咩,是。爾有要聽零些否,"Yes, do you wish to hear me a little?",,,,001_Handbook_of_the_Swatow_Vernacular > Lesson XXXIII. Notes—Religious.,185
"Uá ũ-ôiⁿ, uá lâi-khṳ̀ lói-pài-tn̂g thiaⁿ",,"Uá ũ-ôiⁿ, uá lâi-khṳ̀ lói-pài-tn̂g thiaⁿ",,,我有閒。我來去禮拜堂聽,我有閑。我來去禮拜堂聽,"If I have time, I shall go to the church and hear.",,,,001_Handbook_of_the_Swatow_Vernacular > Lesson XXXIII. Notes—Religious.,185
Kíaⁿ-jît Am-pou lãu-jiét,,Kíaⁿ-jît Am-pou lãu-jiét,,,今旦日庵埠閙熱,今日菴埠閙熱,Today is a festival day in Am-pou.,To-day is a festival day in Am-pou.,,,001_Handbook_of_the_Swatow_Vernacular > Lesson XXXIII. Notes—Religious.,185
"Tsò jĩ-tsáp-pêⁿ hì, kah iâⁿ-lãu-iâ",,"Tsò jĩ-tsáp-pêⁿ hì, kah iâⁿ-lãu-iâ",,,做二十棚戯。佮迎老爺,做弍拾棚戯。共迎老爺,They have twenty theatre stages besides a procession.,,,,001_Handbook_of_the_Swatow_Vernacular > Lesson XXXIII. Notes—Religious.,185
Lâi-khṳ̀ thit-thô,,Lâi-khṳ̀ thit-thô,,,來去佚佗,來去遊玩,Let us go for amusement.,,,,001_Handbook_of_the_Swatow_Vernacular > Lesson XXXIII. Notes—Religious.,185
Uá àiⁿ-khṳ̀ pài-lãu-iâ,,Uá àiⁿ-khṳ̀ pài-lãu-iâ,,,我愛去拜老爺,我要去拜老爺,I am going to worship the idol.,,,,001_Handbook_of_the_Swatow_Vernacular > Lesson XXXIII. Notes—Religious.,185
Àiⁿ-khṳ̀-pài Máⁿ-tsóu,,Àiⁿ-khṳ̀-pài Máⁿ-tsóu,,,愛去拜媽祖,要去拜媽祖,I wish to worship the Goddess of sailors.,,,,001_Handbook_of_the_Swatow_Vernacular > Lesson XXXIII. Notes—Religious.,185
Màⁿ-khí àiⁿ iâⁿ-lãu-iâ,,Màⁿ-khí àiⁿ iâⁿ-lãu-iâ,,,明旦起愛迎老爺,明天要迎老爺,There will be a procession tomorrow.,There will be a procession to-morrow.,,,001_Handbook_of_the_Swatow_Vernacular > Lesson XXXIII. Notes—Religious.,185
Sî-tsoih tiéh pài-a-kong,,Sî-tsoih tiéh pài-a-kong,,,時節着拜阿公,時節着拜亞公,We must worship our ancestors on festival days.,,,,001_Handbook_of_the_Swatow_Vernacular > Lesson XXXIII. Notes—Religious.,185
Chheng-mêng tiéh-khṳ̀ kùe-tsúa,,Chheng-mêng tiéh-khṳ̀ kùe-tsúa,,,清明着去掛紙,清明着去祭掃,"On the festival of tombs, we must go to worship the graves.",,,,001_Handbook_of_the_Swatow_Vernacular > Lesson XXXIII. Notes—Religious.,185
Kiáⁿ-jî tiéh kiâⁿ-hàu pẽ-bó,,Kiáⁿ-jî tiéh kiâⁿ-hàu pẽ-bó,,,囝兒着行孝父母,子兒着行孝父母,Children must show filial piety towards their parents.,,,,001_Handbook_of_the_Swatow_Vernacular > Lesson XXXIII. Notes—Religious.,185
Chhiáⁿ hûe-sièⁿ lâi thák-keng,,Chhiáⁿ hûe-sièⁿ lâi thák-keng,,,請和尚來讀經,,Engage a Buddhist priest to come and recite prayers.,,,,001_Handbook_of_the_Swatow_Vernacular > Lesson XXXIII. Notes—Religious.,185
Ēng ngóu-seⁿ lâi-hõng,,Ēng ngóu-seⁿ lâi-hõng,,,用伍牲來奉,,Make an offering of five kinds.,,,,001_Handbook_of_the_Swatow_Vernacular > Lesson XXXIII. Notes—Religious.,185
Sie-hieⁿ,,Sie-hieⁿ,,,燒香點燭,燒香㸃燭,"Burn the incense-sticks, and light the candles.",,,,001_Handbook_of_the_Swatow_Vernacular > Lesson XXXIII. Notes—Religious.,185
tiám-chek,,tiám-chek,,,燒香點燭,燒香㸃燭,"Burn the incense-sticks, and light the candles.",,,,001_Handbook_of_the_Swatow_Vernacular > Lesson XXXIII. Notes—Religious.,185
Pàng-tiòu,,Pàng-tiòu,,,放掉,去丢,Abandon,,,,001_Handbook_of_the_Swatow_Vernacular > A Dictionary of some of the more important words in the Swatow dialect.,189
Pún-sṳ̃,,Pún-sṳ̃,,,本事,,Ability,,,,001_Handbook_of_the_Swatow_Vernacular > A Dictionary of some of the more important words in the Swatow dialect.,189
pún-niáⁿ,,pún-niáⁿ,,,本領,,Ability,,,,001_Handbook_of_the_Swatow_Vernacular > A Dictionary of some of the more important words in the Swatow dialect.,189
tshâi-chhêng,,tshâi-chhêng,,,才情,才⿰忄靑,Ability,,,,001_Handbook_of_the_Swatow_Vernacular > A Dictionary of some of the more important words in the Swatow dialect.,189
Õi,,Õi,,,會,,Able,,,,001_Handbook_of_the_Swatow_Vernacular > A Dictionary of some of the more important words in the Swatow dialect.,189
miâⁿ-ke,,miâⁿ-ke,,,名家,能幹,Able,,,,001_Handbook_of_the_Swatow_Vernacular > A Dictionary of some of the more important words in the Swatow dialect.,189
Tṳ̂-tiōu,,Tṳ̂-tiōu,,,除掉,革除,Abolish,,,,001_Handbook_of_the_Swatow_Vernacular > A Dictionary of some of the more important words in the Swatow dialect.,189
hùi-tiōu,,hùi-tiōu,,,廢掉,廢無,Abolish,,,,001_Handbook_of_the_Swatow_Vernacular > A Dictionary of some of the more important words in the Swatow dialect.,189
Khó-ù,,Khó-ù,,,可惡,,Abominable,,,,001_Handbook_of_the_Swatow_Vernacular > A Dictionary of some of the more important words in the Swatow dialect.,189
Phiù-phûe,,Phiù-phûe,,,,破皮,Abrasion,,,,001_Handbook_of_the_Swatow_Vernacular > A Dictionary of some of the more important words in the Swatow dialect.,189
lṳ̄--tiéh,,lṳ̄--tiéh,,,,,Abrasion,,,,001_Handbook_of_the_Swatow_Vernacular > A Dictionary of some of the more important words in the Swatow dialect.,189
Tsáu-khṳ̀-tiàm,,Tsáu-khṳ̀-tiàm,,,走去坫,走去藏,Abscond,,,,001_Handbook_of_the_Swatow_Vernacular > A Dictionary of some of the more important words in the Swatow dialect.,189
Thôu-thâu,,Thôu-thâu,,,,,Absurd,,,,001_Handbook_of_the_Swatow_Vernacular > A Dictionary of some of the more important words in the Swatow dialect.,189
bô-iáⁿ,,bô-iáⁿ,,,無影,,Absurd,,,,001_Handbook_of_the_Swatow_Vernacular > A Dictionary of some of the more important words in the Swatow dialect.,189
Mēⁿ,,Mēⁿ,,,罵,,Abuse,,,,001_Handbook_of_the_Swatow_Vernacular > A Dictionary of some of the more important words in the Swatow dialect.,189
Siu,,Siu,,,收,,Accept,,,,001_Handbook_of_the_Swatow_Vernacular > A Dictionary of some of the more important words in the Swatow dialect.,189
Ngóu-jiên,,Ngóu-jiên,,,偶然,,Accident,,,,001_Handbook_of_the_Swatow_Vernacular > A Dictionary of some of the more important words in the Swatow dialect.,189
M̄-tsai-thâu,,M̄-tsai-thâu,,,毋知頭,不知頭,Accidentally,,,,001_Handbook_of_the_Swatow_Vernacular > A Dictionary of some of the more important words in the Swatow dialect.,189
Sàng,,Sàng,,,送,,"Accompany, a person off",,,,001_Handbook_of_the_Swatow_Vernacular > A Dictionary of some of the more important words in the Swatow dialect.,189
Sàng-sng,,Sàng-sng,,,送喪,,"Accompany, a funeral",,,,001_Handbook_of_the_Swatow_Vernacular > A Dictionary of some of the more important words in the Swatow dialect.,189
Tsò-chiâⁿ,,Tsò-chiâⁿ,,,做成,,Accomplish,,,,001_Handbook_of_the_Swatow_Vernacular > A Dictionary of some of the more important words in the Swatow dialect.,189
sêng,,sêng,,,成,,Accomplish,,,,001_Handbook_of_the_Swatow_Vernacular > A Dictionary of some of the more important words in the Swatow dialect.,189
Chek,,Chek,,,積,積蓄,Accumulate,,,,001_Handbook_of_the_Swatow_Vernacular > A Dictionary of some of the more important words in the Swatow dialect.,190
Kùiⁿ-sìⁿ,,Kùiⁿ-sìⁿ,,,慣習,,Accustom,,,,001_Handbook_of_the_Swatow_Vernacular > A Dictionary of some of the more important words in the Swatow dialect.,190
Kùiⁿ-sìⁿ,,Kùiⁿ-sìⁿ,,,,所長,Accustom,,,,001_Handbook_of_the_Swatow_Vernacular > A Dictionary of some of the more important words in the Swatow dialect.,190
Jīn,,Jīn,,,認,,Acknowledge,,,,001_Handbook_of_the_Swatow_Vernacular > A Dictionary of some of the more important words in the Swatow dialect.,190
Siang-sék--kâi-nâng,,Siang-sék--kâi-nâng,,,相熟个人[訓],相熟個人[訓],Acquaintance,,,,001_Handbook_of_the_Swatow_Vernacular > A Dictionary of some of the more important words in the Swatow dialect.,190
phêng-iú,,phêng-iú,,,朋友,,Acquaintance,,,,001_Handbook_of_the_Swatow_Vernacular > A Dictionary of some of the more important words in the Swatow dialect.,190
Bóu,,Bóu,,,畝,,Acre,,,,001_Handbook_of_the_Swatow_Vernacular > A Dictionary of some of the more important words in the Swatow dialect.,190
Tsò,,Tsò,,,做,,Act,,,,001_Handbook_of_the_Swatow_Vernacular > A Dictionary of some of the more important words in the Swatow dialect.,190
kiâⁿ,,kiâⁿ,,,行,,Act,,,,001_Handbook_of_the_Swatow_Vernacular > A Dictionary of some of the more important words in the Swatow dialect.,190
Hi-kiáⁿ,,Hi-kiáⁿ,,,戲囝,梨園,"Actor, in play",,,,001_Handbook_of_the_Swatow_Vernacular > A Dictionary of some of the more important words in the Swatow dialect.,190
hì-kieh,,hì-kieh,,,戲腳,,"Actor, in play",,,,001_Handbook_of_the_Swatow_Vernacular > A Dictionary of some of the more important words in the Swatow dialect.,190
Hì-tùaⁿ,,Hì-tùaⁿ,,,戲旦,,"Actor, personating female",,,,001_Handbook_of_the_Swatow_Vernacular > A Dictionary of some of the more important words in the Swatow dialect.,190
a-tùaⁿ,,a-tùaⁿ,,,阿旦,亞旦,"Actor, personating female",,,,001_Handbook_of_the_Swatow_Vernacular > A Dictionary of some of the more important words in the Swatow dialect.,190
Phoi-phûe,,Phoi-phûe,,,批皮,信皮,"Address, on a letter",,,,001_Handbook_of_the_Swatow_Vernacular > A Dictionary of some of the more important words in the Swatow dialect.,190
huang-phûe,,huang-phûe,,,封皮,,"Address, on a letter",,,,001_Handbook_of_the_Swatow_Vernacular > A Dictionary of some of the more important words in the Swatow dialect.,190
Niam-nîⁿ,,Niam-nîⁿ,,,黏昵,融洽,Adhesive,,,,001_Handbook_of_the_Swatow_Vernacular > A Dictionary of some of the more important words in the Swatow dialect.,190
Tsôiⁿ-aũ,,Tsôiⁿ-aũ,,,前後,,Adjacent,,,,001_Handbook_of_the_Swatow_Vernacular > A Dictionary of some of the more important words in the Swatow dialect.,190
lîn-kṳ̃n,,lîn-kṳ̃n,,,鄰近,僯近,Adjacent,,,,001_Handbook_of_the_Swatow_Vernacular > A Dictionary of some of the more important words in the Swatow dialect.,190
Iáng-kiáⁿ,,Iáng-kiáⁿ,,,養囝,養子,"Adopt, children",,,,001_Handbook_of_the_Swatow_Vernacular > A Dictionary of some of the more important words in the Swatow dialect.,190
Tūa--nâng,,Tūa--nâng,,,大人[訓],長成,Adult,,,,001_Handbook_of_the_Swatow_Vernacular > A Dictionary of some of the more important words in the Swatow dialect.,190
Kan-îm,,Kan-îm,,,姦淫,,Adultery,,,,001_Handbook_of_the_Swatow_Vernacular > A Dictionary of some of the more important words in the Swatow dialect.,190
îm-sṳ̄,,îm-sṳ̄,,,淫事,,Adultery,,,,001_Handbook_of_the_Swatow_Vernacular > A Dictionary of some of the more important words in the Swatow dialect.,190
sai-sṳ̄,,sai-sṳ̄,,,私事,,Adultery,,,,001_Handbook_of_the_Swatow_Vernacular > A Dictionary of some of the more important words in the Swatow dialect.,190
Kà,,Kà,,,教,,Advise,,,,001_Handbook_of_the_Swatow_Vernacular > A Dictionary of some of the more important words in the Swatow dialect.,190
khǹg-kòi,,khǹg-kòi,,,勸戒,,Advise,,,,001_Handbook_of_the_Swatow_Vernacular > A Dictionary of some of the more important words in the Swatow dialect.,190
Sṳ̄,,Sṳ̄,,,事,,Affair,,,,001_Handbook_of_the_Swatow_Vernacular > A Dictionary of some of the more important words in the Swatow dialect.,190
sṳ̄-bũ,,sṳ̄-bũ,,,事務,,Affair,,,,001_Handbook_of_the_Swatow_Vernacular > A Dictionary of some of the more important words in the Swatow dialect.,190
Ũ-lêng-ûi,,Ũ-lêng-ûi,,,有能爲,有才調,"Afford, expenses",,,,001_Handbook_of_the_Swatow_Vernacular > A Dictionary of some of the more important words in the Swatow dialect.,190
Hùe,,Hùe,,,歲,,Age,,,,001_Handbook_of_the_Swatow_Vernacular > A Dictionary of some of the more important words in the Swatow dialect.,190
Háh,,Háh,,,合,,Agree,,,,001_Handbook_of_the_Swatow_Vernacular > A Dictionary of some of the more important words in the Swatow dialect.,190
Chèng-tsoh,,Chèng-tsoh,,,種作,耕種,Agriculture,,,,001_Handbook_of_the_Swatow_Vernacular > A Dictionary of some of the more important words in the Swatow dialect.,191
Khùa--tiéh,,Khùa--tiéh,,,掛着,,Aground,,,,001_Handbook_of_the_Swatow_Vernacular > A Dictionary of some of the more important words in the Swatow dialect.,191
Pí-hó,,Pí-hó,,,比好,,"Aim, to",,,,001_Handbook_of_the_Swatow_Vernacular > A Dictionary of some of the more important words in the Swatow dialect.,191
pí-chiàⁿ,,pí-chiàⁿ,,,比正,,"Aim, to",,,,001_Handbook_of_the_Swatow_Vernacular > A Dictionary of some of the more important words in the Swatow dialect.,191
chiẽⁿ-mák,,chiẽⁿ-mák,,,上目,,"Aim, to",,,,001_Handbook_of_the_Swatow_Vernacular > A Dictionary of some of the more important words in the Swatow dialect.,191
Huang,,Huang,,,風,,Air,,,,001_Handbook_of_the_Swatow_Vernacular > A Dictionary of some of the more important words in the Swatow dialect.,191
khì,,khì,,,氣,,Air,,,,001_Handbook_of_the_Swatow_Vernacular > A Dictionary of some of the more important words in the Swatow dialect.,191
Lā-liâng,,Lā-liâng,,,納凉,乘涼,"Air, to take the",,,,001_Handbook_of_the_Swatow_Vernacular > A Dictionary of some of the more important words in the Swatow dialect.,191
Lā-saⁿ,,Lā-saⁿ,,,晾衫,披衫,Air clothes,,,,001_Handbook_of_the_Swatow_Vernacular > A Dictionary of some of the more important words in the Swatow dialect.,191
Āi--ā!,,Āi--ā!,,,哀啊,哀哉,Alas!,,,,001_Handbook_of_the_Swatow_Vernacular > A Dictionary of some of the more important words in the Swatow dialect.,191
Tsún,,Tsún,,,準,,Allow,,,,001_Handbook_of_the_Swatow_Vernacular > A Dictionary of some of the more important words in the Swatow dialect.,191
hàuⁿ,,hàuⁿ,,,好,,Allow,,,,001_Handbook_of_the_Swatow_Vernacular > A Dictionary of some of the more important words in the Swatow dialect.,191
khéng,,khéng,,,肯,,Allow,,,,001_Handbook_of_the_Swatow_Vernacular > A Dictionary of some of the more important words in the Swatow dialect.,191
iòng,,iòng,,,容,,Allow,,,,001_Handbook_of_the_Swatow_Vernacular > A Dictionary of some of the more important words in the Swatow dialect.,191
Láh-jít,,Láh-jít,,,曆日,,Almanac,,,,001_Handbook_of_the_Swatow_Vernacular > A Dictionary of some of the more important words in the Swatow dialect.,191
Tsha-m̄-to,,Tsha-m̄-to,,,差毋多,,Almost,,,,001_Handbook_of_the_Swatow_Vernacular > A Dictionary of some of the more important words in the Swatow dialect.,191
tsha-put-to,,tsha-put-to,,,差不多,,Almost,,,,001_Handbook_of_the_Swatow_Vernacular > A Dictionary of some of the more important words in the Swatow dialect.,191
hiám-hiám,,hiám-hiám,,,險險,,Almost,,,,001_Handbook_of_the_Swatow_Vernacular > A Dictionary of some of the more important words in the Swatow dialect.,191
lím-lím,,lím-lím,,,,凜凜,Almost,,,,001_Handbook_of_the_Swatow_Vernacular > A Dictionary of some of the more important words in the Swatow dialect.,191
Si,,Si,,,施,,"Alms, to give",,,,001_Handbook_of_the_Swatow_Vernacular > A Dictionary of some of the more important words in the Swatow dialect.,191
chì-phîn,,chì-phîn,,,濟貧,,"Alms, to give",,,,001_Handbook_of_the_Swatow_Vernacular > A Dictionary of some of the more important words in the Swatow dialect.,191
Si-bí,,Si-bí,,,施米,,"Alms, to give, rice",,,,001_Handbook_of_the_Swatow_Vernacular > A Dictionary of some of the more important words in the Swatow dialect.,191
Tuaⁿ-nâng,,Tuaⁿ-nâng,,,單人[訓],,Alone,,,,001_Handbook_of_the_Swatow_Vernacular > A Dictionary of some of the more important words in the Swatow dialect.,191
ka-kī,,ka-kī,,,家己,自己,Alone,,,,001_Handbook_of_the_Swatow_Vernacular > A Dictionary of some of the more important words in the Swatow dialect.,191
Tūa-siaⁿ,,Tūa-siaⁿ,,,大聲,,Aloud,,,,001_Handbook_of_the_Swatow_Vernacular > A Dictionary of some of the more important words in the Swatow dialect.,191
Jī-bó,,Jī-bó,,,字母,,Alphabet,,,,001_Handbook_of_the_Swatow_Vernacular > A Dictionary of some of the more important words in the Swatow dialect.,191
Kói,,Kói,,,改,攺,"Alter, to",,,,001_Handbook_of_the_Swatow_Vernacular > A Dictionary of some of the more important words in the Swatow dialect.,191
Sie-lûn,,Sie-lûn,,,相輪,,Alternate,,,,001_Handbook_of_the_Swatow_Vernacular > A Dictionary of some of the more important words in the Swatow dialect.,191
sie-thòi,,sie-thòi,,,相代,相貸,Alternate,,,,001_Handbook_of_the_Swatow_Vernacular > A Dictionary of some of the more important words in the Swatow dialect.,191
Sui-jiên,,Sui-jiên,,,雖然,誰然,Although,,,,001_Handbook_of_the_Swatow_Vernacular > A Dictionary of some of the more important words in the Swatow dialect.,191
Chék-khài,,Chék-khài,,,一概,壹㮣,Altogether,,,,001_Handbook_of_the_Swatow_Vernacular > A Dictionary of some of the more important words in the Swatow dialect.,191
lóng-tsóng,,lóng-tsóng,,,攏總,俱皆,Altogether,,,,001_Handbook_of_the_Swatow_Vernacular > A Dictionary of some of the more important words in the Swatow dialect.,191
Tsong-kú,,Tsong-kú,,,終久,,Always,,,,001_Handbook_of_the_Swatow_Vernacular > A Dictionary of some of the more important words in the Swatow dialect.,192
Póu,,Póu,,,補,,"Amend, to make up",,,,001_Handbook_of_the_Swatow_Vernacular > A Dictionary of some of the more important words in the Swatow dialect.,192
Chhèng-chí húe-iéh,,Chhèng-chí húe-iéh,,,銃子火藥,,Ammunition,,,,001_Handbook_of_the_Swatow_Vernacular > A Dictionary of some of the more important words in the Swatow dialect.,192
Tshù-bī,,Tshù-bī,,,趣味,,Amusing,,,,001_Handbook_of_the_Swatow_Vernacular > A Dictionary of some of the more important words in the Swatow dialect.,192
Thit-thô,,Thit-thô,,,佚佗,遊玩,Amusement,,,,001_Handbook_of_the_Swatow_Vernacular > A Dictionary of some of the more important words in the Swatow dialect.,192
Kóu-tsá,,Kóu-tsá,,,古早,古昔,"Ancient, time",,,,001_Handbook_of_the_Swatow_Vernacular > A Dictionary of some of the more important words in the Swatow dialect.,192
Kóu-nâng,,Kóu-nâng,,,古人[訓],,"Ancient, men",,,,001_Handbook_of_the_Swatow_Vernacular > A Dictionary of some of the more important words in the Swatow dialect.,192
Phuéh-kóu,,Phuéh-kóu,,,詖古,講古,"Anecdote, to relate",,,,001_Handbook_of_the_Swatow_Vernacular > A Dictionary of some of the more important words in the Swatow dialect.,192
óh-kóu,,óh-kóu,,,學古,,"Anecdote, to relate",,,,001_Handbook_of_the_Swatow_Vernacular > A Dictionary of some of the more important words in the Swatow dialect.,192
Khîm-siù,,Khîm-siù,,,禽獸,,Animal,,,,001_Handbook_of_the_Swatow_Vernacular > A Dictionary of some of the more important words in the Swatow dialect.,192
Cheng-seⁿ,,Cheng-seⁿ,,,眾牲,種生,Animal domestic,,,,001_Handbook_of_the_Swatow_Vernacular > A Dictionary of some of the more important words in the Swatow dialect.,192
Chiap,,Chiap,,,接,,Annex,,,,001_Handbook_of_the_Swatow_Vernacular > A Dictionary of some of the more important words in the Swatow dialect.,192
tùe,,tùe,,,綴,連,Annex,,,,001_Handbook_of_the_Swatow_Vernacular > A Dictionary of some of the more important words in the Swatow dialect.,192
Pa-lói,,Pa-lói,,,,狡擾,Annoy,,,,001_Handbook_of_the_Swatow_Vernacular > A Dictionary of some of the more important words in the Swatow dialect.,192
tṳ̂,,tṳ̂,,,,,Annoy,,,,001_Handbook_of_the_Swatow_Vernacular > A Dictionary of some of the more important words in the Swatow dialect.,192
Khùa-lṳ̃,,Khùa-lṳ̃,,,掛慮,,Anxiety,,,,001_Handbook_of_the_Swatow_Vernacular > A Dictionary of some of the more important words in the Swatow dialect.,192
Iēⁿ,,Iēⁿ,,,樣,,Appearance,,,,001_Handbook_of_the_Swatow_Vernacular > A Dictionary of some of the more important words in the Swatow dialect.,192
Õi-chiáh,,Õi-chiáh,,,會食,,Appetite,,,,001_Handbook_of_the_Swatow_Vernacular > A Dictionary of some of the more important words in the Swatow dialect.,192
Bõi-chiáh,,Bõi-chiáh,,,袂食,,Appetite no,,,,001_Handbook_of_the_Swatow_Vernacular > A Dictionary of some of the more important words in the Swatow dialect.,192
chiáh-m̄-lóh,,chiáh-m̄-lóh,,,食毋落,食不落,Appetite no,,,,001_Handbook_of_the_Swatow_Vernacular > A Dictionary of some of the more important words in the Swatow dialect.,192
Siet-líp,,Siet-líp,,,設立,,Appoint,,,,001_Handbook_of_the_Swatow_Vernacular > A Dictionary of some of the more important words in the Swatow dialect.,192
Cheh-jĩm,,Cheh-jĩm,,,職任,,Appointment,,,,001_Handbook_of_the_Swatow_Vernacular > A Dictionary of some of the more important words in the Swatow dialect.,192
Kiâⁿ-mûa,,Kiâⁿ-mûa,,,行埋,行近,Approach,,,,001_Handbook_of_the_Swatow_Vernacular > A Dictionary of some of the more important words in the Swatow dialect.,192
Khí,,Khí,,,起,,Arise,,,,001_Handbook_of_the_Swatow_Vernacular > A Dictionary of some of the more important words in the Swatow dialect.,192
khí--lâi,,khí--lâi,,,起來,,Arise,,,,001_Handbook_of_the_Swatow_Vernacular > A Dictionary of some of the more important words in the Swatow dialect.,192
Chhiú,,Chhiú,,,手,,Arm,,,,001_Handbook_of_the_Swatow_Vernacular > A Dictionary of some of the more important words in the Swatow dialect.,193
Nám,,Nám,,,攬,,Arm to clasp in the,,,,001_Handbook_of_the_Swatow_Vernacular > A Dictionary of some of the more important words in the Swatow dialect.,193
Phõ,,Phõ,,,抱,,Arm to carry with the,,,,001_Handbook_of_the_Swatow_Vernacular > A Dictionary of some of the more important words in the Swatow dialect.,193
Pâi-pí,,Pâi-pí,,,排比,排列,Arrange,,,,001_Handbook_of_the_Swatow_Vernacular > A Dictionary of some of the more important words in the Swatow dialect.,193
sṳ̃-lí,,sṳ̃-lí,,,伺理,料理,Arrange,,,,001_Handbook_of_the_Swatow_Vernacular > A Dictionary of some of the more important words in the Swatow dialect.,193
muéh-hó,,muéh-hó,,,物好,修好,Arrange,,,,001_Handbook_of_the_Swatow_Vernacular > A Dictionary of some of the more important words in the Swatow dialect.,193
Liáh,,Liáh,,,掠,拿,Arrest,,,,001_Handbook_of_the_Swatow_Vernacular > A Dictionary of some of the more important words in the Swatow dialect.,193
Hueh-méhⁿ,,Hueh-méhⁿ,,,血脈,血脉,Artery,,,,001_Handbook_of_the_Swatow_Vernacular > A Dictionary of some of the more important words in the Swatow dialect.,193
Ūe-sièⁿ,,Ūe-sièⁿ,,,畫像,,Artist,,,,001_Handbook_of_the_Swatow_Vernacular > A Dictionary of some of the more important words in the Swatow dialect.,193
ūe-ang-kiáⁿ,,ūe-ang-kiáⁿ,,,畫尪囝,畫人子,Artist,,,,001_Handbook_of_the_Swatow_Vernacular > A Dictionary of some of the more important words in the Swatow dialect.,193
Kau-tshap,,Kau-tshap,,,交插,交遊,Associate,,,,001_Handbook_of_the_Swatow_Vernacular > A Dictionary of some of the more important words in the Swatow dialect.,193
Kiâⁿ-tāⁿ-lōu,,Kiâⁿ-tāⁿ-lōu,,,行賺路,行差路,Astray,,,,001_Handbook_of_the_Swatow_Vernacular > A Dictionary of some of the more important words in the Swatow dialect.,193
Lóh-ngóu-chheⁿ sin-seⁿ,,Lóh-ngóu-chheⁿ sin-seⁿ,,,落五星先生,,Astrologer,,,,001_Handbook_of_the_Swatow_Vernacular > A Dictionary of some of the more important words in the Swatow dialect.,193
khùaⁿ-miāⁿ sin-seⁿ,,khùaⁿ-miāⁿ sin-seⁿ,,,看命先生,,Astrologer,,,,001_Handbook_of_the_Swatow_Vernacular > A Dictionary of some of the more important words in the Swatow dialect.,193
Thien-bûn,,Thien-bûn,,,天文,,Astronomy,,,,001_Handbook_of_the_Swatow_Vernacular > A Dictionary of some of the more important words in the Swatow dialect.,193
Thái-ko-liôu,,Thái-ko-liôu,,,癩瘑寮,癩寮,"Asylum, for lepers",,,,001_Handbook_of_the_Swatow_Vernacular > A Dictionary of some of the more important words in the Swatow dialect.,193
Sók-tsũe,,Sók-tsũe,,,贖罪,,Atone,,,,001_Handbook_of_the_Swatow_Vernacular > A Dictionary of some of the more important words in the Swatow dialect.,193
Teng-tùe,,Teng-tùe,,,盯綴,相隨,"Attend, upon somebody",,,,001_Handbook_of_the_Swatow_Vernacular > A Dictionary of some of the more important words in the Swatow dialect.,193
Khâng-khiâ,,Khâng-khiâ,,,,服事,"Attend, on sick person",,,,001_Handbook_of_the_Swatow_Vernacular > A Dictionary of some of the more important words in the Swatow dialect.,193
Kṳn-sûi,,Kṳn-sûi,,,跟隨,,Attendants,,,,001_Handbook_of_the_Swatow_Vernacular > A Dictionary of some of the more important words in the Swatow dialect.,193
teng-tùe--kâi-nâng,,teng-tùe--kâi-nâng,,,盯綴个人[訓],相隨個人[訓],Attendants,,,,001_Handbook_of_the_Swatow_Vernacular > A Dictionary of some of the more important words in the Swatow dialect.,193
Tsuan-sim,,Tsuan-sim,,,專心,,Attentive,,,,001_Handbook_of_the_Swatow_Vernacular > A Dictionary of some of the more important words in the Swatow dialect.,193
kṳ́n-sim,,kṳ́n-sim,,,謹心,,Attentive,,,,001_Handbook_of_the_Swatow_Vernacular > A Dictionary of some of the more important words in the Swatow dialect.,193
Tsò-tsṳ,,Tsò-tsṳ,,,做書,,Author,,,,001_Handbook_of_the_Swatow_Vernacular > A Dictionary of some of the more important words in the Swatow dialect.,193
tù-tsṳ,,tù-tsṳ,,,著書,,Author,,,,001_Handbook_of_the_Swatow_Vernacular > A Dictionary of some of the more important words in the Swatow dialect.,193
Khuân,,Khuân,,,權,,"Authority, discretion",,,,001_Handbook_of_the_Swatow_Vernacular > A Dictionary of some of the more important words in the Swatow dialect.,193
Chhéⁿ,,Chhéⁿ,,,醒,,Awake,,,,001_Handbook_of_the_Swatow_Vernacular > A Dictionary of some of the more important words in the Swatow dialect.,194
chhéⁿ--khí-lâi,,chhéⁿ--khí-lâi,,,醒起來,,Awake,,,,001_Handbook_of_the_Swatow_Vernacular > A Dictionary of some of the more important words in the Swatow dialect.,194
Khùn-kiáⁿ,,Khùn-kiáⁿ,,,頃囝,霎時,Awhile,,,,001_Handbook_of_the_Swatow_Vernacular > A Dictionary of some of the more important words in the Swatow dialect.,194
Bô-bóu,,Bô-bóu,,,無婦,無妻,Bachelor,,,,001_Handbook_of_the_Swatow_Vernacular > A Dictionary of some of the more important words in the Swatow dialect.,194
Ie-kut,,Ie-kut,,,腰骨,,Backbone,,,,001_Handbook_of_the_Swatow_Vernacular > A Dictionary of some of the more important words in the Swatow dialect.,194
ie-chiah-kut,,ie-chiah-kut,,,腰脊骨,腰骨,Backbone,,,,001_Handbook_of_the_Swatow_Vernacular > A Dictionary of some of the more important words in the Swatow dialect.,194
Ak,,Ak,,,惡,,Bad,,,,001_Handbook_of_the_Swatow_Vernacular > A Dictionary of some of the more important words in the Swatow dialect.,194
phái,,phái,,,痞,,Bad,,,,001_Handbook_of_the_Swatow_Vernacular > A Dictionary of some of the more important words in the Swatow dialect.,194
m̄-móⁿ,,m̄-móⁿ,,,毋孬,不好,Bad,,,,001_Handbook_of_the_Swatow_Vernacular > A Dictionary of some of the more important words in the Swatow dialect.,194
Tō,,Tō,,,袋,,Bag,,,,001_Handbook_of_the_Swatow_Vernacular > A Dictionary of some of the more important words in the Swatow dialect.,194
pòu-tō,,pòu-tō,,,布袋,,Bag,,,,001_Handbook_of_the_Swatow_Vernacular > A Dictionary of some of the more important words in the Swatow dialect.,194
Hêng-lí,,Hêng-lí,,,行李,,Baggage,,,,001_Handbook_of_the_Swatow_Vernacular > A Dictionary of some of the more important words in the Swatow dialect.,194
pau-kó,,pau-kó,,,包裹,包槁,Baggage,,,,001_Handbook_of_the_Swatow_Vernacular > A Dictionary of some of the more important words in the Swatow dialect.,194
Tam-sêng,,Tam-sêng,,,擔承,,Bail,,,,001_Handbook_of_the_Swatow_Vernacular > A Dictionary of some of the more important words in the Swatow dialect.,194
Jī,,Jī,,,餌,,Bait,,,,001_Handbook_of_the_Swatow_Vernacular > A Dictionary of some of the more important words in the Swatow dialect.,194
hṳ̂-jī,,hṳ̂-jī,,,魚餌,,Bait,,,,001_Handbook_of_the_Swatow_Vernacular > A Dictionary of some of the more important words in the Swatow dialect.,194
Tshàu-thâu,,Tshàu-thâu,,,臭頭,光頭,Bald,,,,001_Handbook_of_the_Swatow_Vernacular > A Dictionary of some of the more important words in the Swatow dialect.,194
Ié-tiōu-tsúi,,Ié-tiōu-tsúi,,,舀掉水,盤丢水,"Bale, out water",,,,001_Handbook_of_the_Swatow_Vernacular > A Dictionary of some of the more important words in the Swatow dialect.,194
Kiû,,Kiû,,,球,毬,Ball,,,,001_Handbook_of_the_Swatow_Vernacular > A Dictionary of some of the more important words in the Swatow dialect.,194
That-kiû,,That-kiû,,,踢球,踢毬,Ball play football,,,,001_Handbook_of_the_Swatow_Vernacular > A Dictionary of some of the more important words in the Swatow dialect.,194
Teh-tãng,,Teh-tãng,,,壓重,磧重,"Ballast, to",,,,001_Handbook_of_the_Swatow_Vernacular > A Dictionary of some of the more important words in the Swatow dialect.,194
Tek,,Tek,,,竹,,Bamboo,,,,001_Handbook_of_the_Swatow_Vernacular > A Dictionary of some of the more important words in the Swatow dialect.,194
Tek-ko,,Tek-ko,,,竹篙,,Bamboo pole,,,,001_Handbook_of_the_Swatow_Vernacular > A Dictionary of some of the more important words in the Swatow dialect.,194
Tshong-kun,,Tshong-kun,,,充軍,,Banish,,,,001_Handbook_of_the_Swatow_Vernacular > A Dictionary of some of the more important words in the Swatow dialect.,194
liû-thû,,liû-thû,,,流徒,,Banish,,,,001_Handbook_of_the_Swatow_Vernacular > A Dictionary of some of the more important words in the Swatow dialect.,194
Khoi-kîⁿ,,Khoi-kîⁿ,,,溪墘,,"Bank, river",,,,001_Handbook_of_the_Swatow_Vernacular > A Dictionary of some of the more important words in the Swatow dialect.,194
Sua-pà,,Sua-pà,,,沙埧,,"Bank, sand",,,,001_Handbook_of_the_Swatow_Vernacular > A Dictionary of some of the more important words in the Swatow dialect.,194
Huan-nâng,,Huan-nâng,,,番人[訓],畨人[訓],Barbarian,,,,001_Handbook_of_the_Swatow_Vernacular > A Dictionary of some of the more important words in the Swatow dialect.,195
huan,,huan,,,番,畨,Barbarian,,,,001_Handbook_of_the_Swatow_Vernacular > A Dictionary of some of the more important words in the Swatow dialect.,195
Thì-thâu,,Thì-thâu,,,剃頭,,Barber,,,,001_Handbook_of_the_Swatow_Vernacular > A Dictionary of some of the more important words in the Swatow dialect.,195
thì-thâu-kiáⁿ,,thì-thâu-kiáⁿ,,,剃頭囝,剃頭子,Barber,,,,001_Handbook_of_the_Swatow_Vernacular > A Dictionary of some of the more important words in the Swatow dialect.,195
Thǹg-theh-theh,,Thǹg-theh-theh,,,褪裼裼,赤身,"Bare, body",,,,001_Handbook_of_the_Swatow_Vernacular > A Dictionary of some of the more important words in the Swatow dialect.,195
Thǹg-chhiah-kha,,Thǹg-chhiah-kha,,,褪赤骹,赤脚,"Bare, foot",,,,001_Handbook_of_the_Swatow_Vernacular > A Dictionary of some of the more important words in the Swatow dialect.,195
Chhiū-phûe,,Chhiū-phûe,,,樹皮,,Bark,,,,001_Handbook_of_the_Swatow_Vernacular > A Dictionary of some of the more important words in the Swatow dialect.,195
Pūi,,Pūi,,,吠,,Bark as dogs,,,,001_Handbook_of_the_Swatow_Vernacular > A Dictionary of some of the more important words in the Swatow dialect.,195
Chhek-tshng,,Chhek-tshng,,,粟倉,穀倉,Barn,,,,001_Handbook_of_the_Swatow_Vernacular > A Dictionary of some of the more important words in the Swatow dialect.,195
Huang-hõu-tsam,,Huang-hõu-tsam,,,風雨針,,Barometer,,,,001_Handbook_of_the_Swatow_Vernacular > A Dictionary of some of the more important words in the Swatow dialect.,195
Jiáng,,Jiáng,,,嚷,,Bawl,,,,001_Handbook_of_the_Swatow_Vernacular > A Dictionary of some of the more important words in the Swatow dialect.,195
Chióu-tshùi,,Chióu-tshùi,,,鳥喙,鳥嘴,Beak,,,,001_Handbook_of_the_Swatow_Vernacular > A Dictionary of some of the more important words in the Swatow dialect.,195
Nãiⁿ,,Nãiⁿ,,,奈,,"Bear, endure",,,,001_Handbook_of_the_Swatow_Vernacular > A Dictionary of some of the more important words in the Swatow dialect.,195
Lún,,Lún,,,忍,,"Bear, when painful or miserable",,,,001_Handbook_of_the_Swatow_Vernacular > A Dictionary of some of the more important words in the Swatow dialect.,195
khat-khóu-lún,,khat-khóu-lún,,,刻苦忍,,"Bear, when painful or miserable",,,,001_Handbook_of_the_Swatow_Vernacular > A Dictionary of some of the more important words in the Swatow dialect.,195
khat-khóu-nãiⁿ,,khat-khóu-nãiⁿ,,,刻苦奈,,"Bear, when painful or miserable",,,,001_Handbook_of_the_Swatow_Vernacular > A Dictionary of some of the more important words in the Swatow dialect.,195
Nãiⁿ-m̄-khṳ̀,,Nãiⁿ-m̄-khṳ̀,,,奈毋去,奈不去,"Bear, cannot",,,,001_Handbook_of_the_Swatow_Vernacular > A Dictionary of some of the more important words in the Swatow dialect.,195
tòng-m̄-tiôu,,tòng-m̄-tiôu,,,擋毋條,,"Bear, cannot",,,,001_Handbook_of_the_Swatow_Vernacular > A Dictionary of some of the more important words in the Swatow dialect.,195
Khîm-siù,,Khîm-siù,,,禽獸,,Beast,,,,001_Handbook_of_the_Swatow_Vernacular > A Dictionary of some of the more important words in the Swatow dialect.,195
Tṳ-káu khîm-siù,,Tṳ-káu khîm-siù,,,豬狗禽獸,,Beastly,,,,001_Handbook_of_the_Swatow_Vernacular > A Dictionary of some of the more important words in the Swatow dialect.,195
Hàuⁿ-héhⁿ--kâi-nâng,,Hàuⁿ-héhⁿ--kâi-nâng,,,好赫个人[訓],公子家,Beau,,,,001_Handbook_of_the_Swatow_Vernacular > A Dictionary of some of the more important words in the Swatow dialect.,195
Ngiá,,Ngiá,,,雅,,Beautiful,,,,001_Handbook_of_the_Swatow_Vernacular > A Dictionary of some of the more important words in the Swatow dialect.,195
hó-thóiⁿ,,hó-thóiⁿ,,,好睇,好看,Beautiful,,,,001_Handbook_of_the_Swatow_Vernacular > A Dictionary of some of the more important words in the Swatow dialect.,195
Iáh,,Iáh,,,曳,招,Beckon,,,,001_Handbook_of_the_Swatow_Vernacular > A Dictionary of some of the more important words in the Swatow dialect.,195
iáh-chhiú,,iáh-chhiú,,,曳手,招手,Beckon,,,,001_Handbook_of_the_Swatow_Vernacular > A Dictionary of some of the more important words in the Swatow dialect.,195
Mîn-tshn̂g,,Mîn-tshn̂g,,,眠床,,Bed,,,,001_Handbook_of_the_Swatow_Vernacular > A Dictionary of some of the more important words in the Swatow dialect.,196
Soiⁿ,,Soiⁿ,,,先,,Before,,,,001_Handbook_of_the_Swatow_Vernacular > A Dictionary of some of the more important words in the Swatow dialect.,196
tsôiⁿ,,tsôiⁿ,,,前,,Before,,,,001_Handbook_of_the_Swatow_Vernacular > A Dictionary of some of the more important words in the Swatow dialect.,196
I-nguân,,I-nguân,,,依原,,"Before, as",,,,001_Handbook_of_the_Swatow_Vernacular > A Dictionary of some of the more important words in the Swatow dialect.,196
Mak--tiéh nah-sap,,Mak--tiéh nah-sap,,,衊着垃圾,染着污穢,Befoul,,,,001_Handbook_of_the_Swatow_Vernacular > A Dictionary of some of the more important words in the Swatow dialect.,196
hú--tiéh nah-sap,,hú--tiéh nah-sap,,,附着垃圾,附着污穢,Befoul,,,,001_Handbook_of_the_Swatow_Vernacular > A Dictionary of some of the more important words in the Swatow dialect.,196
Khiû,,Khiû,,,求,,Beg,,,,001_Handbook_of_the_Swatow_Vernacular > A Dictionary of some of the more important words in the Swatow dialect.,196
Khṳt,,Khṳt,,,乞,,"Beg, alms",,,,001_Handbook_of_the_Swatow_Vernacular > A Dictionary of some of the more important words in the Swatow dialect.,196
Seⁿ,,Seⁿ,,,生,,Beget,,,,001_Handbook_of_the_Swatow_Vernacular > A Dictionary of some of the more important words in the Swatow dialect.,196
Khṳt-chiáh,,Khṳt-chiáh,,,乞食,乞丐,Beggar,,,,001_Handbook_of_the_Swatow_Vernacular > A Dictionary of some of the more important words in the Swatow dialect.,196
Khí,,Khí,,,起,,Begin,,,,001_Handbook_of_the_Swatow_Vernacular > A Dictionary of some of the more important words in the Swatow dialect.,196
Khí-thâu,,Khí-thâu,,,起頭,,Beginning,,,,001_Handbook_of_the_Swatow_Vernacular > A Dictionary of some of the more important words in the Swatow dialect.,196
Thòi,,Thòi,,,代,,"Behalf, on",,,,001_Handbook_of_the_Swatow_Vernacular > A Dictionary of some of the more important words in the Swatow dialect.,196
Kui-kṳ́,,Kui-kṳ́,,,規矩,,Behaviour,,,,001_Handbook_of_the_Swatow_Vernacular > A Dictionary of some of the more important words in the Swatow dialect.,196
Tsám-thâu,,Tsám-thâu,,,斬頭,,Behead,,,,001_Handbook_of_the_Swatow_Vernacular > A Dictionary of some of the more important words in the Swatow dialect.,196
phoh-thâu,,phoh-thâu,,,劈頭,刣頭,Behead,,,,001_Handbook_of_the_Swatow_Vernacular > A Dictionary of some of the more important words in the Swatow dialect.,196
Phah-oh,,Phah-oh,,,拍呃,打咽,Belch,,,,001_Handbook_of_the_Swatow_Vernacular > A Dictionary of some of the more important words in the Swatow dialect.,196
Sìn,,Sìn,,,信,,Believe,,,,001_Handbook_of_the_Swatow_Vernacular > A Dictionary of some of the more important words in the Swatow dialect.,196
siang-sìn,,siang-sìn,,,相信,,Believe,,,,001_Handbook_of_the_Swatow_Vernacular > A Dictionary of some of the more important words in the Swatow dialect.,196
Cheng,,Cheng,,,鐘,,Bell,,,,001_Handbook_of_the_Swatow_Vernacular > A Dictionary of some of the more important words in the Swatow dialect.,196
Tóu,,Tóu,,,肚,,Belly,,,,001_Handbook_of_the_Swatow_Vernacular > A Dictionary of some of the more important words in the Swatow dialect.,196
Sók,,Sók,,,屬,,Belong,,,,001_Handbook_of_the_Swatow_Vernacular > A Dictionary of some of the more important words in the Swatow dialect.,196
Khòu-thâu-tūa,,Khòu-thâu-tūa,,,褲頭帶,,Belt,,,,001_Handbook_of_the_Swatow_Vernacular > A Dictionary of some of the more important words in the Swatow dialect.,196
Íⁿ,,Íⁿ,,,椅,,Bench,,,,001_Handbook_of_the_Swatow_Vernacular > A Dictionary of some of the more important words in the Swatow dialect.,196
tn̂g-íⁿ,,tn̂g-íⁿ,,,長椅,,Bench,,,,001_Handbook_of_the_Swatow_Vernacular > A Dictionary of some of the more important words in the Swatow dialect.,196
Uàⁿ-tshn̂g,,Uàⁿ-tshn̂g,,,案床,,"Bench, magistrate's",,,,001_Handbook_of_the_Swatow_Vernacular > A Dictionary of some of the more important words in the Swatow dialect.,197
Á-uan,,Á-uan,,,拗彎,拗灣,Bend,,,,001_Handbook_of_the_Swatow_Vernacular > A Dictionary of some of the more important words in the Swatow dialect.,197
muéh-uan,,muéh-uan,,,物彎,物灣,Bend,,,,001_Handbook_of_the_Swatow_Vernacular > A Dictionary of some of the more important words in the Swatow dialect.,197
Ẽ,,Ẽ,,,下,,Beneath,,,,001_Handbook_of_the_Swatow_Vernacular > A Dictionary of some of the more important words in the Swatow dialect.,197
Iah,,Iah,,,益,,Benefit,,,,001_Handbook_of_the_Swatow_Vernacular > A Dictionary of some of the more important words in the Swatow dialect.,197
Jîn-tshṳ̂,,Jîn-tshṳ̂,,,仁慈,,Benevolence,,,,001_Handbook_of_the_Swatow_Vernacular > A Dictionary of some of the more important words in the Swatow dialect.,197
Khiû,,Khiû,,,求,,Beseech,,,,001_Handbook_of_the_Swatow_Vernacular > A Dictionary of some of the more important words in the Swatow dialect.,197
khṳt,,khṳt,,,乞,,Beseech,,,,001_Handbook_of_the_Swatow_Vernacular > A Dictionary of some of the more important words in the Swatow dialect.,197
Tsò-pû,,Tsò-pû,,,做包,同在,Beside,,,,001_Handbook_of_the_Swatow_Vernacular > A Dictionary of some of the more important words in the Swatow dialect.,197
Huân-lióu,,Huân-lióu,,,還了,,Besides,,,,001_Handbook_of_the_Swatow_Vernacular > A Dictionary of some of the more important words in the Swatow dialect.,197
siãng-chhiáⁿ,,siãng-chhiáⁿ,,,尙且,,Besides,,,,001_Handbook_of_the_Swatow_Vernacular > A Dictionary of some of the more important words in the Swatow dialect.,197
Siãng-hó,,Siãng-hó,,,上好,,Best,,,,001_Handbook_of_the_Swatow_Vernacular > A Dictionary of some of the more important words in the Swatow dialect.,197
it-hó,,it-hō,,,一好,壹號,Best,,,,001_Handbook_of_the_Swatow_Vernacular > A Dictionary of some of the more important words in the Swatow dialect.,197
tõiⁿ-it-hó,,tõiⁿ-it-hó,,,第一好,第壹號,Best,,,,001_Handbook_of_the_Swatow_Vernacular > A Dictionary of some of the more important words in the Swatow dialect.,197
Sie-su,,Sie-su,,,相輸,,Bet,,,,001_Handbook_of_the_Swatow_Vernacular > A Dictionary of some of the more important words in the Swatow dialect.,197
Tsò-chhin,,Tsò-chhin,,,做親,,Betroth,,,,001_Handbook_of_the_Swatow_Vernacular > A Dictionary of some of the more important words in the Swatow dialect.,197
Tsò--pun-nâng,,Tsò--pun-nâng,,,做分人[訓],配與人,"Betroth, a girl to a person",,,,001_Handbook_of_the_Swatow_Vernacular > A Dictionary of some of the more important words in the Swatow dialect.,197
pàng-chhin,,pàng-chhin,,,放親,,"Betroth, a girl to a person",,,,001_Handbook_of_the_Swatow_Vernacular > A Dictionary of some of the more important words in the Swatow dialect.,197
Phiàⁿ-kim,,Phiàⁿ-kim,,,聘金,,Betrothal money,,,,001_Handbook_of_the_Swatow_Vernacular > A Dictionary of some of the more important words in the Swatow dialect.,197
Sàng-phiàⁿ,,Sàng-phiàⁿ,,,送聘,,"Betrothal money, to send",,,,001_Handbook_of_the_Swatow_Vernacular > A Dictionary of some of the more important words in the Swatow dialect.,197
Zú-hó,,Zú-hó,,,愈好,,Better,,,,001_Handbook_of_the_Swatow_Vernacular > A Dictionary of some of the more important words in the Swatow dialect.,197
kèng-hó,,kèng-hó,,,更好,,Better,,,,001_Handbook_of_the_Swatow_Vernacular > A Dictionary of some of the more important words in the Swatow dialect.,197
hó--kùe,,hó--kùe,,,好過,,Better,,,,001_Handbook_of_the_Swatow_Vernacular > A Dictionary of some of the more important words in the Swatow dialect.,197
iâⁿ-kùe,,iâⁿ-kùe,,,贏過,勝過,Better,,,,001_Handbook_of_the_Swatow_Vernacular > A Dictionary of some of the more important words in the Swatow dialect.,197
Tsai-kuan,,Tsai-kuan,,,知觀,,Beware,,,,001_Handbook_of_the_Swatow_Vernacular > A Dictionary of some of the more important words in the Swatow dialect.,197
Kông-khṳ̀,,Kông-khṳ̀,,,戇去,迷亂,Bewildered,,,,001_Handbook_of_the_Swatow_Vernacular > A Dictionary of some of the more important words in the Swatow dialect.,197
Kùe,,Kùe,,,過,,"Beyond, to go",,,,001_Handbook_of_the_Swatow_Vernacular > A Dictionary of some of the more important words in the Swatow dialect.,197
Pák,,Pák,,,綁,,Bind,,,,001_Handbook_of_the_Swatow_Vernacular > A Dictionary of some of the more important words in the Swatow dialect.,198
khún,,khún,,,綑,,Bind,,,,001_Handbook_of_the_Swatow_Vernacular > A Dictionary of some of the more important words in the Swatow dialect.,198
hâ,,hâ,,,縖,,Bind,,,,001_Handbook_of_the_Swatow_Vernacular > A Dictionary of some of the more important words in the Swatow dialect.,198
Kap-tsṳ-chheh,,Kap-tsṳ-chheh,,,夾書冊,,"Bind, book",,,,001_Handbook_of_the_Swatow_Vernacular > A Dictionary of some of the more important words in the Swatow dialect.,198
Tîⁿ-kha,,Tîⁿ-kha,,,纏骹,纏脚,"Bind, feet",,,,001_Handbook_of_the_Swatow_Vernacular > A Dictionary of some of the more important words in the Swatow dialect.,198
Seⁿ-jít,,Seⁿ-jít,,,生日,令旦,Birthday,,,,001_Handbook_of_the_Swatow_Vernacular > A Dictionary of some of the more important words in the Swatow dialect.,198
Tṳ-kuaⁿ-sek,,Tṳ-kuaⁿ-sek,,,豬肝色,,Bistre,,,,001_Handbook_of_the_Swatow_Vernacular > A Dictionary of some of the more important words in the Swatow dialect.,198
Chék-tiám,,Chék-tiám,,,一點,壹㸃,"Bit, of anything",,,,001_Handbook_of_the_Swatow_Vernacular > A Dictionary of some of the more important words in the Swatow dialect.,198
tiám-kiáⁿ,,tiám-kiáⁿ,,,點囝,須子,"Bit, of anything",,,,001_Handbook_of_the_Swatow_Vernacular > A Dictionary of some of the more important words in the Swatow dialect.,198
Káu-bó,,Káu-bó,,,狗母,,Bitch,,,,001_Handbook_of_the_Swatow_Vernacular > A Dictionary of some of the more important words in the Swatow dialect.,198
Kã,,Kã,,,咬,,Bite,,,,001_Handbook_of_the_Swatow_Vernacular > A Dictionary of some of the more important words in the Swatow dialect.,198
Soh,,Soh,,,束,,"Bite, as pepper",,,,001_Handbook_of_the_Swatow_Vernacular > A Dictionary of some of the more important words in the Swatow dialect.,198
Khóu,,Khóu,,,苦,,Bitter,,,,001_Handbook_of_the_Swatow_Vernacular > A Dictionary of some of the more important words in the Swatow dialect.,198
Ou,,Ou,,,烏,,Black,,,,001_Handbook_of_the_Swatow_Vernacular > A Dictionary of some of the more important words in the Swatow dialect.,198
Tshàu-nâng,,Tshàu-nâng,,,臭人[訓],,Blackguard,,,,001_Handbook_of_the_Swatow_Vernacular > A Dictionary of some of the more important words in the Swatow dialect.,198
aù-nâng,,aù-nâng,,,爛人[訓],,Blackguard,,,,001_Handbook_of_the_Swatow_Vernacular > A Dictionary of some of the more important words in the Swatow dialect.,198
bô-hē bô-lóh--kâi-nâng,,bô-hē bô-lóh--kâi-nâng,,,無下無落个人[訓],,Blackguard,,,,001_Handbook_of_the_Swatow_Vernacular > A Dictionary of some of the more important words in the Swatow dialect.,198
Phah-thih,,Phah-thih,,,拍鐵,打鐵,Blacksmith,,,,001_Handbook_of_the_Swatow_Vernacular > A Dictionary of some of the more important words in the Swatow dialect.,198
Jiē-pha,,Jiē-pha,,,尿脬,膀光,Bladder,,,,001_Handbook_of_the_Swatow_Vernacular > A Dictionary of some of the more important words in the Swatow dialect.,198
tsúi-pha,,tsúi-pha,,,水脬,,Bladder,,,,001_Handbook_of_the_Swatow_Vernacular > A Dictionary of some of the more important words in the Swatow dialect.,198
lãn-pha,,lãn-pha,,,卵脬,,Bladder,,,,001_Handbook_of_the_Swatow_Vernacular > A Dictionary of some of the more important words in the Swatow dialect.,198
To-nék,,To-nék,,,刀肉,,"Blade, of a knife",,,,001_Handbook_of_the_Swatow_Vernacular > A Dictionary of some of the more important words in the Swatow dialect.,198
Hiâm,,Hiâm,,,嫌,,Blame,,,,001_Handbook_of_the_Swatow_Vernacular > A Dictionary of some of the more important words in the Swatow dialect.,198
mēⁿ,,mēⁿ,,,罵,,Blame,,,,001_Handbook_of_the_Swatow_Vernacular > A Dictionary of some of the more important words in the Swatow dialect.,198
Bô-hó-hiâm,,Bô-hó-hiâm,,,無好嫌,,Blameless,,,,001_Handbook_of_the_Swatow_Vernacular > A Dictionary of some of the more important words in the Swatow dialect.,198
Tháng,,Tháng,,,毯,被,"Blanket, for bed",,,,001_Handbook_of_the_Swatow_Vernacular > A Dictionary of some of the more important words in the Swatow dialect.,198
Piàng,,Piàng,,,爆,,"Blast, as rocks",,,,001_Handbook_of_the_Swatow_Vernacular > A Dictionary of some of the more important words in the Swatow dialect.,198
Húe-iām,,Húe-iām,,,火焰,火炎,Blaze,,,,001_Handbook_of_the_Swatow_Vernacular > A Dictionary of some of the more important words in the Swatow dialect.,199
Piè-péh,,Piè-péh,,,漂白,,Bleach,,,,001_Handbook_of_the_Swatow_Vernacular > A Dictionary of some of the more important words in the Swatow dialect.,199
Lâu-hueh,,Lâu-hueh,,,流血,,Bleed,,,,001_Handbook_of_the_Swatow_Vernacular > A Dictionary of some of the more important words in the Swatow dialect.,199
Sṳ̀-hok,,Sṳ̀-hok,,,賜福,,Bless,,,,001_Handbook_of_the_Swatow_Vernacular > A Dictionary of some of the more important words in the Swatow dialect.,199
Hok-khì,,Hok-khì,,,福氣,,Blessing,,,,001_Handbook_of_the_Swatow_Vernacular > A Dictionary of some of the more important words in the Swatow dialect.,199
Chheⁿ-mêⁿ,,Chheⁿ-mêⁿ,,,青盲,瞎眼,Blind,,,,001_Handbook_of_the_Swatow_Vernacular > A Dictionary of some of the more important words in the Swatow dialect.,199
Aⁿ-mák tsáu-tīam,,Aⁿ-mák tsáu-tīam,,,掩目走坫,遮目走藏,Blindfold,,,,001_Handbook_of_the_Swatow_Vernacular > A Dictionary of some of the more important words in the Swatow dialect.,199
Tshâ-thâu,,Tshâ-thâu,,,柴頭,,"Block, large lump of wood",,,,001_Handbook_of_the_Swatow_Vernacular > A Dictionary of some of the more important words in the Swatow dialect.,199
Kìm-kháu,,Kìm-kháu,,,禁口,,Blockade,,,,001_Handbook_of_the_Swatow_Vernacular > A Dictionary of some of the more important words in the Swatow dialect.,199
Kìm-káng,,Kìm-káng,,,禁港,,Blockade,,,,001_Handbook_of_the_Swatow_Vernacular > A Dictionary of some of the more important words in the Swatow dialect.,199
Tshâ-thâu,,Tshâ-thâu,,,柴頭,,Blockhead,,,,001_Handbook_of_the_Swatow_Vernacular > A Dictionary of some of the more important words in the Swatow dialect.,199
ngûi-phûe,,ngûi-phûe,,,危皮,,Blockhead,,,,001_Handbook_of_the_Swatow_Vernacular > A Dictionary of some of the more important words in the Swatow dialect.,199
Hueh-méhⁿ,,Hueh-méhⁿ,,,血脈,血脉,Blood-vessel,,,,001_Handbook_of_the_Swatow_Vernacular > A Dictionary of some of the more important words in the Swatow dialect.,199
Khui-hue,,Khui-hue,,,開花,,Blossom,,,,001_Handbook_of_the_Swatow_Vernacular > A Dictionary of some of the more important words in the Swatow dialect.,199
Cheng,,Cheng,,,,撞,"Blow, to strike a",,,,001_Handbook_of_the_Swatow_Vernacular > A Dictionary of some of the more important words in the Swatow dialect.,199
tshùaⁿ,,tshùaⁿ,,,撞,打,"Blow, to strike a",,,,001_Handbook_of_the_Swatow_Vernacular > A Dictionary of some of the more important words in the Swatow dialect.,199
Pûn-huang,,Pûn-huang,,,歕風,吹風,"Blow, wind with the mouth",,,,001_Handbook_of_the_Swatow_Vernacular > A Dictionary of some of the more important words in the Swatow dialect.,199
Pûn-pi,,Pûn-pi,,,歕嗶,吹陂,"Blow, a whistle",,,,001_Handbook_of_the_Swatow_Vernacular > A Dictionary of some of the more important words in the Swatow dialect.,199
Pûn-kùe,,Pûn-kùe,,,歕過,吹過,"Blow, out, as lamp",,,,001_Handbook_of_the_Swatow_Vernacular > A Dictionary of some of the more important words in the Swatow dialect.,199
Tshâ-thûi,,Tshâ-thûi,,,柴槌,柴錘,Bludgeon,,,,001_Handbook_of_the_Swatow_Vernacular > A Dictionary of some of the more important words in the Swatow dialect.,199
Nâm,,Nâm,,,藍,,Blue,,,,001_Handbook_of_the_Swatow_Vernacular > A Dictionary of some of the more important words in the Swatow dialect.,199
lâm,,lâm,,,藍,,Blue,,,,001_Handbook_of_the_Swatow_Vernacular > A Dictionary of some of the more important words in the Swatow dialect.,199
Chheⁿ,,Chheⁿ,,,青,靑,"Blue, as sky",,,,001_Handbook_of_the_Swatow_Vernacular > A Dictionary of some of the more important words in the Swatow dialect.,199
Tshò,,Tshò,,,錯,,Blunder,,,,001_Handbook_of_the_Swatow_Vernacular > A Dictionary of some of the more important words in the Swatow dialect.,199
m̄-tiéh,,m̄-tiéh,,,毋着,不着,Blunder,,,,001_Handbook_of_the_Swatow_Vernacular > A Dictionary of some of the more important words in the Swatow dialect.,199
Tun,,Tun,,,鈍,,"Blunt, of knife",,,,001_Handbook_of_the_Swatow_Vernacular > A Dictionary of some of the more important words in the Swatow dialect.,200
Lu,,Lu,,,夵,,"Blunt, of point",,,,001_Handbook_of_the_Swatow_Vernacular > A Dictionary of some of the more important words in the Swatow dialect.,200
bõi-chiam,,bõi-chiam,,,袂尖,不尖,"Blunt, of point",,,,001_Handbook_of_the_Swatow_Vernacular > A Dictionary of some of the more important words in the Swatow dialect.,200
Tṳ-ko,,Tṳ-ko,,,豬哥,,Boar,,,,001_Handbook_of_the_Swatow_Vernacular > A Dictionary of some of the more important words in the Swatow dialect.,200
Pang,,Pang,,,枋,,Board,,,,001_Handbook_of_the_Swatow_Vernacular > A Dictionary of some of the more important words in the Swatow dialect.,200
Tõ-tsûn,,Tõ-tsûn,,,在船,,"Board, on …… ship",,,,001_Handbook_of_the_Swatow_Vernacular > A Dictionary of some of the more important words in the Swatow dialect.,200
Lóh-tsûn,,Lóh-tsûn,,,落船,,"Board, go on …… ship",,,,001_Handbook_of_the_Swatow_Vernacular > A Dictionary of some of the more important words in the Swatow dialect.,200
Lák-põu,,Lák-põu,,,六部,陸部,"Board, the six",,,,001_Handbook_of_the_Swatow_Vernacular > A Dictionary of some of the more important words in the Swatow dialect.,200
La-kè,,La-kè,,,,自誇,Boast,,,,001_Handbook_of_the_Swatow_Vernacular > A Dictionary of some of the more important words in the Swatow dialect.,200
tàⁿ-tūa-uē,,tàⁿ-tūa-uē,,,呾大話,講大話,Boast,,,,001_Handbook_of_the_Swatow_Vernacular > A Dictionary of some of the more important words in the Swatow dialect.,200
Kiâⁿ-tsûn-nâng,,Kiâⁿ-tsûn-nâng,,,行船人[訓],,Boatman,,,,001_Handbook_of_the_Swatow_Vernacular > A Dictionary of some of the more important words in the Swatow dialect.,200
Mn̂g-tshùaⁿ,,Mn̂g-tshùaⁿ,,,門閂,門拴,"Bolt, of door",,,,001_Handbook_of_the_Swatow_Vernacular > A Dictionary of some of the more important words in the Swatow dialect.,200
mn̂g-chhēng,,mn̂g-chhēng,,,門拴,門閂,"Bolt, of door",,,,001_Handbook_of_the_Swatow_Vernacular > A Dictionary of some of the more important words in the Swatow dialect.,200
Tshùaⁿ-mn̂g,,Tshùaⁿ-mn̂g,,,閂門,拴門,"Bolt, a door",,,,001_Handbook_of_the_Swatow_Vernacular > A Dictionary of some of the more important words in the Swatow dialect.,200
Thai,,Thai,,,篩,,"Bolt, grain",,,,001_Handbook_of_the_Swatow_Vernacular > A Dictionary of some of the more important words in the Swatow dialect.,200
Bí-thai,,Bí-thai,,,米篩,,Bolter,,,,001_Handbook_of_the_Swatow_Vernacular > A Dictionary of some of the more important words in the Swatow dialect.,200
bí-lô,,bí-lô,,,米籮,,Bolter,,,,001_Handbook_of_the_Swatow_Vernacular > A Dictionary of some of the more important words in the Swatow dialect.,200
Tsṳ-chheh,,Tsṳ-chheh,,,書冊,,Book,,,,001_Handbook_of_the_Swatow_Vernacular > A Dictionary of some of the more important words in the Swatow dialect.,200
Chheh-phûe,,Chheh-phûe,,,冊皮,,Book cover,,,,001_Handbook_of_the_Swatow_Vernacular > A Dictionary of some of the more important words in the Swatow dialect.,200
Chheh-tû,,Chheh-tû,,,冊櫥,,Bookcase,,,,001_Handbook_of_the_Swatow_Vernacular > A Dictionary of some of the more important words in the Swatow dialect.,200
tsṳ-tû,,tsṳ-tû,,,書櫥,,Bookcase,,,,001_Handbook_of_the_Swatow_Vernacular > A Dictionary of some of the more important words in the Swatow dialect.,200
Hia,,Hia,,,靴,,Boots,,,,001_Handbook_of_the_Swatow_Vernacular > A Dictionary of some of the more important words in the Swatow dialect.,200
Tsháu-lióu,,Tsháu-lióu,,,草寮,,Booth,,,,001_Handbook_of_the_Swatow_Vernacular > A Dictionary of some of the more important words in the Swatow dialect.,200
Tsǹg,,Tsǹg,,,鑽,,Bore,,,,001_Handbook_of_the_Swatow_Vernacular > A Dictionary of some of the more important words in the Swatow dialect.,200
Tsǹg-kiáⁿ,,Tsǹg-kiáⁿ,,,鑽囝,鑽仔,Borer,,,,001_Handbook_of_the_Swatow_Vernacular > A Dictionary of some of the more important words in the Swatow dialect.,200
Seⁿ,,Seⁿ,,,生,,Born,,,,001_Handbook_of_the_Swatow_Vernacular > A Dictionary of some of the more important words in the Swatow dialect.,201
tshut-sì,,tshut-sì,,,出世,,Born,,,,001_Handbook_of_the_Swatow_Vernacular > A Dictionary of some of the more important words in the Swatow dialect.,201
Chieh,,Chieh,,,借,,Borrow,,,,001_Handbook_of_the_Swatow_Vernacular > A Dictionary of some of the more important words in the Swatow dialect.,201
Jĩ-ke,,Jĩ-ke,,,二家,兩家,"Both, persons",,,,001_Handbook_of_the_Swatow_Vernacular > A Dictionary of some of the more important words in the Swatow dialect.,201
Nõⁿ-kâi,,Nõⁿ-kâi,,,兩個,,"Both, things",,,,001_Handbook_of_the_Swatow_Vernacular > A Dictionary of some of the more important words in the Swatow dialect.,201
Tói,,Tói,,,底,,Bottom,,,,001_Handbook_of_the_Swatow_Vernacular > A Dictionary of some of the more important words in the Swatow dialect.,201
Chhiū-ki,,Chhiū-ki,,,樹枝,,Bough,,,,001_Handbook_of_the_Swatow_Vernacular > A Dictionary of some of the more important words in the Swatow dialect.,201
Tī-kài,,Tī-kài,,,地界,,Boundary,,,,001_Handbook_of_the_Swatow_Vernacular > A Dictionary of some of the more important words in the Swatow dialect.,201
Chék-pé-hue,,Chék-pé-hue,,,一把花,壹把花,"Bouquet, of flowers",,,,001_Handbook_of_the_Swatow_Vernacular > A Dictionary of some of the more important words in the Swatow dialect.,201
Keng,,Keng,,,弓,,"Bow, of arrow",,,,001_Handbook_of_the_Swatow_Vernacular > A Dictionary of some of the more important words in the Swatow dialect.,201
Thâu tièⁿ--lóh-lâi,,Thâu tièⁿ--lóh-lâi,,,,,"Bow, to",,,,001_Handbook_of_the_Swatow_Vernacular > A Dictionary of some of the more important words in the Swatow dialect.,201
thâu phak--lóh-lâi,,thâu phak--lóh-lâi,,,頭伏落來,頭扑落來,"Bow, to",,,,001_Handbook_of_the_Swatow_Vernacular > A Dictionary of some of the more important words in the Swatow dialect.,201
Ip-tsà,,Ip-tsà,,,揖作,作揖,"Bow, with two hands together on the chest",,,,001_Handbook_of_the_Swatow_Vernacular > A Dictionary of some of the more important words in the Swatow dialect.,201
Tn̂g,,Tn̂g,,,腸,,Bowels,,,,001_Handbook_of_the_Swatow_Vernacular > A Dictionary of some of the more important words in the Swatow dialect.,201
tóu,,tóu,,,肚,,Bowels,,,,001_Handbook_of_the_Swatow_Vernacular > A Dictionary of some of the more important words in the Swatow dialect.,201
Sieⁿ,,Sieⁿ,,,箱,,Box,,,,001_Handbook_of_the_Swatow_Vernacular > A Dictionary of some of the more important words in the Swatow dialect.,201
Áp,,Áp,,,匣,,"Box, little",,,,001_Handbook_of_the_Swatow_Vernacular > A Dictionary of some of the more important words in the Swatow dialect.,201
A-nôuⁿ,,A-nôuⁿ,,,阿孥,小子,Boy,,,,001_Handbook_of_the_Swatow_Vernacular > A Dictionary of some of the more important words in the Swatow dialect.,201
nôuⁿ-kiáⁿ,,nôuⁿ-kiáⁿ,,,孥囝,奴子,Boy,,,,001_Handbook_of_the_Swatow_Vernacular > A Dictionary of some of the more important words in the Swatow dialect.,201
Chhiú-huân,,Chhiú-huân,,,手環,,Bracelet,,,,001_Handbook_of_the_Swatow_Vernacular > A Dictionary of some of the more important words in the Swatow dialect.,201
Khòu-tiòu,,Khòu-tiòu,,,褲吊,,Braces,,,,001_Handbook_of_the_Swatow_Vernacular > A Dictionary of some of the more important words in the Swatow dialect.,201
Thâu-khak-tshúe,,Thâu-khak-tshúe,,,頭殼髓,頭壳髓,Brain,,,,001_Handbook_of_the_Swatow_Vernacular > A Dictionary of some of the more important words in the Swatow dialect.,201
Khng,,Khng,,,糠,,Bran,,,,001_Handbook_of_the_Swatow_Vernacular > A Dictionary of some of the more important words in the Swatow dialect.,201
Chhiū-pà,,Chhiū-pà,,,樹欛,樹枝,"Branch, large",,,,001_Handbook_of_the_Swatow_Vernacular > A Dictionary of some of the more important words in the Swatow dialect.,201
Chhiū-ki,,Chhiū-ki,,,樹枝,,"Branch, small",,,,001_Handbook_of_the_Swatow_Vernacular > A Dictionary of some of the more important words in the Swatow dialect.,202
Tâng,,Tâng,,,銅,,Brass,,,,001_Handbook_of_the_Swatow_Vernacular > A Dictionary of some of the more important words in the Swatow dialect.,202
n̂g-tâng,,n̂g-tâng,,,黃銅,,Brass,,,,001_Handbook_of_the_Swatow_Vernacular > A Dictionary of some of the more important words in the Swatow dialect.,202
Tâng-póh,,Tâng-póh,,,銅薄,,Brass leaf,,,,001_Handbook_of_the_Swatow_Vernacular > A Dictionary of some of the more important words in the Swatow dialect.,202
Káⁿ,,Káⁿ,,,敢,,Brave,,,,001_Handbook_of_the_Swatow_Vernacular > A Dictionary of some of the more important words in the Swatow dialect.,202
ũ-táⁿ,,ũ-táⁿ,,,有膽,有胆,Brave,,,,001_Handbook_of_the_Swatow_Vernacular > A Dictionary of some of the more important words in the Swatow dialect.,202
Phah-tâng sai-pẽ,,Phah-tâng sai-pẽ,,,拍銅司阜,打銅司阜,Brazier,,,,001_Handbook_of_the_Swatow_Vernacular > A Dictionary of some of the more important words in the Swatow dialect.,202
Muéh-phùa,,Muéh-phùa,,,物破,打破,Break,,,,001_Handbook_of_the_Swatow_Vernacular > A Dictionary of some of the more important words in the Swatow dialect.,202
Khà-phùa,,Khà-phùa,,,扣破,,"Break, as crockery ware",,,,001_Handbook_of_the_Swatow_Vernacular > A Dictionary of some of the more important words in the Swatow dialect.,202
Á-chíh,,Á-chíh,,,掗折,,"Break, asunder, as a stick",,,,001_Handbook_of_the_Swatow_Vernacular > A Dictionary of some of the more important words in the Swatow dialect.,202
Chiáh-mêng-khí,,Chiáh-mêng-khí,,,食眠起,食早朝,"Breakfast, to take",,,,001_Handbook_of_the_Swatow_Vernacular > A Dictionary of some of the more important words in the Swatow dialect.,202
Sim-kuaⁿ-thâu,,Sim-kuaⁿ-thâu,,,心肝頭,,Breast,,,,001_Handbook_of_the_Swatow_Vernacular > A Dictionary of some of the more important words in the Swatow dialect.,202
Nĩⁿ,,Nĩⁿ,,,奶,乳,"Breast, woman's",,,,001_Handbook_of_the_Swatow_Vernacular > A Dictionary of some of the more important words in the Swatow dialect.,202
Khùi,,Khùi,,,氣,,Breath,,,,001_Handbook_of_the_Swatow_Vernacular > A Dictionary of some of the more important words in the Swatow dialect.,202
Tháu-khùi,,Tháu-khùi,,,㪗氣,出氣,Breathe,,,,001_Handbook_of_the_Swatow_Vernacular > A Dictionary of some of the more important words in the Swatow dialect.,202
Huang,,Huang,,,風,,Breeze,,,,001_Handbook_of_the_Swatow_Vernacular > A Dictionary of some of the more important words in the Swatow dialect.,202
Hiaⁿ-tĩ,,Hiaⁿ-tĩ,,,兄弟,,Brethren,,,,001_Handbook_of_the_Swatow_Vernacular > A Dictionary of some of the more important words in the Swatow dialect.,202
Sái-ēng,,Sái-ēng,,,使用,,"Bribe, to",,,,001_Handbook_of_the_Swatow_Vernacular > A Dictionary of some of the more important words in the Swatow dialect.,202
Siũ-iũ,,Siũ-iũ,,,受賄,,"Bribe, to receive",,,,001_Handbook_of_the_Swatow_Vernacular > A Dictionary of some of the more important words in the Swatow dialect.,202
chiáh-chîⁿ,,chiáh-chîⁿ,,,食錢,,"Bribe, to receive",,,,001_Handbook_of_the_Swatow_Vernacular > A Dictionary of some of the more important words in the Swatow dialect.,202
Tsng,,Tsng,,,磚,,Brick,,,,001_Handbook_of_the_Swatow_Vernacular > A Dictionary of some of the more important words in the Swatow dialect.,202
Sin-niêⁿ,,Sin-niêⁿ,,,新娘,,Bride,,,,001_Handbook_of_the_Swatow_Vernacular > A Dictionary of some of the more important words in the Swatow dialect.,202
sin-nâng,,sin-nâng,,,新人[訓],,Bride,,,,001_Handbook_of_the_Swatow_Vernacular > A Dictionary of some of the more important words in the Swatow dialect.,202
Sin-nâng-tia,,Sin-nâng-tia,,,新人[訓]爹,,Bridegroom,,,,001_Handbook_of_the_Swatow_Vernacular > A Dictionary of some of the more important words in the Swatow dialect.,202
Kiê,,Kiê,,,橋,,Bridge,,,,001_Handbook_of_the_Swatow_Vernacular > A Dictionary of some of the more important words in the Swatow dialect.,203
Bé-soh,,Bé-soh,,,馬索,,Bridle,,,,001_Handbook_of_the_Swatow_Vernacular > A Dictionary of some of the more important words in the Swatow dialect.,203
Kng,,Kng,,,光,,Bright,,,,001_Handbook_of_the_Swatow_Vernacular > A Dictionary of some of the more important words in the Swatow dialect.,203
Tãng-tãng-kng,,Tãng-tãng-kng,,,重重光,光光,"Bright, very",,,,001_Handbook_of_the_Swatow_Vernacular > A Dictionary of some of the more important words in the Swatow dialect.,203
Khiéh--lâi,,Khiéh--lâi,,,挈來,携來,Bring,,,,001_Handbook_of_the_Swatow_Vernacular > A Dictionary of some of the more important words in the Swatow dialect.,203
tsah--lâi,,tsah--lâi,,,,帶來,Bring,,,,001_Handbook_of_the_Swatow_Vernacular > A Dictionary of some of the more important words in the Swatow dialect.,203
tūa,,tūa,,,帶,,Bring,,,,001_Handbook_of_the_Swatow_Vernacular > A Dictionary of some of the more important words in the Swatow dialect.,203
Jiét,,Jiét,,,熱,,"Brisk, as trade",,,,001_Handbook_of_the_Swatow_Vernacular > A Dictionary of some of the more important words in the Swatow dialect.,203
lãu-jiét,,lãu-jiét,,,鬧熱,,"Brisk, as trade",,,,001_Handbook_of_the_Swatow_Vernacular > A Dictionary of some of the more important words in the Swatow dialect.,203
Sou,,Sou,,,酥,,Brittle,,,,001_Handbook_of_the_Swatow_Vernacular > A Dictionary of some of the more important words in the Swatow dialect.,203
Khuah,,Khuah,,,闊,,Broad,,,,001_Handbook_of_the_Swatow_Vernacular > A Dictionary of some of the more important words in the Swatow dialect.,203
khùaⁿ,,khùaⁿ,,,寛,,Broad,,,,001_Handbook_of_the_Swatow_Vernacular > A Dictionary of some of the more important words in the Swatow dialect.,203
Phùa,,Phùa,,,破,,Broken,,,,001_Handbook_of_the_Swatow_Vernacular > A Dictionary of some of the more important words in the Swatow dialect.,203
Chíh,,Chíh,,,折,,"Broken, as leg",,,,001_Handbook_of_the_Swatow_Vernacular > A Dictionary of some of the more important words in the Swatow dialect.,203
Phah-khang,,Phah-khang,,,拍空,打空,Broker,,,,001_Handbook_of_the_Swatow_Vernacular > A Dictionary of some of the more important words in the Swatow dialect.,203
Kheⁿ,,Kheⁿ,,,坑,,Brook,,,,001_Handbook_of_the_Swatow_Vernacular > A Dictionary of some of the more important words in the Swatow dialect.,203
suaⁿ-kheⁿ,,suaⁿ-kheⁿ,,,山坑,,Brook,,,,001_Handbook_of_the_Swatow_Vernacular > A Dictionary of some of the more important words in the Swatow dialect.,203
Sàu-siú,,Sàu-siú,,,掃帚,掃箒,Broom,,,,001_Handbook_of_the_Swatow_Vernacular > A Dictionary of some of the more important words in the Swatow dialect.,203
Sau-kuán,,Sau-kuán,,,騷館,娼館,Brothel,,,,001_Handbook_of_the_Swatow_Vernacular > A Dictionary of some of the more important words in the Swatow dialect.,203
tsa-bóu-kuán,,tsa-bóu-kuán,,,諸婦館,女館,Brothel,,,,001_Handbook_of_the_Swatow_Vernacular > A Dictionary of some of the more important words in the Swatow dialect.,203
Hiaⁿ-tĩ,,Hiaⁿ-tĩ,,,兄弟,,Brothers,,,,001_Handbook_of_the_Swatow_Vernacular > A Dictionary of some of the more important words in the Swatow dialect.,203
hiaⁿ-tĩ-kiáⁿ,,hiaⁿ-tĩ-kiáⁿ,,,兄弟囝,兄弟子,Brothers,,,,001_Handbook_of_the_Swatow_Vernacular > A Dictionary of some of the more important words in the Swatow dialect.,203
Tsang-sek,,Tsang-sek,,,棕色,,Brown,,,,001_Handbook_of_the_Swatow_Vernacular > A Dictionary of some of the more important words in the Swatow dialect.,203
Sieⁿ--tiéh,,Sieⁿ--tiéh,,,傷着,,Bruise.,,,,001_Handbook_of_the_Swatow_Vernacular > A Dictionary of some of the more important words in the Swatow dialect.,203
Tshóiⁿ,,Tshóiⁿ,,,筅,,"Brush, to",,,,001_Handbook_of_the_Swatow_Vernacular > A Dictionary of some of the more important words in the Swatow dialect.,203
sueh,,sueh,,,刷,,"Brush, to",,,,001_Handbook_of_the_Swatow_Vernacular > A Dictionary of some of the more important words in the Swatow dialect.,203
Ôi-sueh,,Ôi-sueh,,,鞋刷,,Shoe brush,,,,001_Handbook_of_the_Swatow_Vernacular > A Dictionary of some of the more important words in the Swatow dialect.,203
Tsúi-tháng,,Tsúi-tháng,,,水桶,,Bucket,,,,001_Handbook_of_the_Swatow_Vernacular > A Dictionary of some of the more important words in the Swatow dialect.,203
tiòu-tháng,,tiòu-tháng,,,吊桶,,Bucket,,,,001_Handbook_of_the_Swatow_Vernacular > A Dictionary of some of the more important words in the Swatow dialect.,203
Puáh-táu,,Puáh-táu,,,拔斗,,"Bucket, for well",,,,001_Handbook_of_the_Swatow_Vernacular > A Dictionary of some of the more important words in the Swatow dialect.,204
puáh-tháng,,puáh-tháng,,,拔桶,,"Bucket, for well",,,,001_Handbook_of_the_Swatow_Vernacular > A Dictionary of some of the more important words in the Swatow dialect.,204
Lúi,,Lúi,,,蕊,,"Bud, flower",,,,001_Handbook_of_the_Swatow_Vernacular > A Dictionary of some of the more important words in the Swatow dialect.,204
hue-lúi,,hue-lúi,,,花蕊,,"Bud, flower",,,,001_Handbook_of_the_Swatow_Vernacular > A Dictionary of some of the more important words in the Swatow dialect.,204
Sún,,Sún,,,笋,,"Bud, shoot",,,,001_Handbook_of_the_Swatow_Vernacular > A Dictionary of some of the more important words in the Swatow dialect.,204
Huat-sún,,Huat-sún,,,發笋,,"Bud, to",,,,001_Handbook_of_the_Swatow_Vernacular > A Dictionary of some of the more important words in the Swatow dialect.,204
piouh-sún,,piouh-sún,,,,,"Bud, to",,,,001_Handbook_of_the_Swatow_Vernacular > A Dictionary of some of the more important words in the Swatow dialect.,204
Hút,,Hút,,,佛,,Buddha,,,,001_Handbook_of_the_Swatow_Vernacular > A Dictionary of some of the more important words in the Swatow dialect.,204
hút-tsóu,,hút-tsóu,,,佛祖,,Buddha,,,,001_Handbook_of_the_Swatow_Vernacular > A Dictionary of some of the more important words in the Swatow dialect.,204
Hút-kà,,Hút-kà,,,佛教,,Buddhism,,,,001_Handbook_of_the_Swatow_Vernacular > A Dictionary of some of the more important words in the Swatow dialect.,204
Bák-sat,,Bák-sat,,,木虱,,Bug,,,,001_Handbook_of_the_Swatow_Vernacular > A Dictionary of some of the more important words in the Swatow dialect.,204
Khí-tshù,,Khí-tshù,,,起厝,建屋,"Build, a house",,,,001_Handbook_of_the_Swatow_Vernacular > A Dictionary of some of the more important words in the Swatow dialect.,204
Tsõ-tsûn,,Tsõ-tsûn,,,造船,,"Build, a boat",,,,001_Handbook_of_the_Swatow_Vernacular > A Dictionary of some of the more important words in the Swatow dialect.,204
În-chí,,În-chí,,,鉛子,,Bullet,,,,001_Handbook_of_the_Swatow_Vernacular > A Dictionary of some of the more important words in the Swatow dialect.,204
chhèng-chí,,chhèng-chí,,,銃子,,Bullet,,,,001_Handbook_of_the_Swatow_Vernacular > A Dictionary of some of the more important words in the Swatow dialect.,204
Chék-pé,,Chék-pé,,,一把,壹把,"Bunch, as flowers",,,,001_Handbook_of_the_Swatow_Vernacular > A Dictionary of some of the more important words in the Swatow dialect.,204
Chék-siū,,Chék-siū,,,一弓,壹弓,"Bunch, as plantain",,,,001_Handbook_of_the_Swatow_Vernacular > A Dictionary of some of the more important words in the Swatow dialect.,204
Chék-siu,,Chék-siu,,,一收,壹收,"Bunch, part of a",,,,001_Handbook_of_the_Swatow_Vernacular > A Dictionary of some of the more important words in the Swatow dialect.,204
Pau,,Pau,,,包,,Bundle,,,,001_Handbook_of_the_Swatow_Vernacular > A Dictionary of some of the more important words in the Swatow dialect.,204
Tãng-tàⁿ,,Tãng-tàⁿ,,,重擔,重担,Burden,,,,001_Handbook_of_the_Swatow_Vernacular > A Dictionary of some of the more important words in the Swatow dialect.,204
Taⁿ-tàⁿ,,Taⁿ-tàⁿ,,,擔擔,擔担,"Burden, carry a",,,,001_Handbook_of_the_Swatow_Vernacular > A Dictionary of some of the more important words in the Swatow dialect.,204
Mêⁿ-tshát,,Mêⁿ-tshát,,,夜賊,,Burglar,,,,001_Handbook_of_the_Swatow_Vernacular > A Dictionary of some of the more important words in the Swatow dialect.,204
Sie,,Sie,,,燒,,Burn,,,,001_Handbook_of_the_Swatow_Vernacular > A Dictionary of some of the more important words in the Swatow dialect.,204
Piàng-tiòu,,Piàng-tiòu,,,爆掉,爆丢,Burst,,,,001_Handbook_of_the_Swatow_Vernacular > A Dictionary of some of the more important words in the Swatow dialect.,204
Tsǹg,,Tsǹg,,,葬,,"Bury, the dead",,,,001_Handbook_of_the_Swatow_Vernacular > A Dictionary of some of the more important words in the Swatow dialect.,204
tshut-suaⁿ,,tshut-suaⁿ,,,出山,,"Bury, the dead",,,,001_Handbook_of_the_Swatow_Vernacular > A Dictionary of some of the more important words in the Swatow dialect.,204
Kám,,Kám,,,䃭,,"Bury, as animal",,,,001_Handbook_of_the_Swatow_Vernacular > A Dictionary of some of the more important words in the Swatow dialect.,205
Chhì-nâⁿ-phè,,Chhì-nâⁿ-phè,,,刺藍帕,莿藍帕,"Bush, a cluster of shrubs",,,,001_Handbook_of_the_Swatow_Vernacular > A Dictionary of some of the more important words in the Swatow dialect.,205
Táu,,Táu,,,斗,,Bushel,,,,001_Handbook_of_the_Swatow_Vernacular > A Dictionary of some of the more important words in the Swatow dialect.,205
Sṳ̄,,Sṳ̄,,,事,,Business,,,,001_Handbook_of_the_Swatow_Vernacular > A Dictionary of some of the more important words in the Swatow dialect.,205
sṳ̄-bũ,,sṳ̄-bũ,,,事務,,Business,,,,001_Handbook_of_the_Swatow_Vernacular > A Dictionary of some of the more important words in the Swatow dialect.,205
Seng-lí,,Seng-lí,,,生理,,"Business, mercantile",,,,001_Handbook_of_the_Swatow_Vernacular > A Dictionary of some of the more important words in the Swatow dialect.,205
Kong-sṳ̄,,Kong-sṳ̄,,,公事,,"Business, official",,,,001_Handbook_of_the_Swatow_Vernacular > A Dictionary of some of the more important words in the Swatow dialect.,205
M̄-ôiⁿ,,M̄-ôiⁿ,,,毋閒,不閑,Busy,,,,001_Handbook_of_the_Swatow_Vernacular > A Dictionary of some of the more important words in the Swatow dialect.,205
sṳ̄-tsōi,,sṳ̄-tsōi,,,事㩼,事多,Busy,,,,001_Handbook_of_the_Swatow_Vernacular > A Dictionary of some of the more important words in the Swatow dialect.,205
Sĩ,,Sĩ,,,是,,But,,,,001_Handbook_of_the_Swatow_Vernacular > A Dictionary of some of the more important words in the Swatow dialect.,205
tsòng-sĩ,,tsòng-sĩ,,,總是,,But,,,,001_Handbook_of_the_Swatow_Vernacular > A Dictionary of some of the more important words in the Swatow dialect.,205
Thâi-tṳ,,Thâi-tṳ,,,刣豬,,Butcher,,,,001_Handbook_of_the_Swatow_Vernacular > A Dictionary of some of the more important words in the Swatow dialect.,205
thâi-gû,,thâi-gû,,,刣牛,,Butcher,,,,001_Handbook_of_the_Swatow_Vernacular > A Dictionary of some of the more important words in the Swatow dialect.,205
Tak,,Tak,,,觸,,"Butt, to",,,,001_Handbook_of_the_Swatow_Vernacular > A Dictionary of some of the more important words in the Swatow dialect.,205
Kha-tshng-pôiⁿ,,Kha-tshng-pôiⁿ,,,尻川爿,屁股,Buttock,,,,001_Handbook_of_the_Swatow_Vernacular > A Dictionary of some of the more important words in the Swatow dialect.,205
Liú,,Liú,,,鈕,,Button,,,,001_Handbook_of_the_Swatow_Vernacular > A Dictionary of some of the more important words in the Swatow dialect.,205
Bō-tsu,,Bō-tsu,,,帽珠,,"Button, on a cap",,,,001_Handbook_of_the_Swatow_Vernacular > A Dictionary of some of the more important words in the Swatow dialect.,205
Téng,,Téng,,,頂,,"Button, mandarin's",,,,001_Handbook_of_the_Swatow_Vernacular > A Dictionary of some of the more important words in the Swatow dialect.,205
Bói,,Bói,,,買,,Buy,,,,001_Handbook_of_the_Swatow_Vernacular > A Dictionary of some of the more important words in the Swatow dialect.,205
Kou-iû,,Kou-iû,,,沽油,,"Buy, as oil, wine",,,,001_Handbook_of_the_Swatow_Vernacular > A Dictionary of some of the more important words in the Swatow dialect.,205
kou-chiú,,kou-chiú,,,沽酒,,"Buy, as oil, wine",,,,001_Handbook_of_the_Swatow_Vernacular > A Dictionary of some of the more important words in the Swatow dialect.,205
tò-iû,,tò-iû,,,倒油,,"Buy, as oil, wine",,,,001_Handbook_of_the_Swatow_Vernacular > A Dictionary of some of the more important words in the Swatow dialect.,205
tò-chiú,,tò-chiú,,,倒酒,,"Buy, as oil, wine",,,,001_Handbook_of_the_Swatow_Vernacular > A Dictionary of some of the more important words in the Swatow dialect.,205
Tiáh-bí,,Tiáh-bí,,,糴米,,"Buy, as rice",,,,001_Handbook_of_the_Swatow_Vernacular > A Dictionary of some of the more important words in the Swatow dialect.,205
Ka-pòu,,Ka-pòu,,,鉸布,剪布,"Buy, as cloth",,,,001_Handbook_of_the_Swatow_Vernacular > A Dictionary of some of the more important words in the Swatow dialect.,205
Kuah-tṳ-bah,,Kuah-tṳ-bah,,,割豬肉,,"Buy, as pork, beef",,,,001_Handbook_of_the_Swatow_Vernacular > A Dictionary of some of the more important words in the Swatow dialect.,205
kuah-gû-bah,,kuah-gû-bah,,,割牛肉,,"Buy, as pork, beef",,,,001_Handbook_of_the_Swatow_Vernacular > A Dictionary of some of the more important words in the Swatow dialect.,205
Ng-ng-kiè,,Ng-ng-kiè,,,嗡嗡叫,,Buzz,,,,001_Handbook_of_the_Swatow_Vernacular > A Dictionary of some of the more important words in the Swatow dialect.,205
Thóu-miâⁿ,,Thóu-miâⁿ,,,土名,,"By-name, (nickname,)",,,,001_Handbook_of_the_Swatow_Vernacular > A Dictionary of some of the more important words in the Swatow dialect.,206
Khiã-tõ-kha-thāu--kâi-nâng,,Khiã-tõ-kha-thāu--kâi-nâng,,,徛在骹頭个人[訓],立在脚邊之人[訓],By-stander,,,,001_Handbook_of_the_Swatow_Vernacular > A Dictionary of some of the more important words in the Swatow dialect.,206
Sók-gṳ́,,Sók-gṳ́,,,俗語,,By-word,,,,001_Handbook_of_the_Swatow_Vernacular > A Dictionary of some of the more important words in the Swatow dialect.,206
Bā-lî,,Bā-lî,,,峇厘,,Cabin,,,,001_Handbook_of_the_Swatow_Vernacular > A Dictionary of some of the more important words in the Swatow dialect.,206
tsûn-búe-lâu,,tsûn-búe-lâu,,,船尾樓,,Cabin,,,,001_Handbook_of_the_Swatow_Vernacular > A Dictionary of some of the more important words in the Swatow dialect.,206
Tèng-soh,,Tèng-soh,,,椗索,櫈索,"Cable, anchor",,,,001_Handbook_of_the_Swatow_Vernacular > A Dictionary of some of the more important words in the Swatow dialect.,206
Láng,,Láng,,,籠,,Cage,,,,001_Handbook_of_the_Swatow_Vernacular > A Dictionary of some of the more important words in the Swatow dialect.,206
Kúe,,Kúe,,,粿,,Cake,,,,001_Handbook_of_the_Swatow_Vernacular > A Dictionary of some of the more important words in the Swatow dialect.,206
Piáⁿ,,Piáⁿ,,,餅,,"Cake, as biscuits",,,,001_Handbook_of_the_Swatow_Vernacular > A Dictionary of some of the more important words in the Swatow dialect.,206
ko,,ko,,,糕,羔,"Cake, as biscuits",,,,001_Handbook_of_the_Swatow_Vernacular > A Dictionary of some of the more important words in the Swatow dialect.,206
Táh-pòu,,Táh-pòu,,,踏布,,Calender,,,,001_Handbook_of_the_Swatow_Vernacular > A Dictionary of some of the more important words in the Swatow dialect.,206
khoih-pòu,,khoih-pòu,,,夾布,,Calender,,,,001_Handbook_of_the_Swatow_Vernacular > A Dictionary of some of the more important words in the Swatow dialect.,206
Chhèng-khang,,Chhèng-khang,,,銃空,,"Calibre, of gun",,,,001_Handbook_of_the_Swatow_Vernacular > A Dictionary of some of the more important words in the Swatow dialect.,206
Hàm,,Hàm,,,喊,,Call,,,,001_Handbook_of_the_Swatow_Vernacular > A Dictionary of some of the more important words in the Swatow dialect.,206
kiè,,kiè,,,叫,呌,Call,,,,001_Handbook_of_the_Swatow_Vernacular > A Dictionary of some of the more important words in the Swatow dialect.,206
Chie,,Chie,,,招,,"Call, by going about",,,,001_Handbook_of_the_Swatow_Vernacular > A Dictionary of some of the more important words in the Swatow dialect.,206
Khou,,Khou,,,呼,,"Call, animal",,,,001_Handbook_of_the_Swatow_Vernacular > A Dictionary of some of the more important words in the Swatow dialect.,206
Lóh-thóh,,Lóh-thóh,,,駱駝,,Camel,,,,001_Handbook_of_the_Swatow_Vernacular > A Dictionary of some of the more important words in the Swatow dialect.,206
Iâⁿ-pûaⁿ,,Iâⁿ-pûaⁿ,,,營盤,,Camp,,,,001_Handbook_of_the_Swatow_Vernacular > A Dictionary of some of the more important words in the Swatow dialect.,206
Õi,,Õi,,,會,,Can,,,,001_Handbook_of_the_Swatow_Vernacular > A Dictionary of some of the more important words in the Swatow dialect.,206
õi-tit,,õi-tit,,,會得,能得,Can,,,,001_Handbook_of_the_Swatow_Vernacular > A Dictionary of some of the more important words in the Swatow dialect.,206
Kau,,Kau,,,溝,,Canal,,,,001_Handbook_of_the_Swatow_Vernacular > A Dictionary of some of the more important words in the Swatow dialect.,206
Khou-tiòu,,Khou-tiòu,,,箍掉,圈丢,Cancel,,,,001_Handbook_of_the_Swatow_Vernacular > A Dictionary of some of the more important words in the Swatow dialect.,206
Hun,,Hun,,,分,,Candareen,,,,001_Handbook_of_the_Swatow_Vernacular > A Dictionary of some of the more important words in the Swatow dialect.,206
Chek,,Chek,,,燭,,Candle,,,,001_Handbook_of_the_Swatow_Vernacular > A Dictionary of some of the more important words in the Swatow dialect.,206
Tshûe,,Tshûe,,,箠,拐杖,Cane,,,,001_Handbook_of_the_Swatow_Vernacular > A Dictionary of some of the more important words in the Swatow dialect.,207
kê,,kê,,,枷,,Cangue,,,,001_Handbook_of_the_Swatow_Vernacular > A Dictionary of some of the more important words in the Swatow dialect.,207
Taⁿ-kê,,Taⁿ-kê,,,擔枷,,"Cangue, wear a",,,,001_Handbook_of_the_Swatow_Vernacular > A Dictionary of some of the more important words in the Swatow dialect.,207
Tūa-chhèng,,Tūa-chhèng,,,大銃,,Cannon,,,,001_Handbook_of_the_Swatow_Vernacular > A Dictionary of some of the more important words in the Swatow dialect.,207
kòng,,kòng,,,𨫋,,Cannon,,,,001_Handbook_of_the_Swatow_Vernacular > A Dictionary of some of the more important words in the Swatow dialect.,207
Bõi,,Bõi,,,袂,,Cannot,,,,001_Handbook_of_the_Swatow_Vernacular > A Dictionary of some of the more important words in the Swatow dialect.,207
bõi-tit,,bõi-tit,,,袂得,,Cannot,,,,001_Handbook_of_the_Swatow_Vernacular > A Dictionary of some of the more important words in the Swatow dialect.,207
put-lêng,,put-lêng,,,不能,,Cannot,,,,001_Handbook_of_the_Swatow_Vernacular > A Dictionary of some of the more important words in the Swatow dialect.,207
Bô-nãiⁿ-hô,,Bô-nãiⁿ-hô,,,無奈何,,"Cannot, but",,,,001_Handbook_of_the_Swatow_Vernacular > A Dictionary of some of the more important words in the Swatow dialect.,207
bô-khóu nãiⁿ-hô,,bô-khóu nãiⁿ-hô,,,無苦奈何,,"Cannot, but",,,,001_Handbook_of_the_Swatow_Vernacular > A Dictionary of some of the more important words in the Swatow dialect.,207
Phâng-pòu,,Phâng-pòu,,,帆布,,Canvas,,,,001_Handbook_of_the_Swatow_Vernacular > A Dictionary of some of the more important words in the Swatow dialect.,207
Bō-kiáⁿ,,Bō-kiáⁿ,,,帽囝,帽仔,Cap,,,,001_Handbook_of_the_Swatow_Vernacular > A Dictionary of some of the more important words in the Swatow dialect.,207
sié-bō,,sié-bō,,,小帽,,Cap,,,,001_Handbook_of_the_Swatow_Vernacular > A Dictionary of some of the more important words in the Swatow dialect.,207
Pńg-chîⁿ,,Pńg-chîⁿ,,,本錢,,Capital,,,,001_Handbook_of_the_Swatow_Vernacular > A Dictionary of some of the more important words in the Swatow dialect.,207
Kiaⁿ-siâⁿ,,Kiaⁿ-siâⁿ,,,京城,,"Capital, city",,,,001_Handbook_of_the_Swatow_Vernacular > A Dictionary of some of the more important words in the Swatow dialect.,207
Iam-koi,,Iam-koi,,,醃雞,,Capon,,,,001_Handbook_of_the_Swatow_Vernacular > A Dictionary of some of the more important words in the Swatow dialect.,207
Tsûn-tsú,,Tsûn-tsú,,,船主,,"Captain, of foreign vessel",,,,001_Handbook_of_the_Swatow_Vernacular > A Dictionary of some of the more important words in the Swatow dialect.,207
Húe-tiéⁿ,,Húe-tiéⁿ,,,火長,,"Captain, of steamer",,,,001_Handbook_of_the_Swatow_Vernacular > A Dictionary of some of the more important words in the Swatow dialect.,207
Tãi-kong,,Tãi-kong,,,舵工,舵舡,"Captain, of native vessel",,,,001_Handbook_of_the_Swatow_Vernacular > A Dictionary of some of the more important words in the Swatow dialect.,207
Sí-káu,,Sí-káu,,,死狗,,"Carcass, of dog",,,,001_Handbook_of_the_Swatow_Vernacular > A Dictionary of some of the more important words in the Swatow dialect.,207
Sí-gû,,Sí-gû,,,死牛,,"Carcass, of cow",,,,001_Handbook_of_the_Swatow_Vernacular > A Dictionary of some of the more important words in the Swatow dialect.,207
Thiap,,Thiap,,,帖,,"Card, invitation",,,,001_Handbook_of_the_Swatow_Vernacular > A Dictionary of some of the more important words in the Swatow dialect.,207
Tsúa-pâi,,Tsúa-pâi,,,紙牌,,"Card, playing",,,,001_Handbook_of_the_Swatow_Vernacular > A Dictionary of some of the more important words in the Swatow dialect.,207
Phah-tsúa-pâi,,Phah-tsúa-pâi,,,拍紙牌,打紙牌,"Card, to play",,,,001_Handbook_of_the_Swatow_Vernacular > A Dictionary of some of the more important words in the Swatow dialect.,207
puáh-tsúa-pâi,,puáh-tsúa-pâi,,,跋紙牌,賭紙牌,"Card, to play",,,,001_Handbook_of_the_Swatow_Vernacular > A Dictionary of some of the more important words in the Swatow dialect.,207
Kuan-kù,,Kuan-kù,,,觀顧,,"Care, to look after",,,,001_Handbook_of_the_Swatow_Vernacular > A Dictionary of some of the more important words in the Swatow dialect.,208
Huân-ló,,Huân-ló,,,煩惱,,"Care, don't",,,,001_Handbook_of_the_Swatow_Vernacular > A Dictionary of some of the more important words in the Swatow dialect.,208
Tsṳ́-sòi,,Tsṳ́-sòi,,,仔細,,Careful,,,,001_Handbook_of_the_Swatow_Vernacular > A Dictionary of some of the more important words in the Swatow dialect.,208
sòi-jī,,sòi-jī,,,細字,,Careful,,,,001_Handbook_of_the_Swatow_Vernacular > A Dictionary of some of the more important words in the Swatow dialect.,208
Chhìn-tshái,,Chhìn-tshái,,,凊彩,無小心,Careless,,,,001_Handbook_of_the_Swatow_Vernacular > A Dictionary of some of the more important words in the Swatow dialect.,208
bô-tsṳ́-sòi,,bô-tsṳ́-sòi,,,無仔細,,Careless,,,,001_Handbook_of_the_Swatow_Vernacular > A Dictionary of some of the more important words in the Swatow dialect.,208
Hùe,,Hùe,,,貨,,Cargo,,,,001_Handbook_of_the_Swatow_Vernacular > A Dictionary of some of the more important words in the Swatow dialect.,208
Bák-kang sai-pẽ,,Bák-kang sai-pẽ,,,木工司阜,,Carpenter,,,,001_Handbook_of_the_Swatow_Vernacular > A Dictionary of some of the more important words in the Swatow dialect.,208
Bé-chhia,,Bé-chhia,,,馬車,,Carriage,,,,001_Handbook_of_the_Swatow_Vernacular > A Dictionary of some of the more important words in the Swatow dialect.,208
Chhia,,Chhia,,,車,,Cart,,,,001_Handbook_of_the_Swatow_Vernacular > A Dictionary of some of the more important words in the Swatow dialect.,208
Tiou,,Tiou,,,雕,,Carve,,,,001_Handbook_of_the_Swatow_Vernacular > A Dictionary of some of the more important words in the Swatow dialect.,208
khek,,khek,,,刻,,Carve,,,,001_Handbook_of_the_Swatow_Vernacular > A Dictionary of some of the more important words in the Swatow dialect.,208
kuah-hue,,kuah-hue,,,割花,,Carve,,,,001_Handbook_of_the_Swatow_Vernacular > A Dictionary of some of the more important words in the Swatow dialect.,208
Kuah-hue sai-pẽ,,Kuah-hue sai-pẽ,,,割花司阜,,Carver,,,,001_Handbook_of_the_Swatow_Vernacular > A Dictionary of some of the more important words in the Swatow dialect.,208
Uàⁿ-kiãⁿ,,Uàⁿ-kiãⁿ,,,案件,,"Case, in law",,,,001_Handbook_of_the_Swatow_Vernacular > A Dictionary of some of the more important words in the Swatow dialect.,208
uàⁿ,,uàⁿ,,,案,,"Case, in law",,,,001_Handbook_of_the_Swatow_Vernacular > A Dictionary of some of the more important words in the Swatow dialect.,208
Chîⁿ,,Chîⁿ,,,錢,,"Cash, money",,,,001_Handbook_of_the_Swatow_Vernacular > A Dictionary of some of the more important words in the Swatow dialect.,208
Tūa-tháng,,Tūa-tháng,,,大桶,,Cask,,,,001_Handbook_of_the_Swatow_Vernacular > A Dictionary of some of the more important words in the Swatow dialect.,208
Tsù,,Tsù,,,鑄,,"Cast, metal",,,,001_Handbook_of_the_Swatow_Vernacular > A Dictionary of some of the more important words in the Swatow dialect.,208
tsù-thih,,tsù-thih,,,鑄鐵,,"Cast, metal",,,,001_Handbook_of_the_Swatow_Vernacular > A Dictionary of some of the more important words in the Swatow dialect.,208
Iam,,Iam,,,醃,,Castrate,,,,001_Handbook_of_the_Swatow_Vernacular > A Dictionary of some of the more important words in the Swatow dialect.,208
Liáh,,Liáh,,,掠,,Catch,,,,001_Handbook_of_the_Swatow_Vernacular > A Dictionary of some of the more important words in the Swatow dialect.,208
Gû-iêⁿ,,Gû-iêⁿ,,,牛羊,,Cattle,,,,001_Handbook_of_the_Swatow_Vernacular > A Dictionary of some of the more important words in the Swatow dialect.,208
Kṳn,,Kṳn,,,斤,,Catty,,,,001_Handbook_of_the_Swatow_Vernacular > A Dictionary of some of the more important words in the Swatow dialect.,208
Uân-kù,,Uân-kù,,,緣故,,Cause,,,,001_Handbook_of_the_Swatow_Vernacular > A Dictionary of some of the more important words in the Swatow dialect.,208
Suaⁿ-khang,,Suaⁿ-khang,,,山空,,Cave,,,,001_Handbook_of_the_Swatow_Vernacular > A Dictionary of some of the more important words in the Swatow dialect.,208
Hiah,,Hiah,,,歇,,Cease,,,,001_Handbook_of_the_Swatow_Vernacular > A Dictionary of some of the more important words in the Swatow dialect.,209
Máng-thien,,Máng-thien,,,慢天,,Ceiling,,,,001_Handbook_of_the_Swatow_Vernacular > A Dictionary of some of the more important words in the Swatow dialect.,209
Tshut-miâⁿ,,Tshut-miâⁿ,,,出名,,Celebrated,,,,001_Handbook_of_the_Swatow_Vernacular > A Dictionary of some of the more important words in the Swatow dialect.,209
Thiⁿ-téng kâi-sṳ̄,,Thiⁿ-téng kâi-sṳ̄,,,天頂个事,天頂之事,Celestial,,,,001_Handbook_of_the_Swatow_Vernacular > A Dictionary of some of the more important words in the Swatow dialect.,209
Kong-si-suaⁿ,,Kong-si-suaⁿ,,,公司山,義塚埔,"Cemetery, public",,,,001_Handbook_of_the_Swatow_Vernacular > A Dictionary of some of the more important words in the Swatow dialect.,209
Tìn-tang,,Tìn-tang,,,鎮中,,Centre,,,,001_Handbook_of_the_Swatow_Vernacular > A Dictionary of some of the more important words in the Swatow dialect.,209
Lói,,Lói,,,禮,,Ceremony,,,,001_Handbook_of_the_Swatow_Vernacular > A Dictionary of some of the more important words in the Swatow dialect.,209
Kiâⁿ-lói,,Kiâⁿ-lói,,,行禮,,"Ceremony, perform",,,,001_Handbook_of_the_Swatow_Vernacular > A Dictionary of some of the more important words in the Swatow dialect.,209
Tiāⁿ-tiéh,,Tiāⁿ-tiéh,,,定着,,Certain,,,,001_Handbook_of_the_Swatow_Vernacular > A Dictionary of some of the more important words in the Swatow dialect.,209
Phêng-tuaⁿ,,Phêng-tuaⁿ,,,憑單,,Certificate,,,,001_Handbook_of_the_Swatow_Vernacular > A Dictionary of some of the more important words in the Swatow dialect.,209
Tshou-khng,,Tshou-khng,,,粗糠,,Chaff,,,,001_Handbook_of_the_Swatow_Vernacular > A Dictionary of some of the more important words in the Swatow dialect.,209
Liēn,,Liēn,,,鍊,,Chain,,,,001_Handbook_of_the_Swatow_Vernacular > A Dictionary of some of the more important words in the Swatow dialect.,209
Kau-íⁿ,,Kau-íⁿ,,,高椅,,Chair,,,,001_Handbook_of_the_Swatow_Vernacular > A Dictionary of some of the more important words in the Swatow dialect.,209
Kiē,,Kiē,,,轎,,"Chair, sedan",,,,001_Handbook_of_the_Swatow_Vernacular > A Dictionary of some of the more important words in the Swatow dialect.,209
Thèng-tsãu-hùe,,Thèng-tsãu-hùe,,,聽造化,,"Chance, take one's",,,,001_Handbook_of_the_Swatow_Vernacular > A Dictionary of some of the more important words in the Swatow dialect.,209
Uāⁿ,,Uāⁿ,,,換,,Change,,,,001_Handbook_of_the_Swatow_Vernacular > A Dictionary of some of the more important words in the Swatow dialect.,209
Pièn,,Pièn,,,變,,"Change, appearance",,,,001_Handbook_of_the_Swatow_Vernacular > A Dictionary of some of the more important words in the Swatow dialect.,209
pîⁿ,,pîⁿ,,,變,,"Change, appearance",,,,001_Handbook_of_the_Swatow_Vernacular > A Dictionary of some of the more important words in the Swatow dialect.,209
Lói-pài-tn̂g,,Lói-pài-tn̂g,,,禮拜堂,,Chapel,,,,001_Handbook_of_the_Swatow_Vernacular > A Dictionary of some of the more important words in the Swatow dialect.,209
Chieⁿ,,Chieⁿ,,,章,,Chapter,,,,001_Handbook_of_the_Swatow_Vernacular > A Dictionary of some of the more important words in the Swatow dialect.,209
Jī,,Jī,,,字,,"Character, written",,,,001_Handbook_of_the_Swatow_Vernacular > A Dictionary of some of the more important words in the Swatow dialect.,209
Thùaⁿ,,Thùaⁿ,,,炭,,Charcoal,,,,001_Handbook_of_the_Swatow_Vernacular > A Dictionary of some of the more important words in the Swatow dialect.,210
húe-thùaⁿ,,húe-thùaⁿ,,,火炭,,Charcoal,,,,001_Handbook_of_the_Swatow_Vernacular > A Dictionary of some of the more important words in the Swatow dialect.,210
Hó-sim,,Hó-sim,,,好心,,Charitable,,,,001_Handbook_of_the_Swatow_Vernacular > A Dictionary of some of the more important words in the Swatow dialect.,210
siu-sim,,siu-sim,,,修心,,Charitable,,,,001_Handbook_of_the_Swatow_Vernacular > A Dictionary of some of the more important words in the Swatow dialect.,210
Pák-tsûn,,Pák-tsûn,,,縛船,,"Charter, a ship",,,,001_Handbook_of_the_Swatow_Vernacular > A Dictionary of some of the more important words in the Swatow dialect.,210
tsou-tsûn,,tsou-tsûn,,,租船,,"Charter, a ship",,,,001_Handbook_of_the_Swatow_Vernacular > A Dictionary of some of the more important words in the Swatow dialect.,210
Jiōu,,Jiōu,,,趭,趕,Chase,,,,001_Handbook_of_the_Swatow_Vernacular > A Dictionary of some of the more important words in the Swatow dialect.,210
Chẽng,,Chẽng,,,追,,"Chase, in attack",,,,001_Handbook_of_the_Swatow_Vernacular > A Dictionary of some of the more important words in the Swatow dialect.,210
Phuéh-uē,,Phuéh-uē,,,詖話,,Chat,,,,001_Handbook_of_the_Swatow_Vernacular > A Dictionary of some of the more important words in the Swatow dialect.,210
phuéh-ôiⁿ-uē,,phuéh-ôiⁿ-uē,,,詖閒話,講閑話,Chat,,,,001_Handbook_of_the_Swatow_Vernacular > A Dictionary of some of the more important words in the Swatow dialect.,210
Phiⁿ,,Phiⁿ,,,偏,賤,Cheap,,,,001_Handbook_of_the_Swatow_Vernacular > A Dictionary of some of the more important words in the Swatow dialect.,210
pân-gî,,pân-gî,,,便宜,平宜,Cheap,,,,001_Handbook_of_the_Swatow_Vernacular > A Dictionary of some of the more important words in the Swatow dialect.,210
Phièn,,Phièn,,,騙,,Cheat,,,,001_Handbook_of_the_Swatow_Vernacular > A Dictionary of some of the more important words in the Swatow dialect.,210
Kuang,,Kuang,,,誆,誘拐,"Cheat, an ignorant person",,,,001_Handbook_of_the_Swatow_Vernacular > A Dictionary of some of the more important words in the Swatow dialect.,210
Láu,,Láu,,,漏,,"Cheat, by tricks",,,,001_Handbook_of_the_Swatow_Vernacular > A Dictionary of some of the more important words in the Swatow dialect.,210
Tshuah,,Tshuah,,,掇,,"Cheat, in commerce",,,,001_Handbook_of_the_Swatow_Vernacular > A Dictionary of some of the more important words in the Swatow dialect.,210
Kih-kau,,Kih-kau,,,頰溝,頰,Cheek,,,,001_Handbook_of_the_Swatow_Vernacular > A Dictionary of some of the more important words in the Swatow dialect.,210
Teh-kî,,Teh-kî,,,壓棋,磧棋,"Chess, to play",,,,001_Handbook_of_the_Swatow_Vernacular > A Dictionary of some of the more important words in the Swatow dialect.,210
Sim-kuaⁿ-thâu,,Sim-kuaⁿ-thâu,,,心肝頭,,"Chest, breast",,,,001_Handbook_of_the_Swatow_Vernacular > A Dictionary of some of the more important words in the Swatow dialect.,210
Kãu-lák,,Kãu-lák,,,侯栗,厚綠,Chestnut,,,,001_Handbook_of_the_Swatow_Vernacular > A Dictionary of some of the more important words in the Swatow dialect.,210
Pōu,,Pōu,,,哺,齧,Chew,,,,001_Handbook_of_the_Swatow_Vernacular > A Dictionary of some of the more important words in the Swatow dialect.,210
Koi-kiáⁿ,,Koi-kiáⁿ,,,雞囝,鷄子,Chicken,,,,001_Handbook_of_the_Swatow_Vernacular > A Dictionary of some of the more important words in the Swatow dialect.,210
A-nôuⁿ,,A-nôuⁿ,,,阿孥,小兒,Child,,,,001_Handbook_of_the_Swatow_Vernacular > A Dictionary of some of the more important words in the Swatow dialect.,210
kiáⁿ,,kiáⁿ,,,囝,子,Child,,,,001_Handbook_of_the_Swatow_Vernacular > A Dictionary of some of the more important words in the Swatow dialect.,210
Nôuⁿ-kiáⁿ-khuán,,Nôuⁿ-kiáⁿ-khuán,,,孥囝款,小兒欸,"Childish, manner",,,,001_Handbook_of_the_Swatow_Vernacular > A Dictionary of some of the more important words in the Swatow dialect.,210
Bô-kiáⁿ bô-ji,,Bô-kiáⁿ bô-ji,,,無囝無兒,無子無兒,Childless,,,,001_Handbook_of_the_Swatow_Vernacular > A Dictionary of some of the more important words in the Swatow dialect.,210
In-tâng,,In-tâng,,,煙筒,烟筒,Chimney,,,,001_Handbook_of_the_Swatow_Vernacular > A Dictionary of some of the more important words in the Swatow dialect.,211
húe-hun-tâng,,húe-hun-tâng,,,火薰筒,火烟筒,Chimney,,,,001_Handbook_of_the_Swatow_Vernacular > A Dictionary of some of the more important words in the Swatow dialect.,211
Ẽ-hâi,,Ẽ-hâi,,,下頦,下腮,Chin,,,,001_Handbook_of_the_Swatow_Vernacular > A Dictionary of some of the more important words in the Swatow dialect.,211
Tn̂g-suaⁿ,,Tn̂g-suaⁿ,,,唐山,,"China, country",,,,001_Handbook_of_the_Swatow_Vernacular > A Dictionary of some of the more important words in the Swatow dialect.,211
Tong-kok,,Tong-kok,,,中國,,"China, country",,,,001_Handbook_of_the_Swatow_Vernacular > A Dictionary of some of the more important words in the Swatow dialect.,211
Hûi,,Hûi,,,缶,𦈢,"China, ware",,,,001_Handbook_of_the_Swatow_Vernacular > A Dictionary of some of the more important words in the Swatow dialect.,211
Phāng,,Phāng,,,縫,空仔,Chink,,,,001_Handbook_of_the_Swatow_Vernacular > A Dictionary of some of the more important words in the Swatow dialect.,211
Tshák-kiáⁿ,,Tshák-kiáⁿ,,,鑿囝,鑿仔,Chisel,,,,001_Handbook_of_the_Swatow_Vernacular > A Dictionary of some of the more important words in the Swatow dialect.,211
Tsãm,,Tsãm,,,鏨,,"Chisel, for cutting iron",,,,001_Handbook_of_the_Swatow_Vernacular > A Dictionary of some of the more important words in the Swatow dialect.,211
thih-tsãm,,thih-tsãm,,,鐵鏨,,"Chisel, for cutting iron",,,,001_Handbook_of_the_Swatow_Vernacular > A Dictionary of some of the more important words in the Swatow dialect.,211
Kéⁿ--tiéh,,Kéⁿ--tiéh,,,鯁着,逆着,Choke,,,,001_Handbook_of_the_Swatow_Vernacular > A Dictionary of some of the more important words in the Swatow dialect.,211
kéⁿ-tiéh-aû,,kéⁿ-tiéh-aû,,,鯁着喉,逆着喉,Choke,,,,001_Handbook_of_the_Swatow_Vernacular > A Dictionary of some of the more important words in the Swatow dialect.,211
Suán,,Suán,,,選,,Choose,,,,001_Handbook_of_the_Swatow_Vernacular > A Dictionary of some of the more important words in the Swatow dialect.,211
tóh,,tóh,,,擇,,Choose,,,,001_Handbook_of_the_Swatow_Vernacular > A Dictionary of some of the more important words in the Swatow dialect.,211
Jī-hō,,Jī-hō,,,字號,,"Chop, house mark",,,,001_Handbook_of_the_Swatow_Vernacular > A Dictionary of some of the more important words in the Swatow dialect.,211
Tok,,Tok,,,斫,琢,"Chop, to",,,,001_Handbook_of_the_Swatow_Vernacular > A Dictionary of some of the more important words in the Swatow dialect.,211
Tṳ̄,,Tṳ̄,,,箸,筋,Chopsticks,,,,001_Handbook_of_the_Swatow_Vernacular > A Dictionary of some of the more important words in the Swatow dialect.,211
Hîⁿ-sùaⁿ,,Hîⁿ-sùaⁿ,,,弦線,,"Chord, musical instrument",,,,001_Handbook_of_the_Swatow_Vernacular > A Dictionary of some of the more important words in the Swatow dialect.,211
Hue,,Hue,,,灰,,Chunam,,,,001_Handbook_of_the_Swatow_Vernacular > A Dictionary of some of the more important words in the Swatow dialect.,211
Lói-pài-tn̂g,,Lói-pài-tn̂g,,,禮拜堂,,Church,,,,001_Handbook_of_the_Swatow_Vernacular > A Dictionary of some of the more important words in the Swatow dialect.,211
sèng-tn̂g,,sèng-tn̂g,,,聖堂,,Church,,,,001_Handbook_of_the_Swatow_Vernacular > A Dictionary of some of the more important words in the Swatow dialect.,211
Thôu-thùaⁿ-sái,,Thôu-thùaⁿ-sái,,,塗炭屎,,"Cinder, of coal",,,,001_Handbook_of_the_Swatow_Vernacular > A Dictionary of some of the more important words in the Swatow dialect.,211
Khou,,Khou,,,箍,篐,Circle,,,,001_Handbook_of_the_Swatow_Vernacular > A Dictionary of some of the more important words in the Swatow dialect.,211
khuang,,khuang,,,圈,,Circle,,,,001_Handbook_of_the_Swatow_Vernacular > A Dictionary of some of the more important words in the Swatow dialect.,211
Siâⁿ,,Siâⁿ,,,城,,City,,,,001_Handbook_of_the_Swatow_Vernacular > A Dictionary of some of the more important words in the Swatow dialect.,211
Kun-tsṳ́,,Kun-tsṳ́,,,君子,,"Civil, not barbarous",,,,001_Handbook_of_the_Swatow_Vernacular > A Dictionary of some of the more important words in the Swatow dialect.,211
hióu-chhêng-lí,,hióu-chhêng-lí,,,曉情理,曉⿰忄靑理,"Civil, not barbarous",,,,001_Handbook_of_the_Swatow_Vernacular > A Dictionary of some of the more important words in the Swatow dialect.,211
Thó,,Thó,,,討,,Claim,,,,001_Handbook_of_the_Swatow_Vernacular > A Dictionary of some of the more important words in the Swatow dialect.,211
Âⁿ,,Âⁿ,,,佔,,"Claim, unjustly",,,,001_Handbook_of_the_Swatow_Vernacular > A Dictionary of some of the more important words in the Swatow dialect.,212
cheⁿ,,cheⁿ,,,爭,,"Claim, unjustly",,,,001_Handbook_of_the_Swatow_Vernacular > A Dictionary of some of the more important words in the Swatow dialect.,212
Chhin-nâng,,Chhin-nâng,,,親人[訓],,Clansman,,,,001_Handbook_of_the_Swatow_Vernacular > A Dictionary of some of the more important words in the Swatow dialect.,212
tâng-jī-uéh,,tâng-jī-uéh,,,同字劃,仝字畫,Clansman,,,,001_Handbook_of_the_Swatow_Vernacular > A Dictionary of some of the more important words in the Swatow dialect.,212
Phah-phok,,Phah-phok,,,拍噗,打拍,"Clap, the hands",,,,001_Handbook_of_the_Swatow_Vernacular > A Dictionary of some of the more important words in the Swatow dialect.,212
Ti-tâ,,Ti-tâ,,,嘀嗒,吹手,Clarionet,,,,001_Handbook_of_the_Swatow_Vernacular > A Dictionary of some of the more important words in the Swatow dialect.,212
Pan,,Pan,,,班,,"Class, as in school",,,,001_Handbook_of_the_Swatow_Vernacular > A Dictionary of some of the more important words in the Swatow dialect.,212
Ngóu-kiaⁿ,,Ngóu-kiaⁿ,,,五經,,"Classics, the five Chinese",,,,001_Handbook_of_the_Swatow_Vernacular > A Dictionary of some of the more important words in the Swatow dialect.,212
Jióu,,Jióu,,,爪,抓,Claw,,,,001_Handbook_of_the_Swatow_Vernacular > A Dictionary of some of the more important words in the Swatow dialect.,212
Chheng-khih,,Chheng-khih,,,清潔,,Clean,,,,001_Handbook_of_the_Swatow_Vernacular > A Dictionary of some of the more important words in the Swatow dialect.,212
Chheng-khih-sièⁿ,,Chheng-khih-sièⁿ,,,清潔相,,"Clean, as servants being",,,,001_Handbook_of_the_Swatow_Vernacular > A Dictionary of some of the more important words in the Swatow dialect.,212
Chheng,,Chheng,,,清,,"Clear, as water",,,,001_Handbook_of_the_Swatow_Vernacular > A Dictionary of some of the more important words in the Swatow dialect.,212
Mêng,,Mêng,,,明,,"Clear, as affairs",,,,001_Handbook_of_the_Swatow_Vernacular > A Dictionary of some of the more important words in the Swatow dialect.,212
mêng-péh,,mêng-péh,,,明白,,"Clear, as affairs",,,,001_Handbook_of_the_Swatow_Vernacular > A Dictionary of some of the more important words in the Swatow dialect.,212
Tshâi-hù,,Tshâi-hù,,,財副,,Clerk,,,,001_Handbook_of_the_Swatow_Vernacular > A Dictionary of some of the more important words in the Swatow dialect.,212
Gâu,,Gâu,,,賢[訓],,Clever,,,,001_Handbook_of_the_Swatow_Vernacular > A Dictionary of some of the more important words in the Swatow dialect.,212
khiàng,,khiàng,,,勥,能,Clever,,,,001_Handbook_of_the_Swatow_Vernacular > A Dictionary of some of the more important words in the Swatow dialect.,212
õi,,õi,,,會,,Clever,,,,001_Handbook_of_the_Swatow_Vernacular > A Dictionary of some of the more important words in the Swatow dialect.,212
miâⁿ-ke,,miâⁿ-ke,,,名家,,Clever,,,,001_Handbook_of_the_Swatow_Vernacular > A Dictionary of some of the more important words in the Swatow dialect.,212
Tsuí-thóu,,Tsuí-thóu,,,水土,,Climate,,,,001_Handbook_of_the_Swatow_Vernacular > A Dictionary of some of the more important words in the Swatow dialect.,212
thiⁿ-sî,,thiⁿ-sî,,,天時,,Climate,,,,001_Handbook_of_the_Swatow_Vernacular > A Dictionary of some of the more important words in the Swatow dialect.,212
Peh,,Peh,,,爬,攀上,"Climb, a tree",,,,001_Handbook_of_the_Swatow_Vernacular > A Dictionary of some of the more important words in the Swatow dialect.,212
Pûaⁿ,,Pûaⁿ,,,盤,,"Climb, over a wall",,,,001_Handbook_of_the_Swatow_Vernacular > A Dictionary of some of the more important words in the Swatow dialect.,212
Sî-cheng,,Sî-cheng,,,時鐘,,Clock,,,,001_Handbook_of_the_Swatow_Vernacular > A Dictionary of some of the more important words in the Swatow dialect.,212
Kiáh,,Kiáh,,,屐,,Clogs,,,,001_Handbook_of_the_Swatow_Vernacular > A Dictionary of some of the more important words in the Swatow dialect.,212
Kueⁿ,,Kueⁿ,,,關,,"Close, as door",,,,001_Handbook_of_the_Swatow_Vernacular > A Dictionary of some of the more important words in the Swatow dialect.,212
Huang,,Huang,,,封,,"Close, as letter",,,,001_Handbook_of_the_Swatow_Vernacular > A Dictionary of some of the more important words in the Swatow dialect.,212
Buâ,,Buâ,,,埋,,"Close, near",,,,001_Handbook_of_the_Swatow_Vernacular > A Dictionary of some of the more important words in the Swatow dialect.,213
kṳ̃n,,kṳ̃n,,,近,,"Close, near",,,,001_Handbook_of_the_Swatow_Vernacular > A Dictionary of some of the more important words in the Swatow dialect.,213
Bát,,Bát,,,密,,"Close, as texture",,,,001_Handbook_of_the_Swatow_Vernacular > A Dictionary of some of the more important words in the Swatow dialect.,213
Hip,,Hip,,,歙,,"Close, not airy",,,,001_Handbook_of_the_Swatow_Vernacular > A Dictionary of some of the more important words in the Swatow dialect.,213
Pòu,,Pòu,,,布,,Cloth,,,,001_Handbook_of_the_Swatow_Vernacular > A Dictionary of some of the more important words in the Swatow dialect.,213
Saⁿ-khòu,,Saⁿ-khòu,,,衫褲,,Clothes,,,,001_Handbook_of_the_Swatow_Vernacular > A Dictionary of some of the more important words in the Swatow dialect.,213
sin-chhēng,,sin-chhēng,,,身穿,,Clothes,,,,001_Handbook_of_the_Swatow_Vernacular > A Dictionary of some of the more important words in the Swatow dialect.,213
Hók-sek,,Hók-sek,,,服色,,"Clothes, nice coloured",,,,001_Handbook_of_the_Swatow_Vernacular > A Dictionary of some of the more important words in the Swatow dialect.,213
Hûn,,Hûn,,,雲,,Cloud,,,,001_Handbook_of_the_Swatow_Vernacular > A Dictionary of some of the more important words in the Swatow dialect.,213
Thiú,,Thiú,,,丑,,"Clown, in a play",,,,001_Handbook_of_the_Swatow_Vernacular > A Dictionary of some of the more important words in the Swatow dialect.,213
Tshou,,Tshou,,,粗,,Coarse,,,,001_Handbook_of_the_Swatow_Vernacular > A Dictionary of some of the more important words in the Swatow dialect.,213
Haí-kîⁿ,,Haí-kîⁿ,,,海墘,,Coast,,,,001_Handbook_of_the_Swatow_Vernacular > A Dictionary of some of the more important words in the Swatow dialect.,213
Saⁿ,,Saⁿ,,,衫,,Coat,,,,001_Handbook_of_the_Swatow_Vernacular > A Dictionary of some of the more important words in the Swatow dialect.,213
Hiûⁿ,,Hiûⁿ,,,裘,,"Coat, for Winter",,,,001_Handbook_of_the_Swatow_Vernacular > A Dictionary of some of the more important words in the Swatow dialect.,213
Koh-lô,,Koh-lô,,,,懇⿰忄靑,Coax,,,,001_Handbook_of_the_Swatow_Vernacular > A Dictionary of some of the more important words in the Swatow dialect.,213
Póu-ôi,,Póu-ôi,,,補鞋,,Cobbler,,,,001_Handbook_of_the_Swatow_Vernacular > A Dictionary of some of the more important words in the Swatow dialect.,213
Ti-tu-si,,Ti-tu-si,,,蜘蛛絲,,Cobweb,,,,001_Handbook_of_the_Swatow_Vernacular > A Dictionary of some of the more important words in the Swatow dialect.,213
Koi-ang,,Koi-ang,,,雞翁,鷄翁,Cock,,,,001_Handbook_of_the_Swatow_Vernacular > A Dictionary of some of the more important words in the Swatow dialect.,213
Kuaⁿ-tshâ,,Kuaⁿ-tshâ,,,棺柴,,Coffin,,,,001_Handbook_of_the_Swatow_Vernacular > A Dictionary of some of the more important words in the Swatow dialect.,213
kuaⁿ-bák,,kuaⁿ-bák,,,棺木,,Coffin,,,,001_Handbook_of_the_Swatow_Vernacular > A Dictionary of some of the more important words in the Swatow dialect.,213
tūa-tshù,,tūa-tshù,,,大厝,,Coffin,,,,001_Handbook_of_the_Swatow_Vernacular > A Dictionary of some of the more important words in the Swatow dialect.,213
Phuân-piⁿ,,Phuân-piⁿ,,,絆鞭,,"Coil, as the queue",,,,001_Handbook_of_the_Swatow_Vernacular > A Dictionary of some of the more important words in the Swatow dialect.,213
Khuang-tsò chék-khou,,Khuang-tsò chék-khou,,,圈做一箍,圈做壹篐,"Coil, as a snake",,,,001_Handbook_of_the_Swatow_Vernacular > A Dictionary of some of the more important words in the Swatow dialect.,213
Chhìn,,Chhìn,,,凊,冷,Cold,,,,001_Handbook_of_the_Swatow_Vernacular > A Dictionary of some of the more important words in the Swatow dialect.,213
ngân,,ngân,,,寒,,Cold,,,,001_Handbook_of_the_Swatow_Vernacular > A Dictionary of some of the more important words in the Swatow dialect.,213
Ãm-niáⁿ,,Ãm-niáⁿ,,,頷領,頸領,Collar,,,,001_Handbook_of_the_Swatow_Vernacular > A Dictionary of some of the more important words in the Swatow dialect.,214
Siu,,Siu,,,收,,Collect,,,,001_Handbook_of_the_Swatow_Vernacular > A Dictionary of some of the more important words in the Swatow dialect.,214
Tuā-óh,,Tuā-óh,,,大學,,College,,,,001_Handbook_of_the_Swatow_Vernacular > A Dictionary of some of the more important words in the Swatow dialect.,214
tsṳ-īⁿ,,tsṳ-īⁿ,,,書院,,College,,,,001_Handbook_of_the_Swatow_Vernacular > A Dictionary of some of the more important words in the Swatow dialect.,214
Sie-tsuãng--tiéh,,Sie-tsuãng--tiéh,,,相撞着,,Collision,,,,001_Handbook_of_the_Swatow_Vernacular > A Dictionary of some of the more important words in the Swatow dialect.,214
Péh-uē,,Péh-uē,,,白話,,Colloquial,,,,001_Handbook_of_the_Swatow_Vernacular > A Dictionary of some of the more important words in the Swatow dialect.,214
thóu-thâm,,thóu-thâm,,,土談,,Colloquial,,,,001_Handbook_of_the_Swatow_Vernacular > A Dictionary of some of the more important words in the Swatow dialect.,214
Sek,,Sek,,,色,,Colour,,,,001_Handbook_of_the_Swatow_Vernacular > A Dictionary of some of the more important words in the Swatow dialect.,214
sek-tsúi,,sek-tsúi,,,色水,,Colour,,,,001_Handbook_of_the_Swatow_Vernacular > A Dictionary of some of the more important words in the Swatow dialect.,214
Siu,,Siu,,,梳,,Comb,,,,001_Handbook_of_the_Swatow_Vernacular > A Dictionary of some of the more important words in the Swatow dialect.,214
tshâ-siu,,tshâ-siu,,,柴梳,,Comb,,,,001_Handbook_of_the_Swatow_Vernacular > A Dictionary of some of the more important words in the Swatow dialect.,214
Sat-pìn,,Sat-pìn,,,虱箆,,"Comb, Chinese small-tooth",,,,001_Handbook_of_the_Swatow_Vernacular > A Dictionary of some of the more important words in the Swatow dialect.,214
Õi-tóh-húe,,Õi-tóh-húe,,,會着火,能生火,Combustible,,,,001_Handbook_of_the_Swatow_Vernacular > A Dictionary of some of the more important words in the Swatow dialect.,214
Sàu-soi-chheⁿ,,Sàu-soi-chheⁿ,,,掃帚星,掃箒星,Comet,,,,001_Handbook_of_the_Swatow_Vernacular > A Dictionary of some of the more important words in the Swatow dialect.,214
Uaⁿ-uè,,Uaⁿ-uè,,,安慰,,Comfort,,,,001_Handbook_of_the_Swatow_Vernacular > A Dictionary of some of the more important words in the Swatow dialect.,214
Khuàⁿ-uáh,,Khuàⁿ-uáh,,,快活,快樂,Comfortable,,,,001_Handbook_of_the_Swatow_Vernacular > A Dictionary of some of the more important words in the Swatow dialect.,214
Mẽng,,Mẽng,,,命,,Command,,,,001_Handbook_of_the_Swatow_Vernacular > A Dictionary of some of the more important words in the Swatow dialect.,214
Khí,,Khí,,,起,,Commence,,,,001_Handbook_of_the_Swatow_Vernacular > A Dictionary of some of the more important words in the Swatow dialect.,214
khí-thâu,,khí-thâu,,,起頭,,Commence,,,,001_Handbook_of_the_Swatow_Vernacular > A Dictionary of some of the more important words in the Swatow dialect.,214
Tsho-thâu-ē,,Tsho-thâu-ē,,,初頭下,起初,Commencement,,,,001_Handbook_of_the_Swatow_Vernacular > A Dictionary of some of the more important words in the Swatow dialect.,214
thâu-tshái,,thâu-tshái,,,頭彩,,Commencement,,,,001_Handbook_of_the_Swatow_Vernacular > A Dictionary of some of the more important words in the Swatow dialect.,214
Huãm-lút,,Huãm-lút,,,犯律,,"Commit, a crime",,,,001_Handbook_of_the_Swatow_Vernacular > A Dictionary of some of the more important words in the Swatow dialect.,214
Huãm-tsũe,,Huãm-tsũe,,,犯罪,,"Commit, a sin or a crime",,,,001_Handbook_of_the_Swatow_Vernacular > A Dictionary of some of the more important words in the Swatow dialect.,214
Siêⁿ,,Siêⁿ,,,常,,Common,,,,001_Handbook_of_the_Swatow_Vernacular > A Dictionary of some of the more important words in the Swatow dialect.,214
phêng-siêⁿ,,phêng-siêⁿ,,,平常,,Common,,,,001_Handbook_of_the_Swatow_Vernacular > A Dictionary of some of the more important words in the Swatow dialect.,214
Sók,,Sók,,,俗,,"Common, too",,,,001_Handbook_of_the_Swatow_Vernacular > A Dictionary of some of the more important words in the Swatow dialect.,214
Pâi-tńg,,Pâi-tńg,,,排轉,,Commonly,,,,001_Handbook_of_the_Swatow_Vernacular > A Dictionary of some of the more important words in the Swatow dialect.,215
pâi-sî,,pâi-sî,,,排時,,Commonly,,,,001_Handbook_of_the_Swatow_Vernacular > A Dictionary of some of the more important words in the Swatow dialect.,215
pâi-hûe,,pâi-hûe,,,排回,排囘,Commonly,,,,001_Handbook_of_the_Swatow_Vernacular > A Dictionary of some of the more important words in the Swatow dialect.,215
siêⁿ-siêⁿ,,siêⁿ-siêⁿ,,,常常,,Commonly,,,,001_Handbook_of_the_Swatow_Vernacular > A Dictionary of some of the more important words in the Swatow dialect.,215
Kong-si,,Kong-si,,,公司,,"Company, mercantile",,,,001_Handbook_of_the_Swatow_Vernacular > A Dictionary of some of the more important words in the Swatow dialect.,215
Kau-tshap,,Kau-tshap,,,交插,交遊,"Company, to keep",,,,001_Handbook_of_the_Swatow_Vernacular > A Dictionary of some of the more important words in the Swatow dialect.,215
Pí,,Pí,,,比,,Compare,,,,001_Handbook_of_the_Swatow_Vernacular > A Dictionary of some of the more important words in the Swatow dialect.,215
Lô-keⁿ,,Lô-keⁿ,,,羅經,,"Compass, ship's",,,,001_Handbook_of_the_Swatow_Vernacular > A Dictionary of some of the more important words in the Swatow dialect.,215
Khó-liên,,Khó-liên,,,可憐,,"Compassion, to have",,,,001_Handbook_of_the_Swatow_Vernacular > A Dictionary of some of the more important words in the Swatow dialect.,215
Mién-kiáng,,Mién-kiáng,,,勉強,免强,Compel,,,,001_Handbook_of_the_Swatow_Vernacular > A Dictionary of some of the more important words in the Swatow dialect.,215
Póu,,Póu,,,補,,Compensate,,,,001_Handbook_of_the_Swatow_Vernacular > A Dictionary of some of the more important words in the Swatow dialect.,215
póu-hôiⁿ,,póu-hôiⁿ,,,補還,,Compensate,,,,001_Handbook_of_the_Swatow_Vernacular > A Dictionary of some of the more important words in the Swatow dialect.,215
pûe,,pûe,,,賠,,Compensate,,,,001_Handbook_of_the_Swatow_Vernacular > A Dictionary of some of the more important words in the Swatow dialect.,215
Hó,,Hó,,,好,,Complete,,,,001_Handbook_of_the_Swatow_Vernacular > A Dictionary of some of the more important words in the Swatow dialect.,215
uân,,uân,,,完,,Complete,,,,001_Handbook_of_the_Swatow_Vernacular > A Dictionary of some of the more important words in the Swatow dialect.,215
tshûan,,tshûan,,,全,,Complete,,,,001_Handbook_of_the_Swatow_Vernacular > A Dictionary of some of the more important words in the Swatow dialect.,215
Mīn-sek,,Mīn-sek,,,面色,,Complexion,,,,001_Handbook_of_the_Swatow_Vernacular > A Dictionary of some of the more important words in the Swatow dialect.,215
Sũn,,Sũn,,,順,,Comply,,,,001_Handbook_of_the_Swatow_Vernacular > A Dictionary of some of the more important words in the Swatow dialect.,215
Mn̄g-hāu,,Mn̄g-hāu,,,問候,,"Compliment, to send",,,,001_Handbook_of_the_Swatow_Vernacular > A Dictionary of some of the more important words in the Swatow dialect.,215
chhiáⁿ-uaⁿ,,chhiáⁿ-uaⁿ,,,請安,,"Compliment, to send",,,,001_Handbook_of_the_Swatow_Vernacular > A Dictionary of some of the more important words in the Swatow dialect.,215
Bûn-chieⁿ,,Bûn-chieⁿ,,,文章,,Composition,,,,001_Handbook_of_the_Swatow_Vernacular > A Dictionary of some of the more important words in the Swatow dialect.,215
Khǹg,,Khǹg,,,囥,藏,Conceal,,,,001_Handbook_of_the_Swatow_Vernacular > A Dictionary of some of the more important words in the Swatow dialect.,215
khǹg-bûa,,khǹg-bûa,,,囥埋,藏埋,Conceal,,,,001_Handbook_of_the_Swatow_Vernacular > A Dictionary of some of the more important words in the Swatow dialect.,215
Tiàm,,Tiàm,,,坫,藏,"Conceal, oneself",,,,001_Handbook_of_the_Swatow_Vernacular > A Dictionary of some of the more important words in the Swatow dialect.,215
tiàm-bûa,,tiàm-bûa,,,坫埋,藏埋,"Conceal, oneself",,,,001_Handbook_of_the_Swatow_Vernacular > A Dictionary of some of the more important words in the Swatow dialect.,215
Ũ-kan-siáp,,Ũ-kan-siáp,,,有干涉,,"Concern, to",,,,001_Handbook_of_the_Swatow_Vernacular > A Dictionary of some of the more important words in the Swatow dialect.,215
Bô-kan-siáp,,Bô-kan-siáp,,,無干涉,,"Concern, does not",,,,001_Handbook_of_the_Swatow_Vernacular > A Dictionary of some of the more important words in the Swatow dialect.,215
Hûa,,Hûa,,,和,,Conciliate,,,,001_Handbook_of_the_Swatow_Vernacular > A Dictionary of some of the more important words in the Swatow dialect.,215
kiâⁿ-hûa,,kiâⁿ-hûa,,,行和,,Conciliate,,,,001_Handbook_of_the_Swatow_Vernacular > A Dictionary of some of the more important words in the Swatow dialect.,215
Jĩ-nâng,,Jĩ-nâng,,,二人[訓],貳人[訓],Concubine,,,,001_Handbook_of_the_Swatow_Vernacular > A Dictionary of some of the more important words in the Swatow dialect.,215
tsáu-kúi,,tsáu-kúi,,,走鬼,,Concubine,,,,001_Handbook_of_the_Swatow_Vernacular > A Dictionary of some of the more important words in the Swatow dialect.,215
chhiah-kha,,chhiah-kha,,,赤骹,赤脚,Concubine,,,,001_Handbook_of_the_Swatow_Vernacular > A Dictionary of some of the more important words in the Swatow dialect.,215
Tiāⁿ-tsũe,,Tiāⁿ-tsũe,,,定罪,,Condemn,,,,001_Handbook_of_the_Swatow_Vernacular > A Dictionary of some of the more important words in the Swatow dialect.,215
Kiâⁿ-ûi,,Kiâⁿ-ûi,,,行爲,,Conduct,,,,001_Handbook_of_the_Swatow_Vernacular > A Dictionary of some of the more important words in the Swatow dialect.,216
Jīn,,Jīn,,,認,,Confess,,,,001_Handbook_of_the_Swatow_Vernacular > A Dictionary of some of the more important words in the Swatow dialect.,216
Kìm,,Kìm,,,禁,,"Confine, as a person",,,,001_Handbook_of_the_Swatow_Vernacular > A Dictionary of some of the more important words in the Swatow dialect.,216
Tshong-kong,,Tshong-kong,,,充公,,Confiscate,,,,001_Handbook_of_the_Swatow_Vernacular > A Dictionary of some of the more important words in the Swatow dialect.,216
Hũn,,Hũn,,,混,紊,Confound,,,,001_Handbook_of_the_Swatow_Vernacular > A Dictionary of some of the more important words in the Swatow dialect.,216
Khóng-tsṳ́,,Khóng-tsṳ́,,,孔子,,Confucius,,,,001_Handbook_of_the_Swatow_Vernacular > A Dictionary of some of the more important words in the Swatow dialect.,216
khóng-hu-tsṳ́,,khóng-hu-tsṳ́,,,孔夫子,,Confucius,,,,001_Handbook_of_the_Swatow_Vernacular > A Dictionary of some of the more important words in the Swatow dialect.,216
Zṳ̂,,Zṳ̂,,,挐,菇,Confuse,,,,001_Handbook_of_the_Swatow_Vernacular > A Dictionary of some of the more important words in the Swatow dialect.,216
zṳ̂-zṳ̂,,zṳ̂-zṳ̂,,,挐挐,亂,Confuse,,,,001_Handbook_of_the_Swatow_Vernacular > A Dictionary of some of the more important words in the Swatow dialect.,216
Kit-tàng,,Kit-tàng,,,結凍,,Congeal,,,,001_Handbook_of_the_Swatow_Vernacular > A Dictionary of some of the more important words in the Swatow dialect.,216
kṳ̂n-tàng,,kṳ̂n-tàng,,,凝凍,,Congeal,,,,001_Handbook_of_the_Swatow_Vernacular > A Dictionary of some of the more important words in the Swatow dialect.,216
Mûeⁿ,,Mûeⁿ,,,糜,粥,"Congee, soft-boiled rice",,,,001_Handbook_of_the_Swatow_Vernacular > A Dictionary of some of the more important words in the Swatow dialect.,216
Kiong-hí,,Kiong-hí,,,恭喜,,Congratulate,,,,001_Handbook_of_the_Swatow_Vernacular > A Dictionary of some of the more important words in the Swatow dialect.,216
Sie-chiap,,Sie-chiap,,,相接,,Connect,,,,001_Handbook_of_the_Swatow_Vernacular > A Dictionary of some of the more important words in the Swatow dialect.,216
Kuán,,Kuán,,,管,,Conquer,,,,001_Handbook_of_the_Swatow_Vernacular > A Dictionary of some of the more important words in the Swatow dialect.,216
phah,,phah,,,拍,打,Conquer,,,,001_Handbook_of_the_Swatow_Vernacular > A Dictionary of some of the more important words in the Swatow dialect.,216
Hàuⁿ,,Hàuⁿ,,,允,,Consent,,,,001_Handbook_of_the_Swatow_Vernacular > A Dictionary of some of the more important words in the Swatow dialect.,216
khéng,,khéng,,,肯,,Consent,,,,001_Handbook_of_the_Swatow_Vernacular > A Dictionary of some of the more important words in the Swatow dialect.,216
Siẽⁿ,,Siẽⁿ,,,想,,Consider,,,,001_Handbook_of_the_Swatow_Vernacular > A Dictionary of some of the more important words in the Swatow dialect.,216
phah-sǹg,,phah-sǹg,,,拍算,打算,Consider,,,,001_Handbook_of_the_Swatow_Vernacular > A Dictionary of some of the more important words in the Swatow dialect.,216
pheⁿ-phah,,pheⁿ-phah,,,斟酌,,Consider,,,,001_Handbook_of_the_Swatow_Vernacular > A Dictionary of some of the more important words in the Swatow dialect.,216
Kàu-niêⁿ,,Kàu-niêⁿ,,,商量,,Conspire,,,,001_Handbook_of_the_Swatow_Vernacular > A Dictionary of some of the more important words in the Swatow dialect.,216
Siêⁿ-siêⁿ,,Siêⁿ-siêⁿ,,,常常,,Constantly,,,,001_Handbook_of_the_Swatow_Vernacular > A Dictionary of some of the more important words in the Swatow dialect.,216
tsong-kú,,tsong-kú,,,終久,,Constantly,,,,001_Handbook_of_the_Swatow_Vernacular > A Dictionary of some of the more important words in the Swatow dialect.,216
Sin-hūn tsàng,,Sin-hūn tsàng,,,身分壯,,"Constitution, good",,,,001_Handbook_of_the_Swatow_Vernacular > A Dictionary of some of the more important words in the Swatow dialect.,216
sin-hūn kiāⁿ,,sin-hūn kiāⁿ,,,身分健,,"Constitution, good",,,,001_Handbook_of_the_Swatow_Vernacular > A Dictionary of some of the more important words in the Swatow dialect.,216
Sin-hūn phàⁿ,,Sin-hūn phàⁿ,,,身分冇,,"Constitution, weak",,,,001_Handbook_of_the_Swatow_Vernacular > A Dictionary of some of the more important words in the Swatow dialect.,216
sin-hūn nám,,sin-hūn nám,,,身分弱,,"Constitution, weak",,,,001_Handbook_of_the_Swatow_Vernacular > A Dictionary of some of the more important words in the Swatow dialect.,216
Niáⁿ-sṳ̄-hú,,Niáⁿ-sṳ̄-hú,,,領事府,,Consul,,,,001_Handbook_of_the_Swatow_Vernacular > A Dictionary of some of the more important words in the Swatow dialect.,216
niáⁿ-sṳ̄-kuaⁿ,,niáⁿ-sṳ̄-kuaⁿ,,,領事官,,Consul,,,,001_Handbook_of_the_Swatow_Vernacular > A Dictionary of some of the more important words in the Swatow dialect.,216
Tsham-siâng,,Tsham-siâng,,,參詳,,Consult,,,,001_Handbook_of_the_Swatow_Vernacular > A Dictionary of some of the more important words in the Swatow dialect.,216
kàu-niêⁿ,,kàu-niêⁿ,,,告量,,Consult,,,,001_Handbook_of_the_Swatow_Vernacular > A Dictionary of some of the more important words in the Swatow dialect.,216
Tiaⁿ-tiéh,,Tiaⁿ-tiéh,,,撞着,,"Contact, come into",,,,001_Handbook_of_the_Swatow_Vernacular > A Dictionary of some of the more important words in the Swatow dialect.,217
oi--tiéh,,oi--tiéh,,,挨着,,"Contact, come into",,,,001_Handbook_of_the_Swatow_Vernacular > A Dictionary of some of the more important words in the Swatow dialect.,217
Tshō,,Tshō,,,藏,,Contain,,,,001_Handbook_of_the_Swatow_Vernacular > A Dictionary of some of the more important words in the Swatow dialect.,217
Thóiⁿ-khin,,Thóiⁿ-khin,,,睇輕,看輕,Contempt,,,,001_Handbook_of_the_Swatow_Vernacular > A Dictionary of some of the more important words in the Swatow dialect.,217
Sie-cheⁿ,,Sie-cheⁿ,,,相争,,Contend,,,,001_Handbook_of_the_Swatow_Vernacular > A Dictionary of some of the more important words in the Swatow dialect.,217
Tsáu-hiàng,,Tsáu-hiàng,,,走餉,,Contraband,,,,001_Handbook_of_the_Swatow_Vernacular > A Dictionary of some of the more important words in the Swatow dialect.,217
Ieh-jī,,Ieh-jī,,,約字,,Contract,,,,001_Handbook_of_the_Swatow_Vernacular > A Dictionary of some of the more important words in the Swatow dialect.,217
háp-tâng,,háp-tâng,,,合同,,Contract,,,,001_Handbook_of_the_Swatow_Vernacular > A Dictionary of some of the more important words in the Swatow dialect.,217
Māuⁿ,,Māuⁿ,,,包,,"Contract, take work by",,,,001_Handbook_of_the_Swatow_Vernacular > A Dictionary of some of the more important words in the Swatow dialect.,217
Piẽn-poh,,Piẽn-poh,,,辯駁,,Contradict,,,,001_Handbook_of_the_Swatow_Vernacular > A Dictionary of some of the more important words in the Swatow dialect.,217
Siang-huán,,Siang-huán,,,相反,,Contrary,,,,001_Handbook_of_the_Swatow_Vernacular > A Dictionary of some of the more important words in the Swatow dialect.,217
siang-tùi,,siang-tùi,,,相對,,Contrary,,,,001_Handbook_of_the_Swatow_Vernacular > A Dictionary of some of the more important words in the Swatow dialect.,217
ngék,,ngék,,,逆,,Contrary,,,,001_Handbook_of_the_Swatow_Vernacular > A Dictionary of some of the more important words in the Swatow dialect.,217
Tin-tò,,Tin-tò,,,顛倒,顚倒,"Contrary, on the",,,,001_Handbook_of_the_Swatow_Vernacular > A Dictionary of some of the more important words in the Swatow dialect.,217
huán-tńg,,huán-tńg,,,反轉,,"Contrary, on the",,,,001_Handbook_of_the_Swatow_Vernacular > A Dictionary of some of the more important words in the Swatow dialect.,217
Tôi,,Tôi,,,題,,Contribute,,,,001_Handbook_of_the_Swatow_Vernacular > A Dictionary of some of the more important words in the Swatow dialect.,217
tôi-chîⁿ,,tôi-chîⁿ,,,題錢,,Contribute,,,,001_Handbook_of_the_Swatow_Vernacular > A Dictionary of some of the more important words in the Swatow dialect.,217
Phài,,Phài,,,派,,"Contribute, amongst a small poor party",,,,001_Handbook_of_the_Swatow_Vernacular > A Dictionary of some of the more important words in the Swatow dialect.,217
Háh,,Háh,,,合,,Convenient,,,,001_Handbook_of_the_Swatow_Vernacular > A Dictionary of some of the more important words in the Swatow dialect.,217
Tsài,,Tsài,,,載,儎,"Convey, by vessel or cart",,,,001_Handbook_of_the_Swatow_Vernacular > A Dictionary of some of the more important words in the Swatow dialect.,217
Tùa,,Tùa,,,帶,,"Convey, letters",,,,001_Handbook_of_the_Swatow_Vernacular > A Dictionary of some of the more important words in the Swatow dialect.,217
Tiāⁿ-tsũe,,Tiāⁿ-tsũe,,,定罪,,Convict to,,,,001_Handbook_of_the_Swatow_Vernacular > A Dictionary of some of the more important words in the Swatow dialect.,217
ngí-tsũe,,ngí-tsũe,,,議罪,,Convict to,,,,001_Handbook_of_the_Swatow_Vernacular > A Dictionary of some of the more important words in the Swatow dialect.,217
Húe-thâu,,Húe-thâu,,,火頭,,"Cook, a",,,,001_Handbook_of_the_Swatow_Vernacular > A Dictionary of some of the more important words in the Swatow dialect.,217
hiâⁿ-húe-sít,,hiâⁿ-húe-sít,,,燃伙食,烆火席,"Cook, a",,,,001_Handbook_of_the_Swatow_Vernacular > A Dictionary of some of the more important words in the Swatow dialect.,217
Liâng,,Liâng,,,凉,,Cool,,,,001_Handbook_of_the_Swatow_Vernacular > A Dictionary of some of the more important words in the Swatow dialect.,217
Lā-liâng,,Lā-liâng,,,納凉,吹涼,"Cool, to",,,,001_Handbook_of_the_Swatow_Vernacular > A Dictionary of some of the more important words in the Swatow dialect.,217
lā-chhìn,,lā-chhìn,,,納凊,吹冷,"Cool, to",,,,001_Handbook_of_the_Swatow_Vernacular > A Dictionary of some of the more important words in the Swatow dialect.,217
Taⁿ-tàⁿ,,Taⁿ-tàⁿ,,,擔擔,担擔,Coolie,,,,001_Handbook_of_the_Swatow_Vernacular > A Dictionary of some of the more important words in the Swatow dialect.,217
ngẽ-kioh,,ngẽ-kioh,,,硬腳,,Coolie,,,,001_Handbook_of_the_Swatow_Vernacular > A Dictionary of some of the more important words in the Swatow dialect.,217
Khou-tháng,,Khou-tháng,,,箍桶,篐桶,Cooper,,,,001_Handbook_of_the_Swatow_Vernacular > A Dictionary of some of the more important words in the Swatow dialect.,218
Tâng,,Tâng,,,銅,,Copper,,,,001_Handbook_of_the_Swatow_Vernacular > A Dictionary of some of the more important words in the Swatow dialect.,218
Phah-tâng sai-pẽ,,Phah-tâng sai-pẽ,,,拍銅司阜,打銅司阜,Coppersmith,,,,001_Handbook_of_the_Swatow_Vernacular > A Dictionary of some of the more important words in the Swatow dialect.,218
Tshau,,Tshau,,,抄,,Copy,,,,001_Handbook_of_the_Swatow_Vernacular > A Dictionary of some of the more important words in the Swatow dialect.,218
That,,That,,,塞,,Cork,,,,001_Handbook_of_the_Swatow_Vernacular > A Dictionary of some of the more important words in the Swatow dialect.,218
Ngõu-kak,,Ngõu-kak,,,五穀,五谷,"Corn, grain in general",,,,001_Handbook_of_the_Swatow_Vernacular > A Dictionary of some of the more important words in the Swatow dialect.,218
Kak,,Kak,,,角,,Corner,,,,001_Handbook_of_the_Swatow_Vernacular > A Dictionary of some of the more important words in the Swatow dialect.,218
kak-thâu,,kak-thâu,,,角頭,,Corner,,,,001_Handbook_of_the_Swatow_Vernacular > A Dictionary of some of the more important words in the Swatow dialect.,218
Si,,Si,,,屍,尸,Corpse,,,,001_Handbook_of_the_Swatow_Vernacular > A Dictionary of some of the more important words in the Swatow dialect.,218
sin-si,,sin-si,,,身屍,身尸,Corpse,,,,001_Handbook_of_the_Swatow_Vernacular > A Dictionary of some of the more important words in the Swatow dialect.,218
Tiéh,,Tiéh,,,着,,Correct,,,,001_Handbook_of_the_Swatow_Vernacular > A Dictionary of some of the more important words in the Swatow dialect.,218
tùi,,tùi,,,對,,Correct,,,,001_Handbook_of_the_Swatow_Vernacular > A Dictionary of some of the more important words in the Swatow dialect.,218
bô-tshò,,bô-tshò,,,無錯,,Correct,,,,001_Handbook_of_the_Swatow_Vernacular > A Dictionary of some of the more important words in the Swatow dialect.,218
Kói,,Kói,,,改,攺,"Correct, to",,,,001_Handbook_of_the_Swatow_Vernacular > A Dictionary of some of the more important words in the Swatow dialect.,218
Siang-tâng,,Siang-tâng,,,相同,,Correspond,,,,001_Handbook_of_the_Swatow_Vernacular > A Dictionary of some of the more important words in the Swatow dialect.,218
pêⁿ-iēⁿ,,pêⁿ-iēⁿ,,,平樣,,Correspond,,,,001_Handbook_of_the_Swatow_Vernacular > A Dictionary of some of the more important words in the Swatow dialect.,218
Kè-chîⁿ,,Kè-chîⁿ,,,價錢,,"Cost, price",,,,001_Handbook_of_the_Swatow_Vernacular > A Dictionary of some of the more important words in the Swatow dialect.,218
Tát-chîⁿ,,Tát-chîⁿ,,,值錢,値錢,Costly,,,,001_Handbook_of_the_Swatow_Vernacular > A Dictionary of some of the more important words in the Swatow dialect.,218
Sǹg,,Sǹg,,,算,,Count,,,,001_Handbook_of_the_Swatow_Vernacular > A Dictionary of some of the more important words in the Swatow dialect.,218
siòu,,siòu,,,數,,Count,,,,001_Handbook_of_the_Swatow_Vernacular > A Dictionary of some of the more important words in the Swatow dialect.,218
Phòu-kūiⁿ,,Phòu-kūiⁿ,,,舖櫃,,Counter,,,,001_Handbook_of_the_Swatow_Vernacular > A Dictionary of some of the more important words in the Swatow dialect.,218
Tâng-ngṳ̂n,,Tâng-ngṳ̂n,,,銅銀,,"Counterfeit, dollar",,,,001_Handbook_of_the_Swatow_Vernacular > A Dictionary of some of the more important words in the Swatow dialect.,218
M̄-móⁿ-chîⁿ,,M̄-móⁿ-chîⁿ,,,毋孬錢,不好錢,"Counterfeit, cash",,,,001_Handbook_of_the_Swatow_Vernacular > A Dictionary of some of the more important words in the Swatow dialect.,218
Kok,,Kok,,,國,,Country,,,,001_Handbook_of_the_Swatow_Vernacular > A Dictionary of some of the more important words in the Swatow dialect.,218
tī-hng,,tī-hng,,,地方,,Country,,,,001_Handbook_of_the_Swatow_Vernacular > A Dictionary of some of the more important words in the Swatow dialect.,218
Chék-tùi,,Chék-tùi,,,一對,壹對,Couple,,,,001_Handbook_of_the_Swatow_Vernacular > A Dictionary of some of the more important words in the Swatow dialect.,218
Thien-seⁿ,,Thien-seⁿ,,,天生,,"Course, of",,,,001_Handbook_of_the_Swatow_Vernacular > A Dictionary of some of the more important words in the Swatow dialect.,218
tsṳ̃-jiên,,tsṳ̃-jiên,,,自然,,"Course, of",,,,001_Handbook_of_the_Swatow_Vernacular > A Dictionary of some of the more important words in the Swatow dialect.,218
Gê-mn̂g,,Gê-mn̂g,,,衙門,,"Court, of justice",,,,001_Handbook_of_the_Swatow_Vernacular > A Dictionary of some of the more important words in the Swatow dialect.,219
Ieh,,Ieh,,,約,,Covenant,,,,001_Handbook_of_the_Swatow_Vernacular > A Dictionary of some of the more important words in the Swatow dialect.,219
Líp-ieh,,Líp-ieh,,,立約,,"Covenant, to make",,,,001_Handbook_of_the_Swatow_Vernacular > A Dictionary of some of the more important words in the Swatow dialect.,219
hûa-ieh,,hûa-ieh,,,和約,,"Covenant, to make",,,,001_Handbook_of_the_Swatow_Vernacular > A Dictionary of some of the more important words in the Swatow dialect.,219
Sit-ieh,,Sit-ieh,,,失約,,"Covenant, to break",,,,001_Handbook_of_the_Swatow_Vernacular > A Dictionary of some of the more important words in the Swatow dialect.,219
buâng-ieh,,buâng-ieh,,,忘約,,"Covenant, to break",,,,001_Handbook_of_the_Swatow_Vernacular > A Dictionary of some of the more important words in the Swatow dialect.,219
Khàm,,Khàm,,,冚,勘,"Cover, a lid",,,,001_Handbook_of_the_Swatow_Vernacular > A Dictionary of some of the more important words in the Swatow dialect.,219
khòiⁿ,,khòiⁿ,,,蓋,盖,"Cover, a lid",,,,001_Handbook_of_the_Swatow_Vernacular > A Dictionary of some of the more important words in the Swatow dialect.,219
Chia,,Chia,,,遮,,"Cover, with cloth",,,,001_Handbook_of_the_Swatow_Vernacular > A Dictionary of some of the more important words in the Swatow dialect.,219
Tham,,Tham,,,貪,,Covet,,,,001_Handbook_of_the_Swatow_Vernacular > A Dictionary of some of the more important words in the Swatow dialect.,219
Tham-sim,,Tham-sim,,,貪心,,Covetous,,,,001_Handbook_of_the_Swatow_Vernacular > A Dictionary of some of the more important words in the Swatow dialect.,219
Ùi-sí,,Ùi-sí,,,畏死,,Coward,,,,001_Handbook_of_the_Swatow_Vernacular > A Dictionary of some of the more important words in the Swatow dialect.,219
bô-táⁿ,,bô-táⁿ,,,無膽,無胆,Coward,,,,001_Handbook_of_the_Swatow_Vernacular > A Dictionary of some of the more important words in the Swatow dialect.,219
Líh,,Líh,,,裂,,Crack,,,,001_Handbook_of_the_Swatow_Vernacular > A Dictionary of some of the more important words in the Swatow dialect.,219
Iê-nâⁿ,,Iê-nâⁿ,,,搖籃,,Cradle,,,,001_Handbook_of_the_Swatow_Vernacular > A Dictionary of some of the more important words in the Swatow dialect.,219
Khiû-khṳt,,Khiû-khṳt,,,求乞,,Crave,,,,001_Handbook_of_the_Swatow_Vernacular > A Dictionary of some of the more important words in the Swatow dialect.,219
Ngièn,,Ngièn,,,癮,引,"Crave, as for opium",,,,001_Handbook_of_the_Swatow_Vernacular > A Dictionary of some of the more important words in the Swatow dialect.,219
Pê,,Pê,,,耙,,Crawl,,,,001_Handbook_of_the_Swatow_Vernacular > A Dictionary of some of the more important words in the Swatow dialect.,219
Sim-sîn m̄-tiàⁿ,,Sim-sîn m̄-tiàⁿ,,,心神毋定,心神不定,Crazy,,,,001_Handbook_of_the_Swatow_Vernacular > A Dictionary of some of the more important words in the Swatow dialect.,219
Chhia,,Chhia,,,賒,,"Credit, buy or sell on",,,,001_Handbook_of_the_Swatow_Vernacular > A Dictionary of some of the more important words in the Swatow dialect.,219
Chè-tsú,,Chè-tsú,,,債主,,Creditor,,,,001_Handbook_of_the_Swatow_Vernacular > A Dictionary of some of the more important words in the Swatow dialect.,219
Pê,,Pê,,,耙,,Creep,,,,001_Handbook_of_the_Swatow_Vernacular > A Dictionary of some of the more important words in the Swatow dialect.,219
So,,So,,,逡,,"Creep, as snakes",,,,001_Handbook_of_the_Swatow_Vernacular > A Dictionary of some of the more important words in the Swatow dialect.,219
Bùn,,Bùn,,,,,"Creep, through a gap",,,,001_Handbook_of_the_Swatow_Vernacular > A Dictionary of some of the more important words in the Swatow dialect.,219
nǹg,,nǹg,,,鑽,閬,"Creep, through a gap",,,,001_Handbook_of_the_Swatow_Vernacular > A Dictionary of some of the more important words in the Swatow dialect.,219
Tsũe,,Tsũe,,,罪,,Crime,,,,001_Handbook_of_the_Swatow_Vernacular > A Dictionary of some of the more important words in the Swatow dialect.,220
Tūa-âng,,Tūa-âng,,,大紅,,Crimson,,,,001_Handbook_of_the_Swatow_Vernacular > A Dictionary of some of the more important words in the Swatow dialect.,220
Kuái-kha,,Kuái-kha,,,拐骹,拐脚,Cripple,,,,001_Handbook_of_the_Swatow_Vernacular > A Dictionary of some of the more important words in the Swatow dialect.,220
Hûi,,Hûi,,,缶,𦈢,Crockery,,,,001_Handbook_of_the_Swatow_Vernacular > A Dictionary of some of the more important words in the Swatow dialect.,220
Bā-kiáⁿ,,Bā-kiáⁿ,,,峇囝,⿸戶馬子,Crocodile,,,,001_Handbook_of_the_Swatow_Vernacular > A Dictionary of some of the more important words in the Swatow dialect.,220
ngák-hṳ̂,,ngák-hṳ̂,,,鱷魚,,Crocodile,,,,001_Handbook_of_the_Swatow_Vernacular > A Dictionary of some of the more important words in the Swatow dialect.,220
Uan,,Uan,,,冤,寃,Crooked,,,,001_Handbook_of_the_Swatow_Vernacular > A Dictionary of some of the more important words in the Swatow dialect.,220
Tang,,Tang,,,冬,,"Crop, of field",,,,001_Handbook_of_the_Swatow_Vernacular > A Dictionary of some of the more important words in the Swatow dialect.,220
niⁿ-tang,,niⁿ-tang,,,年冬,,"Crop, of field",,,,001_Handbook_of_the_Swatow_Vernacular > A Dictionary of some of the more important words in the Swatow dialect.,220
Kùe,,Kùe,,,過,,"Cross, to",,,,001_Handbook_of_the_Swatow_Vernacular > A Dictionary of some of the more important words in the Swatow dialect.,220
Thî,,Thî,,,啼,,Crow,,,,001_Handbook_of_the_Swatow_Vernacular > A Dictionary of some of the more important words in the Swatow dialect.,220
Khûn,,Khûn,,,群,羣,Crowd,,,,001_Handbook_of_the_Swatow_Vernacular > A Dictionary of some of the more important words in the Swatow dialect.,220
Uâng-bō,,Uâng-bō,,,王帽,,Crown,,,,001_Handbook_of_the_Swatow_Vernacular > A Dictionary of some of the more important words in the Swatow dialect.,220
Hiou,,Hiou,,,僥,,Cruel,,,,001_Handbook_of_the_Swatow_Vernacular > A Dictionary of some of the more important words in the Swatow dialect.,220
hiou-sim,,hiou-sim,,,僥心,,Cruel,,,,001_Handbook_of_the_Swatow_Vernacular > A Dictionary of some of the more important words in the Swatow dialect.,220
chek-ak,,chek-ak,,,積惡,,Cruel,,,,001_Handbook_of_the_Swatow_Vernacular > A Dictionary of some of the more important words in the Swatow dialect.,220
Khàu,,Khàu,,,哭,,Cry,,,,001_Handbook_of_the_Swatow_Vernacular > A Dictionary of some of the more important words in the Swatow dialect.,220
Kiè,,Kiè,,,叫,呌,"Cry, as animal",,,,001_Handbook_of_the_Swatow_Vernacular > A Dictionary of some of the more important words in the Swatow dialect.,220
Chèng-tsoh,,Chèng-tsoh,,,種作,,"Cultivate, field",,,,001_Handbook_of_the_Swatow_Vernacular > A Dictionary of some of the more important words in the Swatow dialect.,220
keⁿ-tsoh,,keⁿ-tsoh,,,耕作,,"Cultivate, field",,,,001_Handbook_of_the_Swatow_Vernacular > A Dictionary of some of the more important words in the Swatow dialect.,220
Sim-sṳ̄ tsōi,,Sim-sṳ̄ tsōi,,,心事㩼,心事多,Cunning,,,,001_Handbook_of_the_Swatow_Vernacular > A Dictionary of some of the more important words in the Swatow dialect.,220
ũ-sim-sṳ̄,,ũ-sim-sṳ̄,,,有心事,,Cunning,,,,001_Handbook_of_the_Swatow_Vernacular > A Dictionary of some of the more important words in the Swatow dialect.,220
Khî-khá,,Khî-khá,,,奇巧,,Curious,,,,001_Handbook_of_the_Swatow_Vernacular > A Dictionary of some of the more important words in the Swatow dialect.,220
Chiù,,Chiù,,,咒,,Curse,,,,001_Handbook_of_the_Swatow_Vernacular > A Dictionary of some of the more important words in the Swatow dialect.,220
Hong-sók,,Hong-sók,,,風俗,,Custom,,,,001_Handbook_of_the_Swatow_Vernacular > A Dictionary of some of the more important words in the Swatow dialect.,220
lī,,lī,,,例,,Custom,,,,001_Handbook_of_the_Swatow_Vernacular > A Dictionary of some of the more important words in the Swatow dialect.,220
Khãm,,Khãm,,,鈸,,"Cymbals, large",,,,001_Handbook_of_the_Swatow_Vernacular > A Dictionary of some of the more important words in the Swatow dialect.,220
Chhẽ,,Chhẽ,,,鑔,,"Cymbals, small",,,,001_Handbook_of_the_Swatow_Vernacular > A Dictionary of some of the more important words in the Swatow dialect.,221
Hong-hiám,,Hong-hiám,,,風險,,Dangerous,,,,001_Handbook_of_the_Swatow_Vernacular > A Dictionary of some of the more important words in the Swatow dialect.,221
lĩ-hāi,,lĩ-hāi,,,厲害,利害,Dangerous,,,,001_Handbook_of_the_Swatow_Vernacular > A Dictionary of some of the more important words in the Swatow dialect.,221
lî-keng,,lî-keng,,,離經,利更,Dangerous,,,,001_Handbook_of_the_Swatow_Vernacular > A Dictionary of some of the more important words in the Swatow dialect.,221
Tsáu-kiáⁿ,,Tsáu-kiáⁿ,,,走囝,女子,Daughter,,,,001_Handbook_of_the_Swatow_Vernacular > A Dictionary of some of the more important words in the Swatow dialect.,221
tsṳ-niêⁿ-kiáⁿ,,tsṳ-niêⁿ-kiáⁿ,,,諸娘囝,姿娘仔,Daughter,,,,001_Handbook_of_the_Swatow_Vernacular > A Dictionary of some of the more important words in the Swatow dialect.,221
Thiⁿ-kng,,Thiⁿ-kng,,,天光,,Dawn,,,,001_Handbook_of_the_Swatow_Vernacular > A Dictionary of some of the more important words in the Swatow dialect.,221
thiⁿ lâ-lân-kng,,thiⁿ lâ-lân-kng,,,天初光,,Dawn,,,,001_Handbook_of_the_Swatow_Vernacular > A Dictionary of some of the more important words in the Swatow dialect.,221
In-n̄g,,In-n̄g,,,,,Dazzle,,,,001_Handbook_of_the_Swatow_Vernacular > A Dictionary of some of the more important words in the Swatow dialect.,221
iàng-mák,,iàng-mák,,,映目,,Dazzle,,,,001_Handbook_of_the_Swatow_Vernacular > A Dictionary of some of the more important words in the Swatow dialect.,221
chhiēⁿ-mák,,chhiēⁿ-mák,,,搶目,,Dazzle,,,,001_Handbook_of_the_Swatow_Vernacular > A Dictionary of some of the more important words in the Swatow dialect.,221
Sí,,Sí,,,死,,Dead,,,,001_Handbook_of_the_Swatow_Vernacular > A Dictionary of some of the more important words in the Swatow dialect.,221
kùe--khṳ̀,,kùe--khṳ̀,,,過去,,Dead,,,,001_Handbook_of_the_Swatow_Vernacular > A Dictionary of some of the more important words in the Swatow dialect.,221
kùe-sì,,kùe-sì,,,過世,,Dead,,,,001_Handbook_of_the_Swatow_Vernacular > A Dictionary of some of the more important words in the Swatow dialect.,221
Hĩⁿ--lâng,,Hĩⁿ--lâng,,,耳聾,,Deaf,,,,001_Handbook_of_the_Swatow_Vernacular > A Dictionary of some of the more important words in the Swatow dialect.,221
hĩⁿ lâng,,hĩⁿ lâng,,,耳聾,,Deaf,,,,001_Handbook_of_the_Swatow_Vernacular > A Dictionary of some of the more important words in the Swatow dialect.,221
Khiàm-nâng-kâi-chîⁿ,,Khiàm-nâng-kâi-chîⁿ,,,欠人[訓]个錢,欠人[訓]個錢,"Debt, in",,,,001_Handbook_of_the_Swatow_Vernacular > A Dictionary of some of the more important words in the Swatow dialect.,221
khiàm-nâng-kâi-chè,,khiàm-nâng-kâi-chè,,,欠人[訓]个債,欠人[訓]個債,"Debt, in",,,,001_Handbook_of_the_Swatow_Vernacular > A Dictionary of some of the more important words in the Swatow dialect.,221
Tsú-ì,,Tsú-ì,,,主意,,Decide,,,,001_Handbook_of_the_Swatow_Vernacular > A Dictionary of some of the more important words in the Swatow dialect.,221
Kat,,Kat,,,結,,"Decide, in law",,,,001_Handbook_of_the_Swatow_Vernacular > A Dictionary of some of the more important words in the Swatow dialect.,221
kat-uàⁿ,,kat-uàⁿ,,,結案,,"Decide, in law",,,,001_Handbook_of_the_Swatow_Vernacular > A Dictionary of some of the more important words in the Swatow dialect.,221
kat-tít,,kat-tít,,,結直,,"Decide, in law",,,,001_Handbook_of_the_Swatow_Vernacular > A Dictionary of some of the more important words in the Swatow dialect.,221
Tshái,,Tshái,,,彩,,Decorate,,,,001_Handbook_of_the_Swatow_Vernacular > A Dictionary of some of the more important words in the Swatow dialect.,221
Kiám,,Kiám,,,減,,Decrease,,,,001_Handbook_of_the_Swatow_Vernacular > A Dictionary of some of the more important words in the Swatow dialect.,221
Tṳ̂,,Tṳ̂,,,除,,Deduct,,,,001_Handbook_of_the_Swatow_Vernacular > A Dictionary of some of the more important words in the Swatow dialect.,221
Chhim,,Chhim,,,深,,Deep,,,,001_Handbook_of_the_Swatow_Vernacular > A Dictionary of some of the more important words in the Swatow dialect.,221
Thâi-iâⁿ,,Thâi-iâⁿ,,,刣贏,,Defeat,,,,001_Handbook_of_the_Swatow_Vernacular > A Dictionary of some of the more important words in the Swatow dialect.,221
chièn-iâⁿ,,chièn-iâⁿ,,,戰贏,,Defeat,,,,001_Handbook_of_the_Swatow_Vernacular > A Dictionary of some of the more important words in the Swatow dialect.,221
Thâi-su,,Thâi-su,,,刣輸,,"Defeated, to be",,,,001_Handbook_of_the_Swatow_Vernacular > A Dictionary of some of the more important words in the Swatow dialect.,221
chièn-su,,chièn-su,,,戰輸,,"Defeated, to be",,,,001_Handbook_of_the_Swatow_Vernacular > A Dictionary of some of the more important words in the Swatow dialect.,221
Pĩ-kò,,Pĩ-kò,,,被告,,Defendant,,,,001_Handbook_of_the_Swatow_Vernacular > A Dictionary of some of the more important words in the Swatow dialect.,221
Hú-tiéh nah-sap,,Hú-tiéh nah-sap,,,捬着垃圾,染着污穢,Defile,,,,001_Handbook_of_the_Swatow_Vernacular > A Dictionary of some of the more important words in the Swatow dialect.,221
Tshut-só-hùi,,Tshut-só-hùi,,,出所費,出使費,"Defray, expenses",,,,001_Handbook_of_the_Swatow_Vernacular > A Dictionary of some of the more important words in the Swatow dialect.,221
tshut,,tshut,,,出,,"Defray, expenses",,,,001_Handbook_of_the_Swatow_Vernacular > A Dictionary of some of the more important words in the Swatow dialect.,221
Kàng-khip,,Kàng-khip,,,降級,,Degrade,,,,001_Handbook_of_the_Swatow_Vernacular > A Dictionary of some of the more important words in the Swatow dialect.,222
Jíp-sìu-tsâi,,Jíp-sìu-tsâi,,,入秀才,,"Degree, to get the 1st literary",,,,001_Handbook_of_the_Swatow_Vernacular > A Dictionary of some of the more important words in the Swatow dialect.,222
Tèng-kṳ́-jîn,,Tèng-kṳ́-jîn,,,中舉人,,"Degree, to get the 2nd literary",,,,001_Handbook_of_the_Swatow_Vernacular > A Dictionary of some of the more important words in the Swatow dialect.,222
În-tî,,În-tî,,,延遲,,Delay,,,,001_Handbook_of_the_Swatow_Vernacular > A Dictionary of some of the more important words in the Swatow dialect.,222
thû,,thû,,,躇,,Delay,,,,001_Handbook_of_the_Swatow_Vernacular > A Dictionary of some of the more important words in the Swatow dialect.,222
Kau,,Kau,,,交,,"Deliver, over",,,,001_Handbook_of_the_Swatow_Vernacular > A Dictionary of some of the more important words in the Swatow dialect.,222
Seⁿ-kiáⁿ,,Seⁿ-kiáⁿ,,,生囝,生子,"Deliver, a child",,,,001_Handbook_of_the_Swatow_Vernacular > A Dictionary of some of the more important words in the Swatow dialect.,222
kiou a-nóuⁿ,,kiou a-nóuⁿ,,,邀阿孥,邀亞奴,"Deliver, a child",,,,001_Handbook_of_the_Swatow_Vernacular > A Dictionary of some of the more important words in the Swatow dialect.,222
Pióu-mêng,,Pióu-mêng,,,表明,,Denote,,,,001_Handbook_of_the_Swatow_Vernacular > A Dictionary of some of the more important words in the Swatow dialect.,222
M̄-jīn,,M̄-jīn,,,毋認,不認,Deny,,,,001_Handbook_of_the_Swatow_Vernacular > A Dictionary of some of the more important words in the Swatow dialect.,222
tàⁿ-bô,,tàⁿ-bô,,,呾無,,Deny,,,,001_Handbook_of_the_Swatow_Vernacular > A Dictionary of some of the more important words in the Swatow dialect.,222
Lî-khui,,Lî-khui,,,離開,,Depart,,,,001_Handbook_of_the_Swatow_Vernacular > A Dictionary of some of the more important words in the Swatow dialect.,222
khṳ̀,,khṳ̀,,,去,,Depart,,,,001_Handbook_of_the_Swatow_Vernacular > A Dictionary of some of the more important words in the Swatow dialect.,222
Kùe-sì,,Kùe-sì,,,過世,,"Depart, this life",,,,001_Handbook_of_the_Swatow_Vernacular > A Dictionary of some of the more important words in the Swatow dialect.,222
Hú,,Hú,,,府,,Department,,,,001_Handbook_of_the_Swatow_Vernacular > A Dictionary of some of the more important words in the Swatow dialect.,222
Tah,,Tah,,,託,搭,Deposit,,,,001_Handbook_of_the_Swatow_Vernacular > A Dictionary of some of the more important words in the Swatow dialect.,222
kià,,kià,,,寄,,Deposit,,,,001_Handbook_of_the_Swatow_Vernacular > A Dictionary of some of the more important words in the Swatow dialect.,222
Lóh,,Lóh,,,落,,Descend,,,,001_Handbook_of_the_Swatow_Vernacular > A Dictionary of some of the more important words in the Swatow dialect.,222
Kiáⁿ-sun,,Kiáⁿ-sun,,,囝孫,子孫,Descendant,,,,001_Handbook_of_the_Swatow_Vernacular > A Dictionary of some of the more important words in the Swatow dialect.,222
ãu-ĩ,,ãu-ĩ,,,後裔,,Descendant,,,,001_Handbook_of_the_Swatow_Vernacular > A Dictionary of some of the more important words in the Swatow dialect.,222
Kham-kai,,Kham-kai,,,堪該,,Deserve,,,,001_Handbook_of_the_Swatow_Vernacular > A Dictionary of some of the more important words in the Swatow dialect.,222
Thóiⁿ-khin,,Thóiⁿ-khin,,,睇輕,看輕,Despise,,,,001_Handbook_of_the_Swatow_Vernacular > A Dictionary of some of the more important words in the Swatow dialect.,222
thóiⁿ-m̄-chiẽⁿ,,thóiⁿ-m̄-chiẽⁿ,,,睇毋上,看不上,Despise,,,,001_Handbook_of_the_Swatow_Vernacular > A Dictionary of some of the more important words in the Swatow dialect.,222
thóiⁿ-bô-mák,,thóiⁿ-bô-mák,,,睇無目,看無目,Despise,,,,001_Handbook_of_the_Swatow_Vernacular > A Dictionary of some of the more important words in the Swatow dialect.,222
Kúi,,Kúi,,,鬼,,Devil,,,,001_Handbook_of_the_Swatow_Vernacular > A Dictionary of some of the more important words in the Swatow dialect.,222
Jít-kui,,Jít-kui,,,日規,,Dial,,,,001_Handbook_of_the_Swatow_Vernacular > A Dictionary of some of the more important words in the Swatow dialect.,222
Péh-uē,,Péh-uē,,,白話,,Dialect,,,,001_Handbook_of_the_Swatow_Vernacular > A Dictionary of some of the more important words in the Swatow dialect.,223
thóu-thâm,,thóu-thâm,,,土談,,Dialect,,,,001_Handbook_of_the_Swatow_Vernacular > A Dictionary of some of the more important words in the Swatow dialect.,223
thóu-uē,,thóu-uē,,,土話,,Dialect,,,,001_Handbook_of_the_Swatow_Vernacular > A Dictionary of some of the more important words in the Swatow dialect.,223
Tâu,,Tâu,,,骰,骸,Dice,,,,001_Handbook_of_the_Swatow_Vernacular > A Dictionary of some of the more important words in the Swatow dialect.,223
Jī-tién,,Jī-tién,,,字典,,Dictionary,,,,001_Handbook_of_the_Swatow_Vernacular > A Dictionary of some of the more important words in the Swatow dialect.,223
Sí,,Sí,,,死,,"Die, to",,,,001_Handbook_of_the_Swatow_Vernacular > A Dictionary of some of the more important words in the Swatow dialect.,223
Oh,,Oh,,,僫,難,Difficult,,,,001_Handbook_of_the_Swatow_Vernacular > A Dictionary of some of the more important words in the Swatow dialect.,223
kan-khóu,,kan-khóu,,,艱苦,,Difficult,,,,001_Handbook_of_the_Swatow_Vernacular > A Dictionary of some of the more important words in the Swatow dialect.,223
Liú,,Liú,,,挖,,Dig,,,,001_Handbook_of_the_Swatow_Vernacular > A Dictionary of some of the more important words in the Swatow dialect.,223
kút,,kút,,,掘,,Dig,,,,001_Handbook_of_the_Swatow_Vernacular > A Dictionary of some of the more important words in the Swatow dialect.,223
Siou,,Siou,,,消,,Digest,,,,001_Handbook_of_the_Swatow_Vernacular > A Dictionary of some of the more important words in the Swatow dialect.,223
Toi,,Toi,,,堤,,Dike,,,,001_Handbook_of_the_Swatow_Vernacular > A Dictionary of some of the more important words in the Swatow dialect.,223
Khûn,,Khûn,,,勤,,Dilligent,,,,001_Handbook_of_the_Swatow_Vernacular > A Dictionary of some of the more important words in the Swatow dialect.,223
lát,,lát,,,力,,Dilligent,,,,001_Handbook_of_the_Swatow_Vernacular > A Dictionary of some of the more important words in the Swatow dialect.,223
Ùn,,Ùn,,,揾,染,"Dip, into water",,,,001_Handbook_of_the_Swatow_Vernacular > A Dictionary of some of the more important words in the Swatow dialect.,223
Nah-sap,,Nah-sap,,,垃圾,污穢,Dirty,,,,001_Handbook_of_the_Swatow_Vernacular > A Dictionary of some of the more important words in the Swatow dialect.,223
o-tso,,o-tso,,,污糟,,Dirty,,,,001_Handbook_of_the_Swatow_Vernacular > A Dictionary of some of the more important words in the Swatow dialect.,223
chhi-gî,,chhi-gî,,,,,Dirty,,,,001_Handbook_of_the_Swatow_Vernacular > A Dictionary of some of the more important words in the Swatow dialect.,223
M̄-háh,,M̄-háh,,,毋合,不合,Disagree,,,,001_Handbook_of_the_Swatow_Vernacular > A Dictionary of some of the more important words in the Swatow dialect.,223
M̄-hûa,,M̄-hûa,,,毋和,不和,"Disagree, of persons",,,,001_Handbook_of_the_Swatow_Vernacular > A Dictionary of some of the more important words in the Swatow dialect.,223
M̄-kìⁿ,,M̄-kìⁿ,,,毋見,不見,Disappear,,,,001_Handbook_of_the_Swatow_Vernacular > A Dictionary of some of the more important words in the Swatow dialect.,223
bô--khṳ̀,,bô--khṳ̀,,,無去,,Disappear,,,,001_Handbook_of_the_Swatow_Vernacular > A Dictionary of some of the more important words in the Swatow dialect.,223
Gōu--tiéh nâng-kâi-sṳ̄,,Gōu--tiéh nâng-kâi-sṳ̄,,,誤着人[訓]个事,悞着人[訓]個事,"Disappoint, a person",,,,001_Handbook_of_the_Swatow_Vernacular > A Dictionary of some of the more important words in the Swatow dialect.,223
Sî-tiòu,,Sî-tiòu,,,辭掉,辭丢,"Discharge, a servant",,,,001_Handbook_of_the_Swatow_Vernacular > A Dictionary of some of the more important words in the Swatow dialect.,223
sǹg-hiah,,sǹg-hiah,,,算歇,,"Discharge, a servant",,,,001_Handbook_of_the_Swatow_Vernacular > A Dictionary of some of the more important words in the Swatow dialect.,223
Lóh-sek,,Lóh-sek,,,落色,,Discoloured,,,,001_Handbook_of_the_Swatow_Vernacular > A Dictionary of some of the more important words in the Swatow dialect.,223
thò-sek,,thò-sek,,,退色,,Discoloured,,,,001_Handbook_of_the_Swatow_Vernacular > A Dictionary of some of the more important words in the Swatow dialect.,223
Káng-kiù,,Káng-kiù,,,講究,,Discuss,,,,001_Handbook_of_the_Swatow_Vernacular > A Dictionary of some of the more important words in the Swatow dialect.,223
káng-lũn,,káng-lũn,,,講論,,Discuss,,,,001_Handbook_of_the_Swatow_Vernacular > A Dictionary of some of the more important words in the Swatow dialect.,223
piẽn-lũn,,piẽn-lũn,,,辯論,,Discuss,,,,001_Handbook_of_the_Swatow_Vernacular > A Dictionary of some of the more important words in the Swatow dialect.,223
Seⁿ-muéh,,Seⁿ-muéh,,,生物,,"Disease, to have skin",,,,001_Handbook_of_the_Swatow_Vernacular > A Dictionary of some of the more important words in the Swatow dialect.,223
Kièn-siòu,,Kièn-siòu,,,見笑,羞恥,Disgrace,,,,001_Handbook_of_the_Swatow_Vernacular > A Dictionary of some of the more important words in the Swatow dialect.,224
Ké,,Ké,,,假,,Disguise,,,,001_Handbook_of_the_Swatow_Vernacular > A Dictionary of some of the more important words in the Swatow dialect.,224
Pûaⁿ-úaⁿ,,Pûaⁿ-úaⁿ,,,盤碗,,Dishes,,,,001_Handbook_of_the_Swatow_Vernacular > A Dictionary of some of the more important words in the Swatow dialect.,224
Sî-tiòu,,Sî-tiòu,,,辭掉,辭丢,Dismiss,,,,001_Handbook_of_the_Swatow_Vernacular > A Dictionary of some of the more important words in the Swatow dialect.,224
sǹg-hiah,,sǹg-hiah,,,算歇,,Dismiss,,,,001_Handbook_of_the_Swatow_Vernacular > A Dictionary of some of the more important words in the Swatow dialect.,224
Pã-cheh,,Pã-cheh,,,罷職,擺職,"Dismiss, as an official",,,,001_Handbook_of_the_Swatow_Vernacular > A Dictionary of some of the more important words in the Swatow dialect.,224
thut-cheh,,thut-cheh,,,黜職,,"Dismiss, as an official",,,,001_Handbook_of_the_Swatow_Vernacular > A Dictionary of some of the more important words in the Swatow dialect.,224
khṳ̀-cheh,,khṳ̀-cheh,,,去職,,"Dismiss, as an official",,,,001_Handbook_of_the_Swatow_Vernacular > A Dictionary of some of the more important words in the Swatow dialect.,224
Lóh-bé,,Lóh-bé,,,落馬,,Dismount,,,,001_Handbook_of_the_Swatow_Vernacular > A Dictionary of some of the more important words in the Swatow dialect.,224
M̄-sũn,,M̄-sũn,,,毋順,不順,Disobedient,,,,001_Handbook_of_the_Swatow_Vernacular > A Dictionary of some of the more important words in the Swatow dialect.,224
m̄-thiaⁿ,,m̄-thiaⁿ,,,毋聽,不聽,Disobedient,,,,001_Handbook_of_the_Swatow_Vernacular > A Dictionary of some of the more important words in the Swatow dialect.,224
Zṳ̂-zṳ̂,,Zṳ̂-zṳ̂,,,挐挐,菇菇,Disorder,,,,001_Handbook_of_the_Swatow_Vernacular > A Dictionary of some of the more important words in the Swatow dialect.,224
hng-láh-bó-heh,,hng-láh-bó-heh,,,,,Disorder,,,,001_Handbook_of_the_Swatow_Vernacular > A Dictionary of some of the more important words in the Swatow dialect.,224
Sùaⁿ,,Sùaⁿ,,,散,,Disperse,,,,001_Handbook_of_the_Swatow_Vernacular > A Dictionary of some of the more important words in the Swatow dialect.,224
Tién,,Tién,,,賽,,Display,,,,001_Handbook_of_the_Swatow_Vernacular > A Dictionary of some of the more important words in the Swatow dialect.,224
Tit-tsũe--tiéh-nâng,,Tit-tsũe--tiéh-nâng,,,得罪着人[訓],,"Displease, a person",,,,001_Handbook_of_the_Swatow_Vernacular > A Dictionary of some of the more important words in the Swatow dialect.,224
Sie-à,,Sie-à,,,相詏,相辨,Dispute,,,,001_Handbook_of_the_Swatow_Vernacular > A Dictionary of some of the more important words in the Swatow dialect.,224
Iêⁿ,,Iêⁿ,,,鎔,,Dissolve,,,,001_Handbook_of_the_Swatow_Vernacular > A Dictionary of some of the more important words in the Swatow dialect.,224
Thiah-húe-kì,,Thiah-húe-kì,,,拆夥記,,"Dissolve, partnership",,,,001_Handbook_of_the_Swatow_Vernacular > A Dictionary of some of the more important words in the Swatow dialect.,224
Sáh-chiú,,Sáh-chiú,,,煠酒,,"Distil, spirit",,,,001_Handbook_of_the_Swatow_Vernacular > A Dictionary of some of the more important words in the Swatow dialect.,224
kek-chiú,,kek-chiú,,,激酒,,"Distil, spirit",,,,001_Handbook_of_the_Swatow_Vernacular > A Dictionary of some of the more important words in the Swatow dialect.,224
Mêng-péh,,Mêng-péh,,,明白,,Distinct,,,,001_Handbook_of_the_Swatow_Vernacular > A Dictionary of some of the more important words in the Swatow dialect.,224
Hun-piét,,Hun-piét,,,分別,,Distinguish,,,,001_Handbook_of_the_Swatow_Vernacular > A Dictionary of some of the more important words in the Swatow dialect.,224
Kan-khóu,,Kan-khóu,,,艱苦,,Distress,,,,001_Handbook_of_the_Swatow_Vernacular > A Dictionary of some of the more important words in the Swatow dialect.,224
Kūiⁿ,,Kūiⁿ,,,縣,,District,,,,001_Handbook_of_the_Swatow_Vernacular > A Dictionary of some of the more important words in the Swatow dialect.,224
Hũn,,Hũn,,,混,紊,Disturb,,,,001_Handbook_of_the_Swatow_Vernacular > A Dictionary of some of the more important words in the Swatow dialect.,224
Tsak,,Tsak,,,聒,,"Disturb, in hearing",,,,001_Handbook_of_the_Swatow_Vernacular > A Dictionary of some of the more important words in the Swatow dialect.,225
Kau,,Kau,,,溝,,Ditch,,,,001_Handbook_of_the_Swatow_Vernacular > A Dictionary of some of the more important words in the Swatow dialect.,225
tsúi-kau,,tsúi-kau,,,水溝,溝水,Ditch,,,,001_Handbook_of_the_Swatow_Vernacular > A Dictionary of some of the more important words in the Swatow dialect.,225
sái-kau,,sái-kau,,,屎溝,,Ditch,,,,001_Handbook_of_the_Swatow_Vernacular > A Dictionary of some of the more important words in the Swatow dialect.,225
Bī,,Bī,,,氼,,Dive,,,,001_Handbook_of_the_Swatow_Vernacular > A Dictionary of some of the more important words in the Swatow dialect.,225
Pun,,Pun,,,分,,Divide,,,,001_Handbook_of_the_Swatow_Vernacular > A Dictionary of some of the more important words in the Swatow dialect.,225
Kà-õi-sék,,Kà-õi-sék,,,教會熟,,Docile,,,,001_Handbook_of_the_Swatow_Vernacular > A Dictionary of some of the more important words in the Swatow dialect.,225
Jī,,Jī,,,字,,Document,,,,001_Handbook_of_the_Swatow_Vernacular > A Dictionary of some of the more important words in the Swatow dialect.,225
Ang-kiáⁿ,,Ang-kiáⁿ,,,尪囝,人子,Doll,,,,001_Handbook_of_the_Swatow_Vernacular > A Dictionary of some of the more important words in the Swatow dialect.,225
Ke-lãi,,Ke-lãi,,,家內,,Domestic,,,,001_Handbook_of_the_Swatow_Vernacular > A Dictionary of some of the more important words in the Swatow dialect.,225
Thien-káu,,Thien-káu,,,天狗,,Dominoes,,,,001_Handbook_of_the_Swatow_Vernacular > A Dictionary of some of the more important words in the Swatow dialect.,225
kut-pâi,,kut-pâi,,,骨牌,,Dominoes,,,,001_Handbook_of_the_Swatow_Vernacular > A Dictionary of some of the more important words in the Swatow dialect.,225
Tiám,,Tiám,,,點,㸃,Dot,,,,001_Handbook_of_the_Swatow_Vernacular > A Dictionary of some of the more important words in the Swatow dialect.,225
Sang,,Sang,,,雙,,Double,,,,001_Handbook_of_the_Swatow_Vernacular > A Dictionary of some of the more important words in the Swatow dialect.,225
Kè-chîⁿ ke chék-ûe,,Kè-chîⁿ ke chék-ûe,,,價錢加一半,價錢加壹半,"Double, as price",,,,001_Handbook_of_the_Swatow_Vernacular > A Dictionary of some of the more important words in the Swatow dialect.,225
Gî,,Gî,,,疑,,Doubt,,,,001_Handbook_of_the_Swatow_Vernacular > A Dictionary of some of the more important words in the Swatow dialect.,225
Thua,,Thua,,,拖,,Drag,,,,001_Handbook_of_the_Swatow_Vernacular > A Dictionary of some of the more important words in the Swatow dialect.,225
túi,,túi,,,挽,,Drag,,,,001_Handbook_of_the_Swatow_Vernacular > A Dictionary of some of the more important words in the Swatow dialect.,225
Sái-kau,,Sái-kau,,,屎溝,,Drain,,,,001_Handbook_of_the_Swatow_Vernacular > A Dictionary of some of the more important words in the Swatow dialect.,225
tsúi-kau,,tsúi-kau,,,水溝,,Drain,,,,001_Handbook_of_the_Swatow_Vernacular > A Dictionary of some of the more important words in the Swatow dialect.,225
Ūe,,Ūe,,,畫,,"Draw, pictures",,,,001_Handbook_of_the_Swatow_Vernacular > A Dictionary of some of the more important words in the Swatow dialect.,225
ūe-ang-kiáⁿ,,ūe-ang-kiáⁿ,,,畫尪囝,畫人子,"Draw, pictures",,,,001_Handbook_of_the_Swatow_Vernacular > A Dictionary of some of the more important words in the Swatow dialect.,225
Māng-kìⁿ,,Māng-kìⁿ,,,夢見,,Dream,,,,001_Handbook_of_the_Swatow_Vernacular > A Dictionary of some of the more important words in the Swatow dialect.,225
Phoh,,Phoh,,,粕,渣,Dregs,,,,001_Handbook_of_the_Swatow_Vernacular > A Dictionary of some of the more important words in the Swatow dialect.,225
Uāⁿ-saⁿ-khòu,,Uāⁿ-saⁿ-khòu,,,換衫褲,,"Dress, to change clothes",,,,001_Handbook_of_the_Swatow_Vernacular > A Dictionary of some of the more important words in the Swatow dialect.,225
Tá-pàn,,Tá-pàn,,,打扮,打辨,"Dress, finely",,,,001_Handbook_of_the_Swatow_Vernacular > A Dictionary of some of the more important words in the Swatow dialect.,225
siu-síp,,siu-síp,,,收拾,收什,"Dress, finely",,,,001_Handbook_of_the_Swatow_Vernacular > A Dictionary of some of the more important words in the Swatow dialect.,225
Tshau-liēn,,Tshau-liēn,,,操練,,"Drill, soldiers",,,,001_Handbook_of_the_Swatow_Vernacular > A Dictionary of some of the more important words in the Swatow dialect.,226
Chiáh,,Chiáh,,,食,,Drink,,,,001_Handbook_of_the_Swatow_Vernacular > A Dictionary of some of the more important words in the Swatow dialect.,226
lim,,lim,,,飮,,Drink,,,,001_Handbook_of_the_Swatow_Vernacular > A Dictionary of some of the more important words in the Swatow dialect.,226
Tit,,Tit,,,滴,,Drip,,,,001_Handbook_of_the_Swatow_Vernacular > A Dictionary of some of the more important words in the Swatow dialect.,226
táp-táp-tih,,táp-táp-tih,,,答答滴,㸃㸃滴,Drip,,,,001_Handbook_of_the_Swatow_Vernacular > A Dictionary of some of the more important words in the Swatow dialect.,226
Jiōu,,Jiōu,,,趕,,"Drive, away",,,,001_Handbook_of_the_Swatow_Vernacular > A Dictionary of some of the more important words in the Swatow dialect.,226
chẽng,,chẽng,,,挣,,"Drive, away",,,,001_Handbook_of_the_Swatow_Vernacular > A Dictionary of some of the more important words in the Swatow dialect.,226
Sái-gû,,Sái-gû,,,使牛,,"Drive, a bullock",,,,001_Handbook_of_the_Swatow_Vernacular > A Dictionary of some of the more important words in the Swatow dialect.,226
Hõu-kiáⁿ,,Hõu-kiáⁿ,,,雨囝,微雨,Drizzle,,,,001_Handbook_of_the_Swatow_Vernacular > A Dictionary of some of the more important words in the Swatow dialect.,226
Chék-tiám,,Chék-tiám,,,一點,壹㸃,"Drop, a",,,,001_Handbook_of_the_Swatow_Vernacular > A Dictionary of some of the more important words in the Swatow dialect.,226
Tih,,Tih,,,滴,,"Drop, as liquid",,,,001_Handbook_of_the_Swatow_Vernacular > A Dictionary of some of the more important words in the Swatow dialect.,226
Hun-sái,,Hun-sái,,,薰屎,煙屎,"Dross, of opium",,,,001_Handbook_of_the_Swatow_Vernacular > A Dictionary of some of the more important words in the Swatow dialect.,226
Thôu-thùaⁿ-sái,,Thôu-thùaⁿ-sái,,,塗炭屎,,"Dross, of coal",,,,001_Handbook_of_the_Swatow_Vernacular > A Dictionary of some of the more important words in the Swatow dialect.,226
Thiⁿ-sí-ũaⁿ,,Thiⁿ-sí-ũaⁿ,,,天時旱,,Drought,,,,001_Handbook_of_the_Swatow_Vernacular > A Dictionary of some of the more important words in the Swatow dialect.,226
Kek-sí,,Kek-sí,,,激死,,Drown,,,,001_Handbook_of_the_Swatow_Vernacular > A Dictionary of some of the more important words in the Swatow dialect.,226
Phî,,Phî,,,疲,,Drowsy,,,,001_Handbook_of_the_Swatow_Vernacular > A Dictionary of some of the more important words in the Swatow dialect.,226
kóng-kóng àiⁿ-út,,kóng-kóng àiⁿ-út,,,戇戇愛夗,狂狂要眠,Drowsy,,,,001_Handbook_of_the_Swatow_Vernacular > A Dictionary of some of the more important words in the Swatow dialect.,226
Iéh,,Iéh,,,藥,,Drugs,,,,001_Handbook_of_the_Swatow_Vernacular > A Dictionary of some of the more important words in the Swatow dialect.,226
iéh-kṳn,,iéh-kṳn,,,藥根,,Drugs,,,,001_Handbook_of_the_Swatow_Vernacular > A Dictionary of some of the more important words in the Swatow dialect.,226
Khui iéh-tshâi-phòu,,Khui iéh-tshâi-phòu,,,開藥材舖,,Druggist,,,,001_Handbook_of_the_Swatow_Vernacular > A Dictionary of some of the more important words in the Swatow dialect.,226
Kóu,,Kóu,,,鼓,,Drum,,,,001_Handbook_of_the_Swatow_Vernacular > A Dictionary of some of the more important words in the Swatow dialect.,226
Ta,,Ta,,,灱,枯,Dry,,,,001_Handbook_of_the_Swatow_Vernacular > A Dictionary of some of the more important words in the Swatow dialect.,226
Phák,,Phák,,,曬,,"Dry, in the sun",,,,001_Handbook_of_the_Swatow_Vernacular > A Dictionary of some of the more important words in the Swatow dialect.,226
Khiàm,,Khiàm,,,欠,,Due,,,,001_Handbook_of_the_Swatow_Vernacular > A Dictionary of some of the more important words in the Swatow dialect.,226
É,,É,,,啞,,Dumb,,,,001_Handbook_of_the_Swatow_Vernacular > A Dictionary of some of the more important words in the Swatow dialect.,226
Tshui,,Tshui,,,催,推,Dun,,,,001_Handbook_of_the_Swatow_Vernacular > A Dictionary of some of the more important words in the Swatow dialect.,227
Gû-sái,,Gû-sái,,,牛屎,,"Dung, as of cow",,,,001_Handbook_of_the_Swatow_Vernacular > A Dictionary of some of the more important words in the Swatow dialect.,227
Háⁿ-hun,,Háⁿ-hun,,,黃昏,,Dusk,,,,001_Handbook_of_the_Swatow_Vernacular > A Dictionary of some of the more important words in the Swatow dialect.,227
Eng-têng,,Eng-têng,,,煙塵,塵,Dust,,,,001_Handbook_of_the_Swatow_Vernacular > A Dictionary of some of the more important words in the Swatow dialect.,227
thôu-hún,,thôu-hún,,,塗粉,,Dust,,,,001_Handbook_of_the_Swatow_Vernacular > A Dictionary of some of the more important words in the Swatow dialect.,227
Eng,,Eng,,,煙,英,"Dust, raised by the wind",,,,001_Handbook_of_the_Swatow_Vernacular > A Dictionary of some of the more important words in the Swatow dialect.,227
Pńg-hūn,,Pńg-hūn,,,本分,,Duty,,,,001_Handbook_of_the_Swatow_Vernacular > A Dictionary of some of the more important words in the Swatow dialect.,227
Ói,,Ói,,,矮,,Dwarf,,,,001_Handbook_of_the_Swatow_Vernacular > A Dictionary of some of the more important words in the Swatow dialect.,227
lóu-kóu,,lóu-kóu,,,嶁岣,老古,Dwarf,,,,001_Handbook_of_the_Swatow_Vernacular > A Dictionary of some of the more important words in the Swatow dialect.,227
Níⁿ,,Níⁿ,,,染,,Dye,,,,001_Handbook_of_the_Swatow_Vernacular > A Dictionary of some of the more important words in the Swatow dialect.,227
Chhiôu,,Chhiôu,,,朝,,Dynasty,,,,001_Handbook_of_the_Swatow_Vernacular > A Dictionary of some of the more important words in the Swatow dialect.,227
Hĩⁿ,,Hĩⁿ,,,耳,,Ear,,,,001_Handbook_of_the_Swatow_Vernacular > A Dictionary of some of the more important words in the Swatow dialect.,227
Hĩⁿ-khang,,Hĩⁿ-khang,,,耳空,,"Ear, orifice of",,,,001_Handbook_of_the_Swatow_Vernacular > A Dictionary of some of the more important words in the Swatow dialect.,227
Tsá,,Tsá,,,早,,Early,,,,001_Handbook_of_the_Swatow_Vernacular > A Dictionary of some of the more important words in the Swatow dialect.,227
Tsá-sîn,,Tsá-sîn,,,早晨,,"Early, in the morning",,,,001_Handbook_of_the_Swatow_Vernacular > A Dictionary of some of the more important words in the Swatow dialect.,227
mêng-khí-tsá--kùa,,mêng-khí-tsá--kùa,,,眠起早旰,,"Early, in the morning",,,,001_Handbook_of_the_Swatow_Vernacular > A Dictionary of some of the more important words in the Swatow dialect.,227
Thó-thàn,,Thó-thàn,,,討趁,討趨,Earn,,,,001_Handbook_of_the_Swatow_Vernacular > A Dictionary of some of the more important words in the Swatow dialect.,227
thàn,,thàn,,,趁,趨,Earn,,,,001_Handbook_of_the_Swatow_Vernacular > A Dictionary of some of the more important words in the Swatow dialect.,227
Chhiet-chhiet,,Chhiet-chhiet,,,切切,,Earnestly,,,,001_Handbook_of_the_Swatow_Vernacular > A Dictionary of some of the more important words in the Swatow dialect.,227
Tang,,Tang,,,東,,East,,,,001_Handbook_of_the_Swatow_Vernacular > A Dictionary of some of the more important words in the Swatow dialect.,227
tang-pôiⁿ,,tang-pôiⁿ,,,東爿,東邊,East,,,,001_Handbook_of_the_Swatow_Vernacular > A Dictionary of some of the more important words in the Swatow dialect.,227
Tõu-kiàng-kúi,,Tõu-kiàng-kúi,,,,杜應鬼,Echo,,,,001_Handbook_of_the_Swatow_Vernacular > A Dictionary of some of the more important words in the Swatow dialect.,227
Khiãm,,Khiãm,,,儉,,Economy,,,,001_Handbook_of_the_Swatow_Vernacular > A Dictionary of some of the more important words in the Swatow dialect.,227
Piⁿ,,Piⁿ,,,邊,,Edge,,,,001_Handbook_of_the_Swatow_Vernacular > A Dictionary of some of the more important words in the Swatow dialect.,227
kîⁿ,,kîⁿ,,,墘,,Edge,,,,001_Handbook_of_the_Swatow_Vernacular > A Dictionary of some of the more important words in the Swatow dialect.,227
Thák-tūa-tsṳ,,Thák-tūa-tsṳ,,,讀大書,,Educated,,,,001_Handbook_of_the_Swatow_Vernacular > A Dictionary of some of the more important words in the Swatow dialect.,228
thák-chhim-tsṳ,,thák-chhim-tsṳ,,,讀深書,,Educated,,,,001_Handbook_of_the_Swatow_Vernacular > A Dictionary of some of the more important words in the Swatow dialect.,228
Chhiú-thñg,,Chhiú-thñg,,,手肘,,Elbow,,,,001_Handbook_of_the_Swatow_Vernacular > A Dictionary of some of the more important words in the Swatow dialect.,228
Lãu-tūa,,Lãu-tūa,,,老大,,Elder,,,,001_Handbook_of_the_Swatow_Vernacular > A Dictionary of some of the more important words in the Swatow dialect.,228
tūa,,tūa,,,大,,Elder,,,,001_Handbook_of_the_Swatow_Vernacular > A Dictionary of some of the more important words in the Swatow dialect.,228
Siãng-tūa,,Siãng-tūa,,,上大,,Eldest,,,,001_Handbook_of_the_Swatow_Vernacular > A Dictionary of some of the more important words in the Swatow dialect.,228
Suán,,Suán,,,選,,Elect,,,,001_Handbook_of_the_Swatow_Vernacular > A Dictionary of some of the more important words in the Swatow dialect.,228
khieh,,khieh,,,挈,,Elect,,,,001_Handbook_of_the_Swatow_Vernacular > A Dictionary of some of the more important words in the Swatow dialect.,228
Toi,,Toi,,,堤,,Embankment,,,,001_Handbook_of_the_Swatow_Vernacular > A Dictionary of some of the more important words in the Swatow dialect.,228
Thau-sái-chîⁿ,,Thau-sái-chîⁿ,,,偷使錢,,Embezzle,,,,001_Handbook_of_the_Swatow_Vernacular > A Dictionary of some of the more important words in the Swatow dialect.,228
Nám,,Nám,,,攬,嬲,Embrace,,,,001_Handbook_of_the_Swatow_Vernacular > A Dictionary of some of the more important words in the Swatow dialect.,228
phõ,,phõ,,,抱,,Embrace,,,,001_Handbook_of_the_Swatow_Vernacular > A Dictionary of some of the more important words in the Swatow dialect.,228
Siù-hue,,Siù-hue,,,繡花,,Embroider,,,,001_Handbook_of_the_Swatow_Vernacular > A Dictionary of some of the more important words in the Swatow dialect.,228
chhiah-hue,,chhiah-hue,,,刺花,,Embroider,,,,001_Handbook_of_the_Swatow_Vernacular > A Dictionary of some of the more important words in the Swatow dialect.,228
Phû--khí-lâi,,Phû--khí-lâi,,,浮起來,,Emerge,,,,001_Handbook_of_the_Swatow_Vernacular > A Dictionary of some of the more important words in the Swatow dialect.,228
Huâng-tì,,Huâng-tì,,,皇帝,,Emperor,,,,001_Handbook_of_the_Swatow_Vernacular > A Dictionary of some of the more important words in the Swatow dialect.,228
uâng-siãng,,uâng-siãng,,,皇上,,Emperor,,,,001_Handbook_of_the_Swatow_Vernacular > A Dictionary of some of the more important words in the Swatow dialect.,228
Ēng,,Ēng,,,用,,"Employ, to",,,,001_Handbook_of_the_Swatow_Vernacular > A Dictionary of some of the more important words in the Swatow dialect.,228
Sṳ̄,,Sṳ̄,,,事,,Employment,,,,001_Handbook_of_the_Swatow_Vernacular > A Dictionary of some of the more important words in the Swatow dialect.,228
thâu-lōu,,thâu-lōu,,,頭路,,Employment,,,,001_Handbook_of_the_Swatow_Vernacular > A Dictionary of some of the more important words in the Swatow dialect.,228
Khang,,Khang,,,空,,Empty,,,,001_Handbook_of_the_Swatow_Vernacular > A Dictionary of some of the more important words in the Swatow dialect.,228
Tshàng-iâⁿ,,Tshàng-iâⁿ,,,創營,,Encamp,,,,001_Handbook_of_the_Swatow_Vernacular > A Dictionary of some of the more important words in the Swatow dialect.,228
tì-iâⁿ,,tì-iâⁿ,,,置營,,Encamp,,,,001_Handbook_of_the_Swatow_Vernacular > A Dictionary of some of the more important words in the Swatow dialect.,228
Huang,,Huang,,,封,,Enclose,,,,001_Handbook_of_the_Swatow_Vernacular > A Dictionary of some of the more important words in the Swatow dialect.,228
Chiàm-kùe,,Chiàm-kùe,,,佔過,占過,Encroach,,,,001_Handbook_of_the_Swatow_Vernacular > A Dictionary of some of the more important words in the Swatow dialect.,228
tshàng-kùe,,tshàng-kùe,,,創過,,Encroach,,,,001_Handbook_of_the_Swatow_Vernacular > A Dictionary of some of the more important words in the Swatow dialect.,228
Chhiû-nâng,,Chhiû-nâng,,,仇人[訓],,Enemy,,,,001_Handbook_of_the_Swatow_Vernacular > A Dictionary of some of the more important words in the Swatow dialect.,228
uan-chhiû,,uan-chhiû,,,冤仇,寃仇,Enemy,,,,001_Handbook_of_the_Swatow_Vernacular > A Dictionary of some of the more important words in the Swatow dialect.,228
Chhiáⁿ,,Chhiáⁿ,,,請,,"Engage, as a teacher",,,,001_Handbook_of_the_Swatow_Vernacular > A Dictionary of some of the more important words in the Swatow dialect.,228
Kiè,,Kiè,,,叫,呌,"Engage, as servants, workmen",,,,001_Handbook_of_the_Swatow_Vernacular > A Dictionary of some of the more important words in the Swatow dialect.,229
Khek,,Khek,,,刻,,Engrave,,,,001_Handbook_of_the_Swatow_Vernacular > A Dictionary of some of the more important words in the Swatow dialect.,229
kuah,,kuah,,,割,,Engrave,,,,001_Handbook_of_the_Swatow_Vernacular > A Dictionary of some of the more important words in the Swatow dialect.,229
Kàu,,Kàu,,,夠,足,Enough,,,,001_Handbook_of_the_Swatow_Vernacular > A Dictionary of some of the more important words in the Swatow dialect.,229
là,,là,,,𤰉,,Enough,,,,001_Handbook_of_the_Swatow_Vernacular > A Dictionary of some of the more important words in the Swatow dialect.,229
Mn̄g,,Mn̄g,,,問,,Enquire,,,,001_Handbook_of_the_Swatow_Vernacular > A Dictionary of some of the more important words in the Swatow dialect.,229
chieh-mn̄g,,chieh-mn̄g,,,借問,,Enquire,,,,001_Handbook_of_the_Swatow_Vernacular > A Dictionary of some of the more important words in the Swatow dialect.,229
Jíp,,Jíp,,,入,,Enter,,,,001_Handbook_of_the_Swatow_Vernacular > A Dictionary of some of the more important words in the Swatow dialect.,229
Èng-kai-tit,,Èng-kai-tit,,,應該得,,Entitled,,,,001_Handbook_of_the_Swatow_Vernacular > A Dictionary of some of the more important words in the Swatow dialect.,229
Thoh,,Thoh,,,托,,Entrust,,,,001_Handbook_of_the_Swatow_Vernacular > A Dictionary of some of the more important words in the Swatow dialect.,229
hù-thoh,,hù-thoh,,,付托,,Entrust,,,,001_Handbook_of_the_Swatow_Vernacular > A Dictionary of some of the more important words in the Swatow dialect.,229
Sìn-phûe,,Sìn-phûe,,,信皮,,Envelope,,,,001_Handbook_of_the_Swatow_Vernacular > A Dictionary of some of the more important words in the Swatow dialect.,229
phoi-phûe,,phoi-phûe,,,批皮,,Envelope,,,,001_Handbook_of_the_Swatow_Vernacular > A Dictionary of some of the more important words in the Swatow dialect.,229
huang-tâng,,huang-tâng,,,封筒,,Envelope,,,,001_Handbook_of_the_Swatow_Vernacular > A Dictionary of some of the more important words in the Swatow dialect.,229
Pêⁿ-iēⁿ,,Pêⁿ-iēⁿ,,,平樣,,Equal,,,,001_Handbook_of_the_Swatow_Vernacular > A Dictionary of some of the more important words in the Swatow dialect.,229
Kiẽn,,Kiẽn,,,建,,Erect,,,,001_Handbook_of_the_Swatow_Vernacular > A Dictionary of some of the more important words in the Swatow dialect.,229
khí,,khí,,,起,,Erect,,,,001_Handbook_of_the_Swatow_Vernacular > A Dictionary of some of the more important words in the Swatow dialect.,229
Tshò,,Tshò,,,錯,,Erroneous,,,,001_Handbook_of_the_Swatow_Vernacular > A Dictionary of some of the more important words in the Swatow dialect.,229
tāⁿ,,tāⁿ,,,差,,Erroneous,,,,001_Handbook_of_the_Swatow_Vernacular > A Dictionary of some of the more important words in the Swatow dialect.,229
m̄-tiéh,,m̄-tiéh,,,毋着,不着,Erroneous,,,,001_Handbook_of_the_Swatow_Vernacular > A Dictionary of some of the more important words in the Swatow dialect.,229
Tsáu,,Tsáu,,,走,,Escape,,,,001_Handbook_of_the_Swatow_Vernacular > A Dictionary of some of the more important words in the Swatow dialect.,229
Thau-tsáu,,Thau-tsáu,,,逃走,,"Escape, secretly",,,,001_Handbook_of_the_Swatow_Vernacular > A Dictionary of some of the more important words in the Swatow dialect.,229
Tī,,Tī,,,地,,"Estate, land",,,,001_Handbook_of_the_Swatow_Vernacular > A Dictionary of some of the more important words in the Swatow dialect.,229
tshân-tī,,tshân-tī,,,田地,,"Estate, land",,,,001_Handbook_of_the_Swatow_Vernacular > A Dictionary of some of the more important words in the Swatow dialect.,229
Ke-ngiáp,,Ke-ngiáp,,,家業,,"Estate, general",,,,001_Handbook_of_the_Swatow_Vernacular > A Dictionary of some of the more important words in the Swatow dialect.,229
ke-sṳ̄,,ke-sṳ̄,,,家事,,"Estate, general",,,,001_Handbook_of_the_Swatow_Vernacular > A Dictionary of some of the more important words in the Swatow dialect.,229
ke-tsṳ,,ke-tsṳ,,,家資,,"Estate, general",,,,001_Handbook_of_the_Swatow_Vernacular > A Dictionary of some of the more important words in the Swatow dialect.,229
Kèng-tõng,,Kèng-tõng,,,敬重,,"Esteem, a person",,,,001_Handbook_of_the_Swatow_Vernacular > A Dictionary of some of the more important words in the Swatow dialect.,229
thóiⁿ-tõng,,thóiⁿ-tõng,,,睇重,看重,"Esteem, a person",,,,001_Handbook_of_the_Swatow_Vernacular > A Dictionary of some of the more important words in the Swatow dialect.,229
Kóu,,Kóu,,,估,,"Estimate, price or value",,,,001_Handbook_of_the_Swatow_Vernacular > A Dictionary of some of the more important words in the Swatow dialect.,229
kóu-kè,,kóu-kè,,,估價,,"Estimate, price or value",,,,001_Handbook_of_the_Swatow_Vernacular > A Dictionary of some of the more important words in the Swatow dialect.,229
kóu-tát,,kóu-tát,,,估值,估値,"Estimate, price or value",,,,001_Handbook_of_the_Swatow_Vernacular > A Dictionary of some of the more important words in the Swatow dialect.,229
pān,,pān,,,辦,,"Estimate, price or value",,,,001_Handbook_of_the_Swatow_Vernacular > A Dictionary of some of the more important words in the Swatow dialect.,229
Buān-sì,,Buān-sì,,,萬世,,Everlasting,,,,001_Handbook_of_the_Swatow_Vernacular > A Dictionary of some of the more important words in the Swatow dialect.,229
Kháu-keng,,Kháu-keng,,,口供,,"Evidence, in court",,,,001_Handbook_of_the_Swatow_Vernacular > A Dictionary of some of the more important words in the Swatow dialect.,230
Ak,,Ak,,,惡,,Evil,,,,001_Handbook_of_the_Swatow_Vernacular > A Dictionary of some of the more important words in the Swatow dialect.,230
Chhê,,Chhê,,,查,,Examine,,,,001_Handbook_of_the_Swatow_Vernacular > A Dictionary of some of the more important words in the Swatow dialect.,230
sûn,,sûn,,,巡,,Examine,,,,001_Handbook_of_the_Swatow_Vernacular > A Dictionary of some of the more important words in the Swatow dialect.,230
thóiⁿ,,thóiⁿ,,,睇,看,Examine,,,,001_Handbook_of_the_Swatow_Vernacular > A Dictionary of some of the more important words in the Swatow dialect.,230
Kháu,,Kháu,,,考,,"Examine, literature",,,,001_Handbook_of_the_Swatow_Vernacular > A Dictionary of some of the more important words in the Swatow dialect.,230
kháu-mn̄g,,kháu-mn̄g,,,考問,,"Examine, literature",,,,001_Handbook_of_the_Swatow_Vernacular > A Dictionary of some of the more important words in the Swatow dialect.,230
Iēⁿ,,Iēⁿ,,,樣,,Example,,,,001_Handbook_of_the_Swatow_Vernacular > A Dictionary of some of the more important words in the Swatow dialect.,230
Sie-uāⁿ,,Sie-uāⁿ,,,相換,,Exchange,,,,001_Handbook_of_the_Swatow_Vernacular > A Dictionary of some of the more important words in the Swatow dialect.,230
uāⁿ,,uāⁿ,,,換,,Exchange,,,,001_Handbook_of_the_Swatow_Vernacular > A Dictionary of some of the more important words in the Swatow dialect.,230
Tṳ̂,,Tṳ̂,,,除,,Exclude,,,,001_Handbook_of_the_Swatow_Vernacular > A Dictionary of some of the more important words in the Swatow dialect.,230
màiⁿ-sǹg,,màiⁿ-sǹg,,,勿算,,Exclude,,,,001_Handbook_of_the_Swatow_Vernacular > A Dictionary of some of the more important words in the Swatow dialect.,230
Kiâⁿ-tsáu,,Kiâⁿ-tsáu,,,行走,,"Exercise, take",,,,001_Handbook_of_the_Swatow_Vernacular > A Dictionary of some of the more important words in the Swatow dialect.,230
uáh-tõng,,uáh-tõng,,,活動,,"Exercise, take",,,,001_Handbook_of_the_Swatow_Vernacular > A Dictionary of some of the more important words in the Swatow dialect.,230
Khat-khóu,,Khat-khóu,,,刻苦,,"Exert, oneself",,,,001_Handbook_of_the_Swatow_Vernacular > A Dictionary of some of the more important words in the Swatow dialect.,230
kṳ́n-sim,,kṳ́n-sim,,,謹心,,"Exert, oneself",,,,001_Handbook_of_the_Swatow_Vernacular > A Dictionary of some of the more important words in the Swatow dialect.,230
Tshut-lát,,Tshut-lát,,,出力,,"Exert, strength",,,,001_Handbook_of_the_Swatow_Vernacular > A Dictionary of some of the more important words in the Swatow dialect.,230
Pái,,Pái,,,擺,,"Exhibit, goods",,,,001_Handbook_of_the_Swatow_Vernacular > A Dictionary of some of the more important words in the Swatow dialect.,230
Tièⁿ,,Tièⁿ,,,脹,,Expand,,,,001_Handbook_of_the_Swatow_Vernacular > A Dictionary of some of the more important words in the Swatow dialect.,230
Mōⁿ,,Mōⁿ,,,望,,Expect,,,,001_Handbook_of_the_Swatow_Vernacular > A Dictionary of some of the more important words in the Swatow dialect.,230
Sái,,Sái,,,使,,Expend,,,,001_Handbook_of_the_Swatow_Vernacular > A Dictionary of some of the more important words in the Swatow dialect.,230
Só-hùi,,Só-hùi,,,所費,需費,Expenditure,,,,001_Handbook_of_the_Swatow_Vernacular > A Dictionary of some of the more important words in the Swatow dialect.,230
Kùi,,Kùi,,,貴,,Expensive,,,,001_Handbook_of_the_Swatow_Vernacular > A Dictionary of some of the more important words in the Swatow dialect.,230
tát-chîⁿ,,tát-chîⁿ,,,值錢,値錢,Expensive,,,,001_Handbook_of_the_Swatow_Vernacular > A Dictionary of some of the more important words in the Swatow dialect.,230
Só-hùi-tūa,,Só-hùi-tūa,,,所費大,需費大,"Expensive, living",,,,001_Handbook_of_the_Swatow_Vernacular > A Dictionary of some of the more important words in the Swatow dialect.,230
Sék,,Sék,,,熱,,Experience,,,,001_Handbook_of_the_Swatow_Vernacular > A Dictionary of some of the more important words in the Swatow dialect.,230
Tñg-khùi,,Tñg-khùi,,,斷氣,,Expire,,,,001_Handbook_of_the_Swatow_Vernacular > A Dictionary of some of the more important words in the Swatow dialect.,230
kùe--khṳ̀,,kùe--khṳ̀,,,過去,,Expire,,,,001_Handbook_of_the_Swatow_Vernacular > A Dictionary of some of the more important words in the Swatow dialect.,230
Kói-sueh,,Kói-sueh,,,解說,攺說,Explain,,,,001_Handbook_of_the_Swatow_Vernacular > A Dictionary of some of the more important words in the Swatow dialect.,230
Tóh-húe,,Tóh-húe,,,着火,發火,"Explode, as gun-powder",,,,001_Handbook_of_the_Swatow_Vernacular > A Dictionary of some of the more important words in the Swatow dialect.,231
Piàng-tiòu,,Piàng-tiòu,,,爆掉,爆丢,"Explode, burst",,,,001_Handbook_of_the_Swatow_Vernacular > A Dictionary of some of the more important words in the Swatow dialect.,231
Lék-sok,,Lék-sok,,,勒索,刻剝,Extort,,,,001_Handbook_of_the_Swatow_Vernacular > A Dictionary of some of the more important words in the Swatow dialect.,231
Khî-sít,,Khî-sít,,,其實,,"Fact, in",,,,001_Handbook_of_the_Swatow_Vernacular > A Dictionary of some of the more important words in the Swatow dialect.,231
Sià,,Sià,,,謝,,"Fade, as flower",,,,001_Handbook_of_the_Swatow_Vernacular > A Dictionary of some of the more important words in the Swatow dialect.,231
Thò-sek,,Thò-sek,,,褪色,退色,"Fade, as colour",,,,001_Handbook_of_the_Swatow_Vernacular > A Dictionary of some of the more important words in the Swatow dialect.,231
lóh-sek,,lóh-sek,,,落色,,"Fade, as colour",,,,001_Handbook_of_the_Swatow_Vernacular > A Dictionary of some of the more important words in the Swatow dialect.,231
M̄-tsai-nâng,,M̄-tsai-nâng,,,毋知人[訓],不知人[訓],Faint,,,,001_Handbook_of_the_Swatow_Vernacular > A Dictionary of some of the more important words in the Swatow dialect.,231
hîn,,hîn,,,眩,,Faint,,,,001_Handbook_of_the_Swatow_Vernacular > A Dictionary of some of the more important words in the Swatow dialect.,231
Ké,,Ké,,,假,,False,,,,001_Handbook_of_the_Swatow_Vernacular > A Dictionary of some of the more important words in the Swatow dialect.,231
Miâⁿ-siaⁿ,,Miâⁿ-siaⁿ,,,名聲,,Fame,,,,001_Handbook_of_the_Swatow_Vernacular > A Dictionary of some of the more important words in the Swatow dialect.,231
Sék,,Sék,,,熱,,Familiar,,,,001_Handbook_of_the_Swatow_Vernacular > A Dictionary of some of the more important words in the Swatow dialect.,231
Ke,,Ke,,,家,,Family,,,,001_Handbook_of_the_Swatow_Vernacular > A Dictionary of some of the more important words in the Swatow dialect.,231
ke-kuàn,,ke-kuàn,,,家眷,,Family,,,,001_Handbook_of_the_Swatow_Vernacular > A Dictionary of some of the more important words in the Swatow dialect.,231
Ki-hng,,Ki-hng,,,饑荒,,Famine,,,,001_Handbook_of_the_Swatow_Vernacular > A Dictionary of some of the more important words in the Swatow dialect.,231
Tshut-miâⁿ,,Tshut-miâⁿ,,,出名,,Famous,,,,001_Handbook_of_the_Swatow_Vernacular > A Dictionary of some of the more important words in the Swatow dialect.,231
Tsûn-tsou,,Tsûn-tsou,,,船租,,"Fare, boat",,,,001_Handbook_of_the_Swatow_Vernacular > A Dictionary of some of the more important words in the Swatow dialect.,231
Chhia-sùe,,Chhia-sùe,,,車稅,,"Fare, vehicle",,,,001_Handbook_of_the_Swatow_Vernacular > A Dictionary of some of the more important words in the Swatow dialect.,231
Tshân,,Tshân,,,田,,"Farm, a",,,,001_Handbook_of_the_Swatow_Vernacular > A Dictionary of some of the more important words in the Swatow dialect.,231
tshân-hn̂g,,tshân-hn̂g,,,田園,,"Farm, a",,,,001_Handbook_of_the_Swatow_Vernacular > A Dictionary of some of the more important words in the Swatow dialect.,231
Khuán,,Khuán,,,款,欸,Fashion,,,,001_Handbook_of_the_Swatow_Vernacular > A Dictionary of some of the more important words in the Swatow dialect.,231
iēⁿ,,iēⁿ,,,樣,,Fashion,,,,001_Handbook_of_the_Swatow_Vernacular > A Dictionary of some of the more important words in the Swatow dialect.,231
Méⁿ,,Méⁿ,,,猛,,Fast,,,,001_Handbook_of_the_Swatow_Vernacular > A Dictionary of some of the more important words in the Swatow dialect.,231
khûe,,khûe,,,快,,Fast,,,,001_Handbook_of_the_Swatow_Vernacular > A Dictionary of some of the more important words in the Swatow dialect.,231
Pák,,Pák,,,縛,,Fasten,,,,001_Handbook_of_the_Swatow_Vernacular > A Dictionary of some of the more important words in the Swatow dialect.,231
Lâ,,Lâ,,,朥,,"Fat, lard",,,,001_Handbook_of_the_Swatow_Vernacular > A Dictionary of some of the more important words in the Swatow dialect.,231
Tiéh-miāⁿ,,Tiéh-miāⁿ,,,着命,,Fatal,,,,001_Handbook_of_the_Swatow_Vernacular > A Dictionary of some of the more important words in the Swatow dialect.,232
Miāⁿ,,Miāⁿ,,,命,,Fate,,,,001_Handbook_of_the_Swatow_Vernacular > A Dictionary of some of the more important words in the Swatow dialect.,232
miāⁿ-ūn,,miāⁿ-ūn,,,命運,,Fate,,,,001_Handbook_of_the_Swatow_Vernacular > A Dictionary of some of the more important words in the Swatow dialect.,232
A-pẽ,,A-pẽ,,,阿父,亞父,Father,,,,001_Handbook_of_the_Swatow_Vernacular > A Dictionary of some of the more important words in the Swatow dialect.,232
a-tia,,a-tia,,,阿爹,亞爹,Father,,,,001_Handbook_of_the_Swatow_Vernacular > A Dictionary of some of the more important words in the Swatow dialect.,232
a-pa,,a-pa,,,阿爸,亞巴,Father,,,,001_Handbook_of_the_Swatow_Vernacular > A Dictionary of some of the more important words in the Swatow dialect.,232
Siâm,,Siâm,,,尋,,Fathom,,,,001_Handbook_of_the_Swatow_Vernacular > A Dictionary of some of the more important words in the Swatow dialect.,232
M̄-tiéh,,M̄-tiéh,,,毋着,不着,Fault,,,,001_Handbook_of_the_Swatow_Vernacular > A Dictionary of some of the more important words in the Swatow dialect.,232
tshò,,tshò,,,錯,,Fault,,,,001_Handbook_of_the_Swatow_Vernacular > A Dictionary of some of the more important words in the Swatow dialect.,232
Nâng-chhêng,,Nâng-chhêng,,,人[訓]情,人[訓]⿰忄靑,Favour,,,,001_Handbook_of_the_Swatow_Vernacular > A Dictionary of some of the more important words in the Swatow dialect.,232
kong-ṳn,,kong-ṳn,,,功恩,,Favour,,,,001_Handbook_of_the_Swatow_Vernacular > A Dictionary of some of the more important words in the Swatow dialect.,232
Tsò-toh,,Tsò-toh,,,做桌,做席,"Feast, to prepare",,,,001_Handbook_of_the_Swatow_Vernacular > A Dictionary of some of the more important words in the Swatow dialect.,232
Chiáh-toh,,Chiáh-toh,,,食桌,食棹,"Feast, to eat",,,,001_Handbook_of_the_Swatow_Vernacular > A Dictionary of some of the more important words in the Swatow dialect.,232
Môⁿ,,Môⁿ,,,毛,,Feather,,,,001_Handbook_of_the_Swatow_Vernacular > A Dictionary of some of the more important words in the Swatow dialect.,232
Sok-kim,,Sok-kim,,,束金,,"Fee, teacher's",,,,001_Handbook_of_the_Swatow_Vernacular > A Dictionary of some of the more important words in the Swatow dialect.,232
tsṳ-kim,,tsṳ-kim,,,書金,,"Fee, teacher's",,,,001_Handbook_of_the_Swatow_Vernacular > A Dictionary of some of the more important words in the Swatow dialect.,232
Chhī,,Chhī,,,飼,養,Feed,,,,001_Handbook_of_the_Swatow_Vernacular > A Dictionary of some of the more important words in the Swatow dialect.,232
Chhì,,Chhì,,,莿,,Feel,,,,001_Handbook_of_the_Swatow_Vernacular > A Dictionary of some of the more important words in the Swatow dialect.,232
Mông,,Mông,,,摸,,"Feel, by touch",,,,001_Handbook_of_the_Swatow_Vernacular > A Dictionary of some of the more important words in the Swatow dialect.,232
Chiⁿ,,Chiⁿ,,,氈,,Felt,,,,001_Handbook_of_the_Swatow_Vernacular > A Dictionary of some of the more important words in the Swatow dialect.,232
Tsṳ-nîeⁿ,,Tsṳ-nîeⁿ,,,諸娘,姿娘,"Female, of human beings",,,,001_Handbook_of_the_Swatow_Vernacular > A Dictionary of some of the more important words in the Swatow dialect.,232
tsa-bóu,,tsa-bóu,,,諸婦,姐畝,"Female, of human beings",,,,001_Handbook_of_the_Swatow_Vernacular > A Dictionary of some of the more important words in the Swatow dialect.,232
Bó,,Bó,,,母,,"Female, of animals",,,,001_Handbook_of_the_Swatow_Vernacular > A Dictionary of some of the more important words in the Swatow dialect.,232
Lî,,Lî,,,籬,,Fence,,,,001_Handbook_of_the_Swatow_Vernacular > A Dictionary of some of the more important words in the Swatow dialect.,232
hn̂g-lî,,hn̂g-lî,,,園籬,,Fence,,,,001_Handbook_of_the_Swatow_Vernacular > A Dictionary of some of the more important words in the Swatow dialect.,232
Iá,,Iá,,,野,强,Ferocious,,,,001_Handbook_of_the_Swatow_Vernacular > A Dictionary of some of the more important words in the Swatow dialect.,232
Tsoih,,Tsoih,,,節,,Festival,,,,001_Handbook_of_the_Swatow_Vernacular > A Dictionary of some of the more important words in the Swatow dialect.,232
Hîⁿ,,Hîⁿ,,,弦,,Fiddle,,,,001_Handbook_of_the_Swatow_Vernacular > A Dictionary of some of the more important words in the Swatow dialect.,232
Jiét,,Jiét,,,熱,,"Fierce, of fire",,,,001_Handbook_of_the_Swatow_Vernacular > A Dictionary of some of the more important words in the Swatow dialect.,233
Kiâⁿ-hàu,,Kiâⁿ-hàu,,,行孝,,Filial,,,,001_Handbook_of_the_Swatow_Vernacular > A Dictionary of some of the more important words in the Swatow dialect.,233
ũ-hàu,,ũ-hàu,,,有孝,,Filial,,,,001_Handbook_of_the_Swatow_Vernacular > A Dictionary of some of the more important words in the Swatow dialect.,233
Tshō,,Tshō,,,裝,,"Fill, as water",,,,001_Handbook_of_the_Swatow_Vernacular > A Dictionary of some of the more important words in the Swatow dialect.,233
Nah-sap,,Nah-sap,,,垃圾,污穢,Filthy,,,,001_Handbook_of_the_Swatow_Vernacular > A Dictionary of some of the more important words in the Swatow dialect.,233
chhi-gî,,chhi-gî,,,,,Filthy,,,,001_Handbook_of_the_Swatow_Vernacular > A Dictionary of some of the more important words in the Swatow dialect.,233
o-tso,,o-tso,,,污糟,,Filthy,,,,001_Handbook_of_the_Swatow_Vernacular > A Dictionary of some of the more important words in the Swatow dialect.,233
Hṳ̂-sít,,Hṳ̂-sít,,,魚翼,魚翅,Fins,,,,001_Handbook_of_the_Swatow_Vernacular > A Dictionary of some of the more important words in the Swatow dialect.,233
Ún,,Ún,,,穩,堅固,Firm,,,,001_Handbook_of_the_Swatow_Vernacular > A Dictionary of some of the more important words in the Swatow dialect.,233
Hâng,,Hâng,,,行,,"Firm, a",,,,001_Handbook_of_the_Swatow_Vernacular > A Dictionary of some of the more important words in the Swatow dialect.,233
Khûn-thâu,,Khûn-thâu,,,拳頭,,Fist,,,,001_Handbook_of_the_Swatow_Vernacular > A Dictionary of some of the more important words in the Swatow dialect.,233
Tiāⁿ,,Tiāⁿ,,,定,,"Fix, as date",,,,001_Handbook_of_the_Swatow_Vernacular > A Dictionary of some of the more important words in the Swatow dialect.,233
Húe-iām,,Húe-iām,,,火焰,火炎,Flame,,,,001_Handbook_of_the_Swatow_Vernacular > A Dictionary of some of the more important words in the Swatow dialect.,233
húe-chíh,,húe-chíh,,,火舌,,Flame,,,,001_Handbook_of_the_Swatow_Vernacular > A Dictionary of some of the more important words in the Swatow dialect.,233
Ka-tsáu,,Ka-tsáu,,,虼蚤,膠走,Flea,,,,001_Handbook_of_the_Swatow_Vernacular > A Dictionary of some of the more important words in the Swatow dialect.,233
Sõ,,Sõ,,,,,Fling,,,,001_Handbook_of_the_Swatow_Vernacular > A Dictionary of some of the more important words in the Swatow dialect.,233
Khûn,,Khûn,,,群,羣,Flock,,,,001_Handbook_of_the_Swatow_Vernacular > A Dictionary of some of the more important words in the Swatow dialect.,233
Tūa-tsúi,,Tūa-tsúi,,,大水,,Flood,,,,001_Handbook_of_the_Swatow_Vernacular > A Dictionary of some of the more important words in the Swatow dialect.,233
hái-huang-tiê,,hái-huang-tiê,,,海風潮,,Flood,,,,001_Handbook_of_the_Swatow_Vernacular > A Dictionary of some of the more important words in the Swatow dialect.,233
Lâu,,Lâu,,,流,,Flow,,,,001_Handbook_of_the_Swatow_Vernacular > A Dictionary of some of the more important words in the Swatow dialect.,233
Phuéh,,Phuéh,,,沬,,Foam,,,,001_Handbook_of_the_Swatow_Vernacular > A Dictionary of some of the more important words in the Swatow dialect.,233
Jih,,Jih,,,,,"Fold, clothes",,,,001_Handbook_of_the_Swatow_Vernacular > A Dictionary of some of the more important words in the Swatow dialect.,233
chih,,chih,,,摺,,"Fold, clothes",,,,001_Handbook_of_the_Swatow_Vernacular > A Dictionary of some of the more important words in the Swatow dialect.,233
Tùe,,Tùe,,,綴,隨,Follow,,,,001_Handbook_of_the_Swatow_Vernacular > A Dictionary of some of the more important words in the Swatow dialect.,233
Hàuⁿ,,Hàuⁿ,,,好,,Fond,,,,001_Handbook_of_the_Swatow_Vernacular > A Dictionary of some of the more important words in the Swatow dialect.,233
Kìm,,Kìm,,,禁,,Forbid,,,,001_Handbook_of_the_Swatow_Vernacular > A Dictionary of some of the more important words in the Swatow dialect.,233
Lát,,Lát,,,力,,Force,,,,001_Handbook_of_the_Swatow_Vernacular > A Dictionary of some of the more important words in the Swatow dialect.,234
khì-lát,,khì-lát,,,氣力,,Force,,,,001_Handbook_of_the_Swatow_Vernacular > A Dictionary of some of the more important words in the Swatow dialect.,234
Mién-kiáng,,Mién-kiáng,,,勉強,勉强,"Force, to a person",,,,001_Handbook_of_the_Swatow_Vernacular > A Dictionary of some of the more important words in the Swatow dialect.,234
ngẽ-liáh,,ngẽ-liáh,,,硬掠,,"Force, to a person",,,,001_Handbook_of_the_Swatow_Vernacular > A Dictionary of some of the more important words in the Swatow dialect.,234
Huan,,Huan,,,番,畨,Foreign,,,,001_Handbook_of_the_Swatow_Vernacular > A Dictionary of some of the more important words in the Swatow dialect.,234
Huan-pôiⁿ,,Huan-pôiⁿ,,,番爿,畨邦,"Foreign, country",,,,001_Handbook_of_the_Swatow_Vernacular > A Dictionary of some of the more important words in the Swatow dialect.,234
Gūa-kok-nâng,,Gūa-kok-nâng,,,外國人[訓],,Foreigner,,,,001_Handbook_of_the_Swatow_Vernacular > A Dictionary of some of the more important words in the Swatow dialect.,234
huan-nâng,,huan-nâng,,,番人[訓],畨人[訓],Foreigner,,,,001_Handbook_of_the_Swatow_Vernacular > A Dictionary of some of the more important words in the Swatow dialect.,234
Suaⁿ,,Suaⁿ,,,山,,Forest,,,,001_Handbook_of_the_Swatow_Vernacular > A Dictionary of some of the more important words in the Swatow dialect.,234
suaⁿ-lãi,,suaⁿ-lãi,,,山內,,Forest,,,,001_Handbook_of_the_Swatow_Vernacular > A Dictionary of some of the more important words in the Swatow dialect.,234
M̄-kì-tit,,M̄-kì-tit,,,毋記得,不見得,Forget,,,,001_Handbook_of_the_Swatow_Vernacular > A Dictionary of some of the more important words in the Swatow dialect.,234
m̄-it-tit,,m̄-it-tit,,,毋憶得,不憶得,Forget,,,,001_Handbook_of_the_Swatow_Vernacular > A Dictionary of some of the more important words in the Swatow dialect.,234
Sià-tsũe,,Sià-tsũe,,,赦罪,宥罪,Forgive,,,,001_Handbook_of_the_Swatow_Vernacular > A Dictionary of some of the more important words in the Swatow dialect.,234
khuan,,khuan,,,寛,欸,Forgive,,,,001_Handbook_of_the_Swatow_Vernacular > A Dictionary of some of the more important words in the Swatow dialect.,234
Iēⁿ,,Iēⁿ,,,樣,,Form,,,,001_Handbook_of_the_Swatow_Vernacular > A Dictionary of some of the more important words in the Swatow dialect.,234
pān-thâu,,pān-thâu,,,辦頭,,Form,,,,001_Handbook_of_the_Swatow_Vernacular > A Dictionary of some of the more important words in the Swatow dialect.,234
khuán,,khuán,,,款,欸,Form,,,,001_Handbook_of_the_Swatow_Vernacular > A Dictionary of some of the more important words in the Swatow dialect.,234
Tsá tiang-sî,,Tsá tiang-sî,,,早底當時,早時,Formerly,,,,001_Handbook_of_the_Swatow_Vernacular > A Dictionary of some of the more important words in the Swatow dialect.,234
hṳ́-tiang-sî,,hṳ́-tiang-sî,,,彼底當時,,Formerly,,,,001_Handbook_of_the_Swatow_Vernacular > A Dictionary of some of the more important words in the Swatow dialect.,234
Tsãu-hùe,,Tsãu-hùe,,,造化,,Fortunate,,,,001_Handbook_of_the_Swatow_Vernacular > A Dictionary of some of the more important words in the Swatow dialect.,234
tshâi-khì,,tshâi-khì,,,財氣,,Fortunate,,,,001_Handbook_of_the_Swatow_Vernacular > A Dictionary of some of the more important words in the Swatow dialect.,234
Miāⁿ,,Miāⁿ,,,命,,Fortune,,,,001_Handbook_of_the_Swatow_Vernacular > A Dictionary of some of the more important words in the Swatow dialect.,234
ūn,,ūn,,,運,,Fortune,,,,001_Handbook_of_the_Swatow_Vernacular > A Dictionary of some of the more important words in the Swatow dialect.,234
tshâi-khì,,tshâi-khì,,,財氣,,Fortune,,,,001_Handbook_of_the_Swatow_Vernacular > A Dictionary of some of the more important words in the Swatow dialect.,234
Tī-kha,,Tī-kha,,,地骹,地脚,Foundation,,,,001_Handbook_of_the_Swatow_Vernacular > A Dictionary of some of the more important words in the Swatow dialect.,234
Tsûaⁿ,,Tsûaⁿ,,,泉,,Fountain,,,,001_Handbook_of_the_Swatow_Vernacular > A Dictionary of some of the more important words in the Swatow dialect.,234
tsúi-tsûaⁿ,,tsúi-tsûaⁿ,,,水泉,,Fountain,,,,001_Handbook_of_the_Swatow_Vernacular > A Dictionary of some of the more important words in the Swatow dialect.,234
Tsûn-tsou,,Tsûn-tsou,,,船租,,Freight,,,,001_Handbook_of_the_Swatow_Vernacular > A Dictionary of some of the more important words in the Swatow dialect.,234
Chhiⁿ,,Chhiⁿ,,,鮮,,Fresh,,,,001_Handbook_of_the_Swatow_Vernacular > A Dictionary of some of the more important words in the Swatow dialect.,234
Chiáⁿ,,Chiáⁿ,,,䭕,淡,"Fresh, as water",,,,001_Handbook_of_the_Swatow_Vernacular > A Dictionary of some of the more important words in the Swatow dialect.,234
Phêng-iú,,Phêng-iú,,,朋友,,Friend,,,,001_Handbook_of_the_Swatow_Vernacular > A Dictionary of some of the more important words in the Swatow dialect.,234
Muéh-nâng-kiaⁿ,,Muéh-nâng-kiaⁿ,,,物人[訓]驚,,"Frighten, people",,,,001_Handbook_of_the_Swatow_Vernacular > A Dictionary of some of the more important words in the Swatow dialect.,234
phièn-nâng-kiaⁿ,,phièn-nâng-kiaⁿ,,,騙人[訓]驚,,"Frighten, people",,,,001_Handbook_of_the_Swatow_Vernacular > A Dictionary of some of the more important words in the Swatow dialect.,234
Muéh-hiâⁿ,,Muéh-hiâⁿ,,,物燃,,Fuel,,,,001_Handbook_of_the_Swatow_Vernacular > A Dictionary of some of the more important words in the Swatow dialect.,235
Tĩⁿ,,Tĩⁿ,,,漲,滿,Full,,,,001_Handbook_of_the_Swatow_Vernacular > A Dictionary of some of the more important words in the Swatow dialect.,235
Sńg,,Sńg,,,耍,,"Fun, to make",,,,001_Handbook_of_the_Swatow_Vernacular > A Dictionary of some of the more important words in the Swatow dialect.,235
Tshù-bī,,Tshù-bī,,,趣味,,Funny,,,,001_Handbook_of_the_Swatow_Vernacular > A Dictionary of some of the more important words in the Swatow dialect.,235
Pńg,,Pńg,,,本,,Funds,,,,001_Handbook_of_the_Swatow_Vernacular > A Dictionary of some of the more important words in the Swatow dialect.,235
Sàng-sng,,Sàng-sng,,,送喪,,"Funeral, attend a",,,,001_Handbook_of_the_Swatow_Vernacular > A Dictionary of some of the more important words in the Swatow dialect.,235
Chiang-lâi,,Chiang-lâi,,,將來,,Future,,,,001_Handbook_of_the_Swatow_Vernacular > A Dictionary of some of the more important words in the Swatow dialect.,235
ẽ-jít,,ẽ-jít,,,下日,,Future,,,,001_Handbook_of_the_Swatow_Vernacular > A Dictionary of some of the more important words in the Swatow dialect.,235
Tshông-kim íⁿ-aũ,,Tshông-kim íⁿ-aũ,,,從今以後,,"Future, in, henceforth",,,,001_Handbook_of_the_Swatow_Vernacular > A Dictionary of some of the more important words in the Swatow dialect.,235
Tūa-huang,,Tūa-huang,,,大風,,Gale,,,,001_Handbook_of_the_Swatow_Vernacular > A Dictionary of some of the more important words in the Swatow dialect.,235
Puáh-chîⁿ,,Puáh-chîⁿ,,,跋錢,賭錢,Gambling,,,,001_Handbook_of_the_Swatow_Vernacular > A Dictionary of some of the more important words in the Swatow dialect.,235
puáh-kióu,,puáh-kióu,,,跋筊,賭博,Gambling,,,,001_Handbook_of_the_Swatow_Vernacular > A Dictionary of some of the more important words in the Swatow dialect.,235
Tūa-mn̂g,,Tūa-mn̂g,,,大門,,Gate,,,,001_Handbook_of_the_Swatow_Vernacular > A Dictionary of some of the more important words in the Swatow dialect.,235
Siâⁿ-mn̂g,,Siâⁿ-mn̂g,,,城門,,"Gate, city",,,,001_Handbook_of_the_Swatow_Vernacular > A Dictionary of some of the more important words in the Swatow dialect.,235
Tō,,Tō,,,代,,Generation,,,,001_Handbook_of_the_Swatow_Vernacular > A Dictionary of some of the more important words in the Swatow dialect.,235
Chiàⁿ,,Chiàⁿ,,,正,,Genuine,,,,001_Handbook_of_the_Swatow_Vernacular > A Dictionary of some of the more important words in the Swatow dialect.,235
Tī-lí,,Tī-lí,,,地理,,Geography,,,,001_Handbook_of_the_Swatow_Vernacular > A Dictionary of some of the more important words in the Swatow dialect.,235
Thóiⁿ-huang-tsúi sin-seⁿ,,Thóiⁿ-huang-tsúi sin-seⁿ,,,睇風水先生,看風水先生,Geomancer,,,,001_Handbook_of_the_Swatow_Vernacular > A Dictionary of some of the more important words in the Swatow dialect.,235
Liū-kim,,Liū-kim,,,鍍金,,Gild,,,,001_Handbook_of_the_Swatow_Vernacular > A Dictionary of some of the more important words in the Swatow dialect.,235
tah-kim,,tah-kim,,,搭金,,Gild,,,,001_Handbook_of_the_Swatow_Vernacular > A Dictionary of some of the more important words in the Swatow dialect.,235
Hṳ̂-chhi,,Hṳ̂-chhi,,,魚腮,,"Gills, of fish",,,,001_Handbook_of_the_Swatow_Vernacular > A Dictionary of some of the more important words in the Swatow dialect.,235
Tsṳ-niêⁿ-kiáⁿ,,Tsṳ-niêⁿ-kiáⁿ,,,諸娘囝,姿娘仔,Girl,,,,001_Handbook_of_the_Swatow_Vernacular > A Dictionary of some of the more important words in the Swatow dialect.,235
Huaⁿ-hí,,Huaⁿ-hí,,,歡喜,,Glad,,,,001_Handbook_of_the_Swatow_Vernacular > A Dictionary of some of the more important words in the Swatow dialect.,235
Ka,,Ka,,,膠,,Glue,,,,001_Handbook_of_the_Swatow_Vernacular > A Dictionary of some of the more important words in the Swatow dialect.,236
Siãng-tì,,Siãng-tì,,,上帝,,"God, Christian",,,,001_Handbook_of_the_Swatow_Vernacular > A Dictionary of some of the more important words in the Swatow dialect.,236
Lãu-iâ,,Lãu-iâ,,,老爺,,"God, heathen",,,,001_Handbook_of_the_Swatow_Vernacular > A Dictionary of some of the more important words in the Swatow dialect.,236
sîn-mêng,,sîn-mêng,,,神明,,"God, heathen",,,,001_Handbook_of_the_Swatow_Vernacular > A Dictionary of some of the more important words in the Swatow dialect.,236
Lô,,Lô,,,鑼,,Gong,,,,001_Handbook_of_the_Swatow_Vernacular > A Dictionary of some of the more important words in the Swatow dialect.,236
Khong,,Khong,,,,,"Gong, with a boss",,,,001_Handbook_of_the_Swatow_Vernacular > A Dictionary of some of the more important words in the Swatow dialect.,236
khim,,khim,,,欽,,"Gong, with a boss",,,,001_Handbook_of_the_Swatow_Vernacular > A Dictionary of some of the more important words in the Swatow dialect.,236
Kuán,,Kuán,,,管,,Govern,,,,001_Handbook_of_the_Swatow_Vernacular > A Dictionary of some of the more important words in the Swatow dialect.,236
kuán-lí,,kuán-lí,,,管理,,Govern,,,,001_Handbook_of_the_Swatow_Vernacular > A Dictionary of some of the more important words in the Swatow dialect.,236
Chhiôu-thêng,,Chhiôu-thêng,,,朝廷,,Government,,,,001_Handbook_of_the_Swatow_Vernacular > A Dictionary of some of the more important words in the Swatow dialect.,236
Khuaⁿ-khuaⁿ,,Khuaⁿ-khuaⁿ,,,寬寬,,Gradually,,,,001_Handbook_of_the_Swatow_Vernacular > A Dictionary of some of the more important words in the Swatow dialect.,236
chiãm-chiãm,,chiãm-chiãm,,,漸漸,,Gradually,,,,001_Handbook_of_the_Swatow_Vernacular > A Dictionary of some of the more important words in the Swatow dialect.,236
Ngõu-kak,,Ngõu-kak,,,五穀,五谷,Grain,,,,001_Handbook_of_the_Swatow_Vernacular > A Dictionary of some of the more important words in the Swatow dialect.,236
Thuah,,Thuah,,,磨,,"Grate, to",,,,001_Handbook_of_the_Swatow_Vernacular > A Dictionary of some of the more important words in the Swatow dialect.,236
Kám-ṳn,,Kám-ṳn,,,感恩,,Grateful,,,,001_Handbook_of_the_Swatow_Vernacular > A Dictionary of some of the more important words in the Swatow dialect.,236
tsai-nâng-chhêng,,tsai-nâng-chhêng,,,知人[訓]情,知人[訓]⿰忄靑,Grateful,,,,001_Handbook_of_the_Swatow_Vernacular > A Dictionary of some of the more important words in the Swatow dialect.,236
Phûn,,Phûn,,,墳,墓,Grave,,,,001_Handbook_of_the_Swatow_Vernacular > A Dictionary of some of the more important words in the Swatow dialect.,236
huang-tsúi,,huang-tsúi,,,風水,,Grave,,,,001_Handbook_of_the_Swatow_Vernacular > A Dictionary of some of the more important words in the Swatow dialect.,236
Tshang-péh,,Tshang-péh,,,蒼白,,"Gray, as hair",,,,001_Handbook_of_the_Swatow_Vernacular > A Dictionary of some of the more important words in the Swatow dialect.,236
Khòi-tsháu,,Khòi-tsháu,,,喫草,,"Graze, as cattle",,,,001_Handbook_of_the_Swatow_Vernacular > A Dictionary of some of the more important words in the Swatow dialect.,236
chiáh-tsháu,,chiáh-tsháu,,,食草,,"Graze, as cattle",,,,001_Handbook_of_the_Swatow_Vernacular > A Dictionary of some of the more important words in the Swatow dialect.,236
Tham-sim,,Tham-sim,,,貪心,,Greedy,,,,001_Handbook_of_the_Swatow_Vernacular > A Dictionary of some of the more important words in the Swatow dialect.,236
tham-chiáh,,tham-chiáh,,,貪食,,Greedy,,,,001_Handbook_of_the_Swatow_Vernacular > A Dictionary of some of the more important words in the Swatow dialect.,236
Chheⁿ,,Chheⁿ,,,青,靑,Green,,,,001_Handbook_of_the_Swatow_Vernacular > A Dictionary of some of the more important words in the Swatow dialect.,236
lék,,lék,,,綠,,Green,,,,001_Handbook_of_the_Swatow_Vernacular > A Dictionary of some of the more important words in the Swatow dialect.,236
Sie-chieh-mn̄g,,Sie-chieh-mn̄g,,,相借問,,Greet,,,,001_Handbook_of_the_Swatow_Vernacular > A Dictionary of some of the more important words in the Swatow dialect.,236
Huân-ló,,Huân-ló,,,煩惱,,Grief,,,,001_Handbook_of_the_Swatow_Vernacular > A Dictionary of some of the more important words in the Swatow dialect.,236
Oi,,Oi,,,挨,,"Grind, as flour",,,,001_Handbook_of_the_Swatow_Vernacular > A Dictionary of some of the more important words in the Swatow dialect.,236
Tshan,,Tshan,,,謒,潺,Groan,,,,001_Handbook_of_the_Swatow_Vernacular > A Dictionary of some of the more important words in the Swatow dialect.,236
hng-tshan,,hng-tshan,,,哼謒,,Groan,,,,001_Handbook_of_the_Swatow_Vernacular > A Dictionary of some of the more important words in the Swatow dialect.,236
Huat,,Huat,,,發,,"Grow, as trees",,,,001_Handbook_of_the_Swatow_Vernacular > A Dictionary of some of the more important words in the Swatow dialect.,237
Seⁿ,,Seⁿ,,,生,,"Grow, as produce",,,,001_Handbook_of_the_Swatow_Vernacular > A Dictionary of some of the more important words in the Swatow dialect.,237
Tòu-chhiû,,Tòu-chhiû,,,妒仇,閗仇,Grudge,,,,001_Handbook_of_the_Swatow_Vernacular > A Dictionary of some of the more important words in the Swatow dialect.,237
tòu-hṳ̃u,,tòu-hṳ̃u,,,妒恨,閗恨,Grudge,,,,001_Handbook_of_the_Swatow_Vernacular > A Dictionary of some of the more important words in the Swatow dialect.,237
khieh-hṳ̃n,,khieh-hṳ̃n,,,挈恨,,Grudge,,,,001_Handbook_of_the_Swatow_Vernacular > A Dictionary of some of the more important words in the Swatow dialect.,237
Liām-lōu,,Liām-lōu,,,念路,,Grumble,,,,001_Handbook_of_the_Swatow_Vernacular > A Dictionary of some of the more important words in the Swatow dialect.,237
Pau-niáⁿ,,Pau-niáⁿ,,,包領,保領,Guarantee,,,,001_Handbook_of_the_Swatow_Vernacular > A Dictionary of some of the more important words in the Swatow dialect.,237
Ieh,,Ieh,,,約,,Guess,,,,001_Handbook_of_the_Swatow_Vernacular > A Dictionary of some of the more important words in the Swatow dialect.,237
Nâng-kheh,,Nâng-kheh,,,人[訓]客,,Guest,,,,001_Handbook_of_the_Swatow_Vernacular > A Dictionary of some of the more important words in the Swatow dialect.,237
Pî-pê,,Pî-pê,,,琵琶,,Guitar,,,,001_Handbook_of_the_Swatow_Vernacular > A Dictionary of some of the more important words in the Swatow dialect.,237
Khí-ngṳ̂n,,Khí-ngṳ̂n,,,齒齦,齒銀,"Gums, of teeth",,,,001_Handbook_of_the_Swatow_Vernacular > A Dictionary of some of the more important words in the Swatow dialect.,237
Chhèng,,Chhèng,,,銃,,Gun,,,,001_Handbook_of_the_Swatow_Vernacular > A Dictionary of some of the more important words in the Swatow dialect.,237
Húe-iéh,,Húe-iéh,,,火藥,,Gun-powder,,,,001_Handbook_of_the_Swatow_Vernacular > A Dictionary of some of the more important words in the Swatow dialect.,237
chhèng-iéh,,chhèng-iéh,,,銃藥,,Gun-powder,,,,001_Handbook_of_the_Swatow_Vernacular > A Dictionary of some of the more important words in the Swatow dialect.,237
Lāu-bó-tsô,,Lāu-bó-tsô,,,霤母槽,水槽,"Gutter, on roof",,,,001_Handbook_of_the_Swatow_Vernacular > A Dictionary of some of the more important words in the Swatow dialect.,237
Khuán,,Khuán,,,款,欸,Habit,,,,001_Handbook_of_the_Swatow_Vernacular > A Dictionary of some of the more important words in the Swatow dialect.,237
Kùiⁿ-sìⁿ,,Kùiⁿ-sìⁿ,,,慣勢,慣,Habituated,,,,001_Handbook_of_the_Swatow_Vernacular > A Dictionary of some of the more important words in the Swatow dialect.,237
Pùaⁿ,,Pùaⁿ,,,半,,Half,,,,001_Handbook_of_the_Swatow_Vernacular > A Dictionary of some of the more important words in the Swatow dialect.,237
chék-pùaⁿ,,chék-pùaⁿ,,,一半,壹半,Half,,,,001_Handbook_of_the_Swatow_Vernacular > A Dictionary of some of the more important words in the Swatow dialect.,237
chék-uê,,chék-uê,,,,,Half,,,,001_Handbook_of_the_Swatow_Vernacular > A Dictionary of some of the more important words in the Swatow dialect.,237
chék-pôiⁿ,,chék-pôiⁿ,,,一爿,壹畔,Half,,,,001_Handbook_of_the_Swatow_Vernacular > A Dictionary of some of the more important words in the Swatow dialect.,237
chék-kuéh,,chék-kuéh,,,一橛,壹𰉗,Half,,,,001_Handbook_of_the_Swatow_Vernacular > A Dictionary of some of the more important words in the Swatow dialect.,237
Thih-thûi,,Thih-thûi,,,鐵槌,鐵錘,Hammer,,,,001_Handbook_of_the_Swatow_Vernacular > A Dictionary of some of the more important words in the Swatow dialect.,237
tshâ-thûi,,tshâ-thûi,,,柴槌,,Hammer,,,,001_Handbook_of_the_Swatow_Vernacular > A Dictionary of some of the more important words in the Swatow dialect.,237
Chhiú,,Chhiú,,,手,,Hand,,,,001_Handbook_of_the_Swatow_Vernacular > A Dictionary of some of the more important words in the Swatow dialect.,237
Chiàⁿ-chhiú,,Chiàⁿ-chhiú,,,正手,,"Hand, right",,,,001_Handbook_of_the_Swatow_Vernacular > A Dictionary of some of the more important words in the Swatow dialect.,237
Tò-chhiú,,Tò-chhiú,,,倒手,右手,"Hand, left",,,,001_Handbook_of_the_Swatow_Vernacular > A Dictionary of some of the more important words in the Swatow dialect.,237
Pēⁿ,,Pēⁿ,,,柄,,Handle,,,,001_Handbook_of_the_Swatow_Vernacular > A Dictionary of some of the more important words in the Swatow dialect.,238
Tiòu,,Tiòu,,,吊,,Hang,,,,001_Handbook_of_the_Swatow_Vernacular > A Dictionary of some of the more important words in the Swatow dialect.,238
Tiòu-ãm,,Tiòu-ãm,,,吊頷,吊頸,"Hang, oneself",,,,001_Handbook_of_the_Swatow_Vernacular > A Dictionary of some of the more important words in the Swatow dialect.,238
Huaⁿ-hí,,Huaⁿ-hí,,,歡喜,,Happy,,,,001_Handbook_of_the_Swatow_Vernacular > A Dictionary of some of the more important words in the Swatow dialect.,238
Tōiⁿ,,Tōiⁿ,,,𠕆,,Hard,,,,001_Handbook_of_the_Swatow_Vernacular > A Dictionary of some of the more important words in the Swatow dialect.,238
ngẽ,,ngẽ,,,硬,,Hard,,,,001_Handbook_of_the_Swatow_Vernacular > A Dictionary of some of the more important words in the Swatow dialect.,238
Thòu,,Thòu,,,兔,,Hare,,,,001_Handbook_of_the_Swatow_Vernacular > A Dictionary of some of the more important words in the Swatow dialect.,238
Thih-pê,,Thih-pê,,,鐵鈀,,Harrow,,,,001_Handbook_of_the_Swatow_Vernacular > A Dictionary of some of the more important words in the Swatow dialect.,238
Pū-koi-kiáⁿ,,Pū-koi-kiáⁿ,,,孵雞囝,鷄伏卯,"Hatch, eggs",,,,001_Handbook_of_the_Swatow_Vernacular > A Dictionary of some of the more important words in the Swatow dialect.,238
Lóu,,Lóu,,,惱,恨,Hate,,,,001_Handbook_of_the_Swatow_Vernacular > A Dictionary of some of the more important words in the Swatow dialect.,238
Iê-kóu,,Iê-kóu,,,搖鼓,,"Hawkers, of needle and thread &c.",,,,001_Handbook_of_the_Swatow_Vernacular > A Dictionary of some of the more important words in the Swatow dialect.,238
Thâu,,Thâu,,,頭,,Head,,,,001_Handbook_of_the_Swatow_Vernacular > A Dictionary of some of the more important words in the Swatow dialect.,238
thâu-khak,,thâu-khak,,,頭殼,頭壳,Head,,,,001_Handbook_of_the_Swatow_Vernacular > A Dictionary of some of the more important words in the Swatow dialect.,238
Chék-tun,,Chék-tu,,,一堆,壹堆,"Heap, a",,,,001_Handbook_of_the_Swatow_Vernacular > A Dictionary of some of the more important words in the Swatow dialect.,238
tun,,tu,,,堆,,"Heap, to",,,,001_Handbook_of_the_Swatow_Vernacular > A Dictionary of some of the more important words in the Swatow dialect.,238
Thiaⁿ,,Thiaⁿ,,,聽,,Hear,,,,001_Handbook_of_the_Swatow_Vernacular > A Dictionary of some of the more important words in the Swatow dialect.,238
thiaⁿ-kìⁿ,,thiaⁿ-kìⁿ,,,聽見,,Hear,,,,001_Handbook_of_the_Swatow_Vernacular > A Dictionary of some of the more important words in the Swatow dialect.,238
Sim,,Sim,,,心,,Heart,,,,001_Handbook_of_the_Swatow_Vernacular > A Dictionary of some of the more important words in the Swatow dialect.,238
sim-kuaⁿ,,sim-kuaⁿ,,,心肝,,Heart,,,,001_Handbook_of_the_Swatow_Vernacular > A Dictionary of some of the more important words in the Swatow dialect.,238
Kha-aũ-teⁿ,,Kha-aũ-teⁿ,,,骹後蹬,脚睜,Heel,,,,001_Handbook_of_the_Swatow_Vernacular > A Dictionary of some of the more important words in the Swatow dialect.,238
Aũ-ĩ,,Aũ-ĩ,,,後裔,,Heir,,,,001_Handbook_of_the_Swatow_Vernacular > A Dictionary of some of the more important words in the Swatow dialect.,238
Sie-hũ,,Sie-hũ,,,相輔,相扶,Help,,,,001_Handbook_of_the_Swatow_Vernacular > A Dictionary of some of the more important words in the Swatow dialect.,238
siang-pang,,siang-pang,,,相幫,,Help,,,,001_Handbook_of_the_Swatow_Vernacular > A Dictionary of some of the more important words in the Swatow dialect.,238
Phah-oh,,Phah-oh,,,拍呃,打噎,Hiccough,,,,001_Handbook_of_the_Swatow_Vernacular > A Dictionary of some of the more important words in the Swatow dialect.,238
Tiàm,,Tiàm,,,坫,藏,"Hide, to",,,,001_Handbook_of_the_Swatow_Vernacular > A Dictionary of some of the more important words in the Swatow dialect.,238
Kòu,,Kòu,,,雇,僱,Hire,,,,001_Handbook_of_the_Swatow_Vernacular > A Dictionary of some of the more important words in the Swatow dialect.,239
kiè,,kiè,,,叫,呌,Hire,,,,001_Handbook_of_the_Swatow_Vernacular > A Dictionary of some of the more important words in the Swatow dialect.,239
Kóu-sṳ̄,,Kóu-sṳ̄,,,古事,,History,,,,001_Handbook_of_the_Swatow_Vernacular > A Dictionary of some of the more important words in the Swatow dialect.,239
kóu,,kóu,,,古,,History,,,,001_Handbook_of_the_Swatow_Vernacular > A Dictionary of some of the more important words in the Swatow dialect.,239
Phang-siū,,Phang-siū,,,蜂岫,蜂巢,Hive,,,,001_Handbook_of_the_Swatow_Vernacular > A Dictionary of some of the more important words in the Swatow dialect.,239
Khang,,Khang,,,空,,Hole,,,,001_Handbook_of_the_Swatow_Vernacular > A Dictionary of some of the more important words in the Swatow dialect.,239
Khang-khak,,Khang-khak,,,空殼,空壳,Hollow,,,,001_Handbook_of_the_Swatow_Vernacular > A Dictionary of some of the more important words in the Swatow dialect.,239
Tshù,,Tshù,,,厝,,Home,,,,001_Handbook_of_the_Swatow_Vernacular > A Dictionary of some of the more important words in the Swatow dialect.,239
lãi,,lãi,,,內,,Home,,,,001_Handbook_of_the_Swatow_Vernacular > A Dictionary of some of the more important words in the Swatow dialect.,239
Chiàⁿ-keng,,Chiàⁿ-keng,,,正經,,Honest,,,,001_Handbook_of_the_Swatow_Vernacular > A Dictionary of some of the more important words in the Swatow dialect.,239
tong-tít,,tong-tít,,,忠直,,Honest,,,,001_Handbook_of_the_Swatow_Vernacular > A Dictionary of some of the more important words in the Swatow dialect.,239
láu-sít,,láu-sít,,,老實,,Honest,,,,001_Handbook_of_the_Swatow_Vernacular > A Dictionary of some of the more important words in the Swatow dialect.,239
Soh-bō,,Soh-bō,,,雪帽,,Hood,,,,001_Handbook_of_the_Swatow_Vernacular > A Dictionary of some of the more important words in the Swatow dialect.,239
Tôi,,Tôi,,,蹄,,Hoof,,,,001_Handbook_of_the_Swatow_Vernacular > A Dictionary of some of the more important words in the Swatow dialect.,239
Kau,,Kau,,,鈎,,Hook,,,,001_Handbook_of_the_Swatow_Vernacular > A Dictionary of some of the more important words in the Swatow dialect.,239
Mōⁿ,,Mōⁿ,,,望,,Hope,,,,001_Handbook_of_the_Swatow_Vernacular > A Dictionary of some of the more important words in the Swatow dialect.,239
ǹg,,ǹg,,,仰,,Hope,,,,001_Handbook_of_the_Swatow_Vernacular > A Dictionary of some of the more important words in the Swatow dialect.,239
Bô-mōⁿ,,Bô-mōⁿ,,,無望,,Hopeless,,,,001_Handbook_of_the_Swatow_Vernacular > A Dictionary of some of the more important words in the Swatow dialect.,239
Lî-keng,,Lî-keng,,,離經,利更,Horrible,,,,001_Handbook_of_the_Swatow_Vernacular > A Dictionary of some of the more important words in the Swatow dialect.,239
Ui-kuán,,Ui-kuán,,,醫館,,Hospital,,,,001_Handbook_of_the_Swatow_Vernacular > A Dictionary of some of the more important words in the Swatow dialect.,239
Tiàm-phòu,,Tiàm-phòu,,,店舖,,Hotel,,,,001_Handbook_of_the_Swatow_Vernacular > A Dictionary of some of the more important words in the Swatow dialect.,239
kheh-tiàm,,kheh-tiàm,,,客店,,Hotel,,,,001_Handbook_of_the_Swatow_Vernacular > A Dictionary of some of the more important words in the Swatow dialect.,239
Tiám-cheng,,Tiám-cheng,,,點鐘,㸃鐘,Hour,,,,001_Handbook_of_the_Swatow_Vernacular > A Dictionary of some of the more important words in the Swatow dialect.,239
Sî-sîn,,Sî-sîn,,,時辰,,"Hour, Chinese",,,,001_Handbook_of_the_Swatow_Vernacular > A Dictionary of some of the more important words in the Swatow dialect.,239
Sie-chìⁿ,,Sie-chìⁿ,,,相擠,相挨,Huddle,,,,001_Handbook_of_the_Swatow_Vernacular > A Dictionary of some of the more important words in the Swatow dialect.,239
Tóu khùn,,Tóu khùn,,,肚困,,Hungry,,,,001_Handbook_of_the_Swatow_Vernacular > A Dictionary of some of the more important words in the Swatow dialect.,239
iou,,iou,,,枵,饑,Hungry,,,,001_Handbook_of_the_Swatow_Vernacular > A Dictionary of some of the more important words in the Swatow dialect.,239
Phah-láh,,Phah-láh,,,拍獵,打獵,Hunt,,,,001_Handbook_of_the_Swatow_Vernacular > A Dictionary of some of the more important words in the Swatow dialect.,239
Sieⁿ,,Sieⁿ,,,傷,,Hurt,,,,001_Handbook_of_the_Swatow_Vernacular > A Dictionary of some of the more important words in the Swatow dialect.,240
sieⁿ--tiéh,,sieⁿ--tiéh,,,傷着,,Hurt,,,,001_Handbook_of_the_Swatow_Vernacular > A Dictionary of some of the more important words in the Swatow dialect.,240
Khak,,Khak,,,殼,壳,Husk,,,,001_Handbook_of_the_Swatow_Vernacular > A Dictionary of some of the more important words in the Swatow dialect.,240
Sui,,Sui,,,榱,,"Husk, as of cocoa-nut",,,,001_Handbook_of_the_Swatow_Vernacular > A Dictionary of some of the more important words in the Swatow dialect.,240
Tshù-kiáⁿ,,Tshù-kiáⁿ,,,厝囝,厝仔,Hut,,,,001_Handbook_of_the_Swatow_Vernacular > A Dictionary of some of the more important words in the Swatow dialect.,240
Tũaⁿ,,Tũaⁿ,,,惰,,Idle,,,,001_Handbook_of_the_Swatow_Vernacular > A Dictionary of some of the more important words in the Swatow dialect.,240
Lãu-iâ,,Lãu-iâ,,,老爺,,Idol,,,,001_Handbook_of_the_Swatow_Vernacular > A Dictionary of some of the more important words in the Swatow dialect.,240
M̄-hióu,,M̄-hióu,,,毋曉,不曉,Ignorant,,,,001_Handbook_of_the_Swatow_Vernacular > A Dictionary of some of the more important words in the Swatow dialect.,240
M̄-kãu-thãi,,M̄-kãu-thãi,,,毋厚待,不厚待,Ill-treat,,,,001_Handbook_of_the_Swatow_Vernacular > A Dictionary of some of the more important words in the Swatow dialect.,240
liáh-m̄-tá-kéng,,liáh-m̄-tá-kéng,,,掠毋打緊,,Ill-treat,,,,001_Handbook_of_the_Swatow_Vernacular > A Dictionary of some of the more important words in the Swatow dialect.,240
Sièⁿ,,Sièⁿ,,,像,,Image,,,,001_Handbook_of_the_Swatow_Vernacular > A Dictionary of some of the more important words in the Swatow dialect.,240
Óh,,Óh,,,學,,Imitate,,,,001_Handbook_of_the_Swatow_Vernacular > A Dictionary of some of the more important words in the Swatow dialect.,240
Sûi-sî,,Sûi-sî,,,隨時,,Immediately,,,,001_Handbook_of_the_Swatow_Vernacular > A Dictionary of some of the more important words in the Swatow dialect.,240
lîm-sî,,lîm-sî,,,臨時,,Immediately,,,,001_Handbook_of_the_Swatow_Vernacular > A Dictionary of some of the more important words in the Swatow dialect.,240
Bô-pan-bó,,Bô-pan-bó,,,無班母,無方母,Immoderate,,,,001_Handbook_of_the_Swatow_Vernacular > A Dictionary of some of the more important words in the Swatow dialect.,240
Huàng-sṳ̀,,Huàng-sṳ̀,,,放肆,,Impertinent,,,,001_Handbook_of_the_Swatow_Vernacular > A Dictionary of some of the more important words in the Swatow dialect.,240
bô-kui-kṳ́,,bô-kui-kṳ́,,,無規矩,,Impertinent,,,,001_Handbook_of_the_Swatow_Vernacular > A Dictionary of some of the more important words in the Swatow dialect.,240
bô-tūa bô-sòi,,bô-tūa bô-sòi,,,無大無細,無大無小,Impertinent,,,,001_Handbook_of_the_Swatow_Vernacular > A Dictionary of some of the more important words in the Swatow dialect.,240
Chhiet-iòu,,Chhiet-iòu,,,切要,,Important,,,,001_Handbook_of_the_Swatow_Vernacular > A Dictionary of some of the more important words in the Swatow dialect.,240
Put-lêng,,Put-lêng,,,不能,,Impossible,,,,001_Handbook_of_the_Swatow_Vernacular > A Dictionary of some of the more important words in the Swatow dialect.,240
Láu-kiáⁿ,,Láu-kiáⁿ,,,漏囝,老仔,Impostor,,,,001_Handbook_of_the_Swatow_Vernacular > A Dictionary of some of the more important words in the Swatow dialect.,240
Bô-pún-niáⁿ,,Bô-pún-niáⁿ,,,無本領,,Inability,,,,001_Handbook_of_the_Swatow_Vernacular > A Dictionary of some of the more important words in the Swatow dialect.,240
bô-pún-sṳ̄,,bô-pún-sṳ̄,,,無本事,,Inability,,,,001_Handbook_of_the_Swatow_Vernacular > A Dictionary of some of the more important words in the Swatow dialect.,240
bô-tshâi-chhêng,,bô-tshâi-chhêng,,,無才情,無才⿰忄靑,Inability,,,,001_Handbook_of_the_Swatow_Vernacular > A Dictionary of some of the more important words in the Swatow dialect.,240
Bô-sim,,Bô-sim,,,無心,,Inattentive,,,,001_Handbook_of_the_Swatow_Vernacular > A Dictionary of some of the more important words in the Swatow dialect.,240
M̄-tùi,,M̄-tùi,,,毋對,不對,Incorrect,,,,001_Handbook_of_the_Swatow_Vernacular > A Dictionary of some of the more important words in the Swatow dialect.,241
m̄-tiéh,,m̄-tiéh,,,毋着,不着,Incorrect,,,,001_Handbook_of_the_Swatow_Vernacular > A Dictionary of some of the more important words in the Swatow dialect.,241
Ke,,Ke,,,加,,Increase,,,,001_Handbook_of_the_Swatow_Vernacular > A Dictionary of some of the more important words in the Swatow dialect.,241
Tóu bõi-siou,,Tóu bõi-siou,,,肚袂消,肚不消,Indigestion,,,,001_Handbook_of_the_Swatow_Vernacular > A Dictionary of some of the more important words in the Swatow dialect.,241
Kak-nâng,,Kak-nâng,,,各人[訓],,Individually,,,,001_Handbook_of_the_Swatow_Vernacular > A Dictionary of some of the more important words in the Swatow dialect.,241
Kiou-tsáu,,Kiou-tsáu,,,邀走,,"Induce, away",,,,001_Handbook_of_the_Swatow_Vernacular > A Dictionary of some of the more important words in the Swatow dialect.,241
tshūa-tsáu,,tshūa-tsáu,,,娶走,,"Induce, away",,,,001_Handbook_of_the_Swatow_Vernacular > A Dictionary of some of the more important words in the Swatow dialect.,241
Sòi-kíaⁿ,,Sòi-kíaⁿ,,,細囝,小仔,Infant,,,,001_Handbook_of_the_Swatow_Vernacular > A Dictionary of some of the more important words in the Swatow dialect.,241
nôuⁿ-kiáⁿ,,nôuⁿ-kiáⁿ,,,孥囝,奴仔,Infant,,,,001_Handbook_of_the_Swatow_Vernacular > A Dictionary of some of the more important words in the Swatow dialect.,241
a-nôuⁿ,,a-nôuⁿ,,,阿孥,阿奴,Infant,,,,001_Handbook_of_the_Swatow_Vernacular > A Dictionary of some of the more important words in the Swatow dialect.,241
Su,,Su,,,輸,,"Inferior, of comparison",,,,001_Handbook_of_the_Swatow_Vernacular > A Dictionary of some of the more important words in the Swatow dialect.,241
kẽ-tsng,,kẽ-tsng,,,下莊,低庄,"Inferior, of comparison",,,,001_Handbook_of_the_Swatow_Vernacular > A Dictionary of some of the more important words in the Swatow dialect.,241
kẽ-pín,,kẽ-pín,,,下品,,"Inferior, of comparison",,,,001_Handbook_of_the_Swatow_Vernacular > A Dictionary of some of the more important words in the Swatow dialect.,241
Sì-thâu,,Sì-thâu,,,勢頭,,Influence,,,,001_Handbook_of_the_Swatow_Vernacular > A Dictionary of some of the more important words in the Swatow dialect.,241
Chhiòu,,Chhiòu,,,有權勢,,Influential,,,,001_Handbook_of_the_Swatow_Vernacular > A Dictionary of some of the more important words in the Swatow dialect.,241
ũ-sì-thâu,,ũ-sì-thâu,,,有權勢,,Influential,,,,001_Handbook_of_the_Swatow_Vernacular > A Dictionary of some of the more important words in the Swatow dialect.,241
Pò-tsai,,Pò-tsai,,,報知,,Inform,,,,001_Handbook_of_the_Swatow_Vernacular > A Dictionary of some of the more important words in the Swatow dialect.,241
Hāi,,Hāi,,,害,,Injure,,,,001_Handbook_of_the_Swatow_Vernacular > A Dictionary of some of the more important words in the Swatow dialect.,241
sieⁿ--tiéh,,sieⁿ--tiéh,,,傷着,,Injure,,,,001_Handbook_of_the_Swatow_Vernacular > A Dictionary of some of the more important words in the Swatow dialect.,241
Lãi-tī,,Lãi-tī,,,內地,,Inland,,,,001_Handbook_of_the_Swatow_Vernacular > A Dictionary of some of the more important words in the Swatow dialect.,241
Thàm-mn̄g,,Thàm-mn̄g,,,探問,,Inquire,,,,001_Handbook_of_the_Swatow_Vernacular > A Dictionary of some of the more important words in the Swatow dialect.,241
Ngẽ-àiⁿ,,Ngẽ-àiⁿ,,,硬愛,硬要,Insist,,,,001_Handbook_of_the_Swatow_Vernacular > A Dictionary of some of the more important words in the Swatow dialect.,241
Khó-pí,,Khó-pí,,,可比,,"Instance, for",,,,001_Handbook_of_the_Swatow_Vernacular > A Dictionary of some of the more important words in the Swatow dialect.,241
Kà,,Kà,,,教,,Instruct,,,,001_Handbook_of_the_Swatow_Vernacular > A Dictionary of some of the more important words in the Swatow dialect.,241
Khì-kũ,,Khì-kũ,,,器具,,Instrument,,,,001_Handbook_of_the_Swatow_Vernacular > A Dictionary of some of the more important words in the Swatow dialect.,241
Lâi-uáng,,Lâi-uáng,,,來往,,Intercourse,,,,001_Handbook_of_the_Swatow_Vernacular > A Dictionary of some of the more important words in the Swatow dialect.,241
Tshap-nâng-kâi-sṳ̄,,Tshap-nâng-kâi-sṳ̄,,,插人[訓]个事,插人[訓]個事,"Interfere, with other's affair",,,,001_Handbook_of_the_Swatow_Vernacular > A Dictionary of some of the more important words in the Swatow dialect.,241
Lãi,,Lãi,,,內,,Interior,,,,001_Handbook_of_the_Swatow_Vernacular > A Dictionary of some of the more important words in the Swatow dialect.,241
lãi-pôiⁿ,,lãi-pôiⁿ,,,內爿,內畔,Interior,,,,001_Handbook_of_the_Swatow_Vernacular > A Dictionary of some of the more important words in the Swatow dialect.,241
Hûe,,Hûe,,,回,囘,Interpret,,,,001_Handbook_of_the_Swatow_Vernacular > A Dictionary of some of the more important words in the Swatow dialect.,242
hûe-uē,,hûe-uē,,,回話,囘話,Interpret,,,,001_Handbook_of_the_Swatow_Vernacular > A Dictionary of some of the more important words in the Swatow dialect.,242
Hûe-uē,,Hûe-uē,,,回話,囘話,Interpreter,,,,001_Handbook_of_the_Swatow_Vernacular > A Dictionary of some of the more important words in the Swatow dialect.,242
Tsó,,Tsó,,,阻,,Interrupt,,,,001_Handbook_of_the_Swatow_Vernacular > A Dictionary of some of the more important words in the Swatow dialect.,242
Sie-kìⁿ,,Sie-kìⁿ,,,相見,,Interview,,,,001_Handbook_of_the_Swatow_Vernacular > A Dictionary of some of the more important words in the Swatow dialect.,242
hũe-mīn,,hũe-mīn,,,會面,,Interview,,,,001_Handbook_of_the_Swatow_Vernacular > A Dictionary of some of the more important words in the Swatow dialect.,242
Siang-hó phêng-iú,,Siang-hó phêng-iú,,,相好朋友,,Intimate,,,,001_Handbook_of_the_Swatow_Vernacular > A Dictionary of some of the more important words in the Swatow dialect.,242
Ín-chìn,,Ín-chìn,,,引荐,,Introduce,,,,001_Handbook_of_the_Swatow_Vernacular > A Dictionary of some of the more important words in the Swatow dialect.,242
khan-thua,,khan-thua,,,牽拖,,Introduce,,,,001_Handbook_of_the_Swatow_Vernacular > A Dictionary of some of the more important words in the Swatow dialect.,242
khan-sêng,,khan-sêng,,,牽成,,Introduce,,,,001_Handbook_of_the_Swatow_Vernacular > A Dictionary of some of the more important words in the Swatow dialect.,242
chiou-hu,,chiou-hu,,,招呼,,Introduce,,,,001_Handbook_of_the_Swatow_Vernacular > A Dictionary of some of the more important words in the Swatow dialect.,242
Pang-toi,,Pang-toi,,,崩堤,,Inundation,,,,001_Handbook_of_the_Swatow_Vernacular > A Dictionary of some of the more important words in the Swatow dialect.,242
Siet-tshut,,Siet-tshut,,,設出,,Invent,,,,001_Handbook_of_the_Swatow_Vernacular > A Dictionary of some of the more important words in the Swatow dialect.,242
Kháu-mn̄g,,Kháu-mn̄g,,,考問,,Investigate,,,,001_Handbook_of_the_Swatow_Vernacular > A Dictionary of some of the more important words in the Swatow dialect.,242
sím-mn̄g,,sím-mn̄g,,,審問,,Investigate,,,,001_Handbook_of_the_Swatow_Vernacular > A Dictionary of some of the more important words in the Swatow dialect.,242
Chek-tiôu,,Chek-tiôu,,,一條,壹條,"Item, an",,,,001_Handbook_of_the_Swatow_Vernacular > A Dictionary of some of the more important words in the Swatow dialect.,242
Gê,,Gê,,,牙,,Ivory,,,,001_Handbook_of_the_Swatow_Vernacular > A Dictionary of some of the more important words in the Swatow dialect.,242
Bé-thâu,,Bé-thâu,,,碼頭,馬頭,Jetty,,,,001_Handbook_of_the_Swatow_Vernacular > A Dictionary of some of the more important words in the Swatow dialect.,242
Chiap,,Chiap,,,接,,Join,,,,001_Handbook_of_the_Swatow_Vernacular > A Dictionary of some of the more important words in the Swatow dialect.,242
Tsat,,Tsat,,,節,,Joint,,,,001_Handbook_of_the_Swatow_Vernacular > A Dictionary of some of the more important words in the Swatow dialect.,242
Sńg,,Sńg,,,耍,,"Joke, in play",,,,001_Handbook_of_the_Swatow_Vernacular > A Dictionary of some of the more important words in the Swatow dialect.,242
Tàⁿ-sńg,,Tàⁿ-sńg,,,呾耍,,"Joke, in word",,,,001_Handbook_of_the_Swatow_Vernacular > A Dictionary of some of the more important words in the Swatow dialect.,242
Sie-chìⁿ,,Sie-chìⁿ,,,相擠,相挨,Jostle,,,,001_Handbook_of_the_Swatow_Vernacular > A Dictionary of some of the more important words in the Swatow dialect.,242
Lōu,,Lōu,,,路,,Journey,,,,001_Handbook_of_the_Swatow_Vernacular > A Dictionary of some of the more important words in the Swatow dialect.,242
Sím,,Sím,,,審,,Judge,,,,001_Handbook_of_the_Swatow_Vernacular > A Dictionary of some of the more important words in the Swatow dialect.,242
phōiⁿ,,phōiⁿ,,,辦,,Judge,,,,001_Handbook_of_the_Swatow_Vernacular > A Dictionary of some of the more important words in the Swatow dialect.,242
Tsò-pá-hì,,Tsò-pá-hì,,,做飽戲,演飽戲,Juggler,,,,001_Handbook_of_the_Swatow_Vernacular > A Dictionary of some of the more important words in the Swatow dialect.,243
Tsap,,Tsap,,,汁,,Juice,,,,001_Handbook_of_the_Swatow_Vernacular > A Dictionary of some of the more important words in the Swatow dialect.,243
Thiòu,,Thiòu,,,跳,,Jump,,,,001_Handbook_of_the_Swatow_Vernacular > A Dictionary of some of the more important words in the Swatow dialect.,243
Sòi,,Sòi,,,細,小,Junior,,,,001_Handbook_of_the_Swatow_Vernacular > A Dictionary of some of the more important words in the Swatow dialect.,243
Kong-tãu,,Kong-tãu,,,公道,,Just,,,,001_Handbook_of_the_Swatow_Vernacular > A Dictionary of some of the more important words in the Swatow dialect.,243
kuaⁿ-chìaⁿ,,kuaⁿ-chìaⁿ,,,官正,,Just,,,,001_Handbook_of_the_Swatow_Vernacular > A Dictionary of some of the more important words in the Swatow dialect.,243
Khn̄g,,Khn̄g,,,囥,藏,Keep,,,,001_Handbook_of_the_Swatow_Vernacular > A Dictionary of some of the more important words in the Swatow dialect.,243
Hút,,Hút,,,核,,Kernel,,,,001_Handbook_of_the_Swatow_Vernacular > A Dictionary of some of the more important words in the Swatow dialect.,243
jîn,,jîn,,,仁,,Kernel,,,,001_Handbook_of_the_Swatow_Vernacular > A Dictionary of some of the more important words in the Swatow dialect.,243
chí,,chí,,,子,枳,Kernel,,,,001_Handbook_of_the_Swatow_Vernacular > A Dictionary of some of the more important words in the Swatow dialect.,243
Só-sî,,Só-sî,,,鎖匙,,Key,,,,001_Handbook_of_the_Swatow_Vernacular > A Dictionary of some of the more important words in the Swatow dialect.,243
That,,That,,,撻,,Kick,,,,001_Handbook_of_the_Swatow_Vernacular > A Dictionary of some of the more important words in the Swatow dialect.,243
Thau-kiou,,Thau-kiou,,,偷邀,,Kidnap,,,,001_Handbook_of_the_Swatow_Vernacular > A Dictionary of some of the more important words in the Swatow dialect.,243
Tsng-iê,,Tsng-iê,,,磚窯,磚窑,Kiln,,,,001_Handbook_of_the_Swatow_Vernacular > A Dictionary of some of the more important words in the Swatow dialect.,243
Hó,,Hó,,,好,,Kind,,,,001_Handbook_of_the_Swatow_Vernacular > A Dictionary of some of the more important words in the Swatow dialect.,243
Nâng-chhêng,,Nâng-chhêng,,,人[訓]情,人[訓]⿰忄靑,Kindness,,,,001_Handbook_of_the_Swatow_Vernacular > A Dictionary of some of the more important words in the Swatow dialect.,243
Uâng,,Uâng,,,王,,King,,,,001_Handbook_of_the_Swatow_Vernacular > A Dictionary of some of the more important words in the Swatow dialect.,243
Chim,,Chim,,,唚,接吻,Kiss,,,,001_Handbook_of_the_Swatow_Vernacular > A Dictionary of some of the more important words in the Swatow dialect.,243
Huang-khîm,,Huang-khîm,,,風禽,風箏,Kite,,,,001_Handbook_of_the_Swatow_Vernacular > A Dictionary of some of the more important words in the Swatow dialect.,243
Chhip,,Chhip,,,緝,,Knead,,,,001_Handbook_of_the_Swatow_Vernacular > A Dictionary of some of the more important words in the Swatow dialect.,243
Kũi,,Kũi,,,跪,,Kneel,,,,001_Handbook_of_the_Swatow_Vernacular > A Dictionary of some of the more important words in the Swatow dialect.,243
Chhiah,,Chhiah,,,刺,莿,Knit,,,,001_Handbook_of_the_Swatow_Vernacular > A Dictionary of some of the more important words in the Swatow dialect.,243
Khà,,Khà,,,扣,,Knock,,,,001_Handbook_of_the_Swatow_Vernacular > A Dictionary of some of the more important words in the Swatow dialect.,243
Tshâ-mák,,Tshâ-mák,,,柴目,,"Knot, in wood",,,,001_Handbook_of_the_Swatow_Vernacular > A Dictionary of some of the more important words in the Swatow dialect.,244
Kat,,Kat,,,結,,"Knot, on rope",,,,001_Handbook_of_the_Swatow_Vernacular > A Dictionary of some of the more important words in the Swatow dialect.,244
Thui,,Thui,,,梯,,Ladder,,,,001_Handbook_of_the_Swatow_Vernacular > A Dictionary of some of the more important words in the Swatow dialect.,244
A-niêⁿ,,A-niêⁿ,,,阿娘,亞娘,Lady,,,,001_Handbook_of_the_Swatow_Vernacular > A Dictionary of some of the more important words in the Swatow dialect.,244
a-náiⁿ,,a-náiⁿ,,,阿奶,亞奶,Lady,,,,001_Handbook_of_the_Swatow_Vernacular > A Dictionary of some of the more important words in the Swatow dialect.,244
Hu-jîn,,Hu-jîn,,,夫人,,"Lady, wife of high mandarin",,,,001_Handbook_of_the_Swatow_Vernacular > A Dictionary of some of the more important words in the Swatow dialect.,244
Oû,,Oû,,,湖,,Lake,,,,001_Handbook_of_the_Swatow_Vernacular > A Dictionary of some of the more important words in the Swatow dialect.,244
Chhieⁿ,,Chhieⁿ,,,槍,鎗,Lance,,,,001_Handbook_of_the_Swatow_Vernacular > A Dictionary of some of the more important words in the Swatow dialect.,244
Tī,,Tī,,,地,,Land,,,,001_Handbook_of_the_Swatow_Vernacular > A Dictionary of some of the more important words in the Swatow dialect.,244
Tshân-hn̂g,,Tshân-hn̂g,,,田園,,"Land, property",,,,001_Handbook_of_the_Swatow_Vernacular > A Dictionary of some of the more important words in the Swatow dialect.,244
Tshù-tsú,,Tshù-tsú,,,厝主,,"Landlord, of house",,,,001_Handbook_of_the_Swatow_Vernacular > A Dictionary of some of the more important words in the Swatow dialect.,244
Tshân-tsú,,Tshân-tsú,,,田主,,"Landlord, of land",,,,001_Handbook_of_the_Swatow_Vernacular > A Dictionary of some of the more important words in the Swatow dialect.,244
Suaⁿ-tsúi,,Suaⁿ-tsúi,,,山水,,Landscape,,,,001_Handbook_of_the_Swatow_Vernacular > A Dictionary of some of the more important words in the Swatow dialect.,244
Hāng,,Hāng,,,巷,,Lane,,,,001_Handbook_of_the_Swatow_Vernacular > A Dictionary of some of the more important words in the Swatow dialect.,244
hāng-kiáⁿ,,hāng-kiáⁿ,,,巷囝,巷仔,Lane,,,,001_Handbook_of_the_Swatow_Vernacular > A Dictionary of some of the more important words in the Swatow dialect.,244
Uē,,Uē,,,話,,Language,,,,001_Handbook_of_the_Swatow_Vernacular > A Dictionary of some of the more important words in the Swatow dialect.,244
Pũaⁿ,,Pũaⁿ,,,拂,,"Lash, to",,,,001_Handbook_of_the_Swatow_Vernacular > A Dictionary of some of the more important words in the Swatow dialect.,244
Búe-búe,,Búe-búe,,,尾尾,,Last,,,,001_Handbook_of_the_Swatow_Vernacular > A Dictionary of some of the more important words in the Swatow dialect.,244
kióu-búe,,kióu-búe,,,繳尾,,Last,,,,001_Handbook_of_the_Swatow_Vernacular > A Dictionary of some of the more important words in the Swatow dialect.,244
tõiⁿ-búe,,tõiⁿ-búe,,,第尾,,Last,,,,001_Handbook_of_the_Swatow_Vernacular > A Dictionary of some of the more important words in the Swatow dialect.,244
Nãiⁿ,,Nãiⁿ,,,耐,,"Last, to",,,,001_Handbook_of_the_Swatow_Vernacular > A Dictionary of some of the more important words in the Swatow dialect.,244
Ôi-tùa,,Ôi-tùa,,,鞋帶,,Latchet,,,,001_Handbook_of_the_Swatow_Vernacular > A Dictionary of some of the more important words in the Swatow dialect.,244
Chí-kṳ̃n-jít,,Chí-kṳ̃n-jít,,,此近日,,Lately,,,,001_Handbook_of_the_Swatow_Vernacular > A Dictionary of some of the more important words in the Swatow dialect.,244
chí-kṳ̃n-sî,,chí-kṳ̃n-sî,,,此近時,,Lately,,,,001_Handbook_of_the_Swatow_Vernacular > A Dictionary of some of the more important words in the Swatow dialect.,244
Chhiè,,Chhiè,,,笑,,Laugh,,,,001_Handbook_of_the_Swatow_Vernacular > A Dictionary of some of the more important words in the Swatow dialect.,244
Lút,,Lút,,,律,,Law,,,,001_Handbook_of_the_Swatow_Vernacular > A Dictionary of some of the more important words in the Swatow dialect.,245
Phah-kuaⁿ-si,,Phah-kuaⁿ-si,,,拍官司,打官司,"Law, to",,,,001_Handbook_of_the_Swatow_Vernacular > A Dictionary of some of the more important words in the Swatow dialect.,245
sie-kò,,sie-kò,,,相告,,"Law, to",,,,001_Handbook_of_the_Swatow_Vernacular > A Dictionary of some of the more important words in the Swatow dialect.,245
Sõng-sṳ,,Sõng-sṳ,,,訟師,,Lawyer,,,,001_Handbook_of_the_Swatow_Vernacular > A Dictionary of some of the more important words in the Swatow dialect.,245
Tũaⁿ,,Tũaⁿ,,,惰,,Lazy,,,,001_Handbook_of_the_Swatow_Vernacular > A Dictionary of some of the more important words in the Swatow dialect.,245
Kiou,,Kiou,,,邀,,"Lead, to",,,,001_Handbook_of_the_Swatow_Vernacular > A Dictionary of some of the more important words in the Swatow dialect.,245
in,,in,,,引,,"Lead, to",,,,001_Handbook_of_the_Swatow_Vernacular > A Dictionary of some of the more important words in the Swatow dialect.,245
Khan,,Khan,,,牽,,"Lead, by the hand",,,,001_Handbook_of_the_Swatow_Vernacular > A Dictionary of some of the more important words in the Swatow dialect.,245
Lāu,,Lāu,,,漏,,Leak,,,,001_Handbook_of_the_Swatow_Vernacular > A Dictionary of some of the more important words in the Swatow dialect.,245
Uá,,Uá,,,倚,,"Lean, to",,,,001_Handbook_of_the_Swatow_Vernacular > A Dictionary of some of the more important words in the Swatow dialect.,245
Óh,,Óh,,,學,,Learn,,,,001_Handbook_of_the_Swatow_Vernacular > A Dictionary of some of the more important words in the Swatow dialect.,245
Thák,,Thák,,,讀,,"Learn, as lesson",,,,001_Handbook_of_the_Swatow_Vernacular > A Dictionary of some of the more important words in the Swatow dialect.,245
Tsou,,Tsou,,,租,,"Lease, to",,,,001_Handbook_of_the_Swatow_Vernacular > A Dictionary of some of the more important words in the Swatow dialect.,245
sùe,,sùe,,,稅,,"Lease, to",,,,001_Handbook_of_the_Swatow_Vernacular > A Dictionary of some of the more important words in the Swatow dialect.,245
Phûe,,Phûe,,,皮,,Leather,,,,001_Handbook_of_the_Swatow_Vernacular > A Dictionary of some of the more important words in the Swatow dialect.,245
Hôu-khî,,Hôu-khî,,,蜈蜞,,Leech,,,,001_Handbook_of_the_Swatow_Vernacular > A Dictionary of some of the more important words in the Swatow dialect.,245
Tò,,Tò,,,倒,左,"Left, of side",,,,001_Handbook_of_the_Swatow_Vernacular > A Dictionary of some of the more important words in the Swatow dialect.,245
Kóu-tn̄g,,Kóu-tn̄g,,,古傳,,"Legend, written",,,,001_Handbook_of_the_Swatow_Vernacular > A Dictionary of some of the more important words in the Swatow dialect.,245
Chieh,,Chieh,,,借,,Lend,,,,001_Handbook_of_the_Swatow_Vernacular > A Dictionary of some of the more important words in the Swatow dialect.,245
Kíam,,Kíam,,,減,,Less,,,,001_Handbook_of_the_Swatow_Vernacular > A Dictionary of some of the more important words in the Swatow dialect.,245
Chĩ,,Chĩ,,,䑛,,Lick,,,,001_Handbook_of_the_Swatow_Vernacular > A Dictionary of some of the more important words in the Swatow dialect.,245
Mīaⁿ,,Mīaⁿ,,,命,,Life,,,,001_Handbook_of_the_Swatow_Vernacular > A Dictionary of some of the more important words in the Swatow dialect.,245
Hû,,Hû,,,扶,,"Lift, with the hand",,,,001_Handbook_of_the_Swatow_Vernacular > A Dictionary of some of the more important words in the Swatow dialect.,245
Chhin-chhiẽⁿ,,Chhin-chhiẽⁿ,,,親像,,Like,,,,001_Handbook_of_the_Swatow_Vernacular > A Dictionary of some of the more important words in the Swatow dialect.,246
huáng-sṳ̃,,huáng-sṳ̃,,,彷似,,Like,,,,001_Handbook_of_the_Swatow_Vernacular > A Dictionary of some of the more important words in the Swatow dialect.,246
Hàuⁿ,,Hàuⁿ,,,好,,"Like, to",,,,001_Handbook_of_the_Swatow_Vernacular > A Dictionary of some of the more important words in the Swatow dialect.,246
siãng,,siãng,,,尚,中意,"Like, to",,,,001_Handbook_of_the_Swatow_Vernacular > A Dictionary of some of the more important words in the Swatow dialect.,246
Sièⁿ,,Sièⁿ,,,像,,Likeness,,,,001_Handbook_of_the_Swatow_Vernacular > A Dictionary of some of the more important words in the Swatow dialect.,246
Sì-chiⁿ,,Sì-chiⁿ,,,四肢,,"Limbs, the four",,,,001_Handbook_of_the_Swatow_Vernacular > A Dictionary of some of the more important words in the Swatow dialect.,246
Hãn,,Hãn,,,限,,Limit,,,,001_Handbook_of_the_Swatow_Vernacular > A Dictionary of some of the more important words in the Swatow dialect.,246
tōu,,tōu,,,度,,Limit,,,,001_Handbook_of_the_Swatow_Vernacular > A Dictionary of some of the more important words in the Swatow dialect.,246
Tsūe,,Tsūe,,,襊,行,Line,,,,001_Handbook_of_the_Swatow_Vernacular > A Dictionary of some of the more important words in the Swatow dialect.,246
Uéh-tsūe,,Uéh-tsūe,,,劃襊,畫行,"Line, to draw",,,,001_Handbook_of_the_Swatow_Vernacular > A Dictionary of some of the more important words in the Swatow dialect.,246
Thong-sṳ̄,,Thong-sṳ̄,,,通事,,Linguist,,,,001_Handbook_of_the_Swatow_Vernacular > A Dictionary of some of the more important words in the Swatow dialect.,246
Hûe-uē,,Hûe-uē,,,回話,囘話,Linguist,,,,001_Handbook_of_the_Swatow_Vernacular > A Dictionary of some of the more important words in the Swatow dialect.,246
Thiaⁿ,,Thiaⁿ,,,聽,,Listen,,,,001_Handbook_of_the_Swatow_Vernacular > A Dictionary of some of the more important words in the Swatow dialect.,246
Thák-tsṳ-nâng,,Thák-tsṳ-nâng,,,讀書人[訓],,Literati,,,,001_Handbook_of_the_Swatow_Vernacular > A Dictionary of some of the more important words in the Swatow dialect.,246
Seⁿ,,Seⁿ,,,生,,Live,,,,001_Handbook_of_the_Swatow_Vernacular > A Dictionary of some of the more important words in the Swatow dialect.,246
uáh,,uáh,,,活,,Live,,,,001_Handbook_of_the_Swatow_Vernacular > A Dictionary of some of the more important words in the Swatow dialect.,246
chiáh,,chiáh,,,食,,Live,,,,001_Handbook_of_the_Swatow_Vernacular > A Dictionary of some of the more important words in the Swatow dialect.,246
Só-thâu,,Só-thâu,,,鎖頭,,"Lock, a",,,,001_Handbook_of_the_Swatow_Vernacular > A Dictionary of some of the more important words in the Swatow dialect.,246
Hiah,,Hiah,,,歇,宿,Lodge,,,,001_Handbook_of_the_Swatow_Vernacular > A Dictionary of some of the more important words in the Swatow dialect.,246
Ie,,Ie,,,腰,,Loins,,,,001_Handbook_of_the_Swatow_Vernacular > A Dictionary of some of the more important words in the Swatow dialect.,246
Ka-kī,,Ka-kī,,,家己,自巳,Lonely,,,,001_Handbook_of_the_Swatow_Vernacular > A Dictionary of some of the more important words in the Swatow dialect.,246
tuaⁿ-nâng,,tuaⁿ-nâng,,,單人[訓],,Lonely,,,,001_Handbook_of_the_Swatow_Vernacular > A Dictionary of some of the more important words in the Swatow dialect.,246
Tn̂g-miāⁿ,,Tn̂g-miāⁿ,,,長命,,Longevity,,,,001_Handbook_of_the_Swatow_Vernacular > A Dictionary of some of the more important words in the Swatow dialect.,246
Lut--khṳ̀,,Lut--khṳ̀,,,脫去,釋去,"Loose, to get",,,,001_Handbook_of_the_Swatow_Vernacular > A Dictionary of some of the more important words in the Swatow dialect.,246
Hue-hũe,,Hue-hũe,,,花會,,Lottery,,,,001_Handbook_of_the_Swatow_Vernacular > A Dictionary of some of the more important words in the Swatow dialect.,246
Lṳ̃-sòng-pie,,Lṳ̃-sòng-pie,,,呂宋票,,"Lottery, Manila",,,,001_Handbook_of_the_Swatow_Vernacular > A Dictionary of some of the more important words in the Swatow dialect.,246
Hiáng,,Hiáng,,,响,,"Loud, of noise",,,,001_Handbook_of_the_Swatow_Vernacular > A Dictionary of some of the more important words in the Swatow dialect.,246
Tūa-siaⁿ,,Tūa-siaⁿ,,,大聲,,"Loud, of voice",,,,001_Handbook_of_the_Swatow_Vernacular > A Dictionary of some of the more important words in the Swatow dialect.,247
Sieh,,Sieh,,,惜,,Love,,,,001_Handbook_of_the_Swatow_Vernacular > A Dictionary of some of the more important words in the Swatow dialect.,247
Tshâi-khì,,Tshâi-khì,,,財氣,,Lucky,,,,001_Handbook_of_the_Swatow_Vernacular > A Dictionary of some of the more important words in the Swatow dialect.,247
tsãu-hùe,,tsãu-hùe,,,造化,,Lucky,,,,001_Handbook_of_the_Swatow_Vernacular > A Dictionary of some of the more important words in the Swatow dialect.,247
Tiàm,,Tiàm,,,坫,藏,Lurk,,,,001_Handbook_of_the_Swatow_Vernacular > A Dictionary of some of the more important words in the Swatow dialect.,247
bih,,bih,,,覕,,Lurk,,,,001_Handbook_of_the_Swatow_Vernacular > A Dictionary of some of the more important words in the Swatow dialect.,247
Thâng,,Thâng,,,蟲,虫,Maggot,,,,001_Handbook_of_the_Swatow_Vernacular > A Dictionary of some of the more important words in the Swatow dialect.,247
Hién-mûiⁿ-kiàⁿ,,Hién-mûiⁿ-kiàⁿ,,,顯微鏡,,Magnifying glass,,,,001_Handbook_of_the_Swatow_Vernacular > A Dictionary of some of the more important words in the Swatow dialect.,247
Tsáu-kúi,,Tsáu-kúi,,,走鬼,,"Maid, servant",,,,001_Handbook_of_the_Swatow_Vernacular > A Dictionary of some of the more important words in the Swatow dialect.,247
chhiah-kha,,chhiah-kha,,,赤骹,女婢,"Maid, servant",,,,001_Handbook_of_the_Swatow_Vernacular > A Dictionary of some of the more important words in the Swatow dialect.,247
Lí,,Lí,,,理,,Manage,,,,001_Handbook_of_the_Swatow_Vernacular > A Dictionary of some of the more important words in the Swatow dialect.,247
phōiⁿ,,phōiⁿ,,,辨,,Manage,,,,001_Handbook_of_the_Swatow_Vernacular > A Dictionary of some of the more important words in the Swatow dialect.,247
liōu-lí,,liōu-lí,,,料理,,Manage,,,,001_Handbook_of_the_Swatow_Vernacular > A Dictionary of some of the more important words in the Swatow dialect.,247
Khuán,,Khuán,,,款,欸,Manner,,,,001_Handbook_of_the_Swatow_Vernacular > A Dictionary of some of the more important words in the Swatow dialect.,247
Pûi,,Pûi,,,肥,,Manure,,,,001_Handbook_of_the_Swatow_Vernacular > A Dictionary of some of the more important words in the Swatow dialect.,247
pùn,,pùn,,,糞,,Manure,,,,001_Handbook_of_the_Swatow_Vernacular > A Dictionary of some of the more important words in the Swatow dialect.,247
Hō,,Hō,,,號,,Mark,,,,001_Handbook_of_the_Swatow_Vernacular > A Dictionary of some of the more important words in the Swatow dialect.,247
hō-thâu,,hō-thâu,,,號頭,,Mark,,,,001_Handbook_of_the_Swatow_Vernacular > A Dictionary of some of the more important words in the Swatow dialect.,247
Tshūa,,Tshūa,,,娶,,"Marry, of man",,,,001_Handbook_of_the_Swatow_Vernacular > A Dictionary of some of the more important words in the Swatow dialect.,247
tshūa-bóu,,tshūa-bóu,,,娶婦,娶妻,"Marry, of man",,,,001_Handbook_of_the_Swatow_Vernacular > A Dictionary of some of the more important words in the Swatow dialect.,247
tshūa-chhin,,tshūa-chhin,,,娶親,,"Marry, of man",,,,001_Handbook_of_the_Swatow_Vernacular > A Dictionary of some of the more important words in the Swatow dialect.,247
Kè,,Kè,,,嫁,,"Marry, of woman",,,,001_Handbook_of_the_Swatow_Vernacular > A Dictionary of some of the more important words in the Swatow dialect.,247
tshut-mn̂g,,tshut-mn̂g,,,出門,,"Marry, of woman",,,,001_Handbook_of_the_Swatow_Vernacular > A Dictionary of some of the more important words in the Swatow dialect.,247
Tsoh-hue-kang,,Tsoh-hue-kang,,,作灰工,,Mason,,,,001_Handbook_of_the_Swatow_Vernacular > A Dictionary of some of the more important words in the Swatow dialect.,247
Ke-tsú,,Ke-tsú,,,家主,,"Master, of a house",,,,001_Handbook_of_the_Swatow_Vernacular > A Dictionary of some of the more important words in the Swatow dialect.,247
Sin-seⁿ,,Sin-seⁿ,,,先生,,"Master, of a school",,,,001_Handbook_of_the_Swatow_Vernacular > A Dictionary of some of the more important words in the Swatow dialect.,247
kà-tsṳ sin-seⁿ,,kà-tsṳ sin-seⁿ,,,教書先生,,"Master, of a school",,,,001_Handbook_of_the_Swatow_Vernacular > A Dictionary of some of the more important words in the Swatow dialect.,247
Ì-sṳ̀,,Ì-sṳ̀,,,意思,,Meaning,,,,001_Handbook_of_the_Swatow_Vernacular > A Dictionary of some of the more important words in the Swatow dialect.,247
Tōu,,Tōu,,,度,,Measure,,,,001_Handbook_of_the_Swatow_Vernacular > A Dictionary of some of the more important words in the Swatow dialect.,247
tshùn-chhieh,,tshùn-chhieh,,,寸尺,,Measure,,,,001_Handbook_of_the_Swatow_Vernacular > A Dictionary of some of the more important words in the Swatow dialect.,247
Sai-pẽ,,Sai-pẽ,,,司阜,,Mechanic,,,,001_Handbook_of_the_Swatow_Vernacular > A Dictionary of some of the more important words in the Swatow dialect.,247
Ngõ,,Ngõ,,,遇,,Meet,,,,001_Handbook_of_the_Swatow_Vernacular > A Dictionary of some of the more important words in the Swatow dialect.,247
ngõ--tiéh,,ngõ--tiéh,,,遇着,,Meet,,,,001_Handbook_of_the_Swatow_Vernacular > A Dictionary of some of the more important words in the Swatow dialect.,247
Iêⁿ,,Iêⁿ,,,鎔,,Melt,,,,001_Handbook_of_the_Swatow_Vernacular > A Dictionary of some of the more important words in the Swatow dialect.,248
Póu,,Póu,,,補,,Mend,,,,001_Handbook_of_the_Swatow_Vernacular > A Dictionary of some of the more important words in the Swatow dialect.,248
chiáⁿ-lí,,chiáⁿ-lí,,,整理,,Mend,,,,001_Handbook_of_the_Swatow_Vernacular > A Dictionary of some of the more important words in the Swatow dialect.,248
Khó-liên,,Khó-liên,,,可憐,,"Mercy, to have",,,,001_Handbook_of_the_Swatow_Vernacular > A Dictionary of some of the more important words in the Swatow dialect.,248
Put-kùe,,Put-kùe,,,不過,,Merely,,,,001_Handbook_of_the_Swatow_Vernacular > A Dictionary of some of the more important words in the Swatow dialect.,248
M̄-khéng,,M̄-khéng,,,毋肯,不肯,"Merely, not",,,,001_Handbook_of_the_Swatow_Vernacular > A Dictionary of some of the more important words in the Swatow dialect.,248
m̄-chheng,,m̄-chheng,,,毋清,不清,"Merely, not",,,,001_Handbook_of_the_Swatow_Vernacular > A Dictionary of some of the more important words in the Swatow dialect.,248
put-chí,,put-chí,,,不止,,"Merely, not",,,,001_Handbook_of_the_Swatow_Vernacular > A Dictionary of some of the more important words in the Swatow dialect.,248
Uē,,Uē,,,話,,Message,,,,001_Handbook_of_the_Swatow_Vernacular > A Dictionary of some of the more important words in the Swatow dialect.,248
Huap,,Huap,,,法,,Method,,,,001_Handbook_of_the_Swatow_Vernacular > A Dictionary of some of the more important words in the Swatow dialect.,248
Hién-mûiⁿ-kiàⁿ,,Hién-mûiⁿ-kiàⁿ,,,顯微鏡,,Microscope,,,,001_Handbook_of_the_Swatow_Vernacular > A Dictionary of some of the more important words in the Swatow dialect.,248
Tong-ngóu,,Tong-ngóu,,,中午,,Midday,,,,001_Handbook_of_the_Swatow_Vernacular > A Dictionary of some of the more important words in the Swatow dialect.,248
jít-tàu,,jít-tàu,,,日晝,日到,Midday,,,,001_Handbook_of_the_Swatow_Vernacular > A Dictionary of some of the more important words in the Swatow dialect.,248
Tìn-tang,,Tìn-tang,,,鎮中,,Middle,,,,001_Handbook_of_the_Swatow_Vernacular > A Dictionary of some of the more important words in the Swatow dialect.,248
Tong,,Tong,,,中,,Middling,,,,001_Handbook_of_the_Swatow_Vernacular > A Dictionary of some of the more important words in the Swatow dialect.,248
tong-pān,,tong-pān,,,中辦,,Middling,,,,001_Handbook_of_the_Swatow_Vernacular > A Dictionary of some of the more important words in the Swatow dialect.,248
Seⁿ-kiáⁿ-bó,,Seⁿ-kiáⁿ-bó,,,生囝母,生子母,Midwife,,,,001_Handbook_of_the_Swatow_Vernacular > A Dictionary of some of the more important words in the Swatow dialect.,248
Láu-sít,,Láu-sít,,,老實,,Mild,,,,001_Handbook_of_the_Swatow_Vernacular > A Dictionary of some of the more important words in the Swatow dialect.,248
Phòu,,Phòu,,,舖,甫,"Mile, Chinese",,,,001_Handbook_of_the_Swatow_Vernacular > A Dictionary of some of the more important words in the Swatow dialect.,248
phòu-lōu,,phòu-lōu,,,舖路,甫路,"Mile, Chinese",,,,001_Handbook_of_the_Swatow_Vernacular > A Dictionary of some of the more important words in the Swatow dialect.,248
Saⁿ-lí,,Saⁿ-lí,,,三里,,"Mile, a, equal to Chinese",,,,001_Handbook_of_the_Swatow_Vernacular > A Dictionary of some of the more important words in the Swatow dialect.,248
Lâng,,Lâng,,,壟,,"Mill, for removing the husk",,,,001_Handbook_of_the_Swatow_Vernacular > A Dictionary of some of the more important words in the Swatow dialect.,248
Bō,,Bō,,,磨,,"Mill, for grinding",,,,001_Handbook_of_the_Swatow_Vernacular > A Dictionary of some of the more important words in the Swatow dialect.,248
Bō-Chiéh,,Bō-Chiéh,,,磨石,,Mill-stone,,,,001_Handbook_of_the_Swatow_Vernacular > A Dictionary of some of the more important words in the Swatow dialect.,248
Chék-hun-cheng,,Chék-hun-cheng,,,一分鐘,壹分鐘,"Minute, a",,,,001_Handbook_of_the_Swatow_Vernacular > A Dictionary of some of the more important words in the Swatow dialect.,248
Iùⁿ-iùⁿ,,Iùⁿ-iùⁿ,,,幼幼,,"Minute, small",,,,001_Handbook_of_the_Swatow_Vernacular > A Dictionary of some of the more important words in the Swatow dialect.,248
Lóh-súaⁿ,,Lóh-súaⁿ,,,落產,,Miscarry,,,,001_Handbook_of_the_Swatow_Vernacular > A Dictionary of some of the more important words in the Swatow dialect.,249
phah-tó,,phah-tó,,,拍倒,打倒,Miscarry,,,,001_Handbook_of_the_Swatow_Vernacular > A Dictionary of some of the more important words in the Swatow dialect.,249
Tshàm-tshùi,,Tshàm-tshùi,,,纖碎,零須,Miscellaneous,,,,001_Handbook_of_the_Swatow_Vernacular > A Dictionary of some of the more important words in the Swatow dialect.,249
Tsáp-muéh,,Tsáp-muéh,,,雜物,,"Miscellaneous, articles",,,,001_Handbook_of_the_Swatow_Vernacular > A Dictionary of some of the more important words in the Swatow dialect.,249
Kha-chhiú tsōi,,Kha-chhiú tsōi,,,骹手㩼,脚手多,Mischievous,,,,001_Handbook_of_the_Swatow_Vernacular > A Dictionary of some of the more important words in the Swatow dialect.,249
Kîam-siap,,Kîam-siap,,,鹹澀,鹹澁,Miser,,,,001_Handbook_of_the_Swatow_Vernacular > A Dictionary of some of the more important words in the Swatow dialect.,249
Chhi-tshám,,Chhi-tshám,,,淒慘,悽慘,Miserable,,,,001_Handbook_of_the_Swatow_Vernacular > A Dictionary of some of the more important words in the Swatow dialect.,249
kan-khóu,,kan-khóu,,,艱苦,,Miserable,,,,001_Handbook_of_the_Swatow_Vernacular > A Dictionary of some of the more important words in the Swatow dialect.,249
chhi-liâng,,chhi-liâng,,,淒凉,悽凉,Miserable,,,,001_Handbook_of_the_Swatow_Vernacular > A Dictionary of some of the more important words in the Swatow dialect.,249
A-niêⁿ-kiáⁿ,,A-niêⁿ-kiáⁿ,,,阿娘囝,亞娘仔,"Miss, a young girl",,,,001_Handbook_of_the_Swatow_Vernacular > A Dictionary of some of the more important words in the Swatow dialect.,249
Tshò,,Tshò,,,錯,,Mistake,,,,001_Handbook_of_the_Swatow_Vernacular > A Dictionary of some of the more important words in the Swatow dialect.,249
tsha-tshò,,tsha-tshò,,,差錯,,Mistake,,,,001_Handbook_of_the_Swatow_Vernacular > A Dictionary of some of the more important words in the Swatow dialect.,249
m̄-tiéh,,m̄-tiéh,,,毋着,不着,Mistake,,,,001_Handbook_of_the_Swatow_Vernacular > A Dictionary of some of the more important words in the Swatow dialect.,249
Bõi-kùe-hūn,,Bõi-kùe-hūn,,,袂過分,,Moderate,,,,001_Handbook_of_the_Swatow_Vernacular > A Dictionary of some of the more important words in the Swatow dialect.,249
bõi-bô-pan-bó,,bõi-bô-pan-bó,,,袂無班母,,Moderate,,,,001_Handbook_of_the_Swatow_Vernacular > A Dictionary of some of the more important words in the Swatow dialect.,249
Sip,,Sip,,,濕,,Moist,,,,001_Handbook_of_the_Swatow_Vernacular > A Dictionary of some of the more important words in the Swatow dialect.,249
Thn̂g-tsúi,,Thn̂g-tsúi,,,糖水,,Molasses,,,,001_Handbook_of_the_Swatow_Vernacular > A Dictionary of some of the more important words in the Swatow dialect.,249
Tang-kue-lōu,,Tang-kue-lōu,,,冬瓜露,,"Molasses, of melon",,,,001_Handbook_of_the_Swatow_Vernacular > A Dictionary of some of the more important words in the Swatow dialect.,249
Chék-khùn-kiáⁿ,,Chék-khùn-kiáⁿ,,,一頃囝,壹倏時,"Moment, a",,,,001_Handbook_of_the_Swatow_Vernacular > A Dictionary of some of the more important words in the Swatow dialect.,249
Pi,,Pi,,,碑,,Monument,,,,001_Handbook_of_the_Swatow_Vernacular > A Dictionary of some of the more important words in the Swatow dialect.,249
chiéh-pi,,chiéh-pi,,,石碑,,Monument,,,,001_Handbook_of_the_Swatow_Vernacular > A Dictionary of some of the more important words in the Swatow dialect.,249
Chiéh-têng,,Chiéh-têng,,,石亭,,"Monument, high like a pagoda",,,,001_Handbook_of_the_Swatow_Vernacular > A Dictionary of some of the more important words in the Swatow dialect.,249
Hue-thôu,,Hue-thôu,,,灰塗,,Mortar,,,,001_Handbook_of_the_Swatow_Vernacular > A Dictionary of some of the more important words in the Swatow dialect.,249
Tùa-hà,,Tùa-hà,,,戴孝,帶孝,"Mourning, to wear",,,,001_Handbook_of_the_Swatow_Vernacular > A Dictionary of some of the more important words in the Swatow dialect.,249
Thut-hà,,Thut-hà,,,脫孝,,"Mourning, to put off",,,,001_Handbook_of_the_Swatow_Vernacular > A Dictionary of some of the more important words in the Swatow dialect.,249
Tín-tãng,,Tín-tãng,,,振動,搖動,"Move, not steady",,,,001_Handbook_of_the_Swatow_Vernacular > A Dictionary of some of the more important words in the Swatow dialect.,249
Nàm-thôu,,Nàm-thôu,,,坔塗,,Mud,,,,001_Handbook_of_the_Swatow_Vernacular > A Dictionary of some of the more important words in the Swatow dialect.,250
thôu-mûeⁿ,,thôu-mûeⁿ,,,塗糜,塗粥,Mud,,,,001_Handbook_of_the_Swatow_Vernacular > A Dictionary of some of the more important words in the Swatow dialect.,250
Pũan-huán,,Pũan-huán,,,叛反,,Mutiny,,,,001_Handbook_of_the_Swatow_Vernacular > A Dictionary of some of the more important words in the Swatow dialect.,250
puãn-ngék,,puãn-ngék,,,叛逆,,Mutiny,,,,001_Handbook_of_the_Swatow_Vernacular > A Dictionary of some of the more important words in the Swatow dialect.,250
Thǹg-chiah-kha-lek,,Thǹg-chiah-kha-lek,,,赤身,,Naked,,,,001_Handbook_of_the_Swatow_Vernacular > A Dictionary of some of the more important words in the Swatow dialect.,250
Oíh,,Oíh,,,狹,,Narrow,,,,001_Handbook_of_the_Swatow_Vernacular > A Dictionary of some of the more important words in the Swatow dialect.,250
Sek,,Sek,,,色,,Nation,,,,001_Handbook_of_the_Swatow_Vernacular > A Dictionary of some of the more important words in the Swatow dialect.,250
Pńg-tī-nâng,,Pńg-tī-nâng,,,本地人[訓],,"Native, a",,,,001_Handbook_of_the_Swatow_Vernacular > A Dictionary of some of the more important words in the Swatow dialect.,250
Seⁿ-sêng,,Seⁿ-sêng,,,生成,,Natural,,,,001_Handbook_of_the_Swatow_Vernacular > A Dictionary of some of the more important words in the Swatow dialect.,250
Àiⁿ-thòu,,Àiⁿ-thòu,,,愛吐,要吐,Nausea,,,,001_Handbook_of_the_Swatow_Vernacular > A Dictionary of some of the more important words in the Swatow dialect.,250
aú-ueh,,aú-ueh,,,嘔噦,嘔氣,Nausea,,,,001_Handbook_of_the_Swatow_Vernacular > A Dictionary of some of the more important words in the Swatow dialect.,250
Èng-kai,,Èng-kai,,,應該,,Necessary,,,,001_Handbook_of_the_Swatow_Vernacular > A Dictionary of some of the more important words in the Swatow dialect.,250
Ou-mīn-nâng,,Ou-mīn-nâng,,,烏面人[訓],,Negro,,,,001_Handbook_of_the_Swatow_Vernacular > A Dictionary of some of the more important words in the Swatow dialect.,250
ou-huan,,ou-huan,,,烏番,烏畨,Negro,,,,001_Handbook_of_the_Swatow_Vernacular > A Dictionary of some of the more important words in the Swatow dialect.,250
Tshù-piⁿ,,Tshù-piⁿ,,,厝邊,,Neighbour,,,,001_Handbook_of_the_Swatow_Vernacular > A Dictionary of some of the more important words in the Swatow dialect.,250
Siū,,Siū,,,岫,巢,Nest,,,,001_Handbook_of_the_Swatow_Vernacular > A Dictionary of some of the more important words in the Swatow dialect.,250
Thóu-mîaⁿ,,Thóu-mîaⁿ,,,土名,,Nickname,,,,001_Handbook_of_the_Swatow_Vernacular > A Dictionary of some of the more important words in the Swatow dialect.,250
nâng-thóu-tsuãn kâi-miâⁿ,,nâng-thóu-tsuãn kâi-miâⁿ,,,人[訓]土撰个名,人[訓]土號個名,Nickname,,,,001_Handbook_of_the_Swatow_Vernacular > A Dictionary of some of the more important words in the Swatow dialect.,250
Tsun-kùi,,Tsun-kùi,,,尊貴,,Noble,,,,001_Handbook_of_the_Swatow_Vernacular > A Dictionary of some of the more important words in the Swatow dialect.,250
Tak-thâu,,Tak-thâu,,,點頭,㸃頭,Nod,,,,001_Handbook_of_the_Swatow_Vernacular > A Dictionary of some of the more important words in the Swatow dialect.,250
Siaⁿ,,Siaⁿ,,,聲,,Noise,,,,001_Handbook_of_the_Swatow_Vernacular > A Dictionary of some of the more important words in the Swatow dialect.,250
Kā-kā-kiè,,Kā-kā-kiè,,,咳咳叫,,"Noise, to make a great",,,,001_Handbook_of_the_Swatow_Vernacular > A Dictionary of some of the more important words in the Swatow dialect.,250
Bô-iáⁿ-bô-chiah,,Bô-iáⁿ-bô-chiah,,,無影無跡,,Nonsense,,,,001_Handbook_of_the_Swatow_Vernacular > A Dictionary of some of the more important words in the Swatow dialect.,250
Thèng-tàⁿ,,Thèng-tàⁿ,,,聽呾,,"Nonsense, to talk",,,,001_Handbook_of_the_Swatow_Vernacular > A Dictionary of some of the more important words in the Swatow dialect.,250
Thám-seⁿ-lam-khou,,Thám-seⁿ-lam-khou,,,縛活結,,"Noose, to make a",,,,001_Handbook_of_the_Swatow_Vernacular > A Dictionary of some of the more important words in the Swatow dialect.,251
Pak,,Pak,,,北,,North,,,,001_Handbook_of_the_Swatow_Vernacular > A Dictionary of some of the more important words in the Swatow dialect.,251
pak-pôiⁿ,,pak-pôiⁿ,,,北爿,北邊,North,,,,001_Handbook_of_the_Swatow_Vernacular > A Dictionary of some of the more important words in the Swatow dialect.,251
Bé-kiáⁿ,,Bé-kiáⁿ,,,碼囝,碼仔,"Number, figure",,,,001_Handbook_of_the_Swatow_Vernacular > A Dictionary of some of the more important words in the Swatow dialect.,251
bé-chí,,bé-chí,,,碼子,碼只,"Number, figure",,,,001_Handbook_of_the_Swatow_Vernacular > A Dictionary of some of the more important words in the Swatow dialect.,251
Tõiⁿ-it,,Tõiⁿ-it,,,第一,第壹,"Number, one",,,,001_Handbook_of_the_Swatow_Vernacular > A Dictionary of some of the more important words in the Swatow dialect.,251
Tõiⁿ-jĩ,,Tõiⁿ-jĩ,,,第二,第弍,"Number, two",,,,001_Handbook_of_the_Swatow_Vernacular > A Dictionary of some of the more important words in the Swatow dialect.,251
Niⁿ-bó,,Niⁿ-bó,,,奶母,,Nurse,,,,001_Handbook_of_the_Swatow_Vernacular > A Dictionary of some of the more important words in the Swatow dialect.,251
zú-bó,,zú-bó,,,乳母,,Nurse,,,,001_Handbook_of_the_Swatow_Vernacular > A Dictionary of some of the more important words in the Swatow dialect.,251
Sũn,,Sũn,,,順,,Obey,,,,001_Handbook_of_the_Swatow_Vernacular > A Dictionary of some of the more important words in the Swatow dialect.,251
thiaⁿ,,thiaⁿ,,,聽,,Obey,,,,001_Handbook_of_the_Swatow_Vernacular > A Dictionary of some of the more important words in the Swatow dialect.,251
Ngẽ-liáh,,Ngẽ-liáh,,,硬掠,,"Oblige, by force",,,,001_Handbook_of_the_Swatow_Vernacular > A Dictionary of some of the more important words in the Swatow dialect.,251
Chip-ì,,Chip-ì,,,執意,,Obstinate,,,,001_Handbook_of_the_Swatow_Vernacular > A Dictionary of some of the more important words in the Swatow dialect.,251
chip-phiah,,chip-phiah,,,執癖,,Obstinate,,,,001_Handbook_of_the_Swatow_Vernacular > A Dictionary of some of the more important words in the Swatow dialect.,251
jĩm-ì,,jĩm-ì,,,任意,,Obstinate,,,,001_Handbook_of_the_Swatow_Vernacular > A Dictionary of some of the more important words in the Swatow dialect.,251
Tìn-lōu,,Tìn-lōu,,,鎮路,,"Obstruct, a road",,,,001_Handbook_of_the_Swatow_Vernacular > A Dictionary of some of the more important words in the Swatow dialect.,251
tsáh-lōu,,tsáh-lōu,,,閘路,截路,"Obstruct, a road",,,,001_Handbook_of_the_Swatow_Vernacular > A Dictionary of some of the more important words in the Swatow dialect.,251
Sṳ̄-ngiáp,,Sṳ̄-ngiáp,,,事業,,Occupation,,,,001_Handbook_of_the_Swatow_Vernacular > A Dictionary of some of the more important words in the Swatow dialect.,251
Tit-tsũe,,Tit-tsũe,,,得罪,,Offend,,,,001_Handbook_of_the_Swatow_Vernacular > A Dictionary of some of the more important words in the Swatow dialect.,251
tit-tsõ--tiéh,,tit-tsõ--tiéh,,,得坐着,,Offend,,,,001_Handbook_of_the_Swatow_Vernacular > A Dictionary of some of the more important words in the Swatow dialect.,251
Ē-ē,,Ē-ē,,,下下,屢屢,Often,,,,001_Handbook_of_the_Swatow_Vernacular > A Dictionary of some of the more important words in the Swatow dialect.,251
chiáp,,giáp,,,捷,,Often,,,,001_Handbook_of_the_Swatow_Vernacular > A Dictionary of some of the more important words in the Swatow dialect.,251
chiáp-chiáp,,giáp-giáp,,,捷捷,,Often,,,,001_Handbook_of_the_Swatow_Vernacular > A Dictionary of some of the more important words in the Swatow dialect.,251
Lãu,,Lãu,,,老,,"Old, of man",,,,001_Handbook_of_the_Swatow_Vernacular > A Dictionary of some of the more important words in the Swatow dialect.,251
ũ-nîⁿ-hùe,,ũ-nîⁿ-hùe,,,有年歲,,"Old, of man",,,,001_Handbook_of_the_Swatow_Vernacular > A Dictionary of some of the more important words in the Swatow dialect.,251
Kū,,Kū,,,舊,,"Old, of things",,,,001_Handbook_of_the_Swatow_Vernacular > A Dictionary of some of the more important words in the Swatow dialect.,251
Làng-tiòu,,Làng-tiòu,,,漏掉,漏丢,Omit,,,,001_Handbook_of_the_Swatow_Vernacular > A Dictionary of some of the more important words in the Swatow dialect.,251
Ki-hũe,,Ki-hũe,,,機會,,Opportunity,,,,001_Handbook_of_the_Swatow_Vernacular > A Dictionary of some of the more important words in the Swatow dialect.,251
Tùi-thâu,,Tùi-thâu,,,對頭,,Oppose,,,,001_Handbook_of_the_Swatow_Vernacular > A Dictionary of some of the more important words in the Swatow dialect.,251
tùi-ték,,tùi-ték,,,對敵,,Oppose,,,,001_Handbook_of_the_Swatow_Vernacular > A Dictionary of some of the more important words in the Swatow dialect.,251
Tùi-mīn,,Tùi-mīn,,,對面,,Opposite,,,,001_Handbook_of_the_Swatow_Vernacular > A Dictionary of some of the more important words in the Swatow dialect.,251
sie-tùi,,sie-tùi,,,相對,,Opposite,,,,001_Handbook_of_the_Swatow_Vernacular > A Dictionary of some of the more important words in the Swatow dialect.,251
Kúe-chí-hn̂g,,Kúe-chí-hn̂g,,,果子園,菓子園,Orchard,,,,001_Handbook_of_the_Swatow_Vernacular > A Dictionary of some of the more important words in the Swatow dialect.,251
Siu-síp,,Siu-síp,,,修拾,,"Order, put in",,,,001_Handbook_of_the_Swatow_Vernacular > A Dictionary of some of the more important words in the Swatow dialect.,252
sṳ̃-lí,,sṳ̃-lí,,,伺理,修理,"Order, put in",,,,001_Handbook_of_the_Swatow_Vernacular > A Dictionary of some of the more important words in the Swatow dialect.,252
Mẽng,,Mẽng,,,命,,"Order, an",,,,001_Handbook_of_the_Swatow_Vernacular > A Dictionary of some of the more important words in the Swatow dialect.,252
lẽng,,lẽng,,,令,,"Order, an",,,,001_Handbook_of_the_Swatow_Vernacular > A Dictionary of some of the more important words in the Swatow dialect.,252
Kiè,,Kiè,,,叫,呌,"Order, to",,,,001_Handbook_of_the_Swatow_Vernacular > A Dictionary of some of the more important words in the Swatow dialect.,252
mẽng,,mẽng,,,命,,"Order, to",,,,001_Handbook_of_the_Swatow_Vernacular > A Dictionary of some of the more important words in the Swatow dialect.,252
Pńg,,Pńg,,,本,,Origin,,,,001_Handbook_of_the_Swatow_Vernacular > A Dictionary of some of the more important words in the Swatow dialect.,252
kṳn-pńg,,kṳn-pńg,,,根本,,Origin,,,,001_Handbook_of_the_Swatow_Vernacular > A Dictionary of some of the more important words in the Swatow dialect.,252
Pńg-lâi,,Pńg-lâi,,,本來,,Originally,,,,001_Handbook_of_the_Swatow_Vernacular > A Dictionary of some of the more important words in the Swatow dialect.,252
nguân-lâi,,nguân-lâi,,,原來,源來,Originally,,,,001_Handbook_of_the_Swatow_Vernacular > A Dictionary of some of the more important words in the Swatow dialect.,252
Hó-thóiⁿ,,Hó-thóiⁿ,,,好睇,好看,Ornamental,,,,001_Handbook_of_the_Swatow_Vernacular > A Dictionary of some of the more important words in the Swatow dialect.,252
Bô-pẽ-bô-bó,,Bô-pẽ-bô-bó,,,無父無母,,Orphan,,,,001_Handbook_of_the_Swatow_Vernacular > A Dictionary of some of the more important words in the Swatow dialect.,252
Húe-lôu,,Húe-lôu,,,火爐,,Oven,,,,001_Handbook_of_the_Swatow_Vernacular > A Dictionary of some of the more important words in the Swatow dialect.,252
Ngiou-thâu-chióu,,Ngiou-thâu-chióu,,,貓頭鳥,,Owl,,,,001_Handbook_of_the_Swatow_Vernacular > A Dictionary of some of the more important words in the Swatow dialect.,252
Tsng,,Tsng,,,裝,,"Pack, in a box",,,,001_Handbook_of_the_Swatow_Vernacular > A Dictionary of some of the more important words in the Swatow dialect.,252
tsuang,,tsuang,,,裝,,"Pack, in a box",,,,001_Handbook_of_the_Swatow_Vernacular > A Dictionary of some of the more important words in the Swatow dialect.,252
Jiê,,Jiê,,,漿,漿仔,Paddle,,,,001_Handbook_of_the_Swatow_Vernacular > A Dictionary of some of the more important words in the Swatow dialect.,252
Chhek,,Chhek,,,粟,,Paddy,,,,001_Handbook_of_the_Swatow_Vernacular > A Dictionary of some of the more important words in the Swatow dialect.,252
Só-thâu,,Só-thâu,,,鎖頭,,Padlock,,,,001_Handbook_of_the_Swatow_Vernacular > A Dictionary of some of the more important words in the Swatow dialect.,252
Mīn,,Mīn,,,面,,"Page, of book",,,,001_Handbook_of_the_Swatow_Vernacular > A Dictionary of some of the more important words in the Swatow dialect.,252
Thah,,Thah,,,塔,,Pagoda,,,,001_Handbook_of_the_Swatow_Vernacular > A Dictionary of some of the more important words in the Swatow dialect.,252
Thiàⁿ,,Thiàⁿ,,,痛,,Pain,,,,001_Handbook_of_the_Swatow_Vernacular > A Dictionary of some of the more important words in the Swatow dialect.,252
Iû,,Iû,,,油,,"Paint, to",,,,001_Handbook_of_the_Swatow_Vernacular > A Dictionary of some of the more important words in the Swatow dialect.,252
sái-iû,,sái-iû,,,使油,,"Paint, to",,,,001_Handbook_of_the_Swatow_Vernacular > A Dictionary of some of the more important words in the Swatow dialect.,252
Sái-iû sai-pẽ,,Sái-iû sai-pẽ,,,使油司阜,,Painter,,,,001_Handbook_of_the_Swatow_Vernacular > A Dictionary of some of the more important words in the Swatow dialect.,252
Chék-tùi,,Chék-tùi,,,一對,壹對,"Pair, a",,,,001_Handbook_of_the_Swatow_Vernacular > A Dictionary of some of the more important words in the Swatow dialect.,252
chék-sang,,chék-sang,,,一雙,壹雙,"Pair, a",,,,001_Handbook_of_the_Swatow_Vernacular > A Dictionary of some of the more important words in the Swatow dialect.,252
Phùe,,Phùe,,,配,,"Pair, to",,,,001_Handbook_of_the_Swatow_Vernacular > A Dictionary of some of the more important words in the Swatow dialect.,252
phit-phùe,,phit-phùe,,,匹配,,"Pair, to",,,,001_Handbook_of_the_Swatow_Vernacular > A Dictionary of some of the more important words in the Swatow dialect.,252
Uâng-keng,,Uâng-keng,,,王宮,,Palace,,,,001_Handbook_of_the_Swatow_Vernacular > A Dictionary of some of the more important words in the Swatow dialect.,253
N̂g-sng,,N̂g-sng,,,黃酸,,"Pale, sickly",,,,001_Handbook_of_the_Swatow_Vernacular > A Dictionary of some of the more important words in the Swatow dialect.,253
chheⁿ-chheⁿ,,chheⁿ-chheⁿ,,,青青,靑靑,"Pale, sickly",,,,001_Handbook_of_the_Swatow_Vernacular > A Dictionary of some of the more important words in the Swatow dialect.,253
Ou-ou,,Ou-ou,,,烏烏,,"Pale, in fright",,,,001_Handbook_of_the_Swatow_Vernacular > A Dictionary of some of the more important words in the Swatow dialect.,253
chheⁿ-chheⁿ,,chheⁿ-chheⁿ,,,青青,靑靑,"Pale, in fright",,,,001_Handbook_of_the_Swatow_Vernacular > A Dictionary of some of the more important words in the Swatow dialect.,253
Chhiú-tói,,Chhiú-tói,,,手底,,"Palm, of hand",,,,001_Handbook_of_the_Swatow_Vernacular > A Dictionary of some of the more important words in the Swatow dialect.,253
Kiaⁿ-kàu-kông--khṳ̀,,Kiaⁿ-kàu-kông--khṳ̀,,,驚到戇去,驚到狂去,Panic,,,,001_Handbook_of_the_Swatow_Vernacular > A Dictionary of some of the more important words in the Swatow dialect.,253
Kan-hu,,Kan-hu,,,姦夫,奸夫,Paramour,,,,001_Handbook_of_the_Swatow_Vernacular > A Dictionary of some of the more important words in the Swatow dialect.,253
lãu-iãng,,lãu-iãng,,,老延,,Paramour,,,,001_Handbook_of_the_Swatow_Vernacular > A Dictionary of some of the more important words in the Swatow dialect.,253
Pau,,Pau,,,包,,Parcel,,,,001_Handbook_of_the_Swatow_Vernacular > A Dictionary of some of the more important words in the Swatow dialect.,253
Sià-tsũe,,Sià-tsũe,,,赦罪,,Pardon,,,,001_Handbook_of_the_Swatow_Vernacular > A Dictionary of some of the more important words in the Swatow dialect.,253
khuan,,khuan,,,寛,,Pardon,,,,001_Handbook_of_the_Swatow_Vernacular > A Dictionary of some of the more important words in the Swatow dialect.,253
Siang-piét,,Siang-piét,,,相别,,"Part, to",,,,001_Handbook_of_the_Swatow_Vernacular > A Dictionary of some of the more important words in the Swatow dialect.,253
lî-piêt,,lî-piêt,,,離別,,"Part, to",,,,001_Handbook_of_the_Swatow_Vernacular > A Dictionary of some of the more important words in the Swatow dialect.,253
Sòi-siâng,,Sòi-siâng,,,細詳,,Particulars,,,,001_Handbook_of_the_Swatow_Vernacular > A Dictionary of some of the more important words in the Swatow dialect.,253
Siám,,Siám,,,閃,,"Partition, wooden",,,,001_Handbook_of_the_Swatow_Vernacular > A Dictionary of some of the more important words in the Swatow dialect.,253
Piah,,Piah,,,壁,,"Partition, lime",,,,001_Handbook_of_the_Swatow_Vernacular > A Dictionary of some of the more important words in the Swatow dialect.,253
Tsûn-tsou,,Tsûn-tsou,,,船租,,"Passage, of boat",,,,001_Handbook_of_the_Swatow_Vernacular > A Dictionary of some of the more important words in the Swatow dialect.,253
Kheh,,Kheh,,,客,,Passenger,,,,001_Handbook_of_the_Swatow_Vernacular > A Dictionary of some of the more important words in the Swatow dialect.,253
tah-kheh,,tah-kheh,,,搭客,,Passenger,,,,001_Handbook_of_the_Swatow_Vernacular > A Dictionary of some of the more important words in the Swatow dialect.,253
Lōu-phiè,,Lōu-phiè,,,路票,,Passport,,,,001_Handbook_of_the_Swatow_Vernacular > A Dictionary of some of the more important words in the Swatow dialect.,253
Kôu,,Kôu,,,糊,,Paste,,,,001_Handbook_of_the_Swatow_Vernacular > A Dictionary of some of the more important words in the Swatow dialect.,253
chieⁿ,,chieⁿ,,,漿,樟,Paste,,,,001_Handbook_of_the_Swatow_Vernacular > A Dictionary of some of the more important words in the Swatow dialect.,253
Khóh-kôu,,Khóh-kôu,,,煲糊,,"Paste, to make",,,,001_Handbook_of_the_Swatow_Vernacular > A Dictionary of some of the more important words in the Swatow dialect.,253
Tsháu-tiêⁿ,,Tsháu-tiêⁿ,,,草場,草塲,Pasture,,,,001_Handbook_of_the_Swatow_Vernacular > A Dictionary of some of the more important words in the Swatow dialect.,253
tsháu-pou,,tsháu-pou,,,草埔,草埠,Pasture,,,,001_Handbook_of_the_Swatow_Vernacular > A Dictionary of some of the more important words in the Swatow dialect.,253
Póu,,Póu,,,補,,Patch,,,,001_Handbook_of_the_Swatow_Vernacular > A Dictionary of some of the more important words in the Swatow dialect.,253
Lōu,,Lōu,,,路,,Path,,,,001_Handbook_of_the_Swatow_Vernacular > A Dictionary of some of the more important words in the Swatow dialect.,253
lōu-kiáⁿ,,lōu-kiáⁿ,,,路囝,路仔,Path,,,,001_Handbook_of_the_Swatow_Vernacular > A Dictionary of some of the more important words in the Swatow dialect.,253
Iēⁿ,,Iēⁿ,,,樣,,Pattern,,,,001_Handbook_of_the_Swatow_Vernacular > A Dictionary of some of the more important words in the Swatow dialect.,254
pān,,pān,,,辦,,Pattern,,,,001_Handbook_of_the_Swatow_Vernacular > A Dictionary of some of the more important words in the Swatow dialect.,254
pān-thâu,,pān-thâu,,,辦頭,,Pattern,,,,001_Handbook_of_the_Swatow_Vernacular > A Dictionary of some of the more important words in the Swatow dialect.,254
Phou-chiéh,,Phou-chiéh,,,鋪石,,Pave,,,,001_Handbook_of_the_Swatow_Vernacular > A Dictionary of some of the more important words in the Swatow dialect.,254
Chiéh-lōu,,Chiéh-lōu,,,石路,,Pavement,,,,001_Handbook_of_the_Swatow_Vernacular > A Dictionary of some of the more important words in the Swatow dialect.,254
Chiéⁿ,,Chiéⁿ,,,掌,,Paw,,,,001_Handbook_of_the_Swatow_Vernacular > A Dictionary of some of the more important words in the Swatow dialect.,254
Tǹg,,Tǹg,,,當,,Pawn,,,,001_Handbook_of_the_Swatow_Vernacular > A Dictionary of some of the more important words in the Swatow dialect.,254
Tǹg-phòu,,Tǹg-phòu,,,當舖,,Pawnshop,,,,001_Handbook_of_the_Swatow_Vernacular > A Dictionary of some of the more important words in the Swatow dialect.,254
Phêng-an,,Phêng-an,,,平安,,Peace,,,,001_Handbook_of_the_Swatow_Vernacular > A Dictionary of some of the more important words in the Swatow dialect.,254
thài-phêng,,thài-phêng,,,太平,,Peace,,,,001_Handbook_of_the_Swatow_Vernacular > A Dictionary of some of the more important words in the Swatow dialect.,254
Phêng-hûa,,Phêng-hûa,,,平和,,"Peace, with enemy",,,,001_Handbook_of_the_Swatow_Vernacular > A Dictionary of some of the more important words in the Swatow dialect.,254
Tsoh-tshân-nâng,,Tsoh-tshân-nâng,,,作田人[訓],,Peasant,,,,001_Handbook_of_the_Swatow_Vernacular > A Dictionary of some of the more important words in the Swatow dialect.,254
hieⁿ-ẽ-nâng,,hieⁿ-ẽ-nâng,,,鄉下人[訓],鄕下人[訓],Peasant,,,,001_Handbook_of_the_Swatow_Vernacular > A Dictionary of some of the more important words in the Swatow dialect.,254
Toh,,Toh,,,啄,食,Peck,,,,001_Handbook_of_the_Swatow_Vernacular > A Dictionary of some of the more important words in the Swatow dialect.,254
Koh-iēⁿ,,Koh-iēⁿ,,,各樣,則樣,Peculiar,,,,001_Handbook_of_the_Swatow_Vernacular > A Dictionary of some of the more important words in the Swatow dialect.,254
Thau-thóiⁿ,,Thau-thóiⁿ,,,偷睇,偷看,Peep,,,,001_Handbook_of_the_Swatow_Vernacular > A Dictionary of some of the more important words in the Swatow dialect.,254
thau-iám,,thau-iám,,,偷睒,偷觀,Peep,,,,001_Handbook_of_the_Swatow_Vernacular > A Dictionary of some of the more important words in the Swatow dialect.,254
Sî-cheng-thūi,,Sî-cheng-thūi,,,時鐘墜,,Pendulum,,,,001_Handbook_of_the_Swatow_Vernacular > A Dictionary of some of the more important words in the Swatow dialect.,254
Jíp,,Jíp,,,入,,Penetrate,,,,001_Handbook_of_the_Swatow_Vernacular > A Dictionary of some of the more important words in the Swatow dialect.,254
thàng,,thàng,,,通,,Penetrate,,,,001_Handbook_of_the_Swatow_Vernacular > A Dictionary of some of the more important words in the Swatow dialect.,254
thàng--kùe,,thàng--kùe,,,通過,,Penetrate,,,,001_Handbook_of_the_Swatow_Vernacular > A Dictionary of some of the more important words in the Swatow dialect.,254
Nâng,,Nâng,,,人[訓],,People,,,,001_Handbook_of_the_Swatow_Vernacular > A Dictionary of some of the more important words in the Swatow dialect.,254
peh-sèⁿ,,peh-sèⁿ,,,百姓,,People,,,,001_Handbook_of_the_Swatow_Vernacular > A Dictionary of some of the more important words in the Swatow dialect.,254
Chèng-nâng,,Chèng-nâng,,,眾人[訓],衆人[訓],"People, all the",,,,001_Handbook_of_the_Swatow_Vernacular > A Dictionary of some of the more important words in the Swatow dialect.,254
tãi-ke,,tãi-ke,,,大家,,"People, all the",,,,001_Handbook_of_the_Swatow_Vernacular > A Dictionary of some of the more important words in the Swatow dialect.,254
Tshûan,,Tshûan,,,全,,Perfect,,,,001_Handbook_of_the_Swatow_Vernacular > A Dictionary of some of the more important words in the Swatow dialect.,254
Tsǹg-khang,,Tsǹg-khang,,,鑽空,,Perforate,,,,001_Handbook_of_the_Swatow_Vernacular > A Dictionary of some of the more important words in the Swatow dialect.,254
tshǹg-khang,,tshǹg-khang,,,剌空,,Perforate,,,,001_Handbook_of_the_Swatow_Vernacular > A Dictionary of some of the more important words in the Swatow dialect.,254
Tsò,,Tsò,,,做,,Perform,,,,001_Handbook_of_the_Swatow_Vernacular > A Dictionary of some of the more important words in the Swatow dialect.,254
kiâⁿ,,kiâⁿ,,,行,,Perform,,,,001_Handbook_of_the_Swatow_Vernacular > A Dictionary of some of the more important words in the Swatow dialect.,254
Tít,,Tít,,,直,,Perpendicular,,,,001_Handbook_of_the_Swatow_Vernacular > A Dictionary of some of the more important words in the Swatow dialect.,254
Tek-ko,,Tek-ko,,,竹竿,竹篙,"Pole, long bamboo",,,,001_Handbook_of_the_Swatow_Vernacular > A Dictionary of some of the more important words in the Swatow dialect.,255
Kú-kú,,Kú-kú,,,久久,,Perpetually,,,,001_Handbook_of_the_Swatow_Vernacular > A Dictionary of some of the more important words in the Swatow dialect.,255
buān-sì,,buān-sì,,,萬世,,Perpetually,,,,001_Handbook_of_the_Swatow_Vernacular > A Dictionary of some of the more important words in the Swatow dialect.,255
Khat-khóu,,Khat-khóu,,,刻苦,,Persevere,,,,001_Handbook_of_the_Swatow_Vernacular > A Dictionary of some of the more important words in the Swatow dialect.,255
Ngẽ-àiⁿ,,Ngẽ-àiⁿ,,,硬愛,硬要,Persist,,,,001_Handbook_of_the_Swatow_Vernacular > A Dictionary of some of the more important words in the Swatow dialect.,255
Kūaⁿ,,Kūaⁿ,,,汗,,Perspiration,,,,001_Handbook_of_the_Swatow_Vernacular > A Dictionary of some of the more important words in the Swatow dialect.,255
Lâu-kūaⁿ,,Lâu-kūaⁿ,,,流汗,,Perspire,,,,001_Handbook_of_the_Swatow_Vernacular > A Dictionary of some of the more important words in the Swatow dialect.,255
Koh-lô,,Koh-lô,,,,告勞,Persuade,,,,001_Handbook_of_the_Swatow_Vernacular > A Dictionary of some of the more important words in the Swatow dialect.,255
Kûn,,Kûn,,,裙,,Petticoat,,,,001_Handbook_of_the_Swatow_Vernacular > A Dictionary of some of the more important words in the Swatow dialect.,255
Sióu-iáⁿ,,Sióu-iáⁿ,,,小影,,Photograph,,,,001_Handbook_of_the_Swatow_Vernacular > A Dictionary of some of the more important words in the Swatow dialect.,255
Hoh-sióu-iáⁿ,,Hoh-sióu-iáⁿ,,,翕小影,,"Photograph, to take",,,,001_Handbook_of_the_Swatow_Vernacular > A Dictionary of some of the more important words in the Swatow dialect.,255
hò-sióu-iáⁿ,,hò-sióu-iáⁿ,,,,耗小影,"Photograph, to take",,,,001_Handbook_of_the_Swatow_Vernacular > A Dictionary of some of the more important words in the Swatow dialect.,255
Ui-seng,,Ui-seng,,,醫生,,Physician,,,,001_Handbook_of_the_Swatow_Vernacular > A Dictionary of some of the more important words in the Swatow dialect.,255
sin-seⁿ,,sin-seⁿ,,,先生,,Physician,,,,001_Handbook_of_the_Swatow_Vernacular > A Dictionary of some of the more important words in the Swatow dialect.,255
Tóh,,Tóh,,,擇,,"Pick, up",,,,001_Handbook_of_the_Swatow_Vernacular > A Dictionary of some of the more important words in the Swatow dialect.,255
Tshǹg,,Tshǹg,,,刺,,Pierce,,,,001_Handbook_of_the_Swatow_Vernacular > A Dictionary of some of the more important words in the Swatow dialect.,255
Tháh,,Tháh,,,疊,叠,"Pile, to",,,,001_Handbook_of_the_Swatow_Vernacular > A Dictionary of some of the more important words in the Swatow dialect.,255
thiáp,,thiáp,,,,,"Pile, to",,,,001_Handbook_of_the_Swatow_Vernacular > A Dictionary of some of the more important words in the Swatow dialect.,255
Ah-nih,,Ah-nih,,,鴨攝,,"Pincers, for drawing hair",,,,001_Handbook_of_the_Swatow_Vernacular > A Dictionary of some of the more important words in the Swatow dialect.,255
nih-kiáⁿ,,nih-kiáⁿ,,,攝囝,攝子,"Pincers, for drawing hair",,,,001_Handbook_of_the_Swatow_Vernacular > A Dictionary of some of the more important words in the Swatow dialect.,255
Liàm,,Liàm,,,捻,,Pinch,,,,001_Handbook_of_the_Swatow_Vernacular > A Dictionary of some of the more important words in the Swatow dialect.,255
Tâng,,Tâng,,,筒,,Pipe,,,,001_Handbook_of_the_Swatow_Vernacular > A Dictionary of some of the more important words in the Swatow dialect.,255
Hun-tâng,,Hun-tâng,,,薰筒,烟筒,"Pipe, for smoking",,,,001_Handbook_of_the_Swatow_Vernacular > A Dictionary of some of the more important words in the Swatow dialect.,255
Kheⁿ,,Kheⁿ,,,坑,,Pit,,,,001_Handbook_of_the_Swatow_Vernacular > A Dictionary of some of the more important words in the Swatow dialect.,255
khut,,khut,,,窟,屈,Pit,,,,001_Handbook_of_the_Swatow_Vernacular > A Dictionary of some of the more important words in the Swatow dialect.,255
Sim,,Sim,,,心,,Pith,,,,001_Handbook_of_the_Swatow_Vernacular > A Dictionary of some of the more important words in the Swatow dialect.,255
Khó-sieh,,Khó-sieh,,,可惜,,Pity,,,,001_Handbook_of_the_Swatow_Vernacular > A Dictionary of some of the more important words in the Swatow dialect.,256
khó-thiàⁿ,,khó-thiàⁿ,,,可痛,,Pity,,,,001_Handbook_of_the_Swatow_Vernacular > A Dictionary of some of the more important words in the Swatow dialect.,256
Jī-péh,,Jī-péh,,,字白,,Placard,,,,001_Handbook_of_the_Swatow_Vernacular > A Dictionary of some of the more important words in the Swatow dialect.,256
Siéⁿ-keh,,Siéⁿ-keh,,,賞格,,"Placard, offering reward",,,,001_Handbook_of_the_Swatow_Vernacular > A Dictionary of some of the more important words in the Swatow dialect.,256
Un-chiàng,,Un-chiàng,,,瘟瘴,,Plague,,,,001_Handbook_of_the_Swatow_Vernacular > A Dictionary of some of the more important words in the Swatow dialect.,256
sî-lẽng,,sî-lẽng,,,時令,,Plague,,,,001_Handbook_of_the_Swatow_Vernacular > A Dictionary of some of the more important words in the Swatow dialect.,256
Mêng-péh,,Mêng-péh,,,明白,,"Plain, clear",,,,001_Handbook_of_the_Swatow_Vernacular > A Dictionary of some of the more important words in the Swatow dialect.,256
hun-mêng,,hun-mêng,,,分明,,"Plain, clear",,,,001_Handbook_of_the_Swatow_Vernacular > A Dictionary of some of the more important words in the Swatow dialect.,256
Pĩⁿ,,Pĩⁿ,,,辮,,"Plait, to",,,,001_Handbook_of_the_Swatow_Vernacular > A Dictionary of some of the more important words in the Swatow dialect.,256
Tôu,,Tôu,,,圖,,Plan,,,,001_Handbook_of_the_Swatow_Vernacular > A Dictionary of some of the more important words in the Swatow dialect.,256
Tshù-tôu,,Tshù-tôu,,,厝圖,,"Plan, for a builder",,,,001_Handbook_of_the_Swatow_Vernacular > A Dictionary of some of the more important words in the Swatow dialect.,256
tshù-kék,,tshù-kék,,,厝局,,"Plan, for a builder",,,,001_Handbook_of_the_Swatow_Vernacular > A Dictionary of some of the more important words in the Swatow dialect.,256
Ngóu-chheⁿ,,Ngóu-chheⁿ,,,伍星,,Planet,,,,001_Handbook_of_the_Swatow_Vernacular > A Dictionary of some of the more important words in the Swatow dialect.,256
Chèng,,Chèng,,,種,,"Plant, to",,,,001_Handbook_of_the_Swatow_Vernacular > A Dictionary of some of the more important words in the Swatow dialect.,256
Hó,,Hó,,,好,,Pleasant,,,,001_Handbook_of_the_Swatow_Vernacular > A Dictionary of some of the more important words in the Swatow dialect.,256
Kòi-mông,,Kòi-mông,,,計謀,,Plot,,,,001_Handbook_of_the_Swatow_Vernacular > A Dictionary of some of the more important words in the Swatow dialect.,256
Lôi,,Lôi,,,犁,犂,Plough,,,,001_Handbook_of_the_Swatow_Vernacular > A Dictionary of some of the more important words in the Swatow dialect.,256
Tiah,,Tiah,,,摘,,"Pluck, as flowers",,,,001_Handbook_of_the_Swatow_Vernacular > A Dictionary of some of the more important words in the Swatow dialect.,256
Sat,,Sat,,,塞,,"Plug, a hole",,,,001_Handbook_of_the_Swatow_Vernacular > A Dictionary of some of the more important words in the Swatow dialect.,256
Poiⁿ,,Poiⁿ,,,斑,,Pock-mark,,,,001_Handbook_of_the_Swatow_Vernacular > A Dictionary of some of the more important words in the Swatow dialect.,256
Si,,Si,,,詩,,Poem,,,,001_Handbook_of_the_Swatow_Vernacular > A Dictionary of some of the more important words in the Swatow dialect.,256
Kí,,Kí,,,指,扯,"Point, to",,,,001_Handbook_of_the_Swatow_Vernacular > A Dictionary of some of the more important words in the Swatow dialect.,256
Chiáh-sí-nâng,,Chiáh-sí-nâng,,,食死人[訓],,Poison,,,,001_Handbook_of_the_Swatow_Vernacular > A Dictionary of some of the more important words in the Swatow dialect.,256
ták-iéh,,ták-iéh,,,毒藥,,Poison,,,,001_Handbook_of_the_Swatow_Vernacular > A Dictionary of some of the more important words in the Swatow dialect.,256
Phoi-taⁿ,,Phoi-taⁿ,,,批擔,,"Pole, for carrying",,,,001_Handbook_of_the_Swatow_Vernacular > A Dictionary of some of the more important words in the Swatow dialect.,256
pêⁿ-taⁿ,,pêⁿ-taⁿ,,,扁擔,平擔,"Pole, for carrying",,,,001_Handbook_of_the_Swatow_Vernacular > A Dictionary of some of the more important words in the Swatow dialect.,256
Kui-kṳ́,,Kui-kṳ́,,,規矩,,Polite,,,,001_Handbook_of_the_Swatow_Vernacular > A Dictionary of some of the more important words in the Swatow dialect.,257
ũ-lói,,ũ-lói,,,有禮,,Polite,,,,001_Handbook_of_the_Swatow_Vernacular > A Dictionary of some of the more important words in the Swatow dialect.,257
Mak-tiéh-nah-sap,,Mak-tiéh-nah-sap,,,衊着垃圾,染着污穢,Pollute,,,,001_Handbook_of_the_Swatow_Vernacular > A Dictionary of some of the more important words in the Swatow dialect.,257
hú-tiéh nah-sap,,hú-tiéh nah-sap,,,捬着垃圾,,Pollute,,,,001_Handbook_of_the_Swatow_Vernacular > A Dictionary of some of the more important words in the Swatow dialect.,257
Tî,,Tî,,,池,,Pond,,,,001_Handbook_of_the_Swatow_Vernacular > A Dictionary of some of the more important words in the Swatow dialect.,257
Khiou,,Khiou,,,磽,貧,Poor,,,,001_Handbook_of_the_Swatow_Vernacular > A Dictionary of some of the more important words in the Swatow dialect.,257
kêng,,kêng,,,窮,貧,Poor,,,,001_Handbook_of_the_Swatow_Vernacular > A Dictionary of some of the more important words in the Swatow dialect.,257
Sièⁿ,,Sièⁿ,,,像,,Portrait,,,,001_Handbook_of_the_Swatow_Vernacular > A Dictionary of some of the more important words in the Swatow dialect.,257
Kiáⁿ-sun,,Kiáⁿ-sun,,,囝孫,子孫,Posterity,,,,001_Handbook_of_the_Swatow_Vernacular > A Dictionary of some of the more important words in the Swatow dialect.,257
ãu-ĩ,,ãu-ĩ,,,後裔,,Posterity,,,,001_Handbook_of_the_Swatow_Vernacular > A Dictionary of some of the more important words in the Swatow dialect.,257
Àn,,Àn,,,按,,Postpone,,,,001_Handbook_of_the_Swatow_Vernacular > A Dictionary of some of the more important words in the Swatow dialect.,257
tòng,,tòng,,,當,,Postpone,,,,001_Handbook_of_the_Swatow_Vernacular > A Dictionary of some of the more important words in the Swatow dialect.,257
Tūa-tóu-lap,,Tūa-tóu-lap,,,大肚,,Pot-bellied,,,,001_Handbook_of_the_Swatow_Vernacular > A Dictionary of some of the more important words in the Swatow dialect.,257
Koi-ah,,Koi-ah,,,雞鴨,鷄鴨,Poultry,,,,001_Handbook_of_the_Swatow_Vernacular > A Dictionary of some of the more important words in the Swatow dialect.,257
Tò,,Tò,,,倒,,Pour,,,,001_Handbook_of_the_Swatow_Vernacular > A Dictionary of some of the more important words in the Swatow dialect.,257
Khuân,,Khuân,,,權,,Power,,,,001_Handbook_of_the_Swatow_Vernacular > A Dictionary of some of the more important words in the Swatow dialect.,257
Lât,,Lât,,,力,,"Power, force",,,,001_Handbook_of_the_Swatow_Vernacular > A Dictionary of some of the more important words in the Swatow dialect.,257
Óh,,Óh,,,學,,Practise,,,,001_Handbook_of_the_Swatow_Vernacular > A Dictionary of some of the more important words in the Swatow dialect.,257
liēn,,liēn,,,練,,Practise,,,,001_Handbook_of_the_Swatow_Vernacular > A Dictionary of some of the more important words in the Swatow dialect.,257
O-ló,,O-ló,,,呵咾,稱誦,Praise,,,,001_Handbook_of_the_Swatow_Vernacular > A Dictionary of some of the more important words in the Swatow dialect.,257
Thuân,,Thuân,,,傳,,Preach,,,,001_Handbook_of_the_Swatow_Vernacular > A Dictionary of some of the more important words in the Swatow dialect.,257
Thuân-tõ-lí,,Thuân-tõ-lí,,,傳道理,,"Preach, the Gospel",,,,001_Handbook_of_the_Swatow_Vernacular > A Dictionary of some of the more important words in the Swatow dialect.,257
Pó,,Pó,,,寶,,Precious,,,,001_Handbook_of_the_Swatow_Vernacular > A Dictionary of some of the more important words in the Swatow dialect.,257
pó-pùe,,pó-pùe,,,寶貝,,Precious,,,,001_Handbook_of_the_Swatow_Vernacular > A Dictionary of some of the more important words in the Swatow dialect.,257
Ti-hú,,Ti-hú,,,知府,,Prefect,,,,001_Handbook_of_the_Swatow_Vernacular > A Dictionary of some of the more important words in the Swatow dialect.,257
hú-thài-iâ,,hú-thài-iâ,,,府太爺,,Prefect,,,,001_Handbook_of_the_Swatow_Vernacular > A Dictionary of some of the more important words in the Swatow dialect.,257
Hú,,Hú,,,府,,Prefecture,,,,001_Handbook_of_the_Swatow_Vernacular > A Dictionary of some of the more important words in the Swatow dialect.,257
Siãng,,Siãng,,,尚,中意,Prefer,,,,001_Handbook_of_the_Swatow_Vernacular > A Dictionary of some of the more important words in the Swatow dialect.,257
Ũ-sin-hūn,,Ũ-sin-hūn,,,有身份,,Pregnant,,,,001_Handbook_of_the_Swatow_Vernacular > A Dictionary of some of the more important words in the Swatow dialect.,258
ũ-tho,,ũ-tho,,,有胎,,Pregnant,,,,001_Handbook_of_the_Swatow_Vernacular > A Dictionary of some of the more important words in the Swatow dialect.,258
Ṳ̃,,Ṳ̃,,,預,,Prepare,,,,001_Handbook_of_the_Swatow_Vernacular > A Dictionary of some of the more important words in the Swatow dialect.,258
ṳ̃-pĩ,,ṳ̃-pĩ,,,預備,,Prepare,,,,001_Handbook_of_the_Swatow_Vernacular > A Dictionary of some of the more important words in the Swatow dialect.,258
Sàng,,Sàng,,,送,,"Present, to",,,,001_Handbook_of_the_Swatow_Vernacular > A Dictionary of some of the more important words in the Swatow dialect.,258
Hīn-tsãi,,Hīn-tsãi,,,現在,,"Present, time",,,,001_Handbook_of_the_Swatow_Vernacular > A Dictionary of some of the more important words in the Swatow dialect.,258
ngán-tsãi,,ngán-tsãi,,,眼在,,"Present, time",,,,001_Handbook_of_the_Swatow_Vernacular > A Dictionary of some of the more important words in the Swatow dialect.,258
tong-kim,,tong-kim,,,中今,,"Present, time",,,,001_Handbook_of_the_Swatow_Vernacular > A Dictionary of some of the more important words in the Swatow dialect.,258
Jih,,Jih,,,揤,,"Press, with the hand",,,,001_Handbook_of_the_Swatow_Vernacular > A Dictionary of some of the more important words in the Swatow dialect.,258
Teh,,Teh,,,壓,,"Press, with something heavy",,,,001_Handbook_of_the_Swatow_Vernacular > A Dictionary of some of the more important words in the Swatow dialect.,258
Ké,,Ké,,,假,,Pretend,,,,001_Handbook_of_the_Swatow_Vernacular > A Dictionary of some of the more important words in the Swatow dialect.,258
Tèⁿ-m̄-tsai,,Tèⁿ-m̄-tsai,,,佯毋知,假不知,"Pretend, not knowing",,,,001_Handbook_of_the_Swatow_Vernacular > A Dictionary of some of the more important words in the Swatow dialect.,258
Ngiá,,Ngiá,,,雅,,Pretty,,,,001_Handbook_of_the_Swatow_Vernacular > A Dictionary of some of the more important words in the Swatow dialect.,258
zû,,zû,,,儒,,Pretty,,,,001_Handbook_of_the_Swatow_Vernacular > A Dictionary of some of the more important words in the Swatow dialect.,258
Tsó,,Tsó,,,阻,,Prevent,,,,001_Handbook_of_the_Swatow_Vernacular > A Dictionary of some of the more important words in the Swatow dialect.,258
nûaⁿ,,nûaⁿ,,,,,Prevent,,,,001_Handbook_of_the_Swatow_Vernacular > A Dictionary of some of the more important words in the Swatow dialect.,258
hâⁿ,,hâⁿ,,,,,Prevent,,,,001_Handbook_of_the_Swatow_Vernacular > A Dictionary of some of the more important words in the Swatow dialect.,258
Chhiah,,Chhiah,,,刺,,"Prick, as by a thorn",,,,001_Handbook_of_the_Swatow_Vernacular > A Dictionary of some of the more important words in the Swatow dialect.,258
Thâu,,Thâu,,,頭,,Principal,,,,001_Handbook_of_the_Swatow_Vernacular > A Dictionary of some of the more important words in the Swatow dialect.,258
Ìn,,Ìn,,,印,,Print,,,,001_Handbook_of_the_Swatow_Vernacular > A Dictionary of some of the more important words in the Swatow dialect.,258
Sai-khia,,Sai-khia,,,私奇,,Private,,,,001_Handbook_of_the_Swatow_Vernacular > A Dictionary of some of the more important words in the Swatow dialect.,258
sai-ẽ,,sai-ẽ,,,私下,私,Private,,,,001_Handbook_of_the_Swatow_Vernacular > A Dictionary of some of the more important words in the Swatow dialect.,258
Àm-chẽⁿ,,Àm-chẽⁿ,,,暗靜,,Privately,,,,001_Handbook_of_the_Swatow_Vernacular > A Dictionary of some of the more important words in the Swatow dialect.,258
Tang-si,,Tang-si,,,東司,,"Privy, a",,,,001_Handbook_of_the_Swatow_Vernacular > A Dictionary of some of the more important words in the Swatow dialect.,258
chhè-kng,,chhè-kng,,,廁缸,厕池,"Privy, a",,,,001_Handbook_of_the_Swatow_Vernacular > A Dictionary of some of the more important words in the Swatow dialect.,258
Pa-lak,,Pa-lak,,,或者,,Probably,,,,001_Handbook_of_the_Swatow_Vernacular > A Dictionary of some of the more important words in the Swatow dialect.,258
Kò-sī,,Kò-sī,,,告示,,Proclamation,,,,001_Handbook_of_the_Swatow_Vernacular > A Dictionary of some of the more important words in the Swatow dialect.,258
Phùa-ke-kiáⁿ,,Phùa-ke-kiáⁿ,,,破家囝,破家子,"Prodigal, son",,,,001_Handbook_of_the_Swatow_Vernacular > A Dictionary of some of the more important words in the Swatow dialect.,258
Jīn,,Jīn,,,認,,Profess,,,,001_Handbook_of_the_Swatow_Vernacular > A Dictionary of some of the more important words in the Swatow dialect.,259
Thàn,,Thàn,,,趁,贃,Profit,,,,001_Handbook_of_the_Swatow_Vernacular > A Dictionary of some of the more important words in the Swatow dialect.,259
tit-lĩ,,tit-lĩ,,,得利,,Profit,,,,001_Handbook_of_the_Swatow_Vernacular > A Dictionary of some of the more important words in the Swatow dialect.,259
Chhiàng,,Chhiàng,,,倡,唱,Promise,,,,001_Handbook_of_the_Swatow_Vernacular > A Dictionary of some of the more important words in the Swatow dialect.,259
tshó-chhiàng,,tshó-chhiàng,,,草倡,噪唱,Promise,,,,001_Handbook_of_the_Swatow_Vernacular > A Dictionary of some of the more important words in the Swatow dialect.,259
ìn-sêng,,ìn-sêng,,,應承,應成,Promise,,,,001_Handbook_of_the_Swatow_Vernacular > A Dictionary of some of the more important words in the Swatow dialect.,259
Tùi,,Tùi,,,對,,Proper,,,,001_Handbook_of_the_Swatow_Vernacular > A Dictionary of some of the more important words in the Swatow dialect.,259
tiéh,,tiéh,,,着,,Proper,,,,001_Handbook_of_the_Swatow_Vernacular > A Dictionary of some of the more important words in the Swatow dialect.,259
Ke-ngiáp,,Ke-ngiáp,,,家業,,Property,,,,001_Handbook_of_the_Swatow_Vernacular > A Dictionary of some of the more important words in the Swatow dialect.,259
muéh-ngiáp,,muéh-ngiáp,,,物業,,Property,,,,001_Handbook_of_the_Swatow_Vernacular > A Dictionary of some of the more important words in the Swatow dialect.,259
ke-sṳ̄,,ke-sṳ̄,,,家事,,Property,,,,001_Handbook_of_the_Swatow_Vernacular > A Dictionary of some of the more important words in the Swatow dialect.,259
Heng-sẽng,,Heng-sẽng,,,興盛,,Prosper,,,,001_Handbook_of_the_Swatow_Vernacular > A Dictionary of some of the more important words in the Swatow dialect.,259
heng-uãng,,heng-uãng,,,興旺,,Prosper,,,,001_Handbook_of_the_Swatow_Vernacular > A Dictionary of some of the more important words in the Swatow dialect.,259
Sau,,Sau,,,騷,,Prostitute,,,,001_Handbook_of_the_Swatow_Vernacular > A Dictionary of some of the more important words in the Swatow dialect.,259
khiòu-búe,,khiòu-búe,,,翹尾,娼妓,Prostitute,,,,001_Handbook_of_the_Swatow_Vernacular > A Dictionary of some of the more important words in the Swatow dialect.,259
Pó-iũ,,Pó-iũ,,,保佑,,Protect,,,,001_Handbook_of_the_Swatow_Vernacular > A Dictionary of some of the more important words in the Swatow dialect.,259
pì-iũ,,pì-iũ,,,庇佑,,Protect,,,,001_Handbook_of_the_Swatow_Vernacular > A Dictionary of some of the more important words in the Swatow dialect.,259
pó-hō,,pó-hō,,,保護,,Protect,,,,001_Handbook_of_the_Swatow_Vernacular > A Dictionary of some of the more important words in the Swatow dialect.,259
Khiôu-tshó,,Khiôu-tshó,,,翹楚,驕傲,Proud,,,,001_Handbook_of_the_Swatow_Vernacular > A Dictionary of some of the more important words in the Swatow dialect.,259
Sók-gṳ́,,Sók-gṳ́,,,俗語,,Proverb,,,,001_Handbook_of_the_Swatow_Vernacular > A Dictionary of some of the more important words in the Swatow dialect.,259
Séⁿ,,Séⁿ,,,省,,Province,,,,001_Handbook_of_the_Swatow_Vernacular > A Dictionary of some of the more important words in the Swatow dialect.,259
Kong-chèng,,Kong-chèng,,,公眾,公衆,Public,,,,001_Handbook_of_the_Swatow_Vernacular > A Dictionary of some of the more important words in the Swatow dialect.,259
Chèng-nâng,,Chèng-nâng,,,眾人[訓],衆人[訓],"Public, the",,,,001_Handbook_of_the_Swatow_Vernacular > A Dictionary of some of the more important words in the Swatow dialect.,259
peh-sèⁿ,,peh-sèⁿ,,,百姓,,"Public, the",,,,001_Handbook_of_the_Swatow_Vernacular > A Dictionary of some of the more important words in the Swatow dialect.,259
Thua,,Thua,,,拖,,Pull,,,,001_Handbook_of_the_Swatow_Vernacular > A Dictionary of some of the more important words in the Swatow dialect.,259
Túi,,Túi,,,縋,牽,"Pull, as a rope",,,,001_Handbook_of_the_Swatow_Vernacular > A Dictionary of some of the more important words in the Swatow dialect.,259
Poíh,,Poíh,,,拔,,"Pull, up, as a post",,,,001_Handbook_of_the_Swatow_Vernacular > A Dictionary of some of the more important words in the Swatow dialect.,259
Mán,,Mán,,,挽,,"Pull, up, as a plant",,,,001_Handbook_of_the_Swatow_Vernacular > A Dictionary of some of the more important words in the Swatow dialect.,259
Tsúi-thiu,,Tsúi-thiu,,,水抽,,Pump,,,,001_Handbook_of_the_Swatow_Vernacular > A Dictionary of some of the more important words in the Swatow dialect.,259
tsúi-kiuh,,tsúi-kiuh,,,,,Pump,,,,001_Handbook_of_the_Swatow_Vernacular > A Dictionary of some of the more important words in the Swatow dialect.,259
Thiu,,Thiu,,,抽,,"Pump, to",,,,001_Handbook_of_the_Swatow_Vernacular > A Dictionary of some of the more important words in the Swatow dialect.,259
kiuh,,kiuh,,,,,"Pump, to",,,,001_Handbook_of_the_Swatow_Vernacular > A Dictionary of some of the more important words in the Swatow dialect.,259
Huát,,Huát,,,罰,,Punish,,,,001_Handbook_of_the_Swatow_Vernacular > A Dictionary of some of the more important words in the Swatow dialect.,260
Huang-sìⁿ,,Huang-sìⁿ,,,風扇,,Punkah,,,,001_Handbook_of_the_Swatow_Vernacular > A Dictionary of some of the more important words in the Swatow dialect.,260
Túi-huang,,Túi-huang,,,拖風,,"Punkah, to pull",,,,001_Handbook_of_the_Swatow_Vernacular > A Dictionary of some of the more important words in the Swatow dialect.,260
Tĩ-tsṳ́,,Tĩ-tsṳ́,,,弟子,,"Pupil, scholar",,,,001_Handbook_of_the_Swatow_Vernacular > A Dictionary of some of the more important words in the Swatow dialect.,260
hák-seng,,hák-seng,,,學生,,"Pupil, scholar",,,,001_Handbook_of_the_Swatow_Vernacular > A Dictionary of some of the more important words in the Swatow dialect.,260
Chheng-khih,,Chheng-khih,,,清潔,,Pure,,,,001_Handbook_of_the_Swatow_Vernacular > A Dictionary of some of the more important words in the Swatow dialect.,260
Tiõu-tsuan,,Tiõu-tsuan,,,召專,刁專,Purposely,,,,001_Handbook_of_the_Swatow_Vernacular > A Dictionary of some of the more important words in the Swatow dialect.,260
Léng,,Léng,,,推,,Push,,,,001_Handbook_of_the_Swatow_Vernacular > A Dictionary of some of the more important words in the Swatow dialect.,260
Kông,,Kông,,,戇,狂,Puzzled,,,,001_Handbook_of_the_Swatow_Vernacular > A Dictionary of some of the more important words in the Swatow dialect.,260
Chék-khek-cheng,,Chék-khek-cheng,,,一刻鐘,壹刻鐘,"Quarter, of an hour",,,,001_Handbook_of_the_Swatow_Vernacular > A Dictionary of some of the more important words in the Swatow dialect.,260
Mn̄g,,Mn̄g,,,問,,Question,,,,001_Handbook_of_the_Swatow_Vernacular > A Dictionary of some of the more important words in the Swatow dialect.,260
Piⁿ,,Piⁿ,,,辮,,Queue,,,,001_Handbook_of_the_Swatow_Vernacular > A Dictionary of some of the more important words in the Swatow dialect.,260
Tsúi-ngṳ̂n,,Tsúi-ngṳ̂n,,,水銀,水硍,Quicksilver,,,,001_Handbook_of_the_Swatow_Vernacular > A Dictionary of some of the more important words in the Swatow dialect.,260
Chẽⁿ,,Chẽⁿ,,,靜,,Quiet,,,,001_Handbook_of_the_Swatow_Vernacular > A Dictionary of some of the more important words in the Swatow dialect.,260
chẽⁿ-chẽⁿ,,chẽⁿ-chẽⁿ,,,靜靜,,Quiet,,,,001_Handbook_of_the_Swatow_Vernacular > A Dictionary of some of the more important words in the Swatow dialect.,260
tiām-tiām,,tiām-tiām,,,恬恬,,Quiet,,,,001_Handbook_of_the_Swatow_Vernacular > A Dictionary of some of the more important words in the Swatow dialect.,260
Sie-tàu,,Sie-tàu,,,相鬥,相閗,"Race, to",,,,001_Handbook_of_the_Swatow_Vernacular > A Dictionary of some of the more important words in the Swatow dialect.,260
Sam-pâi,,Sam-pâi,,,杉牌,,Raft,,,,001_Handbook_of_the_Swatow_Vernacular > A Dictionary of some of the more important words in the Swatow dialect.,260
tek-pâi,,tek-pâi,,,竹牌,,Raft,,,,001_Handbook_of_the_Swatow_Vernacular > A Dictionary of some of the more important words in the Swatow dialect.,260
Pòu-tshùi,,Pòu-tshùi,,,布碎,,Rag,,,,001_Handbook_of_the_Swatow_Vernacular > A Dictionary of some of the more important words in the Swatow dialect.,260
Phùa-pòu,,Phùa-pòu,,,破布,,Rags,,,,001_Handbook_of_the_Swatow_Vernacular > A Dictionary of some of the more important words in the Swatow dialect.,260
Húe-chhia,,Húe-chhia,,,火車,,Railway,,,,001_Handbook_of_the_Swatow_Vernacular > A Dictionary of some of the more important words in the Swatow dialect.,260
Cheh-hâm,,Cheh-hâm,,,職銜,,Rank,,,,001_Handbook_of_the_Swatow_Vernacular > A Dictionary of some of the more important words in the Swatow dialect.,260
Hán-tit ũ,,Hán-tit ũ,,,罕得有,,Rare,,,,001_Handbook_of_the_Swatow_Vernacular > A Dictionary of some of the more important words in the Swatow dialect.,260
chié-ũ,,chié-ũ,,,少有,,Rare,,,,001_Handbook_of_the_Swatow_Vernacular > A Dictionary of some of the more important words in the Swatow dialect.,260
Aù-nâng,,Aù-nâng,,,,,Rascal,,,,001_Handbook_of_the_Swatow_Vernacular > A Dictionary of some of the more important words in the Swatow dialect.,261
tshàu-nâng,,tshàu-nâng,,,臭人[訓],,Rascal,,,,001_Handbook_of_the_Swatow_Vernacular > A Dictionary of some of the more important words in the Swatow dialect.,261
Chin,,Chin,,,真,眞,Real,,,,001_Handbook_of_the_Swatow_Vernacular > A Dictionary of some of the more important words in the Swatow dialect.,261
Chin-sít,,Chin-sít,,,真實,眞實,Really,,,,001_Handbook_of_the_Swatow_Vernacular > A Dictionary of some of the more important words in the Swatow dialect.,261
Siu-tang,,Siu-tang,,,收冬,,Reap,,,,001_Handbook_of_the_Swatow_Vernacular > A Dictionary of some of the more important words in the Swatow dialect.,261
Chhī,,Chhī,,,飼,哺,"Rear, as fowls",,,,001_Handbook_of_the_Swatow_Vernacular > A Dictionary of some of the more important words in the Swatow dialect.,261
Uân-kù,,Uân-kù,,,緣故,,Reason,,,,001_Handbook_of_the_Swatow_Vernacular > A Dictionary of some of the more important words in the Swatow dialect.,261
Huán,,Huán,,,反,,"Rebel, to",,,,001_Handbook_of_the_Swatow_Vernacular > A Dictionary of some of the more important words in the Swatow dialect.,261
Siu,,Siu,,,收,,Receive,,,,001_Handbook_of_the_Swatow_Vernacular > A Dictionary of some of the more important words in the Swatow dialect.,261
chih,,chih,,,接,,Receive,,,,001_Handbook_of_the_Swatow_Vernacular > A Dictionary of some of the more important words in the Swatow dialect.,261
Jīn,,Jīn,,,認,,Recognize,,,,001_Handbook_of_the_Swatow_Vernacular > A Dictionary of some of the more important words in the Swatow dialect.,261
jīn-tshut,,jīn-tshut,,,認出,,Recognize,,,,001_Handbook_of_the_Swatow_Vernacular > A Dictionary of some of the more important words in the Swatow dialect.,261
Ín-chìn,,Ín-chìn,,,引荐,,Recommend,,,,001_Handbook_of_the_Swatow_Vernacular > A Dictionary of some of the more important words in the Swatow dialect.,261
kṳ́-chìn,,kṳ́-chìn,,,舉荐,,Recommend,,,,001_Handbook_of_the_Swatow_Vernacular > A Dictionary of some of the more important words in the Swatow dialect.,261
Hûa,,Hûa,,,和,,Reconcile,,,,001_Handbook_of_the_Swatow_Vernacular > A Dictionary of some of the more important words in the Swatow dialect.,261
Hók-tńg,,Hók-tńg,,,復轉,復返,Recover,,,,001_Handbook_of_the_Swatow_Vernacular > A Dictionary of some of the more important words in the Swatow dialect.,261
Chhiú,,Chhiú,,,贖,,Redeem,,,,001_Handbook_of_the_Swatow_Vernacular > A Dictionary of some of the more important words in the Swatow dialect.,261
sók,,sók,,,贖,,Redeem,,,,001_Handbook_of_the_Swatow_Vernacular > A Dictionary of some of the more important words in the Swatow dialect.,261
Pûe-hôiⁿ,,Pûe-hôiⁿ,,,賠還,,Refund,,,,001_Handbook_of_the_Swatow_Vernacular > A Dictionary of some of the more important words in the Swatow dialect.,261
M̄-hàuⁿ,,M̄-hàuⁿ,,,毋好,,"Refuse, to",,,,001_Handbook_of_the_Swatow_Vernacular > A Dictionary of some of the more important words in the Swatow dialect.,261
m̄-khéng,,m̄-khéng,,,毋肯,不肯,"Refuse, to",,,,001_Handbook_of_the_Swatow_Vernacular > A Dictionary of some of the more important words in the Swatow dialect.,261
Kì-miâⁿ,,Kì-miâⁿ,,,記名,,"Register, a name",,,,001_Handbook_of_the_Swatow_Vernacular > A Dictionary of some of the more important words in the Swatow dialect.,261
chhiam-miâⁿ,,chhiam-miâⁿ,,,簽名,,"Register, a name",,,,001_Handbook_of_the_Swatow_Vernacular > A Dictionary of some of the more important words in the Swatow dialect.,261
Tsõ-ūi,,Tsõ-ūi,,,坐位,,Reign,,,,001_Handbook_of_the_Swatow_Vernacular > A Dictionary of some of the more important words in the Swatow dialect.,261
Bé-soh,,Bé-soh,,,馬索,,Reins,,,,001_Handbook_of_the_Swatow_Vernacular > A Dictionary of some of the more important words in the Swatow dialect.,261
Khan-bé-soh,,Khan-bé-soh,,,牽馬索,,"Reins, to hold",,,,001_Handbook_of_the_Swatow_Vernacular > A Dictionary of some of the more important words in the Swatow dialect.,261
Óh,,Óh,,,學,,"Relate, as a story",,,,001_Handbook_of_the_Swatow_Vernacular > A Dictionary of some of the more important words in the Swatow dialect.,261
káng,,káng,,,講,,"Relate, as a story",,,,001_Handbook_of_the_Swatow_Vernacular > A Dictionary of some of the more important words in the Swatow dialect.,261
tàⁿ,,tàⁿ,,,呾,,"Relate, as a story",,,,001_Handbook_of_the_Swatow_Vernacular > A Dictionary of some of the more important words in the Swatow dialect.,261
Chhin-chhek,,Chhin-chhek,,,親戚,,Relations,,,,001_Handbook_of_the_Swatow_Vernacular > A Dictionary of some of the more important words in the Swatow dialect.,262
Chhin,,Chhin,,,親,,"Relations, closely related",,,,001_Handbook_of_the_Swatow_Vernacular > A Dictionary of some of the more important words in the Swatow dialect.,262
So,,So,,,疏,疎,"Relations, distant",,,,001_Handbook_of_the_Swatow_Vernacular > A Dictionary of some of the more important words in the Swatow dialect.,262
Pàng,,Pàng,,,放,,Release,,,,001_Handbook_of_the_Swatow_Vernacular > A Dictionary of some of the more important words in the Swatow dialect.,262
Kà,,Kà,,,教,,Religion,,,,001_Handbook_of_the_Swatow_Vernacular > A Dictionary of some of the more important words in the Swatow dialect.,262
Tit-pn̄g,,Tit-pn̄g,,,得飯,,Rely,,,,001_Handbook_of_the_Swatow_Vernacular > A Dictionary of some of the more important words in the Swatow dialect.,262
Tshûn,,Tshûn,,,存,,Remain,,,,001_Handbook_of_the_Swatow_Vernacular > A Dictionary of some of the more important words in the Swatow dialect.,262
sīn,,sīn,,,剩,,Remain,,,,001_Handbook_of_the_Swatow_Vernacular > A Dictionary of some of the more important words in the Swatow dialect.,262
Nāⁿ,,Nāⁿ,,,,,"Remain, stay",,,,001_Handbook_of_the_Swatow_Vernacular > A Dictionary of some of the more important words in the Swatow dialect.,262
kú-kuài,,kú-kuài,,,古怪,,Remarkable,,,,001_Handbook_of_the_Swatow_Vernacular > A Dictionary of some of the more important words in the Swatow dialect.,262
khî-khá,,khî-khá,,,奇巧,,Remarkable,,,,001_Handbook_of_the_Swatow_Vernacular > A Dictionary of some of the more important words in the Swatow dialect.,262
Kì-tit,,Kì-tit,,,記得,,Remember,,,,001_Handbook_of_the_Swatow_Vernacular > A Dictionary of some of the more important words in the Swatow dialect.,262
it-tit,,it-tit,,,憶得,,Remember,,,,001_Handbook_of_the_Swatow_Vernacular > A Dictionary of some of the more important words in the Swatow dialect.,262
kì-liãm,,kì-liãm,,,記念,,Remember,,,,001_Handbook_of_the_Swatow_Vernacular > A Dictionary of some of the more important words in the Swatow dialect.,262
Puaⁿ,,Puaⁿ,,,搬,,"Remove, residence",,,,001_Handbook_of_the_Swatow_Vernacular > A Dictionary of some of the more important words in the Swatow dialect.,262
Súa,,Súa,,,徙,,"Remove, a thing",,,,001_Handbook_of_the_Swatow_Vernacular > A Dictionary of some of the more important words in the Swatow dialect.,262
Lì,,Lì,,,裂,,Rend,,,,001_Handbook_of_the_Swatow_Vernacular > A Dictionary of some of the more important words in the Swatow dialect.,262
Chiáⁿ-lí,,Chiáⁿ-lí,,,整理,,Repair,,,,001_Handbook_of_the_Swatow_Vernacular > A Dictionary of some of the more important words in the Swatow dialect.,262
siu-síp,,siu-síp,,,收拾,,Repair,,,,001_Handbook_of_the_Swatow_Vernacular > A Dictionary of some of the more important words in the Swatow dialect.,262
pa-lói-hó,,pa-lói-hó,,,,,Repair,,,,001_Handbook_of_the_Swatow_Vernacular > A Dictionary of some of the more important words in the Swatow dialect.,262
Liām,,Liām,,,念,,"Repeat, as lesson",,,,001_Handbook_of_the_Swatow_Vernacular > A Dictionary of some of the more important words in the Swatow dialect.,262
Kói-pìⁿ,,Kói-pìⁿ,,,改變,攺變,Repent,,,,001_Handbook_of_the_Swatow_Vernacular > A Dictionary of some of the more important words in the Swatow dialect.,262
Hûe-phoi,,Hûe-phoi,,,回批,囘批,"Reply, written",,,,001_Handbook_of_the_Swatow_Vernacular > A Dictionary of some of the more important words in the Swatow dialect.,262
hûe-sìn,,hûe-sìn,,,回信,囘信,"Reply, written",,,,001_Handbook_of_the_Swatow_Vernacular > A Dictionary of some of the more important words in the Swatow dialect.,262
Pò,,Pò,,,報,,"Report, to",,,,001_Handbook_of_the_Swatow_Vernacular > A Dictionary of some of the more important words in the Swatow dialect.,262
pò-tsai,,pò-tsai,,,報知,,"Report, to",,,,001_Handbook_of_the_Swatow_Vernacular > A Dictionary of some of the more important words in the Swatow dialect.,262
Chhiáⁿ,,Chhiáⁿ,,,請,,Request,,,,001_Handbook_of_the_Swatow_Vernacular > A Dictionary of some of the more important words in the Swatow dialect.,262
pài-thoh,,pài-thoh,,,拜託,,Request,,,,001_Handbook_of_the_Swatow_Vernacular > A Dictionary of some of the more important words in the Swatow dialect.,262
Chhin-chhiẽⁿ,,Chhin-chhiẽⁿ,,,親像,,Resemble,,,,001_Handbook_of_the_Swatow_Vernacular > A Dictionary of some of the more important words in the Swatow dialect.,262
huáng-sṳ̃,,huáng-sṳ̃,,,仿似,,Resemble,,,,001_Handbook_of_the_Swatow_Vernacular > A Dictionary of some of the more important words in the Swatow dialect.,262
Khiã-khí,,Khiã-khí,,,徛起,居住,Reside,,,,001_Handbook_of_the_Swatow_Vernacular > A Dictionary of some of the more important words in the Swatow dialect.,263
tiū,,tiū,,,居,,Reside,,,,001_Handbook_of_the_Swatow_Vernacular > A Dictionary of some of the more important words in the Swatow dialect.,263
Sî,,Sî,,,辭,,Resign,,,,001_Handbook_of_the_Swatow_Vernacular > A Dictionary of some of the more important words in the Swatow dialect.,263
Sêng-hieⁿ,,Sêng-hieⁿ,,,松香,,Resin,,,,001_Handbook_of_the_Swatow_Vernacular > A Dictionary of some of the more important words in the Swatow dialect.,263
Kèng,,Kèng,,,敬,,"Respect, to",,,,001_Handbook_of_the_Swatow_Vernacular > A Dictionary of some of the more important words in the Swatow dialect.,263
kèng-tõng,,kèng-tõng,,,敬重,,"Respect, to",,,,001_Handbook_of_the_Swatow_Vernacular > A Dictionary of some of the more important words in the Swatow dialect.,263
thóiⁿ-tõng,,thóiⁿ-tõng,,,睇重,看重,"Respect, to",,,,001_Handbook_of_the_Swatow_Vernacular > A Dictionary of some of the more important words in the Swatow dialect.,263
Hiah,,Hiah,,,歇,宿,Rest,,,,001_Handbook_of_the_Swatow_Vernacular > A Dictionary of some of the more important words in the Swatow dialect.,263
Hiah-tiām,,Hiah-tiām,,,歇恬,歇停,"Rest, for a while",,,,001_Handbook_of_the_Swatow_Vernacular > A Dictionary of some of the more important words in the Swatow dialect.,263
Khî-ṳ̂,,Khî-ṳ̂,,,其餘,,"Rest, the",,,,001_Handbook_of_the_Swatow_Vernacular > A Dictionary of some of the more important words in the Swatow dialect.,263
lióu,,lióu,,,了,,"Rest, the",,,,001_Handbook_of_the_Swatow_Vernacular > A Dictionary of some of the more important words in the Swatow dialect.,263
Thò,,Thò,,,退,,Retire,,,,001_Handbook_of_the_Swatow_Vernacular > A Dictionary of some of the more important words in the Swatow dialect.,263
Thò,,Thò,,,退,,Retreat,,,,001_Handbook_of_the_Swatow_Vernacular > A Dictionary of some of the more important words in the Swatow dialect.,263
Hûe-ke,,Hûe-ke,,,回家,囘家,"Return, home",,,,001_Handbook_of_the_Swatow_Vernacular > A Dictionary of some of the more important words in the Swatow dialect.,263
khṳ̀-tshù,,khṳ̀-tshù,,,去厝,,"Return, home",,,,001_Handbook_of_the_Swatow_Vernacular > A Dictionary of some of the more important words in the Swatow dialect.,263
Pò-chhiû,,Pò-chhiû,,,報仇,,Revenge,,,,001_Handbook_of_the_Swatow_Vernacular > A Dictionary of some of the more important words in the Swatow dialect.,263
Hiàng,,Hiàng,,,餉,,Revenue,,,,001_Handbook_of_the_Swatow_Vernacular > A Dictionary of some of the more important words in the Swatow dialect.,263
hiàng-niêⁿ,,hiàng-niêⁿ,,,餉糧,餉粮,Revenue,,,,001_Handbook_of_the_Swatow_Vernacular > A Dictionary of some of the more important words in the Swatow dialect.,263
Hui,,Hui,,,回,旋轉,Revolve,,,,001_Handbook_of_the_Swatow_Vernacular > A Dictionary of some of the more important words in the Swatow dialect.,263
Siéⁿ,,Siéⁿ,,,賞,,Reward,,,,001_Handbook_of_the_Swatow_Vernacular > A Dictionary of some of the more important words in the Swatow dialect.,263
Phiaⁿ-lî-kut,,Phiaⁿ-lî-kut,,,𩩍籬骨,脇骨,Rib,,,,001_Handbook_of_the_Swatow_Vernacular > A Dictionary of some of the more important words in the Swatow dialect.,263
Pù,,Pù,,,富,,Rich,,,,001_Handbook_of_the_Swatow_Vernacular > A Dictionary of some of the more important words in the Swatow dialect.,263
ũ-chîⁿ,,ũ-chîⁿ,,,有錢,,Rich,,,,001_Handbook_of_the_Swatow_Vernacular > A Dictionary of some of the more important words in the Swatow dialect.,263
Khiâ-bé,,Khiâ-bé,,,騎馬,,"Ride, on horse back",,,,001_Handbook_of_the_Swatow_Vernacular > A Dictionary of some of the more important words in the Swatow dialect.,263
Mĩⁿ,,Mĩⁿ,,,謎,謎語,Riddle,,,,001_Handbook_of_the_Swatow_Vernacular > A Dictionary of some of the more important words in the Swatow dialect.,263
Tiéh,,Tiéh,,,着,,Right,,,,001_Handbook_of_the_Swatow_Vernacular > A Dictionary of some of the more important words in the Swatow dialect.,263
bô-tshò,,bô-tshò,,,無錯,,Right,,,,001_Handbook_of_the_Swatow_Vernacular > A Dictionary of some of the more important words in the Swatow dialect.,263
Chhiú-chí,,Chhiú-chí,,,手指,,"Ring, finger",,,,001_Handbook_of_the_Swatow_Vernacular > A Dictionary of some of the more important words in the Swatow dialect.,263
Hĩⁿ-huân,,Hĩⁿ-huân,,,耳環,,"Ring, ear, round",,,,001_Handbook_of_the_Swatow_Vernacular > A Dictionary of some of the more important words in the Swatow dialect.,264
Iê-cheng,,Iê-cheng,,,搖鐘,,"Ring, to, a bell",,,,001_Handbook_of_the_Swatow_Vernacular > A Dictionary of some of the more important words in the Swatow dialect.,264
Tsò-thâu,,Tsò-thâu,,,做頭,,Ringleader,,,,001_Handbook_of_the_Swatow_Vernacular > A Dictionary of some of the more important words in the Swatow dialect.,264
thâu-nâng,,thâu-nâng,,,頭人[訓],,Ringleader,,,,001_Handbook_of_the_Swatow_Vernacular > A Dictionary of some of the more important words in the Swatow dialect.,264
Tñg-chhùi,,Tñg-chhùi,,,盪喙,洗口,"Rinse, as the mouth",,,,001_Handbook_of_the_Swatow_Vernacular > A Dictionary of some of the more important words in the Swatow dialect.,264
Thūa,,Thūa,,,汰,重洗,"Rinse, in washing",,,,001_Handbook_of_the_Swatow_Vernacular > A Dictionary of some of the more important words in the Swatow dialect.,264
Sie-thâi,,Sie-thâi,,,相刣,,"Riot, great",,,,001_Handbook_of_the_Swatow_Vernacular > A Dictionary of some of the more important words in the Swatow dialect.,264
Sék,,Sék,,,熟,,Ripe,,,,001_Handbook_of_the_Swatow_Vernacular > A Dictionary of some of the more important words in the Swatow dialect.,264
kàu-tsúi,,kàu-tsúi,,,夠水,到水,Ripe,,,,001_Handbook_of_the_Swatow_Vernacular > A Dictionary of some of the more important words in the Swatow dialect.,264
Hô,,Hô,,,河,,"River, large",,,,001_Handbook_of_the_Swatow_Vernacular > A Dictionary of some of the more important words in the Swatow dialect.,264
Khoi,,Khoi,,,溪,,"River, small",,,,001_Handbook_of_the_Swatow_Vernacular > A Dictionary of some of the more important words in the Swatow dialect.,264
Káng,,Káng,,,港,,"River, little",,,,001_Handbook_of_the_Swatow_Vernacular > A Dictionary of some of the more important words in the Swatow dialect.,264
Lōu,,Lōu,,,路,,Road,,,,001_Handbook_of_the_Swatow_Vernacular > A Dictionary of some of the more important words in the Swatow dialect.,264
Chhiéⁿ,,Chhiéⁿ,,,搶,,Rob,,,,001_Handbook_of_the_Swatow_Vernacular > A Dictionary of some of the more important words in the Swatow dialect.,264
chhiéⁿ-pak,,chhiéⁿ-pak,,,搶剝,,Rob,,,,001_Handbook_of_the_Swatow_Vernacular > A Dictionary of some of the more important words in the Swatow dialect.,264
phah-kiap,,phah-kiap,,,拍劫,打刧,Rob,,,,001_Handbook_of_the_Swatow_Vernacular > A Dictionary of some of the more important words in the Swatow dialect.,264
Pak-ko-kúe,,Pak-ko-kúe,,,剝糕粿,搶刧,Robbery,,,,001_Handbook_of_the_Swatow_Vernacular > A Dictionary of some of the more important words in the Swatow dialect.,264
Phâu,,Phâu,,,袍,,Robe,,,,001_Handbook_of_the_Swatow_Vernacular > A Dictionary of some of the more important words in the Swatow dialect.,264
Láu-kiáⁿ,,Láu-kiáⁿ,,,漏囝,老仔,Rogue,,,,001_Handbook_of_the_Swatow_Vernacular > A Dictionary of some of the more important words in the Swatow dialect.,264
Khah,,Khah,,,輦,,"Roll, to",,,,001_Handbook_of_the_Swatow_Vernacular > A Dictionary of some of the more important words in the Swatow dialect.,264
Kauh,,Kauh,,,捲,,"Roll, up",,,,001_Handbook_of_the_Swatow_Vernacular > A Dictionary of some of the more important words in the Swatow dialect.,264
kauh--khí,,kauh--khí,,,捲起,,"Roll, up",,,,001_Handbook_of_the_Swatow_Vernacular > A Dictionary of some of the more important words in the Swatow dialect.,264
Pâng,,Pâng,,,房,,Room,,,,001_Handbook_of_the_Swatow_Vernacular > A Dictionary of some of the more important words in the Swatow dialect.,264
Bô-ūi-tshṳ̀,,Bô-ūi-tshṳ̀,,,無位次,,"Room, no",,,,001_Handbook_of_the_Swatow_Vernacular > A Dictionary of some of the more important words in the Swatow dialect.,264
Kṳn,,Kṳn,,,根,,Root,,,,001_Handbook_of_the_Swatow_Vernacular > A Dictionary of some of the more important words in the Swatow dialect.,264
Tshàu,,Tshàu,,,臭,,Rotten,,,,001_Handbook_of_the_Swatow_Vernacular > A Dictionary of some of the more important words in the Swatow dialect.,265
Mîⁿ,,Mîⁿ,,,爛,,"Rotten, of fruit",,,,001_Handbook_of_the_Swatow_Vernacular > A Dictionary of some of the more important words in the Swatow dialect.,265
In-chi,,In-chi,,,胭脂,,Rouge,,,,001_Handbook_of_the_Swatow_Vernacular > A Dictionary of some of the more important words in the Swatow dialect.,265
in-nîⁿ,,in-nîⁿ,,,胭泥,胭哖,Rouge,,,,001_Handbook_of_the_Swatow_Vernacular > A Dictionary of some of the more important words in the Swatow dialect.,265
Tshou,,Tshou,,,粗,,Rough,,,,001_Handbook_of_the_Swatow_Vernacular > A Dictionary of some of the more important words in the Swatow dialect.,265
Îⁿ,,Îⁿ,,,圓,,Round,,,,001_Handbook_of_the_Swatow_Vernacular > A Dictionary of some of the more important words in the Swatow dialect.,265
Uan-ke,,Uan-ke,,,冤家,寃家,"Row, quarrel",,,,001_Handbook_of_the_Swatow_Vernacular > A Dictionary of some of the more important words in the Swatow dialect.,265
Jiáng,,Jiáng,,,嚷,,"Row, to make a",,,,001_Handbook_of_the_Swatow_Vernacular > A Dictionary of some of the more important words in the Swatow dialect.,265
Kò,,Kò,,,划,掉漿,"Row, to, as a boat",,,,001_Handbook_of_the_Swatow_Vernacular > A Dictionary of some of the more important words in the Swatow dialect.,265
Hâng,,Hâng,,,行,,"Row, in",,,,001_Handbook_of_the_Swatow_Vernacular > A Dictionary of some of the more important words in the Swatow dialect.,265
lék,,lék,,,歴,,"Row, in",,,,001_Handbook_of_the_Swatow_Vernacular > A Dictionary of some of the more important words in the Swatow dialect.,265
Bûa,,Bûa,,,磨,,"Rub, as knives",,,,001_Handbook_of_the_Swatow_Vernacular > A Dictionary of some of the more important words in the Swatow dialect.,265
Chhiù,,Chhiù,,,漱,,"Rub, as spoons",,,,001_Handbook_of_the_Swatow_Vernacular > A Dictionary of some of the more important words in the Swatow dialect.,265
Chhit,,Chhit,,,刷,,"Rub, as with towel",,,,001_Handbook_of_the_Swatow_Vernacular > A Dictionary of some of the more important words in the Swatow dialect.,265
Nah-sap,,Nah-sap,,,垃圾,穢褻,"Rubbish, domestic",,,,001_Handbook_of_the_Swatow_Vernacular > A Dictionary of some of the more important words in the Swatow dialect.,265
Tôu-pùn,,Tôu-pùn,,,塗糞,,"Rubbish, filth",,,,001_Handbook_of_the_Swatow_Vernacular > A Dictionary of some of the more important words in the Swatow dialect.,265
Bô-kui-kṳ́,,Bô-kui-kṳ́,,,無規矩,,Rude,,,,001_Handbook_of_the_Swatow_Vernacular > A Dictionary of some of the more important words in the Swatow dialect.,265
Khi-khu,,Khi-khu,,,崎嶇,蹊𨄅,"Rugged, of road",,,,001_Handbook_of_the_Swatow_Vernacular > A Dictionary of some of the more important words in the Swatow dialect.,265
Pāi,,Pāi,,,敗,,"Ruin, to",,,,001_Handbook_of_the_Swatow_Vernacular > A Dictionary of some of the more important words in the Swatow dialect.,265
húi-tiòu,,húi-tiòu,,,毀掉,滅丢,"Ruin, to",,,,001_Handbook_of_the_Swatow_Vernacular > A Dictionary of some of the more important words in the Swatow dialect.,265
Kuán,,Kuán,,,管,,"Rule, to",,,,001_Handbook_of_the_Swatow_Vernacular > A Dictionary of some of the more important words in the Swatow dialect.,265
kuán-lí,,kuán-lí,,,管理,,"Rule, to",,,,001_Handbook_of_the_Swatow_Vernacular > A Dictionary of some of the more important words in the Swatow dialect.,265
Kui-tiôu,,Kui-tiôu,,,規條,,"Rule, a",,,,001_Handbook_of_the_Swatow_Vernacular > A Dictionary of some of the more important words in the Swatow dialect.,265
huap-lút,,huap-lút,,,法律,,"Rule, a",,,,001_Handbook_of_the_Swatow_Vernacular > A Dictionary of some of the more important words in the Swatow dialect.,265
Hong-siaⁿ,,Hong-siaⁿ,,,風聲,,Rumour,,,,001_Handbook_of_the_Swatow_Vernacular > A Dictionary of some of the more important words in the Swatow dialect.,265
iôu-ngân,,iôu-ngân,,,謠言,,Rumour,,,,001_Handbook_of_the_Swatow_Vernacular > A Dictionary of some of the more important words in the Swatow dialect.,265
Tshó-jī,,Tshó-jī,,,草字,,"Running, hand of writing",,,,001_Handbook_of_the_Swatow_Vernacular > A Dictionary of some of the more important words in the Swatow dialect.,266
San,,San,,,鉎,銹,Rust,,,,001_Handbook_of_the_Swatow_Vernacular > A Dictionary of some of the more important words in the Swatow dialect.,266
Hieⁿ-ẽ-nâng,,Hieⁿ-ẽ-nâng,,,鄉下人[訓],鄕下人[訓],Rustic,,,,001_Handbook_of_the_Swatow_Vernacular > A Dictionary of some of the more important words in the Swatow dialect.,266
Seⁿ-san,,Seⁿ-san,,,生鉎,生銹,Rusty,,,,001_Handbook_of_the_Swatow_Vernacular > A Dictionary of some of the more important words in the Swatow dialect.,266
Hõng,,Hõng,,,奉,,Sacrifice,,,,001_Handbook_of_the_Swatow_Vernacular > A Dictionary of some of the more important words in the Swatow dialect.,266
chì,,chì,,,祭,,Sacrifice,,,,001_Handbook_of_the_Swatow_Vernacular > A Dictionary of some of the more important words in the Swatow dialect.,266
Huân-ló,,Huân-ló,,,煩惱,,Sad,,,,001_Handbook_of_the_Swatow_Vernacular > A Dictionary of some of the more important words in the Swatow dialect.,266
Bé-uaⁿ,,Bé-uaⁿ,,,馬鞍,,Saddle,,,,001_Handbook_of_the_Swatow_Vernacular > A Dictionary of some of the more important words in the Swatow dialect.,266
Kùa-bé-uaⁿ,,Kùa-bé-uaⁿ,,,掛馬鞍,,"Saddle, to",,,,001_Handbook_of_the_Swatow_Vernacular > A Dictionary of some of the more important words in the Swatow dialect.,266
Ún-tǹg,,Ún-tǹg,,,穩當,,Safe,,,,001_Handbook_of_the_Swatow_Vernacular > A Dictionary of some of the more important words in the Swatow dialect.,266
thó-tàng,,thó-tàng,,,妥當,,Safe,,,,001_Handbook_of_the_Swatow_Vernacular > A Dictionary of some of the more important words in the Swatow dialect.,266
Gâu-nâng,,Gâu-nâng,,,賢[訓]人[訓],,"Sage, a",,,,001_Handbook_of_the_Swatow_Vernacular > A Dictionary of some of the more important words in the Swatow dialect.,266
Kang-tsṳ,,Kang-tsṳ,,,工資,,Salary,,,,001_Handbook_of_the_Swatow_Vernacular > A Dictionary of some of the more important words in the Swatow dialect.,266
Hóng-lók,,Hóng-lók,,,俸祿,,"Salary, official",,,,001_Handbook_of_the_Swatow_Vernacular > A Dictionary of some of the more important words in the Swatow dialect.,266
Nũaⁿ,,Nũaⁿ,,,涎,,Saliva,,,,001_Handbook_of_the_Swatow_Vernacular > A Dictionary of some of the more important words in the Swatow dialect.,266
Lâu-nũaⁿ,,Lâu-nũaⁿ,,,流涎,,"Saliva, flowing",,,,001_Handbook_of_the_Swatow_Vernacular > A Dictionary of some of the more important words in the Swatow dialect.,266
Lõu,,Lõu,,,滷,露,"Salt, to, as pickles",,,,001_Handbook_of_the_Swatow_Vernacular > A Dictionary of some of the more important words in the Swatow dialect.,266
lõu-kiâm,,lõu-kiâm,,,滷鹹,露鹹,"Salt, to, as pickles",,,,001_Handbook_of_the_Swatow_Vernacular > A Dictionary of some of the more important words in the Swatow dialect.,266
Lóh-iâm,,Lóh-iâm,,,落鹽,,"Salt, to put some in a dish",,,,001_Handbook_of_the_Swatow_Vernacular > A Dictionary of some of the more important words in the Swatow dialect.,266
suah-iâm,,suah-iâm,,,撒鹽,,"Salt, to put some in a dish",,,,001_Handbook_of_the_Swatow_Vernacular > A Dictionary of some of the more important words in the Swatow dialect.,266
Kiâm,,Kiâm,,,鹹,,"Salt, taste",,,,001_Handbook_of_the_Swatow_Vernacular > A Dictionary of some of the more important words in the Swatow dialect.,266
Pêⁿ-iēⁿ,,Pêⁿ-iēⁿ,,,平樣,,"Same, the",,,,001_Handbook_of_the_Swatow_Vernacular > A Dictionary of some of the more important words in the Swatow dialect.,266
sie-tâng,,sie-tâng,,,相同,,"Same, the",,,,001_Handbook_of_the_Swatow_Vernacular > A Dictionary of some of the more important words in the Swatow dialect.,266
Pān-thâu,,Pān-thâu,,,辦頭,,Sample,,,,001_Handbook_of_the_Swatow_Vernacular > A Dictionary of some of the more important words in the Swatow dialect.,266
iēⁿ,,iēⁿ,,,樣,,Sample,,,,001_Handbook_of_the_Swatow_Vernacular > A Dictionary of some of the more important words in the Swatow dialect.,266
pān,,pān,,,辦,,Sample,,,,001_Handbook_of_the_Swatow_Vernacular > A Dictionary of some of the more important words in the Swatow dialect.,266
Chhiū-nîⁿ,,Chhiū-nîⁿ,,,樹泥,樹呢,Sap,,,,001_Handbook_of_the_Swatow_Vernacular > A Dictionary of some of the more important words in the Swatow dialect.,266
Kùe-ì,,Kùe-ì,,,過意,,Satisfied,,,,001_Handbook_of_the_Swatow_Vernacular > A Dictionary of some of the more important words in the Swatow dialect.,267
kam-nguãn,,kam-nguãn,,,甘愿,,Satisfied,,,,001_Handbook_of_the_Swatow_Vernacular > A Dictionary of some of the more important words in the Swatow dialect.,267
Ôiⁿ-iû,,Ôiⁿ-iû,,,閒遊,閑遊,Saunter,,,,001_Handbook_of_the_Swatow_Vernacular > A Dictionary of some of the more important words in the Swatow dialect.,267
Kuàn-chhiâng,,Kuàn-chhiâng,,,灌腸,貫脹,Sausage,,,,001_Handbook_of_the_Swatow_Vernacular > A Dictionary of some of the more important words in the Swatow dialect.,267
kuàn-tn̂g,,kuàn-tn̂g,,,灌腸,,Sausage,,,,001_Handbook_of_the_Swatow_Vernacular > A Dictionary of some of the more important words in the Swatow dialect.,267
Huan,,Huan,,,番,畨,Savage,,,,001_Handbook_of_the_Swatow_Vernacular > A Dictionary of some of the more important words in the Swatow dialect.,267
chheⁿ-huan,,chheⁿ-huan,,,生番,靑畨,Savage,,,,001_Handbook_of_the_Swatow_Vernacular > A Dictionary of some of the more important words in the Swatow dialect.,267
suaⁿ-nâng,,suaⁿ-nâng,,,山人[訓],,Savage,,,,001_Handbook_of_the_Swatow_Vernacular > A Dictionary of some of the more important words in the Swatow dialect.,267
Kiù,,Kiù,,,救,,Save,,,,001_Handbook_of_the_Swatow_Vernacular > A Dictionary of some of the more important words in the Swatow dialect.,267
Khiãm,,Khiãm,,,儉,,Saving,,,,001_Handbook_of_the_Swatow_Vernacular > A Dictionary of some of the more important words in the Swatow dialect.,267
khieh-síp,,khieh-síp,,,挈拾,,Saving,,,,001_Handbook_of_the_Swatow_Vernacular > A Dictionary of some of the more important words in the Swatow dialect.,267
Kṳ̀,,Kṳ̀,,,鋸,,"Saw, to",,,,001_Handbook_of_the_Swatow_Vernacular > A Dictionary of some of the more important words in the Swatow dialect.,267
Kṳ̀-sut,,Kṳ̀-sut,,,鋸銊,,Saw dust,,,,001_Handbook_of_the_Swatow_Vernacular > A Dictionary of some of the more important words in the Swatow dialect.,267
Phí,,Phí,,,疕,丕,"Scab, a",,,,001_Handbook_of_the_Swatow_Vernacular > A Dictionary of some of the more important words in the Swatow dialect.,267
Phok-phí,,Phok-phí,,,凸疕,樸丕,"Scab, to become covered with",,,,001_Handbook_of_the_Swatow_Vernacular > A Dictionary of some of the more important words in the Swatow dialect.,267
kit-phí,,kit-phí,,,結疕,桔丕,"Scab, to become covered with",,,,001_Handbook_of_the_Swatow_Vernacular > A Dictionary of some of the more important words in the Swatow dialect.,267
In-kè,,In-kè,,,鷹架,因架,Scaffold,,,,001_Handbook_of_the_Swatow_Vernacular > A Dictionary of some of the more important words in the Swatow dialect.,267
Thǹg--tiéh,,Thǹg--tiéh,,,燙着,,Scald,,,,001_Handbook_of_the_Swatow_Vernacular > A Dictionary of some of the more important words in the Swatow dialect.,267
nâm--tiéh,,nâm--tiéh,,,淋着,,Scald,,,,001_Handbook_of_the_Swatow_Vernacular > A Dictionary of some of the more important words in the Swatow dialect.,267
Hṳ̂-lân,,Hṳ̂-lân,,,魚鱗,,"Scales, of fish",,,,001_Handbook_of_the_Swatow_Vernacular > A Dictionary of some of the more important words in the Swatow dialect.,267
Phì-sièⁿ,,Phì-sièⁿ,,,譬相,,"Scandal, to",,,,001_Handbook_of_the_Swatow_Vernacular > A Dictionary of some of the more important words in the Swatow dialect.,267
ngí-lũn nâng-kâi-sṳ̄,,ngí-lũn nâng-kâi-sṳ̄,,,議論人[訓]个事,議論人[訓]個事,"Scandal, to",,,,001_Handbook_of_the_Swatow_Vernacular > A Dictionary of some of the more important words in the Swatow dialect.,267
Hûn,,Hûn,,,痕,,Scar,,,,001_Handbook_of_the_Swatow_Vernacular > A Dictionary of some of the more important words in the Swatow dialect.,267
sieⁿ-hûn,,sieⁿ-hûn,,,傷痕,,Scar,,,,001_Handbook_of_the_Swatow_Vernacular > A Dictionary of some of the more important words in the Swatow dialect.,267
Phùa-kìaⁿ,,Phùa-kìaⁿ,,,破鏡,,Scar-face,,,,001_Handbook_of_the_Swatow_Vernacular > A Dictionary of some of the more important words in the Swatow dialect.,267
Chié,,Chié,,,少,,Scarce,,,,001_Handbook_of_the_Swatow_Vernacular > A Dictionary of some of the more important words in the Swatow dialect.,267
Sùaⁿ,,Sùaⁿ,,,散,,Scatter,,,,001_Handbook_of_the_Swatow_Vernacular > A Dictionary of some of the more important words in the Swatow dialect.,267
sì-sùaⁿ,,sì-sùaⁿ,,,四散,,Scatter,,,,001_Handbook_of_the_Swatow_Vernacular > A Dictionary of some of the more important words in the Swatow dialect.,267
Hák-seng,,Hák-seng,,,學生,,Scholar,,,,001_Handbook_of_the_Swatow_Vernacular > A Dictionary of some of the more important words in the Swatow dialect.,267
Tsṳ-che,,Tsṳ-che,,,書齋,,School,,,,001_Handbook_of_the_Swatow_Vernacular > A Dictionary of some of the more important words in the Swatow dialect.,267
Mēⁿ,,Mēⁿ,,,罵,,Scold,,,,001_Handbook_of_the_Swatow_Vernacular > A Dictionary of some of the more important words in the Swatow dialect.,268
Meⁿ,,Meⁿ,,,,,"Scoop, with one hand",,,,001_Handbook_of_the_Swatow_Vernacular > A Dictionary of some of the more important words in the Swatow dialect.,268
nák,,nák,,,,,"Scoop, with one hand",,,,001_Handbook_of_the_Swatow_Vernacular > A Dictionary of some of the more important words in the Swatow dialect.,268
Phóng,,Phóng,,,捧,,"Scoop, with two hands",,,,001_Handbook_of_the_Swatow_Vernacular > A Dictionary of some of the more important words in the Swatow dialect.,268
Hiet-kiáⁿ,,Hiet-kiáⁿ,,,蝎囝,蝎仔,Scorpion,,,,001_Handbook_of_the_Swatow_Vernacular > A Dictionary of some of the more important words in the Swatow dialect.,268
Láu-kiáⁿ,,Láu-kiáⁿ,,,漏囝,老仔,Scoundrel,,,,001_Handbook_of_the_Swatow_Vernacular > A Dictionary of some of the more important words in the Swatow dialect.,268
Kueh,,Kueh,,,刮,𧈳,Scrape,,,,001_Handbook_of_the_Swatow_Vernacular > A Dictionary of some of the more important words in the Swatow dialect.,268
Pê,,Pê,,,爬,,Scratch,,,,001_Handbook_of_the_Swatow_Vernacular > A Dictionary of some of the more important words in the Swatow dialect.,268
Tsáh,,Tsáh,,,閘,,"Screen, to",,,,001_Handbook_of_the_Swatow_Vernacular > A Dictionary of some of the more important words in the Swatow dialect.,268
Tùi-liên,,Tùi-liên,,,對聯,,"Scroll, antithetical, ornamental",,,,001_Handbook_of_the_Swatow_Vernacular > A Dictionary of some of the more important words in the Swatow dialect.,268
Phuéh,,Phuéh,,,波,,Scum,,,,001_Handbook_of_the_Swatow_Vernacular > A Dictionary of some of the more important words in the Swatow dialect.,268
Ìn,,Ìn,,,印,,Seal,,,,001_Handbook_of_the_Swatow_Vernacular > A Dictionary of some of the more important words in the Swatow dialect.,268
Kuaⁿ-ìn,,Kuaⁿ-ìn,,,官印,,"Seal, official",,,,001_Handbook_of_the_Swatow_Vernacular > A Dictionary of some of the more important words in the Swatow dialect.,268
Tshūe,,Tshūe,,,覓,覔,Search,,,,001_Handbook_of_the_Swatow_Vernacular > A Dictionary of some of the more important words in the Swatow dialect.,268
siou,,siou,,,尋,,Search,,,,001_Handbook_of_the_Swatow_Vernacular > A Dictionary of some of the more important words in the Swatow dialect.,268
Sî,,Sî,,,時,,Season,,,,001_Handbook_of_the_Swatow_Vernacular > A Dictionary of some of the more important words in the Swatow dialect.,268
thiⁿ-sí,,thiⁿ-sí,,,天時,,Season,,,,001_Handbook_of_the_Swatow_Vernacular > A Dictionary of some of the more important words in the Swatow dialect.,268
Àm-chẽⁿ,,Àm-chẽⁿ,,,暗靜,,Secret,,,,001_Handbook_of_the_Swatow_Vernacular > A Dictionary of some of the more important words in the Swatow dialect.,268
Kiē,,Kiē,,,轎,,Sedan,,,,001_Handbook_of_the_Swatow_Vernacular > A Dictionary of some of the more important words in the Swatow dialect.,268
Chí,,Chí,,,子,枳,"Seed, of fruit",,,,001_Handbook_of_the_Swatow_Vernacular > A Dictionary of some of the more important words in the Swatow dialect.,268
Chéng,,Chéng,,,種,,"Seed, for sowing",,,,001_Handbook_of_the_Swatow_Vernacular > A Dictionary of some of the more important words in the Swatow dialect.,268
Khíⁿ,,Khíⁿ,,,捉,,Seize,,,,001_Handbook_of_the_Swatow_Vernacular > A Dictionary of some of the more important words in the Swatow dialect.,268
Hán-tit,,Hán-tit,,,罕得,,Seldom,,,,001_Handbook_of_the_Swatow_Vernacular > A Dictionary of some of the more important words in the Swatow dialect.,268
Suán,,Suán,,,選,,Select,,,,001_Handbook_of_the_Swatow_Vernacular > A Dictionary of some of the more important words in the Swatow dialect.,269
tóh,,tóh,,,擇,,Select,,,,001_Handbook_of_the_Swatow_Vernacular > A Dictionary of some of the more important words in the Swatow dialect.,269
kôiⁿ,,kôiⁿ,,,揀,,Select,,,,001_Handbook_of_the_Swatow_Vernacular > A Dictionary of some of the more important words in the Swatow dialect.,269
Sai-sim,,Sai-sim,,,私心,,Selfish,,,,001_Handbook_of_the_Swatow_Vernacular > A Dictionary of some of the more important words in the Swatow dialect.,269
Sái,,Sái,,,使,,"Send, as servants",,,,001_Handbook_of_the_Swatow_Vernacular > A Dictionary of some of the more important words in the Swatow dialect.,269
Kià,,Kià,,,寄,,"Send, as things",,,,001_Handbook_of_the_Swatow_Vernacular > A Dictionary of some of the more important words in the Swatow dialect.,269
Tūa,,Tūa,,,大,,Senior,,,,001_Handbook_of_the_Swatow_Vernacular > A Dictionary of some of the more important words in the Swatow dialect.,269
Pun-khui,,Pun-khui,,,分開,,"Separate, to",,,,001_Handbook_of_the_Swatow_Vernacular > A Dictionary of some of the more important words in the Swatow dialect.,269
Tūa-sṳ̄,,Tūa-sṳ̄,,,大事,,"Serious, as matter",,,,001_Handbook_of_the_Swatow_Vernacular > A Dictionary of some of the more important words in the Swatow dialect.,269
Tãng-pēⁿ,,Tãng-pēⁿ,,,重病,,"Serious, as sickness",,,,001_Handbook_of_the_Swatow_Vernacular > A Dictionary of some of the more important words in the Swatow dialect.,269
A-nouⁿ,,A-nouⁿ,,,阿奴,奴僕,Servant,,,,001_Handbook_of_the_Swatow_Vernacular > A Dictionary of some of the more important words in the Swatow dialect.,269
Ke-nouⁿ,,Ke-nouⁿ,,,家奴,家重,"Servant, domestic",,,,001_Handbook_of_the_Swatow_Vernacular > A Dictionary of some of the more important words in the Swatow dialect.,269
Chék-hù,,Chék-hù,,,一副,壹付,"Set, a",,,,001_Handbook_of_the_Swatow_Vernacular > A Dictionary of some of the more important words in the Swatow dialect.,269
Tít,,Tít,,,直,,"Settle, an affair",,,,001_Handbook_of_the_Swatow_Vernacular > A Dictionary of some of the more important words in the Swatow dialect.,269
chheng-tshó,,chheng-tshó,,,清楚,,"Settle, an affair",,,,001_Handbook_of_the_Swatow_Vernacular > A Dictionary of some of the more important words in the Swatow dialect.,269
Kuá-kâi,,Kuá-kâi,,,寡個,數個,Several,,,,001_Handbook_of_the_Swatow_Vernacular > A Dictionary of some of the more important words in the Swatow dialect.,269
Ngiâm,,Ngiâm,,,嚴,,Severe,,,,001_Handbook_of_the_Swatow_Vernacular > A Dictionary of some of the more important words in the Swatow dialect.,269
tãng,,tãng,,,重,,Severe,,,,001_Handbook_of_the_Swatow_Vernacular > A Dictionary of some of the more important words in the Swatow dialect.,269
Tãng-sieⁿ,,Tãng-sieⁿ,,,重傷,,"Severe,, wound","Severe, , wound",,,001_Handbook_of_the_Swatow_Vernacular > A Dictionary of some of the more important words in the Swatow dialect.,269
Thīⁿ,,Thīⁿ,,,縫,,"Sew, to",,,,001_Handbook_of_the_Swatow_Vernacular > A Dictionary of some of the more important words in the Swatow dialect.,269
Iáⁿ,,Iáⁿ,,,影,,Shadow,,,,001_Handbook_of_the_Swatow_Vernacular > A Dictionary of some of the more important words in the Swatow dialect.,269
Iẽ,,Iẽ,,,搖,,Shake,,,,001_Handbook_of_the_Swatow_Vernacular > A Dictionary of some of the more important words in the Swatow dialect.,269
Tùn-chhiú,,Tùn-chhiú,,,頓手,,"Shake, hands",,,,001_Handbook_of_the_Swatow_Vernacular > A Dictionary of some of the more important words in the Swatow dialect.,269
Hìⁿ-tiòu,,Hìⁿ-tiòu,,,搖掉,搖丢,"Shake, off, as dust",,,,001_Handbook_of_the_Swatow_Vernacular > A Dictionary of some of the more important words in the Swatow dialect.,269
Chhién,,Chhién,,,淺,,Shallow,,,,001_Handbook_of_the_Swatow_Vernacular > A Dictionary of some of the more important words in the Swatow dialect.,270
Sióu-lí,,Sióu-lí,,,少禮,羞恥,Shame,,,,001_Handbook_of_the_Swatow_Vernacular > A Dictionary of some of the more important words in the Swatow dialect.,270
Tûi-ie,,Tûi-ie,,,捶腰,擂腰,"Shampoo, the loins",,,,001_Handbook_of_the_Swatow_Vernacular > A Dictionary of some of the more important words in the Swatow dialect.,270
Iēⁿ,,Iēⁿ,,,樣,,Shape,,,,001_Handbook_of_the_Swatow_Vernacular > A Dictionary of some of the more important words in the Swatow dialect.,270
khuán,,khuán,,,款,欸,Shape,,,,001_Handbook_of_the_Swatow_Vernacular > A Dictionary of some of the more important words in the Swatow dialect.,270
Hūn,,Hūn,,,份,,Share,,,,001_Handbook_of_the_Swatow_Vernacular > A Dictionary of some of the more important words in the Swatow dialect.,270
Sua-hṳ̂,,Sua-hṳ̂,,,鯊魚,沙魚,Shark,,,,001_Handbook_of_the_Swatow_Vernacular > A Dictionary of some of the more important words in the Swatow dialect.,270
Lāi,,Lāi,,,利,,Sharp,,,,001_Handbook_of_the_Swatow_Vernacular > A Dictionary of some of the more important words in the Swatow dialect.,270
Chiam,,Chiam,,,尖,,"Sharp, pointed",,,,001_Handbook_of_the_Swatow_Vernacular > A Dictionary of some of the more important words in the Swatow dialect.,270
Lêng-lāi,,Lêng-lāi,,,伶俐,,"Sharp, clever",,,,001_Handbook_of_the_Swatow_Vernacular > A Dictionary of some of the more important words in the Swatow dialect.,270
Bûa,,Bûa,,,磨,,Sharpen,,,,001_Handbook_of_the_Swatow_Vernacular > A Dictionary of some of the more important words in the Swatow dialect.,270
Thì-thâu,,Thì-thâu,,,剃頭,,"Shave, the head",,,,001_Handbook_of_the_Swatow_Vernacular > A Dictionary of some of the more important words in the Swatow dialect.,270
Khoi-chhiu,,Khoi-chhiu,,,剃鬚,,"Shave, the beard",,,,001_Handbook_of_the_Swatow_Vernacular > A Dictionary of some of the more important words in the Swatow dialect.,270
Tshâ-phùe-thiu,,Tshâ-phùe-thiu,,,柴杮抽,柴配抽,"Shavings, of wood",,,,001_Handbook_of_the_Swatow_Vernacular > A Dictionary of some of the more important words in the Swatow dialect.,270
To-khak,,To-khak,,,刀殼,刀壳,"Sheath, of a sword",,,,001_Handbook_of_the_Swatow_Vernacular > A Dictionary of some of the more important words in the Swatow dialect.,270
Lâu-mák-tsap,,Lâu-mák-tsap,,,流目汁,,"Shed, tears",,,,001_Handbook_of_the_Swatow_Vernacular > A Dictionary of some of the more important words in the Swatow dialect.,270
Lâu-hueh,,Lâu-hueh,,,流血,,"Shed, blood",,,,001_Handbook_of_the_Swatow_Vernacular > A Dictionary of some of the more important words in the Swatow dialect.,270
Khak,,Khak,,,殼,壳,"Shell, as of eggs, shell-fish",,,,001_Handbook_of_the_Swatow_Vernacular > A Dictionary of some of the more important words in the Swatow dialect.,270
Siám,,Siám,,,閃,避,"Shelter, to take",,,,001_Handbook_of_the_Swatow_Vernacular > A Dictionary of some of the more important words in the Swatow dialect.,270
Chiéⁿ-iêⁿ--kâi-nâng,,Chiéⁿ-iêⁿ--kâi-nâng,,,掌羊个人[訓],守羊個人[訓],Shepherd,,,,001_Handbook_of_the_Swatow_Vernacular > A Dictionary of some of the more important words in the Swatow dialect.,270
Pâi,,Pâi,,,牌,,Shield,,,,001_Handbook_of_the_Swatow_Vernacular > A Dictionary of some of the more important words in the Swatow dialect.,270
tin-pâi,,tin-pâi,,,籐牌,,Shield,,,,001_Handbook_of_the_Swatow_Vernacular > A Dictionary of some of the more important words in the Swatow dialect.,270
Súa,,Súa,,,徙,,Shift,,,,001_Handbook_of_the_Swatow_Vernacular > A Dictionary of some of the more important words in the Swatow dialect.,271
Kha-liâm,,Kha-liâm,,,骹臁,脚廉,Shin,,,,001_Handbook_of_the_Swatow_Vernacular > A Dictionary of some of the more important words in the Swatow dialect.,271
Chiè,,Chiè,,,照,,Shine,,,,001_Handbook_of_the_Swatow_Vernacular > A Dictionary of some of the more important words in the Swatow dialect.,271
Khiū,,Khiū,,,,震,Shiver,,,,001_Handbook_of_the_Swatow_Vernacular > A Dictionary of some of the more important words in the Swatow dialect.,271
tòng,,tòng,,,凍,,Shiver,,,,001_Handbook_of_the_Swatow_Vernacular > A Dictionary of some of the more important words in the Swatow dialect.,271
Phah,,Phah,,,拍,打,"Shoot, with gun",,,,001_Handbook_of_the_Swatow_Vernacular > A Dictionary of some of the more important words in the Swatow dialect.,271
tūaⁿ,,tūaⁿ,,,彈,,"Shoot, with gun",,,,001_Handbook_of_the_Swatow_Vernacular > A Dictionary of some of the more important words in the Swatow dialect.,271
Phòu,,Phòu,,,舖,,Shop,,,,001_Handbook_of_the_Swatow_Vernacular > A Dictionary of some of the more important words in the Swatow dialect.,271
tiàm,,tiàm,,,店,,Shop,,,,001_Handbook_of_the_Swatow_Vernacular > A Dictionary of some of the more important words in the Swatow dialect.,271
Hái-kîⁿ,,Hái-kîⁿ,,,海墘,,Shore,,,,001_Handbook_of_the_Swatow_Vernacular > A Dictionary of some of the more important words in the Swatow dialect.,271
Tó,,Tó,,,短,,Short,,,,001_Handbook_of_the_Swatow_Vernacular > A Dictionary of some of the more important words in the Swatow dialect.,271
Chiãm-sî,,Chiãm-sî,,,暫時,,"Short, time",,,,001_Handbook_of_the_Swatow_Vernacular > A Dictionary of some of the more important words in the Swatow dialect.,271
Chhèng-chí,,Chhèng-chí,,,銃子,,Shot,,,,001_Handbook_of_the_Swatow_Vernacular > A Dictionary of some of the more important words in the Swatow dialect.,271
în-chí,,în-chí,,,鉛子,,Shot,,,,001_Handbook_of_the_Swatow_Vernacular > A Dictionary of some of the more important words in the Swatow dialect.,271
Koiⁿ-thâu,,Koiⁿ-thâu,,,肩頭,,Shoulder,,,,001_Handbook_of_the_Swatow_Vernacular > A Dictionary of some of the more important words in the Swatow dialect.,271
Soi,,Soi,,,嚷,,Shout,,,,001_Handbook_of_the_Swatow_Vernacular > A Dictionary of some of the more important words in the Swatow dialect.,271
jiáng,,jiáng,,,嚷,,Shout,,,,001_Handbook_of_the_Swatow_Vernacular > A Dictionary of some of the more important words in the Swatow dialect.,271
Pióu-mêng,,Pióu-mêng,,,表明,,Show,,,,001_Handbook_of_the_Swatow_Vernacular > A Dictionary of some of the more important words in the Swatow dialect.,271
Pun-uá-thóiⁿ,,Pun-uá-thóiⁿ,,,分我睇,與我看,"Show, me",,,,001_Handbook_of_the_Swatow_Vernacular > A Dictionary of some of the more important words in the Swatow dialect.,271
Sîn-kham,,Sîn-kham,,,神龕,,Shrine,,,,001_Handbook_of_the_Swatow_Vernacular > A Dictionary of some of the more important words in the Swatow dialect.,271
Kueⁿ,,Kueⁿ,,,關,閉,Shut,,,,001_Handbook_of_the_Swatow_Vernacular > A Dictionary of some of the more important words in the Swatow dialect.,271
Hõiⁿ,,Hõiⁿ,,,闔,,"Shut, a door without bolting",,,,001_Handbook_of_the_Swatow_Vernacular > A Dictionary of some of the more important words in the Swatow dialect.,271
Háp,,Háp,,,合,,"Shut, as the mouth, book",,,,001_Handbook_of_the_Swatow_Vernacular > A Dictionary of some of the more important words in the Swatow dialect.,271
So-kiáⁿ,,So-kiáⁿ,,,梭囝,梭子,Shuttle,,,,001_Handbook_of_the_Swatow_Vernacular > A Dictionary of some of the more important words in the Swatow dialect.,271
Ùi-sióu-lí,,Ùi-sióu-lí,,,畏少禮,畏羞恥,Shy,,,,001_Handbook_of_the_Swatow_Vernacular > A Dictionary of some of the more important words in the Swatow dialect.,271
m̄-káⁿ-kìⁿ-nâng,,m̄-káⁿ-kìⁿ-nâng,,,毋敢見人[訓],,Shy,,,,001_Handbook_of_the_Swatow_Vernacular > A Dictionary of some of the more important words in the Swatow dialect.,271
Pēⁿ,,Pēⁿ,,,病,,"Sick, ill",,,,001_Handbook_of_the_Swatow_Vernacular > A Dictionary of some of the more important words in the Swatow dialect.,272
Nâng m̄-móⁿ,,Nâng m̄-móⁿ,,,人[訓]毋孬,人[訓]不好,"Sick, slightly",,,,001_Handbook_of_the_Swatow_Vernacular > A Dictionary of some of the more important words in the Swatow dialect.,272
Phùa-pēⁿ,,Phùa-pēⁿ,,,破病,,"Sick, for a long period",,,,001_Handbook_of_the_Swatow_Vernacular > A Dictionary of some of the more important words in the Swatow dialect.,272
Pôiⁿ,,Pôiⁿ,,,爿,畔,Side,,,,001_Handbook_of_the_Swatow_Vernacular > A Dictionary of some of the more important words in the Swatow dialect.,272
Phiaⁿ-lî,,Phiaⁿ-lî,,,𩩍籬,脇下,"Side, of the body",,,,001_Handbook_of_the_Swatow_Vernacular > A Dictionary of some of the more important words in the Swatow dialect.,272
Thai,,Thai,,,篩,,"Sieve, a",,,,001_Handbook_of_the_Swatow_Vernacular > A Dictionary of some of the more important words in the Swatow dialect.,272
bí-thai,,bí-thai,,,米篩,,"Sieve, a",,,,001_Handbook_of_the_Swatow_Vernacular > A Dictionary of some of the more important words in the Swatow dialect.,272
bí-lô,,bí-lô,,,米籮,,"Sieve, a",,,,001_Handbook_of_the_Swatow_Vernacular > A Dictionary of some of the more important words in the Swatow dialect.,272
Pùa-ki,,Pùa-ki,,,簸箕,,"Sieve, for winnowing",,,,001_Handbook_of_the_Swatow_Vernacular > A Dictionary of some of the more important words in the Swatow dialect.,272
Thai,,Thai,,,篩,,Sift,,,,001_Handbook_of_the_Swatow_Vernacular > A Dictionary of some of the more important words in the Swatow dialect.,272
Tháu-khùi,,Tháu-khùi,,,㪗氣,嘆氣,Sigh,,,,001_Handbook_of_the_Swatow_Vernacular > A Dictionary of some of the more important words in the Swatow dialect.,272
Mák-sít,,Mák-sít,,,目實,,"Sight, of the eyes",,,,001_Handbook_of_the_Swatow_Vernacular > A Dictionary of some of the more important words in the Swatow dialect.,272
Hō,,Hō,,,號,,"Sign, a",,,,001_Handbook_of_the_Swatow_Vernacular > A Dictionary of some of the more important words in the Swatow dialect.,272
kì-hō,,kì-hō,,,記號,,"Sign, a",,,,001_Handbook_of_the_Swatow_Vernacular > A Dictionary of some of the more important words in the Swatow dialect.,272
Àm-hō,,Àm-hō,,,暗號,,"Sign, secret",,,,001_Handbook_of_the_Swatow_Vernacular > A Dictionary of some of the more important words in the Swatow dialect.,272
Chhiam-miâⁿ,,Chhiam-miâⁿ,,,簽名,,"Sign, to",,,,001_Handbook_of_the_Swatow_Vernacular > A Dictionary of some of the more important words in the Swatow dialect.,272
tsham-miâⁿ,,tsham-miâⁿ,,,參名,,"Sign, to",,,,001_Handbook_of_the_Swatow_Vernacular > A Dictionary of some of the more important words in the Swatow dialect.,272
uéh-hō,,uéh-hō,,,劃號,,"Sign, to",,,,001_Handbook_of_the_Swatow_Vernacular > A Dictionary of some of the more important words in the Swatow dialect.,272
Tiām-tiām,,Tiām-tiām,,,恬恬,,Silent,,,,001_Handbook_of_the_Swatow_Vernacular > A Dictionary of some of the more important words in the Swatow dialect.,272
chẽⁿ-chẽⁿ,,chẽⁿ-chẽⁿ,,,靜靜,,Silent,,,,001_Handbook_of_the_Swatow_Vernacular > A Dictionary of some of the more important words in the Swatow dialect.,272
Tshôiⁿ,,Tshôiⁿ,,,蠶,,Silk-worm,,,,001_Handbook_of_the_Swatow_Vernacular > A Dictionary of some of the more important words in the Swatow dialect.,272
Huáng-sṳ̃,,Huáng-sṳ̃,,,仿似,,Similar,,,,001_Handbook_of_the_Swatow_Vernacular > A Dictionary of some of the more important words in the Swatow dialect.,272
chhin-chhiẽⁿ,,chhin-chhiẽⁿ,,,親像,,Similar,,,,001_Handbook_of_the_Swatow_Vernacular > A Dictionary of some of the more important words in the Swatow dialect.,272
Tsũe,,Tsũe,,,罪,,Sin,,,,001_Handbook_of_the_Swatow_Vernacular > A Dictionary of some of the more important words in the Swatow dialect.,272
Huãm-tsũe,,Huãm-tsũe,,,犯罪,,"Sin, to",,,,001_Handbook_of_the_Swatow_Vernacular > A Dictionary of some of the more important words in the Swatow dialect.,272
Sít-sim,,Sít-sim,,,實心,,Sincere,,,,001_Handbook_of_the_Swatow_Vernacular > A Dictionary of some of the more important words in the Swatow dialect.,272
sít-ì,,sít-ì,,,實意,,Sincere,,,,001_Handbook_of_the_Swatow_Vernacular > A Dictionary of some of the more important words in the Swatow dialect.,272
Chhiè,,Chhiè,,,唱,,Sing,,,,001_Handbook_of_the_Swatow_Vernacular > A Dictionary of some of the more important words in the Swatow dialect.,273
chhiè-kua,,chhiè-kua,,,唱歌,,Sing,,,,001_Handbook_of_the_Swatow_Vernacular > A Dictionary of some of the more important words in the Swatow dialect.,273
chhiè-khek,,chhiè-khek,,,唱曲,,Sing,,,,001_Handbook_of_the_Swatow_Vernacular > A Dictionary of some of the more important words in the Swatow dialect.,273
Tuaⁿ,,Tuaⁿ,,,單,,Single,,,,001_Handbook_of_the_Swatow_Vernacular > A Dictionary of some of the more important words in the Swatow dialect.,273
chék,,chék,,,一,,Single,,,,001_Handbook_of_the_Swatow_Vernacular > A Dictionary of some of the more important words in the Swatow dialect.,273
Tuaⁿ-têng,,Tuaⁿ-têng,,,單重,,"Single, fold",,,,001_Handbook_of_the_Swatow_Vernacular > A Dictionary of some of the more important words in the Swatow dialect.,273
Tîm,,Tîm,,,沉,,Sink,,,,001_Handbook_of_the_Swatow_Vernacular > A Dictionary of some of the more important words in the Swatow dialect.,273
Chí-mūeⁿ-kiáⁿ,,Chí-mūeⁿ-kiáⁿ,,,姊妹囝,,Sisters,,,,001_Handbook_of_the_Swatow_Vernacular > A Dictionary of some of the more important words in the Swatow dialect.,273
ché-mūeⁿ-kiáⁿ,,ché-mūeⁿ-kiáⁿ,,,姐妹囝,𡛰妹仔,Sisters,,,,001_Handbook_of_the_Swatow_Vernacular > A Dictionary of some of the more important words in the Swatow dialect.,273
Kut-thâu,,Kut-thâu,,,骨頭,,Skeleton,,,,001_Handbook_of_the_Swatow_Vernacular > A Dictionary of some of the more important words in the Swatow dialect.,273
Ūe,,Ūe,,,畫,,"Sketch, to",,,,001_Handbook_of_the_Swatow_Vernacular > A Dictionary of some of the more important words in the Swatow dialect.,273
Phûe,,Phûe,,,皮,,Skin,,,,001_Handbook_of_the_Swatow_Vernacular > A Dictionary of some of the more important words in the Swatow dialect.,273
Thâu-khak-uáⁿ,,Thâu-khak-uáⁿ,,,頭殼碗,頭壳碗,Skull,,,,001_Handbook_of_the_Swatow_Vernacular > A Dictionary of some of the more important words in the Swatow dialect.,273
Chheⁿ-thiⁿ,,Chheⁿ-thiⁿ,,,青天,靑天,Sky,,,,001_Handbook_of_the_Swatow_Vernacular > A Dictionary of some of the more important words in the Swatow dialect.,273
puàⁿ-thiⁿ,,puàⁿ-thiⁿ,,,半天,,Sky,,,,001_Handbook_of_the_Swatow_Vernacular > A Dictionary of some of the more important words in the Swatow dialect.,273
Lēng,,Lēng,,,,,Slack,,,,001_Handbook_of_the_Swatow_Vernacular > A Dictionary of some of the more important words in the Swatow dialect.,273
sang,,sang,,,鬆,,Slack,,,,001_Handbook_of_the_Swatow_Vernacular > A Dictionary of some of the more important words in the Swatow dialect.,273
Sia,,Sia,,,斜,,Slanting,,,,001_Handbook_of_the_Swatow_Vernacular > A Dictionary of some of the more important words in the Swatow dialect.,273
Òng,,Òng,,,掌打,,"Slap, to",,,,001_Handbook_of_the_Swatow_Vernacular > A Dictionary of some of the more important words in the Swatow dialect.,273
Nôuⁿ-tshâi,,Nôuⁿ-tshâi,,,奴才,,Slave,,,,001_Handbook_of_the_Swatow_Vernacular > A Dictionary of some of the more important words in the Swatow dialect.,273
Út,,Út,,,夗,睡,Sleep,,,,001_Handbook_of_the_Swatow_Vernacular > A Dictionary of some of the more important words in the Swatow dialect.,273
Saⁿ-ńg,,Saⁿ-ńg,,,衫䘼,衫袖,"Sleeve, of coat",,,,001_Handbook_of_the_Swatow_Vernacular > A Dictionary of some of the more important words in the Swatow dialect.,273
Phièn,,Phièn,,,片,,Slice,,,,001_Handbook_of_the_Swatow_Vernacular > A Dictionary of some of the more important words in the Swatow dialect.,273
liàm,,liàm,,,,,Slice,,,,001_Handbook_of_the_Swatow_Vernacular > A Dictionary of some of the more important words in the Swatow dialect.,273
hue,,hue,,,,,Slice,,,,001_Handbook_of_the_Swatow_Vernacular > A Dictionary of some of the more important words in the Swatow dialect.,273
Sié-khúa,,Sié-khúa,,,小可,,Slight,,,,001_Handbook_of_the_Swatow_Vernacular > A Dictionary of some of the more important words in the Swatow dialect.,273
Thām-phiù,,Thām-phiù,,,失足,,"Slip, to miss the foot",,,,001_Handbook_of_the_Swatow_Vernacular > A Dictionary of some of the more important words in the Swatow dialect.,273
Phiù-chhiú,,Phiù-chhiú,,,失手,,"Slip, out of the hand",,,,001_Handbook_of_the_Swatow_Vernacular > A Dictionary of some of the more important words in the Swatow dialect.,273
Liù-puáh,,Liù-puáh,,,溜跋,滑跌,"Slip, down",,,,001_Handbook_of_the_Swatow_Vernacular > A Dictionary of some of the more important words in the Swatow dialect.,274
liù--lóh-khṳ̀,,liù--lóh-khṳ̀,,,溜落去,,"Slip, down",,,,001_Handbook_of_the_Swatow_Vernacular > A Dictionary of some of the more important words in the Swatow dialect.,274
Ôi-thua,,Ôi-thua,,,鞋拖,,Slippers,,,,001_Handbook_of_the_Swatow_Vernacular > A Dictionary of some of the more important words in the Swatow dialect.,274
ôi-liouh,,ôi-liouh,,,,,Slippers,,,,001_Handbook_of_the_Swatow_Vernacular > A Dictionary of some of the more important words in the Swatow dialect.,274
Mān,,Mān,,,緩,,Slow,,,,001_Handbook_of_the_Swatow_Vernacular > A Dictionary of some of the more important words in the Swatow dialect.,274
Khuaⁿ-khuaⁿ,,Khuaⁿ-khuaⁿ,,,寬寬,,Slowly,,,,001_Handbook_of_the_Swatow_Vernacular > A Dictionary of some of the more important words in the Swatow dialect.,274
Ûn-ûn,,Ûn-ûn,,,紜紜,,"Slowly, and carefully",,,,001_Handbook_of_the_Swatow_Vernacular > A Dictionary of some of the more important words in the Swatow dialect.,274
Sòi,,Sòi,,,細,,Small,,,,001_Handbook_of_the_Swatow_Vernacular > A Dictionary of some of the more important words in the Swatow dialect.,274
Phùa-tshùi-tshùi,,Phùa-tshùi-tshùi,,,破碎碎,,"Smash, to pieces",,,,001_Handbook_of_the_Swatow_Vernacular > A Dictionary of some of the more important words in the Swatow dialect.,274
Kôu,,Kôu,,,糊,,Smear,,,,001_Handbook_of_the_Swatow_Vernacular > A Dictionary of some of the more important words in the Swatow dialect.,274
hú,,hú,,,敷,,Smear,,,,001_Handbook_of_the_Swatow_Vernacular > A Dictionary of some of the more important words in the Swatow dialect.,274
Hiēn,,Hiēn,,,羶,,Smell,,,,001_Handbook_of_the_Swatow_Vernacular > A Dictionary of some of the more important words in the Swatow dialect.,274
Phĩⁿ,,Phĩⁿ,,,鼻,,"Smell, to",,,,001_Handbook_of_the_Swatow_Vernacular > A Dictionary of some of the more important words in the Swatow dialect.,274
Ba-bun-chhiè,,Ba-bun-chhiè,,,貓呅笑,,Smile,,,,001_Handbook_of_the_Swatow_Vernacular > A Dictionary of some of the more important words in the Swatow dialect.,274
In,,In,,,煙,烟,Smoke,,,,001_Handbook_of_the_Swatow_Vernacular > A Dictionary of some of the more important words in the Swatow dialect.,274
Chiáh-hun,,Chiáh-hun,,,食薰,食煙,"Smoke,, to","Smoke, , to",,,001_Handbook_of_the_Swatow_Vernacular > A Dictionary of some of the more important words in the Swatow dialect.,274
Chiáh-a-phièn,,Chiáh-a-phièn,,,食鴉片,,"Smoke, opium",,,,001_Handbook_of_the_Swatow_Vernacular > A Dictionary of some of the more important words in the Swatow dialect.,274
kuh-a-phièn,,kuh-a-phièn,,,,,"Smoke, opium",,,,001_Handbook_of_the_Swatow_Vernacular > A Dictionary of some of the more important words in the Swatow dialect.,274
Kút,,Kút,,,滑,,Smooth,,,,001_Handbook_of_the_Swatow_Vernacular > A Dictionary of some of the more important words in the Swatow dialect.,274
Hip-sí,,Hip-sí,,,翕死,,Smother,,,,001_Handbook_of_the_Swatow_Vernacular > A Dictionary of some of the more important words in the Swatow dialect.,274
hìm-sí,,hìm-sí,,,,,Smother,,,,001_Handbook_of_the_Swatow_Vernacular > A Dictionary of some of the more important words in the Swatow dialect.,274
hìm-miⁿ,,hìm-miⁿ,,,,,Smother,,,,001_Handbook_of_the_Swatow_Vernacular > A Dictionary of some of the more important words in the Swatow dialect.,274
Tsáu-hiàng,,Tsáu-hiàng,,,走餉,,Smuggle,,,,001_Handbook_of_the_Swatow_Vernacular > A Dictionary of some of the more important words in the Swatow dialect.,274
Lô,,Lô,,,螺,,Snail,,,,001_Handbook_of_the_Swatow_Vernacular > A Dictionary of some of the more important words in the Swatow dialect.,274
tshân-lô,,tshân-lô,,,田螺,,Snail,,,,001_Handbook_of_the_Swatow_Vernacular > A Dictionary of some of the more important words in the Swatow dialect.,274
Lô-mãng,,Lô-mãng,,,羅網,,Snare,,,,001_Handbook_of_the_Swatow_Vernacular > A Dictionary of some of the more important words in the Swatow dialect.,274
khuan-thàu,,khuan-thàu,,,圈套,,Snare,,,,001_Handbook_of_the_Swatow_Vernacular > A Dictionary of some of the more important words in the Swatow dialect.,274
Tieⁿ-khuan-thàu,,Tieⁿ-khuan-thàu,,,張圈套,設圈套,"Snare, set a",,,,001_Handbook_of_the_Swatow_Vernacular > A Dictionary of some of the more important words in the Swatow dialect.,274
Tng,,Tng,,,當,,"Snare, to",,,,001_Handbook_of_the_Swatow_Vernacular > A Dictionary of some of the more important words in the Swatow dialect.,275
Chhiéⁿ,,Chhiéⁿ,,,搶,,Snatch,,,,001_Handbook_of_the_Swatow_Vernacular > A Dictionary of some of the more important words in the Swatow dialect.,275
Phah-ka-khì,,Phah-ka-khì,,,拍咳氣,打噴,Sneeze,,,,001_Handbook_of_the_Swatow_Vernacular > A Dictionary of some of the more important words in the Swatow dialect.,275
Hûaⁿ,,Hûaⁿ,,,喘氣,,Snore,,,,001_Handbook_of_the_Swatow_Vernacular > A Dictionary of some of the more important words in the Swatow dialect.,275
Soh,,Soh,,,雪,,Snow,,,,001_Handbook_of_the_Swatow_Vernacular > A Dictionary of some of the more important words in the Swatow dialect.,275
Soh-soh-péh,,Soh-soh-péh,,,雪雪白,,Snowwhite,,,,001_Handbook_of_the_Swatow_Vernacular > A Dictionary of some of the more important words in the Swatow dialect.,275
Phīⁿ-hun,,Phīⁿ-hun,,,鼻薰,鼻煙,"Snuff, for the nose",,,,001_Handbook_of_the_Swatow_Vernacular > A Dictionary of some of the more important words in the Swatow dialect.,275
Hngh-phīⁿ-hun,,Hngh-phīⁿ-hun,,,抹鼻薰,抹鼻煙,"Snuff, to",,,,001_Handbook_of_the_Swatow_Vernacular > A Dictionary of some of the more important words in the Swatow dialect.,275
buah-phīⁿ-hun,,buah-phīⁿ-hun,,,抹鼻薰,抹鼻煙,"Snuff, to",,,,001_Handbook_of_the_Swatow_Vernacular > A Dictionary of some of the more important words in the Swatow dialect.,275
Chìm,,Chìm,,,浸,,Soak,,,,001_Handbook_of_the_Swatow_Vernacular > A Dictionary of some of the more important words in the Swatow dialect.,275
Hũe,,Hũe,,,會,,Society,,,,001_Handbook_of_the_Swatow_Vernacular > A Dictionary of some of the more important words in the Swatow dialect.,275
Tshap-hũe,,Tshap-hũe,,,插會,,"Society, to join",,,,001_Handbook_of_the_Swatow_Vernacular > A Dictionary of some of the more important words in the Swatow dialect.,275
jíp-hũe,,jíp-hũe,,,入會,,"Society, to join",,,,001_Handbook_of_the_Swatow_Vernacular > A Dictionary of some of the more important words in the Swatow dialect.,275
Nńg,,Nńg,,,軟,,Soft,,,,001_Handbook_of_the_Swatow_Vernacular > A Dictionary of some of the more important words in the Swatow dialect.,275
Thôu,,Thôu,,,塗,,Soil,,,,001_Handbook_of_the_Swatow_Vernacular > A Dictionary of some of the more important words in the Swatow dialect.,275
Ún,,Ún,,,鑲,,"Solder, to",,,,001_Handbook_of_the_Swatow_Vernacular > A Dictionary of some of the more important words in the Swatow dialect.,275
Piaⁿ,,Piaⁿ,,,兵,,Soldier,,,,001_Handbook_of_the_Swatow_Vernacular > A Dictionary of some of the more important words in the Swatow dialect.,275
ióng-chiàng,,ióng-chiàng,,,勇將,勇壯,Soldier,,,,001_Handbook_of_the_Swatow_Vernacular > A Dictionary of some of the more important words in the Swatow dialect.,275
láu-chiàng,,láu-chiàng,,,老將,老壯,Soldier,,,,001_Handbook_of_the_Swatow_Vernacular > A Dictionary of some of the more important words in the Swatow dialect.,275
Kha-tói,,Kha-tói,,,骹底,脚底,"Sole, of foot",,,,001_Handbook_of_the_Swatow_Vernacular > A Dictionary of some of the more important words in the Swatow dialect.,275
Ôi-tói,,Ôi-tói,,,鞋底,,"Sole, of shoe",,,,001_Handbook_of_the_Swatow_Vernacular > A Dictionary of some of the more important words in the Swatow dialect.,275
Hē-chì,,Hē-chì,,,夏至,,"Solstice, Summer",,,,001_Handbook_of_the_Swatow_Vernacular > A Dictionary of some of the more important words in the Swatow dialect.,275
Tang-chì,,Tang-chì,,,冬至,,"Solstice, Winter",,,,001_Handbook_of_the_Swatow_Vernacular > A Dictionary of some of the more important words in the Swatow dialect.,275
Kiáⁿ,,Kiáⁿ,,,囝,子,Son,,,,001_Handbook_of_the_Swatow_Vernacular > A Dictionary of some of the more important words in the Swatow dialect.,275
tau-kiáⁿ,,tau-kiáⁿ,,,兜囝,,Son,,,,001_Handbook_of_the_Swatow_Vernacular > A Dictionary of some of the more important words in the Swatow dialect.,275
Kua,,Kua,,,歌,,Song,,,,001_Handbook_of_the_Swatow_Vernacular > A Dictionary of some of the more important words in the Swatow dialect.,276
khek,,khek,,,曲,,Song,,,,001_Handbook_of_the_Swatow_Vernacular > A Dictionary of some of the more important words in the Swatow dialect.,276
Húe-thûn,,Húe-thûn,,,火燂,,Soot,,,,001_Handbook_of_the_Swatow_Vernacular > A Dictionary of some of the more important words in the Swatow dialect.,276
Tâng-sin,,Tâng-sin,,,童身,,Sorcerer,,,,001_Handbook_of_the_Swatow_Vernacular > A Dictionary of some of the more important words in the Swatow dialect.,276
tâng-ki,,tâng-ki,,,童乩,,Sorcerer,,,,001_Handbook_of_the_Swatow_Vernacular > A Dictionary of some of the more important words in the Swatow dialect.,276
Lóh-sîn-phûa,,Lóh-sîn-phûa,,,落神婆,,Sorceress,,,,001_Handbook_of_the_Swatow_Vernacular > A Dictionary of some of the more important words in the Swatow dialect.,276
thóiⁿ-siàⁿ-phûa,,thóiⁿ-siàⁿ-phûa,,,睇聖婆,看聖婆,Sorceress,,,,001_Handbook_of_the_Swatow_Vernacular > A Dictionary of some of the more important words in the Swatow dialect.,276
Siâ-sút,,Siâ-sút,,,邪術,,Sorcery,,,,001_Handbook_of_the_Swatow_Vernacular > A Dictionary of some of the more important words in the Swatow dialect.,276
Thiàⁿ,,Thiàⁿ,,,痛,,Sore,,,,001_Handbook_of_the_Swatow_Vernacular > A Dictionary of some of the more important words in the Swatow dialect.,276
Huân-ló,,Huân-ló,,,煩惱,,Sorry,,,,001_Handbook_of_the_Swatow_Vernacular > A Dictionary of some of the more important words in the Swatow dialect.,276
Iēⁿ,,Iēⁿ,,,樣,,Sort,,,,001_Handbook_of_the_Swatow_Vernacular > A Dictionary of some of the more important words in the Swatow dialect.,276
khí,,khí,,,,,Sort,,,,001_Handbook_of_the_Swatow_Vernacular > A Dictionary of some of the more important words in the Swatow dialect.,276
Lêng-hûn,,Lêng-hûn,,,靈魂,,Soul,,,,001_Handbook_of_the_Swatow_Vernacular > A Dictionary of some of the more important words in the Swatow dialect.,276
Siaⁿ,,Siaⁿ,,,聲,,Sound,,,,001_Handbook_of_the_Swatow_Vernacular > A Dictionary of some of the more important words in the Swatow dialect.,276
Hiáng,,Hiáng,,,响,,"Sound, to",,,,001_Handbook_of_the_Swatow_Vernacular > A Dictionary of some of the more important words in the Swatow dialect.,276
Sng,,Sng,,,酸,,Sour,,,,001_Handbook_of_the_Swatow_Vernacular > A Dictionary of some of the more important words in the Swatow dialect.,276
Kṳn-pńg,,Kṳn-pńg,,,根本,,Source,,,,001_Handbook_of_the_Swatow_Vernacular > A Dictionary of some of the more important words in the Swatow dialect.,276
nguân-kṳn,,nguân-kṳn,,,原根,,Source,,,,001_Handbook_of_the_Swatow_Vernacular > A Dictionary of some of the more important words in the Swatow dialect.,276
Nâm,,Nâm,,,南,,South,,,,001_Handbook_of_the_Swatow_Vernacular > A Dictionary of some of the more important words in the Swatow dialect.,276
nâm-pôiⁿ,,nâm-pôiⁿ,,,南爿,南畔,South,,,,001_Handbook_of_the_Swatow_Vernacular > A Dictionary of some of the more important words in the Swatow dialect.,276
Tṳ-bó,,Tṳ-bó,,,豬母,,"Sow, a",,,,001_Handbook_of_the_Swatow_Vernacular > A Dictionary of some of the more important words in the Swatow dialect.,276
Iā-chéng,,Iā-chéng,,,播種,,"Sow, to",,,,001_Handbook_of_the_Swatow_Vernacular > A Dictionary of some of the more important words in the Swatow dialect.,276
Thih-chhiâm,,Thih-chhiâm,,,鐵鑱,鐵鑽,Spade,,,,001_Handbook_of_the_Swatow_Vernacular > A Dictionary of some of the more important words in the Swatow dialect.,276
Liáh,,Liáh,,,掠,,Span,,,,001_Handbook_of_the_Swatow_Vernacular > A Dictionary of some of the more important words in the Swatow dialect.,276
Phuah,,Phuah,,,潑,,Spatter,,,,001_Handbook_of_the_Swatow_Vernacular > A Dictionary of some of the more important words in the Swatow dialect.,276
phùn,,phùn,,,鍤,,Spatter,,,,001_Handbook_of_the_Swatow_Vernacular > A Dictionary of some of the more important words in the Swatow dialect.,276
Hṳ̂-tshun,,Hṳ̂-tshun,,,魚春,,"Spawn, of fish",,,,001_Handbook_of_the_Swatow_Vernacular > A Dictionary of some of the more important words in the Swatow dialect.,276
hṳ̂-nñg,,hṳ̂-nñg,,,魚卵,,"Spawn, of fish",,,,001_Handbook_of_the_Swatow_Vernacular > A Dictionary of some of the more important words in the Swatow dialect.,276
hṳ̂-chí,,hṳ̂-chí,,,魚子,魚只,"Spawn, of fish",,,,001_Handbook_of_the_Swatow_Vernacular > A Dictionary of some of the more important words in the Swatow dialect.,276
Tàⁿ,,Tàⁿ,,,呾,,Speak,,,,001_Handbook_of_the_Swatow_Vernacular > A Dictionary of some of the more important words in the Swatow dialect.,277
tàⁿ-uē,,tàⁿ-uē,,,呾話,,Speak,,,,001_Handbook_of_the_Swatow_Vernacular > A Dictionary of some of the more important words in the Swatow dialect.,277
Chhieⁿ,,Chhieⁿ,,,鎗,,Spear,,,,001_Handbook_of_the_Swatow_Vernacular > A Dictionary of some of the more important words in the Swatow dialect.,277
pie,,pie,,,鏢,,Spear,,,,001_Handbook_of_the_Swatow_Vernacular > A Dictionary of some of the more important words in the Swatow dialect.,277
Pie,,Pie,,,鏢,,"Spear, to",,,,001_Handbook_of_the_Swatow_Vernacular > A Dictionary of some of the more important words in the Swatow dialect.,277
Iēⁿ,,Iēⁿ,,,樣,,Specimen,,,,001_Handbook_of_the_Swatow_Vernacular > A Dictionary of some of the more important words in the Swatow dialect.,277
Tiám,,Tiám,,,點,㸃,Speck,,,,001_Handbook_of_the_Swatow_Vernacular > A Dictionary of some of the more important words in the Swatow dialect.,277
Mák-kiàⁿ,,Mák-kiàⁿ,,,目鏡,,Spectacles,,,,001_Handbook_of_the_Swatow_Vernacular > A Dictionary of some of the more important words in the Swatow dialect.,277
Sái,,Sái,,,使,,Spend,,,,001_Handbook_of_the_Swatow_Vernacular > A Dictionary of some of the more important words in the Swatow dialect.,277
só-hùi,,só-hùi,,,所費,需費,Spend,,,,001_Handbook_of_the_Swatow_Vernacular > A Dictionary of some of the more important words in the Swatow dialect.,277
Hieⁿ-liōu,,Hieⁿ-liōu,,,香料,,Spices,,,,001_Handbook_of_the_Swatow_Vernacular > A Dictionary of some of the more important words in the Swatow dialect.,277
Phah-tó,,Phah-tó,,,拍倒,打倒,Spill,,,,001_Handbook_of_the_Swatow_Vernacular > A Dictionary of some of the more important words in the Swatow dialect.,277
tò-tiòu,,tò-tiòu,,,倒掉,傾丢,Spill,,,,001_Handbook_of_the_Swatow_Vernacular > A Dictionary of some of the more important words in the Swatow dialect.,277
Hui,,Hui,,,回,旋轉,Spin,,,,001_Handbook_of_the_Swatow_Vernacular > A Dictionary of some of the more important words in the Swatow dialect.,277
Ie-chiah-kut,,Ie-chiah-kut,,,腰脊骨,背骨,Spine,,,,001_Handbook_of_the_Swatow_Vernacular > A Dictionary of some of the more important words in the Swatow dialect.,277
ie-lêng-kut,,ie-lêng-kut,,,腰龍骨,,Spine,,,,001_Handbook_of_the_Swatow_Vernacular > A Dictionary of some of the more important words in the Swatow dialect.,277
Sîn,,Sîn,,,神,,Spirit,,,,001_Handbook_of_the_Swatow_Vernacular > A Dictionary of some of the more important words in the Swatow dialect.,277
Phùi-nũaⁿ,,Phùi-nũaⁿ,,,呸涎,噴涎,Spit,,,,001_Handbook_of_the_Swatow_Vernacular > A Dictionary of some of the more important words in the Swatow dialect.,277
phùi,,phùi,,,呸,噴,Spit,,,,001_Handbook_of_the_Swatow_Vernacular > A Dictionary of some of the more important words in the Swatow dialect.,277
Thâm-tāng,,Thâm-tāng,,,痰筒,,Spittoon,,,,001_Handbook_of_the_Swatow_Vernacular > A Dictionary of some of the more important words in the Swatow dialect.,277
thâm-phùi,,thâm-phùi,,,痰呸,,Spittoon,,,,001_Handbook_of_the_Swatow_Vernacular > A Dictionary of some of the more important words in the Swatow dialect.,277
Phùn,,Phùn,,,噴,,Splash,,,,001_Handbook_of_the_Swatow_Vernacular > A Dictionary of some of the more important words in the Swatow dialect.,277
Phùa,,Phùa,,,破,,"Split, with an axe",,,,001_Handbook_of_the_Swatow_Vernacular > A Dictionary of some of the more important words in the Swatow dialect.,277
Lòi,,Lòi,,,𠠍,,"Split, with a knife",,,,001_Handbook_of_the_Swatow_Vernacular > A Dictionary of some of the more important words in the Swatow dialect.,277
Muéh-tiòu,,Muéh-tiòu,,,物掉,物丢,"Spoil, to",,,,001_Handbook_of_the_Swatow_Vernacular > A Dictionary of some of the more important words in the Swatow dialect.,277
Hāi--lō,,Hāi--lō,,,害了,,Spoiled,,,,001_Handbook_of_the_Swatow_Vernacular > A Dictionary of some of the more important words in the Swatow dialect.,277
Thit-thô,,Thit-thô,,,佚佗,閑遊,Sport,,,,001_Handbook_of_the_Swatow_Vernacular > A Dictionary of some of the more important words in the Swatow dialect.,277
sńg,,sńg,,,耍,,Sport,,,,001_Handbook_of_the_Swatow_Vernacular > A Dictionary of some of the more important words in the Swatow dialect.,277
Tiám,,Tiám,,,點,㸃,"Spot, a",,,,001_Handbook_of_the_Swatow_Vernacular > A Dictionary of some of the more important words in the Swatow dialect.,278
Chek--tiéh,,Chek--tiéh,,,,閃着,Sprain,,,,001_Handbook_of_the_Swatow_Vernacular > A Dictionary of some of the more important words in the Swatow dialect.,278
nãuⁿ--tiéh,,nãuⁿ--tiéh,,,,,Sprain,,,,001_Handbook_of_the_Swatow_Vernacular > A Dictionary of some of the more important words in the Swatow dialect.,278
tsuáh--tiéh,,tsuáh--tiéh,,,,,Sprain,,,,001_Handbook_of_the_Swatow_Vernacular > A Dictionary of some of the more important words in the Swatow dialect.,278
Tshṳ,,Tshṳ,,,舒,,"Spread, as a carpet",,,,001_Handbook_of_the_Swatow_Vernacular > A Dictionary of some of the more important words in the Swatow dialect.,278
phi,,phi,,,披,,"Spread, as a carpet",,,,001_Handbook_of_the_Swatow_Vernacular > A Dictionary of some of the more important words in the Swatow dialect.,278
Tsûaⁿ,,Tsûaⁿ,,,泉,,"Spring, a",,,,001_Handbook_of_the_Swatow_Vernacular > A Dictionary of some of the more important words in the Swatow dialect.,278
tsúi-tsûaⁿ,,tsúi-tsûaⁿ,,,水泉,,"Spring, a",,,,001_Handbook_of_the_Swatow_Vernacular > A Dictionary of some of the more important words in the Swatow dialect.,278
Hîⁿ,,Hîⁿ,,,,灑,Sprinkle,,,,001_Handbook_of_the_Swatow_Vernacular > A Dictionary of some of the more important words in the Swatow dialect.,278
Bū-tsúi,,Bū-tsúi,,,霧水,,"Spurt, water from the mouth",,,,001_Handbook_of_the_Swatow_Vernacular > A Dictionary of some of the more important words in the Swatow dialect.,278
Thàm-kiáⁿ,,Thàm-kiáⁿ,,,探囝,探仔,"Spy, a",,,,001_Handbook_of_the_Swatow_Vernacular > A Dictionary of some of the more important words in the Swatow dialect.,278
sùaⁿ-soh,,sùaⁿ-soh,,,線索,,"Spy, a",,,,001_Handbook_of_the_Swatow_Vernacular > A Dictionary of some of the more important words in the Swatow dialect.,278
Thàm,,Thàm,,,探,,"Spy, to",,,,001_Handbook_of_the_Swatow_Vernacular > A Dictionary of some of the more important words in the Swatow dialect.,278
thau-thàm,,thau-thàm,,,偷探,,"Spy, to",,,,001_Handbook_of_the_Swatow_Vernacular > A Dictionary of some of the more important words in the Swatow dialect.,278
tsò-sùaⁿ,,tsò-sùaⁿ,,,做線,,"Spy, to",,,,001_Handbook_of_the_Swatow_Vernacular > A Dictionary of some of the more important words in the Swatow dialect.,278
Zṳ́-tiòu,,Zṳ́-tiòu,,,,毀丢,Squander,,,,001_Handbook_of_the_Swatow_Vernacular > A Dictionary of some of the more important words in the Swatow dialect.,278
phùa-tiòu,,phùa-tiòu,,,破掉,破丢,Squander,,,,001_Handbook_of_the_Swatow_Vernacular > A Dictionary of some of the more important words in the Swatow dialect.,278
Sì-pang,,Sì-pang,,,四方,,Square,,,,001_Handbook_of_the_Swatow_Vernacular > A Dictionary of some of the more important words in the Swatow dialect.,278
Ap-siòu,,Ap-siòu,,,押數,,"Square, accounts",,,,001_Handbook_of_the_Swatow_Vernacular > A Dictionary of some of the more important words in the Swatow dialect.,278
Teh--tiéh,,Teh--tiéh,,,壓着,,"Squash, to",,,,001_Handbook_of_the_Swatow_Vernacular > A Dictionary of some of the more important words in the Swatow dialect.,278
Tshn̂g,,Tshn̂g,,,,,"Squat, on the heels",,,,001_Handbook_of_the_Swatow_Vernacular > A Dictionary of some of the more important words in the Swatow dialect.,278
khû,,khû,,,蹲,,"Squat, on the heels",,,,001_Handbook_of_the_Swatow_Vernacular > A Dictionary of some of the more important words in the Swatow dialect.,278
Tẽⁿ,,Tẽⁿ,,,,,"Squeeze, with the hand",,,,001_Handbook_of_the_Swatow_Vernacular > A Dictionary of some of the more important words in the Swatow dialect.,278
Koíh,,Koíh,,,夾,,"Squeeze, to press closely",,,,001_Handbook_of_the_Swatow_Vernacular > A Dictionary of some of the more important words in the Swatow dialect.,278
Tsũn-chiáh,,Tsũn-chiáh,,,,撰食,"Squeeze, money",,,,001_Handbook_of_the_Swatow_Vernacular > A Dictionary of some of the more important words in the Swatow dialect.,278
Tshǹg,,Tshǹg,,,刺,,Stab,,,,001_Handbook_of_the_Swatow_Vernacular > A Dictionary of some of the more important words in the Swatow dialect.,278
Bé-pâng,,Bé-pâng,,,馬房,,Stable,,,,001_Handbook_of_the_Swatow_Vernacular > A Dictionary of some of the more important words in the Swatow dialect.,278
Hì-pêⁿ,,Hì-pêⁿ,,,戲棚,,"Stage, for plays",,,,001_Handbook_of_the_Swatow_Vernacular > A Dictionary of some of the more important words in the Swatow dialect.,278
Hú--tiéh,,Hú--tiéh,,,捬着,染着,Stain,,,,001_Handbook_of_the_Swatow_Vernacular > A Dictionary of some of the more important words in the Swatow dialect.,278
Aù,,Aù,,,杇,,Stale,,,,001_Handbook_of_the_Swatow_Vernacular > A Dictionary of some of the more important words in the Swatow dialect.,279
Khap,,Khap,,,蓋,盖,"Stamp, to",,,,001_Handbook_of_the_Swatow_Vernacular > A Dictionary of some of the more important words in the Swatow dialect.,279
khap-ìn,,khap-ìn,,,蓋印,盖印,"Stamp, to",,,,001_Handbook_of_the_Swatow_Vernacular > A Dictionary of some of the more important words in the Swatow dialect.,279
Thiàm-kha,,Thiàm-kha,,,蹴骹,擋脚,"Stamp, with the foot",,,,001_Handbook_of_the_Swatow_Vernacular > A Dictionary of some of the more important words in the Swatow dialect.,279
Chieⁿ,,Chieⁿ,,,漿,樟,Starch,,,,001_Handbook_of_the_Swatow_Vernacular > A Dictionary of some of the more important words in the Swatow dialect.,279
Kùe-chieⁿ,,Kùe-chieⁿ,,,過漿,過樟,"Starch, to",,,,001_Handbook_of_the_Swatow_Vernacular > A Dictionary of some of the more important words in the Swatow dialect.,279
Khí-sin,,Khí-sin,,,起身,,"Start, on a journey",,,,001_Handbook_of_the_Swatow_Vernacular > A Dictionary of some of the more important words in the Swatow dialect.,279
khí-kiâⁿ,,khí-kiâⁿ,,,起行,,"Start, on a journey",,,,001_Handbook_of_the_Swatow_Vernacular > A Dictionary of some of the more important words in the Swatow dialect.,279
Hehⁿ--chē-kiè,,Hehⁿ--chē-kiè,,,嚇一下叫,驚訝,Startled,,,,001_Handbook_of_the_Swatow_Vernacular > A Dictionary of some of the more important words in the Swatow dialect.,279
Gō,,Gō,,,餓,,Starve,,,,001_Handbook_of_the_Swatow_Vernacular > A Dictionary of some of the more important words in the Swatow dialect.,279
Chhîn,,Chhîn,,,臣,,Statesman,,,,001_Handbook_of_the_Swatow_Vernacular > A Dictionary of some of the more important words in the Swatow dialect.,279
tãi-chhîn,,tãi-chhîn,,,大臣,,Statesman,,,,001_Handbook_of_the_Swatow_Vernacular > A Dictionary of some of the more important words in the Swatow dialect.,279
Sièⁿ,,Sièⁿ,,,像,,Statue,,,,001_Handbook_of_the_Swatow_Vernacular > A Dictionary of some of the more important words in the Swatow dialect.,279
Nāⁿ,,Nāⁿ,,,,,Stay,,,,001_Handbook_of_the_Swatow_Vernacular > A Dictionary of some of the more important words in the Swatow dialect.,279
Ngaíh,,Ngaíh,,,堅,,Steady,,,,001_Handbook_of_the_Swatow_Vernacular > A Dictionary of some of the more important words in the Swatow dialect.,279
Thau-khiéh,,Thau-khiéh,,,偷挈,盜取,Steal,,,,001_Handbook_of_the_Swatow_Vernacular > A Dictionary of some of the more important words in the Swatow dialect.,279
Kiā,,Kiā,,,崎,,Steep,,,,001_Handbook_of_the_Swatow_Vernacular > A Dictionary of some of the more important words in the Swatow dialect.,279
Pōu,,Pōu,,,步,,Step,,,,001_Handbook_of_the_Swatow_Vernacular > A Dictionary of some of the more important words in the Swatow dialect.,279
Tshûe,,Tshûe,,,箠,,"Stick, a",,,,001_Handbook_of_the_Swatow_Vernacular > A Dictionary of some of the more important words in the Swatow dialect.,279
kùn,,kùn,,,棍,,"Stick, a",,,,001_Handbook_of_the_Swatow_Vernacular > A Dictionary of some of the more important words in the Swatow dialect.,279
Tùe,,Tùe,,,搭,,"Stick, as gum",,,,001_Handbook_of_the_Swatow_Vernacular > A Dictionary of some of the more important words in the Swatow dialect.,279
Tshah,,Tshah,,,插,,"Stick, in",,,,001_Handbook_of_the_Swatow_Vernacular > A Dictionary of some of the more important words in the Swatow dialect.,279
Ngẽ,,Ngẽ,,,硬,,Stiff,,,,001_Handbook_of_the_Swatow_Vernacular > A Dictionary of some of the more important words in the Swatow dialect.,279
Tàn,,Tàn,,,刺,,"Sting, to",,,,001_Handbook_of_the_Swatow_Vernacular > A Dictionary of some of the more important words in the Swatow dialect.,279
Tshàu,,Tshàu,,,臭,,Stink,,,,001_Handbook_of_the_Swatow_Vernacular > A Dictionary of some of the more important words in the Swatow dialect.,280
Chhiou,,Chhiou,,,𢲵,鍫,Stir,,,,001_Handbook_of_the_Swatow_Vernacular > A Dictionary of some of the more important words in the Swatow dialect.,280
lā,,lā,,,,,Stir,,,,001_Handbook_of_the_Swatow_Vernacular > A Dictionary of some of the more important words in the Swatow dialect.,280
ká,,ká,,,攪,絞,Stir,,,,001_Handbook_of_the_Swatow_Vernacular > A Dictionary of some of the more important words in the Swatow dialect.,280
Bé-táh-tèng,,Bé-táh-tèng,,,馬踏䟓,,Stirrup,,,,001_Handbook_of_the_Swatow_Vernacular > A Dictionary of some of the more important words in the Swatow dialect.,280
Tshâ-gô,,Tshâ-gô,,,柴鵝,,Stocks,,,,001_Handbook_of_the_Swatow_Vernacular > A Dictionary of some of the more important words in the Swatow dialect.,280
kha-khàu,,kha-khàu,,,骹銬,脚拷,Stocks,,,,001_Handbook_of_the_Swatow_Vernacular > A Dictionary of some of the more important words in the Swatow dialect.,280
Tóu,,Tóu,,,肚,,Stomach,,,,001_Handbook_of_the_Swatow_Vernacular > A Dictionary of some of the more important words in the Swatow dialect.,280
Phak-ku,,Phak-ku,,,趴佝,屈身,"Stoop, down",,,,001_Handbook_of_the_Swatow_Vernacular > A Dictionary of some of the more important words in the Swatow dialect.,280
phak--lóh-khṳ,,phak--lóh-khṳ,,,趴落去,,"Stoop, down",,,,001_Handbook_of_the_Swatow_Vernacular > A Dictionary of some of the more important words in the Swatow dialect.,280
Tun,,Tun,,,堆,,"Store, up",,,,001_Handbook_of_the_Swatow_Vernacular > A Dictionary of some of the more important words in the Swatow dialect.,280
Tsàng,,Tsàng,,,棧,,Store house,,,,001_Handbook_of_the_Swatow_Vernacular > A Dictionary of some of the more important words in the Swatow dialect.,280
tsàng-pâng,,tsàng-pâng,,,棧房,,Store house,,,,001_Handbook_of_the_Swatow_Vernacular > A Dictionary of some of the more important words in the Swatow dialect.,280
Tūa-huang,,Tūa-huang,,,大風,,Storm,,,,001_Handbook_of_the_Swatow_Vernacular > A Dictionary of some of the more important words in the Swatow dialect.,280
Thàu-tūa-huang,,Thàu-tūa-huang,,,透大風,,"Storm, to rise",,,,001_Handbook_of_the_Swatow_Vernacular > A Dictionary of some of the more important words in the Swatow dialect.,280
phû-tūa-huang,,phû-tūa-huang,,,浮大風,,"Storm, to rise",,,,001_Handbook_of_the_Swatow_Vernacular > A Dictionary of some of the more important words in the Swatow dialect.,280
Kóu,,Kóu,,,古,,Story,,,,001_Handbook_of_the_Swatow_Vernacular > A Dictionary of some of the more important words in the Swatow dialect.,280
În,,În,,,沿,,"Story, of a house",,,,001_Handbook_of_the_Swatow_Vernacular > A Dictionary of some of the more important words in the Swatow dialect.,280
tsân,,tsân,,,層,,"Story, of a house",,,,001_Handbook_of_the_Swatow_Vernacular > A Dictionary of some of the more important words in the Swatow dialect.,280
Pûi,,Pûi,,,肥,,Stout,,,,001_Handbook_of_the_Swatow_Vernacular > A Dictionary of some of the more important words in the Swatow dialect.,280
Thíap,,Thíap,,,叠,,"Stow, as cargo",,,,001_Handbook_of_the_Swatow_Vernacular > A Dictionary of some of the more important words in the Swatow dialect.,280
Tít,,Tít,,,直,,Straight,,,,001_Handbook_of_the_Swatow_Vernacular > A Dictionary of some of the more important words in the Swatow dialect.,280
Chiàⁿ-tít,,Chiàⁿ-tít,,,正直,,Straightforward,,,,001_Handbook_of_the_Swatow_Vernacular > A Dictionary of some of the more important words in the Swatow dialect.,280
tong-tít,,tong-tít,,,忠直,,Straightforward,,,,001_Handbook_of_the_Swatow_Vernacular > A Dictionary of some of the more important words in the Swatow dialect.,280
kuaⁿ-chiàⁿ,,kuaⁿ-chiàⁿ,,,官正,,Straightforward,,,,001_Handbook_of_the_Swatow_Vernacular > A Dictionary of some of the more important words in the Swatow dialect.,280
Túi-ân,,Túi-ân,,,,挽緊,"Strain, a rope","Strain , a rope",,,001_Handbook_of_the_Swatow_Vernacular > A Dictionary of some of the more important words in the Swatow dialect.,280
Tè,,Tè,,,笮,隔渣,"Strain, to filter",,,,001_Handbook_of_the_Swatow_Vernacular > A Dictionary of some of the more important words in the Swatow dialect.,280
Kóu,,Kóu,,,股,一扭,"Strand, of rope",,,,001_Handbook_of_the_Swatow_Vernacular > A Dictionary of some of the more important words in the Swatow dialect.,280
Khî,,Khî,,,奇,,Strange,,,,001_Handbook_of_the_Swatow_Vernacular > A Dictionary of some of the more important words in the Swatow dialect.,280
kú-kuài,,kú-kuài,,,古怪,,Strange,,,,001_Handbook_of_the_Swatow_Vernacular > A Dictionary of some of the more important words in the Swatow dialect.,280
Tshut-gūa-nâng,,Tshut-gūa-nâng,,,出外人[訓],,Stranger,,,,001_Handbook_of_the_Swatow_Vernacular > A Dictionary of some of the more important words in the Swatow dialect.,281
chheⁿ-hūn-nâng,,chheⁿ-hūn-nâng,,,生份人[訓],生分人[訓],Stranger,,,,001_Handbook_of_the_Swatow_Vernacular > A Dictionary of some of the more important words in the Swatow dialect.,281
Liû,,Liû,,,留,,Strangle,,,,001_Handbook_of_the_Swatow_Vernacular > A Dictionary of some of the more important words in the Swatow dialect.,281
ká,,ká,,,絞,,Strangle,,,,001_Handbook_of_the_Swatow_Vernacular > A Dictionary of some of the more important words in the Swatow dialect.,281
Suaⁿ-kau,,Suaⁿ-kau,,,山溝,,Stream,,,,001_Handbook_of_the_Swatow_Vernacular > A Dictionary of some of the more important words in the Swatow dialect.,281
Koi,,Koi,,,街,,Street,,,,001_Handbook_of_the_Swatow_Vernacular > A Dictionary of some of the more important words in the Swatow dialect.,281
koi-lōu,,koi-lōu,,,街路,,Street,,,,001_Handbook_of_the_Swatow_Vernacular > A Dictionary of some of the more important words in the Swatow dialect.,281
Lát,,Lát,,,力,,Strength,,,,001_Handbook_of_the_Swatow_Vernacular > A Dictionary of some of the more important words in the Swatow dialect.,281
khì-lát,,khì-lát,,,氣力,,Strength,,,,001_Handbook_of_the_Swatow_Vernacular > A Dictionary of some of the more important words in the Swatow dialect.,281
Tshun,,Tshun,,,伸,,Stretch,,,,001_Handbook_of_the_Swatow_Vernacular > A Dictionary of some of the more important words in the Swatow dialect.,281
Ngiâm,,Ngiâm,,,嚴,,Strict,,,,001_Handbook_of_the_Swatow_Vernacular > A Dictionary of some of the more important words in the Swatow dialect.,281
Huáh,,Huáh,,,步,,Stride,,,,001_Handbook_of_the_Swatow_Vernacular > A Dictionary of some of the more important words in the Swatow dialect.,281
Phah,,Phah,,,拍,打,Strike,,,,001_Handbook_of_the_Swatow_Vernacular > A Dictionary of some of the more important words in the Swatow dialect.,281
Cheng,,Cheng,,,舂,,"Strike, with the fist",,,,001_Handbook_of_the_Swatow_Vernacular > A Dictionary of some of the more important words in the Swatow dialect.,281
Bú,,Bú,,,舞,,"Strike, with a stick",,,,001_Handbook_of_the_Swatow_Vernacular > A Dictionary of some of the more important words in the Swatow dialect.,281
bút,,bút,,,,,"Strike, with a stick",,,,001_Handbook_of_the_Swatow_Vernacular > A Dictionary of some of the more important words in the Swatow dialect.,281
Sut,,Sut,,,摔,,"Strike, with a soft cane",,,,001_Handbook_of_the_Swatow_Vernacular > A Dictionary of some of the more important words in the Swatow dialect.,281
Sùaⁿ,,Sùaⁿ,,,線,,String,,,,001_Handbook_of_the_Swatow_Vernacular > A Dictionary of some of the more important words in the Swatow dialect.,281
soh-kiáⁿ,,soh-kiáⁿ,,,索囝,索仔,String,,,,001_Handbook_of_the_Swatow_Vernacular > A Dictionary of some of the more important words in the Swatow dialect.,281
Pak,,Pak,,,剝,,"Strip, to",,,,001_Handbook_of_the_Swatow_Vernacular > A Dictionary of some of the more important words in the Swatow dialect.,281
thut,,thut,,,脫,,"Strip, to",,,,001_Handbook_of_the_Swatow_Vernacular > A Dictionary of some of the more important words in the Swatow dialect.,281
thǹg,,thǹg,,,褪,,"Strip, to",,,,001_Handbook_of_the_Swatow_Vernacular > A Dictionary of some of the more important words in the Swatow dialect.,281
Chék-tsūe chék-tsūe,,Chék-tsūe chék-tsūe,,,一行一行,,Striped,,,,001_Handbook_of_the_Swatow_Vernacular > A Dictionary of some of the more important words in the Swatow dialect.,281
Sie-cheⁿ,,Sie-cheⁿ,,,相爭,,Strive,,,,001_Handbook_of_the_Swatow_Vernacular > A Dictionary of some of the more important words in the Swatow dialect.,281
Uéh,,Uéh,,,劃,畫,"Stroke, as of pen",,,,001_Handbook_of_the_Swatow_Vernacular > A Dictionary of some of the more important words in the Swatow dialect.,281
Ũ-lát,,Ũ-lát,,,有力,,"Strong, of the body",,,,001_Handbook_of_the_Swatow_Vernacular > A Dictionary of some of the more important words in the Swatow dialect.,281
tsàng,,tsàng,,,壯,,"Strong, of the body",,,,001_Handbook_of_the_Swatow_Vernacular > A Dictionary of some of the more important words in the Swatow dialect.,281
kiāⁿ,,kiāⁿ,,,健,,"Strong, of the body",,,,001_Handbook_of_the_Swatow_Vernacular > A Dictionary of some of the more important words in the Swatow dialect.,281
Khiàng,,Khiàng,,,勥,堅,"Strong, of architecture",,,,001_Handbook_of_the_Swatow_Vernacular > A Dictionary of some of the more important words in the Swatow dialect.,281
Kâu,,Kâu,,,厚,,"Strong, of tea",,,,001_Handbook_of_the_Swatow_Vernacular > A Dictionary of some of the more important words in the Swatow dialect.,281
Kuān,,Kuān,,,捲,,Struggle,,,,001_Handbook_of_the_Swatow_Vernacular > A Dictionary of some of the more important words in the Swatow dialect.,282
Thông-seng,,Thông-seng,,,童生,,"Student, for higher examination",,,,001_Handbook_of_the_Swatow_Vernacular > A Dictionary of some of the more important words in the Swatow dialect.,282
Hák-síp,,Hák-síp,,,學習,,"Study, to",,,,001_Handbook_of_the_Swatow_Vernacular > A Dictionary of some of the more important words in the Swatow dialect.,282
Kûe--tiéh,,Kûe--tiéh,,,絆着,,"Stumble, as over a rope",,,,001_Handbook_of_the_Swatow_Vernacular > A Dictionary of some of the more important words in the Swatow dialect.,282
Pu--tiéh,,Pu--tiéh,,,,,"Stumble, as over a stone",,,,001_Handbook_of_the_Swatow_Vernacular > A Dictionary of some of the more important words in the Swatow dialect.,282
that--tiéh,,that--tiéh,,,踢着,撻着,"Stumble, as over a stone",,,,001_Handbook_of_the_Swatow_Vernacular > A Dictionary of some of the more important words in the Swatow dialect.,282
Tsak,,Tsak,,,聒,喧嚷着,"Stun, as noise",,,,001_Handbook_of_the_Swatow_Vernacular > A Dictionary of some of the more important words in the Swatow dialect.,282
tsak--tiéh,,tsak--tiéh,,,聒着,,"Stun, as noise",,,,001_Handbook_of_the_Swatow_Vernacular > A Dictionary of some of the more important words in the Swatow dialect.,282
Ngà,,Ngà,,,㦙,,Stupid,,,,001_Handbook_of_the_Swatow_Vernacular > A Dictionary of some of the more important words in the Swatow dialect.,282
tshâ-kòng,,tshâ-kòng,,,柴戅,柴貢,Stupid,,,,001_Handbook_of_the_Swatow_Vernacular > A Dictionary of some of the more important words in the Swatow dialect.,282
Tṳ liôu,,Tṳ liôu,,,豬尞,,"Sty, for pigs",,,,001_Handbook_of_the_Swatow_Vernacular > A Dictionary of some of the more important words in the Swatow dialect.,282
tṳ-lô,,tṳ-lô,,,豬牢,,"Sty, for pigs",,,,001_Handbook_of_the_Swatow_Vernacular > A Dictionary of some of the more important words in the Swatow dialect.,282
Peh-sèⁿ,,Peh-sèⁿ,,,百姓,,"Subject, of ruler",,,,001_Handbook_of_the_Swatow_Vernacular > A Dictionary of some of the more important words in the Swatow dialect.,282
mîn--ke,,mîn--ke,,,民家,,"Subject, of ruler",,,,001_Handbook_of_the_Swatow_Vernacular > A Dictionary of some of the more important words in the Swatow dialect.,282
Sũn,,Sũn,,,順,,Submit,,,,001_Handbook_of_the_Swatow_Vernacular > A Dictionary of some of the more important words in the Swatow dialect.,282
hók,,hók,,,服,,Submit,,,,001_Handbook_of_the_Swatow_Vernacular > A Dictionary of some of the more important words in the Swatow dialect.,282
Chhiú-ẽ,,Chhiú-ẽ,,,手下,,Subordinate,,,,001_Handbook_of_the_Swatow_Vernacular > A Dictionary of some of the more important words in the Swatow dialect.,282
Tôi-chîⁿ,,Tôi-chîⁿ,,,題錢,,"Subscribe, money",,,,001_Handbook_of_the_Swatow_Vernacular > A Dictionary of some of the more important words in the Swatow dialect.,282
Thòi,,Thòi,,,代,,"Substitute, to",,,,001_Handbook_of_the_Swatow_Vernacular > A Dictionary of some of the more important words in the Swatow dialect.,282
Tṳ̂,,Tṳ̂,,,除,,Subtract,,,,001_Handbook_of_the_Swatow_Vernacular > A Dictionary of some of the more important words in the Swatow dialect.,282
Tṳ̂-huap,,Tṳ̂-huap,,,除法,,Subtraction,,,,001_Handbook_of_the_Swatow_Vernacular > A Dictionary of some of the more important words in the Swatow dialect.,282
Siâⁿ-gūa,,Siâⁿ-gūa,,,城外,,Suburbs,,,,001_Handbook_of_the_Swatow_Vernacular > A Dictionary of some of the more important words in the Swatow dialect.,282
Tit-ì,,Tit-ì,,,得意,,Succeed,,,,001_Handbook_of_the_Swatow_Vernacular > A Dictionary of some of the more important words in the Swatow dialect.,282
Sie-sùa,,Sie-sùa,,,相紲,相接,Successive,,,,001_Handbook_of_the_Swatow_Vernacular > A Dictionary of some of the more important words in the Swatow dialect.,282
Kuh,,Kuh,,,,,Suck,,,,001_Handbook_of_the_Swatow_Vernacular > A Dictionary of some of the more important words in the Swatow dialect.,282
Tsuh,,Tsuh,,,哺,,"Suck, with the mouth, with noise",,,,001_Handbook_of_the_Swatow_Vernacular > A Dictionary of some of the more important words in the Swatow dialect.,282
Huh--chē-kiè,,Huh--chē-kiè,,,忽一下叫,忽然間,Suddenly,,,,001_Handbook_of_the_Swatow_Vernacular > A Dictionary of some of the more important words in the Swatow dialect.,283
hó-sĩ-sĩ,,hó-sĩ-sĩ,,,好是是,,Suddenly,,,,001_Handbook_of_the_Swatow_Vernacular > A Dictionary of some of the more important words in the Swatow dialect.,283
Siũ-khóu,,Siũ-khóu,,,受苦,,Suffer,,,,001_Handbook_of_the_Swatow_Vernacular > A Dictionary of some of the more important words in the Swatow dialect.,283
Kàu,,Kàu,,,夠,足,Sufficient,,,,001_Handbook_of_the_Swatow_Vernacular > A Dictionary of some of the more important words in the Swatow dialect.,283
là,,là,,,𤰉,,Sufficient,,,,001_Handbook_of_the_Swatow_Vernacular > A Dictionary of some of the more important words in the Swatow dialect.,283
Hip-sí,,Hip-sí,,,翕死,,Suffocate,,,,001_Handbook_of_the_Swatow_Vernacular > A Dictionary of some of the more important words in the Swatow dialect.,283
Tsṳ̃-chĩn,,Tsṳ̃-chĩn,,,自盡,,Suicide,,,,001_Handbook_of_the_Swatow_Vernacular > A Dictionary of some of the more important words in the Swatow dialect.,283
Hù,,Hù,,,副,,"Suit, of clothes",,,,001_Handbook_of_the_Swatow_Vernacular > A Dictionary of some of the more important words in the Swatow dialect.,283
Háh,,Háh,,,合,,"Suit, to",,,,001_Handbook_of_the_Swatow_Vernacular > A Dictionary of some of the more important words in the Swatow dialect.,283
Kah,,Kah,,,甲,,"Suit, to, as shoes, clothes",,,,001_Handbook_of_the_Swatow_Vernacular > A Dictionary of some of the more important words in the Swatow dialect.,283
Kòi-kāng,,Kòi-kāng,,,計共,,"Sum, to",,,,001_Handbook_of_the_Swatow_Vernacular > A Dictionary of some of the more important words in the Swatow dialect.,283
lóng-tsóng-sǹg,,lóng-tsóng-sǹg,,,攏總算,該算,"Sum, to",,,,001_Handbook_of_the_Swatow_Vernacular > A Dictionary of some of the more important words in the Swatow dialect.,283
Tiōu,,Tiōu,,,召,,"Summon, call by authority",,,,001_Handbook_of_the_Swatow_Vernacular > A Dictionary of some of the more important words in the Swatow dialect.,283
Tsáp-hùe,,Tsáp-hùe,,,什貨,,Sundries,,,,001_Handbook_of_the_Swatow_Vernacular > A Dictionary of some of the more important words in the Swatow dialect.,283
tsáp-muéh,,tsáp-muéh,,,什物,,Sundries,,,,001_Handbook_of_the_Swatow_Vernacular > A Dictionary of some of the more important words in the Swatow dialect.,283
Tok-kang,,Tok-kang,,,督工,,Superintend,,,,001_Handbook_of_the_Swatow_Vernacular > A Dictionary of some of the more important words in the Swatow dialect.,283
chiáng-kuán,,chiáng-kuán,,,掌管,,Superintend,,,,001_Handbook_of_the_Swatow_Vernacular > A Dictionary of some of the more important words in the Swatow dialect.,283
Iâⁿ,,Iâⁿ,,,贏,,"Superior, of quality",,,,001_Handbook_of_the_Swatow_Vernacular > A Dictionary of some of the more important words in the Swatow dialect.,283
iâⁿ--kùe,,iâⁿ--kùe,,,贏過,,"Superior, of quality",,,,001_Handbook_of_the_Swatow_Vernacular > A Dictionary of some of the more important words in the Swatow dialect.,283
Chiáh-mêⁿ-hng,,Chiáh-mêⁿ-hng,,,食夜昏,,"Supper, to take",,,,001_Handbook_of_the_Swatow_Vernacular > A Dictionary of some of the more important words in the Swatow dialect.,283
Iáng-iók,,Iáng-iók,,,養育,,"Support, the children",,,,001_Handbook_of_the_Swatow_Vernacular > A Dictionary of some of the more important words in the Swatow dialect.,283
Hõng-iáng,,Hõng-iáng,,,奉養,,"Support, the parents",,,,001_Handbook_of_the_Swatow_Vernacular > A Dictionary of some of the more important words in the Swatow dialect.,283
Tú,,Tú,,,砥,,"Support, to, as a wall",,,,001_Handbook_of_the_Swatow_Vernacular > A Dictionary of some of the more important words in the Swatow dialect.,283
Hû,,Hû,,,扶,,"Support, to hold up",,,,001_Handbook_of_the_Swatow_Vernacular > A Dictionary of some of the more important words in the Swatow dialect.,283
tshah,,tshah,,,插,,"Support, to hold up",,,,001_Handbook_of_the_Swatow_Vernacular > A Dictionary of some of the more important words in the Swatow dialect.,283
Siẽⁿ,,Siẽⁿ,,,想,,Suppose,,,,001_Handbook_of_the_Swatow_Vernacular > A Dictionary of some of the more important words in the Swatow dialect.,283
Sah-tsò,,Sah-tsò,,,,約做,"Suppose, erroneously",,,,001_Handbook_of_the_Swatow_Vernacular > A Dictionary of some of the more important words in the Swatow dialect.,283
pān-tsò,,pān-tsò,,,,,"Suppose, erroneously",,,,001_Handbook_of_the_Swatow_Vernacular > A Dictionary of some of the more important words in the Swatow dialect.,283
Khó-pí,,Khó-pí,,,可比,,Supposing,,,,001_Handbook_of_the_Swatow_Vernacular > A Dictionary of some of the more important words in the Swatow dialect.,284
pí-zũ,,pí-zũ,,,比喻,譬如,Supposing,,,,001_Handbook_of_the_Swatow_Vernacular > A Dictionary of some of the more important words in the Swatow dialect.,284
Pũ-lâng,,Pũ-lâng,,,胕膿,生膿,Suppurate,,,,001_Handbook_of_the_Swatow_Vernacular > A Dictionary of some of the more important words in the Swatow dialect.,284
Tiāⁿ-tiéh,,Tiāⁿ-tiéh,,,定着,,Sure,,,,001_Handbook_of_the_Swatow_Vernacular > A Dictionary of some of the more important words in the Swatow dialect.,284
Tam-sêng,,Tam-sêng,,,擔承,成擔,"Surety, to be",,,,001_Handbook_of_the_Swatow_Vernacular > A Dictionary of some of the more important words in the Swatow dialect.,284
pó-niáⁿ,,pó-niáⁿ,,,保領,,"Surety, to be",,,,001_Handbook_of_the_Swatow_Vernacular > A Dictionary of some of the more important words in the Swatow dialect.,284
tam-jīn,,tam-jīn,,,擔認,,"Surety, to be",,,,001_Handbook_of_the_Swatow_Vernacular > A Dictionary of some of the more important words in the Swatow dialect.,284
Sèⁿ,,Sèⁿ,,,姓,,Surname,,,,001_Handbook_of_the_Swatow_Vernacular > A Dictionary of some of the more important words in the Swatow dialect.,284
Iâⁿ,,Iâⁿ,,,贏,,Surpass,,,,001_Handbook_of_the_Swatow_Vernacular > A Dictionary of some of the more important words in the Swatow dialect.,284
Khî-ĩ,,Khî-ĩ,,,奇異,,Surprise,,,,001_Handbook_of_the_Swatow_Vernacular > A Dictionary of some of the more important words in the Swatow dialect.,284
hãi-ĩ,,hãi-ĩ,,,駭異,,Surprise,,,,001_Handbook_of_the_Swatow_Vernacular > A Dictionary of some of the more important words in the Swatow dialect.,284
Hâng,,Hâng,,,降,,Surrender,,,,001_Handbook_of_the_Swatow_Vernacular > A Dictionary of some of the more important words in the Swatow dialect.,284
hók,,hók,,,服,,Surrender,,,,001_Handbook_of_the_Swatow_Vernacular > A Dictionary of some of the more important words in the Swatow dialect.,284
hâng-hók,,hâng-hók,,,降服,,Surrender,,,,001_Handbook_of_the_Swatow_Vernacular > A Dictionary of some of the more important words in the Swatow dialect.,284
Uî,,Uî,,,圍,,Surround,,,,001_Handbook_of_the_Swatow_Vernacular > A Dictionary of some of the more important words in the Swatow dialect.,284
Niêⁿ-tī,,Niêⁿ-tī,,,量地,,"Survey, land",,,,001_Handbook_of_the_Swatow_Vernacular > A Dictionary of some of the more important words in the Swatow dialect.,284
chiāng-tī,,chiāng-tī,,,丈地,,"Survey, land",,,,001_Handbook_of_the_Swatow_Vernacular > A Dictionary of some of the more important words in the Swatow dialect.,284
Gi,,Gi,,,疑,,Suspect,,,,001_Handbook_of_the_Swatow_Vernacular > A Dictionary of some of the more important words in the Swatow dialect.,284
Ìⁿ-chióu,,Ìⁿ-chióu,,,燕鳥,,Swallow,,,,001_Handbook_of_the_Swatow_Vernacular > A Dictionary of some of the more important words in the Swatow dialect.,284
Thun,,Thun,,,吞,,"Swallow, to",,,,001_Handbook_of_the_Swatow_Vernacular > A Dictionary of some of the more important words in the Swatow dialect.,284
thun--lóh-khṳ̀,,thun--lóh-khṳ̀,,,吞落去,,"Swallow, to",,,,001_Handbook_of_the_Swatow_Vernacular > A Dictionary of some of the more important words in the Swatow dialect.,284
Kṳ̃--lóh-khṳ̀,,Kṳ̃--lóh-khṳ̀,,,,,"Swallow, with effort",,,,001_Handbook_of_the_Swatow_Vernacular > A Dictionary of some of the more important words in the Swatow dialect.,284
Chìu-tsūa,,Chìu-tsūa,,,咒誓,發誓,Swear,,,,001_Handbook_of_the_Swatow_Vernacular > A Dictionary of some of the more important words in the Swatow dialect.,284
Sàu,,Sàu,,,掃,,Sweep,,,,001_Handbook_of_the_Swatow_Vernacular > A Dictionary of some of the more important words in the Swatow dialect.,284
Tiám,,Tiám,,,甜,,Sweet,,,,001_Handbook_of_the_Swatow_Vernacular > A Dictionary of some of the more important words in the Swatow dialect.,284
Thn̂g-liōu,,Thn̂g-liōu,,,糖料,,Sweet-meats,,,,001_Handbook_of_the_Swatow_Vernacular > A Dictionary of some of the more important words in the Swatow dialect.,284
tiâm-liōu,,tiâm-liōu,,,甜料,,Sweet-meats,,,,001_Handbook_of_the_Swatow_Vernacular > A Dictionary of some of the more important words in the Swatow dialect.,284
thn̂g-khà,,thn̂g-khà,,,糖扣,,Sweet-meats,,,,001_Handbook_of_the_Swatow_Vernacular > A Dictionary of some of the more important words in the Swatow dialect.,284
Chêng,,Chêng,,,腫,,"Swell, to",,,,001_Handbook_of_the_Swatow_Vernacular > A Dictionary of some of the more important words in the Swatow dialect.,284
Hiòng,,Hiòng,,,雄,,Swift,,,,001_Handbook_of_the_Swatow_Vernacular > A Dictionary of some of the more important words in the Swatow dialect.,284
méⁿ,,méⁿ,,,猛,,Swift,,,,001_Handbook_of_the_Swatow_Vernacular > A Dictionary of some of the more important words in the Swatow dialect.,284
Siû,,Siû,,,泅,氽,Swim,,,,001_Handbook_of_the_Swatow_Vernacular > A Dictionary of some of the more important words in the Swatow dialect.,285
Sõ,,Sõ,,,,泗,Swing,,,,001_Handbook_of_the_Swatow_Vernacular > A Dictionary of some of the more important words in the Swatow dialect.,285
Uâng-pó,,Uâng-pó,,,王寶,,Sycee,,,,001_Handbook_of_the_Swatow_Vernacular > A Dictionary of some of the more important words in the Swatow dialect.,285
khiòu-thâu-si,,khiòu-thâu-si,,,翹頭絲,,Sycee,,,,001_Handbook_of_the_Swatow_Vernacular > A Dictionary of some of the more important words in the Swatow dialect.,285
khò-si,,khò-si,,,鋯絲,,Sycee,,,,001_Handbook_of_the_Swatow_Vernacular > A Dictionary of some of the more important words in the Swatow dialect.,285
Thói-thiap,,Thói-thiap,,,體貼,,Sympathy,,,,001_Handbook_of_the_Swatow_Vernacular > A Dictionary of some of the more important words in the Swatow dialect.,285
Thn̂g-tsúi,,Thn̂g-tsúi,,,糖水,,Syrupt,,,,001_Handbook_of_the_Swatow_Vernacular > A Dictionary of some of the more important words in the Swatow dialect.,285
Niéⁿ,,Niéⁿ,,,兩,両,Tael,,,,001_Handbook_of_the_Swatow_Vernacular > A Dictionary of some of the more important words in the Swatow dialect.,285
Búe,,Búe,,,尾,,Tail,,,,001_Handbook_of_the_Swatow_Vernacular > A Dictionary of some of the more important words in the Swatow dialect.,285
Tshâi-hông,,Tshâi-hông,,,裁縫,,Tailor,,,,001_Handbook_of_the_Swatow_Vernacular > A Dictionary of some of the more important words in the Swatow dialect.,285
Kóu,,Kóu,,,古,,Tale,,,,001_Handbook_of_the_Swatow_Vernacular > A Dictionary of some of the more important words in the Swatow dialect.,285
Hû,,Hû,,,符,,Talisman,,,,001_Handbook_of_the_Swatow_Vernacular > A Dictionary of some of the more important words in the Swatow dialect.,285
Kûiⁿ,,Kûiⁿ,,,危,高,Tall,,,,001_Handbook_of_the_Swatow_Vernacular > A Dictionary of some of the more important words in the Swatow dialect.,285
Chhiam,,Chhiam,,,籤,,"Tally, a",,,,001_Handbook_of_the_Swatow_Vernacular > A Dictionary of some of the more important words in the Swatow dialect.,285
Sék,,Sék,,,熟,,Tame,,,,001_Handbook_of_the_Swatow_Vernacular > A Dictionary of some of the more important words in the Swatow dialect.,285
Pá,,Pá,,,靶,,Target,,,,001_Handbook_of_the_Swatow_Vernacular > A Dictionary of some of the more important words in the Swatow dialect.,285
chìⁿ-pá,,chìⁿ-pá,,,箭靶,,Target,,,,001_Handbook_of_the_Swatow_Vernacular > A Dictionary of some of the more important words in the Swatow dialect.,285
Âng-sim,,Âng-sim,,,紅心,,"Target, centre of",,,,001_Handbook_of_the_Swatow_Vernacular > A Dictionary of some of the more important words in the Swatow dialect.,285
tong-sim,,tong-sim,,,中心,,"Target, centre of",,,,001_Handbook_of_the_Swatow_Vernacular > A Dictionary of some of the more important words in the Swatow dialect.,285
Chek-lī,,Chek-lī,,,則例,,"Tariff, of duties",,,,001_Handbook_of_the_Swatow_Vernacular > A Dictionary of some of the more important words in the Swatow dialect.,285
hiàng-pâi,,hiàng-pâi,,,餉牌,,"Tariff, of duties",,,,001_Handbook_of_the_Swatow_Vernacular > A Dictionary of some of the more important words in the Swatow dialect.,285
Bī,,Bī,,,味,,Taste,,,,001_Handbook_of_the_Swatow_Vernacular > A Dictionary of some of the more important words in the Swatow dialect.,285
bī-sòu,,bī-sòu,,,味素,味道,Taste,,,,001_Handbook_of_the_Swatow_Vernacular > A Dictionary of some of the more important words in the Swatow dialect.,285
khì-bī,,khì-bī,,,氣味,,Taste,,,,001_Handbook_of_the_Swatow_Vernacular > A Dictionary of some of the more important words in the Swatow dialect.,285
Bô-bī,,Bô-bī,,,無味,,Tasteless,,,,001_Handbook_of_the_Swatow_Vernacular > A Dictionary of some of the more important words in the Swatow dialect.,285
péh-chiáⁿ-bô-bī,,péh-chiáⁿ-bô-bī,,,白䭕無味,,Tasteless,,,,001_Handbook_of_the_Swatow_Vernacular > A Dictionary of some of the more important words in the Swatow dialect.,285
Hiàng,,Hiàng,,,餉,,Tax,,,,001_Handbook_of_the_Swatow_Vernacular > A Dictionary of some of the more important words in the Swatow dialect.,285
Niêⁿ,,Niêⁿ,,,糧,,"Tax, land",,,,001_Handbook_of_the_Swatow_Vernacular > A Dictionary of some of the more important words in the Swatow dialect.,285
Láp-niêⁿ,,Láp-niêⁿ,,,納糧,,"Tax, to pay",,,,001_Handbook_of_the_Swatow_Vernacular > A Dictionary of some of the more important words in the Swatow dialect.,286
uân-niêⁿ,,uân-niêⁿ,,,完糧,,"Tax, to pay",,,,001_Handbook_of_the_Swatow_Vernacular > A Dictionary of some of the more important words in the Swatow dialect.,286
Niêⁿ-chhe,,Niêⁿ-chhe,,,糧差,粮差,Tax collector,,,,001_Handbook_of_the_Swatow_Vernacular > A Dictionary of some of the more important words in the Swatow dialect.,286
Kà,,Kà,,,教,,Teach,,,,001_Handbook_of_the_Swatow_Vernacular > A Dictionary of some of the more important words in the Swatow dialect.,286
Sin-seⁿ,,Sin-seⁿ,,,先生,,Teacher,,,,001_Handbook_of_the_Swatow_Vernacular > A Dictionary of some of the more important words in the Swatow dialect.,286
Lì,,Lì,,,,烈,Tear,,,,001_Handbook_of_the_Swatow_Vernacular > A Dictionary of some of the more important words in the Swatow dialect.,286
thì,,thì,,,剃,,Tear,,,,001_Handbook_of_the_Swatow_Vernacular > A Dictionary of some of the more important words in the Swatow dialect.,286
Mák-tsap,,Mák-tsap,,,目汁,,Tears,,,,001_Handbook_of_the_Swatow_Vernacular > A Dictionary of some of the more important words in the Swatow dialect.,286
Lâu-mák-tsap,,Lâu-mák-tsap,,,流目汁,,"Tears, to shed",,,,001_Handbook_of_the_Swatow_Vernacular > A Dictionary of some of the more important words in the Swatow dialect.,286
Tṳ̂,,Tṳ̂,,,除,,Tease,,,,001_Handbook_of_the_Swatow_Vernacular > A Dictionary of some of the more important words in the Swatow dialect.,286
pin-tǹg,,pin-tǹg,,,摒擋,,Tease,,,,001_Handbook_of_the_Swatow_Vernacular > A Dictionary of some of the more important words in the Swatow dialect.,286
pa-lói,,pa-lói,,,,,Tease,,,,001_Handbook_of_the_Swatow_Vernacular > A Dictionary of some of the more important words in the Swatow dialect.,286
tṳ̂-tñg,,tṳ̂-tñg,,,除斷,,Tease,,,,001_Handbook_of_the_Swatow_Vernacular > A Dictionary of some of the more important words in the Swatow dialect.,286
Khí,,Khí,,,齒,,Teeth,,,,001_Handbook_of_the_Swatow_Vernacular > A Dictionary of some of the more important words in the Swatow dialect.,286
Gê,,Gê,,,牙,,"Teeth, large",,,,001_Handbook_of_the_Swatow_Vernacular > A Dictionary of some of the more important words in the Swatow dialect.,286
Gê-thâu-khí,,Gê-thâu-khí,,,牙頭齒,,"Teeth, molar",,,,001_Handbook_of_the_Swatow_Vernacular > A Dictionary of some of the more important words in the Swatow dialect.,286
Khà-tiẽn-pò,,Khà-tiẽn-pò,,,扣電報,打電報,"Telegraph, to",,,,001_Handbook_of_the_Swatow_Vernacular > A Dictionary of some of the more important words in the Swatow dialect.,286
Tàⁿ,,Tàⁿ,,,呾,,Tell,,,,001_Handbook_of_the_Swatow_Vernacular > A Dictionary of some of the more important words in the Swatow dialect.,286
Sèⁿ,,Sèⁿ,,,性,,Temper,,,,001_Handbook_of_the_Swatow_Vernacular > A Dictionary of some of the more important words in the Swatow dialect.,286
sèⁿ-chhêng,,sèⁿ-chhêng,,,性情,性⿰忄靑,Temper,,,,001_Handbook_of_the_Swatow_Vernacular > A Dictionary of some of the more important words in the Swatow dialect.,286
Tsat-tōu,,Tsat-tōu,,,節度,,Temperance,,,,001_Handbook_of_the_Swatow_Vernacular > A Dictionary of some of the more important words in the Swatow dialect.,286
Keng,,Keng,,,宮,,Temple,,,,001_Handbook_of_the_Swatow_Vernacular > A Dictionary of some of the more important words in the Swatow dialect.,286
keng-biē,,keng-biē,,,宮廟,,Temple,,,,001_Handbook_of_the_Swatow_Vernacular > A Dictionary of some of the more important words in the Swatow dialect.,286
Tsháu-ngán,,Tsháu-ngán,,,草眼,,"Temple, of the head",,,,001_Handbook_of_the_Swatow_Vernacular > A Dictionary of some of the more important words in the Swatow dialect.,286
Chiãm,,Chiãm,,,暫,,Temporary,,,,001_Handbook_of_the_Swatow_Vernacular > A Dictionary of some of the more important words in the Swatow dialect.,286
Ín,,Ín,,,引,,Tempt,,,,001_Handbook_of_the_Swatow_Vernacular > A Dictionary of some of the more important words in the Swatow dialect.,286
ín-iú,,ín-iú,,,引誘,,Tempt,,,,001_Handbook_of_the_Swatow_Vernacular > A Dictionary of some of the more important words in the Swatow dialect.,286
Pòu-phâng,,Pòu-phâng,,,布帆,,Tent,,,,001_Handbook_of_the_Swatow_Vernacular > A Dictionary of some of the more important words in the Swatow dialect.,286
Tah-pòu-phâng,,Tah-pòu-phâng,,,搭布帆,,"Tent, to pitch",,,,001_Handbook_of_the_Swatow_Vernacular > A Dictionary of some of the more important words in the Swatow dialect.,287
Lā-lûn-sie,,Lā-lûn-sie,,,半燒,半溫,Tepid,,,,001_Handbook_of_the_Swatow_Vernacular > A Dictionary of some of the more important words in the Swatow dialect.,287
Chhì,,Chhì,,,試,,Test,,,,001_Handbook_of_the_Swatow_Vernacular > A Dictionary of some of the more important words in the Swatow dialect.,287
chhì-thóiⁿ,,chhì-thóiⁿ,,,試睇,試着,Test,,,,001_Handbook_of_the_Swatow_Vernacular > A Dictionary of some of the more important words in the Swatow dialect.,287
Tsũi-hút,,Tsũi-hút,,,脧核,,Testicles,,,,001_Handbook_of_the_Swatow_Vernacular > A Dictionary of some of the more important words in the Swatow dialect.,287
lãn-hút,,lãn-hút,,,卵核,腎核,Testicles,,,,001_Handbook_of_the_Swatow_Vernacular > A Dictionary of some of the more important words in the Swatow dialect.,287
Chèng-kṳ̃,,Chèng-kṳ̃,,,證據,,Testimony,,,,001_Handbook_of_the_Swatow_Vernacular > A Dictionary of some of the more important words in the Swatow dialect.,287
Siā,,Siā,,,謝,,Thank,,,,001_Handbook_of_the_Swatow_Vernacular > A Dictionary of some of the more important words in the Swatow dialect.,287
kám-siā,,kám-siā,,,感謝,,Thank,,,,001_Handbook_of_the_Swatow_Vernacular > A Dictionary of some of the more important words in the Swatow dialect.,287
Lâu--lṳ́,,Lâu--lṳ́,,,勞汝,勞爾,"Thank, obliged",,,,001_Handbook_of_the_Swatow_Vernacular > A Dictionary of some of the more important words in the Swatow dialect.,287
lūi--lṳ́,,lūi--lṳ́,,,累汝,,"Thank, obliged",,,,001_Handbook_of_the_Swatow_Vernacular > A Dictionary of some of the more important words in the Swatow dialect.,287
tūa-lâu-nâng,,tūa-lâu-nâng,,,大勞人[訓],,"Thank, obliged",,,,001_Handbook_of_the_Swatow_Vernacular > A Dictionary of some of the more important words in the Swatow dialect.,287
Hì,,Hì,,,戲,,Theatre,,,,001_Handbook_of_the_Swatow_Vernacular > A Dictionary of some of the more important words in the Swatow dialect.,287
Kù-tshṳ́,,Kù-tshṳ́,,,故此,,Therefore,,,,001_Handbook_of_the_Swatow_Vernacular > A Dictionary of some of the more important words in the Swatow dialect.,287
só-íⁿ,,só-íⁿ,,,所以,,Therefore,,,,001_Handbook_of_the_Swatow_Vernacular > A Dictionary of some of the more important words in the Swatow dialect.,287
Hân-sú-tsam,,Hân-sú-tsam,,,寒暑針,,Thermometer,,,,001_Handbook_of_the_Swatow_Vernacular > A Dictionary of some of the more important words in the Swatow dialect.,287
Kāu,,Kāu,,,厚,,Thick,,,,001_Handbook_of_the_Swatow_Vernacular > A Dictionary of some of the more important words in the Swatow dialect.,287
Kṳ́t,,Kṳ́t,,,結,,"Thick, as paste, congee",,,,001_Handbook_of_the_Swatow_Vernacular > A Dictionary of some of the more important words in the Swatow dialect.,287
Thúi,,Thúi,,,腿,,Thigh,,,,001_Handbook_of_the_Swatow_Vernacular > A Dictionary of some of the more important words in the Swatow dialect.,287
kha-thúi,,kha-thúi,,,骹腿,脚腿,Thigh,,,,001_Handbook_of_the_Swatow_Vernacular > A Dictionary of some of the more important words in the Swatow dialect.,287
Póh,,Póh,,,薄,,Thin,,,,001_Handbook_of_the_Swatow_Vernacular > A Dictionary of some of the more important words in the Swatow dialect.,287
Kà,,Kà,,,,稀,"Thin, as paste, congee",,,,001_Handbook_of_the_Swatow_Vernacular > A Dictionary of some of the more important words in the Swatow dialect.,287
chhieh,,chhieh,,,淖,,"Thin, as paste, congee",,,,001_Handbook_of_the_Swatow_Vernacular > A Dictionary of some of the more important words in the Swatow dialect.,287
Muéh,,Muéh,,,物,,Thing,,,,001_Handbook_of_the_Swatow_Vernacular > A Dictionary of some of the more important words in the Swatow dialect.,287
muéh-kiâⁿ,,muéh-kiâⁿ,,,物件,,Thing,,,,001_Handbook_of_the_Swatow_Vernacular > A Dictionary of some of the more important words in the Swatow dialect.,287
Siẽⁿ,,Siẽⁿ,,,想,,Think,,,,001_Handbook_of_the_Swatow_Vernacular > A Dictionary of some of the more important words in the Swatow dialect.,287
phah-sǹg,,phah-sǹg,,,拍算,打算,Think,,,,001_Handbook_of_the_Swatow_Vernacular > A Dictionary of some of the more important words in the Swatow dialect.,287
pheⁿ-phah,,pheⁿ-phah,,,,,Think,,,,001_Handbook_of_the_Swatow_Vernacular > A Dictionary of some of the more important words in the Swatow dialect.,287
Kâu-kiè,,Kâu-kiè,,,,想做,"Think, erroneously",,,,001_Handbook_of_the_Swatow_Vernacular > A Dictionary of some of the more important words in the Swatow dialect.,287
sah-tsò,,sah-tsò,,,,,"Think, erroneously",,,,001_Handbook_of_the_Swatow_Vernacular > A Dictionary of some of the more important words in the Swatow dialect.,287
Aû ta,,Aû ta,,,渴,,Thirsty,,,,001_Handbook_of_the_Swatow_Vernacular > A Dictionary of some of the more important words in the Swatow dialect.,287
Chhì,,Chhì,,,刺,,Thorn,,,,001_Handbook_of_the_Swatow_Vernacular > A Dictionary of some of the more important words in the Swatow dialect.,287
Heh,,Heh,,,嚇,,Threaten,,,,001_Handbook_of_the_Swatow_Vernacular > A Dictionary of some of the more important words in the Swatow dialect.,288
heh-kiaⁿ,,heh-kiaⁿ,,,嚇驚,,Threaten,,,,001_Handbook_of_the_Swatow_Vernacular > A Dictionary of some of the more important words in the Swatow dialect.,288
Aû,,Aû,,,喉,,Throat,,,,001_Handbook_of_the_Swatow_Vernacular > A Dictionary of some of the more important words in the Swatow dialect.,288
aû-lêng,,aû-lêng,,,喉嚨,,Throat,,,,001_Handbook_of_the_Swatow_Vernacular > A Dictionary of some of the more important words in the Swatow dialect.,288
Lêng-ūi,,Lêng-ūi,,,龍位,,"Throne, imperial",,,,001_Handbook_of_the_Swatow_Vernacular > A Dictionary of some of the more important words in the Swatow dialect.,288
kim-luân-tōiⁿ,,kim-luân-tōiⁿ,,,金鑾殿,,"Throne, imperial",,,,001_Handbook_of_the_Swatow_Vernacular > A Dictionary of some of the more important words in the Swatow dialect.,288
Teng-ki,,Teng-ki,,,登基,,"Throne, to ascend the",,,,001_Handbook_of_the_Swatow_Vernacular > A Dictionary of some of the more important words in the Swatow dialect.,288
teng-ūi,,teng-ūi,,,登位,,"Throne, to ascend the",,,,001_Handbook_of_the_Swatow_Vernacular > A Dictionary of some of the more important words in the Swatow dialect.,288
tsõ-ūi,,tsõ-ūi,,,坐位,,"Throne, to ascend the",,,,001_Handbook_of_the_Swatow_Vernacular > A Dictionary of some of the more important words in the Swatow dialect.,288
Tẽⁿ-aû,,Tẽⁿ-aû,,,,㨨喉,Throttle,,,,001_Handbook_of_the_Swatow_Vernacular > A Dictionary of some of the more important words in the Swatow dialect.,288
Thàng,,Thàng,,,通,,"Through, over",,,,001_Handbook_of_the_Swatow_Vernacular > A Dictionary of some of the more important words in the Swatow dialect.,288
Kák,,Kák,,,捔,,"Throw, to",,,,001_Handbook_of_the_Swatow_Vernacular > A Dictionary of some of the more important words in the Swatow dialect.,288
sek,,sek,,,,,"Throw, to",,,,001_Handbook_of_the_Swatow_Vernacular > A Dictionary of some of the more important words in the Swatow dialect.,288
hám,,hám,,,撼,,"Throw, to",,,,001_Handbook_of_the_Swatow_Vernacular > A Dictionary of some of the more important words in the Swatow dialect.,288
Kák-tiòu,,Kák-tiòu,,,捔掉,,"Throw, away",,,,001_Handbook_of_the_Swatow_Vernacular > A Dictionary of some of the more important words in the Swatow dialect.,288
sek-tiòu,,sek-tiòu,,,,,"Throw, away",,,,001_Handbook_of_the_Swatow_Vernacular > A Dictionary of some of the more important words in the Swatow dialect.,288
hám-tiòu,,hám-tiòu,,,撼掉,,"Throw, away",,,,001_Handbook_of_the_Swatow_Vernacular > A Dictionary of some of the more important words in the Swatow dialect.,288
phîn-tiòu,,phîn-tiòu,,,摒掉,,"Throw, away",,,,001_Handbook_of_the_Swatow_Vernacular > A Dictionary of some of the more important words in the Swatow dialect.,288
Tshǹg,,Tshǹg,,,刺,,Thrust,,,,001_Handbook_of_the_Swatow_Vernacular > A Dictionary of some of the more important words in the Swatow dialect.,288
Tuaⁿ,,Tuaⁿ,,,單,,Ticket,,,,001_Handbook_of_the_Swatow_Vernacular > A Dictionary of some of the more important words in the Swatow dialect.,288
Hui,,Hui,,,,揮,"Ticket, pawn",,,,001_Handbook_of_the_Swatow_Vernacular > A Dictionary of some of the more important words in the Swatow dialect.,288
tǹg-phiè,,tǹg-phiè,,,當票,,"Ticket, pawn",,,,001_Handbook_of_the_Swatow_Vernacular > A Dictionary of some of the more important words in the Swatow dialect.,288
Niouⁿ,,Niouⁿ,,,,帕悛,Tickle,,,,001_Handbook_of_the_Swatow_Vernacular > A Dictionary of some of the more important words in the Swatow dialect.,288
Pák,,Pák,,,縛,,Tie,,,,001_Handbook_of_the_Swatow_Vernacular > A Dictionary of some of the more important words in the Swatow dialect.,288
kat,,kat,,,結,,Tie,,,,001_Handbook_of_the_Swatow_Vernacular > A Dictionary of some of the more important words in the Swatow dialect.,288
Khún,,Khún,,,捆,,"Tie, as the hands together",,,,001_Handbook_of_the_Swatow_Vernacular > A Dictionary of some of the more important words in the Swatow dialect.,288
Tiám-sim,,Tiám-sim,,,點心,㸃心,Tiffin,,,,001_Handbook_of_the_Swatow_Vernacular > A Dictionary of some of the more important words in the Swatow dialect.,288
Kín,,Kín,,,緊,,Tight,,,,001_Handbook_of_the_Swatow_Vernacular > A Dictionary of some of the more important words in the Swatow dialect.,288
Ân,,Ân,,,,,"Tight, as rope",,,,001_Handbook_of_the_Swatow_Vernacular > A Dictionary of some of the more important words in the Swatow dialect.,288
Bô-táⁿ,,Bô-táⁿ,,,無膽,無胆,Timid,,,,001_Handbook_of_the_Swatow_Vernacular > A Dictionary of some of the more important words in the Swatow dialect.,288
Hék,,Hék,,,乏,困,Tired,,,,001_Handbook_of_the_Swatow_Vernacular > A Dictionary of some of the more important words in the Swatow dialect.,288
Kuaⁿ-hâm,,Kuaⁿ-hâm,,,官銜,,"Title, official",,,,001_Handbook_of_the_Swatow_Vernacular > A Dictionary of some of the more important words in the Swatow dialect.,289
Búa,,Búa,,,磨,,Toil,,,,001_Handbook_of_the_Swatow_Vernacular > A Dictionary of some of the more important words in the Swatow dialect.,289
bûa-khóu,,bûa-khóu,,,磨苦,,Toil,,,,001_Handbook_of_the_Swatow_Vernacular > A Dictionary of some of the more important words in the Swatow dialect.,289
Tshó-liák,,Tshó-liák,,,草略,草錄,Tolerably,,,,001_Handbook_of_the_Swatow_Vernacular > A Dictionary of some of the more important words in the Swatow dialect.,289
õi--lêng-tsò-tit,,õi--lêng-tsò-tit,,,會能做得,,Tolerably,,,,001_Handbook_of_the_Swatow_Vernacular > A Dictionary of some of the more important words in the Swatow dialect.,289
Im,,Im,,,音,,Tone,,,,001_Handbook_of_the_Swatow_Vernacular > A Dictionary of some of the more important words in the Swatow dialect.,289
siaⁿ,,siaⁿ,,,聲,,Tone,,,,001_Handbook_of_the_Swatow_Vernacular > A Dictionary of some of the more important words in the Swatow dialect.,289
Póu,,Póu,,,補,,Tonic,,,,001_Handbook_of_the_Swatow_Vernacular > A Dictionary of some of the more important words in the Swatow dialect.,289
póu-iéh,,póu-iéh,,,補藥,,Tonic,,,,001_Handbook_of_the_Swatow_Vernacular > A Dictionary of some of the more important words in the Swatow dialect.,289
Ke-húe,,Ke-húe,,,家伙,,Tools,,,,001_Handbook_of_the_Swatow_Vernacular > A Dictionary of some of the more important words in the Swatow dialect.,289
Hâm-lâm-sút,,Hâm-lâm-sút,,,銜瓏術,,"Top, a",,,,001_Handbook_of_the_Swatow_Vernacular > A Dictionary of some of the more important words in the Swatow dialect.,289
Phah-hâm-lâm-sút,,Phah-hâm-lâm-sút,,,拍銜瓏術,打銜瓏術,"Top, to spin a",,,,001_Handbook_of_the_Swatow_Vernacular > A Dictionary of some of the more important words in the Swatow dialect.,289
Húe-nāⁿ,,Húe-nāⁿ,,,火爁,火把,Torch,,,,001_Handbook_of_the_Swatow_Vernacular > A Dictionary of some of the more important words in the Swatow dialect.,289
Tāi-pūe,,Tāi-pūe,,,玳瑁,,Tortoise,,,,001_Handbook_of_the_Swatow_Vernacular > A Dictionary of some of the more important words in the Swatow dialect.,289
Kòi-kāng,,Kòi-kāng,,,計共,,Total,,,,001_Handbook_of_the_Swatow_Vernacular > A Dictionary of some of the more important words in the Swatow dialect.,289
lóng-tsóng,,lóng-tsóng,,,攏總,俱皆,Total,,,,001_Handbook_of_the_Swatow_Vernacular > A Dictionary of some of the more important words in the Swatow dialect.,289
Thãng,,Thãng,,,動,摸,"Touch, with the fingers",,,,001_Handbook_of_the_Swatow_Vernacular > A Dictionary of some of the more important words in the Swatow dialect.,289
thãng--tiéh,,thãng--tiéh,,,動着,摸着,"Touch, with the fingers",,,,001_Handbook_of_the_Swatow_Vernacular > A Dictionary of some of the more important words in the Swatow dialect.,289
mông,,mông,,,摸,,"Touch, with the fingers",,,,001_Handbook_of_the_Swatow_Vernacular > A Dictionary of some of the more important words in the Swatow dialect.,289
Tiaⁿ--tiéh,,Tiaⁿ--tiéh,,,,顚着,"Touch, come into contact",,,,001_Handbook_of_the_Swatow_Vernacular > A Dictionary of some of the more important words in the Swatow dialect.,289
Zūn,,Zūn,,,韌,,Tough,,,,001_Handbook_of_the_Swatow_Vernacular > A Dictionary of some of the more important words in the Swatow dialect.,289
Tũa,,Tũa,,,拕,,"Tow, a ship",,,,001_Handbook_of_the_Swatow_Vernacular > A Dictionary of some of the more important words in the Swatow dialect.,289
Hiàng,,Hiàng,,,向,,Towards,,,,001_Handbook_of_the_Swatow_Vernacular > A Dictionary of some of the more important words in the Swatow dialect.,289
niáⁿ,,niáⁿ,,,領,,Towards,,,,001_Handbook_of_the_Swatow_Vernacular > A Dictionary of some of the more important words in the Swatow dialect.,289
Pou,,Pou,,,埠,,Town,,,,001_Handbook_of_the_Swatow_Vernacular > A Dictionary of some of the more important words in the Swatow dialect.,289
pou-thâu,,pou-thâu,,,埠頭,,Town,,,,001_Handbook_of_the_Swatow_Vernacular > A Dictionary of some of the more important words in the Swatow dialect.,289
Chhim-tui tsong-chiah,,Chhim-tui tsong-chiah,,,尋追踪跡,,"Trace, to",,,,001_Handbook_of_the_Swatow_Vernacular > A Dictionary of some of the more important words in the Swatow dialect.,289
Piè,,Piè,,,裱,,"Trace, to, as in writing",,,,001_Handbook_of_the_Swatow_Vernacular > A Dictionary of some of the more important words in the Swatow dialect.,289
Chiah,,Chiah,,,跡,,"Track, mark",,,,001_Handbook_of_the_Swatow_Vernacular > A Dictionary of some of the more important words in the Swatow dialect.,289
Kà,,Kà,,,教,,"Train, to",,,,001_Handbook_of_the_Swatow_Vernacular > A Dictionary of some of the more important words in the Swatow dialect.,290
Táh,,Táh,,,踏,,"Trample, on",,,,001_Handbook_of_the_Swatow_Vernacular > A Dictionary of some of the more important words in the Swatow dialect.,290
thiàm,,thiàm,,,蹴,,"Trample, on",,,,001_Handbook_of_the_Swatow_Vernacular > A Dictionary of some of the more important words in the Swatow dialect.,290
Lí-sṳ̄,,Lí-sṳ̄,,,理事,,"Transact, business",,,,001_Handbook_of_the_Swatow_Vernacular > A Dictionary of some of the more important words in the Swatow dialect.,290
phōiⁿ-sṳ̄,,phōiⁿ-sṳ̄,,,辦事,,"Transact, business",,,,001_Handbook_of_the_Swatow_Vernacular > A Dictionary of some of the more important words in the Swatow dialect.,290
Pìⁿ,,Pìⁿ,,,變,,Transform,,,,001_Handbook_of_the_Swatow_Vernacular > A Dictionary of some of the more important words in the Swatow dialect.,290
pièn,,pièn,,,變,,Transform,,,,001_Handbook_of_the_Swatow_Vernacular > A Dictionary of some of the more important words in the Swatow dialect.,290
Ék,,Ék,,,譯,繹,Translate,,,,001_Handbook_of_the_Swatow_Vernacular > A Dictionary of some of the more important words in the Swatow dialect.,290
huan-ék,,huan-ék,,,翻譯,翻繹,Translate,,,,001_Handbook_of_the_Swatow_Vernacular > A Dictionary of some of the more important words in the Swatow dialect.,290
Sueh,,Sueh,,,說,,"Translate, characters into spoken language",,,,001_Handbook_of_the_Swatow_Vernacular > A Dictionary of some of the more important words in the Swatow dialect.,290
Kng-thàng,,Kng-thàng,,,光通,,Transparent,,,,001_Handbook_of_the_Swatow_Vernacular > A Dictionary of some of the more important words in the Swatow dialect.,290
Ngióu-tshṳ́-tak,,Ngióu-tshṳ́-tak,,,貓鼠觸,鼠挾,"Trap, for rats",,,,001_Handbook_of_the_Swatow_Vernacular > A Dictionary of some of the more important words in the Swatow dialect.,290
thih-ngiou,,thih-ngiou,,,鐵貓,,"Trap, for rats",,,,001_Handbook_of_the_Swatow_Vernacular > A Dictionary of some of the more important words in the Swatow dialect.,290
Hóuⁿ-lô,,Hóuⁿ-lô,,,虎牢,,"Trap, for tigers",,,,001_Handbook_of_the_Swatow_Vernacular > A Dictionary of some of the more important words in the Swatow dialect.,290
Kiâⁿ,,Kiâⁿ,,,行,,Travel,,,,001_Handbook_of_the_Swatow_Vernacular > A Dictionary of some of the more important words in the Swatow dialect.,290
Táh,,Táh,,,踏,,"Tread, on",,,,001_Handbook_of_the_Swatow_Vernacular > A Dictionary of some of the more important words in the Swatow dialect.,290
lūn-táh,,lūn-táh,,,蹂踏,,"Tread, on",,,,001_Handbook_of_the_Swatow_Vernacular > A Dictionary of some of the more important words in the Swatow dialect.,290
Khòu-pâng,,Khòu-pâng,,,庫房,,Treasury,,,,001_Handbook_of_the_Swatow_Vernacular > A Dictionary of some of the more important words in the Swatow dialect.,290
ngṳ̂n-khòu,,ngṳ̂n-khòu,,,銀庫,,Treasury,,,,001_Handbook_of_the_Swatow_Vernacular > A Dictionary of some of the more important words in the Swatow dialect.,290
Thãi,,Thãi,,,待,,"Treat, to",,,,001_Handbook_of_the_Swatow_Vernacular > A Dictionary of some of the more important words in the Swatow dialect.,290
khuán-thãi,,khuán-thãi,,,款待,欸待,"Treat, to",,,,001_Handbook_of_the_Swatow_Vernacular > A Dictionary of some of the more important words in the Swatow dialect.,290
Khiū,,Khiū,,,,,Tremble,,,,001_Handbook_of_the_Swatow_Vernacular > A Dictionary of some of the more important words in the Swatow dialect.,290
tòng,,tòng,,,凍,,Tremble,,,,001_Handbook_of_the_Swatow_Vernacular > A Dictionary of some of the more important words in the Swatow dialect.,290
Tsók,,Tsók,,,族,,Tribe,,,,001_Handbook_of_the_Swatow_Vernacular > A Dictionary of some of the more important words in the Swatow dialect.,290
Kòng-huâng-tì,,Kòng-huâng-tì,,,貢皇帝,,"Tribute, to pay to the Emperor",,,,001_Handbook_of_the_Swatow_Vernacular > A Dictionary of some of the more important words in the Swatow dialect.,290
Sim-sṳ̄,,Sim-sṳ̄,,,心事,,"Trick, a",,,,001_Handbook_of_the_Swatow_Vernacular > A Dictionary of some of the more important words in the Swatow dialect.,290
Bô-siang-kan-sṳ̄,,Bô-siang-kan-sṳ̄,,,無相干事,,"Trifling, affair",,,,001_Handbook_of_the_Swatow_Vernacular > A Dictionary of some of the more important words in the Swatow dialect.,290
sié-khúa-sṳ̄,,sié-khúa-sṳ̄,,,小可事,,"Trifling, affair",,,,001_Handbook_of_the_Swatow_Vernacular > A Dictionary of some of the more important words in the Swatow dialect.,290
Ngóiⁿ,,Ngóiⁿ,,,研,,Triturate,,,,001_Handbook_of_the_Swatow_Vernacular > A Dictionary of some of the more important words in the Swatow dialect.,290
lûi,,lûi,,,擂,,Triturate,,,,001_Handbook_of_the_Swatow_Vernacular > A Dictionary of some of the more important words in the Swatow dialect.,290
Piaⁿ,,Piaⁿ,,,兵,,Troops,,,,001_Handbook_of_the_Swatow_Vernacular > A Dictionary of some of the more important words in the Swatow dialect.,291
kun-piaⁿ,,kun-piaⁿ,,,軍兵,,Troops,,,,001_Handbook_of_the_Swatow_Vernacular > A Dictionary of some of the more important words in the Swatow dialect.,291
Kan-khóu,,Kan-khóu,,,艱苦,,Trouble,,,,001_Handbook_of_the_Swatow_Vernacular > A Dictionary of some of the more important words in the Swatow dialect.,291
Chin,,Chin,,,真,眞,True,,,,001_Handbook_of_the_Swatow_Vernacular > A Dictionary of some of the more important words in the Swatow dialect.,291
sít,,sít,,,實,,True,,,,001_Handbook_of_the_Swatow_Vernacular > A Dictionary of some of the more important words in the Swatow dialect.,291
chin-sít,,chin-sít,,,真實,眞實,True,,,,001_Handbook_of_the_Swatow_Vernacular > A Dictionary of some of the more important words in the Swatow dialect.,291
ũ-iáⁿ,,ũ-iáⁿ,,,有影,,True,,,,001_Handbook_of_the_Swatow_Vernacular > A Dictionary of some of the more important words in the Swatow dialect.,291
Ti-tâ,,Ti-tâ,,,嘀嗒,吹首,Trumpet,,,,001_Handbook_of_the_Swatow_Vernacular > A Dictionary of some of the more important words in the Swatow dialect.,291
Sìn,,Sìn,,,信,,"Trust, to",,,,001_Handbook_of_the_Swatow_Vernacular > A Dictionary of some of the more important words in the Swatow dialect.,291
siang-sìn,,siang-sìn,,,相信,,"Trust, to",,,,001_Handbook_of_the_Swatow_Vernacular > A Dictionary of some of the more important words in the Swatow dialect.,291
Chhì,,Chhì,,,試,,Try,,,,001_Handbook_of_the_Swatow_Vernacular > A Dictionary of some of the more important words in the Swatow dialect.,291
chhì-thóiⁿ,,chhì-thóiⁿ,,,試睇,試看,Try,,,,001_Handbook_of_the_Swatow_Vernacular > A Dictionary of some of the more important words in the Swatow dialect.,291
Kóng,,Kóng,,,管,,Tube,,,,001_Handbook_of_the_Swatow_Vernacular > A Dictionary of some of the more important words in the Swatow dialect.,291
tâng,,tâng,,,筒,,Tube,,,,001_Handbook_of_the_Swatow_Vernacular > A Dictionary of some of the more important words in the Swatow dialect.,291
Pán,,Pán,,,板,,Tune,,,,001_Handbook_of_the_Swatow_Vernacular > A Dictionary of some of the more important words in the Swatow dialect.,291
Thâu-pòu,,Thâu-pòu,,,頭布,,Turban,,,,001_Handbook_of_the_Swatow_Vernacular > A Dictionary of some of the more important words in the Swatow dialect.,291
Hui,,Hui,,,回,旋轉,"Turn, revolve",,,,001_Handbook_of_the_Swatow_Vernacular > A Dictionary of some of the more important words in the Swatow dialect.,291
Póiⁿ,,Póiⁿ,,,反,,"Turn, over",,,,001_Handbook_of_the_Swatow_Vernacular > A Dictionary of some of the more important words in the Swatow dialect.,291
póiⁿ-lìn-tńg,,póiⁿ-lìn-tńg,,,反輾轉,轉返,"Turn, over",,,,001_Handbook_of_the_Swatow_Vernacular > A Dictionary of some of the more important words in the Swatow dialect.,291
Ut-tńg-thâu,,Ut-tńg-thâu,,,斡轉頭,轉返頭,"Turn, the head",,,,001_Handbook_of_the_Swatow_Vernacular > A Dictionary of some of the more important words in the Swatow dialect.,291
Uat,,Uat,,,斡,灣,"Turn, round the corner of a street",,,,001_Handbook_of_the_Swatow_Vernacular > A Dictionary of some of the more important words in the Swatow dialect.,291
Hui-lìn-tńg,,Hui-lìn-tńg,,,回輾轉,翻輦返,"Turn, round as a table",,,,001_Handbook_of_the_Swatow_Vernacular > A Dictionary of some of the more important words in the Swatow dialect.,291
Hui-tńg--lâi,,Hui-tńg--lâi,,,回轉來,翻返來,"Turn, back",,,,001_Handbook_of_the_Swatow_Vernacular > A Dictionary of some of the more important words in the Swatow dialect.,291
Tin-tò-táu,,Tin-tò-táu,,,顛倒倒,顚倒換,"Turn, upside down",,,,001_Handbook_of_the_Swatow_Vernacular > A Dictionary of some of the more important words in the Swatow dialect.,291
Sie-lûn,,Sie-lûn,,,相輪,,"Turn, by, alternately",,,,001_Handbook_of_the_Swatow_Vernacular > A Dictionary of some of the more important words in the Swatow dialect.,291
Lûn-tiéh-tî-tiâng?,,Lûn-tiéh-tî-tiâng,,,輪着底誰,輪着誰,"Turn, whose?",,,,001_Handbook_of_the_Swatow_Vernacular > A Dictionary of some of the more important words in the Swatow dialect.,291
Iáp-iáp-sih,,Iáp-iáp-sih,,,灼灼熠,灼灼薛,Twinkle,,,,001_Handbook_of_the_Swatow_Vernacular > A Dictionary of some of the more important words in the Swatow dialect.,291
Tsũn,,Tsũn,,,捘,纂,Twist,,,,001_Handbook_of_the_Swatow_Vernacular > A Dictionary of some of the more important words in the Swatow dialect.,291
Ká,,Ká,,,絞,,"Twist, as a rope",,,,001_Handbook_of_the_Swatow_Vernacular > A Dictionary of some of the more important words in the Swatow dialect.,292
Jī-póiⁿ,,Jī-póiⁿ,,,字板,,"Type, printing",,,,001_Handbook_of_the_Swatow_Vernacular > A Dictionary of some of the more important words in the Swatow dialect.,292
ìn-póiⁿ,,ìn-póiⁿ,,,印板,,"Type, printing",,,,001_Handbook_of_the_Swatow_Vernacular > A Dictionary of some of the more important words in the Swatow dialect.,292
Iá-iēⁿ,,Iá-iēⁿ,,,野樣,,Ugly,,,,001_Handbook_of_the_Swatow_Vernacular > A Dictionary of some of the more important words in the Swatow dialect.,292
Hióu,,Hióu,,,曉,,Understand,,,,001_Handbook_of_the_Swatow_Vernacular > A Dictionary of some of the more important words in the Swatow dialect.,292
mêng-péh,,mêng-péh,,,明白,,Understand,,,,001_Handbook_of_the_Swatow_Vernacular > A Dictionary of some of the more important words in the Swatow dialect.,292
M̄-kham-tng,,M̄-kham-tng,,,毋堪當,不堪當,Undeserved,,,,001_Handbook_of_the_Swatow_Vernacular > A Dictionary of some of the more important words in the Swatow dialect.,292
m̄-kai,,m̄-kai,,,毋該,不該,Undeserved,,,,001_Handbook_of_the_Swatow_Vernacular > A Dictionary of some of the more important words in the Swatow dialect.,292
Put-hàu,,Put-hàu,,,不孝,,"Undutiful, to parents",,,,001_Handbook_of_the_Swatow_Vernacular > A Dictionary of some of the more important words in the Swatow dialect.,292
Khi-khu,,Khi-khu,,,崎嶇,,Uneven,,,,001_Handbook_of_the_Swatow_Vernacular > A Dictionary of some of the more important words in the Swatow dialect.,292
m̄-pêⁿ,,m̄-pêⁿ,,,毋平,不平,Uneven,,,,001_Handbook_of_the_Swatow_Vernacular > A Dictionary of some of the more important words in the Swatow dialect.,292
Bô-nâng-chhêng,,Bô-nâng-chhêng,,,無人[訓]情,無人[訓]⿰忄靑,Unfeeling,,,,001_Handbook_of_the_Swatow_Vernacular > A Dictionary of some of the more important words in the Swatow dialect.,292
M̄-tsai nâng-chhêng,,M̄-tsai nâng-chhêng,,,毋知人[訓]情,不知人[訓]⿰忄靑,Ungrateful,,,,001_Handbook_of_the_Swatow_Vernacular > A Dictionary of some of the more important words in the Swatow dialect.,292
hiou-chhêng tsóh-ngĩ,,hiou-chhêng tsóh-ngĩ,,,僥情絕義,僥⿰忄靑絕義,Ungrateful,,,,001_Handbook_of_the_Swatow_Vernacular > A Dictionary of some of the more important words in the Swatow dialect.,292
buâng-ṳn,,buâng-ṳn,,,忘恩,,Ungrateful,,,,001_Handbook_of_the_Swatow_Vernacular > A Dictionary of some of the more important words in the Swatow dialect.,292
bô-jîn-ngĩ,,bô-jîn-ngĩ,,,無仁義,,Ungrateful,,,,001_Handbook_of_the_Swatow_Vernacular > A Dictionary of some of the more important words in the Swatow dialect.,292
Khóu-miāⁿ,,Khóu-miāⁿ,,,苦命,,"Unhappy, of life",,,,001_Handbook_of_the_Swatow_Vernacular > A Dictionary of some of the more important words in the Swatow dialect.,292
Kuaⁿ-hók,,Kuaⁿ-hók,,,官服,,Uniform,,,,001_Handbook_of_the_Swatow_Vernacular > A Dictionary of some of the more important words in the Swatow dialect.,292
kuaⁿ-i,,kuaⁿ-i,,,官衣,,Uniform,,,,001_Handbook_of_the_Swatow_Vernacular > A Dictionary of some of the more important words in the Swatow dialect.,292
Háh-bûa,,Háh-bûa,,,合埋,合總,"Unite, to",,,,001_Handbook_of_the_Swatow_Vernacular > A Dictionary of some of the more important words in the Swatow dialect.,292
M̄-háh-huap,,M̄-háh-huap,,,毋合法,不合法,Unlawful,,,,001_Handbook_of_the_Swatow_Vernacular > A Dictionary of some of the more important words in the Swatow dialect.,292
Bô-hãn,,Bô-hãn,,,無限,,Unlimited,,,,001_Handbook_of_the_Swatow_Vernacular > A Dictionary of some of the more important words in the Swatow dialect.,292
Khí-hùe,,Khí-hùe,,,起貨,,"Unload, a ship",,,,001_Handbook_of_the_Swatow_Vernacular > A Dictionary of some of the more important words in the Swatow dialect.,292
tshut-hùe,,tshut-hùe,,,出貨,,"Unload, a ship",,,,001_Handbook_of_the_Swatow_Vernacular > A Dictionary of some of the more important words in the Swatow dialect.,292
Mín,,Mín,,,免,免,Unnecessary,,,,001_Handbook_of_the_Swatow_Vernacular > A Dictionary of some of the more important words in the Swatow dialect.,292
mín-ēng,,mín-ēng,,,免用,免用,Unnecessary,,,,001_Handbook_of_the_Swatow_Vernacular > A Dictionary of some of the more important words in the Swatow dialect.,292
Kãu-uéh,,Kãu-uéh,,,垢穢,厚畫,"Unpleasant, feeling",,,,001_Handbook_of_the_Swatow_Vernacular > A Dictionary of some of the more important words in the Swatow dialect.,292
Bô-chhêng-lí,,Bô-chhêng-lí,,,無情理,無⿰忄靑理,Unreasonable,,,,001_Handbook_of_the_Swatow_Vernacular > A Dictionary of some of the more important words in the Swatow dialect.,292
m̄-chiũ-lí,,m̄-chiũ-lí,,,毋就理,不就理,Unreasonable,,,,001_Handbook_of_the_Swatow_Vernacular > A Dictionary of some of the more important words in the Swatow dialect.,292
Kói,,Kói,,,解,,Untie,,,,001_Handbook_of_the_Swatow_Vernacular > A Dictionary of some of the more important words in the Swatow dialect.,293
tháu,,tháu,,,㪗,,Untie,,,,001_Handbook_of_the_Swatow_Vernacular > A Dictionary of some of the more important words in the Swatow dialect.,293
M̄-kham,,M̄-kham,,,毋堪,不堪,Unworthy,,,,001_Handbook_of_the_Swatow_Vernacular > A Dictionary of some of the more important words in the Swatow dialect.,293
m̄-kham-kai,,m̄-kham-kai,,,毋堪該,不堪該,Unworthy,,,,001_Handbook_of_the_Swatow_Vernacular > A Dictionary of some of the more important words in the Swatow dialect.,293
Tò-póiⁿ,,Tò-póiⁿ,,,倒反,倒返,Upset,,,,001_Handbook_of_the_Swatow_Vernacular > A Dictionary of some of the more important words in the Swatow dialect.,293
póiⁿ,,póiⁿ,,,反,返,Upset,,,,001_Handbook_of_the_Swatow_Vernacular > A Dictionary of some of the more important words in the Swatow dialect.,293
Tin-tò-thâu,,Tin-tò-thâu,,,顛倒頭,顚倒頭,Upside down,,,,001_Handbook_of_the_Swatow_Vernacular > A Dictionary of some of the more important words in the Swatow dialect.,293
Tshui,,Tshui,,,催,推,Urge,,,,001_Handbook_of_the_Swatow_Vernacular > A Dictionary of some of the more important words in the Swatow dialect.,293
pek,,pek,,,迫,,Urge,,,,001_Handbook_of_the_Swatow_Vernacular > A Dictionary of some of the more important words in the Swatow dialect.,293
tshui-kín,,tshui-kín,,,催緊,推緊,Urge,,,,001_Handbook_of_the_Swatow_Vernacular > A Dictionary of some of the more important words in the Swatow dialect.,293
tshui-piàⁿ,,tshui-piàⁿ,,,催拚,,Urge,,,,001_Handbook_of_the_Swatow_Vernacular > A Dictionary of some of the more important words in the Swatow dialect.,293
Ũ-ēng,,Ũ-ēng,,,有用,,Useful,,,,001_Handbook_of_the_Swatow_Vernacular > A Dictionary of some of the more important words in the Swatow dialect.,293
Siêⁿ-siêⁿ,,Siêⁿ-siêⁿ,,,常常,,Usual,,,,001_Handbook_of_the_Swatow_Vernacular > A Dictionary of some of the more important words in the Swatow dialect.,293
pâi-tńg,,pâi-tńg,,,排轉,,Usual,,,,001_Handbook_of_the_Swatow_Vernacular > A Dictionary of some of the more important words in the Swatow dialect.,293
sam-put-sî,,sam-put-sî,,,三不時,,Usual,,,,001_Handbook_of_the_Swatow_Vernacular > A Dictionary of some of the more important words in the Swatow dialect.,293
Khang,,Khang,,,空,,Vacant,,,,001_Handbook_of_the_Swatow_Vernacular > A Dictionary of some of the more important words in the Swatow dialect.,293
Pàng-ké,,Pàng-ké,,,放假,,"Vacation, of school",,,,001_Handbook_of_the_Swatow_Vernacular > A Dictionary of some of the more important words in the Swatow dialect.,293
Chèng-tsu,,Chèng-tsu,,,種珠,,Vaccinate,,,,001_Handbook_of_the_Swatow_Vernacular > A Dictionary of some of the more important words in the Swatow dialect.,293
chèng-tāu,,chèng-tāu,,,種豆,種荳,Vaccinate,,,,001_Handbook_of_the_Swatow_Vernacular > A Dictionary of some of the more important words in the Swatow dialect.,293
Ló-tōng--kâi-nâng,,Ló-tōng--kâi-nâng,,,浪蕩个人[訓],浪蕩人[訓],Vagrant,,,,001_Handbook_of_the_Swatow_Vernacular > A Dictionary of some of the more important words in the Swatow dialect.,293
Chhim-kheⁿ,,Chhim-kheⁿ,,,深坑,,Valley,,,,001_Handbook_of_the_Swatow_Vernacular > A Dictionary of some of the more important words in the Swatow dialect.,293
Kùi-khì,,Kùi-khì,,,貴器,貴氣,Valuable,,,,001_Handbook_of_the_Swatow_Vernacular > A Dictionary of some of the more important words in the Swatow dialect.,293
tát-chîⁿ,,tát-chîⁿ,,,值錢,値錢,Valuable,,,,001_Handbook_of_the_Swatow_Vernacular > A Dictionary of some of the more important words in the Swatow dialect.,293
Khì,,Khì,,,氣,,Vapour,,,,001_Handbook_of_the_Swatow_Vernacular > A Dictionary of some of the more important words in the Swatow dialect.,293
Chiáh-che,,Chiáh-che,,,食齋,,Vegetarian,,,,001_Handbook_of_the_Swatow_Vernacular > A Dictionary of some of the more important words in the Swatow dialect.,293
Thong-huang,,Thong-huang,,,通風,,Ventilate,,,,001_Handbook_of_the_Swatow_Vernacular > A Dictionary of some of the more important words in the Swatow dialect.,293
Hieⁿ-lí,,Hieⁿ-lí,,,鄉里,鄕里,Village,,,,001_Handbook_of_the_Swatow_Vernacular > A Dictionary of some of the more important words in the Swatow dialect.,293
Âng-hue-nńg,,Âng-hue-nńg,,,紅花女,,Virgin,,,,001_Handbook_of_the_Swatow_Vernacular > A Dictionary of some of the more important words in the Swatow dialect.,293
Sûn,,Sûn,,,詢,,"Visit, to",,,,001_Handbook_of_the_Swatow_Vernacular > A Dictionary of some of the more important words in the Swatow dialect.,293
Siaⁿ,,Siaⁿ,,,聲,,Voice,,,,001_Handbook_of_the_Swatow_Vernacular > A Dictionary of some of the more important words in the Swatow dialect.,294
Húe-suaⁿ,,Húe-suaⁿ,,,火山,,Volcano,,,,001_Handbook_of_the_Swatow_Vernacular > A Dictionary of some of the more important words in the Swatow dialect.,294
Thòu,,Thòu,,,吐,,Vomit,,,,001_Handbook_of_the_Swatow_Vernacular > A Dictionary of some of the more important words in the Swatow dialect.,294
Hẽ,,Hẽ,,,許,下,"Vow, to",,,,001_Handbook_of_the_Swatow_Vernacular > A Dictionary of some of the more important words in the Swatow dialect.,294
hẽ-nguãn,,hẽ-nguãn,,,許願,下願,"Vow, to",,,,001_Handbook_of_the_Swatow_Vernacular > A Dictionary of some of the more important words in the Swatow dialect.,294
Ẽ-tsúi,,Ẽ-tsúi,,,下水,,"Wade, to",,,,001_Handbook_of_the_Swatow_Vernacular > A Dictionary of some of the more important words in the Swatow dialect.,294
Kang-chîⁿ,,Kang-chîⁿ,,,工錢,,Wages,,,,001_Handbook_of_the_Swatow_Vernacular > A Dictionary of some of the more important words in the Swatow dialect.,294
Ie,,Ie,,,腰,,Waist,,,,001_Handbook_of_the_Swatow_Vernacular > A Dictionary of some of the more important words in the Swatow dialect.,294
Tán,,Tán,,,等,,Wait,,,,001_Handbook_of_the_Swatow_Vernacular > A Dictionary of some of the more important words in the Swatow dialect.,294
thẽng,,thẽng,,,停,,Wait,,,,001_Handbook_of_the_Swatow_Vernacular > A Dictionary of some of the more important words in the Swatow dialect.,294
thāi,,thāi,,,待,,Wait,,,,001_Handbook_of_the_Swatow_Vernacular > A Dictionary of some of the more important words in the Swatow dialect.,294
Chiu-liû,,Chiu-liû,,,週流,,Wander,,,,001_Handbook_of_the_Swatow_Vernacular > A Dictionary of some of the more important words in the Swatow dialect.,294
Khueh,,Khueh,,,缺,,"Want, lack",,,,001_Handbook_of_the_Swatow_Vernacular > A Dictionary of some of the more important words in the Swatow dialect.,294
khiàm,,khiàm,,,欠,,"Want, lack",,,,001_Handbook_of_the_Swatow_Vernacular > A Dictionary of some of the more important words in the Swatow dialect.,294
Sie-thâi,,Sie-thâi,,,相刣,,War,,,,001_Handbook_of_the_Swatow_Vernacular > A Dictionary of some of the more important words in the Swatow dialect.,294
kau-chièn,,kau-chièn,,,交戰,,War,,,,001_Handbook_of_the_Swatow_Vernacular > A Dictionary of some of the more important words in the Swatow dialect.,294
Sie,,Sie,,,燒,溫,Warm,,,,001_Handbook_of_the_Swatow_Vernacular > A Dictionary of some of the more important words in the Swatow dialect.,294
Zuáh,,Zuáh,,,熱,,"Warm, of weather",,,,001_Handbook_of_the_Swatow_Vernacular > A Dictionary of some of the more important words in the Swatow dialect.,294
Chhiẽⁿ-sie,,Chhiẽⁿ-sie,,,,小暑,"Warm, of weather, mild",,,,001_Handbook_of_the_Swatow_Vernacular > A Dictionary of some of the more important words in the Swatow dialect.,294
Khǹg-kòi,,Khǹg-kòi,,,勸戒,,Warn,,,,001_Handbook_of_the_Swatow_Vernacular > A Dictionary of some of the more important words in the Swatow dialect.,294
tàⁿ-tsai,,tàⁿ-tsai,,,呾知,,Warn,,,,001_Handbook_of_the_Swatow_Vernacular > A Dictionary of some of the more important words in the Swatow dialect.,294
Tak-nn̄g,,Tak-nn̄g,,,,花費,"Waste, to",,,,001_Handbook_of_the_Swatow_Vernacular > A Dictionary of some of the more important words in the Swatow dialect.,294
Chiéⁿ,,Chiéⁿ,,,掌,守,"Watch, to",,,,001_Handbook_of_the_Swatow_Vernacular > A Dictionary of some of the more important words in the Swatow dialect.,294
Ak,,Ak,,,沃,,"Water, to",,,,001_Handbook_of_the_Swatow_Vernacular > A Dictionary of some of the more important words in the Swatow dialect.,294
ak-tsúi,,ak-tsúi,,,沃水,,"Water, to",,,,001_Handbook_of_the_Swatow_Vernacular > A Dictionary of some of the more important words in the Swatow dialect.,294
Chhieh-chhieh,,Chhieh-chhieh,,,淖淖,,Watery,,,,001_Handbook_of_the_Swatow_Vernacular > A Dictionary of some of the more important words in the Swatow dialect.,294
Ít,,Ít,,,逸,,"Wave, to, as a flag",,,,001_Handbook_of_the_Swatow_Vernacular > A Dictionary of some of the more important words in the Swatow dialect.,294
Khùn,,Khùn,,,困,,Weak,,,,001_Handbook_of_the_Swatow_Vernacular > A Dictionary of some of the more important words in the Swatow dialect.,295
bô-lát,,bô-lát,,,無力,,Weak,,,,001_Handbook_of_the_Swatow_Vernacular > A Dictionary of some of the more important words in the Swatow dialect.,295
Phúh,,Phúh,,,,,"Weak, in power, influence",,,,001_Handbook_of_the_Swatow_Vernacular > A Dictionary of some of the more important words in the Swatow dialect.,295
Keh-nĩⁿ,,Keh-nĩⁿ,,,隔奶,隔乳,Wean,,,,001_Handbook_of_the_Swatow_Vernacular > A Dictionary of some of the more important words in the Swatow dialect.,295
Ke-húe,,Ke-húe,,,家伙,,Weapon,,,,001_Handbook_of_the_Swatow_Vernacular > A Dictionary of some of the more important words in the Swatow dialect.,295
Chhēng,,Chhēng,,,穿,,"Wear, as clothes, shoes",,,,001_Handbook_of_the_Swatow_Vernacular > A Dictionary of some of the more important words in the Swatow dialect.,295
Tî,,Tî,,,戴,,"Wear, as a hat",,,,001_Handbook_of_the_Swatow_Vernacular > A Dictionary of some of the more important words in the Swatow dialect.,295
Kùa,,Kùa,,,掛,,"Wear, as a ring",,,,001_Handbook_of_the_Swatow_Vernacular > A Dictionary of some of the more important words in the Swatow dialect.,295
Thiⁿ-sî,,Thiⁿ-sî,,,天時,,Weather,,,,001_Handbook_of_the_Swatow_Vernacular > A Dictionary of some of the more important words in the Swatow dialect.,295
thîⁿ,,thîⁿ,,,天,,Weather,,,,001_Handbook_of_the_Swatow_Vernacular > A Dictionary of some of the more important words in the Swatow dialect.,295
Keⁿ-pòu,,Keⁿ-pòu,,,經布,織布,Weave,,,,001_Handbook_of_the_Swatow_Vernacular > A Dictionary of some of the more important words in the Swatow dialect.,295
Ti-tu-si,,Ti-tu-si,,,蜘蛛絲,,"Web, spider's",,,,001_Handbook_of_the_Swatow_Vernacular > A Dictionary of some of the more important words in the Swatow dialect.,295
Chiⁿ,,Chiⁿ,,,錢,,Wedge,,,,001_Handbook_of_the_Swatow_Vernacular > A Dictionary of some of the more important words in the Swatow dialect.,295
Péh-huat kâi-tsháu,,Péh-huat kâi-tsháu,,,白發个草,白發個草,"Weed, a",,,,001_Handbook_of_the_Swatow_Vernacular > A Dictionary of some of the more important words in the Swatow dialect.,295
Téng,,Téng,,,戥,頂,"Weigh, to",,,,001_Handbook_of_the_Swatow_Vernacular > A Dictionary of some of the more important words in the Swatow dialect.,295
chhìn,,chhìn,,,秤,稱,"Weigh, to",,,,001_Handbook_of_the_Swatow_Vernacular > A Dictionary of some of the more important words in the Swatow dialect.,295
Phêng,,Phêng,,,秤,,"Weigh, with balances",,,,001_Handbook_of_the_Swatow_Vernacular > A Dictionary of some of the more important words in the Swatow dialect.,295
Sai,,Sai,,,西,,West,,,,001_Handbook_of_the_Swatow_Vernacular > A Dictionary of some of the more important words in the Swatow dialect.,295
sai-pôiⁿ,,sai-pôiⁿ,,,西爿,西畔,West,,,,001_Handbook_of_the_Swatow_Vernacular > A Dictionary of some of the more important words in the Swatow dialect.,295
Tâm,,Tâm,,,㴷,濕,Wet,,,,001_Handbook_of_the_Swatow_Vernacular > A Dictionary of some of the more important words in the Swatow dialect.,295
Lok-lok,,Lok-lok,,,漉漉,濕濕,"Wet, thoroughly",,,,001_Handbook_of_the_Swatow_Vernacular > A Dictionary of some of the more important words in the Swatow dialect.,295
Ak-tiéh-hõu,,Ak-tiéh-hõu,,,沃着雨,逢雨,"Wet, with rain",,,,001_Handbook_of_the_Swatow_Vernacular > A Dictionary of some of the more important words in the Swatow dialect.,295
Put-lũn,,Put-lũn,,,不論,,Whatever,,,,001_Handbook_of_the_Swatow_Vernacular > A Dictionary of some of the more important words in the Swatow dialect.,295
m̄-kuán,,m̄-kuán,,,毋管,不管,Whatever,,,,001_Handbook_of_the_Swatow_Vernacular > A Dictionary of some of the more important words in the Swatow dialect.,295
Lín,,Lín,,,輪,輦,Wheel,,,,001_Handbook_of_the_Swatow_Vernacular > A Dictionary of some of the more important words in the Swatow dialect.,295
lìn-chîⁿ,,lìn-chîⁿ,,,輾錢,輦錢,Wheel,,,,001_Handbook_of_the_Swatow_Vernacular > A Dictionary of some of the more important words in the Swatow dialect.,295
Bé-piⁿ,,Bé-piⁿ,,,馬鞭,,"Whip, a",,,,001_Handbook_of_the_Swatow_Vernacular > A Dictionary of some of the more important words in the Swatow dialect.,296
Pũaⁿ,,Pũaⁿ,,,拂,,"Whip, to",,,,001_Handbook_of_the_Swatow_Vernacular > A Dictionary of some of the more important words in the Swatow dialect.,296
Síh-súh,,Síh-súh,,,窸窣,,"Whisper, to",,,,001_Handbook_of_the_Swatow_Vernacular > A Dictionary of some of the more important words in the Swatow dialect.,296
àm-chẽⁿ-tàⁿ,,àm-chẽⁿ-tàⁿ,,,暗靜呾,,"Whisper, to",,,,001_Handbook_of_the_Swatow_Vernacular > A Dictionary of some of the more important words in the Swatow dialect.,296
Pûn-hi-hû,,Pûn-hi-hû,,,歕唏噓,,"Whistle, with the mouth",,,,001_Handbook_of_the_Swatow_Vernacular > A Dictionary of some of the more important words in the Swatow dialect.,296
Pi,,Pi,,,嗶,陂,"Whistle, a",,,,001_Handbook_of_the_Swatow_Vernacular > A Dictionary of some of the more important words in the Swatow dialect.,296
Nñg-chheng,,Nñg-chheng,,,卵清,,"White, of an egg",,,,001_Handbook_of_the_Swatow_Vernacular > A Dictionary of some of the more important words in the Swatow dialect.,296
Sàu-hue-tsúi,,Sàu-hue-tsúi,,,掃灰水,,"Whitewash, to",,,,001_Handbook_of_the_Swatow_Vernacular > A Dictionary of some of the more important words in the Swatow dialect.,296
sueh-hue-tsúi,,sueh-hue-tsúi,,,刷灰水,,"Whitewash, to",,,,001_Handbook_of_the_Swatow_Vernacular > A Dictionary of some of the more important words in the Swatow dialect.,296
Ak,,Ak,,,惡,,Wicked,,,,001_Handbook_of_the_Swatow_Vernacular > A Dictionary of some of the more important words in the Swatow dialect.,296
phái,,phái,,,痞,歹,Wicked,,,,001_Handbook_of_the_Swatow_Vernacular > A Dictionary of some of the more important words in the Swatow dialect.,296
Khuah,,Khuah,,,闊,濶,Wide,,,,001_Handbook_of_the_Swatow_Vernacular > A Dictionary of some of the more important words in the Swatow dialect.,296
Síu-kúa,,Síu-kúa,,,守寡,,Widow,,,,001_Handbook_of_the_Swatow_Vernacular > A Dictionary of some of the more important words in the Swatow dialect.,296
kúa-hũ,,kúa-hũ,,,寡婦,,Widow,,,,001_Handbook_of_the_Swatow_Vernacular > A Dictionary of some of the more important words in the Swatow dialect.,296
Chhi,,Chhi,,,妻,,Wife,,,,001_Handbook_of_the_Swatow_Vernacular > A Dictionary of some of the more important words in the Swatow dialect.,296
bóu,,bóu,,,婦,,Wife,,,,001_Handbook_of_the_Swatow_Vernacular > A Dictionary of some of the more important words in the Swatow dialect.,296
Suaⁿ,,Suaⁿ,,,山,,"Wild, pertaining to the forest",,,,001_Handbook_of_the_Swatow_Vernacular > A Dictionary of some of the more important words in the Swatow dialect.,296
Nguãn,,Nguãn,,,愿,,Willing,,,,001_Handbook_of_the_Swatow_Vernacular > A Dictionary of some of the more important words in the Swatow dialect.,296
kam-ngũan,,kam-ngũan,,,甘愿,,Willing,,,,001_Handbook_of_the_Swatow_Vernacular > A Dictionary of some of the more important words in the Swatow dialect.,296
hàuⁿ,,hàuⁿ,,,好,,Willing,,,,001_Handbook_of_the_Swatow_Vernacular > A Dictionary of some of the more important words in the Swatow dialect.,296
kam,,kam,,,甘,,Willing,,,,001_Handbook_of_the_Swatow_Vernacular > A Dictionary of some of the more important words in the Swatow dialect.,296
Ká,,Ká,,,絞,,"Wind, as a clock",,,,001_Handbook_of_the_Swatow_Vernacular > A Dictionary of some of the more important words in the Swatow dialect.,296
Sít,,Sít,,,翼,翅,Wing,,,,001_Handbook_of_the_Swatow_Vernacular > A Dictionary of some of the more important words in the Swatow dialect.,296
Nih-mák,,Nih-mák,,,攝目,,Wink,,,,001_Handbook_of_the_Swatow_Vernacular > A Dictionary of some of the more important words in the Swatow dialect.,296
Pùa,,Pùa,,,簸,,Winnow,,,,001_Handbook_of_the_Swatow_Vernacular > A Dictionary of some of the more important words in the Swatow dialect.,296
Chhit,,Chhit,,,拭,,"Wipe, to, with dry cloth",,,,001_Handbook_of_the_Swatow_Vernacular > A Dictionary of some of the more important words in the Swatow dialect.,296
Zṳ̂,,Zṳ̂,,,濡,,"Wipe, to, with wet cloth",,,,001_Handbook_of_the_Swatow_Vernacular > A Dictionary of some of the more important words in the Swatow dialect.,296
Gáu,,Gáu,,,賢[訓],,Wise,,,,001_Handbook_of_the_Swatow_Vernacular > A Dictionary of some of the more important words in the Swatow dialect.,296
Thò,,Thò,,,退,,Withdraw,,,,001_Handbook_of_the_Swatow_Vernacular > A Dictionary of some of the more important words in the Swatow dialect.,297
thò-khui,,thò-khui,,,退開,,Withdraw,,,,001_Handbook_of_the_Swatow_Vernacular > A Dictionary of some of the more important words in the Swatow dialect.,297
Chèng,,Chèng,,,證,,"Witness, a",,,,001_Handbook_of_the_Swatow_Vernacular > A Dictionary of some of the more important words in the Swatow dialect.,297
kan-chèng,,kan-chèng,,,干證,干証,"Witness, a",,,,001_Handbook_of_the_Swatow_Vernacular > A Dictionary of some of the more important words in the Swatow dialect.,297
Tho,,Tho,,,胎,,Womb,,,,001_Handbook_of_the_Swatow_Vernacular > A Dictionary of some of the more important words in the Swatow dialect.,297
Khî-khá,,Khî-khá,,,奇巧,,Wonderful,,,,001_Handbook_of_the_Swatow_Vernacular > A Dictionary of some of the more important words in the Swatow dialect.,297
Kang,,Kang,,,工,,Work,,,,001_Handbook_of_the_Swatow_Vernacular > A Dictionary of some of the more important words in the Swatow dialect.,297
khang-khùe,,khang-khùe,,,工課,工夫,Work,,,,001_Handbook_of_the_Swatow_Vernacular > A Dictionary of some of the more important words in the Swatow dialect.,297
Tsho,,Tsho,,,作,,"Work, to",,,,001_Handbook_of_the_Swatow_Vernacular > A Dictionary of some of the more important words in the Swatow dialect.,297
tsoh-khang-khùe,,tsoh-khang-khùe,,,作工課,作工夫,"Work, to",,,,001_Handbook_of_the_Swatow_Vernacular > A Dictionary of some of the more important words in the Swatow dialect.,297
tsò-kang,,tsò-kang,,,做工,,"Work, to",,,,001_Handbook_of_the_Swatow_Vernacular > A Dictionary of some of the more important words in the Swatow dialect.,297
Sì-kan,,Sì-kan,,,世間,,World,,,,001_Handbook_of_the_Swatow_Vernacular > A Dictionary of some of the more important words in the Swatow dialect.,297
thiⁿ-ẽ,,thiⁿ-ẽ,,,天下,,World,,,,001_Handbook_of_the_Swatow_Vernacular > A Dictionary of some of the more important words in the Swatow dialect.,297
Phóu-thiⁿ-ẽ,,Phóu-thiⁿ-ẽ,,,普天下,,"World, all the",,,,001_Handbook_of_the_Swatow_Vernacular > A Dictionary of some of the more important words in the Swatow dialect.,297
phóu-thiⁿ-kha-ẽ,,phóu-thiⁿ-kha-ẽ,,,普天骹下,普天脚下,"World, all the",,,,001_Handbook_of_the_Swatow_Vernacular > A Dictionary of some of the more important words in the Swatow dialect.,297
Zú-m̄-móⁿ,,Zú-m̄-móⁿ,,,愈毋孬,愈不好,Worse,,,,001_Handbook_of_the_Swatow_Vernacular > A Dictionary of some of the more important words in the Swatow dialect.,297
Pài,,Pài,,,拜,,"Worship, to",,,,001_Handbook_of_the_Swatow_Vernacular > A Dictionary of some of the more important words in the Swatow dialect.,297
Tát,,Tát,,,值,値,Worth,,,,001_Handbook_of_the_Swatow_Vernacular > A Dictionary of some of the more important words in the Swatow dialect.,297
Kham-kai,,Kham-kai,,,堪該,,Worthy,,,,001_Handbook_of_the_Swatow_Vernacular > A Dictionary of some of the more important words in the Swatow dialect.,297
Sieⁿ-kháu,,Sieⁿ-kháu,,,傷口,,"Wound, a",,,,001_Handbook_of_the_Swatow_Vernacular > A Dictionary of some of the more important words in the Swatow dialect.,297
Sieⁿ--tiéh,,Sieⁿ--tiéh,,,傷着,,Wounded,,,,001_Handbook_of_the_Swatow_Vernacular > A Dictionary of some of the more important words in the Swatow dialect.,297
Pau,,Pau,,,包,,"Wrap, to",,,,001_Handbook_of_the_Swatow_Vernacular > A Dictionary of some of the more important words in the Swatow dialect.,297
Tsũn-tiòu,,Tsũn-tiòu,,,捘掉,撰丢,Wrench,,,,001_Handbook_of_the_Swatow_Vernacular > A Dictionary of some of the more important words in the Swatow dialect.,297
Chhiú-uán,,Chhiú-uán,,,手腕,,"Wrist, of the hand",,,,001_Handbook_of_the_Swatow_Vernacular > A Dictionary of some of the more important words in the Swatow dialect.,297
Siá,,Siá,,,寫,,Write,,,,001_Handbook_of_the_Swatow_Vernacular > A Dictionary of some of the more important words in the Swatow dialect.,297
siá-jī,,siá-jī,,,寫字,,Write,,,,001_Handbook_of_the_Swatow_Vernacular > A Dictionary of some of the more important words in the Swatow dialect.,297
Tāⁿ,,Tāⁿ,,,賺,錯,Wrong,,,,001_Handbook_of_the_Swatow_Vernacular > A Dictionary of some of the more important words in the Swatow dialect.,297
m̄-tiéh,,m̄-tiéh,,,毋着,不着,Wrong,,,,001_Handbook_of_the_Swatow_Vernacular > A Dictionary of some of the more important words in the Swatow dialect.,297
tshò,,tshò,,,錯,,Wrong,,,,001_Handbook_of_the_Swatow_Vernacular > A Dictionary of some of the more important words in the Swatow dialect.,297
Huah-hì,,Huah-hì,,,呵呬,呵欠,"Yawn, to",,,,001_Handbook_of_the_Swatow_Vernacular > A Dictionary of some of the more important words in the Swatow dialect.,298
Nîⁿ,,Nîⁿ,,,年,,"Year, a",,,,001_Handbook_of_the_Swatow_Vernacular > A Dictionary of some of the more important words in the Swatow dialect.,298
Hùe,,Hùe,,,歲,,"Year, of age",,,,001_Handbook_of_the_Swatow_Vernacular > A Dictionary of some of the more important words in the Swatow dialect.,298
Kàⁿ,,Kàⁿ,,,酵,,Yeast,,,,001_Handbook_of_the_Swatow_Vernacular > A Dictionary of some of the more important words in the Swatow dialect.,298
kàⁿ-bó,,kàⁿ-bó,,,酵母,,Yeast,,,,001_Handbook_of_the_Swatow_Vernacular > A Dictionary of some of the more important words in the Swatow dialect.,298
chiú-piáⁿ,,chiú-piáⁿ,,,酒餅,,Yeast,,,,001_Handbook_of_the_Swatow_Vernacular > A Dictionary of some of the more important words in the Swatow dialect.,298
N̂g,,N̂g,,,黃,,Yellow,,,,001_Handbook_of_the_Swatow_Vernacular > A Dictionary of some of the more important words in the Swatow dialect.,298
Gû-taⁿ-uan,,Gû-taⁿ-uan,,,牛擔彎,牛擔灣,"Yoke, a",,,,001_Handbook_of_the_Swatow_Vernacular > A Dictionary of some of the more important words in the Swatow dialect.,298
Nñg-jîn,,Nñg-jîn,,,卵仁,,"Yolk, of an egg",,,,001_Handbook_of_the_Swatow_Vernacular > A Dictionary of some of the more important words in the Swatow dialect.,298
Chíⁿ,,Chíⁿ,,,稚,幼,"Young, of plants",,,,001_Handbook_of_the_Swatow_Vernacular > A Dictionary of some of the more important words in the Swatow dialect.,298
Hãu-seⁿ,,Hãu-seⁿ,,,後生,,"Young, of man",,,,001_Handbook_of_the_Swatow_Vernacular > A Dictionary of some of the more important words in the Swatow dialect.,298
siòu-nîⁿ,,siòu-nîⁿ,,,少年,,"Young, of man",,,,001_Handbook_of_the_Swatow_Vernacular > A Dictionary of some of the more important words in the Swatow dialect.,298
Uan-lâi uan-khṳ̀,,Uan-lâi uan-khṳ̀,,,彎來彎去,灣來灣去,Zigzag,,,,001_Handbook_of_the_Swatow_Vernacular > A Dictionary of some of the more important words in the Swatow dialect.,298
in-uan khit-khek,,in-uan khit-khek,,,迂彎屈曲,,Zigzag,,,,001_Handbook_of_the_Swatow_Vernacular > A Dictionary of some of the more important words in the Swatow dialect.,298
