puj,han,fanqie,zh_TW,source,page_num
a,亞,英膠切,俗問何合,004_Tie_Siann_Tsap_Ngou_Im > （膠）部上平聲,262
a,阿,英膠切,同上,004_Tie_Siann_Tsap_Ngou_Im > （膠）部上平聲,262
a,桠,英膠切,樹之分,004_Tie_Siann_Tsap_Ngou_Im > （膠）部上平聲,262
a,枝,英膠切,曰ー,004_Tie_Siann_Tsap_Ngou_Im > （膠）部上平聲,262
a,鴉,英膠切,烏鴉鳥,004_Tie_Siann_Tsap_Ngou_Im > （膠）部上平聲,262
a,蜉,英膠切,ー嫁女,004_Tie_Siann_Tsap_Ngou_Im > （膠）部上平聲,262
ah,鳴,英膠切,鶯鳴辭鳴啭鳴,004_Tie_Siann_Tsap_Ngou_Im > （膠）部上入聲,266
ah,宇,英膠切,見曰宇啭宇,004_Tie_Siann_Tsap_Ngou_Im > （膠）部上入聲,266
ai,容,英皆切,止奇觀,004_Tie_Siann_Tsap_Ngou_Im > （皆）部上平聲,148
ai,曰,英皆切,和曰雷謳雲謳也,004_Tie_Siann_Tsap_Ngou_Im > （皆）部上平聲,148
ai,力,英皆切,也又稱也,004_Tie_Siann_Tsap_Ngou_Im > （皆）部上平聲,148
ai,雲,英皆切,氣也矮雲,004_Tie_Siann_Tsap_Ngou_Im > （皆）部上平聲,148
ai,雲,英皆切,氣也趕海中,004_Tie_Siann_Tsap_Ngou_Im > （皆）部上平聲,148
ai,嫩,英皆切,嫩人名這,004_Tie_Siann_Tsap_Ngou_Im > （皆）部上平聲,148
ai,姐,英皆切,之奸也,004_Tie_Siann_Tsap_Ngou_Im > （皆）部上平聲,148
ai,以,英皆切,肉為,004_Tie_Siann_Tsap_Ngou_Im > （皆）部上平聲,148
ai,醬,英皆切,也,004_Tie_Siann_Tsap_Ngou_Im > （皆）部上平聲,148
ak,惡,英江切,暴惡兇惡不善之名,004_Tie_Siann_Tsap_Ngou_Im > （江）部上入聲,252
ak,抑,英江切,枝也治也屈也遺也,004_Tie_Siann_Tsap_Ngou_Im > （江）部上入聲,252
ak,垩,英江切,土色也,004_Tie_Siann_Tsap_Ngou_Im > （江）部上入聲,252
am,窰,英甘切,佛堂也,004_Tie_Siann_Tsap_Ngou_Im > （甘）部上平聲,331
am,堂,英甘切,－院,004_Tie_Siann_Tsap_Ngou_Im > （甘）部上平聲,331
am,菴,英甘切,茅舍也,004_Tie_Siann_Tsap_Ngou_Im > （甘）部上平聲,331
am,庵,英甘切,廟堂也,004_Tie_Siann_Tsap_Ngou_Im > （甘）部上平聲,331
am,盦,英甘切,－所以祀佛也僧老尼！,004_Tie_Siann_Tsap_Ngou_Im > （甘）部上平聲,331
an,棱,英柑切,疏其年目俗曰－,004_Tie_Siann_Tsap_Ngou_Im > （柑）部上平聲,319
au,思,英鈎切,思思念思思德思思愛,004_Tie_Siann_Tsap_Ngou_Im > （鈎）部上平聲,173
aû,後,英高切,裕先後前後,004_Tie_Siann_Tsap_Ngou_Im > （高）部下平聲,39
aû,后,英高切,同上又,004_Tie_Siann_Tsap_Ngou_Im > （高）部下平聲,39
aû,奥,英高切,淙之奥美奥,004_Tie_Siann_Tsap_Ngou_Im > （高）部下平聲,41
aû,揣,英高切,磨也,004_Tie_Siann_Tsap_Ngou_Im > （高）部下平聲,41
aû,誤,英高切,言也以,004_Tie_Siann_Tsap_Ngou_Im > （高）部下平聲,41
aû,熝,英高切,火水也,004_Tie_Siann_Tsap_Ngou_Im > （高）部下平聲,41
aû,墺,英高切,地近水,004_Tie_Siann_Tsap_Ngou_Im > （高）部下平聲,41
aû,嶴,英高切,山嶴,004_Tie_Siann_Tsap_Ngou_Im > （高）部下平聲,41
aû,量,英高切,也,004_Tie_Siann_Tsap_Ngou_Im > （高）部下平聲,41
aû,訥,英高切,言近也,004_Tie_Siann_Tsap_Ngou_Im > （高）部下平聲,41
aû,懊,英高切,生蕩懊恨也根也,004_Tie_Siann_Tsap_Ngou_Im > （高）部下平聲,41
aû,燠,英高切,也同姑夫,004_Tie_Siann_Tsap_Ngou_Im > （高）部下平聲,41
ba,媽,文膠切,俗稱祖母曰亞媽又,004_Tie_Siann_Tsap_Ngou_Im > （膠）部上平聲,264
ba,稱,文膠切,之母曰外稱,004_Tie_Siann_Tsap_Ngou_Im > （膠）部上平聲,264
ba,瑪,文膠切,瑪瑪石色,004_Tie_Siann_Tsap_Ngou_Im > （膠）部上平聲,264
ba,美,文膠切,如玉,004_Tie_Siann_Tsap_Ngou_Im > （膠）部上平聲,264
bah,月,文膠切,月即肉也,004_Tie_Siann_Tsap_Ngou_Im > （膠）部上入聲,266
bai,正,文皆切,宗以錢易物曰,004_Tie_Siann_Tsap_Ngou_Im > （皆）部上平聲,148
bai,又,文皆切,人名亦曰,004_Tie_Siann_Tsap_Ngou_Im > （皆）部上平聲,148
bau,語,文高切,讚言也語多 喫 苦同 哦 也語惟 懷,004_Tie_Siann_Tsap_Ngou_Im > （高）部上平聲,31
bau,出,文高切,抄 出寫出錄出書出數 操 也出徒 蝶 出出綜以為綜也,004_Tie_Siann_Tsap_Ngou_Im > （高）部上平聲,31
beh,嗍,文家切,羊棹,004_Tie_Siann_Tsap_Ngou_Im > （家）部上入聲,25
bennh,夜,文庚切,日入則為夜,004_Tie_Siann_Tsap_Ngou_Im > （庚）部上入聲,227
bennh,半,文庚切,半餘半點半,004_Tie_Siann_Tsap_Ngou_Im > （庚）部上入聲,227
benn̍h,脈,文庚切,血脈筋八脈筋脈血脈六脈百脈,004_Tie_Siann_Tsap_Ngou_Im > （庚）部下入聲,229
benn̍h,脈,文庚切,同上,004_Tie_Siann_Tsap_Ngou_Im > （庚）部下入聲,229
be̍h,脈,文家切,氣血貫乎身曰脈血,004_Tie_Siann_Tsap_Ngou_Im > （家）部下入聲,29
be̍h,脈,文家切,脈同上氣,004_Tie_Siann_Tsap_Ngou_Im > （家）部下入聲,29
be̍h,眽,文家切,交視曰眽眽,004_Tie_Siann_Tsap_Ngou_Im > （家）部下入聲,29
beⁿ,猛,文庚切,子疾也兼也逕也,004_Tie_Siann_Tsap_Ngou_Im > （庚）部上平聲,225
beⁿ,又,文庚切,如周則千里曰又,004_Tie_Siann_Tsap_Ngou_Im > （庚）部上平聲,225
beⁿ,又,文庚切,如閒則午里曰又,004_Tie_Siann_Tsap_Ngou_Im > （庚）部上平聲,225
beⁿ,兒,文庚切,事者皆悟曰兒,004_Tie_Siann_Tsap_Ngou_Im > （庚）部上平聲,225
bi,會,文基切,日合而密曰會,004_Tie_Siann_Tsap_Ngou_Im > （基）部上平聲,97
bi,咳,文基切,笑貌,004_Tie_Siann_Tsap_Ngou_Im > （基）部上平聲,97
bi,嗄,文基切,嗄嗒數辭,004_Tie_Siann_Tsap_Ngou_Im > （基）部上平聲,97
bi,於,文基切,又於子司語於人也,004_Tie_Siann_Tsap_Ngou_Im > （基）部上平聲,97
bian,鴦,文堅切,篤也 鳥 曰正,004_Tie_Siann_Tsap_Ngou_Im > （堅）部上平聲,116
bian,鞅,文堅切,粗 繫頸之 曰,004_Tie_Siann_Tsap_Ngou_Im > （堅）部上平聲,116
bian,燕,文堅切,十 脂粉 胭入,004_Tie_Siann_Tsap_Ngou_Im > （堅）部上平聲,116
bian,訣,文堅切,智早 知也,004_Tie_Siann_Tsap_Ngou_Im > （堅）部上平聲,116
bian,蔦,文堅切,又臭草 物不鮮也,004_Tie_Siann_Tsap_Ngou_Im > （堅）部上平聲,116
biang,殃,文薑切,原音英裕曰殃九官人,004_Tie_Siann_Tsap_Ngou_Im > （薑）部上平聲,348
biang,之,文薑切,物曰之妖怪也,004_Tie_Siann_Tsap_Ngou_Im > （薑）部上平聲,348
bia̍t,鄭,文堅切,照出之,004_Tie_Siann_Tsap_Ngou_Im > （堅）部下入聲,131
bia̍t,子,文堅切,也,004_Tie_Siann_Tsap_Ngou_Im > （堅）部下入聲,131
bih,九,文基切,俗曰九有不知之謂也 俗曰九事九物,004_Tie_Siann_Tsap_Ngou_Im > （基）部上入聲,104
bim,出,文金切,寢出眠也出畫眠也出 蔓衰也,004_Tie_Siann_Tsap_Ngou_Im > （金）部上平聲,45
bim,銼,文金切,刻板也,004_Tie_Siann_Tsap_Ngou_Im > （金）部上平聲,45
bin,氣,文⿴囗君切,氣也 氣天,004_Tie_Siann_Tsap_Ngou_Im > （⿴囗君）部上平聲,161
bin,裡,文⿴囗君切,潔祀也,004_Tie_Siann_Tsap_Ngou_Im > （⿴囗君）部上平聲,161
bin,細,文⿴囗君切,氣也 細元,004_Tie_Siann_Tsap_Ngou_Im > （⿴囗君）部上平聲,161
bin,裯,文⿴囗君切,近身衣,004_Tie_Siann_Tsap_Ngou_Im > （⿴囗君）部上平聲,161
bin,渾,文⿴囗君切,水名又渾 況泥也,004_Tie_Siann_Tsap_Ngou_Im > （⿴囗君）部上平聲,161
bin,囮,文⿴囗君切,身之要 在囮候也 喉也,004_Tie_Siann_Tsap_Ngou_Im > （⿴囗君）部上平聲,161
bin,胴,文⿴囗君切,脂又 膩同上,004_Tie_Siann_Tsap_Ngou_Im > （⿴囗君）部上平聲,161
bin,姻,文⿴囗君切,婚姻姻 係姻,004_Tie_Siann_Tsap_Ngou_Im > （⿴囗君）部上平聲,161
bin,堙,文⿴囗君切,塞也同,004_Tie_Siann_Tsap_Ngou_Im > （⿴囗君）部上平聲,161
bin,姗,文⿴囗君切,戲姗同姗,004_Tie_Siann_Tsap_Ngou_Im > （⿴囗君）部上平聲,161
biong,岒,文恭切,不吉日,004_Tie_Siann_Tsap_Ngou_Im > （恭）部上平聲,155
biong,兝,文恭切,累忿,004_Tie_Siann_Tsap_Ngou_Im > （恭）部上平聲,155
biong,訒,文恭切,渠言也,004_Tie_Siann_Tsap_Ngou_Im > （恭）部上平聲,155
biong,又,文恭切,訒也,004_Tie_Siann_Tsap_Ngou_Im > （恭）部上平聲,155
biong,訽,文恭切,訽同,004_Tie_Siann_Tsap_Ngou_Im > （恭）部上平聲,155
biong,泔,文恭切,水酒也,004_Tie_Siann_Tsap_Ngou_Im > （恭）部上平聲,155
biong,匈,文恭切,國名匈奴北方,004_Tie_Siann_Tsap_Ngou_Im > （恭）部上平聲,155
bip,蚑,文金切,虫行貌,004_Tie_Siann_Tsap_Ngou_Im > （金）部上入聲,47
biu,摘,文鳩切,物也,004_Tie_Siann_Tsap_Ngou_Im > （鳩）部上平聲,231
biu,木,文鳩切,鳥名,004_Tie_Siann_Tsap_Ngou_Im > （鳩）部上平聲,231
biu,也,文鳩切,魚名,004_Tie_Siann_Tsap_Ngou_Im > （鳩）部上平聲,231
biu,聲,文鳩切,聲聲小,004_Tie_Siann_Tsap_Ngou_Im > （鳩）部上平聲,231
biu̍h,盈,文鳩切,稱曰盈又志盈矄盈月圓曰,004_Tie_Siann_Tsap_Ngou_Im > （鳩）部下入聲,240
biu̍h,歌,文鳩切,也稱也,004_Tie_Siann_Tsap_Ngou_Im > （鳩）部下入聲,240
biu̍h,不,文鳩切,好,004_Tie_Siann_Tsap_Ngou_Im > （鳩）部下入聲,240
biu̍h,與,文鳩切,上同,004_Tie_Siann_Tsap_Ngou_Im > （鳩）部下入聲,240
biàn,盧,文堅切,盧噓,004_Tie_Siann_Tsap_Ngou_Im > （堅）部上去聲,123
biàn,又,文堅切,噓,004_Tie_Siann_Tsap_Ngou_Im > （堅）部上去聲,123
biàn,盧,文堅切,昆虫盧也,004_Tie_Siann_Tsap_Ngou_Im > （堅）部上去聲,123
biàⁿ,命,文京切,命生所受之稟括皆,004_Tie_Siann_Tsap_Ngou_Im > （京）部上去聲,135
biàⁿ,由,文京切,此由性由矣由,004_Tie_Siann_Tsap_Ngou_Im > （京）部上去聲,135
biám,劉,文兼切,藤 飲曰劉,004_Tie_Siann_Tsap_Ngou_Im > （兼）部上上聲,87
biòu,妙,文嬌切,凡事物之有趣者曰,004_Tie_Siann_Tsap_Ngou_Im > （嬌）部上去聲,274
biòu,婭,文嬌切,部上入聲,004_Tie_Siann_Tsap_Ngou_Im > （嬌）部上去聲,274
biòu,空,文嬌切,音不錄,004_Tie_Siann_Tsap_Ngou_Im > （嬌）部上去聲,274
biòu,苗,文嬌切,木未秀,004_Tie_Siann_Tsap_Ngou_Im > （嬌）部上去聲,276
biòu,則,文嬌切,曰則,004_Tie_Siann_Tsap_Ngou_Im > （嬌）部上去聲,276
biòu,佃,文嬌切,好也佃,004_Tie_Siann_Tsap_Ngou_Im > （嬌）部上去聲,276
biô,描,文燒切,原音苗扶描坐也小兒初學寫字則用墨以描,004_Tie_Siann_Tsap_Ngou_Im > （燒）部下平聲,356
biũ,怡,文鳩切,怡心勤也,004_Tie_Siann_Tsap_Ngou_Im > （鳩）部下上聲,237
biũ,醋,文鳩切,醋報也醉也,004_Tie_Siann_Tsap_Ngou_Im > （鳩）部下上聲,237
biũ,婿,文鳩切,婿稱之,004_Tie_Siann_Tsap_Ngou_Im > （鳩）部下上聲,237
biũ,裘,文鳩切,裘耳飾也又衣袖也,004_Tie_Siann_Tsap_Ngou_Im > （鳩）部下上聲,237
biū,幼,文鳩切,物細曰幼又,004_Tie_Siann_Tsap_Ngou_Im > （鳩）部下去聲,238
biū,孫,文鳩切,也幼孫,004_Tie_Siann_Tsap_Ngou_Im > （鳩）部下去聲,238
biū,黝,文鳩切,青黑色,004_Tie_Siann_Tsap_Ngou_Im > （鳩）部下去聲,238
bi̍h,篔,文基切,為篔削竹,004_Tie_Siann_Tsap_Ngou_Im > （基）部下入聲,113
bi̍h,蔑,文基切,同上無,004_Tie_Siann_Tsap_Ngou_Im > （基）部下入聲,113
bi̍h,也,文基切,微也,004_Tie_Siann_Tsap_Ngou_Im > （基）部下入聲,113
bi̍p,蜂,文金切,蜜飴,004_Tie_Siann_Tsap_Ngou_Im > （金）部下入聲,53
bi̍p,巢,文金切,疏,004_Tie_Siann_Tsap_Ngou_Im > （金）部下入聲,53
bi̍p,況,文金切,殁也絕也,004_Tie_Siann_Tsap_Ngou_Im > （金）部下入聲,53
bn̂g,門,文扛切,出入之由,004_Tie_Siann_Tsap_Ngou_Im > （扛）部下平聲,288
bn̂g,個,文扛切,你個生我個,004_Tie_Siann_Tsap_Ngou_Im > （扛）部下平聲,288
bn̍gh,清,文扛切,水心清又,004_Tie_Siann_Tsap_Ngou_Im > （扛）部下入聲,292
bn̍gh,大,文扛切,大望大,004_Tie_Siann_Tsap_Ngou_Im > （扛）部下入聲,292
bn̍gh,稱,文扛切,草稱稱謁,004_Tie_Siann_Tsap_Ngou_Im > （扛）部下入聲,292
bn̍gh,称,文扛切,同上,004_Tie_Siann_Tsap_Ngou_Im > （扛）部下入聲,292
bo,三,文歌切,父三親生者曰三父三,004_Tie_Siann_Tsap_Ngou_Im > （歌）部上平聲,189
bo,親,文歌切,又子親,004_Tie_Siann_Tsap_Ngou_Im > （歌）部上平聲,189
boh,望,文歌切,舉首觀之曰望期望貯睹望,004_Tie_Siann_Tsap_Ngou_Im > （歌）部上入聲,190
boh,模,文歌切,物模樣也範也貨模,004_Tie_Siann_Tsap_Ngou_Im > （歌）部上入聲,190
boh,磨,文歌切,揉磨石磨牛磨,004_Tie_Siann_Tsap_Ngou_Im > （歌）部上入聲,190
boh,帽,文歌切,首衣也冠也紗帽緞帽風帽,004_Tie_Siann_Tsap_Ngou_Im > （歌）部上入聲,190
boh,礚,文歌切,同磨通書每有礚字,004_Tie_Siann_Tsap_Ngou_Im > （歌）部上入聲,190
bo̍h,物,文歌切,以市度叽物而,004_Tie_Siann_Tsap_Ngou_Im > （歌）部下入聲,197
bu,超,文龜切,疾行也少－多－見－小走也－同上－追,004_Tie_Siann_Tsap_Ngou_Im > （龜）部上平聲,309
bu,超,文龜切,問上,004_Tie_Siann_Tsap_Ngou_Im > （龜）部上平聲,309
buan,幔,文官切,遲人不用轉而用,004_Tie_Siann_Tsap_Ngou_Im > （官）部上平聲,139
buan,曰,文官切,－有綵－布－,004_Tie_Siann_Tsap_Ngou_Im > （官）部上平聲,139
buan,褸,文官切,同上朝人之衣范,004_Tie_Siann_Tsap_Ngou_Im > （官）部上平聲,139
buang,川,文光切,川百川大川江河也,004_Tie_Siann_Tsap_Ngou_Im > （光）部上平聲,199
buang,穿,文光切,穿鞏穿衣,004_Tie_Siann_Tsap_Ngou_Im > （光）部上平聲,199
bua̍k,莉,文光切,花,004_Tie_Siann_Tsap_Ngou_Im > （光）部下入聲,212
bua̍k,養,文光切,牛馬,004_Tie_Siann_Tsap_Ngou_Im > （光）部下入聲,212
bua̍k,谷,文光切,也,004_Tie_Siann_Tsap_Ngou_Im > （光）部下入聲,212
bua̍k,威,文光切,－風－嚴 葳初生草 醫－生名士－官 遂遂也逡行 衣－吳－曰 喂恐也,004_Tie_Siann_Tsap_Ngou_Im > （光）部下入聲,213
bue,炊,文瓜切,三春金乃也,004_Tie_Siann_Tsap_Ngou_Im > （瓜）部上平聲,340
bue̍h,袜,文瓜切,足之衣,004_Tie_Siann_Tsap_Ngou_Im > （瓜）部下入聲,347
bue̍h,襪,文瓜切,同上,004_Tie_Siann_Tsap_Ngou_Im > （瓜）部下入聲,347
bue̍h,物,文瓜切,萬物人物百物又物,004_Tie_Siann_Tsap_Ngou_Im > （瓜）部下入聲,347
bue̍h,理,文瓜切,理與袜同議,004_Tie_Siann_Tsap_Ngou_Im > （瓜）部下入聲,347
buih,微,文歸切,兒事關心曰燕微不至微末細微 桅 掛帆之千也船微槐 花微,004_Tie_Siann_Tsap_Ngou_Im > （歸）部上入聲,219
buih,口,文歸切,環也同也全圍,004_Tie_Siann_Tsap_Ngou_Im > （歸）部上入聲,219
bun,蚊,文君切,蚊虫 又蚉仝,004_Tie_Siann_Tsap_Ngou_Im > （君）部上平聲,7
bun,蟁,文君切,同蚉 口有針 能吮人血,004_Tie_Siann_Tsap_Ngou_Im > （君）部上平聲,7
bun,汶,文君切,水名 又玷辱也,004_Tie_Siann_Tsap_Ngou_Im > （君）部上平聲,7
bun,呅,文君切,妥呅,004_Tie_Siann_Tsap_Ngou_Im > （君）部上平聲,7
bun,炆,文君切,煴也,004_Tie_Siann_Tsap_Ngou_Im > （君）部上平聲,7
bun,聞,文君切,聞詩聞禮,004_Tie_Siann_Tsap_Ngou_Im > （君）部上平聲,16
bun,斾,文君切,同上斾訛斾香斾言,004_Tie_Siann_Tsap_Ngou_Im > （君）部上平聲,16
but,吻,文君切,口吻如各,004_Tie_Siann_Tsap_Ngou_Im > （君）部上入聲,13
but,宾,文君切,土香也,004_Tie_Siann_Tsap_Ngou_Im > （君）部上入聲,13
but,仂,文君切,辈也断,004_Tie_Siann_Tsap_Ngou_Im > （君）部上入聲,13
but,鲇,文君切,鱼尾也,004_Tie_Siann_Tsap_Ngou_Im > （君）部上入聲,13
but,胎,文君切,合口也,004_Tie_Siann_Tsap_Ngou_Im > （君）部上入聲,13
buàng,除,文光切,地時文三字之外上下俱係空音,004_Tie_Siann_Tsap_Ngou_Im > （光）部上去聲,202
buân,全,文官切,部空音不錄,004_Tie_Siann_Tsap_Ngou_Im > （官）部下平聲,141
buân,麻,文官切,－孛靖而,004_Tie_Siann_Tsap_Ngou_Im > （官）部下平聲,142
buân,織,文官切,之曰布,004_Tie_Siann_Tsap_Ngou_Im > （官）部下平聲,142
buân,麻,文官切,類也,004_Tie_Siann_Tsap_Ngou_Im > （官）部下平聲,142
buân,麻,文官切,大麻曰－瘋,004_Tie_Siann_Tsap_Ngou_Im > （官）部下平聲,142
buân,膱,文官切,儒也駱詐,004_Tie_Siann_Tsap_Ngou_Im > （官）部下平聲,142
buân,鰱,文官切,魚無鱗長,004_Tie_Siann_Tsap_Ngou_Im > （官）部下平聲,142
buâng,名,文光切,名月名父名,004_Tie_Siann_Tsap_Ngou_Im > （光）部下平聲,208
buâng,人,文光切,名人,004_Tie_Siann_Tsap_Ngou_Im > （光）部下平聲,208
buâng,同,文光切,上稚,004_Tie_Siann_Tsap_Ngou_Im > （光）部下平聲,208
buâng,水,文光切,大也大達也,004_Tie_Siann_Tsap_Ngou_Im > （光）部下平聲,208
buâng,草,文光切,草半難除,004_Tie_Siann_Tsap_Ngou_Im > （光）部下平聲,208
buâng,帷,文光切,也疇也,004_Tie_Siann_Tsap_Ngou_Im > （光）部下平聲,208
buâng,操,文光切,也頭莖,004_Tie_Siann_Tsap_Ngou_Im > （光）部下平聲,208
buâng,情,文光切,也,004_Tie_Siann_Tsap_Ngou_Im > （光）部下平聲,208
bu̍t,沒,文君切,無餘曰沒,004_Tie_Siann_Tsap_Ngou_Im > （君）部下入聲,20
bu̍t,況,文君切,況存況殁也況者死,004_Tie_Siann_Tsap_Ngou_Im > （君）部下入聲,20
bu̍t,疫,文君切,疾也疫時,004_Tie_Siann_Tsap_Ngou_Im > （君）部下入聲,20
bu̍t,勿,文君切,禁止之辭也,004_Tie_Siann_Tsap_Ngou_Im > （君）部下入聲,20
bu̍t,又,文君切,非也慝也,004_Tie_Siann_Tsap_Ngou_Im > （君）部下入聲,20
bu̍t,淡,文君切,治淡,004_Tie_Siann_Tsap_Ngou_Im > （君）部下入聲,20
bài,語,文皆切,碍政治不行曰望,004_Tie_Siann_Tsap_Ngou_Im > （皆）部上去聲,149
bài,防,文皆切,防摒防冲防,004_Tie_Siann_Tsap_Ngou_Im > （皆）部上去聲,149
bài,礙,文皆切,同上不行,004_Tie_Siann_Tsap_Ngou_Im > （皆）部上去聲,149
bâi,眉,文皆切,畫眉柳眉,004_Tie_Siann_Tsap_Ngou_Im > （皆）部下平聲,150
bâi,目,文皆切,目,004_Tie_Siann_Tsap_Ngou_Im > （皆）部下平聲,150
bâi,楣,文皆切,門上橫槱,004_Tie_Siann_Tsap_Ngou_Im > （皆）部下平聲,150
bâi,裝,文皆切,裝山,004_Tie_Siann_Tsap_Ngou_Im > （皆）部下平聲,150
bâi,嵋,文皆切,山名峨眉,004_Tie_Siann_Tsap_Ngou_Im > （皆）部下平聲,150
bâi,理,文皆切,玉理菱理,004_Tie_Siann_Tsap_Ngou_Im > （皆）部下平聲,150
bâi,埵,文皆切,香,004_Tie_Siann_Tsap_Ngou_Im > （皆）部下平聲,150
bâi,又,文皆切,遨行也又老也,004_Tie_Siann_Tsap_Ngou_Im > （皆）部下平聲,152
bâi,又,文皆切,過也卓也,004_Tie_Siann_Tsap_Ngou_Im > （皆）部下平聲,152
bâi,正,文皆切,音,004_Tie_Siann_Tsap_Ngou_Im > （皆）部下平聲,152
bâng,芒,文江切,草葉有鋒也劍芒スー芒鞋,004_Tie_Siann_Tsap_Ngou_Im > （江）部下平聲,255
bâng,茫,文江切,廣茫茫水,004_Tie_Siann_Tsap_Ngou_Im > （江）部下平聲,255
bâng,忙,文江切,慌忙忙忙迫,004_Tie_Siann_Tsap_Ngou_Im > （江）部下平聲,255
bâng,閩,文江切,省也閩地稱建,004_Tie_Siann_Tsap_Ngou_Im > （江）部下平聲,255
bâng,蠻,文江切,蠻南蠻荊,004_Tie_Siann_Tsap_Ngou_Im > （江）部下平聲,255
bâng,言,文江切,問而不答曰言,004_Tie_Siann_Tsap_Ngou_Im > （江）部下平聲,255
bâu,貌,文高切,像容也相貌面貌,004_Tie_Siann_Tsap_Ngou_Im > （高）部下平聲,39
bâu,冒,文高切,寢　懲冒,004_Tie_Siann_Tsap_Ngou_Im > （高）部下平聲,39
bâu,瑁,文高切,玳瑁之亮也,004_Tie_Siann_Tsap_Ngou_Im > （高）部下平聲,39
bâu,媚,文高切,也　妒嫉,004_Tie_Siann_Tsap_Ngou_Im > （高）部下平聲,39
bâu,叱,文高切,矸什,004_Tie_Siann_Tsap_Ngou_Im > （高）部下平聲,41
bãng,綱,文江切,結綱魚綱蛛綱,004_Tie_Siann_Tsap_Ngou_Im > （江）部下上聲,256
bãng,羅,文江切,羅苦也,004_Tie_Siann_Tsap_Ngou_Im > （江）部下上聲,256
bãng,耳,文江切,耳眼耳頭耳,004_Tie_Siann_Tsap_Ngou_Im > （江）部下上聲,260
bãng,為,文江切,窟然之窟,004_Tie_Siann_Tsap_Ngou_Im > （江）部下上聲,260
bãng,京,文江切,京儀京淡京,004_Tie_Siann_Tsap_Ngou_Im > （江）部下上聲,260
bãng,華,文江切,華松使者也,004_Tie_Siann_Tsap_Ngou_Im > （江）部下上聲,260
bè,罵,文家切,以言責人也罵曰誓罵相罵 俗語加人亦曰罵忿語加,004_Tie_Siann_Tsap_Ngou_Im > （家）部上去聲,23
bè,以,文佳切,上,004_Tie_Siann_Tsap_Ngou_Im > （佳）部上去聲,324
bè,同,文佳切,野,004_Tie_Siann_Tsap_Ngou_Im > （佳）部上去聲,324
bèⁿ,罵,文庚切,惡言加人曰罵詈罵,004_Tie_Siann_Tsap_Ngou_Im > （庚）部上去聲,225
bèⁿ,相,文庚切,相又以言書人也,004_Tie_Siann_Tsap_Ngou_Im > （庚）部上去聲,225
bê,夜,文家切,日入則為夜,004_Tie_Siann_Tsap_Ngou_Im > （家）部下平聲,26
bêng,文,文弓切,文先,004_Tie_Siann_Tsap_Ngou_Im > （弓）部下平聲,300
bêng,月,文弓切,月心月,004_Tie_Siann_Tsap_Ngou_Im > （弓）部下平聲,300
bêng,鳥,文弓切,鳥難,004_Tie_Siann_Tsap_Ngou_Im > （弓）部下平聲,300
bêng,為,文弓切,為虫為,004_Tie_Siann_Tsap_Ngou_Im > （弓）部下平聲,300
bêng,楊,文弓切,功徳曰楊心楊刻稱,004_Tie_Siann_Tsap_Ngou_Im > （弓）部下平聲,300
bêng,目,文弓切,目心不目又,004_Tie_Siann_Tsap_Ngou_Im > （弓）部下平聲,300
bêng,最,文弓切,不見物曰最,004_Tie_Siann_Tsap_Ngou_Im > （弓）部下平聲,300
bêng,香,文弓切,香,004_Tie_Siann_Tsap_Ngou_Im > （弓）部下平聲,300
bêng,出,文弓切,出,004_Tie_Siann_Tsap_Ngou_Im > （弓）部下平聲,300
bêng,草,文弓切,初生,004_Tie_Siann_Tsap_Ngou_Im > （弓）部下平聲,300
bêng,也,文弓切,也芽,004_Tie_Siann_Tsap_Ngou_Im > （弓）部下平聲,300
bêng,也,文弓切,睡也久也睡,004_Tie_Siann_Tsap_Ngou_Im > （弓）部下平聲,300
bêng,也,文弓切,蚌養蔦子,004_Tie_Siann_Tsap_Ngou_Im > （弓）部下平聲,300
bêng,瑞,文弓切,草也,004_Tie_Siann_Tsap_Ngou_Im > （弓）部下平聲,300
bêng,雨,文弓切,也雨小,004_Tie_Siann_Tsap_Ngou_Im > （弓）部下平聲,300
bêng,光,文弓切,也同明,004_Tie_Siann_Tsap_Ngou_Im > （弓）部下平聲,300
bêng,也,文弓切,屋棟,004_Tie_Siann_Tsap_Ngou_Im > （弓）部下平聲,300
bì,又,文基切,麫又洋又,004_Tie_Siann_Tsap_Ngou_Im > （基）部上去聲,102
bì,麫,文基切,司,004_Tie_Siann_Tsap_Ngou_Im > （基）部上去聲,102
bì,同,文基切,上又,004_Tie_Siann_Tsap_Ngou_Im > （基）部上去聲,102
bì,麪,文基切,稱仝,004_Tie_Siann_Tsap_Ngou_Im > （基）部上去聲,102
bì,口,文基切,之於口,004_Tie_Siann_Tsap_Ngou_Im > （基）部上去聲,102
bì,五,文基切,五百五五,004_Tie_Siann_Tsap_Ngou_Im > （基）部上去聲,102
bì,俗,文基切,以人在水裏曰俗,004_Tie_Siann_Tsap_Ngou_Im > （基）部上去聲,102
bì,正,文基切,字香囲,004_Tie_Siann_Tsap_Ngou_Im > （基）部上去聲,102
bìn,面,文⿴囗君切,后日口長生人之－又日－又人心之不同有如人之－,004_Tie_Siann_Tsap_Ngou_Im > （⿴囗君）部上去聲,164
bîm,民,文金切,庶民百姓,004_Tie_Siann_Tsap_Ngou_Im > （金）部下平聲,49
bîm,也,文金切,良也,004_Tie_Siann_Tsap_Ngou_Im > （金）部下平聲,49
bîm,眤,文金切,流民也,004_Tie_Siann_Tsap_Ngou_Im > （金）部下平聲,49
bîm,眠,文金切,會目也,004_Tie_Siann_Tsap_Ngou_Im > （金）部下平聲,49
bîn,詫,文⿴囗君切,誇也稱也,004_Tie_Siann_Tsap_Ngou_Im > （⿴囗君）部下平聲,167
bîn,娥,文⿴囗君切,女人有姓,004_Tie_Siann_Tsap_Ngou_Im > （⿴囗君）部下平聲,167
bîn,身,文⿴囗君切,姿型,004_Tie_Siann_Tsap_Ngou_Im > （⿴囗君）部下平聲,167
bîn,瘟,文⿴囗君切,頭中病,004_Tie_Siann_Tsap_Ngou_Im > （⿴囗君）部下平聲,167
bîn,病,文⿴囗君切,也,004_Tie_Siann_Tsap_Ngou_Im > （⿴囗君）部下平聲,167
bîn,疣,文⿴囗君切,同上,004_Tie_Siann_Tsap_Ngou_Im > （⿴囗君）部下平聲,167
bîn,窦,文⿴囗君切,深藏不露曰,004_Tie_Siann_Tsap_Ngou_Im > （⿴囗君）部下平聲,171
bîn,滅,文⿴囗君切,滅怠俟滅七 咸同上,004_Tie_Siann_Tsap_Ngou_Im > （⿴囗君）部下平聲,171
bîn,盗,文⿴囗君切,械富也 菱微无也其,004_Tie_Siann_Tsap_Ngou_Im > （⿴囗君）部下平聲,171
bòi,貴,文雞切,以物易錢,004_Tie_Siann_Tsap_Ngou_Im > （雞）部上去聲,57
bòng,盬,文公切,迫也蝦蠔,004_Tie_Siann_Tsap_Ngou_Im > （公）部上去聲,69
bòng,鎣,文公切,白金也,004_Tie_Siann_Tsap_Ngou_Im > （公）部上去聲,69
bòu,天,文姑切,干之陽土也,004_Tie_Siann_Tsap_Ngou_Im > （姑）部上去聲,80
bòu,中,文姑切,大戊己土,004_Tie_Siann_Tsap_Ngou_Im > （姑）部上去聲,80
bói,買,文雞切,買物以對易,004_Tie_Siann_Tsap_Ngou_Im > （雞）部上上聲,56
bói,物,文雞切,曰物貨,004_Tie_Siann_Tsap_Ngou_Im > （雞）部上上聲,56
bô,謨,文歌切,良－楷 －暴 毛 在芽曰－在苗曰製 模 也樣也式也範也 莫 黃帝妃 醜婦妃 漢 又沙－地名 蔓 也 蝦－濃 藝 同瓊琛也 島－陶－,004_Tie_Siann_Tsap_Ngou_Im > （歌）部下平聲,193
bô,無,文歌切,有－ 與无同 母 同无止,004_Tie_Siann_Tsap_Ngou_Im > （歌）部下平聲,193
bô,暮,文歌切,日入時也,004_Tie_Siann_Tsap_Ngou_Im > （歌）部下平聲,194
bô,墓,文歌切,坟古墓祖墓,004_Tie_Siann_Tsap_Ngou_Im > （歌）部下平聲,194
bô,塚,文歌切,也,004_Tie_Siann_Tsap_Ngou_Im > （歌）部下平聲,194
bô,慕,文歌切,忌慕擱慕仰慕,004_Tie_Siann_Tsap_Ngou_Im > （歌）部下平聲,194
bôi,能,文雞切,曰能不,004_Tie_Siann_Tsap_Ngou_Im > （雞）部下平聲,59
bông,饞,文公切,食監滿,004_Tie_Siann_Tsap_Ngou_Im > （公）部下平聲,71
bông,謀,文公切,知乃達謀,004_Tie_Siann_Tsap_Ngou_Im > （公）部下平聲,71
bông,能,文公切,料籌也,004_Tie_Siann_Tsap_Ngou_Im > （公）部下平聲,71
bông,鷺,文公切,鶴鷺水,004_Tie_Siann_Tsap_Ngou_Im > （公）部下平聲,71
bông,牟,文公切,大麥也又,004_Tie_Siann_Tsap_Ngou_Im > （公）部下平聲,71
bông,牛,文公切,鳴也取也,004_Tie_Siann_Tsap_Ngou_Im > （公）部下平聲,71
bông,偉,文公切,尊篤也,004_Tie_Siann_Tsap_Ngou_Im > （公）部下平聲,71
bông,不,文公切,相不,004_Tie_Siann_Tsap_Ngou_Im > （公）部下平聲,71
bông,眲,文公切,日中重子,004_Tie_Siann_Tsap_Ngou_Im > （公）部下平聲,71
bông,脾,文公切,脊也,004_Tie_Siann_Tsap_Ngou_Im > （公）部下平聲,71
bông,諑,文公切,言不明,004_Tie_Siann_Tsap_Ngou_Im > （公）部下平聲,71
bông,艅,文公切,船艅艫也,004_Tie_Siann_Tsap_Ngou_Im > （公）部下平聲,71
bông,辭,文公切,辭文夫,004_Tie_Siann_Tsap_Ngou_Im > （公）部下平聲,71
bông,數,文公切,多也,004_Tie_Siann_Tsap_Ngou_Im > （公）部下平聲,71
bõng,竹,文公切,竹,004_Tie_Siann_Tsap_Ngou_Im > （公）部下上聲,73
bõng,慈,文公切,全,004_Tie_Siann_Tsap_Ngou_Im > （公）部下上聲,73
bõng,慈,文公切,也,004_Tie_Siann_Tsap_Ngou_Im > （公）部下上聲,73
bõng,降,文公切,曰,004_Tie_Siann_Tsap_Ngou_Im > （公）部下上聲,73
bõng,天,文公切,氣下,004_Tie_Siann_Tsap_Ngou_Im > （公）部下上聲,73
bù,雲,文龜切,雲烟雲陽不分則雲,004_Tie_Siann_Tsap_Ngou_Im > （龜）部上去聲,312
bù,發,文龜切,發陰,004_Tie_Siann_Tsap_Ngou_Im > （龜）部上去聲,312
bù,臭,文龜切,豆臭,004_Tie_Siann_Tsap_Ngou_Im > （龜）部上去聲,312
bù,香,文龜切,香醬,004_Tie_Siann_Tsap_Ngou_Im > （龜）部上去聲,312
bù,尺,文龜切,此三字其餘空音不錄,004_Tie_Siann_Tsap_Ngou_Im > （龜）部上去聲,312
bùe,妹,文瓜切,兄妹女弟曰妹如妹又妹妹事甫曰未如木妹到妹有,004_Tie_Siann_Tsap_Ngou_Im > （瓜）部上去聲,341
bùe,喜,文瓜切,伴 出 覓,004_Tie_Siann_Tsap_Ngou_Im > （瓜）部上去聲,342
bùe,原,文瓜切,音伴侣之伴侣人之有原日有原故以原為原因其義也 如物之失落未見則原之今以覓為原用其義也,004_Tie_Siann_Tsap_Ngou_Im > （瓜）部上去聲,342
bùe,其,文瓜切,餘空不錄,004_Tie_Siann_Tsap_Ngou_Im > （瓜）部上去聲,342
bùe,原,文瓜切,音侯亦原物之原也以尋為原亦用其義也,004_Tie_Siann_Tsap_Ngou_Im > （瓜）部上去聲,342
bùe,其,文瓜切,餘空音不錄,004_Tie_Siann_Tsap_Ngou_Im > （瓜）部上去聲,342
bùn,悶,文君切,不樂曰煩悶,004_Tie_Siann_Tsap_Ngou_Im > （君）部上去聲,11
bùn,㥃,文君切,㥃然不覺貌,004_Tie_Siann_Tsap_Ngou_Im > （君）部上去聲,11
bû,巫,文龜切,以舞降神也,004_Tie_Siann_Tsap_Ngou_Im > （龜）部下平聲,314
bû,築,文龜切,－文老－,004_Tie_Siann_Tsap_Ngou_Im > （龜）部下平聲,314
bû,蕪,文龜切,草也斷－,004_Tie_Siann_Tsap_Ngou_Im > （龜）部下平聲,314
bû,廡,文龜切,環堂之屋也,004_Tie_Siann_Tsap_Ngou_Im > （龜）部下平聲,314
bû,兩,文龜切,－廊－,004_Tie_Siann_Tsap_Ngou_Im > （龜）部下平聲,314
bû,誣,文龜切,荒－事非,004_Tie_Siann_Tsap_Ngou_Im > （龜）部下平聲,314
bû,其,文龜切,實也,004_Tie_Siann_Tsap_Ngou_Im > （龜）部下平聲,314
bû,鴦,文龜切,鳥名,004_Tie_Siann_Tsap_Ngou_Im > （龜）部下平聲,314
bû,驌,文龜切,馬亂馳,004_Tie_Siann_Tsap_Ngou_Im > （龜）部下平聲,314
bûa,磨,文⿴囗瓜切,磨石磨刀如珠加磨又,004_Tie_Siann_Tsap_Ngou_Im > （⿴囗瓜）部下平聲,243
bûe,粥,文瓜切,稀飯曰粥庶人日,004_Tie_Siann_Tsap_Ngou_Im > （瓜）部下平聲,343
bûe,蔬,文瓜切,潮俗曰蔬,004_Tie_Siann_Tsap_Ngou_Im > （瓜）部下平聲,343
bûe,媒,文瓜切,為男女結婚者曰,004_Tie_Siann_Tsap_Ngou_Im > （瓜）部下平聲,343
bûe,梅,文瓜切,采名有紅梅黄梅,004_Tie_Siann_Tsap_Ngou_Im > （瓜）部下平聲,343
bûe,煤,文瓜切,煤碳煤炭竹山,004_Tie_Siann_Tsap_Ngou_Im > （瓜）部下平聲,343
bûe,之,文瓜切,所產之,004_Tie_Siann_Tsap_Ngou_Im > （瓜）部下平聲,343
bûe,眛,文瓜切,暗未明也眛覺也又暗眛,004_Tie_Siann_Tsap_Ngou_Im > （瓜）部下平聲,344
bûe,眛,文瓜切,目不明也,004_Tie_Siann_Tsap_Ngou_Im > （瓜）部下平聲,344
bûe,寐,文瓜切,目閉神疲也夢寐睡也,004_Tie_Siann_Tsap_Ngou_Im > （瓜）部下平聲,344
bûe,魅,文瓜切,山怪也能惑人又魍全,004_Tie_Siann_Tsap_Ngou_Im > （瓜）部下平聲,344
bûe,枚,文瓜切,之觀不盡,004_Tie_Siann_Tsap_Ngou_Im > （瓜）部下平聲,344
bûn,韻,文君切,香氣耘耕田泛水浸流絹網絕也坛用況以阻水也云與言字通也,004_Tie_Siann_Tsap_Ngou_Im > （君）部下平聲,15
bûn,文,文君切,文明文字文物文革文事也汶 水名紋布文字文波文篆昱 文天又秋天也文仁覆也权 拭也摩聞 聽耳之有文,004_Tie_Siann_Tsap_Ngou_Im > （君）部下平聲,15
bûn,玟,文君切,雲成章羣 猶開玫 玟瑰瑞 玉觸也捫 把持也秦 玟亂什也,004_Tie_Siann_Tsap_Ngou_Im > （君）部下平聲,15
bĩ,媚,文基切,取似於人曰媚論也謎隱語曰媚猜媚袂袖也把媚,004_Tie_Siann_Tsap_Ngou_Im > （基）部下上聲,109
bī,殘,文基切,反也絕,004_Tie_Siann_Tsap_Ngou_Im > （基）部下去聲,112
bī,嗫,文基切,唱病也,004_Tie_Siann_Tsap_Ngou_Im > （基）部下去聲,112
bī,諐,文基切,曰立殘為名,004_Tie_Siann_Tsap_Ngou_Im > （基）部下去聲,112
bōi,楛,文雞切,以米搗之如粉曰楛,004_Tie_Siann_Tsap_Ngou_Im > （雞）部下去聲,61
bū,曆,文龜切,民居瓦屋曰－草－瓦－塗－,004_Tie_Siann_Tsap_Ngou_Im > （龜）部下去聲,319
bū,處,文龜切,所在之地曰－何－遊－,004_Tie_Siann_Tsap_Ngou_Im > （龜）部下去聲,319
bū,趣,文龜切,志之所好者又妙有－,004_Tie_Siann_Tsap_Ngou_Im > （龜）部下去聲,319
bū,措,文龜切,－置－調－作－手,004_Tie_Siann_Tsap_Ngou_Im > （龜）部下去聲,319
bū,覯,文龜切,伺視也,004_Tie_Siann_Tsap_Ngou_Im > （龜）部下去聲,319
būa,末,文⿴囗瓜切,研－葯,004_Tie_Siann_Tsap_Ngou_Im > （⿴囗瓜）部下去聲,245
būe,化,文瓜切,造 教 解 物,004_Tie_Siann_Tsap_Ngou_Im > （瓜）部下去聲,346
būe,佇,文瓜切,同上,004_Tie_Siann_Tsap_Ngou_Im > （瓜）部下去聲,346
būe,悔,文瓜切,胎 后 自,004_Tie_Siann_Tsap_Ngou_Im > （瓜）部下去聲,346
būe,誨,文瓜切,費曰教,004_Tie_Siann_Tsap_Ngou_Im > （瓜）部下去聲,346
būe,賃,文瓜切,以之作賈賣者曰 商家買辦之帕曰,004_Tie_Siann_Tsap_Ngou_Im > （瓜）部下去聲,346
bṳ,於,文居切,語助辭,004_Tie_Siann_Tsap_Ngou_Im > （居）部上平聲,178
bṳ,於,文居切,同上,004_Tie_Siann_Tsap_Ngou_Im > （居）部上平聲,178
eh,也,英佳切,宿,004_Tie_Siann_Tsap_Ngou_Im > （佳）部上入聲,324
ek,測,英弓切,測星測繪…海測不測蟀測蟀測,004_Tie_Siann_Tsap_Ngou_Im > （弓）部上入聲,297
ek,惻,英弓切,心惻隱之,004_Tie_Siann_Tsap_Ngou_Im > （弓）部上入聲,297
ek,側,英弓切,傍側不正也,004_Tie_Siann_Tsap_Ngou_Im > （弓）部上入聲,297
ek,剛,英弓切,物斷之聲也,004_Tie_Siann_Tsap_Ngou_Im > （弓）部上入聲,297
ek,前,英弓切,山勞前大,004_Tie_Siann_Tsap_Ngou_Im > （弓）部上入聲,297
ek,栗,英弓切,末栗又谷囧,004_Tie_Siann_Tsap_Ngou_Im > （弓）部上入聲,297
ek,戚,英弓切,親戚戚戚又戚同,004_Tie_Siann_Tsap_Ngou_Im > （弓）部上入聲,297
ennh,始,英庚切,妻之兄,004_Tie_Siann_Tsap_Ngou_Im > （庚）部上入聲,226
ennh,曰,英庚切,曰妻,004_Tie_Siann_Tsap_Ngou_Im > （庚）部上入聲,226
ennh,持,英庚切,也揠也,004_Tie_Siann_Tsap_Ngou_Im > （庚）部上入聲,226
ennh,困,英庚切,也慝也,004_Tie_Siann_Tsap_Ngou_Im > （庚）部上入聲,226
ennh,隘,英庚切,隘,004_Tie_Siann_Tsap_Ngou_Im > （庚）部上入聲,226
ennh,同,英庚切,揀,004_Tie_Siann_Tsap_Ngou_Im > （庚）部上入聲,226
ennh,椌,英庚切,屋上橫採曰,004_Tie_Siann_Tsap_Ngou_Im > （庚）部上入聲,227
ennh,其,英庚切,餘空音者不錄,004_Tie_Siann_Tsap_Ngou_Im > （庚）部上入聲,227
ennh,盲,英庚切,目不能,004_Tie_Siann_Tsap_Ngou_Im > （庚）部上入聲,227
ennh,視,英庚切,也,004_Tie_Siann_Tsap_Ngou_Im > （庚）部上入聲,227
e̍h,易,英佳切,用易易卦,004_Tie_Siann_Tsap_Ngou_Im > （佳）部下入聲,329
e̍h,卜,英佳切,傳舍也,004_Tie_Siann_Tsap_Ngou_Im > （佳）部下入聲,329
e̍h,駟,英佳切,同上,004_Tie_Siann_Tsap_Ngou_Im > （佳）部下入聲,329
e̍k,奕,英弓切,奕善傳,004_Tie_Siann_Tsap_Ngou_Im > （弓）部下入聲,306
e̍k,億,英弓切,十萬為億又安億則集中億,004_Tie_Siann_Tsap_Ngou_Im > （弓）部下入聲,306
e̍k,浴,英弓切,洗浴塘,004_Tie_Siann_Tsap_Ngou_Im > （弓）部下入聲,306
e̍k,溢,英弓切,水滿則溢,004_Tie_Siann_Tsap_Ngou_Im > （弓）部下入聲,306
e̍k,嗌,英弓切,咽也又噎全氣不通,004_Tie_Siann_Tsap_Ngou_Im > （弓）部下入聲,306
e̍k,臆,英弓切,胸臆又說,004_Tie_Siann_Tsap_Ngou_Im > （弓）部下入聲,306
e̍k,濾,英弓切,水名,004_Tie_Siann_Tsap_Ngou_Im > （弓）部下入聲,306
e̍k,弋,英弓切,以繩繫矢而弋之弋為鳥矢名,004_Tie_Siann_Tsap_Ngou_Im > （弓）部下入聲,306
e̍k,液,英弓切,口中有精液太液扶扶液扶也,004_Tie_Siann_Tsap_Ngou_Im > （弓）部下入聲,306
e̍k,翼,英弓切,羽翼又星名翼又翼,004_Tie_Siann_Tsap_Ngou_Im > （弓）部下入聲,306
e̍k,翌,英弓切,同上,004_Tie_Siann_Tsap_Ngou_Im > （弓）部下入聲,306
e̍k,易,英弓切,移易貿易交易以物換物也,004_Tie_Siann_Tsap_Ngou_Im > （弓）部下入聲,306
e̍k,譯,英弓切,通譯四夷之言也譯舌,004_Tie_Siann_Tsap_Ngou_Im > （弓）部下入聲,306
e̍k,腋,英弓切,脅下曰腋又集腋成衣,004_Tie_Siann_Tsap_Ngou_Im > （弓）部下入聲,306
e̍k,墿,英弓切,軌道,004_Tie_Siann_Tsap_Ngou_Im > （弓）部下入聲,306
e̍k,弄,英弓切,同英博弄圍棋受弄,004_Tie_Siann_Tsap_Ngou_Im > （弓）部下入聲,306
e̍k,囤,英弓切,回行也,004_Tie_Siann_Tsap_Ngou_Im > （弓）部下入聲,306
e̍k,斁,英弓切,明也解也厭也終也,004_Tie_Siann_Tsap_Ngou_Im > （弓）部下入聲,306
e̍k,翊,英弓切,飛鳧又翊飛也,004_Tie_Siann_Tsap_Ngou_Im > （弓）部下入聲,306
e̍k,蟬,英弓切,路蟬不能人長也然也,004_Tie_Siann_Tsap_Ngou_Im > （弓）部下入聲,306
e̍k,懌,英弓切,悦也,004_Tie_Siann_Tsap_Ngou_Im > （弓）部下入聲,306
e̍k,默,英弓切,不言曰默晴也默燕默識默機吉也,004_Tie_Siann_Tsap_Ngou_Im > （弓）部下入聲,306
e̍k,見,英弓切,異見又索見嘿黲見與陌全,004_Tie_Siann_Tsap_Ngou_Im > （弓）部下入聲,306
e̍k,陌,英弓切,田逕阡陌東西曰陌,004_Tie_Siann_Tsap_Ngou_Im > （弓）部下入聲,306
e̍k,鶩,英弓切,越也忽,004_Tie_Siann_Tsap_Ngou_Im > （弓）部下入聲,306
e̍k,貊,英弓切,人獸貊夷,004_Tie_Siann_Tsap_Ngou_Im > （弓）部下入聲,306
e̍k,鋌,英弓切,寶也,004_Tie_Siann_Tsap_Ngou_Im > （弓）部下入聲,306
e̍k,逆,英弓切,不順曰逆又近也,004_Tie_Siann_Tsap_Ngou_Im > （弓）部下入聲,306
e̍k,玉,英弓切,石之美者曰玉寶玉良玉,004_Tie_Siann_Tsap_Ngou_Im > （弓）部下入聲,306
e̍k,獄,英弓切,囚禁罪人之處曰獄牢獄又斷獄,004_Tie_Siann_Tsap_Ngou_Im > （弓）部下入聲,306
e̍k,喜,英弓切,俗謂努力太過曰喜,004_Tie_Siann_Tsap_Ngou_Im > （弓）部下入聲,306
e̍k,敕,英弓切,俗稱嗔敕曰敕同其義也,004_Tie_Siann_Tsap_Ngou_Im > （弓）部下入聲,306
ga,俗,語膠切,以口義呀,004_Tie_Siann_Tsap_Ngou_Im > （膠）部上平聲,262
ga,小,語膠切,兒曰ー,004_Tie_Siann_Tsap_Ngou_Im > （膠）部上平聲,262
gau,欣,語鈎切,歡欣欣幸喜欣欣欣,004_Tie_Siann_Tsap_Ngou_Im > （鈎）部上平聲,173
gau,俳,語鈎切,同上喜,004_Tie_Siann_Tsap_Ngou_Im > （鈎）部上平聲,173
gau,掀,語鈎切,掀掀以平喜舉日掀掀天福地,004_Tie_Siann_Tsap_Ngou_Im > （鈎）部上平聲,173
gau,忻,語鈎切,同欣忻忻喜視,004_Tie_Siann_Tsap_Ngou_Im > （鈎）部上平聲,173
gau,炘,語鈎切,光熱也,004_Tie_Siann_Tsap_Ngou_Im > （鈎）部上平聲,173
gau,勳,語鈎切,功勳勳有功於王室曰勳勳,004_Tie_Siann_Tsap_Ngou_Im > （鈎）部上平聲,173
gau,曦,語鈎切,夕曦曦日入,004_Tie_Siann_Tsap_Ngou_Im > （鈎）部上平聲,173
gauh,冗,語鈎切,高也平也,004_Tie_Siann_Tsap_Ngou_Im > （鈎）部上入聲,175
gauh,不,語鈎切,動也,004_Tie_Siann_Tsap_Ngou_Im > （鈎）部上入聲,175
gauh,仇,語鈎切,牌－不,004_Tie_Siann_Tsap_Ngou_Im > （鈎）部上入聲,175
gauh,安,語鈎切,也,004_Tie_Siann_Tsap_Ngou_Im > （鈎）部上入聲,175
gauh,杭,語鈎切,木無葉,004_Tie_Siann_Tsap_Ngou_Im > （鈎）部上入聲,175
gauh,抗,語鈎切,動搖也,004_Tie_Siann_Tsap_Ngou_Im > （鈎）部上入聲,175
gauh,矸,語鈎切,碎－石及,004_Tie_Siann_Tsap_Ngou_Im > （鈎）部上入聲,175
gauh,不,語鈎切,稳也,004_Tie_Siann_Tsap_Ngou_Im > （鈎）部上入聲,175
gauh,吃,語鈎切,不利於言曰,004_Tie_Siann_Tsap_Ngou_Im > （鈎）部上入聲,175
gauh,伉,語鈎切,壯勇也又,004_Tie_Siann_Tsap_Ngou_Im > （鈎）部上入聲,175
gauh,動,語鈎切,舟貌,004_Tie_Siann_Tsap_Ngou_Im > （鈎）部上入聲,175
gauh,統,語鈎切,絲下也又人,004_Tie_Siann_Tsap_Ngou_Im > （鈎）部上入聲,175
gauh,名,語鈎切,孔子父也,004_Tie_Siann_Tsap_Ngou_Im > （鈎）部上入聲,175
gauh,託,語鈎切,完也清楚也,004_Tie_Siann_Tsap_Ngou_Im > （鈎）部上入聲,175
gauh,完,語鈎切,－兩－,004_Tie_Siann_Tsap_Ngou_Im > （鈎）部上入聲,175
gauh,硓,語鈎切,水澗也,004_Tie_Siann_Tsap_Ngou_Im > （鈎）部上入聲,175
gauh,迄,語鈎切,至也－今,004_Tie_Siann_Tsap_Ngou_Im > （鈎）部上入聲,175
gauh,又,語鈎切,竟也,004_Tie_Siann_Tsap_Ngou_Im > （鈎）部上入聲,175
gau̍h,樂,語高切,禮之也又山之也又山岳堆塢曰岸,004_Tie_Siann_Tsap_Ngou_Im > （高）部下入聲,42
gek,橫,語弓切,橫梠雨,004_Tie_Siann_Tsap_Ngou_Im > （弓）部上入聲,297
gek,鳥,語弓切,履也鳳鳥秀鳥,004_Tie_Siann_Tsap_Ngou_Im > （弓）部上入聲,297
gian,研,語堅切,礁也窮,004_Tie_Siann_Tsap_Ngou_Im > （堅）部上平聲,116
gian,妍,語堅切,嫋範也,004_Tie_Siann_Tsap_Ngou_Im > （堅）部上平聲,116
gian,泝,語堅切,泉病,004_Tie_Siann_Tsap_Ngou_Im > （堅）部上平聲,116
gia̍p,業,語兼切,事業物業基業庄,004_Tie_Siann_Tsap_Ngou_Im > （兼）部下入聲,95
gia̍p,鄧,語兼切,地名又姓又高架曰鄧架,004_Tie_Siann_Tsap_Ngou_Im > （兼）部下入聲,95
gia̍p,叶,語兼切,和叶調叶奇萌叶基叶,004_Tie_Siann_Tsap_Ngou_Im > （兼）部下入聲,95
gia̍p,恊,語兼切,恊力恊功又協同,004_Tie_Siann_Tsap_Ngou_Im > （兼）部下入聲,95
gia̍p,脅,語兼切,天膀同兩脅股也,004_Tie_Siann_Tsap_Ngou_Im > （兼）部下入聲,95
gia̍p,俠,語兼切,俠界劃俠老俠,004_Tie_Siann_Tsap_Ngou_Im > （兼）部下入聲,95
gia̍p,抉,語兼切,抉員抉太山,004_Tie_Siann_Tsap_Ngou_Im > （兼）部下入聲,95
gia̍p,暢,語兼切,也束帶,004_Tie_Siann_Tsap_Ngou_Im > （兼）部下入聲,95
gia̍p,陝,語兼切,不廣也,004_Tie_Siann_Tsap_Ngou_Im > （兼）部下入聲,95
gia̍t,藜,語堅切,照出之,004_Tie_Siann_Tsap_Ngou_Im > （堅）部下入聲,131
gia̍t,子,語堅切,曰子罪子,004_Tie_Siann_Tsap_Ngou_Im > （堅）部下入聲,131
gia̍t,藜,語堅切,萌藜,004_Tie_Siann_Tsap_Ngou_Im > （堅）部下入聲,131
gia̍t,藥,語堅切,母酒之,004_Tie_Siann_Tsap_Ngou_Im > （堅）部下入聲,131
gia̍t,藜,語堅切,妖藜,004_Tie_Siann_Tsap_Ngou_Im > （堅）部下入聲,131
gia̍t,閥,語堅切,同某門,004_Tie_Siann_Tsap_Ngou_Im > （堅）部下入聲,131
gia̍t,中,語堅切,被也,004_Tie_Siann_Tsap_Ngou_Im > （堅）部下入聲,131
gia̍t,鯊,語堅切,鯊展不,004_Tie_Siann_Tsap_Ngou_Im > （堅）部下入聲,131
gia̍t,安,語堅切,也,004_Tie_Siann_Tsap_Ngou_Im > （堅）部下入聲,131
gia̍t,鵝,語堅切,水鳥也,004_Tie_Siann_Tsap_Ngou_Im > （堅）部下入聲,131
giaⁿ,雅,語京切,物生有美者曰雅,004_Tie_Siann_Tsap_Ngou_Im > （京）部上平聲,134
giaⁿ,日,語京切,日畫日人日魚,004_Tie_Siann_Tsap_Ngou_Im > （京）部上平聲,134
gim,霔,語金切,小雨同濛,004_Tie_Siann_Tsap_Ngou_Im > （金）部上平聲,43
gim,勢,語金切,疲日也,004_Tie_Siann_Tsap_Ngou_Im > （金）部上平聲,43
giou,猫,語嬌切,家豹也能捕鼠同上,004_Tie_Siann_Tsap_Ngou_Im > （嬌）部上平聲,271
gip,絙,語金切,絙搆也絡續 糅 舟絙也行 倴 人衆貌 戰 藏也止 集 人聚也 諳 絡也和 撣 草名絙蔴貌,004_Tie_Siann_Tsap_Ngou_Im > （金）部上入聲,47
giàn,薀,語堅切,薀噓,004_Tie_Siann_Tsap_Ngou_Im > （堅）部上去聲,123
giám,識,語兼切,識然又病人自,004_Tie_Siann_Tsap_Ngou_Im > （兼）部上上聲,88
giám,儼,語兼切,莊嚴之貌,004_Tie_Siann_Tsap_Ngou_Im > （兼）部上上聲,88
giám,獵,語兼切,獵狐豺狩,004_Tie_Siann_Tsap_Ngou_Im > （兼）部上上聲,88
giám,別,語兼切,貌,004_Tie_Siann_Tsap_Ngou_Im > （兼）部上上聲,88
giám,驗,語兼切,證驗戰驗敕驗鹹滌衣水物也又,004_Tie_Siann_Tsap_Ngou_Im > （兼）部上上聲,88
giâm,嚴,語兼切,威室曰,004_Tie_Siann_Tsap_Ngou_Im > （兼）部下平聲,92
giâm,父,語兼切,君曰,004_Tie_Siann_Tsap_Ngou_Im > （兼）部下平聲,92
giâm,嚴,語兼切,同上又,004_Tie_Siann_Tsap_Ngou_Im > （兼）部下平聲,92
giâm,嫩,語兼切,端也静也莊,004_Tie_Siann_Tsap_Ngou_Im > （兼）部下平聲,92
giân,跗,語堅切,平也,004_Tie_Siann_Tsap_Ngou_Im > （堅）部下平聲,125
giân,礎,語堅切,磨也,004_Tie_Siann_Tsap_Ngou_Im > （堅）部下平聲,125
giãⁿ,出,語京切,凡事物作之而未基善有出而為之裁制有出,004_Tie_Siann_Tsap_Ngou_Im > （京）部下上聲,136
giãⁿ,地,語京切,鋌 凡銀之成件曰地 金地銀地錢地,004_Tie_Siann_Tsap_Ngou_Im > （京）部下上聲,136
giòu,堯,語嬌切,厝富口堯善行德系也,004_Tie_Siann_Tsap_Ngou_Im > （嬌）部上去聲,276
giòu,嗷,語嬌切,嗷唱嗷山高也,004_Tie_Siann_Tsap_Ngou_Im > （嬌）部上去聲,276
giòu,土,語嬌切,吐 土高也,004_Tie_Siann_Tsap_Ngou_Im > （嬌）部上去聲,276
giòu,葬,語嬌切,莽葬葬草也,004_Tie_Siann_Tsap_Ngou_Im > （嬌）部上去聲,276
giòu,穗,語嬌切,刈衣也,004_Tie_Siann_Tsap_Ngou_Im > （嬌）部上去聲,276
giû,牛,語鳩切,正音,004_Tie_Siann_Tsap_Ngou_Im > （鳩）部下平聲,236
giān,瘧,語堅切,疾之有信者多瘧潮俗謂之瘧鴉片瘧,004_Tie_Siann_Tsap_Ngou_Im > （堅）部下去聲,129
go,正,語歌切,音曰正,004_Tie_Siann_Tsap_Ngou_Im > （歌）部上平聲,189
goh,吳,語姑切,大言也又姓,004_Tie_Siann_Tsap_Ngou_Im > （姑）部上入聲,81
goh,東,語姑切,地名,004_Tie_Siann_Tsap_Ngou_Im > （姑）部上入聲,81
goh,吳,語姑切,同上,004_Tie_Siann_Tsap_Ngou_Im > （姑）部上入聲,81
goh,蜈,語姑切,足出也,004_Tie_Siann_Tsap_Ngou_Im > （姑）部上入聲,81
goh,餓,語歌切,不得食曰餓飢餓服飢也,004_Tie_Siann_Tsap_Ngou_Im > （歌）部上入聲,190
gong,出,語公切,充 出滿出實出足出本 冲 水深動也又出跋 衝 路之四達者曰出 聰 聽思出又明出 惷 又憂也又憂出怛也 衷 內衣折出入 恍 心動也,004_Tie_Siann_Tsap_Ngou_Im > （公）部上平聲,64
gong,懞,語公切,意不定 玩 珥玉也 騙 馬青白懞 獅 上飛也 瓊 玉珮也 瓊 石似玉 駿 馬冠也 總 繼也,004_Tie_Siann_Tsap_Ngou_Im > （公）部上平聲,64
gong,應,語公切,會也 屋陪中 發 飛馬欲 蔓 木柵又木之小者 璁 玉珮也,004_Tie_Siann_Tsap_Ngou_Im > （公）部上平聲,64
gong,髮,語公切,也 髮亂,004_Tie_Siann_Tsap_Ngou_Im > （公）部上平聲,64
gong,豐,語公切,光盛曰豐又卦名 豐 年豐倫同上又豐 封 分諸侯以土吉豐驩 丰 彩也豐滿 伴 仙人名 峯 山豐高豐又峯全 佩 地名也,004_Tie_Siann_Tsap_Ngou_Im > （公）部上平聲,64
gong,豐,語公切,也無青苗 澧 水名也 酆 鎬豐都豐地名 鋒 豐昔曰先 蜂 豐火又馳 峰 容好也 珙 大竅也,004_Tie_Siann_Tsap_Ngou_Im > （公）部上平聲,64
gong,封,語公切,蓬青,004_Tie_Siann_Tsap_Ngou_Im > （公）部上平聲,65
gong,韓,語公切,車萍,004_Tie_Siann_Tsap_Ngou_Im > （公）部上平聲,65
gong,靈,語公切,卽雷,004_Tie_Siann_Tsap_Ngou_Im > （公）部上平聲,65
gong,妹,語公切,好也容貌,004_Tie_Siann_Tsap_Ngou_Im > （公）部上平聲,65
gong,對,語公切,魚化龍虎山名也,004_Tie_Siann_Tsap_Ngou_Im > （公）部上平聲,65
gong,犇,語公切,野牛也,004_Tie_Siann_Tsap_Ngou_Im > （公）部上平聲,65
gong,淙,語公切,深泥也,004_Tie_Siann_Tsap_Ngou_Im > （公）部上平聲,65
gong,對,語公切,竹名,004_Tie_Siann_Tsap_Ngou_Im > （公）部上平聲,65
gu,劐,語龜切,草也－乳至－東－又劐全,004_Tie_Siann_Tsap_Ngou_Im > （龜）部上平聲,309
gu,敢,語龜切,草表生也－前－麻雖又－全,004_Tie_Siann_Tsap_Ngou_Im > （龜）部上平聲,309
gu,雞,語龜切,鵝－鳧－又－全,004_Tie_Siann_Tsap_Ngou_Im > （龜）部上平聲,309
gu,嘩,語龜切,呵叱人,004_Tie_Siann_Tsap_Ngou_Im > （龜）部上平聲,309
guang,欄,語光切,木曲也,004_Tie_Siann_Tsap_Ngou_Im > （光）部上平聲,199
guang,寬,語光切,貧屈不伸也寬鳴寬伸寬,004_Tie_Siann_Tsap_Ngou_Im > （光）部上平聲,199
guang,羆,語光切,諸侯死,004_Tie_Siann_Tsap_Ngou_Im > （光）部上平聲,199
guang,鵷,語光切,鵷為烏也,004_Tie_Siann_Tsap_Ngou_Im > （光）部上平聲,199
gue̍h,月,語瓜切,太陰日月日月又每年十二月,004_Tie_Siann_Tsap_Ngou_Im > （瓜）部下入聲,347
guih,魏,語歸切,魏我山高峻也又大也蔥 高峻也山倪 依也累崦 高也慌 變也悔也吴危 事之已甚曰魏急也激 魏魏小,004_Tie_Siann_Tsap_Ngou_Im > （歸）部上入聲,219
guih,儑,語歸切,凡物之假有日儑,004_Tie_Siann_Tsap_Ngou_Im > （歸）部上入聲,221
guih,坭,語歸切,毀也,004_Tie_Siann_Tsap_Ngou_Im > （歸）部上入聲,221
gun,㹕,語君切,劣也,004_Tie_Siann_Tsap_Ngou_Im > （君）部上平聲,7
gun,皸,語君切,足坼也,004_Tie_Siann_Tsap_Ngou_Im > （君）部上平聲,7
guâng,茶,語光切,葉之皆茶科名皆曰茶今自曰茶,004_Tie_Siann_Tsap_Ngou_Im > （光）部下平聲,206
guâng,原,語光切,平之地所曰原物之頭曰原探原,004_Tie_Siann_Tsap_Ngou_Im > （光）部下平聲,206
guâng,名,語光切,名江水,004_Tie_Siann_Tsap_Ngou_Im > （光）部下平聲,206
guâng,類,語光切,類魚類,004_Tie_Siann_Tsap_Ngou_Im > （光）部下平聲,206
guâng,園,語光切,也,004_Tie_Siann_Tsap_Ngou_Im > （光）部下平聲,206
guâng,娛,語光切,美娛部,004_Tie_Siann_Tsap_Ngou_Im > （光）部下平聲,206
guâng,龍,語光切,類也龜之類也龜全龍頑愿也乃也龍圓,004_Tie_Siann_Tsap_Ngou_Im > （光）部下平聲,206
guâng,心,語光切,之所服,004_Tie_Siann_Tsap_Ngou_Im > （光）部下平聲,208
guâng,四,語光切,四情四,004_Tie_Siann_Tsap_Ngou_Im > （光）部下平聲,208
guâng,同,語光切,上甘同自同,004_Tie_Siann_Tsap_Ngou_Im > （光）部下平聲,208
guâng,俗,語光切,善悟者也,004_Tie_Siann_Tsap_Ngou_Im > （光）部下平聲,208
guâng,善,語光切,悟凡事之,004_Tie_Siann_Tsap_Ngou_Im > （光）部下平聲,208
guān,説,語官切,文曰－,004_Tie_Siann_Tsap_Ngou_Im > （官）部下去聲,143
gu̍t,卧,語君切,俗謂雌曰卧,004_Tie_Siann_Tsap_Ngou_Im > （君）部下入聲,20
gu̍t,用,語君切,其義也,004_Tie_Siann_Tsap_Ngou_Im > （君）部下入聲,20
gàm,押,語甘切,戲－押侮,004_Tie_Siann_Tsap_Ngou_Im > （甘）部上去聲,334
gàm,岩,語甘切,峻它也,004_Tie_Siann_Tsap_Ngou_Im > （甘）部上去聲,335
gàm,嚴,語甘切,同上蓋乃也養嚴,004_Tie_Siann_Tsap_Ngou_Im > （甘）部上去聲,335
gàm,饞,語甘切,不廉也,004_Tie_Siann_Tsap_Ngou_Im > （甘）部上去聲,335
gàm,噃,語甘切,食也,004_Tie_Siann_Tsap_Ngou_Im > （甘）部上去聲,335
gàm,峨,語甘切,山名名曰峨若,004_Tie_Siann_Tsap_Ngou_Im > （甘）部上去聲,335
gàm,鑣,語甘切,鑣氣,004_Tie_Siann_Tsap_Ngou_Im > （甘）部上去聲,335
gàm,礁,語甘切,礁石之形色不美也,004_Tie_Siann_Tsap_Ngou_Im > （甘）部上去聲,335
gâi,涯,語皆切,水邊曰涯,004_Tie_Siann_Tsap_Ngou_Im > （皆）部下平聲,150
gâi,水,語皆切,水絲水,004_Tie_Siann_Tsap_Ngou_Im > （皆）部下平聲,150
gâi,崖,語皆切,珠曰珠崖,004_Tie_Siann_Tsap_Ngou_Im > （皆）部下平聲,150
gâi,又,語皆切,邊也不祀,004_Tie_Siann_Tsap_Ngou_Im > （皆）部下平聲,150
gâi,高,語皆切,遠也髟海,004_Tie_Siann_Tsap_Ngou_Im > （皆）部下平聲,150
gâi,中,語皆切,有崖,004_Tie_Siann_Tsap_Ngou_Im > （皆）部下平聲,150
gâi,睚,語皆切,眥睚此竹,004_Tie_Siann_Tsap_Ngou_Im > （皆）部下平聲,150
gâi,灸,語皆切,草可灸病,004_Tie_Siann_Tsap_Ngou_Im > （皆）部下平聲,152
gâi,名,語皆切,狴名獄,004_Tie_Siann_Tsap_Ngou_Im > （皆）部下平聲,152
gâi,也,語皆切,野獸,004_Tie_Siann_Tsap_Ngou_Im > （皆）部下平聲,152
gâng,言,語江切,事發于口言語巧言,004_Tie_Siann_Tsap_Ngou_Im > （江）部下平聲,255
gâng,顏,語江切,姓也,004_Tie_Siann_Tsap_Ngou_Im > （江）部下平聲,255
gâu,傲,語高切,驕専傲　遊賞傲,004_Tie_Siann_Tsap_Ngou_Im > （高）部下平聲,39
gâu,傲,語高切,情懷傲同上性,004_Tie_Siann_Tsap_Ngou_Im > （高）部下平聲,39
gâu,界,語高切,盈舟　人名界,004_Tie_Siann_Tsap_Ngou_Im > （高）部下平聲,39
gâu,誰,語高切,謹也誰　笑,004_Tie_Siann_Tsap_Ngou_Im > （高）部下平聲,39
gâu,樂,語高切,志好也心之所好也,004_Tie_Siann_Tsap_Ngou_Im > （高）部下平聲,39
gâu,金,語鈎切,金白金錢,004_Tie_Siann_Tsap_Ngou_Im > （鈎）部下平聲,176
gâu,又,語鈎切,白金曰又,004_Tie_Siann_Tsap_Ngou_Im > （鈎）部下平聲,176
gâu,縣,語鈎切,名也又,004_Tie_Siann_Tsap_Ngou_Im > （鈎）部下平聲,176
gâu,也,語鈎切,界也際也岸也,004_Tie_Siann_Tsap_Ngou_Im > （鈎）部下平聲,176
gâu,如,語鈎切,也,004_Tie_Siann_Tsap_Ngou_Im > （鈎）部下平聲,176
gâu,也,語鈎切,犬爭,004_Tie_Siann_Tsap_Ngou_Im > （鈎）部下平聲,176
gâu,淳,語鈎切,覲淳辨,004_Tie_Siann_Tsap_Ngou_Im > （鈎）部下平聲,176
gâu,品,語鈎切,也不忠信,004_Tie_Siann_Tsap_Ngou_Im > （鈎）部下平聲,176
gãng,彥,語江切,美吉,004_Tie_Siann_Tsap_Ngou_Im > （江）部下上聲,256
gãng,侈,語江切,偲擬之,004_Tie_Siann_Tsap_Ngou_Im > （江）部下上聲,256
gãng,物,語江切,也,004_Tie_Siann_Tsap_Ngou_Im > （江）部下上聲,256
gãng,謗,語江切,又俗語曰謗,004_Tie_Siann_Tsap_Ngou_Im > （江）部下上聲,256
gãng,情,語江切,全,004_Tie_Siann_Tsap_Ngou_Im > （江）部下上聲,256
gãng,雁,語江切,鴻雁雁行雁,004_Tie_Siann_Tsap_Ngou_Im > （江）部下上聲,256
gãng,鵰,語江切,北囧上,004_Tie_Siann_Tsap_Ngou_Im > （江）部下上聲,256
gãng,唁,語江切,唁吊生曰,004_Tie_Siann_Tsap_Ngou_Im > （江）部下上聲,256
gãng,禱,語江切,曰吊禱夫囧,004_Tie_Siann_Tsap_Ngou_Im > （江）部下上聲,256
gãng,料,語江切,牛性也,004_Tie_Siann_Tsap_Ngou_Im > （江）部下上聲,257
gãng,山,語江切,山五山又山母,004_Tie_Siann_Tsap_Ngou_Im > （江）部下上聲,260
gãng,又,語江切,錯又鷺,004_Tie_Siann_Tsap_Ngou_Im > （江）部下上聲,260
gãng,偌,語江切,多也,004_Tie_Siann_Tsap_Ngou_Im > （江）部下上聲,260
gãng,花,語江切,花,004_Tie_Siann_Tsap_Ngou_Im > （江）部下上聲,260
gãng,土,語江切,溫蝦,004_Tie_Siann_Tsap_Ngou_Im > （江）部下上聲,260
gãng,姓,語江切,州名又,004_Tie_Siann_Tsap_Ngou_Im > （江）部下上聲,260
gãng,靛,語江切,靛青,004_Tie_Siann_Tsap_Ngou_Im > （江）部下上聲,260
gê,牙,語家切,牙萬牙象,004_Tie_Siann_Tsap_Ngou_Im > （家）部下平聲,26
gê,芽,語家切,芽萌芽草,004_Tie_Siann_Tsap_Ngou_Im > （家）部下平聲,26
gê,椇,語家切,椇官看曰,004_Tie_Siann_Tsap_Ngou_Im > （家）部下平聲,26
gê,蜈,語家切,蜈蜈俗曰蜈蜈百足之虫,004_Tie_Siann_Tsap_Ngou_Im > （家）部下平聲,26
gê,珈,語佳切,珑－ 鋣 鎏－劍,004_Tie_Siann_Tsap_Ngou_Im > （佳）部下平聲,326
gêng,絕,語弓切,也如霜絕,004_Tie_Siann_Tsap_Ngou_Im > （弓）部下平聲,301
gêng,姻,語弓切,姻氣姻,004_Tie_Siann_Tsap_Ngou_Im > （弓）部下平聲,301
gî,曰,語基切,曰里而人不知之曰曰,004_Tie_Siann_Tsap_Ngou_Im > （基）部下平聲,104
gî,宜,語基切,合理曰宜便 宜宜宿宜家 又 芟草宜 儀 禮宜容 宜 猙 獅子也宜 走五百里宜 俯 侔宜端 宜恩也 鯐 名 線宜魚 覛 凋也 宜裳曲,004_Tie_Siann_Tsap_Ngou_Im > （基）部下平聲,107
gî,靦,語基切,朴覓也,004_Tie_Siann_Tsap_Ngou_Im > （基）部下平聲,107
gîm,衆,語金切,眾立也,004_Tie_Siann_Tsap_Ngou_Im > （金）部下平聲,49
gîm,修,語金切,俯修跑,004_Tie_Siann_Tsap_Ngou_Im > （金）部下平聲,49
gîm,向,語金切,前也,004_Tie_Siann_Tsap_Ngou_Im > （金）部下平聲,49
gîm,参,語金切,山高也,004_Tie_Siann_Tsap_Ngou_Im > （金）部下平聲,49
gîm,泙,語金切,取清也又,004_Tie_Siann_Tsap_Ngou_Im > （金）部下平聲,49
gîm,碰,語金切,名山,004_Tie_Siann_Tsap_Ngou_Im > （金）部下平聲,49
gîm,砮,語金切,石砮,004_Tie_Siann_Tsap_Ngou_Im > （金）部下平聲,49
gîm,黔,語金切,黔黑色也又,004_Tie_Siann_Tsap_Ngou_Im > （金）部下平聲,49
gîn,民,語⿴囗君切,百姓曰庶民,004_Tie_Siann_Tsap_Ngou_Im > （⿴囗君）部下平聲,167
gîn,四,語⿴囗君切,四官四,004_Tie_Siann_Tsap_Ngou_Im > （⿴囗君）部下平聲,167
gîn,眠,語⿴囗君切,睡曰眠夜,004_Tie_Siann_Tsap_Ngou_Im > （⿴囗君）部下平聲,167
gîn,寐,語⿴囗君切,也,004_Tie_Siann_Tsap_Ngou_Im > （⿴囗君）部下平聲,167
gîn,鰻,語⿴囗君切,魚也,004_Tie_Siann_Tsap_Ngou_Im > （⿴囗君）部下平聲,167
gîn,鸞,語⿴囗君切,鳥,004_Tie_Siann_Tsap_Ngou_Im > （⿴囗君）部下平聲,167
gîn,岷,語⿴囗君切,蜀山曰岷,004_Tie_Siann_Tsap_Ngou_Im > （⿴囗君）部下平聲,167
gîn,泯,語⿴囗君切,也茫也,004_Tie_Siann_Tsap_Ngou_Im > （⿴囗君）部下平聲,167
gîn,水,語⿴囗君切,幾盡,004_Tie_Siann_Tsap_Ngou_Im > （⿴囗君）部下平聲,167
gîn,昊,語⿴囗君切,昊秋天曰,004_Tie_Siann_Tsap_Ngou_Im > （⿴囗君）部下平聲,167
gîn,琅,語⿴囗君切,者石之美,004_Tie_Siann_Tsap_Ngou_Im > （⿴囗君）部下平聲,167
gîn,蔑,語⿴囗君切,同上 蔑污玩也,004_Tie_Siann_Tsap_Ngou_Im > （⿴囗君）部下平聲,171
gîn,蜜,語⿴囗君切,蜂咭蜜甘甜也 識郎啇之安也,004_Tie_Siann_Tsap_Ngou_Im > （⿴囗君）部下平聲,171
gîn,宓,語⿴囗君切,安也又 迓廿安也又,004_Tie_Siann_Tsap_Ngou_Im > （⿴囗君）部下平聲,171
gòi,藝,語雞切,才能也才藝文藝書藝道藝工藝又樹藝,004_Tie_Siann_Tsap_Ngou_Im > （雞）部上去聲,57
gòi,樹,語雞切,也 日樹六樹,004_Tie_Siann_Tsap_Ngou_Im > （雞）部上去聲,57
gòng,鬆,語公切,也愿也養,004_Tie_Siann_Tsap_Ngou_Im > （公）部上去聲,67
gòng,憊,語公切,俗同上,004_Tie_Siann_Tsap_Ngou_Im > （公）部上去聲,67
gòng,頫,語公切,大頭也,004_Tie_Siann_Tsap_Ngou_Im > （公）部上去聲,67
gòng,嗝,語公切,寥嗝,004_Tie_Siann_Tsap_Ngou_Im > （公）部上去聲,67
gòu,失,語姑切,言,004_Tie_Siann_Tsap_Ngou_Im > （姑）部上去聲,80
gòu,不,語姑切,稱惠,004_Tie_Siann_Tsap_Ngou_Im > （姑）部上去聲,80
gòu,曰,語姑切,曰,004_Tie_Siann_Tsap_Ngou_Im > （姑）部上去聲,80
gô,莪,語歌切,難苗也－蔘－ 娥 婦－婦－眉 我 之高也－山 蛾 葛能化蝶－虫也 俄 史也－頃須 碣 臣－又淆－縣名 隅 邊地也荒－海－肯也,004_Tie_Siann_Tsap_Ngou_Im > （歌）部下平聲,193
gô,惡,語歌切,不慈也 以為者謂 虞 涉也防也犯也－惡害也 梧 名－桐木 驥 仁獸也 鵞 鳥名舊名又舒雁,004_Tie_Siann_Tsap_Ngou_Im > （歌）部下平聲,193
gô,遇,語歌切,不期而遇,004_Tie_Siann_Tsap_Ngou_Im > （歌）部下平聲,195
gô,相,語歌切,相路相,004_Tie_Siann_Tsap_Ngou_Im > （歌）部下平聲,195
gô,也,語歌切,知也覺,004_Tie_Siann_Tsap_Ngou_Im > （歌）部下平聲,195
gô,知,語歌切,同悟,004_Tie_Siann_Tsap_Ngou_Im > （歌）部下平聲,195
gôi,倪,語雞切,姓也,004_Tie_Siann_Tsap_Ngou_Im > （雞）部下平聲,59
gõng,祀,語公切,祀令,004_Tie_Siann_Tsap_Ngou_Im > （公）部下上聲,73
gõng,之,語公切,王也,004_Tie_Siann_Tsap_Ngou_Im > （公）部下上聲,73
gõng,以,語公切,車馬助,004_Tie_Siann_Tsap_Ngou_Im > （公）部下上聲,73
gõng,衣,語公切,家曰衣,004_Tie_Siann_Tsap_Ngou_Im > （公）部下上聲,73
gõu,五,語姑切,數之半也,004_Tie_Siann_Tsap_Ngou_Im > （姑）部下上聲,83
gõu,伍,語姑切,姓也,004_Tie_Siann_Tsap_Ngou_Im > （姑）部下上聲,83
gõu,同,語姑切,上又,004_Tie_Siann_Tsap_Ngou_Im > （姑）部下上聲,83
gõu,后,語姑切,帝之配曰后皇,004_Tie_Siann_Tsap_Ngou_Im > （姑）部下上聲,83
gõu,戶,語姑切,門戶鋪,004_Tie_Siann_Tsap_Ngou_Im > （姑）部下上聲,83
gõu,邱,語姑切,邑名,004_Tie_Siann_Tsap_Ngou_Im > （姑）部下上聲,83
gõu,追,語姑切,邂逅,004_Tie_Siann_Tsap_Ngou_Im > （姑）部下上聲,83
gõu,也,語姑切,也相,004_Tie_Siann_Tsap_Ngou_Im > （姑）部下上聲,83
gún,崀,語君切,山名,004_Tie_Siann_Tsap_Ngou_Im > （君）部上上聲,10
gû,牧,語龜切,牧章牧騎牧,004_Tie_Siann_Tsap_Ngou_Im > （龜）部下平聲,315
gû,又,語龜切,風馬又,004_Tie_Siann_Tsap_Ngou_Im > （龜）部下平聲,315
gûn,蟬,語君切,黑耳牛砆 次玉如石也,004_Tie_Siann_Tsap_Ngou_Im > （君）部下平聲,15
gā,愚,語膠切,不敏之甚,004_Tie_Siann_Tsap_Ngou_Im > （膠）部下去聲,268
gā,曰,語膠切,曰,004_Tie_Siann_Tsap_Ngou_Im > （膠）部下去聲,268
gān,慼,語柑切,俗謂曰慼凡,004_Tie_Siann_Tsap_Ngou_Im > （柑）部下去聲,321
gān,事,語柑切,無所知也,004_Tie_Siann_Tsap_Ngou_Im > （柑）部下去聲,321
gĩ,義,語基切,訓其理曰義仁義又大義,004_Tie_Siann_Tsap_Ngou_Im > （基）部下上聲,109
gī,晩,語基切,似笑之,004_Tie_Siann_Tsap_Ngou_Im > （基）部下去聲,112
gī,睨,語基切,曰窟視,004_Tie_Siann_Tsap_Ngou_Im > （基）部下去聲,112
gūa,昂,語⿴囗瓜切,激昂首低昂 昂 也 同上舉,004_Tie_Siann_Tsap_Ngou_Im > （⿴囗瓜）部下去聲,247
gūa,喃,語⿴囗瓜切,佛語合手 進食也,004_Tie_Siann_Tsap_Ngou_Im > （⿴囗瓜）部下去聲,247
gṳ,語,語居切,以解答應曰語富語論語氣,004_Tie_Siann_Tsap_Ngou_Im > （居）部上平聲,180
gṳ̀,御,語居切,天子所用之事曰御歲御前御駕曰御軍御如,004_Tie_Siann_Tsap_Ngou_Im > （居）部上去聲,181
gṳ̀,除,語居切,地時英語四字之外上下俱係空音不錄,004_Tie_Siann_Tsap_Ngou_Im > （居）部上去聲,181
gṳ̂,出,語居切,斑 凡有所站曰出小出米出般也,004_Tie_Siann_Tsap_Ngou_Im > （居）部下平聲,182
gṳ̂,班,語居切,明也,004_Tie_Siann_Tsap_Ngou_Im > （居）部下平聲,182
gṳ̂,磁,語居切,陶之質也 玑 礼,004_Tie_Siann_Tsap_Ngou_Im > （居）部下平聲,182
gṳ̂,慈,語居切,孝心也慈慈慈慈母慈慈慈,004_Tie_Siann_Tsap_Ngou_Im > （居）部下平聲,182
gṳ̂,徐,語居切,姓也,004_Tie_Siann_Tsap_Ngou_Im > （居）部下平聲,182
gṳ̂,懲,語居切,闊也,004_Tie_Siann_Tsap_Ngou_Im > （居）部下平聲,182
gṳ̂,斐,語居切,小腸也,004_Tie_Siann_Tsap_Ngou_Im > （居）部下平聲,183
gṳ̂,瓷,語居切,瓦器也 同磁,004_Tie_Siann_Tsap_Ngou_Im > （居）部下平聲,183
gṳ̂,雌,語居切,鳥之朕也 雄又陰陽也,004_Tie_Siann_Tsap_Ngou_Im > （居）部下平聲,183
gṳ̂,磁,語居切,鐵又石能吸 又全,004_Tie_Siann_Tsap_Ngou_Im > （居）部下平聲,183
gṳ̂,髭,語居切,此口上鬚,004_Tie_Siann_Tsap_Ngou_Im > （居）部下平聲,183
gṳ̂,鴔,語居切,鴿鳥区也 同雌又,004_Tie_Siann_Tsap_Ngou_Im > （居）部下平聲,183
gṳ̂,禦,語居切,枕禦旅禦相禦使昌禦侍禦車禦寒,004_Tie_Siann_Tsap_Ngou_Im > （居）部下平聲,184
gṳ̂,馭,語居切,馬馭曰馭馳馭馬駕馭,004_Tie_Siann_Tsap_Ngou_Im > （居）部下平聲,184
gẽ,呀,語家切,俗口頭語氣,004_Tie_Siann_Tsap_Ngou_Im > （家）部下上聲,27
gẽ,梗,語家切,梗直而不屈曰剛梗脊梗果梗,004_Tie_Siann_Tsap_Ngou_Im > （家）部下上聲,27
gẽ,逕,語佳切,迎也猥,004_Tie_Siann_Tsap_Ngou_Im > （佳）部下上聲,327
gẽ,也,語佳切,猥,004_Tie_Siann_Tsap_Ngou_Im > （佳）部下上聲,327
gẽ,訐,語佳切,散謗之詞,004_Tie_Siann_Tsap_Ngou_Im > （佳）部下上聲,327
gẽ,牛,語佳切,－,004_Tie_Siann_Tsap_Ngou_Im > （佳）部下上聲,327
gẽⁿ,硬,語庚切,強堅曰硬骨硬,004_Tie_Siann_Tsap_Ngou_Im > （庚）部下上聲,228
gẽⁿ,強,語庚切,強引強性強,004_Tie_Siann_Tsap_Ngou_Im > （庚）部下上聲,228
gẽⁿ,粳,語庚切,米不粘又統全,004_Tie_Siann_Tsap_Ngou_Im > （庚）部下上聲,228
gẽⁿ,曰,語庚切,曰,004_Tie_Siann_Tsap_Ngou_Im > （庚）部下上聲,228
gẽⁿ,其,語庚切,餘空音者俱不錄,004_Tie_Siann_Tsap_Ngou_Im > （庚）部下上聲,228
gẽⁿ,柄,語庚切,柯也俗之柯俗,004_Tie_Siann_Tsap_Ngou_Im > （庚）部下上聲,228
gẽⁿ,柯,語庚切,曰柯鋤柯刀柯,004_Tie_Siann_Tsap_Ngou_Im > （庚）部下上聲,228
gẽⁿ,逕,語庚切,同上路,004_Tie_Siann_Tsap_Ngou_Im > （庚）部下上聲,228
gẽⁿ,徑,語庚切,與往全小路也,004_Tie_Siann_Tsap_Ngou_Im > （庚）部下上聲,228
gẽⁿ,又,語庚切,直也,004_Tie_Siann_Tsap_Ngou_Im > （庚）部下上聲,228
gẽⁿ,莖,語庚切,莖樹木之枝幹也,004_Tie_Siann_Tsap_Ngou_Im > （庚）部下上聲,228
gẽⁿ,頸,語庚切,頭頸,004_Tie_Siann_Tsap_Ngou_Im > （庚）部下上聲,228
ha,小,喜膠切,兒曰ー,004_Tie_Siann_Tsap_Ngou_Im > （膠）部上平聲,262
ha,膠,喜膠切,嬌乗肩扛弓龜柑,004_Tie_Siann_Tsap_Ngou_Im > （膠）部上平聲,263
ha,佳,喜膠切,甘瓜薑叻囉喺燒,004_Tie_Siann_Tsap_Ngou_Im > （膠）部上平聲,263
hah,辦,喜膠切,花辦落,004_Tie_Siann_Tsap_Ngou_Im > （膠）部上入聲,266
hai,皆,喜皆切,部 上 聲,004_Tie_Siann_Tsap_Ngou_Im > （皆）部上平聲,146
hai,節,喜皆切,去粗取細曰節,004_Tie_Siann_Tsap_Ngou_Im > （皆）部上平聲,146
hai,裁,喜皆切,花裁種裁,004_Tie_Siann_Tsap_Ngou_Im > （皆）部上平聲,146
hai,災,喜皆切,天災禍災,004_Tie_Siann_Tsap_Ngou_Im > （皆）部上平聲,146
hai,灾,喜皆切,同上又裁,004_Tie_Siann_Tsap_Ngou_Im > （皆）部上平聲,146
hai,全,喜皆切,害也,004_Tie_Siann_Tsap_Ngou_Im > （皆）部上平聲,146
hai,百,喜皆切,川滙百,004_Tie_Siann_Tsap_Ngou_Im > （皆）部上平聲,148
hak,謂,喜江切,見也訪也投刺 也拜謂也,004_Tie_Siann_Tsap_Ngou_Im > （江）部上入聲,253
hak,昂,喜江切,反話之詞昂不昂 散又何也,004_Tie_Siann_Tsap_Ngou_Im > （江）部上入聲,253
hak,歇,喜江切,休息也志 也休歇,004_Tie_Siann_Tsap_Ngou_Im > （江）部上入聲,253
hak,偃,喜江切,力兒偃偃用,004_Tie_Siann_Tsap_Ngou_Im > （江）部上入聲,253
hak,豎,喜江切,也郡豎烏豎所歸,004_Tie_Siann_Tsap_Ngou_Im > （江）部上入聲,253
hak,堨,喜江切,水也以土障堨,004_Tie_Siann_Tsap_Ngou_Im > （江）部上入聲,253
hak,褐,喜江切,貪布之衣也 省看饑褐,004_Tie_Siann_Tsap_Ngou_Im > （江）部上入聲,253
hak,贈,喜江切,眠不見物也,004_Tie_Siann_Tsap_Ngou_Im > （江）部上入聲,253
hak,管,喜江切,也管之地管,004_Tie_Siann_Tsap_Ngou_Im > （江）部上入聲,253
hak,絹,喜江切,紲埂也又 貌衣母絹,004_Tie_Siann_Tsap_Ngou_Im > （江）部上入聲,253
hak,遍,喜江切,止也距 也,004_Tie_Siann_Tsap_Ngou_Im > （江）部上入聲,253
ham,蚶,喜甘切,蚌屬,004_Tie_Siann_Tsap_Ngou_Im > （甘）部上平聲,331
ham,佃,喜甘切,同酣,004_Tie_Siann_Tsap_Ngou_Im > （甘）部上平聲,331
hau,浩,喜高切,大也浩然,004_Tie_Siann_Tsap_Ngou_Im > （高）部上平聲,32
hau,吳,喜高切,元氣也博,004_Tie_Siann_Tsap_Ngou_Im > （高）部上平聲,32
hau,嗝,喜高切,聲嗝叫,004_Tie_Siann_Tsap_Ngou_Im > （高）部上平聲,32
hau,鍋,喜高切,名鍋烹也,004_Tie_Siann_Tsap_Ngou_Im > （高）部上平聲,32
hau,郡,喜高切,同上,004_Tie_Siann_Tsap_Ngou_Im > （高）部上平聲,32
hau,僑,喜高切,地名,004_Tie_Siann_Tsap_Ngou_Im > （高）部上平聲,32
hau,葛,喜高切,達葛草,004_Tie_Siann_Tsap_Ngou_Im > （高）部上平聲,32
hau,蔦,喜高切,成也,004_Tie_Siann_Tsap_Ngou_Im > （高）部上平聲,32
hau,蓴,喜高切,草板去田,004_Tie_Siann_Tsap_Ngou_Im > （高）部上平聲,32
hau,蔣,喜高切,草也,004_Tie_Siann_Tsap_Ngou_Im > （高）部上平聲,32
hau,魄,喜高切,太魄東方之神也,004_Tie_Siann_Tsap_Ngou_Im > （高）部上平聲,32
hau,鴝,喜高切,鳥鵒鴝恙也,004_Tie_Siann_Tsap_Ngou_Im > （高）部上平聲,32
hau,墾,喜高切,土釜也,004_Tie_Siann_Tsap_Ngou_Im > （高）部上平聲,32
hau,皓,喜高切,光明也,004_Tie_Siann_Tsap_Ngou_Im > （高）部上平聲,32
hau,嘓,喜高切,虎怒目,004_Tie_Siann_Tsap_Ngou_Im > （高）部上平聲,32
hau,嚨,喜高切,惡之聲嚨山,004_Tie_Siann_Tsap_Ngou_Im > （高）部上平聲,32
hau,矜,喜高切,也矜腹餓,004_Tie_Siann_Tsap_Ngou_Im > （高）部上平聲,32
hau,饔,喜高切,也饔腹飢,004_Tie_Siann_Tsap_Ngou_Im > （高）部上平聲,32
hau,瀨,喜高切,水逮也,004_Tie_Siann_Tsap_Ngou_Im > （高）部上平聲,32
hau,嫵,喜高切,虎也,004_Tie_Siann_Tsap_Ngou_Im > （高）部上平聲,32
ha̍h,合,喜膠切,集也會也,004_Tie_Siann_Tsap_Ngou_Im > （膠）部下入聲,269
ha̍h,三,喜膠切,三五三六三,004_Tie_Siann_Tsap_Ngou_Im > （膠）部下入聲,269
he,哪,喜家切,嗤哂曰哪息忿,004_Tie_Siann_Tsap_Ngou_Im > （家）部上平聲,21
he,韡,喜佳切,足衣也有干－水－皮－級－久鳥－,004_Tie_Siann_Tsap_Ngou_Im > （佳）部上平聲,323
he,靴,喜佳切,同上,004_Tie_Siann_Tsap_Ngou_Im > （佳）部上平聲,323
heh,柳,喜家切,靈 虿 俗 上 近 雷,004_Tie_Siann_Tsap_Ngou_Im > （家）部上入聲,24
heh,邊,喜家切,百 邊百十両邊千而萬 伯 父之兄 伯 同百数之滴也 柏 松邊木名邊身,004_Tie_Siann_Tsap_Ngou_Im > （家）部上入聲,24
heh,求,喜家切,格 曰求物可為淺者 隔 有閒斷曰求阻求 萬 路由脚又 豐足也 膈 脇求心胼之間也 剔 其也 革 甚除也求,004_Tie_Siann_Tsap_Ngou_Im > （家）部上入聲,24
heh,去,喜家切,容 外為去主去在家為局 主出 地去金,004_Tie_Siann_Tsap_Ngou_Im > （家）部上入聲,24
heh,地,喜家切,壓 俗以豐歟之曰地俗習地地地底,004_Tie_Siann_Tsap_Ngou_Im > （家）部上入聲,24
hek,黑,喜弓切,烏色曰黑,004_Tie_Siann_Tsap_Ngou_Im > （弓）部上入聲,298
hek,元,喜弓切,云也,004_Tie_Siann_Tsap_Ngou_Im > （弓）部上入聲,298
hek,核,喜弓切,偽曰核富其真,004_Tie_Siann_Tsap_Ngou_Im > （弓）部上入聲,298
hek,赫,喜弓切,焜赫 發砂茨曰赫 又赫然赫,004_Tie_Siann_Tsap_Ngou_Im > （弓）部上入聲,298
hek,劭,喜弓切,詿劭真 言也,004_Tie_Siann_Tsap_Ngou_Im > （弓）部上入聲,298
hek,憊,喜弓切,惰憊也,004_Tie_Siann_Tsap_Ngou_Im > （弓）部上入聲,298
he̍h,役,喜佳切,使用之人,004_Tie_Siann_Tsap_Ngou_Im > （佳）部下入聲,329
he̍h,曰,喜佳切,曰 頟 頭上天庭之位曰曰,004_Tie_Siann_Tsap_Ngou_Im > （佳）部下入聲,329
he̍h,人,喜佳切,坌人众人期人,004_Tie_Siann_Tsap_Ngou_Im > （佳）部下入聲,329
hi,禧,喜基切,也祺也福,004_Tie_Siann_Tsap_Ngou_Im > （基）部上平聲,98
hi,峯,喜基切,妍也峯覲也妍兮,004_Tie_Siann_Tsap_Ngou_Im > （基）部上平聲,98
hi,希,喜基切,望也 某望也某也,004_Tie_Siann_Tsap_Ngou_Im > （基）部上平聲,98
hi,稀,喜基切,事理也 多見之,004_Tie_Siann_Tsap_Ngou_Im > （基）部上平聲,98
hi,頤,喜基切,面頤朔也,004_Tie_Siann_Tsap_Ngou_Im > （基）部上平聲,98
hi,歉,喜基切,辭也 戲弊,004_Tie_Siann_Tsap_Ngou_Im > （基）部上平聲,98
hi,熙,喜基切,熙光明也大全 又配,004_Tie_Siann_Tsap_Ngou_Im > （基）部上平聲,98
hi,佈,喜基切,彷彿也 體佈猶,004_Tie_Siann_Tsap_Ngou_Im > （基）部上平聲,98
hi,嬉,喜基切,無常也 愷丕而,004_Tie_Siann_Tsap_Ngou_Im > （基）部上平聲,98
hi,顧,喜基切,期顧同覸顧養,004_Tie_Siann_Tsap_Ngou_Im > （基）部上平聲,98
hi,熹,喜基切,然包蒸,004_Tie_Siann_Tsap_Ngou_Im > （基）部上平聲,98
hi,醯,喜基切,醬也 醬內,004_Tie_Siann_Tsap_Ngou_Im > （基）部上平聲,98
hi,義,喜基切,義義置伏,004_Tie_Siann_Tsap_Ngou_Im > （基）部上平聲,98
hi,攬,喜基切,宗廟香 牲茶,004_Tie_Siann_Tsap_Ngou_Im > （基）部上平聲,98
hi,嘻,喜基切,樂聲 嘻和,004_Tie_Siann_Tsap_Ngou_Im > （基）部上平聲,98
hi,戲,喜基切,嗚戲辭,004_Tie_Siann_Tsap_Ngou_Im > （基）部上平聲,98
hi,締,喜基切,布細也,004_Tie_Siann_Tsap_Ngou_Im > （基）部上平聲,98
hi,甁,喜基切,酒器皿,004_Tie_Siann_Tsap_Ngou_Im > （基）部上平聲,98
hi,醯,喜基切,醋也 雞,004_Tie_Siann_Tsap_Ngou_Im > （基）部上平聲,98
hi,僖,喜基切,樂也,004_Tie_Siann_Tsap_Ngou_Im > （基）部上平聲,98
hi,郁,喜基切,姓也,004_Tie_Siann_Tsap_Ngou_Im > （基）部上平聲,98
hian,香,喜堅切,味香如蘭鄉 草名,004_Tie_Siann_Tsap_Ngou_Im > （堅）部上平聲,117
hian,歔,喜堅切,俗曰歔,004_Tie_Siann_Tsap_Ngou_Im > （堅）部上平聲,117
hiang,鄉,喜薑切,民住居之庄也,004_Tie_Siann_Tsap_Ngou_Im > （薑）部上平聲,348
hiang,大,喜薑切,者曰大有大里大村,004_Tie_Siann_Tsap_Ngou_Im > （薑）部上平聲,348
hiang,小,喜薑切,者曰村,004_Tie_Siann_Tsap_Ngou_Im > （薑）部上平聲,348
hiap,血,喜兼切,正音,004_Tie_Siann_Tsap_Ngou_Im > （兼）部上入聲,91
hia̍p,夾,喜兼切,左右持也夾輔又票也,004_Tie_Siann_Tsap_Ngou_Im > （兼）部下入聲,95
hiaⁿ,兄,喜京切,同異之人如先生者曰－兄弟,004_Tie_Siann_Tsap_Ngou_Im > （京）部上平聲,133
him,歌,喜金切,神樂也又慾羨也金鑫三水三土各爻歌字以名其子者人名古人有五子以三金三木三火,004_Tie_Siann_Tsap_Ngou_Im > （金）部上平聲,43
hiok,育,喜恭切,生養育教育,004_Tie_Siann_Tsap_Ngou_Im > （恭）部上入聲,157
hiok,或,喜恭切,文也茂,004_Tie_Siann_Tsap_Ngou_Im > （恭）部上入聲,157
hiok,也,喜恭切,成也,004_Tie_Siann_Tsap_Ngou_Im > （恭）部上入聲,157
hiok,旭,喜恭切,日初出時,004_Tie_Siann_Tsap_Ngou_Im > （恭）部上入聲,157
hiok,也,喜恭切,也日,004_Tie_Siann_Tsap_Ngou_Im > （恭）部上入聲,157
hiok,昱,喜恭切,明也同上,004_Tie_Siann_Tsap_Ngou_Im > （恭）部上入聲,157
hiok,情,喜恭切,青也,004_Tie_Siann_Tsap_Ngou_Im > （恭）部上入聲,157
hiok,勖,喜恭切,也勉力,004_Tie_Siann_Tsap_Ngou_Im > （恭）部上入聲,157
hiok,毓,喜恭切,毓生物也,004_Tie_Siann_Tsap_Ngou_Im > （恭）部上入聲,157
hiok,澳,喜恭切,水之內,004_Tie_Siann_Tsap_Ngou_Im > （恭）部上入聲,157
hiok,郁,喜恭切,咸也郁文,004_Tie_Siann_Tsap_Ngou_Im > （恭）部上入聲,157
hiok,械,喜恭切,咸委援,004_Tie_Siann_Tsap_Ngou_Im > （恭）部上入聲,157
hiok,馥,喜恭切,氣咄香,004_Tie_Siann_Tsap_Ngou_Im > （恭）部上入聲,157
hiok,培,喜恭切,地貌,004_Tie_Siann_Tsap_Ngou_Im > （恭）部上入聲,157
hiok,煜,喜恭切,燿也光,004_Tie_Siann_Tsap_Ngou_Im > （恭）部上入聲,157
hiok,燠,喜恭切,暑熱,004_Tie_Siann_Tsap_Ngou_Im > （恭）部上入聲,157
hiok,柳,喜恭切,邊 （去） （求）,004_Tie_Siann_Tsap_Ngou_Im > （恭）部上入聲,158
hiong,連,喜恭切,掐声,004_Tie_Siann_Tsap_Ngou_Im > （恭）部上平聲,154
hio̍h,葉,喜燒切,凡草木皆有枝葉,004_Tie_Siann_Tsap_Ngou_Im > （燒）部下入聲,358
hio̍h,青,喜燒切,青綠青黃青,004_Tie_Siann_Tsap_Ngou_Im > （燒）部下入聲,358
hio̍h,其,喜燒切,餘空音不錄,004_Tie_Siann_Tsap_Ngou_Im > （燒）部下入聲,358
hip,翁,喜金切,翊同上歆也起也又包也 偷 同上尹第 湔 流聲 嫿 莊嚴也 熵 熱氣也 謂 言疾 哈 全吸翁 膝 足也容翁庄 葺 修補也品也衆口 戩 菜名又 惮 心不正,004_Tie_Siann_Tsap_Ngou_Im > （金）部上入聲,47
hip,欿,喜金切,欿飲氣昇也 瞯 眇視,004_Tie_Siann_Tsap_Ngou_Im > （金）部上入聲,47
hiu,廢,喜鳩切,善也莫也意也,004_Tie_Siann_Tsap_Ngou_Im > （鳩）部上平聲,231
hiu,也,喜鳩切,疵也蘇也,004_Tie_Siann_Tsap_Ngou_Im > （鳩）部上平聲,231
hiu,又,喜鳩切,喑又痛念也聲,004_Tie_Siann_Tsap_Ngou_Im > （鳩）部上平聲,231
hiu,曰,喜鳩切,安曰行得所曰往,004_Tie_Siann_Tsap_Ngou_Im > （鳩）部上平聲,231
hiu,漆,喜鳩切,葩也,004_Tie_Siann_Tsap_Ngou_Im > （鳩）部上平聲,231
hiu,深,喜鳩切,深思深久,004_Tie_Siann_Tsap_Ngou_Im > （鳩）部上平聲,231
hiu̍h,曰,喜鳩切,正音曰,004_Tie_Siann_Tsap_Ngou_Im > （鳩）部下入聲,240
hiàm,兼,喜兼切,基堅京,004_Tie_Siann_Tsap_Ngou_Im > （兼）部上去聲,89
hiàm,官,喜兼切,皆恭圓,004_Tie_Siann_Tsap_Ngou_Im > （兼）部上去聲,89
hiàn,柳,喜堅切,邊 求 去,004_Tie_Siann_Tsap_Ngou_Im > （堅）部上去聲,121
hiàn,栗,喜堅切,ㄧ子俗名厚力子,004_Tie_Siann_Tsap_Ngou_Im > （堅）部上去聲,121
hiàn,罸,喜堅切,践跌也,004_Tie_Siann_Tsap_Ngou_Im > （堅）部上去聲,121
hiàn,儦,喜堅切,也塈,004_Tie_Siann_Tsap_Ngou_Im > （堅）部上去聲,121
hiàn,邊,喜堅切,求 去,004_Tie_Siann_Tsap_Ngou_Im > （堅）部上去聲,121
hiàn,絜,喜堅切,也塵崖,004_Tie_Siann_Tsap_Ngou_Im > （堅）部上去聲,121
hiàn,潔,喜堅切,不污曰ㄧ白清ㄧ,004_Tie_Siann_Tsap_Ngou_Im > （堅）部上去聲,121
hiàn,偶,喜堅切,ㄧ月,004_Tie_Siann_Tsap_Ngou_Im > （堅）部上去聲,121
hiàn,碣,喜堅切,ㄧ石,004_Tie_Siann_Tsap_Ngou_Im > （堅）部上去聲,121
hiàn,郁,喜堅切,岡上,004_Tie_Siann_Tsap_Ngou_Im > （堅）部上去聲,121
hiàn,郜,喜堅切,酥也郜郜用,004_Tie_Siann_Tsap_Ngou_Im > （堅）部上去聲,121
hiàn,恕,喜堅切,桑慈,004_Tie_Siann_Tsap_Ngou_Im > （堅）部上去聲,121
hiàn,鄰,喜堅切,羞也,004_Tie_Siann_Tsap_Ngou_Im > （堅）部上去聲,121
hiàn,猯,喜堅切,猾ㄧ利害也,004_Tie_Siann_Tsap_Ngou_Im > （堅）部上去聲,121
hiàn,許,喜堅切,贊人称謂,004_Tie_Siann_Tsap_Ngou_Im > （堅）部上去聲,123
hiàn,曰,喜堅切,曰攻曰,004_Tie_Siann_Tsap_Ngou_Im > （堅）部上去聲,123
hiàn,鶴,喜堅切,鳥鶴,004_Tie_Siann_Tsap_Ngou_Im > （堅）部上去聲,123
hiàn,喜,喜堅切,喜,004_Tie_Siann_Tsap_Ngou_Im > （堅）部上去聲,123
hiàn,蜀,喜堅切,虫有毒也,004_Tie_Siann_Tsap_Ngou_Im > （堅）部上去聲,123
hiàn,蠍,喜堅切,尾虫也毒,004_Tie_Siann_Tsap_Ngou_Im > （堅）部上去聲,123
hiàn,羯,喜堅切,羯鼓催花,004_Tie_Siann_Tsap_Ngou_Im > （堅）部上去聲,123
hiàn,又,喜堅切,胡椎名,004_Tie_Siann_Tsap_Ngou_Im > （堅）部上去聲,123
hiàⁿ,薪,喜京切,薪薪薪革可以艾病,004_Tie_Siann_Tsap_Ngou_Im > （京）部上去聲,135
hiàⁿ,薪,喜京切,薪棒,004_Tie_Siann_Tsap_Ngou_Im > （京）部上去聲,135
hiám,險,喜兼切,危也險阻,004_Tie_Siann_Tsap_Ngou_Im > （兼）部上上聲,88
hiám,礕,喜兼切,同上,004_Tie_Siann_Tsap_Ngou_Im > （兼）部上上聲,88
hiám,獵,喜兼切,名獵枕獸,004_Tie_Siann_Tsap_Ngou_Im > （兼）部上上聲,88
hiâm,嫌,喜兼切,有不相如則曰,004_Tie_Siann_Tsap_Ngou_Im > （兼）部下平聲,92
hiâm,微,喜兼切,相,004_Tie_Siann_Tsap_Ngou_Im > （兼）部下平聲,92
hiân,天,喜堅切,之色曰天又深黑也,004_Tie_Siann_Tsap_Ngou_Im > （堅）部下平聲,126
hiân,听,喜堅切,從也岑很也岑,004_Tie_Siann_Tsap_Ngou_Im > （堅）部下平聲,126
hiân,兌,喜堅切,也燃也,004_Tie_Siann_Tsap_Ngou_Im > （堅）部下平聲,126
hiân,鼎,喜堅切,耳也,004_Tie_Siann_Tsap_Ngou_Im > （堅）部下平聲,126
hiân,以,喜堅切,別物之出入曰防以,004_Tie_Siann_Tsap_Ngou_Im > （堅）部下平聲,126
hiân,也,喜堅切,自銜也,004_Tie_Siann_Tsap_Ngou_Im > （堅）部下平聲,126
hiân,也,喜堅切,水深廣,004_Tie_Siann_Tsap_Ngou_Im > （堅）部下平聲,126
hiân,玉,喜堅切,玉名玉,004_Tie_Siann_Tsap_Ngou_Im > （堅）部下平聲,126
hiân,受,喜堅切,采也,004_Tie_Siann_Tsap_Ngou_Im > （堅）部下平聲,126
hiãⁿ,蟻,喜京切,虫之蟻,004_Tie_Siann_Tsap_Ngou_Im > （京）部下上聲,137
hiãⁿ,又,喜京切,姓,004_Tie_Siann_Tsap_Ngou_Im > （京）部下上聲,137
hiãⁿ,瓦,喜京切,蓋屋之物,004_Tie_Siann_Tsap_Ngou_Im > （京）部下上聲,137
hiãⁿ,曰,喜京切,陶,004_Tie_Siann_Tsap_Ngou_Im > （京）部下上聲,137
hiòu,孝,喜嬌切,正音,004_Tie_Siann_Tsap_Ngou_Im > （嬌）部上去聲,276
hiòu,鄰,喜嬌切,戲弄續援也,004_Tie_Siann_Tsap_Ngou_Im > （嬌）部上去聲,276
hióng,全,喜恭切,部空音不錄,004_Tie_Siann_Tsap_Ngou_Im > （恭）部上上聲,156
hiông,雄,喜恭切,飛雌伏,004_Tie_Siann_Tsap_Ngou_Im > （恭）部下平聲,159
hiông,英,喜恭切,英,004_Tie_Siann_Tsap_Ngou_Im > （恭）部下平聲,159
hiù,復,喜鳩切,再也重也加去而復 返行而復止之類,004_Tie_Siann_Tsap_Ngou_Im > （鳩）部上去聲,233
hiù,除,喜鳩切,柳時英出喜之外上下俱係空音不錄,004_Tie_Siann_Tsap_Ngou_Im > （鳩）部上去聲,233
hiù,壽,喜鳩切,俗小寫同上 壽夀壽算,004_Tie_Siann_Tsap_Ngou_Im > （鳩）部上去聲,233
hiù,又,喜鳩切,再也另,004_Tie_Siann_Tsap_Ngou_Im > （鳩）部上去聲,233
hiû,裘,喜鳩切,裕裘棉裘長裘,004_Tie_Siann_Tsap_Ngou_Im > （鳩）部下平聲,236
hiû,坍,喜鳩切,田畔溝也,004_Tie_Siann_Tsap_Ngou_Im > （鳩）部下平聲,236
hiû,醇,喜鳩切,醇斛又也厚也,004_Tie_Siann_Tsap_Ngou_Im > （鳩）部下平聲,236
hiû,酋,喜鳩切,酋長熟酒也又酋長蕾師,004_Tie_Siann_Tsap_Ngou_Im > （鳩）部下平聲,236
hiān,邊,喜堅切,孌 有道行心術老能 邊更也局也通邊 音忐,004_Tie_Siann_Tsap_Ngou_Im > （堅）部下去聲,128
hiān,去,喜堅切,革 金城湯池曰去 堅也固也用其義也,004_Tie_Siann_Tsap_Ngou_Im > （堅）部下去聲,128
hiān,憲,喜堅切,法度也憲事上憲大憲,004_Tie_Siann_Tsap_Ngou_Im > （堅）部下去聲,129
hiān,獻,喜堅切,獻功獻侍,004_Tie_Siann_Tsap_Ngou_Im > （堅）部下去聲,130
hiān,獻,喜堅切,也獻評也獻獄斷,004_Tie_Siann_Tsap_Ngou_Im > （堅）部下去聲,130
hiān,訟,喜堅切,獄也,004_Tie_Siann_Tsap_Ngou_Im > （堅）部下去聲,130
hiān,巖,喜堅切,山稱也,004_Tie_Siann_Tsap_Ngou_Im > （堅）部下去聲,130
hiān,向,喜堅切,封面曰向生,004_Tie_Siann_Tsap_Ngou_Im > （堅）部下去聲,130
hiān,飼,喜堅切,飼拊納飼,004_Tie_Siann_Tsap_Ngou_Im > （堅）部下去聲,130
hiān,惆,喜堅切,戚展也,004_Tie_Siann_Tsap_Ngou_Im > （堅）部下去聲,130
hiān,見,喜堅切,言,004_Tie_Siann_Tsap_Ngou_Im > （堅）部下去聲,130
hiān,鵑,喜堅切,也現,004_Tie_Siann_Tsap_Ngou_Im > （堅）部下去聲,130
hiān,觀,喜堅切,視也又,004_Tie_Siann_Tsap_Ngou_Im > （堅）部下去聲,130
hiān,什,喜堅切,也,004_Tie_Siann_Tsap_Ngou_Im > （堅）部下去聲,130
hiān,覺,喜堅切,覺禱又覺,004_Tie_Siann_Tsap_Ngou_Im > （堅）部下去聲,130
hiān,鐘,喜堅切,鐘端鐘,004_Tie_Siann_Tsap_Ngou_Im > （堅）部下去聲,130
hiān,畔,喜堅切,也歲畔,004_Tie_Siann_Tsap_Ngou_Im > （堅）部下去聲,130
hiān,端,喜堅切,又夸,004_Tie_Siann_Tsap_Ngou_Im > （堅）部下去聲,130
hiān,鄉,喜堅切,同向曰鄉着,004_Tie_Siann_Tsap_Ngou_Im > （堅）部下去聲,130
hiān,今,喜堅切,着今告告也,004_Tie_Siann_Tsap_Ngou_Im > （堅）部下去聲,130
hiū,臭,喜鳩切,味惡也威,004_Tie_Siann_Tsap_Ngou_Im > （鳩）部下去聲,238
hiū,覆,喜鳩切,上覆下曰覆天之所覆,004_Tie_Siann_Tsap_Ngou_Im > （鳩）部下去聲,238
hiū,嗅,喜鳩切,養氣也,004_Tie_Siann_Tsap_Ngou_Im > （鳩）部下去聲,238
hiū,槤,喜鳩切,熟桑葚,004_Tie_Siann_Tsap_Ngou_Im > （鳩）部下去聲,238
hiū,臭,喜鳩切,物之屬,004_Tie_Siann_Tsap_Ngou_Im > （鳩）部下去聲,238
hiū,臭,喜鳩切,也,004_Tie_Siann_Tsap_Ngou_Im > （鳩）部下去聲,238
hiū,死,喜鳩切,囟臭惡威,004_Tie_Siann_Tsap_Ngou_Im > （鳩）部下去聲,238
hiū,之,喜鳩切,氣也,004_Tie_Siann_Tsap_Ngou_Im > （鳩）部下去聲,238
hi̍p,瞙,喜金切,目疾視物不現曰瞙,004_Tie_Siann_Tsap_Ngou_Im > （金）部下入聲,54
hng,方,喜扛切,東西南北四方 又也 末 方 韵 方,004_Tie_Siann_Tsap_Ngou_Im > （扛）部上平聲,286
hng,荒,喜扛切,田園 燕曰 荒 荒 土音,004_Tie_Siann_Tsap_Ngou_Im > （扛）部上平聲,286
hn̂g,園,喜扛切,田園林園花園菜園他園,004_Tie_Siann_Tsap_Ngou_Im > （扛）部下平聲,288
hn̍gh,旺,喜扛切,也起也風,004_Tie_Siann_Tsap_Ngou_Im > （扛）部下入聲,293
hn̍gh,於,喜扛切,詩起也哀,004_Tie_Siann_Tsap_Ngou_Im > （扛）部下入聲,293
hn̍gh,同,喜扛切,上,004_Tie_Siann_Tsap_Ngou_Im > （扛）部下入聲,293
hn̍gh,通,喜扛切,元,004_Tie_Siann_Tsap_Ngou_Im > （扛）部下入聲,293
ho,和,喜歌切,和相和又,004_Tie_Siann_Tsap_Ngou_Im > （歌）部上平聲,189
ho,其,喜歌切,也善也,004_Tie_Siann_Tsap_Ngou_Im > （歌）部上平聲,189
hoh,財,喜姑切,腮財食,004_Tie_Siann_Tsap_Ngou_Im > （姑）部上入聲,82
hoh,鎮,喜姑切,金鎮,004_Tie_Siann_Tsap_Ngou_Im > （姑）部上入聲,82
hoh,賀,喜歌切,與人誌喜日賀戌賀號以之名物曰賀名賀別賀字賀,004_Tie_Siann_Tsap_Ngou_Im > （歌）部上入聲,190
hoh,号,喜歌切,同上,004_Tie_Siann_Tsap_Ngou_Im > （歌）部上入聲,190
ho̍h,白,喜歌切,白化白,004_Tie_Siann_Tsap_Ngou_Im > （歌）部下入聲,197
ho̍h,肘,喜歌切,肘肘冠,004_Tie_Siann_Tsap_Ngou_Im > （歌）部下入聲,197
ho̍h,同,喜歌切,上,004_Tie_Siann_Tsap_Ngou_Im > （歌）部下入聲,197
hu,夫,喜龜切,衣夫榾－子－婿－二,004_Tie_Siann_Tsap_Ngou_Im > （龜）部上平聲,309
hu,數,喜龜切,用也－用－陳行,004_Tie_Siann_Tsap_Ngou_Im > （龜）部上平聲,309
hu,膚,喜龜切,肌－皮－髮－,004_Tie_Siann_Tsap_Ngou_Im > （龜）部上平聲,309
hu,孚,喜龜切,信也中－相－,004_Tie_Siann_Tsap_Ngou_Im > （龜）部上平聲,309
hu,蚨,喜龜切,育－錢之別名,004_Tie_Siann_Tsap_Ngou_Im > （龜）部上平聲,309
hu,停,喜龜切,取也歡也獲也,004_Tie_Siann_Tsap_Ngou_Im > （龜）部上平聲,309
hu,腐,喜龜切,朽也敗,004_Tie_Siann_Tsap_Ngou_Im > （龜）部上平聲,309
hu,茅,喜龜切,蔬－之親麻有子也,004_Tie_Siann_Tsap_Ngou_Im > （龜）部上平聲,309
hu,瑰,喜龜切,斌－石似,004_Tie_Siann_Tsap_Ngou_Im > （龜）部上平聲,309
hu,跋,喜龜切,跑－大,004_Tie_Siann_Tsap_Ngou_Im > （龜）部上平聲,309
hu,鄭,喜龜切,名－州地,004_Tie_Siann_Tsap_Ngou_Im > （龜）部上平聲,309
hu,礁,喜龜切,斌亂馬玉,004_Tie_Siann_Tsap_Ngou_Im > （龜）部上平聲,309
hu,秩,喜龜切,黑栢也,004_Tie_Siann_Tsap_Ngou_Im > （龜）部上平聲,309
hu,鐵,喜龜切,－銕斧,004_Tie_Siann_Tsap_Ngou_Im > （龜）部上平聲,309
hu,趟,喜龜切,參皮也,004_Tie_Siann_Tsap_Ngou_Im > （龜）部上平聲,309
huak,身,喜光切,體－膚,004_Tie_Siann_Tsap_Ngou_Im > （光）部上入聲,204
huak,教,喜光切,－治－王－,004_Tie_Siann_Tsap_Ngou_Im > （光）部上入聲,204
huak,範,喜光切,也術也設－,004_Tie_Siann_Tsap_Ngou_Im > （光）部上入聲,204
huak,上,喜光切,古同,004_Tie_Siann_Tsap_Ngou_Im > （光）部上入聲,204
huak,言,喜光切,多而不止者曰－饑人貪食者曰徒備十,004_Tie_Siann_Tsap_Ngou_Im > （光）部上入聲,204
huak,多,喜光切,變又齧也,004_Tie_Siann_Tsap_Ngou_Im > （光）部上入聲,204
huak,共,喜光切,食之也又齧也,004_Tie_Siann_Tsap_Ngou_Im > （光）部上入聲,204
huak,口,喜光切,毛飲也同嗄,004_Tie_Siann_Tsap_Ngou_Im > （光）部上入聲,204
huak,手,喜光切,拾取也如拾物然,004_Tie_Siann_Tsap_Ngou_Im > （光）部上入聲,204
huak,也,喜光切,同嗄飲,004_Tie_Siann_Tsap_Ngou_Im > （光）部上入聲,204
huan,歡,喜官切,俗有事親朋宵來,004_Tie_Siann_Tsap_Ngou_Im > （官）部上平聲,139
huan,慶,喜官切,省者皆曰－喜,004_Tie_Siann_Tsap_Ngou_Im > （官）部上平聲,139
huang,風,喜光切,天地之氣也風兩風雲,004_Tie_Siann_Tsap_Ngou_Im > （光）部上平聲,199
huang,歡,喜光切,心神和悅也歡喜歡心,004_Tie_Siann_Tsap_Ngou_Im > （光）部上平聲,199
huang,育,喜光切,高下也,004_Tie_Siann_Tsap_Ngou_Im > （光）部上平聲,199
huang,幡,喜光切,幟幡祈,004_Tie_Siann_Tsap_Ngou_Im > （光）部上平聲,199
huang,謹,喜光切,謹聲諠謹也,004_Tie_Siann_Tsap_Ngou_Im > （光）部上平聲,199
huang,驢,喜光切,人名萬驢,004_Tie_Siann_Tsap_Ngou_Im > （光）部上平聲,199
huang,謊,喜光切,言也,004_Tie_Siann_Tsap_Ngou_Im > （光）部上平聲,199
huang,慌,喜光切,忙也慌忽,004_Tie_Siann_Tsap_Ngou_Im > （光）部上平聲,199
huang,懵,喜光切,也心覺動,004_Tie_Siann_Tsap_Ngou_Im > （光）部上平聲,199
huang,坊,喜光切,芒里名,004_Tie_Siann_Tsap_Ngou_Im > （光）部上平聲,200
huang,不,喜光切,顯也,004_Tie_Siann_Tsap_Ngou_Im > （光）部上平聲,202
huang,也,喜光切,洋陣,004_Tie_Siann_Tsap_Ngou_Im > （光）部上平聲,202
huang,定,喜光切,也佛不,004_Tie_Siann_Tsap_Ngou_Im > （光）部上平聲,202
huang,法,喜光切,法式法,004_Tie_Siann_Tsap_Ngou_Im > （光）部上平聲,202
huang,舟,喜光切,也又舟師也,004_Tie_Siann_Tsap_Ngou_Im > （光）部上平聲,202
huang,不,喜光切,定也髣髴,004_Tie_Siann_Tsap_Ngou_Im > （光）部上平聲,202
huang,不,喜光切,明也睇視之,004_Tie_Siann_Tsap_Ngou_Im > （光）部上平聲,202
hua̍k,又,喜光切,征又,004_Tie_Siann_Tsap_Ngou_Im > （光）部下入聲,212
hua̍k,山,喜光切,之竇也,004_Tie_Siann_Tsap_Ngou_Im > （光）部下入聲,212
hua̍k,上,喜光切,吉上居,004_Tie_Siann_Tsap_Ngou_Im > （光）部下入聲,212
hua̍k,重,喜光切,弟也,004_Tie_Siann_Tsap_Ngou_Im > （光）部下入聲,212
hua̍k,力,喜光切,力困力,004_Tie_Siann_Tsap_Ngou_Im > （光）部下入聲,212
hua̍k,刑,喜光切,刑賞,004_Tie_Siann_Tsap_Ngou_Im > （光）部下入聲,212
hua̍k,也,喜光切,深室,004_Tie_Siann_Tsap_Ngou_Im > （光）部下入聲,212
hua̍k,水,喜光切,使穴,004_Tie_Siann_Tsap_Ngou_Im > （光）部下入聲,212
hua̍k,出,喜光切,也,004_Tie_Siann_Tsap_Ngou_Im > （光）部下入聲,212
hua̍k,又,喜光切,好也,004_Tie_Siann_Tsap_Ngou_Im > （光）部下入聲,212
hua̍k,婦,喜光切,人之說,004_Tie_Siann_Tsap_Ngou_Im > （光）部下入聲,212
hua̍k,水,喜光切,也,004_Tie_Siann_Tsap_Ngou_Im > （光）部下入聲,212
hua̍k,竹,喜光切,筏,004_Tie_Siann_Tsap_Ngou_Im > （光）部下入聲,212
hua̍k,左,喜光切,右門也,004_Tie_Siann_Tsap_Ngou_Im > （光）部下入聲,212
hua̍k,也,喜光切,無僝,004_Tie_Siann_Tsap_Ngou_Im > （光）部下入聲,212
hua̍k,非,喜光切,洲非是非又非常非威貌茂,004_Tie_Siann_Tsap_Ngou_Im > （光）部下入聲,214
hua̍k,菲,喜光切,芳菲盛貌,004_Tie_Siann_Tsap_Ngou_Im > （光）部下入聲,214
hua̍k,輝,喜光切,光輝 輝大,004_Tie_Siann_Tsap_Ngou_Im > （光）部下入聲,214
hua̍k,煇,喜光切,同上,004_Tie_Siann_Tsap_Ngou_Im > （光）部下入聲,214
hua̍k,暉,喜光切,也日月光,004_Tie_Siann_Tsap_Ngou_Im > （光）部下入聲,214
hua̍k,翿,喜光切,翿翠有色馬也 翿 翿毫翿指翿場,004_Tie_Siann_Tsap_Ngou_Im > （光）部下入聲,214
hua̍k,揮,喜光切,揮 揮,004_Tie_Siann_Tsap_Ngou_Im > （光）部下入聲,214
hua̍k,廡,喜光切,廡門也柴 廡蓬,004_Tie_Siann_Tsap_Ngou_Im > （光）部下入聲,214
hua̍k,斐,喜光切,斐,004_Tie_Siann_Tsap_Ngou_Im > （光）部下入聲,214
hua̍k,妃,喜光切,待宮中之,004_Tie_Siann_Tsap_Ngou_Im > （光）部下入聲,214
hua̍k,廛,喜光切,官廛下鋪武之訓,004_Tie_Siann_Tsap_Ngou_Im > （光）部下入聲,214
hua̍k,駑,喜光切,駑馬也,004_Tie_Siann_Tsap_Ngou_Im > （光）部下入聲,214
hua̍k,徽,喜光切,國徽美也又名國之旂號曰 徽又地名安徽,004_Tie_Siann_Tsap_Ngou_Im > （光）部下入聲,214
hua̍k,驢,喜光切,逓足曰驢駿馬也又馬,004_Tie_Siann_Tsap_Ngou_Im > （光）部下入聲,214
hua̍k,霏,喜光切,霏細雨,004_Tie_Siann_Tsap_Ngou_Im > （光）部下入聲,214
hua̍k,斐,喜光切,來覺 斐往,004_Tie_Siann_Tsap_Ngou_Im > （光）部下入聲,214
hua̍k,鱗,喜光切,海魚有莫乘風乾天,004_Tie_Siann_Tsap_Ngou_Im > （光）部下入聲,214
hua̍k,舉,喜光切,大瓶也,004_Tie_Siann_Tsap_Ngou_Im > （光）部下入聲,214
hueh,血,喜瓜切,內之��膏白血,004_Tie_Siann_Tsap_Ngou_Im > （瓜）部上入聲,343
hueh,同,喜瓜切,同義白同脉,004_Tie_Siann_Tsap_Ngou_Im > （瓜）部上入聲,343
huih,缶,喜歸切,磁器也陶器也缶室缶品,004_Tie_Siann_Tsap_Ngou_Im > （歸）部上入聲,219
huih,缶,喜歸切,同上,004_Tie_Siann_Tsap_Ngou_Im > （歸）部上入聲,219
huih,惠,喜歸切,心靈曰惠心以物,004_Tie_Siann_Tsap_Ngou_Im > （歸）部上入聲,221
huih,惠,喜歸切,魔人曰惠腸,004_Tie_Siann_Tsap_Ngou_Im > （歸）部上入聲,221
huih,億,喜歸切,同上受人之物,004_Tie_Siann_Tsap_Ngou_Im > （歸）部上入聲,221
huih,日,喜歸切,本日安日,004_Tie_Siann_Tsap_Ngou_Im > （歸）部上入聲,221
huih,慧,喜歸切,敏捷曰慧聰慧智慧,004_Tie_Siann_Tsap_Ngou_Im > （歸）部上入聲,221
huih,又,喜歸切,星名又星,004_Tie_Siann_Tsap_Ngou_Im > （歸）部上入聲,221
huih,琴,喜歸切,即普見又琴星,004_Tie_Siann_Tsap_Ngou_Im > （歸）部上入聲,221
huih,金,喜歸切,星之際乱,004_Tie_Siann_Tsap_Ngou_Im > （歸）部上入聲,221
huih,蕙,喜歸切,香草蘭之類也蘭蕙,004_Tie_Siann_Tsap_Ngou_Im > （歸）部上入聲,221
hun,芬,喜君切,香草 又烏芬 黃芬,004_Tie_Siann_Tsap_Ngou_Im > （君）部上平聲,7
hun,分,喜君切,十厘曰分 十分曰錢,004_Tie_Siann_Tsap_Ngou_Im > （君）部上平聲,7
hun,葷,喜君切,葷素 又辛菜也,004_Tie_Siann_Tsap_Ngou_Im > （君）部上平聲,7
hun,汾,喜君切,汾陽水名,004_Tie_Siann_Tsap_Ngou_Im > （君）部上平聲,7
hun,紛,喜君切,紛紛 言事之繁,004_Tie_Siann_Tsap_Ngou_Im > （君）部上平聲,7
hun,昏,喜君切,入暮曰黃昏,004_Tie_Siann_Tsap_Ngou_Im > （君）部上平聲,7
hun,𣄼,喜君切,同昏 日入地也,004_Tie_Siann_Tsap_Ngou_Im > （君）部上平聲,7
hun,𠉣,喜君切,闇也 又幽𠉣,004_Tie_Siann_Tsap_Ngou_Im > （君）部上平聲,7
hun,惛,喜君切,不明也 又不憭也,004_Tie_Siann_Tsap_Ngou_Im > （君）部上平聲,7
hun,婚,喜君切,婚姻 嫁娶也,004_Tie_Siann_Tsap_Ngou_Im > （君）部上平聲,7
hun,緍,喜君切,絲綸也,004_Tie_Siann_Tsap_Ngou_Im > （君）部上平聲,7
hun,濆,喜君切,水涯也,004_Tie_Siann_Tsap_Ngou_Im > （君）部上平聲,7
hun,坌,喜君切,塵也 聚也 𠀤也,004_Tie_Siann_Tsap_Ngou_Im > （君）部上平聲,7
hun,怋,喜君切,悶也 不明也,004_Tie_Siann_Tsap_Ngou_Im > （君）部上平聲,7
hun,棼,喜君切,屋棟也 又亂也 木多也,004_Tie_Siann_Tsap_Ngou_Im > （君）部上平聲,7
hun,氛,喜君切,氛氲 祥氣也,004_Tie_Siann_Tsap_Ngou_Im > （君）部上平聲,7
hun,肦,喜君切,賦也 大首也,004_Tie_Siann_Tsap_Ngou_Im > （君）部上平聲,7
hun,䁕,喜君切,日不明也,004_Tie_Siann_Tsap_Ngou_Im > （君）部上平聲,7
hun,閽,喜君切,守宮門也 閽人,004_Tie_Siann_Tsap_Ngou_Im > （君）部上平聲,7
hun,渾,喜君切,濁也 大也 什流也,004_Tie_Siann_Tsap_Ngou_Im > （君）部上平聲,7
hun,溷,喜君切,濁也 厠也,004_Tie_Siann_Tsap_Ngou_Im > （君）部上平聲,7
hun,濁,喜君切,也,004_Tie_Siann_Tsap_Ngou_Im > （君）部上平聲,17
hun,淨,喜君切,也,004_Tie_Siann_Tsap_Ngou_Im > （君）部上平聲,17
hun,全,喜君切,也,004_Tie_Siann_Tsap_Ngou_Im > （君）部上平聲,17
hun,廓,喜君切,也,004_Tie_Siann_Tsap_Ngou_Im > （君）部上平聲,17
hun,微,喜君切,也,004_Tie_Siann_Tsap_Ngou_Im > （君）部上平聲,17
hut,弗,喜君切,与不同,004_Tie_Siann_Tsap_Ngou_Im > （君）部上入聲,13
hut,拂,喜君切,面拂不顺也拂袖,004_Tie_Siann_Tsap_Ngou_Im > （君）部上入聲,13
hut,沸,喜君切,沸水波曰,004_Tie_Siann_Tsap_Ngou_Im > （君）部上入聲,13
hut,佛,喜君切,定佛彷佛不,004_Tie_Siann_Tsap_Ngou_Im > （君）部上入聲,13
hut,怫,喜君切,忧怫心神不定,004_Tie_Siann_Tsap_Ngou_Im > （君）部上入聲,13
hut,琫,喜君切,琫峥嶒也,004_Tie_Siann_Tsap_Ngou_Im > （君）部上入聲,13
hut,绋,喜君切,执绋送丧绋也又觧绋,004_Tie_Siann_Tsap_Ngou_Im > （君）部上入聲,13
hut,嗶,喜君切,不為之,004_Tie_Siann_Tsap_Ngou_Im > （君）部上入聲,13
hut,祓,喜君切,求服也,004_Tie_Siann_Tsap_Ngou_Im > （君）部上入聲,13
hut,祹,喜君切,祹怒也,004_Tie_Siann_Tsap_Ngou_Im > （君）部上入聲,13
hut,惐,喜君切,沉慶也,004_Tie_Siann_Tsap_Ngou_Im > （君）部上入聲,13
hut,靛,喜君切,怒而色變也,004_Tie_Siann_Tsap_Ngou_Im > （君）部上入聲,13
hut,蹄,喜君切,跳也,004_Tie_Siann_Tsap_Ngou_Im > （君）部上入聲,13
hut,趋,喜君切,走也,004_Tie_Siann_Tsap_Ngou_Im > （君）部上入聲,13
hut,幫,喜君切,似髮幫相,004_Tie_Siann_Tsap_Ngou_Im > （君）部上入聲,13
hut,引,喜君切,桿,004_Tie_Siann_Tsap_Ngou_Im > （君）部上入聲,13
hut,田,喜君切,昆頭也,004_Tie_Siann_Tsap_Ngou_Im > （君）部上入聲,13
hut,忽,喜君切,忽然言,004_Tie_Siann_Tsap_Ngou_Im > （君）部上入聲,13
hut,莫,喜君切,道也,004_Tie_Siann_Tsap_Ngou_Im > （君）部上入聲,13
hut,惪,喜君切,求福除,004_Tie_Siann_Tsap_Ngou_Im > （君）部上入聲,13
hut,繳,喜君切,也輔繳彭,004_Tie_Siann_Tsap_Ngou_Im > （君）部上入聲,13
hut,嘗,喜君切,目不明,004_Tie_Siann_Tsap_Ngou_Im > （君）部上入聲,13
hut,芻,喜君切,芻朝堂貌,004_Tie_Siann_Tsap_Ngou_Im > （君）部上入聲,13
hut,带,喜君切,也草茂截欲疾也,004_Tie_Siann_Tsap_Ngou_Im > （君）部上入聲,13
huâi,懷,喜乖切,胸懷忠怀同上心有槐王氏三懷花淮江懷河漢水之道也,004_Tie_Siann_Tsap_Ngou_Im > （乖）部下平聲,280
huâi,單,喜乖切,此單字其餘俱係空音不錄,004_Tie_Siann_Tsap_Ngou_Im > （乖）部下平聲,280
huâi,壞,喜乖切,物之破敗者曰壞物壞事,004_Tie_Siann_Tsap_Ngou_Im > （乖）部下平聲,280
huâi,單,喜乖切,此單字其餘俱係空音不錄,004_Tie_Siann_Tsap_Ngou_Im > （乖）部下平聲,280
huâi,空,喜乖切,音不錄,004_Tie_Siann_Tsap_Ngou_Im > （乖）部下平聲,280
huân,軒,喜官切,－覺熟而有痔出則曰,004_Tie_Siann_Tsap_Ngou_Im > （官）部下平聲,142
huâng,糊,喜光切,也糊光,004_Tie_Siann_Tsap_Ngou_Im > （光）部下平聲,206
huâng,也,喜光切,視物不明也仿也愰也惚也慍也惶,004_Tie_Siann_Tsap_Ngou_Im > （光）部下平聲,206
huâng,妣,喜光切,乳妮之丹也,004_Tie_Siann_Tsap_Ngou_Im > （光）部下平聲,206
huâng,泥,喜光切,津之暫泥船泥隍城也又墟泥,004_Tie_Siann_Tsap_Ngou_Im > （光）部下平聲,206
huâng,純,喜光切,常也投又僥純自富也,004_Tie_Siann_Tsap_Ngou_Im > （光）部下平聲,206
huâng,又,喜光切,愁也刺也又疾也,004_Tie_Siann_Tsap_Ngou_Im > （光）部下平聲,206
huâng,天,喜光切,子封號內義也義天字姓也,004_Tie_Siann_Tsap_Ngou_Im > （光）部下平聲,206
huâng,以,喜光切,某某等也又同上可,004_Tie_Siann_Tsap_Ngou_Im > （光）部下平聲,206
huâng,類,喜光切,類蓋類藤類樂品璜玉類半桓也天木名垣也城也坦基界遺墊城類省類垓若為名,004_Tie_Siann_Tsap_Ngou_Im > （光）部下平聲,206
huâng,妨,喜光切,妨架持妨告又長惡妨薬童也凮凮妨高之王也筦筦也祭妨蜻蜻妨茴者也,004_Tie_Siann_Tsap_Ngou_Im > （光）部下平聲,206
huâng,不,喜光切,簡也榿不平不玉不不城不法也凡洁不磁繁不道尝漂也水暴流,004_Tie_Siann_Tsap_Ngou_Im > （光）部下平聲,206
huâng,芳,喜光切,摻芳几常也出也芳人蝶蝶全疊凩也罍墙墙也鑲曰芳乎芳紫也道尝漂也水暴流,004_Tie_Siann_Tsap_Ngou_Im > （光）部下平聲,206
huâng,鎵,喜光切,金每六兩曰鎵圓同也過謀忠也智也,004_Tie_Siann_Tsap_Ngou_Im > （光）部下平聲,207
huâng,燚,喜光切,會也慷同上,004_Tie_Siann_Tsap_Ngou_Im > （光）部下平聲,207
huâng,姮,喜光切,娥月中神仙女也宮宮也學漢高而不行之水名也徑德姮心不定貌,004_Tie_Siann_Tsap_Ngou_Im > （光）部下平聲,207
huâng,亂,喜光切,不治曰亂擾援不達曰亂,004_Tie_Siann_Tsap_Ngou_Im > （光）部下平聲,207
huâng,乱,喜光切,同上住賊子,004_Tie_Siann_Tsap_Ngou_Im > （光）部下平聲,207
huâng,叛,喜光切,不服曰叛反叛,004_Tie_Siann_Tsap_Ngou_Im > （光）部下平聲,207
huâng,出,喜光切,仕為官曰出,004_Tie_Siann_Tsap_Ngou_Im > （光）部下平聲,208
huâng,同,喜光切,上同家,004_Tie_Siann_Tsap_Ngou_Im > （光）部下平聲,208
huâng,旗,喜光切,括也,004_Tie_Siann_Tsap_Ngou_Im > （光）部下平聲,208
huâng,又,喜光切,皆也,004_Tie_Siann_Tsap_Ngou_Im > （光）部下平聲,208
huâng,姓,喜光切,草名又,004_Tie_Siann_Tsap_Ngou_Im > （光）部下平聲,208
huâng,氏,喜光切,名,004_Tie_Siann_Tsap_Ngou_Im > （光）部下平聲,208
huâng,與,喜光切,涗同,004_Tie_Siann_Tsap_Ngou_Im > （光）部下平聲,208
huâng,病,喜光切,也畏,004_Tie_Siann_Tsap_Ngou_Im > （光）部下平聲,208
huâng,遇,喜光切,之不得,004_Tie_Siann_Tsap_Ngou_Im > （光）部下平聲,208
huâng,曰,喜光切,曰曰罪,004_Tie_Siann_Tsap_Ngou_Im > （光）部下平聲,208
huâng,謀,喜光切,謀師謀,004_Tie_Siann_Tsap_Ngou_Im > （光）部下平聲,208
huâng,同,喜光切,上,004_Tie_Siann_Tsap_Ngou_Im > （光）部下平聲,208
huâng,畜,喜光切,也,004_Tie_Siann_Tsap_Ngou_Im > （光）部下平聲,208
huān,對,喜官切,折曰－又上弦下弦,004_Tie_Siann_Tsap_Ngou_Im > （官）部下去聲,143
huān,皆,喜官切,月之半曰月半弓,004_Tie_Siann_Tsap_Ngou_Im > （官）部下去聲,143
huāng,燠,喜光切,如火之燠熱,004_Tie_Siann_Tsap_Ngou_Im > （光）部下去聲,210
huāng,光,喜光切,輝也照 販 作商曰貨,004_Tie_Siann_Tsap_Ngou_Im > （光）部下去聲,210
huāng,幻,喜光切,以為風真曰幻,004_Tie_Siann_Tsap_Ngou_Im > （光）部下去聲,210
huāng,化,喜光切,也術化境訪 曰化異所,004_Tie_Siann_Tsap_Ngou_Im > （光）部下去聲,210
huāng,呆,喜光切,大也,004_Tie_Siann_Tsap_Ngou_Im > （光）部下去聲,210
huāng,放,喜光切,検束不真放,004_Tie_Siann_Tsap_Ngou_Im > （光）部下去聲,210
huāng,浪,喜光切,浪心浪耳喚 亦浪叫浪叫浪,004_Tie_Siann_Tsap_Ngou_Im > （光）部下去聲,210
huāng,間,喜光切,門小開以寬堂,004_Tie_Siann_Tsap_Ngou_Im > （光）部下去聲,210
huāng,猶,喜光切,窗視覺,004_Tie_Siann_Tsap_Ngou_Im > （光）部下去聲,210
hu̍t,佛,喜君切,釋教日佛,004_Tie_Siann_Tsap_Ngou_Im > （君）部下入聲,20
hu̍t,教,喜君切,神教,004_Tie_Siann_Tsap_Ngou_Im > （君）部下入聲,20
hu̍t,核,喜君切,家内有子曰核,004_Tie_Siann_Tsap_Ngou_Im > （君）部下入聲,20
hu̍t,用,喜君切,其義也,004_Tie_Siann_Tsap_Ngou_Im > （君）部下入聲,20
hài,害,喜皆切,災害貽害禍害又,004_Tie_Siann_Tsap_Ngou_Im > （皆）部上去聲,149
hài,嫁,喜皆切,禍于人曰陷嫁,004_Tie_Siann_Tsap_Ngou_Im > （皆）部上去聲,149
hàm,臨,喜甘切,臨坑也,004_Tie_Siann_Tsap_Ngou_Im > （甘）部上去聲,332
hàm,陷,喜甘切,同上也,004_Tie_Siann_Tsap_Ngou_Im > （甘）部上去聲,332
hàm,藍,喜甘切,似青色深,004_Tie_Siann_Tsap_Ngou_Im > （甘）部上去聲,334
hàm,又,喜甘切,－綵 禮 衣也複紗,004_Tie_Siann_Tsap_Ngou_Im > （甘）部上去聲,334
hàm,喃,喜甘切,語也呢－燕,004_Tie_Siann_Tsap_Ngou_Im > （甘）部上去聲,334
hàm,諦,喜甘切,言也,004_Tie_Siann_Tsap_Ngou_Im > （甘）部上去聲,334
hàm,懷,喜甘切,同上,004_Tie_Siann_Tsap_Ngou_Im > （甘）部上去聲,334
hàm,成,喜甘切,與某共之也,004_Tie_Siann_Tsap_Ngou_Im > （甘）部上去聲,336
hàm,知,喜甘切,與宜 鳥,004_Tie_Siann_Tsap_Ngou_Im > （甘）部上去聲,336
hàm,画,喜甘切,書 對 色 又,004_Tie_Siann_Tsap_Ngou_Im > （甘）部上去聲,336
hàm,涵,喜甘切,廣容曰 包 水 海,004_Tie_Siann_Tsap_Ngou_Im > （甘）部上去聲,336
hàm,衜,喜甘切,中會篇曰 合 官,004_Tie_Siann_Tsap_Ngou_Im > （甘）部上去聲,336
hàm,誠,喜甘切,和也誠,004_Tie_Siann_Tsap_Ngou_Im > （甘）部上去聲,336
hàm,含,喜甘切,以口銜物曰 嗝 笑 容,004_Tie_Siann_Tsap_Ngou_Im > （甘）部上去聲,336
hàm,結,喜甘切,草 以口 物也 環,004_Tie_Siann_Tsap_Ngou_Im > （甘）部上去聲,336
hàm,菡,喜甘切,末 芯之意范,004_Tie_Siann_Tsap_Ngou_Im > （甘）部上去聲,336
hàm,珍,喜甘切,瓊 輸物,004_Tie_Siann_Tsap_Ngou_Im > （甘）部上去聲,336
hâi,孩,喜皆切,嬰孩兒孩小孩 骸 尸孩 諧 和孩稱也 合也 胚 胎之始也 孩胎,004_Tie_Siann_Tsap_Ngou_Im > （皆）部下平聲,151
hâi,十,喜皆切,二支辰之十也,004_Tie_Siann_Tsap_Ngou_Im > （皆）部下平聲,152
hâi,吐,喜皆切,也同上又唱,004_Tie_Siann_Tsap_Ngou_Im > （皆）部下平聲,152
hâi,怠,喜皆切,也情也少怠,004_Tie_Siann_Tsap_Ngou_Im > （皆）部下平聲,152
hâi,奇,喜皆切,也非常也,004_Tie_Siann_Tsap_Ngou_Im > （皆）部下平聲,152
hâi,軍,喜皆切,軍軍器也又形具也,004_Tie_Siann_Tsap_Ngou_Im > （皆）部下平聲,152
hâng,寒,喜江切,寒則加衣有小寒大寒,004_Tie_Siann_Tsap_Ngou_Im > （江）部下平聲,255
hâng,寒,喜江切,凍 同上寒,004_Tie_Siann_Tsap_Ngou_Im > （江）部下平聲,255
hâng,杭,喜江切,地名杭州上杭,004_Tie_Siann_Tsap_Ngou_Im > （江）部下平聲,255
hâng,韓,喜江切,姓也國也又并垣也翰韓書韓文,004_Tie_Siann_Tsap_Ngou_Im > （江）部下平聲,255
hâng,降,喜江切,降投降歸降兵降年,004_Tie_Siann_Tsap_Ngou_Im > （江）部下平聲,255
hâng,行,喜江切,行行鋪司行雁行,004_Tie_Siann_Tsap_Ngou_Im > （江）部下平聲,255
hâu,豪,喜高切,－餅棋 亳足銀－ 秋－ 濃嫁同－又 隩曰－ 豪共－也 壕－即河也城下池－城下道,004_Tie_Siann_Tsap_Ngou_Im > （高）部下平聲,38
hâu,瀨,喜高切,白也　大乃人,004_Tie_Siann_Tsap_Ngou_Im > （高）部下平聲,39
hâu,勁,喜高切,功験也勁力変之,004_Tie_Siann_Tsap_Ngou_Im > （高）部下平聲,39
hâu,劾,喜高切,法也威也　法又微間,004_Tie_Siann_Tsap_Ngou_Im > （高）部下平聲,39
hâu,校,喜高切,學堂乩學校納,004_Tie_Siann_Tsap_Ngou_Im > （高）部下平聲,39
hâu,恔,喜高切,快也,004_Tie_Siann_Tsap_Ngou_Im > （高）部下平聲,39
hâu,數,喜高切,敎也,004_Tie_Siann_Tsap_Ngou_Im > （高）部下平聲,39
hâu,孝,喜高切,行孝孝傳孝孝傳孝,004_Tie_Siann_Tsap_Ngou_Im > （高）部下平聲,41
hâu,侍,喜高切,大兄,004_Tie_Siann_Tsap_Ngou_Im > （高）部下平聲,41
hãng,限,喜江切,有限期限項又姓 止也界也,004_Tie_Siann_Tsap_Ngou_Im > （江）部下上聲,257
hãng,開,喜江切,門開門也,004_Tie_Siann_Tsap_Ngou_Im > （江）部下上聲,257
hãng,捍,喜江切,捍痫也,004_Tie_Siann_Tsap_Ngou_Im > （江）部下上聲,257
hãng,天,喜江切,天江淮河天,004_Tie_Siann_Tsap_Ngou_Im > （江）部下上聲,259
hãng,朝,喜江切,大朝好,004_Tie_Siann_Tsap_Ngou_Im > （江）部下上聲,259
hãng,樸,喜江切,樸,004_Tie_Siann_Tsap_Ngou_Im > （江）部下上聲,259
hãng,汗,喜江切,同漢,004_Tie_Siann_Tsap_Ngou_Im > （江）部下上聲,259
hãng,勤,喜江切,勤木勤,004_Tie_Siann_Tsap_Ngou_Im > （江）部下上聲,260
hãng,嘗,喜江切,嘗古,004_Tie_Siann_Tsap_Ngou_Im > （江）部下上聲,260
hãng,小,喜江切,鷥也又,004_Tie_Siann_Tsap_Ngou_Im > （江）部下上聲,260
hè,夏,喜家切,四季之夏 炎夏九夏 大夏巨 厦 屋也,004_Tie_Siann_Tsap_Ngou_Im > （家）部上去聲,23
hè,歡,喜佳切,休息也 宿 眠上止也 回－店又,004_Tie_Siann_Tsap_Ngou_Im > （佳）部上去聲,326
hê,鰕,喜家切,魚鰕有節衣鋪,004_Tie_Siann_Tsap_Ngou_Im > （家）部下平聲,26
hê,蝦,喜家切,魚同上佝,004_Tie_Siann_Tsap_Ngou_Im > （家）部下平聲,26
hê,瘕,喜家切,瘕瘕女人之病,004_Tie_Siann_Tsap_Ngou_Im > （家）部下平聲,26
hê,靈,喜佳切,雲－紫 暇 間－不 遐 通－近也 瑕 玉有疵,004_Tie_Siann_Tsap_Ngou_Im > （佳）部下平聲,326
hêng,影,喜弓切,影象牧,004_Tie_Siann_Tsap_Ngou_Im > （弓）部下平聲,301
hêng,吳,喜弓切,相吳法吳行吳前吳,004_Tie_Siann_Tsap_Ngou_Im > （弓）部下平聲,301
hêng,月,喜弓切,月情月,004_Tie_Siann_Tsap_Ngou_Im > （弓）部下平聲,301
hêng,久,喜弓切,也常也,004_Tie_Siann_Tsap_Ngou_Im > （弓）部下平聲,301
hêng,姓,喜弓切,也,004_Tie_Siann_Tsap_Ngou_Im > （弓）部下平聲,301
hêng,也,喜弓切,鑄器,004_Tie_Siann_Tsap_Ngou_Im > （弓）部下平聲,301
hì,字,喜基切,用應作何分歌之詞也,004_Tie_Siann_Tsap_Ngou_Im > （基）部上去聲,103
hìn,現,喜⿴囗君切,兒眼育之所見者曰－又錢－物－,004_Tie_Siann_Tsap_Ngou_Im > （⿴囗君）部上去聲,164
hî,莫,喜基切,何也 僕 名 束比矣 僕 待期也 弦 也弓莫 絃 舷 船莫如莫 觥 絃琴莫線 瞰 也瞙眼,004_Tie_Siann_Tsap_Ngou_Im > （基）部下平聲,107
hîm,熊,喜金切,默名熊,004_Tie_Siann_Tsap_Ngou_Im > （金）部下平聲,49
hîm,虎,喜金切,夢虎,004_Tie_Siann_Tsap_Ngou_Im > （金）部下平聲,49
hîm,鄒,喜金切,姓,004_Tie_Siann_Tsap_Ngou_Im > （金）部下平聲,49
hîm,國,喜金切,名又,004_Tie_Siann_Tsap_Ngou_Im > （金）部下平聲,49
hîm,譚,喜金切,私語也,004_Tie_Siann_Tsap_Ngou_Im > （金）部下平聲,49
hîm,浸,喜金切,冷也,004_Tie_Siann_Tsap_Ngou_Im > （金）部下平聲,49
hîm,錟,喜金切,刻,004_Tie_Siann_Tsap_Ngou_Im > （金）部下平聲,49
hîm,版,喜金切,也,004_Tie_Siann_Tsap_Ngou_Im > （金）部下平聲,49
hîn,乘,喜⿴囗君切,船搖漾之狀曰乘,004_Tie_Siann_Tsap_Ngou_Im > （⿴囗君）部下平聲,167
hîn,生,喜⿴囗君切,卦不笑富視不定如,004_Tie_Siann_Tsap_Ngou_Im > （⿴囗君）部下平聲,167
hîn,方,喜⿴囗君切,物也用力舉,004_Tie_Siann_Tsap_Ngou_Im > （⿴囗君）部下平聲,168
hîn,盡,喜⿴囗君切,物理之至極處曰盡,004_Tie_Siann_Tsap_Ngou_Im > （⿴囗君）部下平聲,168
hîn,除,喜⿴囗君切,求增二音之外上下俱係空音不錄,004_Tie_Siann_Tsap_Ngou_Im > （⿴囗君）部下平聲,168
hîn,輦,喜⿴囗君切,俗謂善舁者曰輦圓者善輦,004_Tie_Siann_Tsap_Ngou_Im > （⿴囗君）部下平聲,168
hîn,遍,喜⿴囗君切,地言夫婦遍偏也布也同上周膚眷名孫遍擯相遍紮有曰遍遍斤儐也相導也殯傳柩于宮遍顰蹙眉又刑刖刑又,004_Tie_Siann_Tsap_Ngou_Im > （⿴囗君）部下平聲,168
hîn,髻,喜⿴囗君切,兩髻蟬,004_Tie_Siann_Tsap_Ngou_Im > （⿴囗君）部下平聲,168
hîn,空,喜⿴囗君切,下棺也,004_Tie_Siann_Tsap_Ngou_Im > （⿴囗君）部下平聲,168
hîn,薩,喜⿴囗君切,類髮也,004_Tie_Siann_Tsap_Ngou_Im > （⿴囗君）部下平聲,168
hîn,絹,喜⿴囗君切,賜絹贈絹縑也,004_Tie_Siann_Tsap_Ngou_Im > （⿴囗君）部下平聲,168
hîn,柳,喜⿴囗君切,圓 部 下 入 聲,004_Tie_Siann_Tsap_Ngou_Im > （⿴囗君）部下平聲,170
hîn,釣,喜⿴囗君切,居歌光歸,004_Tie_Siann_Tsap_Ngou_Im > （⿴囗君）部下平聲,172
hîn,庚,喜⿴囗君切,鳩凰江朥,004_Tie_Siann_Tsap_Ngou_Im > （⿴囗君）部下平聲,172
hñg,速,喜扛切,遞速曰速僅,004_Tie_Siann_Tsap_Ngou_Im > （扛）部下上聲,289
hñg,用,喜扛切,其字義也,004_Tie_Siann_Tsap_Ngou_Im > （扛）部下上聲,289
hòi,寬,喜雞切,菜名寬菜有赤青白寬之別,004_Tie_Siann_Tsap_Ngou_Im > （雞）部上去聲,57
hòin,七,喜肩切,字之外俱是空音故不録,004_Tie_Siann_Tsap_Ngou_Im > （肩）部上去聲,282
hòin,此,喜肩切,六字之外俱是空音不録,004_Tie_Siann_Tsap_Ngou_Im > （肩）部上去聲,283
hòng,轟,喜公切,也雷賁,004_Tie_Siann_Tsap_Ngou_Im > （公）部上去聲,67
hòng,韻,喜公切,車軿也,004_Tie_Siann_Tsap_Ngou_Im > （公）部上去聲,67
hòng,哄,喜公切,衆聲,004_Tie_Siann_Tsap_Ngou_Im > （公）部上去聲,67
hòng,福,喜公切,祐也祥,004_Tie_Siann_Tsap_Ngou_Im > （公）部上去聲,69
hòng,覆,喜公切,重也再也輻覆漾,004_Tie_Siann_Tsap_Ngou_Im > （公）部上去聲,69
hòng,復,喜公切,重衣袴,004_Tie_Siann_Tsap_Ngou_Im > （公）部上去聲,69
hô,何,喜歌切,無定所指也 河 道也 江－木之,004_Tie_Siann_Tsap_Ngou_Im > （歌）部下平聲,193
hô,同,喜歌切,上,004_Tie_Siann_Tsap_Ngou_Im > （歌）部下平聲,195
hôi,還,喜雞切,拍埔原史也,004_Tie_Siann_Tsap_Ngou_Im > （雞）部下平聲,59
hôi,蟹,喜雞切,無腸公子曰蟹,004_Tie_Siann_Tsap_Ngou_Im > （雞）部下平聲,60
hôi,有,喜雞切,甲八足橫行有,004_Tie_Siann_Tsap_Ngou_Im > （雞）部下平聲,60
hõu,兩,喜姑切,地黃也有三名曰天黃人黃,004_Tie_Siann_Tsap_Ngou_Im > （姑）部下上聲,83
hõu,降,喜姑切,而為降甘降,004_Tie_Siann_Tsap_Ngou_Im > （姑）部下上聲,83
hõu,芊,喜姑切,地黃名三而橙芊也超下之義,004_Tie_Siann_Tsap_Ngou_Im > （姑）部下上聲,83
hùn,分,喜君切,不敢妄為曰安分,004_Tie_Siann_Tsap_Ngou_Im > （君）部上去聲,11
hùn,份,喜君切,仝上 應份 己份 守份,004_Tie_Siann_Tsap_Ngou_Im > （君）部上去聲,11
hún,渾,喜君切,混也 濁也,004_Tie_Siann_Tsap_Ngou_Im > （君）部上上聲,10
hún,忿,喜君切,怒也 恨也,004_Tie_Siann_Tsap_Ngou_Im > （君）部上上聲,10
hún,粉,喜君切,白粉 幼也,004_Tie_Siann_Tsap_Ngou_Im > （君）部上上聲,10
hún,憤,喜君切,同盆 發憤 怒也,004_Tie_Siann_Tsap_Ngou_Im > （君）部上上聲,10
hún,僨,喜君切,仝憤 又怒,004_Tie_Siann_Tsap_Ngou_Im > （君）部上上聲,10
hún,坌,喜君切,塗面也,004_Tie_Siann_Tsap_Ngou_Im > （君）部上上聲,10
hún,吩,喜君切,吐氣也,004_Tie_Siann_Tsap_Ngou_Im > （君）部上上聲,10
hún,惲,喜君切,厚也 謀也,004_Tie_Siann_Tsap_Ngou_Im > （君）部上上聲,10
hún,賁,喜君切,大也 又大鼓也,004_Tie_Siann_Tsap_Ngou_Im > （君）部上上聲,10
hún,溷,喜君切,厠也,004_Tie_Siann_Tsap_Ngou_Im > （君）部上上聲,10
hún,肦,喜君切,大首也,004_Tie_Siann_Tsap_Ngou_Im > （君）部上上聲,10
hû,含,喜龜切,含牛頷下肉也又,004_Tie_Siann_Tsap_Ngou_Im > （龜）部下平聲,315
hû,相,喜龜切,相毫支,004_Tie_Siann_Tsap_Ngou_Im > （龜）部下平聲,315
hû,蟲,喜龜切,也蟲蝶飛,004_Tie_Siann_Tsap_Ngou_Im > （龜）部下平聲,315
hû,草,喜龜切,草芦草瓜,004_Tie_Siann_Tsap_Ngou_Im > （龜）部下平聲,315
hû,法,喜龜切,法合法契法,004_Tie_Siann_Tsap_Ngou_Im > （龜）部下平聲,315
hû,兄,喜龜切,兵兄,004_Tie_Siann_Tsap_Ngou_Im > （龜）部下平聲,315
hû,五,喜龜切,五江五海五,004_Tie_Siann_Tsap_Ngou_Im > （龜）部下平聲,315
hû,卷,喜龜切,卷術街,004_Tie_Siann_Tsap_Ngou_Im > （龜）部下平聲,315
hû,食,喜龜切,也,004_Tie_Siann_Tsap_Ngou_Im > （龜）部下平聲,315
hû,疑,喜龜切,疑程疑,004_Tie_Siann_Tsap_Ngou_Im > （龜）部下平聲,315
hû,惑,喜龜切,惑,004_Tie_Siann_Tsap_Ngou_Im > （龜）部下平聲,315
hû,氏,喜龜切,氏桂,004_Tie_Siann_Tsap_Ngou_Im > （龜）部下平聲,315
hû,又,喜龜切,姓,004_Tie_Siann_Tsap_Ngou_Im > （龜）部下平聲,315
hû,也,喜龜切,也獼,004_Tie_Siann_Tsap_Ngou_Im > （龜）部下平聲,315
hû,琏,喜龜切,琏珊,004_Tie_Siann_Tsap_Ngou_Im > （龜）部下平聲,315
hû,矢,喜龜切,懸矢,004_Tie_Siann_Tsap_Ngou_Im > （龜）部下平聲,315
hû,瓶,喜龜切,瓶類胃方,004_Tie_Siann_Tsap_Ngou_Im > （龜）部下平聲,315
hû,圓,喜龜切,之別,004_Tie_Siann_Tsap_Ngou_Im > （龜）部下平聲,315
hû,甘,喜龜切,醍甘性滑味,004_Tie_Siann_Tsap_Ngou_Im > （龜）部下平聲,315
hû,性,喜龜切,牢,004_Tie_Siann_Tsap_Ngou_Im > （龜）部下平聲,315
hûa,和,喜⿴囗瓜切,人眨曰和平和約和昔叶曰和睦苗秀曰嘉和,004_Tie_Siann_Tsap_Ngou_Im > （⿴囗瓜）部下平聲,243
hûa,木,喜⿴囗瓜切,苗秀曰嘉木,004_Tie_Siann_Tsap_Ngou_Im > （⿴囗瓜）部下平聲,243
hûa,華,喜⿴囗瓜切,花開曰華繁華彬美中華,004_Tie_Siann_Tsap_Ngou_Im > （⿴囗瓜）部下平聲,243
hûa,譁,喜⿴囗瓜切,羣仕曰譁萱譁,004_Tie_Siann_Tsap_Ngou_Im > （⿴囗瓜）部下平聲,243
hûa,嘩,喜⿴囗瓜切,同上宜,004_Tie_Siann_Tsap_Ngou_Im > （⿴囗瓜）部下平聲,243
hûa,嶭,喜⿴囗瓜切,山西岳嶭,004_Tie_Siann_Tsap_Ngou_Im > （⿴囗瓜）部下平聲,243
hûa,驊,喜⿴囗瓜切,馬也驊驌良,004_Tie_Siann_Tsap_Ngou_Im > （⿴囗瓜）部下平聲,243
hûa,蘇,喜⿴囗瓜切,諳也同咋字調也,004_Tie_Siann_Tsap_Ngou_Im > （⿴囗瓜）部下平聲,243
hûe,梅,喜瓜切,酒荐也,004_Tie_Siann_Tsap_Ngou_Im > （瓜）部下平聲,343
hûe,棵,喜瓜切,天子未調,004_Tie_Siann_Tsap_Ngou_Im > （瓜）部下平聲,343
hûe,致,喜瓜切,發白致,004_Tie_Siann_Tsap_Ngou_Im > （瓜）部下平聲,343
hûe,腋,喜瓜切,背肉也,004_Tie_Siann_Tsap_Ngou_Im > （瓜）部下平聲,343
hûe,苺,喜瓜切,苺昔四人而陪,004_Tie_Siann_Tsap_Ngou_Im > （瓜）部下平聲,343
hûe,上,喜瓜切,之苺脈也,004_Tie_Siann_Tsap_Ngou_Im > （瓜）部下平聲,343
hûe,胺,喜瓜切,肉前側之,004_Tie_Siann_Tsap_Ngou_Im > （瓜）部下平聲,343
hûe,枚,喜瓜切,如果之實粒,004_Tie_Siann_Tsap_Ngou_Im > （瓜）部下平聲,343
hûe,數,喜瓜切,白數枝數,004_Tie_Siann_Tsap_Ngou_Im > （瓜）部下平聲,343
hûe,雪,喜瓜切,雨中之著,004_Tie_Siann_Tsap_Ngou_Im > （瓜）部下平聲,343
hûe,回,喜瓜切,去而復迺,004_Tie_Siann_Tsap_Ngou_Im > （瓜）部下平聲,343
hûe,苗,喜瓜切,枝名苗蕎,004_Tie_Siann_Tsap_Ngou_Im > （瓜）部下平聲,343
hûe,十,喜瓜切,十大十小十,004_Tie_Siann_Tsap_Ngou_Im > （瓜）部下平聲,343
hûe,迴,喜瓜切,鏡之覦珠,004_Tie_Siann_Tsap_Ngou_Im > （瓜）部下平聲,343
hûe,徊,喜瓜切,逶迤之鳶,004_Tie_Siann_Tsap_Ngou_Im > （瓜）部下平聲,343
hûe,徊,喜瓜切,徊佛同上作,004_Tie_Siann_Tsap_Ngou_Im > （瓜）部下平聲,343
hûe,會,喜瓜切,相會聚會知會合會盟會,004_Tie_Siann_Tsap_Ngou_Im > （瓜）部下平聲,345
hûe,淮,喜瓜切,百川淮海言為水之總淮,004_Tie_Siann_Tsap_Ngou_Im > （瓜）部下平聲,345
hûe,會,喜瓜切,同上,004_Tie_Siann_Tsap_Ngou_Im > （瓜）部下平聲,345
hûn,雲,喜君切,氣舒為雲化而為雨雲魂神雲人之魂氣魄也痕 皆雲水墨 雲布也人姓囝 頃田二千泛 水特澐 江水大,004_Tie_Siann_Tsap_Ngou_Im > （君）部下平聲,15
hûn,蕓,喜君切,蕓葉萊欄木上文,004_Tie_Siann_Tsap_Ngou_Im > （君）部下平聲,15
hā,孝,喜膠切,日帶孝有喪服,004_Tie_Siann_Tsap_Ngou_Im > （膠）部下去聲,268
hēng,心,喜弓切,之事則有喜心發心起心凡合,004_Tie_Siann_Tsap_Ngou_Im > （弓）部下去聲,304
hī,戲,喜基切,戲玩弄曰戲,004_Tie_Siann_Tsap_Ngou_Im > （基）部下去聲,113
hō,不,喜歌切,實曰不,004_Tie_Siann_Tsap_Ngou_Im > （歌）部下去聲,196
hō,凡,喜歌切,物銷蟀曰,004_Tie_Siann_Tsap_Ngou_Im > （歌）部下去聲,196
hō,勤,喜歌切,也化,004_Tie_Siann_Tsap_Ngou_Im > （歌）部下去聲,196
hō,慢,喜歌切,慢曰,004_Tie_Siann_Tsap_Ngou_Im > （歌）部下去聲,196
hō,蛊,喜歌切,蛊俗,004_Tie_Siann_Tsap_Ngou_Im > （歌）部下去聲,196
hō,曰,喜歌切,曰,004_Tie_Siann_Tsap_Ngou_Im > （歌）部下去聲,196
hō,言,喜歌切,也言叱慍,004_Tie_Siann_Tsap_Ngou_Im > （歌）部下去聲,196
hōu,斤,喜姑切,水器也 斤斗柸,004_Tie_Siann_Tsap_Ngou_Im > （姑）部下去聲,85
hũa,禍,喜⿴囗瓜切,禍 災作惡則有,004_Tie_Siann_Tsap_Ngou_Im > （⿴囗瓜）部下上聲,244
hūa,跌,喜⿴囗瓜切,俗曰－言其失足也,004_Tie_Siann_Tsap_Ngou_Im > （⿴囗瓜）部下去聲,245
hūa,原,喜⿴囗瓜切,音遞用其說也,004_Tie_Siann_Tsap_Ngou_Im > （⿴囗瓜）部下去聲,245
hūi,肺,喜歸切,心肺臟腑也肺如華盆廢乎遠而肺不成器器之物曰肺費肺用斯繁肺諺有謂作肺市也祭服斜則足也,004_Tie_Siann_Tsap_Ngou_Im > （歸）部下去聲,223
hṳ,虛,喜居切,不可也,004_Tie_Siann_Tsap_Ngou_Im > （居）部上平聲,179
hṳ,空,喜居切,空心空,004_Tie_Siann_Tsap_Ngou_Im > （居）部上平聲,179
hṳ,墟,喜居切,大貢之地曰墟坵墟坰墟,004_Tie_Siann_Tsap_Ngou_Im > （居）部上平聲,179
hṳ,嘘,喜居切,吹嘘聲,004_Tie_Siann_Tsap_Ngou_Im > （居）部上平聲,179
hṳ,歡,喜居切,歡歡數,004_Tie_Siann_Tsap_Ngou_Im > （居）部上平聲,179
hṳ,辭,喜居切,辭歡數,004_Tie_Siann_Tsap_Ngou_Im > （居）部上平聲,179
hṳ,汝,喜居切,對人而稱之辭汝我汝,004_Tie_Siann_Tsap_Ngou_Im > （居）部上平聲,179
hṳ,之,喜居切,辭之我,004_Tie_Siann_Tsap_Ngou_Im > （居）部上平聲,179
hṳ,爾,喜居切,同上爾我為自己之稱而之人等我們為爾們為爾,004_Tie_Siann_Tsap_Ngou_Im > （居）部上平聲,179
hṳ,你,喜居切,同上你們為我等,004_Tie_Siann_Tsap_Ngou_Im > （居）部上平聲,179
hṳ,伱,喜居切,與汝爾,004_Tie_Siann_Tsap_Ngou_Im > （居）部上平聲,179
hṳ,四,喜居切,字全,004_Tie_Siann_Tsap_Ngou_Im > （居）部上平聲,179
hṳ,旅,喜居切,軍旅每五,004_Tie_Siann_Tsap_Ngou_Im > （居）部上平聲,179
hṳ,百,喜居切,人曰百,004_Tie_Siann_Tsap_Ngou_Im > （居）部上平聲,179
hṳ,許,喜居切,應納友人曰許心許可許許也水曲涯,004_Tie_Siann_Tsap_Ngou_Im > （居）部上平聲,180
hṳ̂,魚,喜居切,鮒屬曰 由水所生也 漁 捕漁之人曰 舟筒人,004_Tie_Siann_Tsap_Ngou_Im > （居）部下平聲,183
hṳ̂,呂,喜居切,陰伴陽 又姓,004_Tie_Siann_Tsap_Ngou_Im > （居）部下平聲,183
hṳ̂,侶,喜居切,友也 伴也 朋也 蘇子 魚蝦而友屬虎,004_Tie_Siann_Tsap_Ngou_Im > （居）部下平聲,183
hṳ̂,應,喜居切,心有所思也達 友過,004_Tie_Siann_Tsap_Ngou_Im > （居）部下平聲,183
hṳ̍h,空,喜居切,音不錄,004_Tie_Siann_Tsap_Ngou_Im > （居）部下入聲,186
hẽ,夏,喜家切,俗姓也,004_Tie_Siann_Tsap_Ngou_Im > （家）部下上聲,27
hẽ,下,喜佳切,後也,004_Tie_Siann_Tsap_Ngou_Im > （佳）部下上聲,327
i,衣,英基切,以衣藏軀依人衣,004_Tie_Siann_Tsap_Ngou_Im > （基）部上平聲,97
i,咇,英基切,家所用草名卜咇驛驛聲,004_Tie_Siann_Tsap_Ngou_Im > （基）部上平聲,97
i,筵,英基切,瓜名筵,004_Tie_Siann_Tsap_Ngou_Im > （基）部上平聲,97
i,撕,英基切,持撕孩,004_Tie_Siann_Tsap_Ngou_Im > （基）部上平聲,97
i,身,英基切,歸也,004_Tie_Siann_Tsap_Ngou_Im > （基）部上平聲,97
i,游,英基切,水也游流,004_Tie_Siann_Tsap_Ngou_Im > （基）部上平聲,97
i,伊,英基切,辞辭也之,004_Tie_Siann_Tsap_Ngou_Im > （基）部上平聲,97
i,猗,英基切,也數辭,004_Tie_Siann_Tsap_Ngou_Im > （基）部上平聲,97
iam,曰,英兼切,水曰物,004_Tie_Siann_Tsap_Ngou_Im > （兼）部上平聲,86
iam,貌,英兼切,也足也,004_Tie_Siann_Tsap_Ngou_Im > （兼）部上平聲,86
iam,又,英兼切,不休也,004_Tie_Siann_Tsap_Ngou_Im > （兼）部上平聲,86
iam,善,英兼切,閒者,004_Tie_Siann_Tsap_Ngou_Im > （兼）部上平聲,86
iam,鶴,英兼切,為也,004_Tie_Siann_Tsap_Ngou_Im > （兼）部上平聲,86
iam,也,英兼切,也守門之官,004_Tie_Siann_Tsap_Ngou_Im > （兼）部上平聲,86
iam,魚,英兼切,魚由魚,004_Tie_Siann_Tsap_Ngou_Im > （兼）部上平聲,86
iam,菜,英兼切,同上菜,004_Tie_Siann_Tsap_Ngou_Im > （兼）部上平聲,86
iam,山,英兼切,名,004_Tie_Siann_Tsap_Ngou_Im > （兼）部上平聲,86
iam,殘,英兼切,也,004_Tie_Siann_Tsap_Ngou_Im > （兼）部上平聲,86
iam,浮,英兼切,也,004_Tie_Siann_Tsap_Ngou_Im > （兼）部上平聲,86
ian,央,英堅切,四方之中 曰中,004_Tie_Siann_Tsap_Ngou_Im > （堅）部上平聲,116
ian,媽,英堅切,靚 然笑 紅,004_Tie_Siann_Tsap_Ngou_Im > （堅）部上平聲,116
ian,偶,英堅切,育 引以為,004_Tie_Siann_Tsap_Ngou_Im > （堅）部上平聲,116
ian,駙,英堅切,地姓也人,004_Tie_Siann_Tsap_Ngou_Im > （堅）部上平聲,116
ian,殘,英堅切,福 孑,004_Tie_Siann_Tsap_Ngou_Im > （堅）部上平聲,116
ian,馬,英堅切,疑 何也又 斷,004_Tie_Siann_Tsap_Ngou_Im > （堅）部上平聲,116
ian,歐,英堅切,人名,004_Tie_Siann_Tsap_Ngou_Im > （堅）部上平聲,116
ian,綱,英堅切,練 絕,004_Tie_Siann_Tsap_Ngou_Im > （堅）部上平聲,116
ian,茄,英堅切,草名,004_Tie_Siann_Tsap_Ngou_Im > （堅）部上平聲,116
ian,佬,英堅切,行貌,004_Tie_Siann_Tsap_Ngou_Im > （堅）部上平聲,116
ian,殤,英堅切,夭折也,004_Tie_Siann_Tsap_Ngou_Im > （堅）部上平聲,116
ian,觴,英堅切,酒厄之 總名,004_Tie_Siann_Tsap_Ngou_Im > （堅）部上平聲,116
ian,裏,英堅切,贊 助理曰,004_Tie_Siann_Tsap_Ngou_Im > （堅）部上平聲,116
ian,攬,英堅切,取物曰 目未霜 驟舉也遠,004_Tie_Siann_Tsap_Ngou_Im > （堅）部上平聲,116
iang,殃,英薑切,原音英裕曰殃九官人,004_Tie_Siann_Tsap_Ngou_Im > （薑）部上平聲,348
iang,之,英薑切,物曰之妖怪也,004_Tie_Siann_Tsap_Ngou_Im > （薑）部上平聲,348
iang,也,英薑切,鴦鳥名,004_Tie_Siann_Tsap_Ngou_Im > （薑）部上平聲,348
iap,壓,英兼切,壓力有以力壓有以勢壓,004_Tie_Siann_Tsap_Ngou_Im > （兼）部上入聲,91
iap,厭,英兼切,厭也順,004_Tie_Siann_Tsap_Ngou_Im > （兼）部上入聲,91
ia̍p,葉,英兼切,姓也,004_Tie_Siann_Tsap_Ngou_Im > （兼）部下入聲,95
ia̍p,蚊,英兼切,蟲也蝶飛,004_Tie_Siann_Tsap_Ngou_Im > （兼）部下入聲,95
iaⁿ,影,英京切,凡光所照則有影,004_Tie_Siann_Tsap_Ngou_Im > （京）部上平聲,134
iaⁿ,日,英京切,日灯日弓日,004_Tie_Siann_Tsap_Ngou_Im > （京）部上平聲,134
im,陰,英金切,陰陽又幽暗也又,004_Tie_Siann_Tsap_Ngou_Im > （金）部上平聲,43
im,音,英金切,聲音五音人,004_Tie_Siann_Tsap_Ngou_Im > （金）部上平聲,43
im,佥,英金切,同陰,004_Tie_Siann_Tsap_Ngou_Im > （金）部上平聲,43
im,惝,英金切,安和貌,004_Tie_Siann_Tsap_Ngou_Im > （金）部上平聲,43
im,吽,英金切,牛鳴也,004_Tie_Siann_Tsap_Ngou_Im > （金）部上平聲,43
im,喑,英金切,喑注也又聲不能言,004_Tie_Siann_Tsap_Ngou_Im > （金）部上平聲,43
im,瘖,英金切,瘖啞也口不能言,004_Tie_Siann_Tsap_Ngou_Im > （金）部上平聲,43
im,飲,英金切,渴則思飲咽水也 飫也飲酒飲水,004_Tie_Siann_Tsap_Ngou_Im > （金）部上平聲,45
in,因,英⿴囗君切,言有所由 曰因輝,004_Tie_Siann_Tsap_Ngou_Im > （⿴囗君）部上平聲,161
in,茵,英⿴囗君切,蓐茵草,004_Tie_Siann_Tsap_Ngou_Im > （⿴囗君）部上平聲,161
in,烟,英⿴囗君切,大末起則先烟 煙同上 財敗在三烟潮俗之,004_Tie_Siann_Tsap_Ngou_Im > （⿴囗君）部上平聲,161
in,堊,英⿴囗君切,塞也又 埋塞全,004_Tie_Siann_Tsap_Ngou_Im > （⿴囗君）部上平聲,161
in,闥,英⿴囗君切,城門也,004_Tie_Siann_Tsap_Ngou_Im > （⿴囗君）部上平聲,161
in,甄,英⿴囗君切,陶又姓 甄別甄,004_Tie_Siann_Tsap_Ngou_Im > （⿴囗君）部上平聲,161
in,鮮,英⿴囗君切,白鉛曰鮮為 日至鉛也,004_Tie_Siann_Tsap_Ngou_Im > （⿴囗君）部上平聲,161
in,娠,英⿴囗君切,婦人有 姓子曰娠,004_Tie_Siann_Tsap_Ngou_Im > （⿴囗君）部上平聲,161
in,牲,英⿴囗君切,眾多,004_Tie_Siann_Tsap_Ngou_Im > （⿴囗君）部上平聲,161
in,莘,英⿴囗君切,如莘又姓 眾多也,004_Tie_Siann_Tsap_Ngou_Im > （⿴囗君）部上平聲,161
in,驛,英⿴囗君切,馬赤也 剛壯也,004_Tie_Siann_Tsap_Ngou_Im > （⿴囗君）部上平聲,161
in,訛,英⿴囗君切,乃書也問也 眾多也,004_Tie_Siann_Tsap_Ngou_Im > （⿴囗君）部上平聲,161
ioh,約,英燒切,有約,004_Tie_Siann_Tsap_Ngou_Im > （燒）部上入聲,355
ioh,真,英燒切,真忘真,004_Tie_Siann_Tsap_Ngou_Im > （燒）部上入聲,355
ioh,負,英燒切,負人負,004_Tie_Siann_Tsap_Ngou_Im > （燒）部上入聲,355
iok,欲,英恭切,正音,004_Tie_Siann_Tsap_Ngou_Im > （恭）部上入聲,157
iong,雍,英恭切,雍容和,004_Tie_Siann_Tsap_Ngou_Im > （恭）部上平聲,155
iong,儴,英恭切,撫降不伏也,004_Tie_Siann_Tsap_Ngou_Im > （恭）部上平聲,155
iong,癃,英恭切,癃痞癃,004_Tie_Siann_Tsap_Ngou_Im > （恭）部上平聲,155
iong,饔,英恭切,熟食也,004_Tie_Siann_Tsap_Ngou_Im > （恭）部上平聲,155
iong,雞,英恭切,和鳥麻又,004_Tie_Siann_Tsap_Ngou_Im > （恭）部上平聲,155
iong,廕,英恭切,辟廕天子學名,004_Tie_Siann_Tsap_Ngou_Im > （恭）部上平聲,155
iong,邑,英恭切,也邑和,004_Tie_Siann_Tsap_Ngou_Im > （恭）部上平聲,155
iong,盎,英恭切,飄 姓也盎秦氏,004_Tie_Siann_Tsap_Ngou_Im > （恭）部上平聲,155
iong,湯,英恭切,飄 也文湯海東海,004_Tie_Siann_Tsap_Ngou_Im > （恭）部上平聲,155
iong,嗵,英恭切,也麻和,004_Tie_Siann_Tsap_Ngou_Im > （恭）部上平聲,155
iong,臃,英恭切,肉起也,004_Tie_Siann_Tsap_Ngou_Im > （恭）部上平聲,155
iou,描,英嬌切,描摹吉曰描畫輩描,004_Tie_Siann_Tsap_Ngou_Im > （嬌）部上平聲,271
iou̍h,吞,英嬌切,惰也不甘,004_Tie_Siann_Tsap_Ngou_Im > （嬌）部下入聲,279
iou̍h,也,英嬌切,取其義也,004_Tie_Siann_Tsap_Ngou_Im > （嬌）部下入聲,279
io̍h,藥,英燒切,藥物,004_Tie_Siann_Tsap_Ngou_Im > （燒）部下入聲,358
io̍h,葯,英燒切,同上又,004_Tie_Siann_Tsap_Ngou_Im > （燒）部下入聲,358
io̍h,醫,英燒切,醫,004_Tie_Siann_Tsap_Ngou_Im > （燒）部下入聲,358
io̍k,慾,英恭切,心之所欲者曰慾情慾有慾貪慾又,004_Tie_Siann_Tsap_Ngou_Im > （恭）部下入聲,160
io̍k,浴,英恭切,沐浴湎身也又借為潔治之義也,004_Tie_Siann_Tsap_Ngou_Im > （恭）部下入聲,160
io̍k,除,英恭切,此英字之外上下俱係空音不錄,004_Tie_Siann_Tsap_Ngou_Im > （恭）部下入聲,160
iu,隱,英鳩切,隱息隱閑,004_Tie_Siann_Tsap_Ngou_Im > （鳩）部上平聲,230
iu,出,英鳩切,學業出生排出,004_Tie_Siann_Tsap_Ngou_Im > （鳩）部上平聲,230
iu,之,英鳩切,穰搓而之,004_Tie_Siann_Tsap_Ngou_Im > （鳩）部上平聲,230
iu,也,英鳩切,打錠,004_Tie_Siann_Tsap_Ngou_Im > （鳩）部上平聲,230
iu,語,英鳩切,末,004_Tie_Siann_Tsap_Ngou_Im > （鳩）部上平聲,230
iu,定,英鳩切,貌,004_Tie_Siann_Tsap_Ngou_Im > （鳩）部上平聲,230
iu,也,英鳩切,也游服,004_Tie_Siann_Tsap_Ngou_Im > （鳩）部上平聲,230
iu̍h,角,英鳩切,角牛角,004_Tie_Siann_Tsap_Ngou_Im > （鳩）部下入聲,240
iu̍h,似,英鳩切,蝦蟆其腹長曰有似,004_Tie_Siann_Tsap_Ngou_Im > （鳩）部下入聲,240
iu̍h,少,英鳩切,女也女少姓,004_Tie_Siann_Tsap_Ngou_Im > （鳩）部下入聲,240
iu̍h,有,英鳩切,所依賴曰有門有勢,004_Tie_Siann_Tsap_Ngou_Im > （鳩）部下入聲,240
iàn,約,英堅切,大約,004_Tie_Siann_Tsap_Ngou_Im > （堅）部上去聲,123
iàn,藥,英堅切,又藥成名,004_Tie_Siann_Tsap_Ngou_Im > （堅）部上去聲,123
iàn,芍,英堅切,芍药全,004_Tie_Siann_Tsap_Ngou_Im > （堅）部上去聲,123
iàn,鑰,英堅切,以之成鎖,004_Tie_Siann_Tsap_Ngou_Im > （堅）部上去聲,123
iàn,書,英堅切,曰書,004_Tie_Siann_Tsap_Ngou_Im > （堅）部上去聲,123
iàn,躍,英堅切,跑躍,004_Tie_Siann_Tsap_Ngou_Im > （堅）部上去聲,123
iàn,魚,英堅切,魚,004_Tie_Siann_Tsap_Ngou_Im > （堅）部上去聲,123
iàn,輻,英堅切,登也廢也,004_Tie_Siann_Tsap_Ngou_Im > （堅）部上去聲,123
iàn,行,英堅切,也,004_Tie_Siann_Tsap_Ngou_Im > （堅）部上去聲,123
iàn,蒼,英堅切,也准多,004_Tie_Siann_Tsap_Ngou_Im > （堅）部上去聲,123
iàn,篇,英堅切,笛也葉,004_Tie_Siann_Tsap_Ngou_Im > （堅）部上去聲,123
iàn,箭,英堅切,菔也,004_Tie_Siann_Tsap_Ngou_Im > （堅）部上去聲,123
iàn,輪,英堅切,火粼也,004_Tie_Siann_Tsap_Ngou_Im > （堅）部上去聲,123
iàn,雷,英堅切,光也,004_Tie_Siann_Tsap_Ngou_Im > （堅）部上去聲,123
iàn,侖,英堅切,雪集三孔,004_Tie_Siann_Tsap_Ngou_Im > （堅）部上去聲,123
iàn,和,英堅切,索群,004_Tie_Siann_Tsap_Ngou_Im > （堅）部上去聲,123
iàn,槍,英堅切,春草曰,004_Tie_Siann_Tsap_Ngou_Im > （堅）部上去聲,123
iàn,鏤,英堅切,銷也,004_Tie_Siann_Tsap_Ngou_Im > （堅）部上去聲,123
iàn,燦,英堅切,光覿,004_Tie_Siann_Tsap_Ngou_Im > （堅）部上去聲,123
iám,掩,英兼切,藏也蔽也逃也 假 卧掩息掩掩寢 鰻 魚名 俺 女姘大也又婬 蝦 宮掩竤守 堰 也壅水 鷗 鳥名,004_Tie_Siann_Tsap_Ngou_Im > （兼）部上上聲,87
iám,埯,英兼切,以土覆農也 奄 也奔也孟 淹 潤也 鷹 黑子也,004_Tie_Siann_Tsap_Ngou_Im > （兼）部上上聲,87
iám,夫,英兼切,大光貌,004_Tie_Siann_Tsap_Ngou_Im > （兼）部上上聲,88
iám,又,英兼切,熱也艷物色蕩曳日帙又藍同上,004_Tie_Siann_Tsap_Ngou_Im > （兼）部上上聲,88
iám,琰,英兼切,玉色之美者,004_Tie_Siann_Tsap_Ngou_Im > （兼）部上上聲,88
iám,廢,英兼切,闥也廢廐門灩濱廢小,004_Tie_Siann_Tsap_Ngou_Im > （兼）部上上聲,88
iâm,鹽,英兼切,海水姑之,004_Tie_Siann_Tsap_Ngou_Im > （兼）部下平聲,92
iâm,而,英兼切,為垣鹽,004_Tie_Siann_Tsap_Ngou_Im > （兼）部下平聲,92
iâm,樹,英兼切,又北方有,004_Tie_Siann_Tsap_Ngou_Im > （兼）部下平聲,92
iâng,山,英薑切,山廬山牧山,004_Tie_Siann_Tsap_Ngou_Im > （薑）部下平聲,350
iâng,羊,英薑切,羊黑羊,004_Tie_Siann_Tsap_Ngou_Im > （薑）部下平聲,350
iâng,大,英薑切,西大大海曰大南大北大太平大,004_Tie_Siann_Tsap_Ngou_Im > （薑）部下平聲,350
iâng,姓,英薑切,也,004_Tie_Siann_Tsap_Ngou_Im > （薑）部下平聲,350
iâng,五,英薑切,金之為物用火,004_Tie_Siann_Tsap_Ngou_Im > （薑）部下平聲,350
iâng,攻,英薑切,之則攻可鑄物,004_Tie_Siann_Tsap_Ngou_Im > （薑）部下平聲,350
iâng,和,英薑切,也又,004_Tie_Siann_Tsap_Ngou_Im > （薑）部下平聲,350
iâng,人,英薑切,名,004_Tie_Siann_Tsap_Ngou_Im > （薑）部下平聲,350
iãm,焰,英兼切,火炎上升 之形曰焰 燄 同上又 大光貌 炊 大炎也 剋 銳利,004_Tie_Siann_Tsap_Ngou_Im > （兼）部下上聲,93
iãn,莫,英堅切,引也,004_Tie_Siann_Tsap_Ngou_Im > （堅）部下上聲,128
iãn,嬌,英堅切,飼乂,004_Tie_Siann_Tsap_Ngou_Im > （堅）部下上聲,128
iãn,竟,英堅切,又姓 竟州記名,004_Tie_Siann_Tsap_Ngou_Im > （堅）部下上聲,128
iãn,璞,英堅切,大孔雕,004_Tie_Siann_Tsap_Ngou_Im > （堅）部下上聲,128
iãn,延,英堅切,久乾 延遷延治,004_Tie_Siann_Tsap_Ngou_Im > （堅）部下上聲,128
iãn,美,英堅切,雄美榱美 慫也骨也,004_Tie_Siann_Tsap_Ngou_Im > （堅）部下上聲,128
iãn,衍,英堅切,也農常也美 延也莫衍农衍,004_Tie_Siann_Tsap_Ngou_Im > （堅）部下上聲,128
iãn,葉,英堅切,煎皮之乾寸 葉異葉,004_Tie_Siann_Tsap_Ngou_Im > （堅）部下上聲,128
iãn,觥,英堅切,子詠乃 續也,004_Tie_Siann_Tsap_Ngou_Im > （堅）部下上聲,128
iãn,漾,英堅切,漾長也 水動貌湯,004_Tie_Siann_Tsap_Ngou_Im > （堅）部下上聲,128
iãn,儀,英堅切,扶助兄儀,004_Tie_Siann_Tsap_Ngou_Im > （堅）部下上聲,128
iãn,援,英堅切,救援之以手 援叔援,004_Tie_Siann_Tsap_Ngou_Im > （堅）部下上聲,128
iòu,僧,英嬌切,同上,004_Tie_Siann_Tsap_Ngou_Im > （嬌）部上去聲,275
iòu,陶,英嬌切,陶,004_Tie_Siann_Tsap_Ngou_Im > （嬌）部上去聲,275
iòu,𥔲,英嬌切,甚役,004_Tie_Siann_Tsap_Ngou_Im > （嬌）部上去聲,275
iòu,颶,英嬌切,颶動也又,004_Tie_Siann_Tsap_Ngou_Im > （嬌）部上去聲,275
iòu,昆,英嬌切,也反蘆,004_Tie_Siann_Tsap_Ngou_Im > （嬌）部上去聲,275
iòu,媽,英嬌切,人美好也戲也,004_Tie_Siann_Tsap_Ngou_Im > （嬌）部上去聲,275
iòu,憊,英嬌切,熊憊憊渡心苦也,004_Tie_Siann_Tsap_Ngou_Im > （嬌）部上去聲,275
ióng,永,英恭切,长久也永年,004_Tie_Siann_Tsap_Ngou_Im > （恭）部上上聲,156
ióng,勇,英恭切,果敢曰勇好勇有,004_Tie_Siann_Tsap_Ngou_Im > （恭）部上上聲,156
ióng,佣,英恭切,従墾木人曰佣,004_Tie_Siann_Tsap_Ngou_Im > （恭）部上上聲,156
ióng,惆,英恭切,愁也,004_Tie_Siann_Tsap_Ngou_Im > （恭）部上上聲,156
ióng,蛹,英恭切,蛆化蛾,004_Tie_Siann_Tsap_Ngou_Im > （恭）部上上聲,156
ióng,筒,英恭切,官室也,004_Tie_Siann_Tsap_Ngou_Im > （恭）部上上聲,156
ióng,湧,英恭切,水中波,004_Tie_Siann_Tsap_Ngou_Im > （恭）部上上聲,156
iô,窰,英燒切,兀窰反窰去窰缺以之燒瓦陶之窰也,004_Tie_Siann_Tsap_Ngou_Im > （燒）部下平聲,356
iô,姚,英燒切,姓也,004_Tie_Siann_Tsap_Ngou_Im > （燒）部下平聲,356
iõng,佣,英恭切,中金也又貨入行必須和,004_Tie_Siann_Tsap_Ngou_Im > （恭）部下上聲,159
iõng,内,英恭切,為扣外為佣,004_Tie_Siann_Tsap_Ngou_Im > （恭）部下上聲,159
iù,柚,英鳩切,果實皮粗而厚大 于橙柑數倍曰柚,004_Tie_Siann_Tsap_Ngou_Im > （鳩）部上去聲,233
iû,由,英鳩切,缘由因由是由此,004_Tie_Siann_Tsap_Ngou_Im > （鳩）部下平聲,235
iû,遊,英鳩切,遊庭周猹词,004_Tie_Siann_Tsap_Ngou_Im > （鳩）部下平聲,235
iû,猜,英鳩切,比况之,004_Tie_Siann_Tsap_Ngou_Im > （鳩）部下平聲,235
iû,倘,英鳩切,待也,004_Tie_Siann_Tsap_Ngou_Im > （鳩）部下平聲,235
iû,猫,英鳩切,臭草,004_Tie_Siann_Tsap_Ngou_Im > （鳩）部下平聲,235
iû,蛎,英鳩切,蛎蛎朝生春死,004_Tie_Siann_Tsap_Ngou_Im > （鳩）部下平聲,235
iû,酉,英鳩切,聽也,004_Tie_Siann_Tsap_Ngou_Im > （鳩）部下平聲,235
iû,尤,英鳩切,尤物尤怎尤如尤妙尤加昔曰尤胜,004_Tie_Siann_Tsap_Ngou_Im > （鳩）部下平聲,235
iû,邮,英鳩切,之舍邮传送文书传,004_Tie_Siann_Tsap_Ngou_Im > （鳩）部下平聲,235
iû,辅,英鳩切,轻车,004_Tie_Siann_Tsap_Ngou_Im > （鳩）部下平聲,235
iû,酰,英鳩切,以道謔也系,004_Tie_Siann_Tsap_Ngou_Im > （鳩）部下平聲,235
iû,蔓,英鳩切,茂也遊也抽也又,004_Tie_Siann_Tsap_Ngou_Im > （鳩）部下平聲,235
iû,道,英鳩切,追也怼,004_Tie_Siann_Tsap_Ngou_Im > （鳩）部下平聲,235
iû,栖,英鳩切,积也,004_Tie_Siann_Tsap_Ngou_Im > （鳩）部下平聲,235
iām,厭,英兼切,足也他也 又簡 飫厭 食飽曰厭 厭厭飲,004_Tie_Siann_Tsap_Ngou_Im > （兼）部下去聲,94
iām,餐,英兼切,食飽曰餐 餐餐飲,004_Tie_Siann_Tsap_Ngou_Im > （兼）部下去聲,94
iōng,咏,英恭切,詩賦,004_Tie_Siann_Tsap_Ngou_Im > （恭）部下去聲,159
iōng,歌,英恭切,吟 詠 同上或文,004_Tie_Siann_Tsap_Ngou_Im > （恭）部下去聲,159
iōng,武,英恭切,範吟 擁 推而遥之,004_Tie_Siann_Tsap_Ngou_Im > （恭）部下去聲,159
iōng,曰,英恭切,搴 壅 日江土狀,004_Tie_Siann_Tsap_Ngou_Im > （恭）部下去聲,159
iōng,曰,英恭切,塞,004_Tie_Siann_Tsap_Ngou_Im > （恭）部下去聲,159
iōu,要,英嬌切,欲也好也又,004_Tie_Siann_Tsap_Ngou_Im > （嬌）部下去聲,278
iōu,正,英嬌切,音,004_Tie_Siann_Tsap_Ngou_Im > （嬌）部下去聲,278
iōu,強,英嬌切,俗謂強曰：如強甚強,004_Tie_Siann_Tsap_Ngou_Im > （嬌）部下去聲,278
iũ,佑,英鳩切,佑庇佑休,004_Tie_Siann_Tsap_Ngou_Im > （鳩）部下上聲,237
iũ,右,英鳩切,右左右称左輔,004_Tie_Siann_Tsap_Ngou_Im > （鳩）部下上聲,237
iũ,祐,英鳩切,祐同佑神,004_Tie_Siann_Tsap_Ngou_Im > （鳩）部下上聲,237
iũ,宥,英鳩切,宥赦也寬宥原宥,004_Tie_Siann_Tsap_Ngou_Im > （鳩）部下上聲,237
iũ,囿,英鳩切,囿花苑有,004_Tie_Siann_Tsap_Ngou_Im > （鳩）部下上聲,237
iũ,侑,英鳩切,侑食侑酒,004_Tie_Siann_Tsap_Ngou_Im > （鳩）部下上聲,237
iũ,賄,英鳩切,賄富縉自行賄,004_Tie_Siann_Tsap_Ngou_Im > （鳩）部下上聲,237
iū,獸,英鳩切,走獸,004_Tie_Siann_Tsap_Ngou_Im > （鳩）部下去聲,238
iū,舍,英鳩切,龍舍,004_Tie_Siann_Tsap_Ngou_Im > （鳩）部下去聲,238
iū,岫,英鳩切,山之穴,004_Tie_Siann_Tsap_Ngou_Im > （鳩）部下去聲,238
iū,琇,英鳩切,玉英之人,004_Tie_Siann_Tsap_Ngou_Im > （鳩）部下去聲,238
iū,繡,英鳩切,錦繡彩,004_Tie_Siann_Tsap_Ngou_Im > （鳩）部下去聲,238
iū,繡,英鳩切,刺繡彩繡花繡粒繡,004_Tie_Siann_Tsap_Ngou_Im > （鳩）部下去聲,238
iū,袖,英鳩切,長袖員袖排袖的,004_Tie_Siann_Tsap_Ngou_Im > （鳩）部下去聲,238
iū,袖,英鳩切,衫之曰口,004_Tie_Siann_Tsap_Ngou_Im > （鳩）部下去聲,238
iū,狩,英鳩切,帝王太后出獵曰,004_Tie_Siann_Tsap_Ngou_Im > （鳩）部下去聲,238
i̍p,揆,英金切,揆書揆延揆磨,004_Tie_Siann_Tsap_Ngou_Im > （金）部下入聲,54
ja,蹉,入膠切,不達也 －犯行,004_Tie_Siann_Tsap_Ngou_Im > （膠）部上平聲,261
ja,咱,入膠切,北人稱咱 己曰－,004_Tie_Siann_Tsap_Ngou_Im > （膠）部上平聲,261
jai,官,入皆切,主官又官割也覧官,004_Tie_Siann_Tsap_Ngou_Im > （皆）部上平聲,147
jak,囿,入江切,同上,004_Tie_Siann_Tsap_Ngou_Im > （江）部上入聲,252
jak,健,入江切,逃叛也,004_Tie_Siann_Tsap_Ngou_Im > （江）部上入聲,252
jak,蔓,入江切,蜂毒也,004_Tie_Siann_Tsap_Ngou_Im > （江）部上入聲,252
jeh,厄,入家切,倫兄,004_Tie_Siann_Tsap_Ngou_Im > （家）部上入聲,25
jeh,夾,入家切,妻,004_Tie_Siann_Tsap_Ngou_Im > （家）部上入聲,25
jeh,扼,入家切,束也,004_Tie_Siann_Tsap_Ngou_Im > （家）部上入聲,25
jeh,佖,入家切,同厄,004_Tie_Siann_Tsap_Ngou_Im > （家）部上入聲,25
jeh,阨,入家切,也,004_Tie_Siann_Tsap_Ngou_Im > （家）部上入聲,25
jeh,撳,入家切,同厄,004_Tie_Siann_Tsap_Ngou_Im > （家）部上入聲,25
jeh,扳,入家切,也,004_Tie_Siann_Tsap_Ngou_Im > （家）部上入聲,25
jek,適,入弓切,由此往彼曰適安適便適,004_Tie_Siann_Tsap_Ngou_Im > （弓）部上入聲,297
jek,識,入弓切,見識有識知識富察曰識,004_Tie_Siann_Tsap_Ngou_Im > （弓）部上入聲,297
jek,式,入弓切,可作橅製法,004_Tie_Siann_Tsap_Ngou_Im > （弓）部上入聲,297
jek,色,入弓切,五色物,004_Tie_Siann_Tsap_Ngou_Im > （弓）部上入聲,297
jek,暫,入弓切,明也,004_Tie_Siann_Tsap_Ngou_Im > （弓）部上入聲,297
jek,息,入弓切,利又止息休息志養曰息數息如息,004_Tie_Siann_Tsap_Ngou_Im > （弓）部上入聲,297
jek,媳,入弓切,媳婦子之妻曰媳婦,004_Tie_Siann_Tsap_Ngou_Im > （弓）部上入聲,297
jek,煽,入弓切,滅火也煽灯煽烟,004_Tie_Siann_Tsap_Ngou_Im > （弓）部上入聲,297
jek,憶,入弓切,憶举憶小,004_Tie_Siann_Tsap_Ngou_Im > （弓）部上入聲,297
jek,夕,入弓切,朝夕初昔曰夕陽夕,004_Tie_Siann_Tsap_Ngou_Im > （弓）部上入聲,297
jek,沙,入弓切,海潮也潮夕起,004_Tie_Siann_Tsap_Ngou_Im > （弓）部上入聲,297
jek,琵,入弓切,琴琵樂器也琵樂,004_Tie_Siann_Tsap_Ngou_Im > （弓）部上入聲,297
jek,析,入弓切,破木也,004_Tie_Siann_Tsap_Ngou_Im > （弓）部上入聲,297
jek,蟀,入弓切,蟀蟀也,004_Tie_Siann_Tsap_Ngou_Im > （弓）部上入聲,297
jek,軾,入弓切,車前也又人名蘇軾又,004_Tie_Siann_Tsap_Ngou_Im > （弓）部上入聲,297
jek,懵,入弓切,性忿也,004_Tie_Siann_Tsap_Ngou_Im > （弓）部上入聲,297
jek,飾,入弓切,妝飾育飾,004_Tie_Siann_Tsap_Ngou_Im > （弓）部上入聲,297
jek,釋,入弓切,分解義理曰釋又加佛號釋,004_Tie_Siann_Tsap_Ngou_Im > （弓）部上入聲,297
jek,嫺,入弓切,女子姝笙陜也,004_Tie_Siann_Tsap_Ngou_Im > （弓）部上入聲,297
jek,穹,入弓切,宂穹墓,004_Tie_Siann_Tsap_Ngou_Im > （弓）部上入聲,297
jek,郝,入弓切,姓耕也,004_Tie_Siann_Tsap_Ngou_Im > （弓）部上入聲,297
jek,鴆,入弓切,履也鳳鴆秀鴆,004_Tie_Siann_Tsap_Ngou_Im > （弓）部上入聲,297
jek,蠻,入弓切,毒玉,004_Tie_Siann_Tsap_Ngou_Im > （弓）部上入聲,297
jek,繡,入弓切,疏曰繡又飲,004_Tie_Siann_Tsap_Ngou_Im > （弓）部上入聲,297
jek,踏,入弓切,散也踏茶,004_Tie_Siann_Tsap_Ngou_Im > （弓）部上入聲,297
jek,喈,入弓切,口咲也又以味戲也,004_Tie_Siann_Tsap_Ngou_Im > （弓）部上入聲,297
jek,嗇,入弓切,吝也齊,004_Tie_Siann_Tsap_Ngou_Im > （弓）部上入聲,297
jiam,同,入兼切,上,004_Tie_Siann_Tsap_Ngou_Im > （兼）部上平聲,86
jiam,坐,入兼切,立不,004_Tie_Siann_Tsap_Ngou_Im > （兼）部上平聲,86
jiam,安,入兼切,也,004_Tie_Siann_Tsap_Ngou_Im > （兼）部上平聲,86
jiam,立,入兼切,待也,004_Tie_Siann_Tsap_Ngou_Im > （兼）部上平聲,86
jiam,多,入兼切,言也,004_Tie_Siann_Tsap_Ngou_Im > （兼）部上平聲,86
jian,章,入堅切,正也,004_Tie_Siann_Tsap_Ngou_Im > （堅）部上平聲,116
jian,行,入堅切,不,004_Tie_Siann_Tsap_Ngou_Im > （堅）部上平聲,116
jian,慷,入堅切,恆,004_Tie_Siann_Tsap_Ngou_Im > （堅）部上平聲,116
jian,澟,入堅切,流也 水急,004_Tie_Siann_Tsap_Ngou_Im > （堅）部上平聲,116
jian,將,入堅切,旅發末 之魄,004_Tie_Siann_Tsap_Ngou_Im > （堅）部上平聲,116
jian,旛,入堅切,通常為 旗曲柄也,004_Tie_Siann_Tsap_Ngou_Im > （堅）部上平聲,116
jian,餚,入堅切,煎也,004_Tie_Siann_Tsap_Ngou_Im > （堅）部上平聲,116
jian,張,入堅切,生理 開,004_Tie_Siann_Tsap_Ngou_Im > （堅）部上平聲,116
jia̍p,說,入兼切,多言也,004_Tie_Siann_Tsap_Ngou_Im > （兼）部下入聲,95
jia̍p,綻,入兼切,健也,004_Tie_Siann_Tsap_Ngou_Im > （兼）部下入聲,95
jia̍p,淡,入兼切,潤澤同偏也,004_Tie_Siann_Tsap_Ngou_Im > （兼）部下入聲,95
jia̍p,裕,入兼切,合然也,004_Tie_Siann_Tsap_Ngou_Im > （兼）部下入聲,95
jia̍t,若,入堅切,泽生之草,004_Tie_Siann_Tsap_Ngou_Im > （堅）部下入聲,131
jia̍t,名,入堅切,可作笠,004_Tie_Siann_Tsap_Ngou_Im > （堅）部下入聲,131
jia̍t,若,入堅切,弱茱若,004_Tie_Siann_Tsap_Ngou_Im > （堅）部下入聲,131
jia̍t,熟,入堅切,火熟番熟,004_Tie_Siann_Tsap_Ngou_Im > （堅）部下入聲,131
jia̍t,炎,入堅切,炎,004_Tie_Siann_Tsap_Ngou_Im > （堅）部下入聲,131
jih,摺,入基切,於稱大小當摺之,004_Tie_Siann_Tsap_Ngou_Im > （基）部上入聲,104
jim,納,入金切,績納也又,004_Tie_Siann_Tsap_Ngou_Im > （金）部上平聲,43
jim,忍,入金切,怒瓶而能禁,004_Tie_Siann_Tsap_Ngou_Im > （金）部上平聲,44
jim,心,入金切,止曰心性心,004_Tie_Siann_Tsap_Ngou_Im > （金）部上平聲,44
jim,仅,入金切,八尺之衣,004_Tie_Siann_Tsap_Ngou_Im > （金）部上平聲,44
jim,曰,入金切,曰,004_Tie_Siann_Tsap_Ngou_Im > （金）部上平聲,44
jim,及,入金切,刀也,004_Tie_Siann_Tsap_Ngou_Im > （金）部上平聲,44
jim,葱,入金切,花名隱葱,004_Tie_Siann_Tsap_Ngou_Im > （金）部上平聲,44
jim,冬,入金切,草也,004_Tie_Siann_Tsap_Ngou_Im > （金）部上平聲,44
jim,叔,入金切,滿也,004_Tie_Siann_Tsap_Ngou_Im > （金）部上平聲,44
jim,裙,入金切,絹帛之屬,004_Tie_Siann_Tsap_Ngou_Im > （金）部上平聲,44
jim,曰,入金切,曰在曰領曰,004_Tie_Siann_Tsap_Ngou_Im > （金）部上平聲,44
jim,莊,入金切,同上衣裯也,004_Tie_Siann_Tsap_Ngou_Im > （金）部上平聲,44
jin,榛,入⿴囗君切,并 木名榛,004_Tie_Siann_Tsap_Ngou_Im > （⿴囗君）部上平聲,161
jin,蔡,入⿴囗君切,草戒說其,004_Tie_Siann_Tsap_Ngou_Im > （⿴囗君）部上平聲,161
jiou,樵,入嬌切,漁樵樵新者,004_Tie_Siann_Tsap_Ngou_Im > （嬌）部上平聲,270
jiou,曰,入嬌切,曰夫樵曰同照明也,004_Tie_Siann_Tsap_Ngou_Im > （嬌）部上平聲,270
jiou,憔,入嬌切,倫視,004_Tie_Siann_Tsap_Ngou_Im > （嬌）部上平聲,270
jiou,膘,入嬌切,三膘二膘糞形,004_Tie_Siann_Tsap_Ngou_Im > （嬌）部上平聲,270
jiou,之,入嬌切,腸也,004_Tie_Siann_Tsap_Ngou_Im > （嬌）部上平聲,270
jiou,憔,入嬌切,也,004_Tie_Siann_Tsap_Ngou_Im > （嬌）部上平聲,270
jiou,劍,入嬌切,達也跑也,004_Tie_Siann_Tsap_Ngou_Im > （嬌）部上平聲,270
jiou,鵲,入嬌切,小烏也,004_Tie_Siann_Tsap_Ngou_Im > （嬌）部上平聲,270
jiou,銘,入嬌切,大鏟刀,004_Tie_Siann_Tsap_Ngou_Im > （嬌）部上平聲,270
jiou,椒,入嬌切,楠椒也,004_Tie_Siann_Tsap_Ngou_Im > （嬌）部上平聲,270
jiám,染,入兼切,布染點染染指 丹 行也進也專也又姓 丹 同上又 毛染染 髻 須在類曰染菊茗前也 苒 莊染展 再 特也,004_Tie_Siann_Tsap_Ngou_Im > （兼）部上上聲,87
jiân,然,入堅切,又聲之否然依率之有,004_Tie_Siann_Tsap_Ngou_Im > （堅）部下平聲,124
jiân,燃,入堅切,燃火焚物貌又燃周忌也,004_Tie_Siann_Tsap_Ngou_Im > （堅）部下平聲,124
jiân,燄,入堅切,燄姓也又嫣燄女態也,004_Tie_Siann_Tsap_Ngou_Im > （堅）部下平聲,124
jiân,撚,入堅切,撚以手持物曰撚花撚須,004_Tie_Siann_Tsap_Ngou_Im > （堅）部下平聲,124
jiãn,尚,入堅切,物之往曰尚又高也尊也加也崇也,004_Tie_Siann_Tsap_Ngou_Im > （堅）部下上聲,127
jiãn,蟳,入堅切,白蟳乃其土,004_Tie_Siann_Tsap_Ngou_Im > （堅）部下上聲,127
jiãn,像,入堅切,形像繪像照像,004_Tie_Siann_Tsap_Ngou_Im > （堅）部下上聲,127
jiãn,橡,入堅切,木名其可熬膠,004_Tie_Siann_Tsap_Ngou_Im > （堅）部下上聲,127
jiãn,臀,入堅切,出猶之蓐也曰臀臟也,004_Tie_Siann_Tsap_Ngou_Im > （堅）部下上聲,127
jiãn,鱔,入堅切,魚名形長有黃白鱔,004_Tie_Siann_Tsap_Ngou_Im > （堅）部下上聲,127
jiòu,逐,入嬌切,俗調起曰逐此字音猜,004_Tie_Siann_Tsap_Ngou_Im > （嬌）部上去聲,274
jiòu,今,入嬌切,入在此用其義也逐今起今,004_Tie_Siann_Tsap_Ngou_Im > （嬌）部上去聲,274
jiòu,競,入嬌切,豈也為鱅立也,004_Tie_Siann_Tsap_Ngou_Im > （嬌）部上去聲,275
jiòu,俗,入嬌切,胡富俗犯俗娥,004_Tie_Siann_Tsap_Ngou_Im > （嬌）部上去聲,275
jiòu,嫍,入嬌切,嫍娩,004_Tie_Siann_Tsap_Ngou_Im > （嬌）部上去聲,275
jiòu,橄,入嬌切,曲木也又辨也,004_Tie_Siann_Tsap_Ngou_Im > （嬌）部上去聲,275
jiô,樵,入燒切,行船之具精大用撑小舟用樵,004_Tie_Siann_Tsap_Ngou_Im > （燒）部下平聲,356
jiû,伞,入鳩切,人浮水面而行曰伞在水表面则曰犮,004_Tie_Siann_Tsap_Ngou_Im > （鳩）部下平聲,235
jiān,相,入堅切,相國軍相官名曰相為百官之長,004_Tie_Siann_Tsap_Ngou_Im > （堅）部下去聲,129
jiōu,縐,入嬌切,絲織成紋者曰：縐定縐紗縐色,004_Tie_Siann_Tsap_Ngou_Im > （嬌）部下去聲,278
jiōu,續,入嬌切,周圍裝締曰：又夜續殘續雞續又,004_Tie_Siann_Tsap_Ngou_Im > （嬌）部下去聲,278
jiũ,就,入鳩切,就成就將就而正之,004_Tie_Siann_Tsap_Ngou_Im > （鳩）部下上聲,237
jiũ,傲,入鳩切,傲庶傲,004_Tie_Siann_Tsap_Ngou_Im > （鳩）部下上聲,237
ji̍h,廿,入基切,廿二十曰,004_Tie_Siann_Tsap_Ngou_Im > （基）部下入聲,113
ji̍h,念,入基切,之念俗二十,004_Tie_Siann_Tsap_Ngou_Im > （基）部下入聲,113
ji̍p,以,入金切,納也出入,004_Tie_Siann_Tsap_Ngou_Im > （金）部下入聲,52
ji̍p,以,入金切,恭入斂,004_Tie_Siann_Tsap_Ngou_Im > （金）部下入聲,52
ji̍p,令,入金切,同上又,004_Tie_Siann_Tsap_Ngou_Im > （金）部下入聲,52
ji̍p,迅,入金切,也,004_Tie_Siann_Tsap_Ngou_Im > （金）部下入聲,52
jng,桑,入扛切,日出千負桑 葉桑樹桑糠 霜 落紀初桑水桑當 嬌 人夫侍 桑神桑守神 酸 醋之本也 又有桑妳 喪 日居桑 各兄時 鹼 坐桑矮則 騾 也良馬,004_Tie_Siann_Tsap_Ngou_Im > （扛）部上平聲,285
jn̍gh,楨,入扛切,沫祥也,004_Tie_Siann_Tsap_Ngou_Im > （扛）部下入聲,292
jn̍gh,鍏,入扛切,鐵户也,004_Tie_Siann_Tsap_Ngou_Im > （扛）部下入聲,292
jn̍gh,罛,入扛切,魚網也,004_Tie_Siann_Tsap_Ngou_Im > （扛）部下入聲,292
jn̍gh,箱,入扛切,名也,004_Tie_Siann_Tsap_Ngou_Im > （扛）部下入聲,292
jn̍gh,鈩,入扛切,飯也,004_Tie_Siann_Tsap_Ngou_Im > （扛）部下入聲,292
jn̍gh,飫,入扛切,飽飫也,004_Tie_Siann_Tsap_Ngou_Im > （扛）部下入聲,292
jong,時,入公切,嵩 山之最高也中岳名 鬆 髮亂也 鋒 也 時 派高,004_Tie_Siann_Tsap_Ngou_Im > （公）部上平聲,64
jong,英,入公切,翁 老者之稱漁英笠英 松 樵夫之父又曰英阿英,004_Tie_Siann_Tsap_Ngou_Im > （公）部上平聲,64
jong,文,入公切,曹 也目不明,004_Tie_Siann_Tsap_Ngou_Im > （公）部上平聲,64
jo̍h,薄,入歌切,薄輕薄波薄泙薄,004_Tie_Siann_Tsap_Ngou_Im > （歌）部下入聲,197
jo̍h,金,入歌切,金錫金厚金,004_Tie_Siann_Tsap_Ngou_Im > （歌）部下入聲,197
jo̍h,篷,入歌切,革,004_Tie_Siann_Tsap_Ngou_Im > （歌）部下入聲,197
jo̍h,金,入歌切,金也,004_Tie_Siann_Tsap_Ngou_Im > （歌）部下入聲,197
jo̍k,辱,入公切,燒傳於人日辱取辱,004_Tie_Siann_Tsap_Ngou_Im > （公）部下入聲,75
jo̍k,荐,入公切,苗荐也,004_Tie_Siann_Tsap_Ngou_Im > （公）部下入聲,75
jo̍k,又,入公切,又收,004_Tie_Siann_Tsap_Ngou_Im > （公）部下入聲,75
jo̍k,褲,入公切,褲被褲,004_Tie_Siann_Tsap_Ngou_Im > （公）部下入聲,75
jo̍k,傴,入公切,農人戶,004_Tie_Siann_Tsap_Ngou_Im > （公）部下入聲,75
jo̍k,耨,入公切,耕耨鋤,004_Tie_Siann_Tsap_Ngou_Im > （公）部下入聲,75
jua̍k,粤,入光切,日也發端之蔚又宙 境也又地 名東粤西粤 越 相隔也粤宿 粤適粤 獲 捕得也粤刺 鈦 斧粤 鑊 飯粤 穫 也 刈禾,004_Tie_Siann_Tsap_Ngou_Im > （光）部下入聲,211
juih,維,入歸切,聚物曰維 網維章維桑惟 帳也惟 心無涉及曰維是維有,004_Tie_Siann_Tsap_Ngou_Im > （歸）部上入聲,219
juih,遺,入歸切,贈拐曰遺贈,004_Tie_Siann_Tsap_Ngou_Im > （歸）部上入聲,221
juih,又,入歸切,亡也索也,004_Tie_Siann_Tsap_Ngou_Im > （歸）部上入聲,221
juih,瑞,入歸切,吉祥之充,004_Tie_Siann_Tsap_Ngou_Im > （歸）部上入聲,221
juih,睡,入歸切,坐而寐之,004_Tie_Siann_Tsap_Ngou_Im > （歸）部上入聲,221
juih,日,入歸切,日覺,004_Tie_Siann_Tsap_Ngou_Im > （歸）部上入聲,221
jun,𢆃,入君切,以巾拭墀也,004_Tie_Siann_Tsap_Ngou_Im > （君）部上平聲,7
jun,潤,入君切,浸潤澤沾潤,004_Tie_Siann_Tsap_Ngou_Im > （君）部上平聲,16
juān,散,入官切,收之不能注集之不能成日－四－分－水解日－,004_Tie_Siann_Tsap_Ngou_Im > （官）部下去聲,144
juān,汕,入官切,以漁取魚－又地名－頭埠,004_Tie_Siann_Tsap_Ngou_Im > （官）部下去聲,144
juān,綫,入官切,針－絲－苧－沙－又柳－,004_Tie_Siann_Tsap_Ngou_Im > （官）部下去聲,144
juān,綾,入官切,同上今之鉄路幹－支－,004_Tie_Siann_Tsap_Ngou_Im > （官）部下去聲,144
ju̍t,林,入君切,林末也,004_Tie_Siann_Tsap_Ngou_Im > （君）部下入聲,20
jài,又,入皆切,祀神曰又神,004_Tie_Siann_Tsap_Ngou_Im > （皆）部上去聲,149
jài,哉,入皆切,始也又語辭又,004_Tie_Siann_Tsap_Ngou_Im > （皆）部上去聲,149
jài,數,入皆切,辭又疑辭,004_Tie_Siann_Tsap_Ngou_Im > （皆）部上去聲,149
jâi,抬,入皆切,舉也,004_Tie_Siann_Tsap_Ngou_Im > （皆）部下平聲,150
jâi,笞,入皆切,也搒擊,004_Tie_Siann_Tsap_Ngou_Im > （皆）部下平聲,150
jâi,樻,入皆切,木名,004_Tie_Siann_Tsap_Ngou_Im > （皆）部下平聲,150
jâi,父,入皆切,父,004_Tie_Siann_Tsap_Ngou_Im > （皆）部下平聲,150
jãng,送,入江切,相送逢送,004_Tie_Siann_Tsap_Ngou_Im > （江）部下上聲,258
jãng,別,入江切,別行別,004_Tie_Siann_Tsap_Ngou_Im > （江）部下上聲,258
jãng,靈,入江切,又雪雲也,004_Tie_Siann_Tsap_Ngou_Im > （江）部下上聲,258
jãng,鐵,入江切,努也,004_Tie_Siann_Tsap_Ngou_Im > （江）部下上聲,258
jãng,疝,入江切,腹痛男,004_Tie_Siann_Tsap_Ngou_Im > （江）部下上聲,258
jãng,有,入江切,七有人,004_Tie_Siann_Tsap_Ngou_Im > （江）部下上聲,258
jãng,訕,入江切,之言也訕訪毀人,004_Tie_Siann_Tsap_Ngou_Im > （江）部下上聲,258
jãng,花,入江切,花林花樹花,004_Tie_Siann_Tsap_Ngou_Im > （江）部下上聲,260
jãng,藏,入江切,之至,004_Tie_Siann_Tsap_Ngou_Im > （江）部下上聲,260
jãng,淡,入江切,曰淡,004_Tie_Siann_Tsap_Ngou_Im > （江）部下上聲,260
jêng,因,入弓切,囲也,004_Tie_Siann_Tsap_Ngou_Im > （弓）部下平聲,300
jêng,再,入弓切,也又也,004_Tie_Siann_Tsap_Ngou_Im > （弓）部下平聲,300
jêng,又,入弓切,又同上如又居也拆開也又者事,004_Tie_Siann_Tsap_Ngou_Im > （弓）部下平聲,300
jêng,増,入弓切,増増集,004_Tie_Siann_Tsap_Ngou_Im > （弓）部下平聲,300
jì,代,入基切,皺文以,004_Tie_Siann_Tsap_Ngou_Im > （基）部上去聲,102
jì,著,入基切,詞制字以,004_Tie_Siann_Tsap_Ngou_Im > （基）部上去聲,102
jì,也,入基切,正音,004_Tie_Siann_Tsap_Ngou_Im > （基）部上去聲,102
jì,貳,入基切,同,004_Tie_Siann_Tsap_Ngou_Im > （基）部上去聲,102
jì,弍,入基切,同又,004_Tie_Siann_Tsap_Ngou_Im > （基）部上去聲,102
jì,院,入基切,也院觀廛,004_Tie_Siann_Tsap_Ngou_Im > （基）部上去聲,102
jì,口,入基切,孝也,004_Tie_Siann_Tsap_Ngou_Im > （基）部上去聲,102
jì,也,入基切,耳飾,004_Tie_Siann_Tsap_Ngou_Im > （基）部上去聲,102
jì,魚,入基切,以之鈞魚也,004_Tie_Siann_Tsap_Ngou_Im > （基）部上去聲,102
jìn,認,入⿴囗君切,視物看付定曰認人認物認數代認,004_Tie_Siann_Tsap_Ngou_Im > （⿴囗君）部上去聲,163
jî,時,入基切,日十二時辰,004_Tie_Siann_Tsap_Ngou_Im > （基）部下平聲,106
jî,拜,入基切,拜,004_Tie_Siann_Tsap_Ngou_Im > （基）部下平聲,106
jî,辭,入基切,不受曰辭,004_Tie_Siann_Tsap_Ngou_Im > （基）部下平聲,106
jî,時,入基切,供,004_Tie_Siann_Tsap_Ngou_Im > （基）部下平聲,106
jî,供,入基切,具也,004_Tie_Siann_Tsap_Ngou_Im > （基）部下平聲,106
jî,時,入基切,鸚,004_Tie_Siann_Tsap_Ngou_Im > （基）部下平聲,106
jî,鸚,入基切,桃也,004_Tie_Siann_Tsap_Ngou_Im > （基）部下平聲,106
jî,鮆,入基切,魚名,004_Tie_Siann_Tsap_Ngou_Im > （基）部下平聲,106
jî,鮆,入基切,而肥似,004_Tie_Siann_Tsap_Ngou_Im > （基）部下平聲,106
jî,刘,入基切,艾棣艾,004_Tie_Siann_Tsap_Ngou_Im > （基）部下平聲,106
jî,匙,入基切,調,004_Tie_Siann_Tsap_Ngou_Im > （基）部下平聲,106
jî,匙,入基切,味用匙,004_Tie_Siann_Tsap_Ngou_Im > （基）部下平聲,106
jî,易,入基切,正昔,004_Tie_Siann_Tsap_Ngou_Im > （基）部下平聲,106
jî,白,入基切,居白,004_Tie_Siann_Tsap_Ngou_Im > （基）部下平聲,106
jî,人,入基切,名,004_Tie_Siann_Tsap_Ngou_Im > （基）部下平聲,106
jîm,壬,入金切,士英屬水十天干之壬,004_Tie_Siann_Tsap_Ngou_Im > （金）部下平聲,48
jîn,人,入⿴囗君切,君子小人又,004_Tie_Siann_Tsap_Ngou_Im > （⿴囗君）部下平聲,167
jîn,人,入⿴囗君切,若仁人,004_Tie_Siann_Tsap_Ngou_Im > （⿴囗君）部下平聲,167
jîn,竹,入⿴囗君切,西況 太陽也東,004_Tie_Siann_Tsap_Ngou_Im > （⿴囗君）部下平聲,170
jîn,同,入⿴囗君切,上,004_Tie_Siann_Tsap_Ngou_Im > （⿴囗君）部下平聲,170
jîn,也,入⿴囗君切,早種,004_Tie_Siann_Tsap_Ngou_Im > （⿴囗君）部下平聲,170
jîn,猶,入⿴囗君切,翼范 鳥 猶 魚 猶,004_Tie_Siann_Tsap_Ngou_Im > （⿴囗君）部下平聲,170
jòng,肉,入公切,正音,004_Tie_Siann_Tsap_Ngou_Im > （公）部上去聲,68
jông,戎,入公切,戎依兒,004_Tie_Siann_Tsap_Ngou_Im > （公）部下平聲,71
jông,衣,入公切,從兒絨布之有乜,004_Tie_Siann_Tsap_Ngou_Im > （公）部下平聲,71
jông,育,入公切,曰育,004_Tie_Siann_Tsap_Ngou_Im > （公）部下平聲,71
jông,茸,入公切,鹿初茸之,004_Tie_Siann_Tsap_Ngou_Im > （公）部下平聲,71
jông,角,入公切,曰角,004_Tie_Siann_Tsap_Ngou_Im > （公）部下平聲,71
jông,俤,入公切,裏也,004_Tie_Siann_Tsap_Ngou_Im > （公）部下平聲,71
jông,彼,入公切,人身有,004_Tie_Siann_Tsap_Ngou_Im > （公）部下平聲,71
jông,戕,入公切,三角,004_Tie_Siann_Tsap_Ngou_Im > （公）部下平聲,71
jông,狨,入公切,獸名毛,004_Tie_Siann_Tsap_Ngou_Im > （公）部下平聲,71
jông,可,入公切,作布,004_Tie_Siann_Tsap_Ngou_Im > （公）部下平聲,71
jông,茁,入公切,姓也厚靚又,004_Tie_Siann_Tsap_Ngou_Im > （公）部下平聲,71
jùe,芮,入瓜切,姓也又國名又芮芮草和生短小也,004_Tie_Siann_Tsap_Ngou_Im > （瓜）部上去聲,341
jùn,閏,入君切,月餘積閏 閏餘成歲,004_Tie_Siann_Tsap_Ngou_Im > （君）部上去聲,11
jún,𠃔,入君切,許也 納也,004_Tie_Siann_Tsap_Ngou_Im > （君）部上上聲,9
jún,允,入君切,仝上 應納曰允,004_Tie_Siann_Tsap_Ngou_Im > （君）部上上聲,9
jún,吮,入君切,以口吸之曰吮,004_Tie_Siann_Tsap_Ngou_Im > （君）部上上聲,9
jún,狁,入君切,玁狁似猴 匈奴別名,004_Tie_Siann_Tsap_Ngou_Im > （君）部上上聲,9
jún,傊,入君切,勝也 優也,004_Tie_Siann_Tsap_Ngou_Im > （君）部上上聲,9
jûn,遊,入君切,謀恭也,004_Tie_Siann_Tsap_Ngou_Im > （君）部下平聲,14
jûn,詢,入君切,訊問也,004_Tie_Siann_Tsap_Ngou_Im > （君）部下平聲,14
jûn,洵,入君切,水名,004_Tie_Siann_Tsap_Ngou_Im > （君）部下平聲,14
jûn,傳,入君切,疵也,004_Tie_Siann_Tsap_Ngou_Im > （君）部下平聲,14
jûn,淳,入君切,樸也,004_Tie_Siann_Tsap_Ngou_Im > （君）部下平聲,14
jûn,菌,入君切,菌草木實,004_Tie_Siann_Tsap_Ngou_Im > （君）部下平聲,14
jûn,又,入君切,地名,004_Tie_Siann_Tsap_Ngou_Im > （君）部下平聲,14
jûn,純,入君切,雜純不,004_Tie_Siann_Tsap_Ngou_Im > （君）部下平聲,14
jûn,遠,入君切,前遠巡不,004_Tie_Siann_Tsap_Ngou_Im > （君）部下平聲,14
jûn,醇,入君切,美酒,004_Tie_Siann_Tsap_Ngou_Im > （君）部下平聲,14
jûn,鴒,入君切,鴒鴒鳥名,004_Tie_Siann_Tsap_Ngou_Im > （君）部下平聲,14
jûn,謗,入君切,有言也又,004_Tie_Siann_Tsap_Ngou_Im > （君）部下平聲,14
jûn,有,入君切,所求也,004_Tie_Siann_Tsap_Ngou_Im > （君）部下平聲,14
jûn,狗,入君切,私狗情,004_Tie_Siann_Tsap_Ngou_Im > （君）部下平聲,14
jī,前,入基切,也又進也,004_Tie_Siann_Tsap_Ngou_Im > （基）部下去聲,112
jī,齋,入基切,同,004_Tie_Siann_Tsap_Ngou_Im > （基）部下去聲,112
jī,骨,入基切,言又,004_Tie_Siann_Tsap_Ngou_Im > （基）部下去聲,112
jī,誌,入基切,誌 碑,004_Tie_Siann_Tsap_Ngou_Im > （基）部下去聲,112
jī,質,入基切,以物為質,004_Tie_Siann_Tsap_Ngou_Im > （基）部下去聲,112
jī,躓,入基切,礙也,004_Tie_Siann_Tsap_Ngou_Im > （基）部下去聲,112
jī,識,入基切,記也,004_Tie_Siann_Tsap_Ngou_Im > （基）部下去聲,112
jī,誌,入基切,誌也,004_Tie_Siann_Tsap_Ngou_Im > （基）部下去聲,112
jī,唜,入基切,正言也小語也,004_Tie_Siann_Tsap_Ngou_Im > （基）部下去聲,112
jī,矢,入基切,矢其真如,004_Tie_Siann_Tsap_Ngou_Im > （基）部下去聲,112
jōng,柳,入公切,絡經柳包柳紡物柳,004_Tie_Siann_Tsap_Ngou_Im > （公）部下去聲,74
jūa,熱,入⿴囗瓜切,涼－暑氣矣,004_Tie_Siann_Tsap_Ngou_Im > （⿴囗瓜）部下去聲,245
jūa,慈,入⿴囗瓜切,悲則曰－音若,004_Tie_Siann_Tsap_Ngou_Im > （⿴囗瓜）部下去聲,245
jūa,江,入⿴囗瓜切,部上平聲,004_Tie_Siann_Tsap_Ngou_Im > （⿴囗瓜）部下去聲,245
jūn,口,入君切,口也,004_Tie_Siann_Tsap_Ngou_Im > （君）部下去聲,18
jūn,偷,入君切,也廉,004_Tie_Siann_Tsap_Ngou_Im > （君）部下去聲,18
jūn,同,入君切,俊,004_Tie_Siann_Tsap_Ngou_Im > （君）部下去聲,18
jūn,錯,入君切,也,004_Tie_Siann_Tsap_Ngou_Im > （君）部下去聲,18
jūn,達,入君切,也莸,004_Tie_Siann_Tsap_Ngou_Im > （君）部下去聲,18
jūn,山,入君切,深也又,004_Tie_Siann_Tsap_Ngou_Im > （君）部下去聲,18
jūn,明,入君切,智也,004_Tie_Siann_Tsap_Ngou_Im > （君）部下去聲,18
jūn,熬,入君切,火也,004_Tie_Siann_Tsap_Ngou_Im > （君）部下去聲,18
jṳ,輻,入居切,輻重厓,004_Tie_Siann_Tsap_Ngou_Im > （居）部上平聲,178
jṳ,車,入居切,也,004_Tie_Siann_Tsap_Ngou_Im > （居）部上平聲,178
jṳ,餐,入居切,麻餐稻餅,004_Tie_Siann_Tsap_Ngou_Im > （居）部上平聲,178
jṳ,饐,入居切,也饐清也,004_Tie_Siann_Tsap_Ngou_Im > （居）部上平聲,178
jṳ,嗞,入居切,解嗞唆歎,004_Tie_Siann_Tsap_Ngou_Im > （居）部上平聲,178
jṳ,孩,入居切,猶及之,004_Tie_Siann_Tsap_Ngou_Im > （居）部上平聲,178
jṳ,禣,入居切,息也,004_Tie_Siann_Tsap_Ngou_Im > （居）部上平聲,178
jṳ,梁,入居切,梁概也,004_Tie_Siann_Tsap_Ngou_Im > （居）部上平聲,178
jṳ,諮,入居切,問也謀,004_Tie_Siann_Tsap_Ngou_Im > （居）部上平聲,178
jṳ,耳,入居切,耳,004_Tie_Siann_Tsap_Ngou_Im > （居）部上平聲,179
jṳ,通,入居切,近也迎通即道近也,004_Tie_Siann_Tsap_Ngou_Im > （居）部上平聲,179
jṳ,璽,入居切,猶印戒也,004_Tie_Siann_Tsap_Ngou_Im > （居）部上平聲,179
jṳ̂,貳,入居切,志守不二,004_Tie_Siann_Tsap_Ngou_Im > （居）部下平聲,184
jṳ̂,臟,入居切,肥臟朕臟,004_Tie_Siann_Tsap_Ngou_Im > （居）部下平聲,184
jṳ̂,儀,入居切,副益也,004_Tie_Siann_Tsap_Ngou_Im > （居）部下平聲,184
jṳ̂,二,入居切,稿戒,004_Tie_Siann_Tsap_Ngou_Im > （居）部下平聲,184
jṳ̂,橄,入居切,敵棄也,004_Tie_Siann_Tsap_Ngou_Im > （居）部下平聲,184
ka,膠,求膠切,牛－鹿－亞－漆,004_Tie_Siann_Tsap_Ngou_Im > （膠）部上平聲,261
ka,絞,求膠切,交絞,004_Tie_Siann_Tsap_Ngou_Im > （膠）部上平聲,264
ka,慈,求膠切,慈棉,004_Tie_Siann_Tsap_Ngou_Im > （膠）部上平聲,264
ka,橋,求膠切,束同上橋,004_Tie_Siann_Tsap_Ngou_Im > （膠）部上平聲,264
kah,料,求膠切,料又料子又鉄料又,004_Tie_Siann_Tsap_Ngou_Im > （膠）部上入聲,265
kah,手,求膠切,足手又山手,004_Tie_Siann_Tsap_Ngou_Im > （膠）部上入聲,265
kah,即,求膠切,戰甲,004_Tie_Siann_Tsap_Ngou_Im > （膠）部上入聲,265
kai,茇,求皆切,草根也,004_Tie_Siann_Tsap_Ngou_Im > （皆）部上平聲,145
kai,偕,求皆切,俱也強也，強力也,004_Tie_Siann_Tsap_Ngou_Im > （皆）部上平聲,145
kai,喈,求皆切,鳥鳴也,004_Tie_Siann_Tsap_Ngou_Im > （皆）部上平聲,145
kai,正,求皆切,音,004_Tie_Siann_Tsap_Ngou_Im > （皆）部上平聲,147
kak,如,求江切,獸之有如龍如鹿,004_Tie_Siann_Tsap_Ngou_Im > （江）部上入聲,251
kak,制,求江切,制所以蓋屋也,004_Tie_Siann_Tsap_Ngou_Im > （江）部上入聲,251
kak,盖,求江切,棚盖,004_Tie_Siann_Tsap_Ngou_Im > （江）部上入聲,251
kak,仵,求江切,仵事仵茶局,004_Tie_Siann_Tsap_Ngou_Im > （江）部上入聲,251
kak,發,求江切,知發學發先,004_Tie_Siann_Tsap_Ngou_Im > （江）部上入聲,251
kak,兩,求江切,玉相合也,004_Tie_Siann_Tsap_Ngou_Im > （江）部上入聲,251
kam,甘,求甘切,飲食均又曰甘旨同甘味甘,004_Tie_Siann_Tsap_Ngou_Im > （甘）部上平聲,330
kam,桔,求甘切,末桔,004_Tie_Siann_Tsap_Ngou_Im > （甘）部上平聲,330
kam,泔,求甘切,米水曰,004_Tie_Siann_Tsap_Ngou_Im > （甘）部上平聲,330
kam,痁,求甘切,小兒病症有痁肝肺脾腎之別積又五,004_Tie_Siann_Tsap_Ngou_Im > （甘）部上平聲,330
kam,邯,求甘切,仙邯郡縣名曰邯郢邯夢,004_Tie_Siann_Tsap_Ngou_Im > （甘）部上平聲,330
kam,監,求甘切,陛下監臨下士也又監家也頒也攝也,004_Tie_Siann_Tsap_Ngou_Im > （甘）部上平聲,330
kan,撣,求柑切,扇上撣物曰－棍－物,004_Tie_Siann_Tsap_Ngou_Im > （柑）部上平聲,319
kau,高,求高切,上則曰高登高品高,004_Tie_Siann_Tsap_Ngou_Im > （高）部上平聲,30
kau,交,求高切,交道甚交棱交友,004_Tie_Siann_Tsap_Ngou_Im > （高）部上平聲,30
kau,郊,求高切,野之外曰郊來郊,004_Tie_Siann_Tsap_Ngou_Im > （高）部上平聲,30
kau,溝,求高切,水道水溝為道,004_Tie_Siann_Tsap_Ngou_Im > （高）部上平聲,30
kau,勻,求高切,勻者曲跋 曰勻扯蚊勻龍跋 虎勻廉,004_Tie_Siann_Tsap_Ngou_Im > （高）部上平聲,30
kau,鉤,求高切,鐵曲成鉤鐵鉤,004_Tie_Siann_Tsap_Ngou_Im > （高）部上平聲,30
kau,輟,求高切,了輟輟筆木 跋 也,004_Tie_Siann_Tsap_Ngou_Im > （高）部上平聲,30
kau,鮫,求高切,沙魚也才可入母服,004_Tie_Siann_Tsap_Ngou_Im > （高）部上平聲,30
kau,羔,求高切,食羊也又小羊,004_Tie_Siann_Tsap_Ngou_Im > （高）部上平聲,30
kau,昂,求高切,也,004_Tie_Siann_Tsap_Ngou_Im > （高）部上平聲,30
kau,觥,求高切,頒也澤九觥肉又,004_Tie_Siann_Tsap_Ngou_Im > （高）部上平聲,30
kau,喈,求高切,虎庠喈龍,004_Tie_Siann_Tsap_Ngou_Im > （高）部上平聲,30
kau,芰,求高切,荒兮,004_Tie_Siann_Tsap_Ngou_Im > （高）部上平聲,30
kau,箕,求高切,烈龍也,004_Tie_Siann_Tsap_Ngou_Im > （高）部上平聲,30
kau,釣,求鈎切,三十斤重曰釣釣又大也,004_Tie_Siann_Tsap_Ngou_Im > （鈎）部上平聲,173
kau,均,求鈎切,等也均均分,004_Tie_Siann_Tsap_Ngou_Im > （鈎）部上平聲,173
kau,勉,求鈎切,曰勉勉十六兩,004_Tie_Siann_Tsap_Ngou_Im > （鈎）部上平聲,173
kau,斤,求鈎切,同上斤斤兩,004_Tie_Siann_Tsap_Ngou_Im > （鈎）部上平聲,173
kau,根,求鈎切,木也根根本,004_Tie_Siann_Tsap_Ngou_Im > （鈎）部上平聲,173
kau,筋,求鈎切,筋筋骨肉之力也,004_Tie_Siann_Tsap_Ngou_Im > （鈎）部上平聲,173
kau,巾,求鈎切,巾巾布巾巾面巾巾頭,004_Tie_Siann_Tsap_Ngou_Im > （鈎）部上平聲,173
kau,神,求鈎切,同巾布,004_Tie_Siann_Tsap_Ngou_Im > （鈎）部上平聲,173
kau,跟,求鈎切,跟跟足踵也,004_Tie_Siann_Tsap_Ngou_Im > （鈎）部上平聲,173
kau,助,求鈎切,同助又者也,004_Tie_Siann_Tsap_Ngou_Im > （鈎）部上平聲,173
ke,加,求家切,加減加者 有餘也,004_Tie_Siann_Tsap_Ngou_Im > （家）部上平聲,21
ke,袈,求家切,衣也袈渼胡,004_Tie_Siann_Tsap_Ngou_Im > （家）部上平聲,21
kennh,數,求庚切,之滿也,004_Tie_Siann_Tsap_Ngou_Im > （庚）部上入聲,226
kennh,而,求庚切,十十而而,004_Tie_Siann_Tsap_Ngou_Im > （庚）部上入聲,226
kennh,四,求庚切,十五數合為四,004_Tie_Siann_Tsap_Ngou_Im > （庚）部上入聲,226
kennh,浴,求庚切,書,004_Tie_Siann_Tsap_Ngou_Im > （庚）部上入聲,226
kennh,五,求庚切,十五數合為五,004_Tie_Siann_Tsap_Ngou_Im > （庚）部上入聲,226
kennh,阻,求庚切,也,004_Tie_Siann_Tsap_Ngou_Im > （庚）部上入聲,226
kennh,有,求庚切,以別之曰有,004_Tie_Siann_Tsap_Ngou_Im > （庚）部上入聲,226
kennh,睦,求庚切,睦達睦,004_Tie_Siann_Tsap_Ngou_Im > （庚）部上入聲,226
kennh,相,求庚切,相物相致,004_Tie_Siann_Tsap_Ngou_Im > （庚）部上入聲,226
ke̍h,不,求家切,願人意也又遂意,004_Tie_Siann_Tsap_Ngou_Im > （家）部下入聲,29
ke̍h,厥,求佳切,木－利－析－,004_Tie_Siann_Tsap_Ngou_Im > （佳）部下入聲,328
ke̍k,局,求弓切,公局總局設局關局哨局又有暑假局,004_Tie_Siann_Tsap_Ngou_Im > （弓）部下入聲,305
ke̍k,極,求弓切,直也無以加之也曰極太極以及南北極無,004_Tie_Siann_Tsap_Ngou_Im > （弓）部下入聲,305
keⁿ,庚,求庚切,天干庚年屬金廢庚絕也又庚歌庚耕庚田躬庚畔同上莫庚調庚鹽更庚巡庚守庚杭者甕有些,004_Tie_Siann_Tsap_Ngou_Im > （庚）部上平聲,223
keⁿ,梗,求庚切,梗枝梗桔梗殊,004_Tie_Siann_Tsap_Ngou_Im > （庚）部上平聲,224
keⁿ,又,求庚切,人之正有曰骨又,004_Tie_Siann_Tsap_Ngou_Im > （庚）部上平聲,224
keⁿ,鯁,求庚切,魚骨也刺在喉曰鯁,004_Tie_Siann_Tsap_Ngou_Im > （庚）部上平聲,224
keⁿ,哽,求庚切,咽塞也,004_Tie_Siann_Tsap_Ngou_Im > （庚）部上平聲,224
keⁿ,瘂,求庚切,瘂息也,004_Tie_Siann_Tsap_Ngou_Im > （庚）部上平聲,224
keⁿ,鯁,求庚切,鯁水之,004_Tie_Siann_Tsap_Ngou_Im > （庚）部上平聲,224
keⁿ,埋,求庚切,小坑也又,004_Tie_Siann_Tsap_Ngou_Im > （庚）部上平聲,224
keⁿ,勤,求庚切,坚勤強勤力,004_Tie_Siann_Tsap_Ngou_Im > （庚）部上平聲,224
kha,腳,去膠切,足曰－,004_Tie_Siann_Tsap_Ngou_Im > （膠）部上平聲,261
kha,腳,去膠切,同上 手緒－,004_Tie_Siann_Tsap_Ngou_Im > （膠）部上平聲,261
kha,巧,去膠切,乙巧,004_Tie_Siann_Tsap_Ngou_Im > （膠）部上平聲,264
kha,盅,去膠切,盅反說以見意也如,004_Tie_Siann_Tsap_Ngou_Im > （膠）部上平聲,264
kha,萱,去膠切,也水中葉,004_Tie_Siann_Tsap_Ngou_Im > （膠）部上平聲,264
khah,捕,去膠切,魚具,004_Tie_Siann_Tsap_Ngou_Im > （膠）部上入聲,265
khai,字,去皆切,之正體也有曰字模楷字又模也法也書,004_Tie_Siann_Tsap_Ngou_Im > （皆）部上平聲,147
khai,也,去皆切,也怏慷也力也,004_Tie_Siann_Tsap_Ngou_Im > （皆）部上平聲,147
khai,戒,去皆切,也甲也,004_Tie_Siann_Tsap_Ngou_Im > （皆）部上平聲,147
khai,也,去皆切,解也開也開,004_Tie_Siann_Tsap_Ngou_Im > （皆）部上平聲,147
khai,覧,去皆切,覧俯布,004_Tie_Siann_Tsap_Ngou_Im > （皆）部上平聲,147
khai,者,去皆切,銀之精,004_Tie_Siann_Tsap_Ngou_Im > （皆）部上平聲,147
khak,斛,去江切,斛蜱蛄,004_Tie_Siann_Tsap_Ngou_Im > （江）部上入聲,251
khak,皆,去江切,有皆,004_Tie_Siann_Tsap_Ngou_Im > （江）部上入聲,251
khak,水,去江切,大相水涉,004_Tie_Siann_Tsap_Ngou_Im > （江）部上入聲,251
khak,國,去江切,名又藥名,004_Tie_Siann_Tsap_Ngou_Im > （江）部上入聲,251
khak,又,去江切,藥名,004_Tie_Siann_Tsap_Ngou_Im > （江）部上入聲,251
khak,願,去江切,也謹也護恭,004_Tie_Siann_Tsap_Ngou_Im > （江）部上入聲,251
khak,覺,去江切,也,004_Tie_Siann_Tsap_Ngou_Im > （江）部上入聲,251
khak,寶,去江切,寶理寶,004_Tie_Siann_Tsap_Ngou_Im > （江）部上入聲,251
khak,俗,去江切,姓也,004_Tie_Siann_Tsap_Ngou_Im > （江）部上入聲,251
khak,戰,去江切,也芽也,004_Tie_Siann_Tsap_Ngou_Im > （江）部上入聲,251
khak,又,去江切,擊鳴也,004_Tie_Siann_Tsap_Ngou_Im > （江）部上入聲,251
khak,紅,去江切,紅酒,004_Tie_Siann_Tsap_Ngou_Im > （江）部上入聲,251
khak,神,去江切,神,004_Tie_Siann_Tsap_Ngou_Im > （江）部上入聲,251
khak,病,去江切,亂吐瀉,004_Tie_Siann_Tsap_Ngou_Im > （江）部上入聲,251
khak,病,去江切,症也,004_Tie_Siann_Tsap_Ngou_Im > （江）部上入聲,251
khak,言,去江切,壯也誇也,004_Tie_Siann_Tsap_Ngou_Im > （江）部上入聲,251
khak,同,去江切,上,004_Tie_Siann_Tsap_Ngou_Im > （江）部上入聲,251
khak,幻,去江切,幻,004_Tie_Siann_Tsap_Ngou_Im > （江）部上入聲,251
khak,行,去江切,曰,004_Tie_Siann_Tsap_Ngou_Im > （江）部上入聲,251
khak,姓,去江切,也太原,004_Tie_Siann_Tsap_Ngou_Im > （江）部上入聲,251
khak,郡,去江切,郡鄉,004_Tie_Siann_Tsap_Ngou_Im > （江）部上入聲,251
khak,飛,去江切,鶴字,004_Tie_Siann_Tsap_Ngou_Im > （江）部上入聲,251
kham,埼,去甘切,只掌能勝其侣曰埼克也能也勝也,004_Tie_Siann_Tsap_Ngou_Im > （甘）部上平聲,330
kham,龕,去甘切,安神之位也安龕大龕神龕,004_Tie_Siann_Tsap_Ngou_Im > （甘）部上平聲,330
khau,闖,去高切,凡物無私明曰挨闖,004_Tie_Siann_Tsap_Ngou_Im > （高）部上平聲,30
khau,闖,去高切,全上,004_Tie_Siann_Tsap_Ngou_Im > （高）部上平聲,30
khau,撫,去高切,搭撫撫撫,004_Tie_Siann_Tsap_Ngou_Im > （高）部上平聲,30
khauh,乞,去鈎切,有所求也－謂其,004_Tie_Siann_Tsap_Ngou_Im > （鈎）部上入聲,175
khauh,郊,去鈎切,－食－乃,004_Tie_Siann_Tsap_Ngou_Im > （鈎）部上入聲,175
khek,刻,去弓切,岩來曰刻又刻薄 又調也同刻唱刻尺 鞏 刻以物撞物也 刻鞏刻㪜刻卯,004_Tie_Siann_Tsap_Ngou_Im > （弓）部上入聲,296
khek,曲,去弓切,不直也屈曲曲,004_Tie_Siann_Tsap_Ngou_Im > （弓）部上入聲,296
khek,德,去弓切,道德功德行德竹 中空外直有節也 綠德草德德林 嫡子之正者曰德 娘德子德孫德 的 是德碓箕臂也 碓德 鈒 鈒箍也,004_Tie_Siann_Tsap_Ngou_Im > （弓）部上入聲,296
khennh,主,去庚切,主在家曰,004_Tie_Siann_Tsap_Ngou_Im > （庚）部上入聲,226
khennh,主,去庚切,出門曰主,004_Tie_Siann_Tsap_Ngou_Im > （庚）部上入聲,226
khe̍h,厥,去佳切,又厥同,004_Tie_Siann_Tsap_Ngou_Im > （佳）部下入聲,328
khe̍h,劇,去佳切,雜－持－甚也,004_Tie_Siann_Tsap_Ngou_Im > （佳）部下入聲,328
khe̍h,掲,去佳切,－竿為旗,004_Tie_Siann_Tsap_Ngou_Im > （佳）部下入聲,328
khe̍h,陳,去佳切,沙事,004_Tie_Siann_Tsap_Ngou_Im > （佳）部下入聲,328
kheⁿ,坑,去庚切,山坑阻坑又養政坑備,004_Tie_Siann_Tsap_Ngou_Im > （庚）部上平聲,223
kheⁿ,阮,去庚切,全上,004_Tie_Siann_Tsap_Ngou_Im > （庚）部上平聲,223
khi,欺,去基切,行詐於人日欺騙也,004_Tie_Siann_Tsap_Ngou_Im > （基）部上平聲,96
khi,儆,去基切,酬舞說又側說,004_Tie_Siann_Tsap_Ngou_Im > （基）部上平聲,96
khi,歃,去基切,不正也又歃曰秤歃器,004_Tie_Siann_Tsap_Ngou_Im > （基）部上平聲,96
khi,踐,去基切,器名,004_Tie_Siann_Tsap_Ngou_Im > （基）部上平聲,96
khi,崎,去基切,平崎嶝不,004_Tie_Siann_Tsap_Ngou_Im > （基）部上平聲,96
khi,謀,去基切,歎也說護,004_Tie_Siann_Tsap_Ngou_Im > （基）部上平聲,96
khi,蹊,去基切,山蹊間蹊曰迴道也,004_Tie_Siann_Tsap_Ngou_Im > （基）部上平聲,96
khiam,讓,去兼切,不自滿日讓讓讓細讓讓,004_Tie_Siann_Tsap_Ngou_Im > （兼）部上平聲,85
khiam,慊,去兼切,厭也足也自足為慊謂誠,004_Tie_Siann_Tsap_Ngou_Im > （兼）部上平聲,85
khian,虔,去堅切,曰虔而不移,004_Tie_Siann_Tsap_Ngou_Im > （堅）部上平聲,114
khian,愆,去堅切,罪過也,004_Tie_Siann_Tsap_Ngou_Im > （堅）部上平聲,114
khian,裳,去堅切,揭衣也,004_Tie_Siann_Tsap_Ngou_Im > （堅）部上平聲,114
khian,率,去堅切,連正書率,004_Tie_Siann_Tsap_Ngou_Im > （堅）部上平聲,114
khian,寒,去堅切,取寒收,004_Tie_Siann_Tsap_Ngou_Im > （堅）部上平聲,114
khian,寡,去堅切,姓也又,004_Tie_Siann_Tsap_Ngou_Im > （堅）部上平聲,114
khian,寒,去堅切,水揭衣涉,004_Tie_Siann_Tsap_Ngou_Im > （堅）部上平聲,114
khian,芫,去堅切,同芫,004_Tie_Siann_Tsap_Ngou_Im > （堅）部上平聲,114
khian,蟳,去堅切,什也但,004_Tie_Siann_Tsap_Ngou_Im > （堅）部上平聲,114
khian,量,去堅切,量界,004_Tie_Siann_Tsap_Ngou_Im > （堅）部上平聲,114
khian,彊,去堅切,兵兵彊九,004_Tie_Siann_Tsap_Ngou_Im > （堅）部上平聲,114
khian,韃,去堅切,繩金,004_Tie_Siann_Tsap_Ngou_Im > （堅）部上平聲,114
khian,矗,去堅切,明潔也,004_Tie_Siann_Tsap_Ngou_Im > （堅）部上平聲,114
khian,僵,去堅切,僵也什,004_Tie_Siann_Tsap_Ngou_Im > （堅）部上平聲,114
khian,殭,去堅切,不朽死而,004_Tie_Siann_Tsap_Ngou_Im > （堅）部上平聲,114
khian,疆,去堅切,疆界遷,004_Tie_Siann_Tsap_Ngou_Im > （堅）部上平聲,114
khian,繼,去堅切,曰繼,004_Tie_Siann_Tsap_Ngou_Im > （堅）部上平聲,114
khian,鑿,去堅切,金之屬五,004_Tie_Siann_Tsap_Ngou_Im > （堅）部上平聲,114
khian,鵑,去堅切,杜鵑為名又名子規,004_Tie_Siann_Tsap_Ngou_Im > （堅）部上平聲,114
khian,懼,去堅切,懼怯,004_Tie_Siann_Tsap_Ngou_Im > （堅）部上平聲,114
khiang,腔,去薑切,詞曲也同上,004_Tie_Siann_Tsap_Ngou_Im > （薑）部上平聲,347
khiang,腔,去薑切,同上,004_Tie_Siann_Tsap_Ngou_Im > （薑）部上平聲,347
khia̍p,趨,去兼切,日行如趨 走也,004_Tie_Siann_Tsap_Ngou_Im > （兼）部下入聲,94
khia̍t,樑,去堅切,凱,004_Tie_Siann_Tsap_Ngou_Im > （堅）部下入聲,130
khia̍t,蹋,去堅切,盡也極,004_Tie_Siann_Tsap_Ngou_Im > （堅）部下入聲,130
khia̍t,碣,去堅切,也碣石碣,004_Tie_Siann_Tsap_Ngou_Im > （堅）部下入聲,130
khih,器,去基切,皿不完曰器父也,004_Tie_Siann_Tsap_Ngou_Im > （基）部上入聲,103
khim,欽,去金切,敬也欽莊欽命又銅欽樂品,004_Tie_Siann_Tsap_Ngou_Im > （金）部上平聲,42
khim,衫,去金切,又衣衫同衫衣帶也衫,004_Tie_Siann_Tsap_Ngou_Im > （金）部上平聲,42
khim,橡,去金切,同上又購橡,004_Tie_Siann_Tsap_Ngou_Im > （金）部上平聲,42
khim,憟,去金切,心堅也又,004_Tie_Siann_Tsap_Ngou_Im > （金）部上平聲,42
khim,念,去金切,衣 念同衫衣,004_Tie_Siann_Tsap_Ngou_Im > （金）部上平聲,42
khim,嶔,去金切,也山聳立,004_Tie_Siann_Tsap_Ngou_Im > （金）部上平聲,42
khin,輕,去⿴囗君切,輕薄輕浮,004_Tie_Siann_Tsap_Ngou_Im > （⿴囗君）部上平聲,160
khin,輕,去⿴囗君切,同上,004_Tie_Siann_Tsap_Ngou_Im > （⿴囗君）部上平聲,160
khioh,抵,去燒切,俗抵拮抵,004_Tie_Siann_Tsap_Ngou_Im > （燒）部上入聲,355
khioh,錢,去燒切,錢舍錢,004_Tie_Siann_Tsap_Ngou_Im > （燒）部上入聲,355
khiong,嶼,去恭切,形嶼竆山,004_Tie_Siann_Tsap_Ngou_Im > （恭）部上平聲,155
khiong,惸,去恭切,憂也,004_Tie_Siann_Tsap_Ngou_Im > （恭）部上平聲,155
khiong,鴝,去恭切,多言又,004_Tie_Siann_Tsap_Ngou_Im > （恭）部上平聲,155
khiong,均,去恭切,問也,004_Tie_Siann_Tsap_Ngou_Im > （恭）部上平聲,155
khiou,敲,去嬌切,敲門棍 椎擊曰敲學曰敲,004_Tie_Siann_Tsap_Ngou_Im > （嬌）部上平聲,269
khiou,牆,去嬌切,土高也又,004_Tie_Siann_Tsap_Ngou_Im > （嬌）部上平聲,269
khiou,境,去嬌切,土不平,004_Tie_Siann_Tsap_Ngou_Im > （嬌）部上平聲,269
khiou,礐,去嬌切,痔也同土士,004_Tie_Siann_Tsap_Ngou_Im > （嬌）部上平聲,269
khiou,蹺,去嬌切,舉足也俗語曰蹺跌,004_Tie_Siann_Tsap_Ngou_Im > （嬌）部上平聲,269
khip,級,去金切,層級皆級頗次,004_Tie_Siann_Tsap_Ngou_Im > （金）部上入聲,46
khip,汲,去金切,茶汲水京,004_Tie_Siann_Tsap_Ngou_Im > （金）部上入聲,46
khip,級,去金切,姓也人身之頭曰首級,004_Tie_Siann_Tsap_Ngou_Im > （金）部上入聲,46
khip,吸,去金切,吹者氣出也吸如吸烟吸水觸令者氣入扱取也引吸從師,004_Tie_Siann_Tsap_Ngou_Im > （金）部上入聲,46
khip,笈,去金切,箱筐也頁,004_Tie_Siann_Tsap_Ngou_Im > （金）部上入聲,46
khiu,鳩,去鳩切,鳥名性拙喜聚,004_Tie_Siann_Tsap_Ngou_Im > （鳩）部上平聲,230
khiu,又,去鳩切,作工曰又工,004_Tie_Siann_Tsap_Ngou_Im > （鳩）部上平聲,230
khiu,也,去鳩切,同丘聚,004_Tie_Siann_Tsap_Ngou_Im > （鳩）部上平聲,230
khiu,同,去鳩切,虯龍而無角者,004_Tie_Siann_Tsap_Ngou_Im > （鳩）部上平聲,230
khiu,為,去鳩切,為蚓大而善,004_Tie_Siann_Tsap_Ngou_Im > （鳩）部上平聲,230
khiu,寒,去鳩切,暑,004_Tie_Siann_Tsap_Ngou_Im > （鳩）部上平聲,230
khiu̍h,粉,去鳩切,張自大曰,004_Tie_Siann_Tsap_Ngou_Im > （鳩）部下入聲,239
khiu̍h,意,去鳩切,滿也駒,004_Tie_Siann_Tsap_Ngou_Im > （鳩）部下入聲,239
khiu̍h,也,去鳩切,同上吳,004_Tie_Siann_Tsap_Ngou_Im > （鳩）部下入聲,239
khiu̍h,肫,去鳩切,股間腰肫,004_Tie_Siann_Tsap_Ngou_Im > （鳩）部下入聲,239
khiu̍h,信,去鳩切,受信下存信,004_Tie_Siann_Tsap_Ngou_Im > （鳩）部下入聲,239
khiu̍h,也,去鳩切,行也吳,004_Tie_Siann_Tsap_Ngou_Im > （鳩）部下入聲,239
khiu̍h,馬,去鳩切,又越也,004_Tie_Siann_Tsap_Ngou_Im > （鳩）部下入聲,239
khiàn,厭,去堅切,同用與其字,004_Tie_Siann_Tsap_Ngou_Im > （堅）部上去聲,121
khiàn,却,去堅切,催ㄧ辭郁退也,004_Tie_Siann_Tsap_Ngou_Im > （堅）部上去聲,121
khiám,歉,去兼切,抱歉不 慊 切茲恨也 愆 意恳不安 慲 也,004_Tie_Siann_Tsap_Ngou_Im > （兼）部上上聲,87
khiâm,鋮,去兼切,偎胸之鐘也五鋮,004_Tie_Siann_Tsap_Ngou_Im > （兼）部下平聲,91
khiâm,絨,去兼切,絨口三絨吉,004_Tie_Siann_Tsap_Ngou_Im > （兼）部下平聲,91
khiâm,箝,去兼切,鉗項也,004_Tie_Siann_Tsap_Ngou_Im > （兼）部下平聲,91
khiâm,鈿,去兼切,釵末也,004_Tie_Siann_Tsap_Ngou_Im > （兼）部下平聲,91
khiâm,鈴,去兼切,鎦也,004_Tie_Siann_Tsap_Ngou_Im > （兼）部下平聲,91
khiân,俗,去堅切,問亞誰曰俗,004_Tie_Siann_Tsap_Ngou_Im > （堅）部下平聲,124
khiãm,倫,去兼切,節用曰：芡 似蓮而小 曰倫實,004_Tie_Siann_Tsap_Ngou_Im > （兼）部下上聲,93
khiãn,真,去堅切,失也緊也定也,004_Tie_Siann_Tsap_Ngou_Im > （堅）部下上聲,127
khiãn,坫,去堅切,屏也傅也,004_Tie_Siann_Tsap_Ngou_Im > （堅）部下上聲,127
khiãn,墊,去堅切,咏墊特墊度墊城界,004_Tie_Siann_Tsap_Ngou_Im > （堅）部下上聲,127
khiãn,句,去堅切,土也,004_Tie_Siann_Tsap_Ngou_Im > （堅）部下上聲,127
khiãn,電,去堅切,先雷火陰陽瀑雅也,004_Tie_Siann_Tsap_Ngou_Im > （堅）部下上聲,127
khiãn,壁,去堅切,堂基也,004_Tie_Siann_Tsap_Ngou_Im > （堅）部下上聲,127
khiãn,殿,去堅切,正音俊軍曰殿軍殿複,004_Tie_Siann_Tsap_Ngou_Im > （堅）部下上聲,127
khiòu,喬,去嬌切,高也又手,004_Tie_Siann_Tsap_Ngou_Im > （嬌）部上去聲,275
khiòu,僑,去嬌切,徙寓曰僑唇,004_Tie_Siann_Tsap_Ngou_Im > （嬌）部上去聲,275
khiòu,嚼,去嬌切,不知也,004_Tie_Siann_Tsap_Ngou_Im > （嬌）部上去聲,275
khiòu,魁,去嬌切,養席曰魁人豐也,004_Tie_Siann_Tsap_Ngou_Im > （嬌）部上去聲,275
khiòu,網,去嬌切,望也網,004_Tie_Siann_Tsap_Ngou_Im > （嬌）部上去聲,275
khiòu,蹻,去嬌切,舉足行也父覿全,004_Tie_Siann_Tsap_Ngou_Im > （嬌）部上去聲,275
khiòu,境,去嬌切,不毛之地又磧全,004_Tie_Siann_Tsap_Ngou_Im > （嬌）部上去聲,275
khióng,菜,去恭切,姓也,004_Tie_Siann_Tsap_Ngou_Im > （恭）部上上聲,156
khiông,窮,去恭切,恭也同上又,004_Tie_Siann_Tsap_Ngou_Im > （恭）部下平聲,158
khiông,卯,去恭切,竹杖也擁卯,004_Tie_Siann_Tsap_Ngou_Im > （恭）部下平聲,158
khiông,卯,去恭切,名臨卯地,004_Tie_Siann_Tsap_Ngou_Im > （恭）部下平聲,158
khiông,蚤,去恭切,也寒蚤害蛔虫也蚤名蚯蚓,004_Tie_Siann_Tsap_Ngou_Im > （恭）部下平聲,158
khiông,容,去恭切,容形容音容儀容貌也相,004_Tie_Siann_Tsap_Ngou_Im > （恭）部下平聲,158
khiông,琢,去恭切,玉行也似,004_Tie_Siann_Tsap_Ngou_Im > （恭）部下平聲,158
khiông,容,去恭切,習貌容容便,004_Tie_Siann_Tsap_Ngou_Im > （恭）部下平聲,158
khiông,溶,去恭切,溶溶水光貌,004_Tie_Siann_Tsap_Ngou_Im > （恭）部下平聲,158
khiông,鎔,去恭切,法以鎔化治器,004_Tie_Siann_Tsap_Ngou_Im > （恭）部下平聲,158
khiông,捕,去恭切,牛名,004_Tie_Siann_Tsap_Ngou_Im > （恭）部下平聲,158
khiông,庸,去恭切,之謂庸中庸不易,004_Tie_Siann_Tsap_Ngou_Im > （恭）部下平聲,158
khiām,欠,去兼切,負人之財物曰 欠欠嗟欠債,004_Tie_Siann_Tsap_Ngou_Im > （兼）部下去聲,93
khiōu,殺,去嬌切,穴也口也如人之七殺,004_Tie_Siann_Tsap_Ngou_Im > （嬌）部下去聲,277
khiōu,鼓,去嬌切,物破則鼓,004_Tie_Siann_Tsap_Ngou_Im > （嬌）部下去聲,277
khi̍p,招,去金切,爪刺也,004_Tie_Siann_Tsap_Ngou_Im > （金）部下入聲,52
khi̍p,吸,去金切,口,004_Tie_Siann_Tsap_Ngou_Im > （金）部下入聲,52
khi̍p,水,去金切,聚川曰,004_Tie_Siann_Tsap_Ngou_Im > （金）部下入聲,53
khi̍p,山,去金切,河,004_Tie_Siann_Tsap_Ngou_Im > （金）部下入聲,53
khi̍p,同,去金切,上水之道也,004_Tie_Siann_Tsap_Ngou_Im > （金）部下入聲,53
khng,糠,去扛切,末之皮也 粗糠糙糠木 棵 充也,004_Tie_Siann_Tsap_Ngou_Im > （扛）部上平聲,285
khn̍gh,郷,去扛切,三公九郷又名其起曰受郷右,004_Tie_Siann_Tsap_Ngou_Im > （扛）部下入聲,291
khn̍gh,筐,去扛切,竹器也筐盛米穀也筐盛所,004_Tie_Siann_Tsap_Ngou_Im > （扛）部下入聲,291
khn̍gh,䖔,去扛切,䖔成恨也,004_Tie_Siann_Tsap_Ngou_Im > （扛）部下入聲,291
khn̍gh,又,去扛切,戰又又,004_Tie_Siann_Tsap_Ngou_Im > （扛）部下入聲,291
kho,戈,去歌切,于,004_Tie_Siann_Tsap_Ngou_Im > （歌）部上平聲,186
kho,柯,去歌切,枝也乔柄又義,004_Tie_Siann_Tsap_Ngou_Im > （歌）部上平聲,186
kho,軻,去歌切,也又姓,004_Tie_Siann_Tsap_Ngou_Im > （歌）部上平聲,186
kho,傈,去歌切,美也,004_Tie_Siann_Tsap_Ngou_Im > （歌）部上平聲,186
kho,哥,去歌切,可也,004_Tie_Siann_Tsap_Ngou_Im > （歌）部上平聲,186
kho,珂,去歌切,次玉也,004_Tie_Siann_Tsap_Ngou_Im > （歌）部上平聲,186
kho,許,去歌切,之之辭,004_Tie_Siann_Tsap_Ngou_Im > （歌）部上平聲,188
khoi̍h,拾,去雞切,湖俗謂撈其物曰拾持也拾也皆曰拾,004_Tie_Siann_Tsap_Ngou_Im > （雞）部下入聲,61
khong,空,去公切,天日晴又無曰空天博空酒空虛空,004_Tie_Siann_Tsap_Ngou_Im > （公）部上平聲,62
khong,俚,去公切,個言人之無知曰俚,004_Tie_Siann_Tsap_Ngou_Im > （公）部上平聲,62
khong,悝,去公切,所省也無悝,004_Tie_Siann_Tsap_Ngou_Im > （公）部上平聲,62
khong,惶,去公切,也衣袂,004_Tie_Siann_Tsap_Ngou_Im > （公）部上平聲,62
khong,荃,去公切,草名也,004_Tie_Siann_Tsap_Ngou_Im > （公）部上平聲,62
khong,篓,去公切,篓居也後樂,004_Tie_Siann_Tsap_Ngou_Im > （公）部上平聲,62
kho̍k,逐,去公切,日逐駛逐斤逐放獨孤逐自,004_Tie_Siann_Tsap_Ngou_Im > （公）部下入聲,75
kho̍k,謠,去公切,也謠紡,004_Tie_Siann_Tsap_Ngou_Im > （公）部下入聲,75
kho̍k,漬,去公切,江淮河漢四漬,004_Tie_Siann_Tsap_Ngou_Im > （公）部下入聲,75
kho̍k,漬,去公切,村漬援,004_Tie_Siann_Tsap_Ngou_Im > （公）部下入聲,75
kho̍k,犢,去公切,牛子毛犢,004_Tie_Siann_Tsap_Ngou_Im > （公）部下入聲,75
kho̍k,置,去公切,囿也,004_Tie_Siann_Tsap_Ngou_Im > （公）部下入聲,75
kho̍k,箍,去公切,鉄箍 竹箍 桶箍,004_Tie_Siann_Tsap_Ngou_Im > （公）部下入聲,77
kho̍k,觚,去公切,飲器二觚 三斗,004_Tie_Siann_Tsap_Ngou_Im > （公）部下入聲,77
kho̍k,鴣,去公切,鴣鶿鴣鳥 名也,004_Tie_Siann_Tsap_Ngou_Im > （公）部下入聲,77
kho̍k,杌,去公切,杌本杌豆杌仕 草杌田野也,004_Tie_Siann_Tsap_Ngou_Im > （公）部下入聲,77
khuan,寬,去官切,從容者亦曰寬,004_Tie_Siann_Tsap_Ngou_Im > （官）部上平聲,138
khuan,不,去官切,累曰不,004_Tie_Siann_Tsap_Ngou_Im > （官）部上平聲,138
khuang,寬,去光切,寬潤寬宏寬廣寬,004_Tie_Siann_Tsap_Ngou_Im > （光）部上平聲,198
khuang,肱,去光切,肱股肱晥曰肱按手倾湾肱側肱,004_Tie_Siann_Tsap_Ngou_Im > （光）部上平聲,198
khuang,圍,去光切,又西圓也,004_Tie_Siann_Tsap_Ngou_Im > （光）部上平聲,198
khuang,捲,去光切,木屈也,004_Tie_Siann_Tsap_Ngou_Im > （光）部上平聲,198
khua̍k,亐,去光切,不全也萬－訣－本 廳同上如月－之狀也 開窗－門－,004_Tie_Siann_Tsap_Ngou_Im > （光）部下入聲,213
khue,酒,去瓜切,酒茶酒銀酒金酒,004_Tie_Siann_Tsap_Ngou_Im > （瓜）部上平聲,339
khue,同,去瓜切,上茶酒之具,004_Tie_Siann_Tsap_Ngou_Im > （瓜）部上平聲,339
khue,未,去瓜切,烧曰未山名又陶品,004_Tie_Siann_Tsap_Ngou_Im > （瓜）部上平聲,339
khueh,缺,去瓜切,官之有仕曰缺之不足又曰缺物,004_Tie_Siann_Tsap_Ngou_Im > （瓜）部上入聲,342
khueh,闕,去瓜切,天子宮門攻闕曰宮闕北闕又失也不恭也,004_Tie_Siann_Tsap_Ngou_Im > （瓜）部上入聲,342
khueh,刷,去瓜切,油刷棕刷紙刷皆用物也,004_Tie_Siann_Tsap_Ngou_Im > （瓜）部上入聲,342
khuih,葵,去歸切,葵花葵南葵向倘曰葵,004_Tie_Siann_Tsap_Ngou_Im > （歸）部上入聲,218
khuih,揆,去歸切,傻聖其揆也又屢滿揆度也又皇,004_Tie_Siann_Tsap_Ngou_Im > （歸）部上入聲,218
khuih,達,去歸切,也通道,004_Tie_Siann_Tsap_Ngou_Im > （歸）部上入聲,218
khuih,晬,去歸切,日人也又達也晬達,004_Tie_Siann_Tsap_Ngou_Im > （歸）部上入聲,218
khuih,傍,去歸切,左右內視貌,004_Tie_Siann_Tsap_Ngou_Im > （歸）部上入聲,218
khuih,爽,去歸切,戰爽戲又,004_Tie_Siann_Tsap_Ngou_Im > （歸）部上入聲,218
khuih,耻,去歸切,也,004_Tie_Siann_Tsap_Ngou_Im > （歸）部上入聲,220
khuih,覺,去歸切,也悟,004_Tie_Siann_Tsap_Ngou_Im > （歸）部上入聲,220
khuih,心,去歸切,亂也,004_Tie_Siann_Tsap_Ngou_Im > （歸）部上入聲,220
khuih,心,去歸切,動也,004_Tie_Siann_Tsap_Ngou_Im > （歸）部上入聲,220
khuih,行,去歸切,急也,004_Tie_Siann_Tsap_Ngou_Im > （歸）部上入聲,220
khuih,亂,去歸切,也散,004_Tie_Siann_Tsap_Ngou_Im > （歸）部上入聲,220
khuih,全,去歸切,愈,004_Tie_Siann_Tsap_Ngou_Im > （歸）部上入聲,220
khuih,柱,去歸切,視也,004_Tie_Siann_Tsap_Ngou_Im > （歸）部上入聲,220
khuih,也,去歸切,耳朵,004_Tie_Siann_Tsap_Ngou_Im > （歸）部上入聲,220
khuih,門,去歸切,閘也,004_Tie_Siann_Tsap_Ngou_Im > （歸）部上入聲,220
khuih,閘,去歸切,－市,004_Tie_Siann_Tsap_Ngou_Im > （歸）部上入聲,220
khun,坤,去君切,乾坤 坤為地,004_Tie_Siann_Tsap_Ngou_Im > （君）部上平聲,5
khun,昆,去君切,昆弟 兄弟也,004_Tie_Siann_Tsap_Ngou_Im > （君）部上平聲,5
khun,崑,去君切,崑崙 出玉,004_Tie_Siann_Tsap_Ngou_Im > （君）部上平聲,5
khun,堃,去君切,仝坤 土之厚也,004_Tie_Siann_Tsap_Ngou_Im > （君）部上平聲,5
khun,鵾,去君切,鵾鵬 大鳥也,004_Tie_Siann_Tsap_Ngou_Im > （君）部上平聲,5
khun,琨,去君切,玉之美者,004_Tie_Siann_Tsap_Ngou_Im > （君）部上平聲,5
khun,焜,去君切,焜 光明也,004_Tie_Siann_Tsap_Ngou_Im > （君）部上平聲,5
khun,蜫,去君切,虫類也,004_Tie_Siann_Tsap_Ngou_Im > （君）部上平聲,5
khun,緄,去君切,絳也 繡帶也,004_Tie_Siann_Tsap_Ngou_Im > （君）部上平聲,5
khun,倱,去君切,不通貌 音混 倱沌,004_Tie_Siann_Tsap_Ngou_Im > （君）部上平聲,5
khun,鯤,去君切,海中大魚,004_Tie_Siann_Tsap_Ngou_Im > （君）部上平聲,5
khun,褌,去君切,褻衣也,004_Tie_Siann_Tsap_Ngou_Im > （君）部上平聲,5
khun,髠,去君切,禿髮也,004_Tie_Siann_Tsap_Ngou_Im > （君）部上平聲,6
khun,菎,去君切,香草也 又菎潞箭囊,004_Tie_Siann_Tsap_Ngou_Im > （君）部上平聲,6
khun,輥,去君切,轂輥 轉之速也,004_Tie_Siann_Tsap_Ngou_Im > （君）部上平聲,6
khun,巛,去君切,古之坤字,004_Tie_Siann_Tsap_Ngou_Im > （君）部上平聲,6
khut,屈,去君切,不伸曰屈,004_Tie_Siann_Tsap_Ngou_Im > （君）部上入聲,12
khut,堀,去君切,受堀柱堀 平地蓄水,004_Tie_Siann_Tsap_Ngou_Im > （君）部上入聲,12
khut,伹,去君切,強枝歟,004_Tie_Siann_Tsap_Ngou_Im > （君）部上入聲,12
khut,班,去君切,玉名 穴也 又,004_Tie_Siann_Tsap_Ngou_Im > （君）部上入聲,12
khut,絕,去君切,秧衣也 又,004_Tie_Siann_Tsap_Ngou_Im > （君）部上入聲,12
khut,脈,去君切,臂也 放也 眠眇,004_Tie_Siann_Tsap_Ngou_Im > （君）部上入聲,12
khut,窟,去君切,窟 狡兔有三 窟地室也,004_Tie_Siann_Tsap_Ngou_Im > （君）部上入聲,12
khut,訽,去君切,端也 寨,004_Tie_Siann_Tsap_Ngou_Im > （君）部上入聲,12
khuâng,盛,去光切,貌－迠,004_Tie_Siann_Tsap_Ngou_Im > （光）部下平聲,204
khuâng,利,去光切,－又秤曰－而後知輕重柄－勢兵－國－,004_Tie_Siann_Tsap_Ngou_Im > （光）部下平聲,204
khuâng,蔓,去光切,－芽也,004_Tie_Siann_Tsap_Ngou_Im > （光）部下平聲,205
khuâng,炫,去光切,几－無兄,004_Tie_Siann_Tsap_Ngou_Im > （光）部下平聲,205
khuâng,髮,去光切,卷－髮好也,004_Tie_Siann_Tsap_Ngou_Im > （光）部下平聲,205
khuâng,曼,去光切,－姓也,004_Tie_Siann_Tsap_Ngou_Im > （光）部下平聲,205
khuâng,盆,去光切,－盆也,004_Tie_Siann_Tsap_Ngou_Im > （光）部下平聲,205
khuāi,快,去乖切,心蒙曰快樂筷即飯具脊也,004_Tie_Siann_Tsap_Ngou_Im > （乖）部下去聲,280
khuāi,單,去乖切,此兩字其餘空音不錄,004_Tie_Siann_Tsap_Ngou_Im > （乖）部下去聲,280
khuān,看,去官切,戲之待－戲,004_Tie_Siann_Tsap_Ngou_Im > （官）部下去聲,144
khuān,旦,去官切,戲之女劇日－生－女－,004_Tie_Siann_Tsap_Ngou_Im > （官）部下去聲,144
khuāng,壙,去光切,為蛐棺之,004_Tie_Siann_Tsap_Ngou_Im > （光）部下去聲,209
khuāng,仅,去光切,仅曰－,004_Tie_Siann_Tsap_Ngou_Im > （光）部下去聲,209
khuāng,礦,去光切,開山取官曰,004_Tie_Siann_Tsap_Ngou_Im > （光）部下去聲,209
khuāng,開,去光切,－庶採－,004_Tie_Siann_Tsap_Ngou_Im > （光）部下去聲,209
khuāng,曠,去光切,空廂曰－,004_Tie_Siann_Tsap_Ngou_Im > （光）部下去聲,209
khuāng,野,去光切,－地－,004_Tie_Siann_Tsap_Ngou_Im > （光）部下去聲,209
khuāng,黑,去光切,也,004_Tie_Siann_Tsap_Ngou_Im > （光）部下去聲,209
khuāng,鑛,去光切,同礦,004_Tie_Siann_Tsap_Ngou_Im > （光）部下去聲,209
khuāng,務,去光切,甚巨－,004_Tie_Siann_Tsap_Ngou_Im > （光）部下去聲,209
khuāng,況,去光切,乃發言之辭也－,004_Tie_Siann_Tsap_Ngou_Im > （光）部下去聲,209
khuāng,且,去光切,－夫－,004_Tie_Siann_Tsap_Ngou_Im > （光）部下去聲,209
khuāng,況,去光切,亦凉水也,004_Tie_Siann_Tsap_Ngou_Im > （光）部下去聲,209
khu̍t,湧,去君切,水不流 樞 枝 斷木無 屢 鳥毛短 淡 水流貌,004_Tie_Siann_Tsap_Ngou_Im > （君）部下入聲,19
khàm,何,去甘切,廢也合也,004_Tie_Siann_Tsap_Ngou_Im > （甘）部上去聲,333
khàm,同,去甘切,上,004_Tie_Siann_Tsap_Ngou_Im > （甘）部上去聲,333
khàm,開,去甘切,門也,004_Tie_Siann_Tsap_Ngou_Im > （甘）部上去聲,333
khàm,同,去甘切,上,004_Tie_Siann_Tsap_Ngou_Im > （甘）部上去聲,333
khàm,合,去甘切,取也,004_Tie_Siann_Tsap_Ngou_Im > （甘）部上去聲,333
khàm,小,去甘切,門在內也,004_Tie_Siann_Tsap_Ngou_Im > （甘）部上去聲,333
khàm,多,去甘切,言也,004_Tie_Siann_Tsap_Ngou_Im > （甘）部上去聲,333
khâi,內,去皆切,裏也深藏也 內外有別 耐 忍也忍內久內寒內凍 柰 果名桃 奈 曰內支內無如何何 賴 凡妄誣之則 嗚曰內萬內,004_Tie_Siann_Tsap_Ngou_Im > （皆）部下平聲,151
khâu,投,去高切,投桃投書 投宿投生骸牙投骨投 脂異也,004_Tie_Siann_Tsap_Ngou_Im > （高）部下平聲,36
khâu,袍,去高切,袍長 長衰也鹽 虎鞣也,004_Tie_Siann_Tsap_Ngou_Im > （高）部下平聲,36
khâu,頭,去高切,身之首也 頭顛 皆瓦頭庶頭姓頭盞 滹波頭水 涌起也 樗木也 枕惑 鼗小鼓有柄持 而振之則鳴 淘頭頭洗米也 頭水流也,004_Tie_Siann_Tsap_Ngou_Im > （高）部下平聲,36
khâu,叩,去高切,首－開也發也－首,004_Tie_Siann_Tsap_Ngou_Im > （高）部下平聲,40
khâu,扣,去高切,－除入,004_Tie_Siann_Tsap_Ngou_Im > （高）部下平聲,40
khâu,哭,去高切,曰－,004_Tie_Siann_Tsap_Ngou_Im > （高）部下平聲,40
khâu,徐,去鈎切,徐苦,004_Tie_Siann_Tsap_Ngou_Im > （鈎）部下平聲,176
khâu,曲,去鈎切,兌,004_Tie_Siann_Tsap_Ngou_Im > （鈎）部下平聲,176
khâu,怠,去鈎切,怠矣,004_Tie_Siann_Tsap_Ngou_Im > （鈎）部下平聲,176
khâu,水,去鈎切,菜名,004_Tie_Siann_Tsap_Ngou_Im > （鈎）部下平聲,176
khâu,株,去鈎切,株香,004_Tie_Siann_Tsap_Ngou_Im > （鈎）部下平聲,176
khâu,小,去鈎切,廛也又,004_Tie_Siann_Tsap_Ngou_Im > （鈎）部下平聲,176
khâu,同,去鈎切,勤,004_Tie_Siann_Tsap_Ngou_Im > （鈎）部下平聲,176
khãng,洚,去江切,洚洞魚淵之水也,004_Tie_Siann_Tsap_Ngou_Im > （江）部下上聲,257
khãng,悻,去江切,恨也,004_Tie_Siann_Tsap_Ngou_Im > （江）部下上聲,257
khãng,元,去江切,抵也高也抵也詃也,004_Tie_Siann_Tsap_Ngou_Im > （江）部下上聲,257
khãng,伉,去江切,伉傑正稱也又抗也,004_Tie_Siann_Tsap_Ngou_Im > （江）部下上聲,257
khãng,侃,去江切,剛直也,004_Tie_Siann_Tsap_Ngou_Im > （江）部下上聲,257
khãng,侃,去江切,同上,004_Tie_Siann_Tsap_Ngou_Im > （江）部下上聲,257
khãng,俖,去江切,同侃,004_Tie_Siann_Tsap_Ngou_Im > （江）部下上聲,257
khãng,圓,去江切,藏也,004_Tie_Siann_Tsap_Ngou_Im > （江）部下上聲,257
khãng,俖,去江切,同上,004_Tie_Siann_Tsap_Ngou_Im > （江）部下上聲,257
khãng,炕,去江切,火炕大炕爐也又炕炕,004_Tie_Siann_Tsap_Ngou_Im > （江）部下上聲,257
khãng,抗,去江切,以手抗架敵也又抗暴也,004_Tie_Siann_Tsap_Ngou_Im > （江）部下上聲,257
khãng,沆,去江切,大澤,004_Tie_Siann_Tsap_Ngou_Im > （江）部下上聲,257
khãng,抗,去江切,闊抗也,004_Tie_Siann_Tsap_Ngou_Im > （江）部下上聲,257
khãng,匠,去江切,炕床,004_Tie_Siann_Tsap_Ngou_Im > （江）部下上聲,257
khãng,衍,去江切,也信也善也和,004_Tie_Siann_Tsap_Ngou_Im > （江）部下上聲,257
khè,所,去佳切,缺之處曰,004_Tie_Siann_Tsap_Ngou_Im > （佳）部上去聲,325
khè,同,去佳切,上,004_Tie_Siann_Tsap_Ngou_Im > （佳）部上去聲,325
khê,騎,去佳切,千－龍萬－鳥－睡,004_Tie_Siann_Tsap_Ngou_Im > （佳）部下平聲,326
khêng,碸,去弓切,也 猶碌依,004_Tie_Siann_Tsap_Ngou_Im > （弓）部下平聲,299
khêng,鯨,去弓切,海中大魚也 亭白時鯨,004_Tie_Siann_Tsap_Ngou_Im > （弓）部下平聲,299
khêng,駟,去弓切,俊馬也,004_Tie_Siann_Tsap_Ngou_Im > （弓）部下平聲,299
khêng,綑,去弓切,也 急引,004_Tie_Siann_Tsap_Ngou_Im > （弓）部下平聲,299
khêng,迎,去弓切,光 聚遠也,004_Tie_Siann_Tsap_Ngou_Im > （弓）部下平聲,299
khêng,飼,去弓切,飽也,004_Tie_Siann_Tsap_Ngou_Im > （弓）部下平聲,299
khêng,棍,去弓切,枰林也,004_Tie_Siann_Tsap_Ngou_Im > （弓）部下平聲,299
khêng,坲,去弓切,也 林外地,004_Tie_Siann_Tsap_Ngou_Im > （弓）部下平聲,299
khêng,洞,去弓切,遠也,004_Tie_Siann_Tsap_Ngou_Im > （弓）部下平聲,299
khêng,碸,去弓切,也 猶碌依,004_Tie_Siann_Tsap_Ngou_Im > （弓）部下平聲,299
khêng,磐,去弓切,空也 聲全又,004_Tie_Siann_Tsap_Ngou_Im > （弓）部下平聲,299
khêng,拏,去弓切,以手摯也,004_Tie_Siann_Tsap_Ngou_Im > （弓）部下平聲,299
khêng,窟,去弓切,空也,004_Tie_Siann_Tsap_Ngou_Im > （弓）部下平聲,299
khêng,黥,去弓切,黑面也 黑刑在,004_Tie_Siann_Tsap_Ngou_Im > （弓）部下平聲,299
khêng,扃,去弓切,也 門闔木,004_Tie_Siann_Tsap_Ngou_Im > （弓）部下平聲,299
khêng,鯨,去弓切,海中大魚也 亭白時鯨,004_Tie_Siann_Tsap_Ngou_Im > （弓）部下平聲,299
khêng,伴,去弓切,送行也,004_Tie_Siann_Tsap_Ngou_Im > （弓）部下平聲,299
khêng,擎,去弓切,抱也,004_Tie_Siann_Tsap_Ngou_Im > （弓）部下平聲,299
khì,俗,去基切,稱忌辰,004_Tie_Siann_Tsap_Ngou_Im > （基）部上去聲,102
khì,日,去基切,日祭,004_Tie_Siann_Tsap_Ngou_Im > （基）部上去聲,102
khîm,菜,去金切,絃古五絃今七絃,004_Tie_Siann_Tsap_Ngou_Im > （金）部下平聲,48
khîm,琴,去金切,同上樂器絃木所為,004_Tie_Siann_Tsap_Ngou_Im > （金）部下平聲,48
khîm,禽,去金切,羽族曰禽飛禽,004_Tie_Siann_Tsap_Ngou_Im > （金）部下平聲,48
khîm,擒,去金切,也挃也挪,004_Tie_Siann_Tsap_Ngou_Im > （金）部下平聲,48
khîm,橋,去金切,橋果名林,004_Tie_Siann_Tsap_Ngou_Im > （金）部下平聲,48
khîn,綾,去⿴囗君切,綾細者 堤布定,004_Tie_Siann_Tsap_Ngou_Im > （⿴囗君）部下平聲,166
khîn,磷,去⿴囗君切,薄石見磷,004_Tie_Siann_Tsap_Ngou_Im > （⿴囗君）部下平聲,166
khîn,潾,去⿴囗君切,水清貌,004_Tie_Siann_Tsap_Ngou_Im > （⿴囗君）部下平聲,166
khîn,蹄,去⿴囗君切,車踐,004_Tie_Siann_Tsap_Ngou_Im > （⿴囗君）部下平聲,166
khîn,轔,去⿴囗君切,也車轉多,004_Tie_Siann_Tsap_Ngou_Im > （⿴囗君）部下平聲,166
khîn,鯉,去⿴囗君切,魚名也,004_Tie_Siann_Tsap_Ngou_Im > （⿴囗君）部下平聲,166
khòng,告,去公切,又忠告者告也,004_Tie_Siann_Tsap_Ngou_Im > （公）部上去聲,67
khòng,酷,去公切,過慮日酷烈酷史酷,004_Tie_Siann_Tsap_Ngou_Im > （公）部上去聲,67
khòng,桔,去公切,日桔械手之刑也具也,004_Tie_Siann_Tsap_Ngou_Im > （公）部上去聲,67
khòng,鴣,去公切,滿鴣俗名為也天鴣,004_Tie_Siann_Tsap_Ngou_Im > （公）部上去聲,67
khòng,析,去公切,也定矣乃析擊析,004_Tie_Siann_Tsap_Ngou_Im > （公）部上去聲,67
khòng,嚮,去公切,急告也又帝嚮,004_Tie_Siann_Tsap_Ngou_Im > （公）部上去聲,67
khòng,焐,去公切,熱亂也,004_Tie_Siann_Tsap_Ngou_Im > （公）部上去聲,67
khòng,略,去公切,略略聲略鵝,004_Tie_Siann_Tsap_Ngou_Im > （公）部上去聲,67
khòng,鹹,去公切,靳首也,004_Tie_Siann_Tsap_Ngou_Im > （公）部上去聲,67
khún,綑,去君切,綑者 束也 縛也,004_Tie_Siann_Tsap_Ngou_Im > （君）部上上聲,8
khún,稇,去君切,織也 又儎稇厚利,004_Tie_Siann_Tsap_Ngou_Im > （君）部上上聲,8
khún,掴,去君切,杼也 取也 等也,004_Tie_Siann_Tsap_Ngou_Im > （君）部上上聲,8
khún,梱,去君切,門械 仝閫,004_Tie_Siann_Tsap_Ngou_Im > （君）部上上聲,8
khún,悃,去君切,誠實也,004_Tie_Siann_Tsap_Ngou_Im > （君）部上上聲,8
khún,裍,去君切,縛衣也,004_Tie_Siann_Tsap_Ngou_Im > （君）部上上聲,8
khún,窘,去君切,乏也 苦也,004_Tie_Siann_Tsap_Ngou_Im > （君）部上上聲,8
khún,僒,去君切,同上 乏也,004_Tie_Siann_Tsap_Ngou_Im > （君）部上上聲,8
khún,捃,去君切,捃撫 拾取也,004_Tie_Siann_Tsap_Ngou_Im > （君）部上上聲,8
khún,閫,去君切,閨閫 門限也 門橛也,004_Tie_Siann_Tsap_Ngou_Im > （君）部上上聲,8
khún,菌,去君切,毒草也,004_Tie_Siann_Tsap_Ngou_Im > （君）部上上聲,8
khún,壺,去君切,婦人壺號,004_Tie_Siann_Tsap_Ngou_Im > （君）部上上聲,8
khún,蕈,去君切,香草也 又水名,004_Tie_Siann_Tsap_Ngou_Im > （君）部上上聲,8
khún,䇹,去君切,竹名 笋也,004_Tie_Siann_Tsap_Ngou_Im > （君）部上上聲,8
khún,箘,去君切,竹笋也,004_Tie_Siann_Tsap_Ngou_Im > （君）部上上聲,8
khā,扣,去膠切,扣糊扣板扣,004_Tie_Siann_Tsap_Ngou_Im > （膠）部下去聲,267
khā,更,去膠切,更除更佣,004_Tie_Siann_Tsap_Ngou_Im > （膠）部下去聲,267
khāi,懵,去皆切,懵愚懵,004_Tie_Siann_Tsap_Ngou_Im > （皆）部下去聲,153
khāi,概,去皆切,概數概,004_Tie_Siann_Tsap_Ngou_Im > （皆）部下去聲,153
khāi,木,去皆切,也,004_Tie_Siann_Tsap_Ngou_Im > （皆）部下去聲,153
khāi,平,去皆切,斗解,004_Tie_Siann_Tsap_Ngou_Im > （皆）部下去聲,153
khāi,玉,去皆切,也,004_Tie_Siann_Tsap_Ngou_Im > （皆）部下去聲,153
khāi,嘆,去皆切,也,004_Tie_Siann_Tsap_Ngou_Im > （皆）部下去聲,153
khāi,田,去皆切,園必用,004_Tie_Siann_Tsap_Ngou_Im > （皆）部下去聲,153
khāi,水,去皆切,濯水,004_Tie_Siann_Tsap_Ngou_Im > （皆）部下去聲,153
khēng,喜,去弓切,喜,004_Tie_Siann_Tsap_Ngou_Im > （弓）部下去聲,303
khēng,御,去弓切,相御,004_Tie_Siann_Tsap_Ngou_Im > （弓）部下去聲,303
khēng,石,去弓切,罅也,004_Tie_Siann_Tsap_Ngou_Im > （弓）部下去聲,303
khēng,慰,去弓切,慰,004_Tie_Siann_Tsap_Ngou_Im > （弓）部下去聲,303
khēng,同,去弓切,上,004_Tie_Siann_Tsap_Ngou_Im > （弓）部下去聲,303
khĩ,弟,去基切,為問單者兄弟也悌恨善為,004_Tie_Siann_Tsap_Ngou_Im > （基）部下上聲,108
khĩ,隸,去基切,關也附也閑也,004_Tie_Siann_Tsap_Ngou_Im > （基）部下上聲,108
khĩ,雜,去基切,野雜即,004_Tie_Siann_Tsap_Ngou_Im > （基）部下上聲,108
khĩ,棣,去基切,宗华之,004_Tie_Siann_Tsap_Ngou_Im > （基）部下上聲,108
khĩ,雜,去基切,又頭除草曰,004_Tie_Siann_Tsap_Ngou_Im > （基）部下上聲,108
khĩ,待,去基切,待也,004_Tie_Siann_Tsap_Ngou_Im > （基）部下上聲,108
khī,氣,去基切,陰陽呼吸也,004_Tie_Siann_Tsap_Ngou_Im > （基）部下去聲,111
khī,器,去基切,凡所用之物曰器用,004_Tie_Siann_Tsap_Ngou_Im > （基）部下去聲,111
khī,儀,去基切,怠儀也,004_Tie_Siann_Tsap_Ngou_Im > （基）部下去聲,111
khī,棄,去基切,棄廢棄置勿也棄,004_Tie_Siann_Tsap_Ngou_Im > （基）部下去聲,111
khī,弃,去基切,同上凡心所,004_Tie_Siann_Tsap_Ngou_Im > （基）部下去聲,111
khī,惧,去基切,慭慭之,004_Tie_Siann_Tsap_Ngou_Im > （基）部下去聲,111
khī,數,去基切,思之,004_Tie_Siann_Tsap_Ngou_Im > （基）部下去聲,111
khīm,欠,去金切,不足也缺也虧也贅也又睛也貝,004_Tie_Siann_Tsap_Ngou_Im > （金）部下去聲,51
khō,小,去歌切,頭也如珠小,004_Tie_Siann_Tsap_Ngou_Im > （歌）部下去聲,195
khō,粒,去歌切,即謂粒粒,004_Tie_Siann_Tsap_Ngou_Im > （歌）部下去聲,195
khōi,契,去雞切,紙契又契田契居契層契税,004_Tie_Siann_Tsap_Ngou_Im > （雞）部下去聲,60
khōi,為,去雞切,為又為井為閘,004_Tie_Siann_Tsap_Ngou_Im > （雞）部下去聲,60
khōng,引,去公切,也,004_Tie_Siann_Tsap_Ngou_Im > （公）部下去聲,73
khōng,控,去公切,告上控,004_Tie_Siann_Tsap_Ngou_Im > （公）部下去聲,73
khū,褲,去龜切,正音,004_Tie_Siann_Tsap_Ngou_Im > （龜）部下去聲,318
khūa,掛,去⿴囗瓜切,如製之掛 淺又如,004_Tie_Siann_Tsap_Ngou_Im > （⿴囗瓜）部下去聲,244
khūa,人,去⿴囗瓜切,之人 物即留也,004_Tie_Siann_Tsap_Ngou_Im > （⿴囗瓜）部下去聲,244
khūa,志,去⿴囗瓜切,恨也怒,004_Tie_Siann_Tsap_Ngou_Im > （⿴囗瓜）部下去聲,244
khūa,縺,去⿴囗瓜切,如掛縺,004_Tie_Siann_Tsap_Ngou_Im > （⿴囗瓜）部下去聲,244
khūa,縣,去⿴囗瓜切,鉤也,004_Tie_Siann_Tsap_Ngou_Im > （⿴囗瓜）部下去聲,244
khūa,挂,去⿴囗瓜切,倒懸也,004_Tie_Siann_Tsap_Ngou_Im > （⿴囗瓜）部下去聲,244
khūa,罡,去⿴囗瓜切,罡 礎也,004_Tie_Siann_Tsap_Ngou_Im > （⿴囗瓜）部下去聲,244
khūa,康,去⿴囗瓜切,康健康泰康榮康軍,004_Tie_Siann_Tsap_Ngou_Im > （⿴囗瓜）部下去聲,246
khūa,嶃,去⿴囗瓜切,山空貌,004_Tie_Siann_Tsap_Ngou_Im > （⿴囗瓜）部下去聲,246
khūa,牽,去⿴囗瓜切,牽連牽引牽牛,004_Tie_Siann_Tsap_Ngou_Im > （⿴囗瓜）部下去聲,246
khūa,刊,去⿴囗瓜切,印刊刻刊,004_Tie_Siann_Tsap_Ngou_Im > （⿴囗瓜）部下去聲,246
khūa,匡,去⿴囗瓜切,救正曰匡救匡扶匡,004_Tie_Siann_Tsap_Ngou_Im > （⿴囗瓜）部下去聲,246
khūa,空,去⿴囗瓜切,空廣空虛空,004_Tie_Siann_Tsap_Ngou_Im > （⿴囗瓜）部下去聲,246
khūa,孔,去⿴囗瓜切,孔破孔鑿,004_Tie_Siann_Tsap_Ngou_Im > （⿴囗瓜）部下去聲,246
khūa,懊,去⿴囗瓜切,懊慨,004_Tie_Siann_Tsap_Ngou_Im > （⿴囗瓜）部下去聲,246
khūa,恆,去⿴囗瓜切,惑也,004_Tie_Siann_Tsap_Ngou_Im > （⿴囗瓜）部下去聲,246
khūa,戲,去⿴囗瓜切,戲勝也克,004_Tie_Siann_Tsap_Ngou_Im > （⿴囗瓜）部下去聲,246
khūe,卦,去瓜切,以兆吉山卦八卦易卦卦,004_Tie_Siann_Tsap_Ngou_Im > （瓜）部下去聲,345
khūe,地,去瓜切,緻 縝而合之曰地縝也按也,004_Tie_Siann_Tsap_Ngou_Im > （瓜）部下去聲,345
khūe,坡,去瓜切,配 比也比也扯也坡分山坡坡規,004_Tie_Siann_Tsap_Ngou_Im > （瓜）部下去聲,345
khūe,增,去瓜切,最增眾人之社兑增惡增好,004_Tie_Siann_Tsap_Ngou_Im > （瓜）部下去聲,345
khūe,背,去瓜切,胸背腹背按胸前背俊也人之中部,004_Tie_Siann_Tsap_Ngou_Im > （瓜）部下去聲,345
khūe,警,去瓜切,螺警金警火警首飾也又鑷髮為警日螺警,004_Tie_Siann_Tsap_Ngou_Im > （瓜）部下去聲,345
khūe,課,去瓜切,廳宇曰日課取課塾中曰出課堂課,004_Tie_Siann_Tsap_Ngou_Im > （瓜）部下去聲,345
khūe,快,去瓜切,瓜部下去聲韻曰快速也意也非部下去聲曰快暢也樂也,004_Tie_Siann_Tsap_Ngou_Im > （瓜）部下去聲,345
khūi,氣,去歸切,人之氣息出,004_Tie_Siann_Tsap_Ngou_Im > （歸）部下去聲,222
khūi,入,去歸切,俗日入 季 春夏秋冬,004_Tie_Siann_Tsap_Ngou_Im > （歸）部下去聲,222
khūn,突,去君切,之,004_Tie_Siann_Tsap_Ngou_Im > （君）部下去聲,17
khūn,也,去君切,窮也,004_Tie_Siann_Tsap_Ngou_Im > （君）部下去聲,17
khūn,大,去君切,目,004_Tie_Siann_Tsap_Ngou_Im > （君）部下去聲,17
khūn,日,去君切,光也,004_Tie_Siann_Tsap_Ngou_Im > （君）部下去聲,17
khṳ,子,去居切,天子天子君,004_Tie_Siann_Tsap_Ngou_Im > （居）部上平聲,179
khṳ,梓,去居切,木名又子之道,004_Tie_Siann_Tsap_Ngou_Im > （居）部上平聲,179
khṳ,京,去居切,京飯京菜,004_Tie_Siann_Tsap_Ngou_Im > （居）部上平聲,179
khṳ,煮,去居切,調羹也,004_Tie_Siann_Tsap_Ngou_Im > （居）部上平聲,179
khṳ,耔,去居切,詩或耔或耔又芋全,004_Tie_Siann_Tsap_Ngou_Im > （居）部上平聲,179
khṳ,耔,去居切,耰未本也麼稻培也,004_Tie_Siann_Tsap_Ngou_Im > （居）部上平聲,179
khṳ,爾,去居切,同尓與我,004_Tie_Siann_Tsap_Ngou_Im > （居）部上平聲,179
khṳ,相,去居切,對曰相,004_Tie_Siann_Tsap_Ngou_Im > （居）部上平聲,179
khṳ,汝,去居切,洲名又,004_Tie_Siann_Tsap_Ngou_Im > （居）部上平聲,179
khṳ̂,渠,去居切,溝渠引水之處也,004_Tie_Siann_Tsap_Ngou_Im > （居）部下平聲,181
khṳ̂,傑,去居切,稱彼之呼曰傑,004_Tie_Siann_Tsap_Ngou_Im > （居）部下平聲,181
khṳ̂,覩,去居切,為禰紙儀毛,004_Tie_Siann_Tsap_Ngou_Im > （居）部下平聲,181
khṳ̂,衝,去居切,街道也,004_Tie_Siann_Tsap_Ngou_Im > （居）部下平聲,181
khṳ̂,癱,去居切,痺也,004_Tie_Siann_Tsap_Ngou_Im > （居）部下平聲,181
khṳ̂,瞠,去居切,姓駕視也,004_Tie_Siann_Tsap_Ngou_Im > （居）部下平聲,181
khṳ̂,璩,去居切,玉璩环,004_Tie_Siann_Tsap_Ngou_Im > （居）部下平聲,181
khṳ̂,遠,去居切,遠麦又姓,004_Tie_Siann_Tsap_Ngou_Im > （居）部下平聲,181
khṳ̂,濠,去居切,與渠同,004_Tie_Siann_Tsap_Ngou_Im > （居）部下平聲,181
khṳ̂,還,去居切,粗竹席也,004_Tie_Siann_Tsap_Ngou_Im > （居）部下平聲,181
khṳ̂,遠,去居切,人名,004_Tie_Siann_Tsap_Ngou_Im > （居）部下平聲,181
khṳ̂,葉,去居切,名共葉花,004_Tie_Siann_Tsap_Ngou_Im > （居）部下平聲,181
khṳ̂,炬,去居切,火燒也,004_Tie_Siann_Tsap_Ngou_Im > （居）部下平聲,183
khṳ̂,醵,去居切,飲酒也 看合錢,004_Tie_Siann_Tsap_Ngou_Im > （居）部下平聲,183
khẽ,企,去佳切,原音異俗企曰,004_Tie_Siann_Tsap_Ngou_Im > （佳）部下上聲,327
khẽ,俗,去佳切,曰：即佇立也,004_Tie_Siann_Tsap_Ngou_Im > （佳）部下上聲,327
khẽ,金,去佳切,同上即嘗,004_Tie_Siann_Tsap_Ngou_Im > （佳）部下上聲,327
khẽng,原,去弓切,音洪也俗呼曰,004_Tie_Siann_Tsap_Ngou_Im > （弓）部下上聲,301
ki,幾,求基切,回幾幾タト幾分,004_Tie_Siann_Tsap_Ngou_Im > （基）部上平聲,96
ki,歧,求基切,路歧址,004_Tie_Siann_Tsap_Ngou_Im > （基）部上平聲,96
ki,飢,求基切,飢飢鏈飢飢餓飢餓,004_Tie_Siann_Tsap_Ngou_Im > （基）部上平聲,96
ki,嘰,求基切,嘰嘰句邦,004_Tie_Siann_Tsap_Ngou_Im > （基）部上平聲,96
ki,識,求基切,識銷也戲也,004_Tie_Siann_Tsap_Ngou_Im > （基）部上平聲,96
ki,笄,求基切,冠笄鲁也,004_Tie_Siann_Tsap_Ngou_Im > （基）部上平聲,96
ki,璣,求基切,玉廁為綦天之器之璇璣,004_Tie_Siann_Tsap_Ngou_Im > （基）部上平聲,96
kiam,菜,求兼切,以菜人任兩事日菜菜理也,004_Tie_Siann_Tsap_Ngou_Im > （兼）部上平聲,85
kiam,縑,求兼切,絲絹,004_Tie_Siann_Tsap_Ngou_Im > （兼）部上平聲,85
kiam,蒹,求兼切,蒹茂茅々,004_Tie_Siann_Tsap_Ngou_Im > （兼）部上平聲,85
kian,堅,求堅切,曰堅固不可破,004_Tie_Siann_Tsap_Ngou_Im > （堅）部上平聲,114
kian,芡,求堅切,姓也芡戎又,004_Tie_Siann_Tsap_Ngou_Im > （堅）部上平聲,114
kian,芡,求堅切,同上戎也,004_Tie_Siann_Tsap_Ngou_Im > （堅）部上平聲,114
kian,捐,求堅切,橄捐趣捐官捐,004_Tie_Siann_Tsap_Ngou_Im > （堅）部上平聲,114
kian,洞,求堅切,水洞滿,004_Tie_Siann_Tsap_Ngou_Im > （堅）部上平聲,114
kian,娟,求堅切,好也婵,004_Tie_Siann_Tsap_Ngou_Im > （堅）部上平聲,114
kian,悁,求堅切,煩急也,004_Tie_Siann_Tsap_Ngou_Im > （堅）部上平聲,114
kiang,薑,求薑切,其味辛其性散,004_Tie_Siann_Tsap_Ngou_Im > （薑）部上平聲,347
kiang,姜,求薑切,同上其性老而益平,004_Tie_Siann_Tsap_Ngou_Im > （薑）部上平聲,347
kia̍p,咳,求兼切,夷語也,004_Tie_Siann_Tsap_Ngou_Im > （兼）部下入聲,94
kia̍t,桀,求堅切,凶暴也,004_Tie_Siann_Tsap_Ngou_Im > （堅）部下入聲,130
kiaⁿ,帝,求京切,支所居之地日帝城帝師北帝南帝,004_Tie_Siann_Tsap_Ngou_Im > （京）部上平聲,132
kiaⁿ,恐,求京切,也懼也,004_Tie_Siann_Tsap_Ngou_Im > （京）部上平聲,132
kiaⁿ,全,求京切,上,004_Tie_Siann_Tsap_Ngou_Im > （京）部上平聲,132
kiaⁿ,子,求京切,父－母－ 俗謂子曰－凡物之少者曰－撿－點－拳－等－,004_Tie_Siann_Tsap_Ngou_Im > （京）部上平聲,133
kih,堆,求基切,堆又階也,004_Tie_Siann_Tsap_Ngou_Im > （基）部上入聲,103
kim,金,求金切,五金之魁色黃而潤至貴者,004_Tie_Siann_Tsap_Ngou_Im > （金）部上平聲,42
kim,今,求金切,此時也眼前也如今今日今早,004_Tie_Siann_Tsap_Ngou_Im > （金）部上平聲,42
kim,錦,求金切,錦繡彩色,004_Tie_Siann_Tsap_Ngou_Im > （金）部上平聲,44
kim,也,求金切,也織也,004_Tie_Siann_Tsap_Ngou_Im > （金）部上平聲,44
kiok,克,求恭切,勝也又克,004_Tie_Siann_Tsap_Ngou_Im > （恭）部上入聲,157
kiok,己,求恭切,己能,004_Tie_Siann_Tsap_Ngou_Im > （恭）部上入聲,157
kiok,曲,求恭切,直曲肱曲,004_Tie_Siann_Tsap_Ngou_Im > （恭）部上入聲,157
kiok,佃,求恭切,小也又佃,004_Tie_Siann_Tsap_Ngou_Im > （恭）部上入聲,157
kiong,恭,求恭切,斂袂拱外曰恭謙,004_Tie_Siann_Tsap_Ngou_Im > （恭）部上平聲,155
kiong,數,求恭切,支并全,004_Tie_Siann_Tsap_Ngou_Im > （恭）部上平聲,155
kiong,矜,求恭切,身之別名,004_Tie_Siann_Tsap_Ngou_Im > （恭）部上平聲,155
kiong,曰,求恭切,曰湘曰,004_Tie_Siann_Tsap_Ngou_Im > （恭）部上平聲,155
kiong,芍,求恭切,草名,004_Tie_Siann_Tsap_Ngou_Im > （恭）部上平聲,155
kiong,川,求恭切,川,004_Tie_Siann_Tsap_Ngou_Im > （恭）部上平聲,155
kiong,穹,求恭切,也蒼穹天,004_Tie_Siann_Tsap_Ngou_Im > （恭）部上平聲,155
kiong,宮,求恭切,形也,004_Tie_Siann_Tsap_Ngou_Im > （恭）部上平聲,155
kiong,龍,求恭切,供給也本也,004_Tie_Siann_Tsap_Ngou_Im > （恭）部上平聲,155
kiou,嬌,求嬌切,嬌姿嬌艷嬌養嬌 以意渡人曰嬌,004_Tie_Siann_Tsap_Ngou_Im > （嬌）部上平聲,269
kiou,妓,求嬌切,正音某也姻 又妓也,004_Tie_Siann_Tsap_Ngou_Im > （嬌）部上平聲,269
kiou̍h,庶,求嬌切,也背也歧,004_Tie_Siann_Tsap_Ngou_Im > （嬌）部下入聲,279
kiou̍h,也,求嬌切,不和也,004_Tie_Siann_Tsap_Ngou_Im > （嬌）部下入聲,279
kiou̍h,以,求嬌切,詐騙人曰以,004_Tie_Siann_Tsap_Ngou_Im > （嬌）部下入聲,279
kiou̍h,遂,求嬌切,又足跳也,004_Tie_Siann_Tsap_Ngou_Im > （嬌）部下入聲,279
kip,急,求金切,嘩不容緩也緩急供急備其所給供急用足也,004_Tie_Siann_Tsap_Ngou_Im > （金）部上入聲,46
kiu,勿,求鳩切,期貨措物虚盛而姐之音曰勿物大錙而細之亦曰勿,004_Tie_Siann_Tsap_Ngou_Im > （鳩）部上平聲,229
kiu̍h,唵,求鳩切,雜也,004_Tie_Siann_Tsap_Ngou_Im > （鳩）部下入聲,239
kiu̍h,姓,求鳩切,也,004_Tie_Siann_Tsap_Ngou_Im > （鳩）部下入聲,239
kiàⁿ,牡,求京切,謂年少,004_Tie_Siann_Tsap_Ngou_Im > （京）部上去聲,134
kiàⁿ,壮,求京切,者曰壮,004_Tie_Siann_Tsap_Ngou_Im > （京）部上去聲,134
kiám,檢,求兼切,防檢點檢 同上又 減 也加檢少,004_Tie_Siann_Tsap_Ngou_Im > （兼）部上上聲,87
kiâm,鹹,求兼切,鹽味也鹹淡鹹茱,004_Tie_Siann_Tsap_Ngou_Im > （兼）部下平聲,91
kiâm,鎌,求兼切,斫肉上刀形如新月單鎌,004_Tie_Siann_Tsap_Ngou_Im > （兼）部下平聲,91
kiân,強,求堅切,勢威有曰強高強確,004_Tie_Siann_Tsap_Ngou_Im > （堅）部下平聲,124
kiân,乾,求堅切,卦名乾坤乾老陽也,004_Tie_Siann_Tsap_Ngou_Im > （堅）部下平聲,124
kiân,彊,求堅切,之勁力乃弓者弓,004_Tie_Siann_Tsap_Ngou_Im > （堅）部下平聲,124
kiân,鎗,求堅切,也白鎗銀,004_Tie_Siann_Tsap_Ngou_Im > （堅）部下平聲,124
kiâng,勝,求薑切,彼者,004_Tie_Siann_Tsap_Ngou_Im > （薑）部下平聲,350
kiâng,日,求薑切,日,004_Tie_Siann_Tsap_Ngou_Im > （薑）部下平聲,350
kiâⁿ,行,求京切,凡物之能運動者曰行又,004_Tie_Siann_Tsap_Ngou_Im > （京）部下平聲,135
kiâⁿ,惟,求京切,幽與某惟類蹤而不惟,004_Tie_Siann_Tsap_Ngou_Im > （京）部下平聲,135
kiãn,劍,求堅切,立改,004_Tie_Siann_Tsap_Ngou_Im > （堅）部下上聲,126
kiãn,造,求堅切,曰造,004_Tie_Siann_Tsap_Ngou_Im > （堅）部下上聲,126
kiãn,壯,求堅切,也強也不僧曰壯,004_Tie_Siann_Tsap_Ngou_Im > （堅）部下上聲,126
kiãn,曰,求堅切,同上強壯,004_Tie_Siann_Tsap_Ngou_Im > （堅）部下上聲,126
kiãn,物,求堅切,以角奉曰物,004_Tie_Siann_Tsap_Ngou_Im > （堅）部下上聲,126
kiãn,撌,求堅切,門限,004_Tie_Siann_Tsap_Ngou_Im > （堅）部下上聲,126
kiãn,助,求堅切,大筋也又,004_Tie_Siann_Tsap_Ngou_Im > （堅）部下上聲,126
kiãn,鞺,求堅切,弓夾,004_Tie_Siann_Tsap_Ngou_Im > （堅）部下上聲,127
kiãn,閤,求堅切,柜門木也閶閤,004_Tie_Siann_Tsap_Ngou_Im > （堅）部下上聲,127
kiãn,棍,求堅切,同上門也,004_Tie_Siann_Tsap_Ngou_Im > （堅）部下上聲,127
kiãⁿ,鏡,求京切,以以之養物理者曰,004_Tie_Siann_Tsap_Ngou_Im > （京）部下上聲,137
kiãⁿ,銅,求京切,銅明銅玻璃,004_Tie_Siann_Tsap_Ngou_Im > （京）部下上聲,137
kióng,拱,求恭切,两手齐拱曰拱,004_Tie_Siann_Tsap_Ngou_Im > （恭）部上上聲,156
kióng,恐,求恭切,心怖也又,004_Tie_Siann_Tsap_Ngou_Im > （恭）部上上聲,156
kióng,驚,求恭切,聳懼,004_Tie_Siann_Tsap_Ngou_Im > （恭）部上上聲,156
kiô,橋,求燒切,石橋板橋小橋大橋,004_Tie_Siann_Tsap_Ngou_Im > （燒）部下平聲,355
kiô,虹,求燒切,虹關虹百尺虹,004_Tie_Siann_Tsap_Ngou_Im > （燒）部下平聲,355
kiô,蔣,求燒切,之別稱蔣菜也,004_Tie_Siann_Tsap_Ngou_Im > （燒）部下平聲,355
kiô,加,求燒切,同上,004_Tie_Siann_Tsap_Ngou_Im > （燒）部下平聲,355
kiô,菠,求燒切,也又全上同上荊葵花,004_Tie_Siann_Tsap_Ngou_Im > （燒）部下平聲,355
kiông,穿,求恭切,窮富繁且掌理日究又貧穿由穿又極也,004_Tie_Siann_Tsap_Ngou_Im > （恭）部下平聲,158
kiông,弱,求恭切,苔弱藥名,004_Tie_Siann_Tsap_Ngou_Im > （恭）部下平聲,158
kiông,盔,求恭切,柄處也穴空,004_Tie_Siann_Tsap_Ngou_Im > （恭）部下平聲,158
kiông,卯,求恭切,寶當草,004_Tie_Siann_Tsap_Ngou_Im > （恭）部下平聲,158
kiông,卯,求恭切,手也推也擁,004_Tie_Siann_Tsap_Ngou_Im > （恭）部下平聲,158
kiû,来,求鳩切,乞来惑,004_Tie_Siann_Tsap_Ngou_Im > （鳩）部下平聲,234
kiû,俫,求鳩切,茶順親又戴也,004_Tie_Siann_Tsap_Ngou_Im > （鳩）部下平聲,234
kiû,骸,求鳩切,上蓋也長覓角,004_Tie_Siann_Tsap_Ngou_Im > （鳩）部下平聲,234
kiû,妹,求鳩切,匹也偶也,004_Tie_Siann_Tsap_Ngou_Im > （鳩）部下平聲,234
kiû,脉,求鳩切,之非理而求,004_Tie_Siann_Tsap_Ngou_Im > （鳩）部下平聲,234
kiû,逑,求鳩切,也欽也合,004_Tie_Siann_Tsap_Ngou_Im > （鳩）部下平聲,234
kiām,劍,求兼切,兩面有鋒之刀 曰劍貿劍求劍,004_Tie_Siann_Tsap_Ngou_Im > （兼）部下去聲,93
kiō,吓,求燒切,吓人曰吓又,004_Tie_Siann_Tsap_Ngou_Im > （燒）部下去聲,357
kiō,鳥,求燒切,萬曰鳥,004_Tie_Siann_Tsap_Ngou_Im > （燒）部下去聲,357
kiō,嗽,求燒切,同上,004_Tie_Siann_Tsap_Ngou_Im > （燒）部下去聲,357
kiō,票,求燒切,紙票出票錢,004_Tie_Siann_Tsap_Ngou_Im > （燒）部下去聲,357
kiō,漂,求燒切,苧漂白漂布漂,004_Tie_Siann_Tsap_Ngou_Im > （燒）部下去聲,357
kiũ,答,求鳩切,悠也慈也通答體答元答,004_Tie_Siann_Tsap_Ngou_Im > （鳩）部下上聲,236
kiũ,偕,求鳩切,毀也,004_Tie_Siann_Tsap_Ngou_Im > （鳩）部下上聲,236
kiũ,桎,求鳩切,有刃之棺曰桎密桎,004_Tie_Siann_Tsap_Ngou_Im > （鳩）部下上聲,236
kiũ,柏,求鳩切,也樹生子,004_Tie_Siann_Tsap_Ngou_Im > （鳩）部下上聲,236
kiū,救,求鳩切,將忠而赴援之官救,004_Tie_Siann_Tsap_Ngou_Im > （鳩）部下去聲,238
kiū,急,求鳩切,來急討急答急,004_Tie_Siann_Tsap_Ngou_Im > （鳩）部下去聲,238
kiū,究,求鳩切,就問曰究窮理曰究,004_Tie_Siann_Tsap_Ngou_Im > （鳩）部下去聲,238
kiū,富,求鳩切,富窮富詳富,004_Tie_Siann_Tsap_Ngou_Im > （鳩）部下去聲,238
ki̍p,及,求金切,時又,004_Tie_Siann_Tsap_Ngou_Im > （金）部下入聲,52
ki̍p,居,求金切,也,004_Tie_Siann_Tsap_Ngou_Im > （金）部下入聲,52
ki̍p,茫,求金切,白藥,004_Tie_Siann_Tsap_Ngou_Im > （金）部下入聲,52
ki̍p,禽,求金切,也,004_Tie_Siann_Tsap_Ngou_Im > （金）部下入聲,53
kng,扛,求扛切,兩人共貨扛物曰扛 缸 水扛坯水之器品 光 天扛平且也 窗扛明也,004_Tie_Siann_Tsap_Ngou_Im > （扛）部上平聲,285
kn̄g,貫,求扛切,錢吊曰貫,004_Tie_Siann_Tsap_Ngou_Im > （扛）部下去聲,289
kn̄g,又,求扛切,又索,004_Tie_Siann_Tsap_Ngou_Im > （扛）部下去聲,289
kn̄g,鑽,求扛切,鉄之加堅者曰鑽,004_Tie_Siann_Tsap_Ngou_Im > （扛）部下去聲,289
kn̄g,勸,求扛切,免嗇規人曰勸,004_Tie_Siann_Tsap_Ngou_Im > （扛）部下去聲,289
kn̄g,相,求扛切,相相尊,004_Tie_Siann_Tsap_Ngou_Im > （扛）部下去聲,289
kn̍gh,務,求扛切,－憐－武－珍,004_Tie_Siann_Tsap_Ngou_Im > （扛）部下入聲,290
kn̍gh,鶴,求扛切,春則鳴仲,004_Tie_Siann_Tsap_Ngou_Im > （扛）部下入聲,290
kn̍gh,鷹,求扛切,歌 歟－,004_Tie_Siann_Tsap_Ngou_Im > （扛）部下入聲,290
ko,千,求歌切,千,004_Tie_Siann_Tsap_Ngou_Im > （歌）部上平聲,186
ko,日,求歌切,日弟稣克,004_Tie_Siann_Tsap_Ngou_Im > （歌）部上平聲,186
ko,行,求歌切,行長行長吟曰行,004_Tie_Siann_Tsap_Ngou_Im > （歌）部上平聲,186
ko,膏,求歌切,脂膏集膏,004_Tie_Siann_Tsap_Ngou_Im > （歌）部上平聲,186
ko,又,求歌切,飯同,004_Tie_Siann_Tsap_Ngou_Im > （歌）部上平聲,186
ko,篙,求歌切,竹篙持篙,004_Tie_Siann_Tsap_Ngou_Im > （歌）部上平聲,186
ko,掬,求歌切,掬又举掬,004_Tie_Siann_Tsap_Ngou_Im > （歌）部上平聲,186
ko,文,求歌切,文起文信,004_Tie_Siann_Tsap_Ngou_Im > （歌）部上平聲,188
ko,軍,求歌切,軍青也勞也,004_Tie_Siann_Tsap_Ngou_Im > （歌）部上平聲,188
ko,之,求歌切,以為子,004_Tie_Siann_Tsap_Ngou_Im > （歌）部上平聲,188
ko,枯,求歌切,木也又單,004_Tie_Siann_Tsap_Ngou_Im > （歌）部上平聲,188
ko,枯,求歌切,枯枝枯枯枯,004_Tie_Siann_Tsap_Ngou_Im > （歌）部上平聲,188
ko,枯,求歌切,木也,004_Tie_Siann_Tsap_Ngou_Im > （歌）部上平聲,188
koh,黏,求姑切,查末作,004_Tie_Siann_Tsap_Ngou_Im > （姑）部上入聲,81
koh,又,求姑切,糊雷日,004_Tie_Siann_Tsap_Ngou_Im > （姑）部上入聲,81
koh,糊,求姑切,俗以鈒,004_Tie_Siann_Tsap_Ngou_Im > （姑）部上入聲,81
koi̍h,挾,求雞切,以兩板夾物從其中曰挾,004_Tie_Siann_Tsap_Ngou_Im > （雞）部下入聲,61
kong,公,求公切,祖即父之父也又她之為衆者曰公公共公司,004_Tie_Siann_Tsap_Ngou_Im > （公）部上平聲,62
kong,攻,求公切,攻城攻戰攻王相攻,004_Tie_Siann_Tsap_Ngou_Im > （公）部上平聲,62
kong,功,求公切,功勛功名功德功勞,004_Tie_Siann_Tsap_Ngou_Im > （公）部上平聲,62
kong,工,求公切,精者曰工夫至古工,004_Tie_Siann_Tsap_Ngou_Im > （公）部上平聲,62
kong,蚣,求公切,虫類炫,004_Tie_Siann_Tsap_Ngou_Im > （公）部上平聲,62
kong,玒,求公切,玒玉,004_Tie_Siann_Tsap_Ngou_Im > （公）部上平聲,62
kong,釭,求公切,車製中鐵也灯曰銀釭,004_Tie_Siann_Tsap_Ngou_Im > （公）部上平聲,62
kong,疰,求公切,病也脫疰下部,004_Tie_Siann_Tsap_Ngou_Im > （公）部上平聲,62
kong,肛,求公切,大腸口曰肛門,004_Tie_Siann_Tsap_Ngou_Im > （公）部上平聲,62
kong,魧,求公切,似蝦可食,004_Tie_Siann_Tsap_Ngou_Im > （公）部上平聲,62
ko̍h,之,求歌切,之交之師之言,004_Tie_Siann_Tsap_Ngou_Im > （歌）部下入聲,197
ko̍h,乙,求歌切,乙錦乙,004_Tie_Siann_Tsap_Ngou_Im > （歌）部下入聲,197
ko̍k,略,求公切,曰網略去之旺地,004_Tie_Siann_Tsap_Ngou_Im > （公）部下入聲,75
ko̍k,姑,求公切,父之姊妹曰姑 母又三姑,004_Tie_Siann_Tsap_Ngou_Im > （公）部下入聲,77
ko̍k,枯,求公切,草木無生氣曰枯 活枯 油枯 酒枯,004_Tie_Siann_Tsap_Ngou_Im > （公）部下入聲,77
ko̍k,孤,求公切,孤子 獨孤身,004_Tie_Siann_Tsap_Ngou_Im > （公）部下入聲,77
ko̍k,菰,求公切,單菰草菰 箬年菰詁 孤也 瑚珀訓,004_Tie_Siann_Tsap_Ngou_Im > （公）部下入聲,77
ku,亀,求龜切,介夫之長也 鶴亀壽亀吳 龜 同上亀龍 拘 掮也覆也描也 繫亀束亀人 姑 筍直也亀息亀免 蛄 鳴蟲也亀善 駒 白亀馬之善走 又老馬惡亀,004_Tie_Siann_Tsap_Ngou_Im > （龜）部上平聲,307
ku,去,求龜切,（去）,004_Tie_Siann_Tsap_Ngou_Im > （龜）部上平聲,307
ku,區,求龜切,地骨曰區每縣分歲區別也 坵 田格也如田之舊祐曰區机天區 樞 戶區又區客 駆 策馬曰區逞也 祛 袖口也又舉木跪 仮 同上 歙 魚區逕區,004_Tie_Siann_Tsap_Ngou_Im > （龜）部上平聲,307
ku,矩,求龜切,矩和,004_Tie_Siann_Tsap_Ngou_Im > （龜）部上平聲,307
ku,痀,求龜切,曲脊也,004_Tie_Siann_Tsap_Ngou_Im > （龜）部上平聲,307
ku,辜,求龜切,辜罪也無,004_Tie_Siann_Tsap_Ngou_Im > （龜）部上平聲,307
ku,觥,求龜切,觥成米之器也 成通二升,004_Tie_Siann_Tsap_Ngou_Im > （龜）部上平聲,307
ku,爽,求龜切,斜視也,004_Tie_Siann_Tsap_Ngou_Im > （龜）部上平聲,307
ku,但,求龜切,但集老人也 不仲就,004_Tie_Siann_Tsap_Ngou_Im > （龜）部上平聲,307
ku,姫,求龜切,老婦也,004_Tie_Siann_Tsap_Ngou_Im > （龜）部上平聲,307
ku,祛,求龜切,根也逐 也逞也,004_Tie_Siann_Tsap_Ngou_Im > （龜）部上平聲,307
ku,肱,求龜切,骨也又發 龍 身肱全 又崛 平覿 肱不肱 掘 肱衣也,004_Tie_Siann_Tsap_Ngou_Im > （龜）部上平聲,307
ku,躯,求龜切,身躯也,004_Tie_Siann_Tsap_Ngou_Im > （龜）部上平聲,307
ku,坡,求龜切,（坡）,004_Tie_Siann_Tsap_Ngou_Im > （龜）部上平聲,307
ku,妹,求龜切,妹妹吐呆妹 滸網也,004_Tie_Siann_Tsap_Ngou_Im > （龜）部上平聲,307
ku,株,求龜切,木之本也,004_Tie_Siann_Tsap_Ngou_Im > （龜）部上平聲,307
ku,誅,求龜切,也明正其罪,004_Tie_Siann_Tsap_Ngou_Im > （龜）部上平聲,307
ku,妹,求龜切,也美妹好,004_Tie_Siann_Tsap_Ngou_Im > （龜）部上平聲,307
ku,地,求龜切,（地）,004_Tie_Siann_Tsap_Ngou_Im > （龜）部上平聲,307
ku,他,求龜切,（他）,004_Tie_Siann_Tsap_Ngou_Im > （龜）部上平聲,307
kuan,官,求官切,所以治民者曰官,004_Tie_Siann_Tsap_Ngou_Im > （官）部上平聲,138
kuan,吏,求官切,吏長吏府吏家曰吏,004_Tie_Siann_Tsap_Ngou_Im > （官）部上平聲,138
kuan,民,求官切,不累曰民徐徐者曰民,004_Tie_Siann_Tsap_Ngou_Im > （官）部上平聲,138
kuan,肝,求官切,五藏之肝,004_Tie_Siann_Tsap_Ngou_Im > （官）部上平聲,138
kuan,膽,求官切,心膽,004_Tie_Siann_Tsap_Ngou_Im > （官）部上平聲,138
kuan,杆,求官切,旗杆所以,004_Tie_Siann_Tsap_Ngou_Im > （官）部上平聲,138
kuan,升,求官切,旗者,004_Tie_Siann_Tsap_Ngou_Im > （官）部上平聲,138
kuan,千,求官切,之千凡物晒之使乾者統謂,004_Tie_Siann_Tsap_Ngou_Im > （官）部上平聲,138
kuan,如,求官切,魚如柿如龍眼如,004_Tie_Siann_Tsap_Ngou_Im > （官）部上平聲,138
kuan,棺,求官切,木所以,004_Tie_Siann_Tsap_Ngou_Im > （官）部上平聲,138
kuan,貯,求官切,屍也,004_Tie_Siann_Tsap_Ngou_Im > （官）部上平聲,138
kuang,光,求光切,天有三光又燈火之光,004_Tie_Siann_Tsap_Ngou_Im > （光）部上平聲,198
kuang,觀,求光切,觀望觀看仰觀,004_Tie_Siann_Tsap_Ngou_Im > （光）部上平聲,198
kuang,關,求光切,關鍵關柵關保心關鎖關硬關,004_Tie_Siann_Tsap_Ngou_Im > （光）部上平聲,198
kuang,冠,求光切,冠帶冠寬冠,004_Tie_Siann_Tsap_Ngou_Im > （光）部上平聲,198
kuang,棺,求光切,棺木棺,004_Tie_Siann_Tsap_Ngou_Im > （光）部上平聲,198
kuang,佰,求光切,王駕,004_Tie_Siann_Tsap_Ngou_Im > （光）部上平聲,198
kuang,鰕,求光切,鰕寫者曰鰕更者曰鰕,004_Tie_Siann_Tsap_Ngou_Im > （光）部上平聲,198
kuang,橫,求光切,此說,004_Tie_Siann_Tsap_Ngou_Im > （光）部上平聲,198
kuang,喧,求光切,喧鳴喧和,004_Tie_Siann_Tsap_Ngou_Im > （光）部上平聲,198
kuang,脫,求光切,脫騰脫水,004_Tie_Siann_Tsap_Ngou_Im > （光）部上平聲,198
kuang,觭,求光切,觭飲器也觭七升觭,004_Tie_Siann_Tsap_Ngou_Im > （光）部上平聲,198
kuang,侢,求光切,小也,004_Tie_Siann_Tsap_Ngou_Im > （光）部上平聲,198
kuang,姚,求光切,女色也,004_Tie_Siann_Tsap_Ngou_Im > （光）部上平聲,198
kuang,廣,求光切,廣寬潤日廣類 曾 廣箱日廣正館 食所曰廣酒廣歌廣館 旅舍曰廣舍客廣管 竹苗也又人名廣仲館 繋也琯 玉茲,004_Tie_Siann_Tsap_Ngou_Im > （光）部上平聲,200
kuang,脂,求光切,師胼盟 洗也脂手耿 脂脂不烱 光明也迥 言其異也脂珠脂別頻 也光明,004_Tie_Siann_Tsap_Ngou_Im > （光）部上平聲,200
kuang,去,求光切,頃 萬去去刻又百敲為去款 曲表也款 去武誠之係目曰去歸去撒 扶待絡 雖去意蘋 草名,004_Tie_Siann_Tsap_Ngou_Im > （光）部上平聲,200
kua̍k,去,求光切,而反也,004_Tie_Siann_Tsap_Ngou_Im > （光）部下入聲,212
kua̍k,規,求光切,同上平,004_Tie_Siann_Tsap_Ngou_Im > （光）部下入聲,212
kua̍k,視,求光切,視小視也視豹,004_Tie_Siann_Tsap_Ngou_Im > （光）部下入聲,212
kua̍k,名,求光切,也,004_Tie_Siann_Tsap_Ngou_Im > （光）部下入聲,212
kua̍k,閨,求光切,深－李之室也 刓刓也割 閬同寬小 皈同皈僧 媽斛姓又 水名 畦五十畝日－又區也,004_Tie_Siann_Tsap_Ngou_Im > （光）部下入聲,213
kue,粮,求瓜切,日升粮又水曰盈粮名粮東登粮秩粮又,004_Tie_Siann_Tsap_Ngou_Im > （瓜）部上平聲,339
kue,魃,求瓜切,魃首魃星,004_Tie_Siann_Tsap_Ngou_Im > （瓜）部上平聲,339
kue,誰,求瓜切,誰诰謂也,004_Tie_Siann_Tsap_Ngou_Im > （瓜）部上平聲,339
kuh,原,求龜切,音級茲用吸作原按原本空音而原則氣入故以吸代之用其義也,004_Tie_Siann_Tsap_Ngou_Im > （龜）部上入聲,312
kuh,俗,求龜切,作旺非,004_Tie_Siann_Tsap_Ngou_Im > （龜）部上入聲,312
kuih,跪,求歸切,正音,004_Tie_Siann_Tsap_Ngou_Im > （歸）部上入聲,218
kuih,遣,求歸切,－飼－饋,004_Tie_Siann_Tsap_Ngou_Im > （歸）部上入聲,220
kuih,物,求歸切,皆曰－飼,004_Tie_Siann_Tsap_Ngou_Im > （歸）部上入聲,220
kuih,草,求歸切,當也,004_Tie_Siann_Tsap_Ngou_Im > （歸）部上入聲,220
kuih,又,求歸切,史司也,004_Tie_Siann_Tsap_Ngou_Im > （歸）部上入聲,220
kuih,慙,求歸切,也拜,004_Tie_Siann_Tsap_Ngou_Im > （歸）部上入聲,220
kuih,玫,求歸切,－入,004_Tie_Siann_Tsap_Ngou_Im > （歸）部上入聲,220
kuih,也,求歸切,土籠,004_Tie_Siann_Tsap_Ngou_Im > （歸）部上入聲,220
kuih,香,求歸切,文公大夫,004_Tie_Siann_Tsap_Ngou_Im > （歸）部上入聲,220
kuih,名,求歸切,季－,004_Tie_Siann_Tsap_Ngou_Im > （歸）部上入聲,220
kun,君,求君切,國之主曰國君 家之主曰家君 君者主也,004_Tie_Siann_Tsap_Ngou_Im > （君）部上平聲,5
kun,軍,求君切,出征曰從軍 兵軍,004_Tie_Siann_Tsap_Ngou_Im > （君）部上平聲,5
kun,莙,求君切,菜名,004_Tie_Siann_Tsap_Ngou_Im > （君）部上平聲,5
kun,鮶,求君切,水鮶似魚 蟲名,004_Tie_Siann_Tsap_Ngou_Im > （君）部上平聲,5
kun,𠱭,求君切,草也,004_Tie_Siann_Tsap_Ngou_Im > （君）部上平聲,5
kun,郡,求君切,治也省轄郡縣,004_Tie_Siann_Tsap_Ngou_Im > （君）部上平聲,16
kut,骨,求君切,山之骨 助骨石為,004_Tie_Siann_Tsap_Ngou_Im > （君）部上入聲,12
kut,騙,求君切,獸名,004_Tie_Siann_Tsap_Ngou_Im > （君）部上入聲,12
kuâng,倦,求光切,惆也疲也夢也懊觥倦倦搓蹀伸倦頭不,004_Tie_Siann_Tsap_Ngou_Im > （光）部下平聲,207
kuâng,秦,求光切,家也郭秦高顆食草曰秦類食秦,004_Tie_Siann_Tsap_Ngou_Im > （光）部下平聲,207
kuāi,猶,求乖切,放猶也鱠俗謂魚生也蒯地名又姓又,004_Tie_Siann_Tsap_Ngou_Im > （乖）部下去聲,280
kuān,看,求官切,久視日－視,004_Tie_Siann_Tsap_Ngou_Im > （官）部下去聲,144
kuāng,貴,求光切,瓶類也,004_Tie_Siann_Tsap_Ngou_Im > （光）部下去聲,209
kuāng,冠,求光切,科首也,004_Tie_Siann_Tsap_Ngou_Im > （光）部下去聲,209
kuāng,子,求光切,已－末－ 軍男,004_Tie_Siann_Tsap_Ngou_Im > （光）部下去聲,209
kuāng,大,求光切,也,004_Tie_Siann_Tsap_Ngou_Im > （光）部下去聲,209
kuāng,燧,求光切,日中取,004_Tie_Siann_Tsap_Ngou_Im > （光）部下去聲,209
kuāng,火,求光切,也,004_Tie_Siann_Tsap_Ngou_Im > （光）部下去聲,209
kuāng,鑊,求光切,古現及,004_Tie_Siann_Tsap_Ngou_Im > （光）部下去聲,209
kuāng,器,求光切,也,004_Tie_Siann_Tsap_Ngou_Im > （光）部下去聲,209
kuāng,顴,求光切,兩－輔骨也,004_Tie_Siann_Tsap_Ngou_Im > （光）部下去聲,209
kuāng,鶴,求光切,則－為鳥將雨,004_Tie_Siann_Tsap_Ngou_Im > （光）部下去聲,209
kuāng,裸,求光切,地也,004_Tie_Siann_Tsap_Ngou_Im > （光）部下去聲,209
kàm,十,求甘切,十為升蛤,004_Tie_Siann_Tsap_Ngou_Im > （甘）部上去聲,333
kàm,粉,求甘切,粉蜊粉,004_Tie_Siann_Tsap_Ngou_Im > （甘）部上去聲,333
kàm,白,求甘切,白俗謂,004_Tie_Siann_Tsap_Ngou_Im > （甘）部上去聲,333
kàm,分,求甘切,別得清曰分,004_Tie_Siann_Tsap_Ngou_Im > （甘）部上去聲,333
kàm,牛,求甘切,牛羊牛虎牛,004_Tie_Siann_Tsap_Ngou_Im > （甘）部上去聲,333
kàm,厝,求甘切,厝桅厝,004_Tie_Siann_Tsap_Ngou_Im > （甘）部上去聲,333
kàm,厝,求甘切,厝吉,004_Tie_Siann_Tsap_Ngou_Im > （甘）部上去聲,333
kàm,頡,求甘切,口中含物也又咨全,004_Tie_Siann_Tsap_Ngou_Im > （甘）部上去聲,335
kâ,咬,求膠切,鼠咬夫有害,004_Tie_Siann_Tsap_Ngou_Im > （膠）部下平聲,267
kâ,之,求膠切,物皆能之,004_Tie_Siann_Tsap_Ngou_Im > （膠）部下平聲,267
kâi,個,求皆切,每個枚個,004_Tie_Siann_Tsap_Ngou_Im > （皆）部下平聲,150
kâi,个,求皆切,同上竹葉,004_Tie_Siann_Tsap_Ngou_Im > （皆）部下平聲,150
kâi,箇,求皆切,與上兩字,004_Tie_Siann_Tsap_Ngou_Im > （皆）部下平聲,150
kâi,同,求皆切,彼同,004_Tie_Siann_Tsap_Ngou_Im > （皆）部下平聲,150
kâng,物,求江切,日物,004_Tie_Siann_Tsap_Ngou_Im > （江）部下平聲,254
kâng,正,求江切,音覩,004_Tie_Siann_Tsap_Ngou_Im > （江）部下平聲,254
kâng,下,求江切,也,004_Tie_Siann_Tsap_Ngou_Im > （江）部下平聲,254
kâng,頑,求江切,頑上,004_Tie_Siann_Tsap_Ngou_Im > （江）部下平聲,254
kâng,姓,求江切,也,004_Tie_Siann_Tsap_Ngou_Im > （江）部下平聲,254
kâng,相,求江切,類也,004_Tie_Siann_Tsap_Ngou_Im > （江）部下平聲,254
kâu,猴,求高切,獸也似人而小通身 有毛善解人意,004_Tie_Siann_Tsap_Ngou_Im > （高）部下平聲,36
kâu,厚,求高切,－薄敦－福 地之－也,004_Tie_Siann_Tsap_Ngou_Im > （高）部下平聲,38
kâu,除,求鈎切,去語二音之外上下俱係空音不錄,004_Tie_Siann_Tsap_Ngou_Im > （鈎）部下平聲,175
kãng,重,求江切,硬理,004_Tie_Siann_Tsap_Ngou_Im > （江）部下上聲,256
kãng,沉,求江切,沉牡沉,004_Tie_Siann_Tsap_Ngou_Im > （江）部下上聲,256
kãng,但,求江切,反撲意也,004_Tie_Siann_Tsap_Ngou_Im > （江）部下上聲,256
kãng,又,求江切,諾詞,004_Tie_Siann_Tsap_Ngou_Im > （江）部下上聲,256
kãng,湯,求江切,飄湯瀾湯,004_Tie_Siann_Tsap_Ngou_Im > （江）部下上聲,256
kãng,憚,求江切,畏懼也,004_Tie_Siann_Tsap_Ngou_Im > （江）部下上聲,256
kãng,又,求江切,憚全,004_Tie_Siann_Tsap_Ngou_Im > （江）部下上聲,256
kãng,溢,求江切,湊盈也,004_Tie_Siann_Tsap_Ngou_Im > （江）部下上聲,256
kãng,誕,求江切,欺也妄,004_Tie_Siann_Tsap_Ngou_Im > （江）部下上聲,256
kãng,降,求江切,自土直下曰降氣降增降般絳也又士也赤降才降能降幹枝降,004_Tie_Siann_Tsap_Ngou_Im > （江）部下上聲,257
kãng,輦,求江切,版築塌,004_Tie_Siann_Tsap_Ngou_Im > （江）部下上聲,257
kãng,諫,求江切,臣諫朝廷有諫君諫臣議之,004_Tie_Siann_Tsap_Ngou_Im > （江）部下上聲,257
kãng,軒,求江切,日始出時其光軒軒,004_Tie_Siann_Tsap_Ngou_Im > （江）部下上聲,257
kãng,俗,求江切,語以物去,004_Tie_Siann_Tsap_Ngou_Im > （江）部下上聲,259
kãng,去,求江切,曰去,004_Tie_Siann_Tsap_Ngou_Im > （江）部下上聲,259
kè,坻,求佳切,天坻地又,004_Tie_Siann_Tsap_Ngou_Im > （佳）部上去聲,325
kê,枷,求家切,木刈,004_Tie_Siann_Tsap_Ngou_Im > （家）部下平聲,25
kê,另,求家切,吴也,004_Tie_Siann_Tsap_Ngou_Im > （家）部下平聲,25
kêng,貧,求弓切,其貧原音頻俗以貧曰貧 去也用其義,004_Tie_Siann_Tsap_Ngou_Im > （弓）部下平聲,298
kîn,如,求⿴囗君切,矢 如 曰 不曲曰直 且 如 道 其 如,004_Tie_Siann_Tsap_Ngou_Im > （⿴囗君）部下平聲,170
kòi,易,求雞切,易不難之事曰,004_Tie_Siann_Tsap_Ngou_Im > （雞）部上去聲,56
kòng,咒,求公切,曰咒遣人用符,004_Tie_Siann_Tsap_Ngou_Im > （公）部上去聲,66
kòng,國,求公切,萬國邦國君,004_Tie_Siann_Tsap_Ngou_Im > （公）部上去聲,67
kòng,幗,求公切,巾幗女人之師也,004_Tie_Siann_Tsap_Ngou_Im > （公）部上去聲,67
kòng,蟈,求公切,蛬蛩也,004_Tie_Siann_Tsap_Ngou_Im > （公）部上去聲,67
kòng,谷,求公切,又山谷空谷百谷糧食也,004_Tie_Siann_Tsap_Ngou_Im > （公）部上去聲,67
kòng,毂,求公切,谷之總名,004_Tie_Siann_Tsap_Ngou_Im > （公）部上去聲,67
kòng,穀,求公切,同上谷,004_Tie_Siann_Tsap_Ngou_Im > （公）部上去聲,67
kòng,鴝,求公切,鵒鴝鳥而能言,004_Tie_Siann_Tsap_Ngou_Im > （公）部上去聲,67
kói,改,求雞切,更也撰也,004_Tie_Siann_Tsap_Ngou_Im > （雞）部上上聲,55
kói,解,求雞切,判也支也散也,004_Tie_Siann_Tsap_Ngou_Im > （雞）部上上聲,55
kói,繵,求雞切,解 縆索也繵,004_Tie_Siann_Tsap_Ngou_Im > （雞）部上上聲,55
kô,正,求歌切,音,004_Tie_Siann_Tsap_Ngou_Im > （歌）部下平聲,192
kô,敲,求歌切,敲敲也,004_Tie_Siann_Tsap_Ngou_Im > （歌）部下平聲,192
kô,擊,求歌切,也,004_Tie_Siann_Tsap_Ngou_Im > （歌）部下平聲,192
kô,走,求歌切,匿也,004_Tie_Siann_Tsap_Ngou_Im > （歌）部下平聲,192
kô,同,求歌切,上同,004_Tie_Siann_Tsap_Ngou_Im > （歌）部下平聲,192
kô,走,求歌切,走匿,004_Tie_Siann_Tsap_Ngou_Im > （歌）部下平聲,192
kô,楊,求歌切,楊果,004_Tie_Siann_Tsap_Ngou_Im > （歌）部下平聲,192
kô,個,求歌切,正音曰個,004_Tie_Siann_Tsap_Ngou_Im > （歌）部下平聲,194
kô,物,求歌切,之數也,004_Tie_Siann_Tsap_Ngou_Im > （歌）部下平聲,194
kôi,俗,求雞切,俗字魚俗蝦俗此字正韻字音,004_Tie_Siann_Tsap_Ngou_Im > （雞）部下平聲,58
kông,也,求公切,到刘,004_Tie_Siann_Tsap_Ngou_Im > （公）部下平聲,70
kông,農,求公切,書不明,004_Tie_Siann_Tsap_Ngou_Im > （公）部下平聲,70
kông,朧,求公切,慈目也,004_Tie_Siann_Tsap_Ngou_Im > （公）部下平聲,70
kông,懷,求公切,也受門,004_Tie_Siann_Tsap_Ngou_Im > （公）部下平聲,70
kông,鬢,求公切,髮乱,004_Tie_Siann_Tsap_Ngou_Im > （公）部下平聲,70
kõin,相,求肩切,距之曰－隔－鄙－梅,004_Tie_Siann_Tsap_Ngou_Im > （肩）部下上聲,284
kõin,詞,求肩切,爭松之,004_Tie_Siann_Tsap_Ngou_Im > （肩）部下上聲,284
kõu,秘,求姑切,寂無使,004_Tie_Siann_Tsap_Ngou_Im > （姑）部下上聲,82
kõu,曰,求姑切,曰又姓,004_Tie_Siann_Tsap_Ngou_Im > （姑）部下上聲,82
kõu,也,求姑切,滿涉,004_Tie_Siann_Tsap_Ngou_Im > （姑）部下上聲,82
kõu,垢,求姑切,廢澤也,004_Tie_Siann_Tsap_Ngou_Im > （姑）部下上聲,82
kõu,田,求姑切,面田面,004_Tie_Siann_Tsap_Ngou_Im > （姑）部下上聲,82
kõu,首,求姑切,首衣,004_Tie_Siann_Tsap_Ngou_Im > （姑）部下上聲,82
kõu,豆,求姑切,租豆,004_Tie_Siann_Tsap_Ngou_Im > （姑）部下上聲,82
kõu,也,求姑切,祭品,004_Tie_Siann_Tsap_Ngou_Im > （姑）部下上聲,82
kùe,葵,求瓜切,原音達即葵扇曰葵謝葵葉作原音輒即行用真義也,004_Tie_Siann_Tsap_Ngou_Im > （瓜）部上去聲,341
kùe,郭,求瓜切,城郭,004_Tie_Siann_Tsap_Ngou_Im > （瓜）部上去聲,342
kún,衮,求君切,王公之禮服也,004_Tie_Siann_Tsap_Ngou_Im > （君）部上上聲,8
kún,滚,求君切,激其水而揚其波也,004_Tie_Siann_Tsap_Ngou_Im > （君）部上上聲,8
kún,滾,求君切,全上 水氣上激也,004_Tie_Siann_Tsap_Ngou_Im > （君）部上上聲,8
kún,㨰,求君切,摲也 又轉也,004_Tie_Siann_Tsap_Ngou_Im > （君）部上上聲,8
kún,𨎊,求君切,車軫也,004_Tie_Siann_Tsap_Ngou_Im > （君）部上上聲,8
kún,䜇,求君切,順言謔弄,004_Tie_Siann_Tsap_Ngou_Im > （君）部上上聲,8
kún,鯀,求君切,魚名 又禹之父曰鯀,004_Tie_Siann_Tsap_Ngou_Im > （君）部上上聲,8
kún,呁,求君切,吐也,004_Tie_Siann_Tsap_Ngou_Im > （君）部上上聲,8
kún,䃂,求君切,石從上䃂下,004_Tie_Siann_Tsap_Ngou_Im > （君）部上上聲,8
kûe,很,求瓜切,原音胡畏切事多不從人之意且好學公俗曰很用其義也,004_Tie_Siann_Tsap_Ngou_Im > （瓜）部下平聲,344
kûe,兖,求瓜切,兖卧名又貨兖帝物曰兖貨兖清,004_Tie_Siann_Tsap_Ngou_Im > （瓜）部下平聲,344
kāi,皺,求皆切,端皺也文,004_Tie_Siann_Tsap_Ngou_Im > （皆）部下去聲,153
kāi,覆,求皆切,也掩也,004_Tie_Siann_Tsap_Ngou_Im > （皆）部下去聲,153
kāi,盖,求皆切,同上遲,004_Tie_Siann_Tsap_Ngou_Im > （皆）部下去聲,153
kāi,也,求皆切,徵也,004_Tie_Siann_Tsap_Ngou_Im > （皆）部下去聲,153
kāi,地,求皆切,地壁基地,004_Tie_Siann_Tsap_Ngou_Im > （皆）部下去聲,153
kāi,取,求皆切,與不苟也,004_Tie_Siann_Tsap_Ngou_Im > （皆）部下去聲,153
kāi,又,求皆切,鱗又胄又,004_Tie_Siann_Tsap_Ngou_Im > （皆）部下去聲,153
kāi,警,求皆切,警受,004_Tie_Siann_Tsap_Ngou_Im > （皆）部下去聲,153
kāi,蓋,求皆切,同又,004_Tie_Siann_Tsap_Ngou_Im > （皆）部下去聲,153
kāi,大,求皆切,也善也,004_Tie_Siann_Tsap_Ngou_Im > （皆）部下去聲,153
kāi,又,求皆切,平也,004_Tie_Siann_Tsap_Ngou_Im > （皆）部下去聲,153
kāi,大,求皆切,主也,004_Tie_Siann_Tsap_Ngou_Im > （皆）部下去聲,153
kāi,也,求皆切,乞也取,004_Tie_Siann_Tsap_Ngou_Im > （皆）部下去聲,153
kāi,帠,求皆切,帠至曰帠,004_Tie_Siann_Tsap_Ngou_Im > （皆）部下去聲,153
kāi,爵,求皆切,爵期爵,004_Tie_Siann_Tsap_Ngou_Im > （皆）部下去聲,153
kāi,也,求皆切,妗忌,004_Tie_Siann_Tsap_Ngou_Im > （皆）部下去聲,153
kāi,揭,求皆切,也,004_Tie_Siann_Tsap_Ngou_Im > （皆）部下去聲,153
kāi,蛤,求皆切,蛤,004_Tie_Siann_Tsap_Ngou_Im > （皆）部下去聲,153
kāi,叢,求皆切,有尾,004_Tie_Siann_Tsap_Ngou_Im > （皆）部下去聲,153
kāi,命,求皆切,也苦也,004_Tie_Siann_Tsap_Ngou_Im > （皆）部下去聲,153
kāi,又,求皆切,監也,004_Tie_Siann_Tsap_Ngou_Im > （皆）部下去聲,153
kān,酵,求柑切,酒母也釀酒之料,004_Tie_Siann_Tsap_Ngou_Im > （柑）部下去聲,321
kān,榨,求柑切,同上,004_Tie_Siann_Tsap_Ngou_Im > （柑）部下去聲,321
kē,寄,求佳切,有所依託曰－又－語－物－苦－註,004_Tie_Siann_Tsap_Ngou_Im > （佳）部下去聲,328
kēng,華,求弓切,主於中,004_Tie_Siann_Tsap_Ngou_Im > （弓）部下去聲,303
kēng,日,求弓切,日,004_Tie_Siann_Tsap_Ngou_Im > （弓）部下去聲,303
kēng,又,求弓切,也再也重也,004_Tie_Siann_Tsap_Ngou_Im > （弓）部下去聲,303
kĩ,盡,求基切,凡有所最曰,004_Tie_Siann_Tsap_Ngou_Im > （基）部下上聲,108
kĩ,誉,求基切,同上姑夜,004_Tie_Siann_Tsap_Ngou_Im > （基）部下上聲,108
kĩ,企,求基切,立望又定同,004_Tie_Siann_Tsap_Ngou_Im > （基）部下上聲,108
kĩ,莫,求基切,又同上北洲,004_Tie_Siann_Tsap_Ngou_Im > （基）部下上聲,108
kĩ,技,求基切,巧蠻,004_Tie_Siann_Tsap_Ngou_Im > （基）部下上聲,108
kĩ,妓,求基切,之瞅者女婦人,004_Tie_Siann_Tsap_Ngou_Im > （基）部下上聲,108
kĩ,伎,求基切,之狀偶藝,004_Tie_Siann_Tsap_Ngou_Im > （基）部下上聲,108
kĩ,驥,求基切,千里馬也騙病遠來也,004_Tie_Siann_Tsap_Ngou_Im > （基）部下上聲,108
kĩ,羁,求基切,又勒也旅絆,004_Tie_Siann_Tsap_Ngou_Im > （基）部下上聲,108
kĩ,跖,求基切,長跑,004_Tie_Siann_Tsap_Ngou_Im > （基）部下上聲,108
kī,記,求基切,卒不置忘性恁曰－有痣黑子,004_Tie_Siann_Tsap_Ngou_Im > （基）部下去聲,110
kī,既,求基切,曰事經以往,004_Tie_Siann_Tsap_Ngou_Im > （基）部下去聲,110
kī,墜,求基切,取也,004_Tie_Siann_Tsap_Ngou_Im > （基）部下去聲,110
kī,廐,求基切,又廐舍曰－廐同,004_Tie_Siann_Tsap_Ngou_Im > （基）部下去聲,110
kī,繼,求基切,曰亦復應志,004_Tie_Siann_Tsap_Ngou_Im > （基）部下去聲,110
kī,暨,求基切,及也居也,004_Tie_Siann_Tsap_Ngou_Im > （基）部下去聲,110
kī,監,求基切,也,004_Tie_Siann_Tsap_Ngou_Im > （基）部下去聲,110
kī,罛,求基切,魚網,004_Tie_Siann_Tsap_Ngou_Im > （基）部下去聲,110
kīm,禁,求金切,制也止也,004_Tie_Siann_Tsap_Ngou_Im > （金）部下去聲,51
kīm,囙,求金切,也,004_Tie_Siann_Tsap_Ngou_Im > （金）部下去聲,51
kīm,噤,求金切,同禁能言也,004_Tie_Siann_Tsap_Ngou_Im > （金）部下去聲,51
kīm,傑,求金切,同禁犯囙傑,004_Tie_Siann_Tsap_Ngou_Im > （金）部下去聲,51
kīm,潧,求金切,寒潧也,004_Tie_Siann_Tsap_Ngou_Im > （金）部下去聲,51
kīm,勒,求金切,用力也又,004_Tie_Siann_Tsap_Ngou_Im > （金）部下去聲,51
kīm,歔,求金切,人名歔囙,004_Tie_Siann_Tsap_Ngou_Im > （金）部下去聲,51
kō,以,求歌切,事東官,004_Tie_Siann_Tsap_Ngou_Im > （歌）部下去聲,195
kō,日,求歌切,日告狀,004_Tie_Siann_Tsap_Ngou_Im > （歌）部下去聲,195
kō,地,求歌切,大地天,004_Tie_Siann_Tsap_Ngou_Im > （歌）部下去聲,195
kōng,同,求公切,上,004_Tie_Siann_Tsap_Ngou_Im > （公）部下去聲,73
kōu,雇,求姑切,傭工曰雇工雇,004_Tie_Siann_Tsap_Ngou_Im > （姑）部下去聲,83
kōu,僱,求姑切,傭人作,004_Tie_Siann_Tsap_Ngou_Im > （姑）部下去聲,83
kōu,工,求姑切,曰工,004_Tie_Siann_Tsap_Ngou_Im > （姑）部下去聲,83
kōu,蓄,求姑切,交積,004_Tie_Siann_Tsap_Ngou_Im > （姑）部下去聲,83
kōu,財,求姑切,也,004_Tie_Siann_Tsap_Ngou_Im > （姑）部下去聲,83
kōu,購,求姑切,購買物曰,004_Tie_Siann_Tsap_Ngou_Im > （姑）部下去聲,83
kōu,構,求姑切,宇曰構造屋,004_Tie_Siann_Tsap_Ngou_Im > （姑）部下去聲,83
kōu,搆,求姑切,糾牽也,004_Tie_Siann_Tsap_Ngou_Im > （姑）部下去聲,83
kōu,連,求姑切,也連,004_Tie_Siann_Tsap_Ngou_Im > （姑）部下去聲,83
kōu,覯,求姑切,遇也,004_Tie_Siann_Tsap_Ngou_Im > （姑）部下去聲,83
kōu,也,求姑切,見,004_Tie_Siann_Tsap_Ngou_Im > （姑）部下去聲,83
kōu,顧,求姑切,顧視也四又姓,004_Tie_Siann_Tsap_Ngou_Im > （姑）部下去聲,84
kōu,覩,求姑切,取牛羊孔曰覩,004_Tie_Siann_Tsap_Ngou_Im > （姑）部下去聲,84
kōu,毂,求姑切,持満而,004_Tie_Siann_Tsap_Ngou_Im > （姑）部下去聲,84
kōu,毂,求姑切,乳也,004_Tie_Siann_Tsap_Ngou_Im > （姑）部下去聲,84
kōu,遠,求姑切,后遠不期而遠也,004_Tie_Siann_Tsap_Ngou_Im > （姑）部下去聲,84
kōu,妒,求姑切,疾妒婦人之病也,004_Tie_Siann_Tsap_Ngou_Im > （姑）部下去聲,84
kōu,姑,求姑切,同上又斗名上蔑姑,004_Tie_Siann_Tsap_Ngou_Im > （姑）部下去聲,84
kōu,疣,求姑切,乳羅也,004_Tie_Siann_Tsap_Ngou_Im > （姑）部下去聲,84
kōu,坵,求姑切,厓曰坵索,004_Tie_Siann_Tsap_Ngou_Im > （姑）部下去聲,84
kōu,姑,求姑切,又奥姑全,004_Tie_Siann_Tsap_Ngou_Im > （姑）部下去聲,84
kōu,嫲,求姑切,交嫲陰陽之氣相庚也,004_Tie_Siann_Tsap_Ngou_Im > （姑）部下去聲,84
kōu,詁,求姑切,言也乾也春也意也加人也,004_Tie_Siann_Tsap_Ngou_Im > （姑）部下去聲,84
kōu,迓,求姑切,邂迓相遇也,004_Tie_Siann_Tsap_Ngou_Im > （姑）部下去聲,84
kōu,嗀,求姑切,姓也天墮嗀,004_Tie_Siann_Tsap_Ngou_Im > （姑）部下去聲,84
kōu,雌,求姑切,也雌鳴,004_Tie_Siann_Tsap_Ngou_Im > （姑）部下去聲,84
kōu,庫,求姑切,庫偪書之所也財庫舍也廐也又府,004_Tie_Siann_Tsap_Ngou_Im > （姑）部下去聲,84
kōu,褲,求姑切,袴下衣也又,004_Tie_Siann_Tsap_Ngou_Im > （姑）部下去聲,84
kōu,惡,求姑切,惡仇賊惡又,004_Tie_Siann_Tsap_Ngou_Im > （姑）部下去聲,84
kōu,毉,求姑切,名,004_Tie_Siann_Tsap_Ngou_Im > （姑）部下去聲,84
kōu,懿,求姑切,豆懿葉,004_Tie_Siann_Tsap_Ngou_Im > （姑）部下去聲,84
kōu,袴,求姑切,衣同褲下,004_Tie_Siann_Tsap_Ngou_Im > （姑）部下去聲,84
kōu,地,求姑切,門兩雄出地戲地械地,004_Tie_Siann_Tsap_Ngou_Im > （姑）部下去聲,84
kōu,開,求姑切,不相議,004_Tie_Siann_Tsap_Ngou_Im > （姑）部下去聲,84
kōu,關,求姑切,同上關鶴鵝嘴,004_Tie_Siann_Tsap_Ngou_Im > （姑）部下去聲,84
kōu,實,求姑切,地遠也穴也又姓,004_Tie_Siann_Tsap_Ngou_Im > （姑）部下去聲,84
kōu,坡,求姑切,舖者日行街市商場之室大小者曰坡,004_Tie_Siann_Tsap_Ngou_Im > （姑）部下去聲,84
kōu,他,求姑切,冠獸類望月則孕曰他又搖胃刊氣,004_Tie_Siann_Tsap_Ngou_Im > （姑）部下去聲,84
kōu,病,求姑切,容曰病又疲同容說可的也,004_Tie_Siann_Tsap_Ngou_Im > （姑）部下去聲,84
kōu,時,求姑切,瘦,004_Tie_Siann_Tsap_Ngou_Im > （姑）部下去聲,84
kōu,出,求姑切,醋出湯冥味而為,004_Tie_Siann_Tsap_Ngou_Im > （姑）部下去聲,84
kōu,湊,求姑切,也湊集合,004_Tie_Siann_Tsap_Ngou_Im > （姑）部下去聲,84
kōu,膦,求姑切,之間也膦理皮膚,004_Tie_Siann_Tsap_Ngou_Im > （姑）部下去聲,84
kū,洄,求龜切,寒凝也,004_Tie_Siann_Tsap_Ngou_Im > （龜）部下去聲,318
kūa,掛,求⿴囗瓜切,棋掛 袍,004_Tie_Siann_Tsap_Ngou_Im > （⿴囗瓜）部下去聲,244
kūa,益,求⿴囗瓜切,益 蕪物之罟曰,004_Tie_Siann_Tsap_Ngou_Im > （⿴囗瓜）部下去聲,244
kūa,鉢,求⿴囗瓜切,缸鉢,004_Tie_Siann_Tsap_Ngou_Im > （⿴囗瓜）部下去聲,244
kūa,盆,求⿴囗瓜切,同上蕪物,004_Tie_Siann_Tsap_Ngou_Im > （⿴囗瓜）部下去聲,244
kūa,之,求⿴囗瓜切,皿也,004_Tie_Siann_Tsap_Ngou_Im > （⿴囗瓜）部下去聲,244
kūa,江,求⿴囗瓜切,河漢行水之道江山江河,004_Tie_Siann_Tsap_Ngou_Im > （⿴囗瓜）部下去聲,246
kūa,岡,求⿴囗瓜切,陵山岡,004_Tie_Siann_Tsap_Ngou_Im > （⿴囗瓜）部下去聲,246
kūa,崗,求⿴囗瓜切,同上出玉之山也,004_Tie_Siann_Tsap_Ngou_Im > （⿴囗瓜）部下去聲,246
kūa,剛,求⿴囗瓜切,不屈曰剛強剛正,004_Tie_Siann_Tsap_Ngou_Im > （⿴囗瓜）部下去聲,246
kūa,綱,求⿴囗瓜切,三綱紀綱領綱常,004_Tie_Siann_Tsap_Ngou_Im > （⿴囗瓜）部下去聲,246
kūa,干,求⿴囗瓜切,非禮相犯曰干犯干冒干步干,004_Tie_Siann_Tsap_Ngou_Im > （⿴囗瓜）部下去聲,246
kūa,乾,求⿴囗瓜切,凡物炳之則不濕曰乾,004_Tie_Siann_Tsap_Ngou_Im > （⿴囗瓜）部下去聲,246
kūa,間,求⿴囗瓜切,中間其間反間,004_Tie_Siann_Tsap_Ngou_Im > （⿴囗瓜）部下去聲,246
kūa,奸,求⿴囗瓜切,詐奸多行詭謀曰奸死曰奸恐奸,004_Tie_Siann_Tsap_Ngou_Im > （⿴囗瓜）部下去聲,246
kūa,工,求⿴囗瓜切,備工夫工匠工藝,004_Tie_Siann_Tsap_Ngou_Im > （⿴囗瓜）部下去聲,246
kūa,鋼,求⿴囗瓜切,鉄之堅則如犯之則折曰鋼,004_Tie_Siann_Tsap_Ngou_Im > （⿴囗瓜）部下去聲,246
kūa,姦,求⿴囗瓜切,姦私也備也斜姦注強姦,004_Tie_Siann_Tsap_Ngou_Im > （⿴囗瓜）部下去聲,246
kūa,親,求⿴囗瓜切,親辛多親苦親,004_Tie_Siann_Tsap_Ngou_Im > （⿴囗瓜）部下去聲,246
kūa,笋,求⿴囗瓜切,竹笋也笋挺,004_Tie_Siann_Tsap_Ngou_Im > （⿴囗瓜）部下去聲,246
kūa,罡,求⿴囗瓜切,天罡星名,004_Tie_Siann_Tsap_Ngou_Im > （⿴囗瓜）部下去聲,246
kūa,茫,求⿴囗瓜切,香草也,004_Tie_Siann_Tsap_Ngou_Im > （⿴囗瓜）部下去聲,246
kūa,玝,求⿴囗瓜切,珉玝玉,004_Tie_Siann_Tsap_Ngou_Im > （⿴囗瓜）部下去聲,246
kūe,生,求瓜切,物之生半也 半 短,004_Tie_Siann_Tsap_Ngou_Im > （瓜）部下去聲,346
kūi,貴,求歸切,士人名成則貴,004_Tie_Siann_Tsap_Ngou_Im > （歸）部下去聲,222
kūi,聖,求歸切,聖半士聖半子 桂 畫聖蘭聖,004_Tie_Siann_Tsap_Ngou_Im > （歸）部下去聲,222
kūi,又,求歸切,清花又 炙 十千之名,004_Tie_Siann_Tsap_Ngou_Im > （歸）部下去聲,222
kūi,士,求歸切,士屬水 貴 同貴又,004_Tie_Siann_Tsap_Ngou_Im > （歸）部下去聲,222
kūn,木,求君切,徒,004_Tie_Siann_Tsap_Ngou_Im > （君）部下去聲,17
kūn,又,求君切,光,004_Tie_Siann_Tsap_Ngou_Im > （君）部下去聲,17
kṳ,舉,求居切,舉止舉為善動,004_Tie_Siann_Tsap_Ngou_Im > （居）部上平聲,179
kṳ,矩,求居切,規矩度,004_Tie_Siann_Tsap_Ngou_Im > （居）部上平聲,179
kṳ,管,求居切,盛木,004_Tie_Siann_Tsap_Ngou_Im > （居）部上平聲,179
kṳ,異,求居切,用力也兩人合作,004_Tie_Siann_Tsap_Ngou_Im > （居）部上平聲,179
kṳ̂,侣,求居切,不遞之意 也做,004_Tie_Siann_Tsap_Ngou_Im > （居）部下平聲,183
kṳ̂,踞,求居切,踞生也 踞 捂手足 莊作也,004_Tie_Siann_Tsap_Ngou_Im > （居）部下平聲,183
kṳ̂,遽,求居切,急也平也 把持曰 中也憑也,004_Tie_Siann_Tsap_Ngou_Im > （居）部下平聲,183
kṳ̂,摅,求居切,同上憑,004_Tie_Siann_Tsap_Ngou_Im > （居）部下平聲,183
kṳ̂,蹊,求居切,與議司,004_Tie_Siann_Tsap_Ngou_Im > （居）部下平聲,183
kẽ,崎,求佳切,山高而難登曰,004_Tie_Siann_Tsap_Ngou_Im > （佳）部下上聲,327
kẽ,靂,求佳切,霹－潮俗迅雷,004_Tie_Siann_Tsap_Ngou_Im > （佳）部下上聲,327
kẽ,大,求佳切,轟曰－－,004_Tie_Siann_Tsap_Ngou_Im > （佳）部下上聲,327
kẽng,盡,求弓切,也,004_Tie_Siann_Tsap_Ngou_Im > （弓）部下上聲,301
kẽng,爭,求弓切,也閑也,004_Tie_Siann_Tsap_Ngou_Im > （弓）部下上聲,301
kẽⁿ,徑,求庚切,大路小徑,004_Tie_Siann_Tsap_Ngou_Im > （庚）部下上聲,228
kẽⁿ,花,求庚切,花揀花,004_Tie_Siann_Tsap_Ngou_Im > （庚）部下上聲,228
kẽⁿ,逕,求庚切,逕同上路,004_Tie_Siann_Tsap_Ngou_Im > （庚）部下上聲,228
la,以,柳膠切,能初訓,004_Tie_Siann_Tsap_Ngou_Im > （膠）部上平聲,260
la,初,柳膠切,初,004_Tie_Siann_Tsap_Ngou_Im > （膠）部上平聲,260
la,巴,柳膠切,戲－蜀－,004_Tie_Siann_Tsap_Ngou_Im > （膠）部上平聲,261
la,笆,柳膠切,－煎,004_Tie_Siann_Tsap_Ngou_Im > （膠）部上平聲,261
la,葩,柳膠切,－花之苞者曰,004_Tie_Siann_Tsap_Ngou_Im > （膠）部上平聲,261
la,爬,柳膠切,也 牝豕,004_Tie_Siann_Tsap_Ngou_Im > （膠）部上平聲,261
la,爬,柳膠切,適作爬,004_Tie_Siann_Tsap_Ngou_Im > （膠）部上平聲,261
la,把,柳膠切,把時把把人,004_Tie_Siann_Tsap_Ngou_Im > （膠）部上平聲,264
la,官,柳膠切,名官慈,004_Tie_Siann_Tsap_Ngou_Im > （膠）部上平聲,264
la,飽,柳膠切,飽食飽學,004_Tie_Siann_Tsap_Ngou_Im > （膠）部上平聲,264
lai,皆,柳皆切,無彼此之謂也，走,004_Tie_Siann_Tsap_Ngou_Im > （皆）部上平聲,145
lai,該,柳皆切,如此之謂也，事該件,004_Tie_Siann_Tsap_Ngou_Im > （皆）部上平聲,145
lai,胲,柳皆切,腊也真也，非常也,004_Tie_Siann_Tsap_Ngou_Im > （皆）部上平聲,145
lai,垓,柳皆切,界也，守也,004_Tie_Siann_Tsap_Ngou_Im > （皆）部上平聲,145
lai,孩,柳皆切,非常也,004_Tie_Siann_Tsap_Ngou_Im > （皆）部上平聲,145
lai,肢,柳皆切,足大指，也,004_Tie_Siann_Tsap_Ngou_Im > （皆）部上平聲,145
lai,特,柳皆切,筆之辭也,004_Tie_Siann_Tsap_Ngou_Im > （皆）部上平聲,147
lai,若,柳皆切,若況若,004_Tie_Siann_Tsap_Ngou_Im > （皆）部上平聲,147
lai,曰,柳皆切,夫人亦曰,004_Tie_Siann_Tsap_Ngou_Im > （皆）部上平聲,147
lai,俗,柳皆切,稱姆祖之妻,004_Tie_Siann_Tsap_Ngou_Im > （皆）部上平聲,147
lai,乃,柳皆切,鼎,004_Tie_Siann_Tsap_Ngou_Im > （皆）部上平聲,147
lai,他,柳皆切,大之,004_Tie_Siann_Tsap_Ngou_Im > （皆）部上平聲,147
lai,也,柳皆切,次也始,004_Tie_Siann_Tsap_Ngou_Im > （皆）部上平聲,147
lam,橺,柳甘切,猗之竹苞曰猗,004_Tie_Siann_Tsap_Ngou_Im > （甘）部上平聲,329
lam,橺,柳甘切,猗之竹窗曰嗯橺,004_Tie_Siann_Tsap_Ngou_Im > （甘）部上平聲,329
lam,橄,柳甘切,曲－棚,004_Tie_Siann_Tsap_Ngou_Im > （甘）部上平聲,331
lam,艦,柳甘切,戰船也,004_Tie_Siann_Tsap_Ngou_Im > （甘）部上平聲,331
lam,攬,柳甘切,振取也,004_Tie_Siann_Tsap_Ngou_Im > （甘）部上平聲,331
lam,覽,柳甘切,周視曰－遍－,004_Tie_Siann_Tsap_Ngou_Im > （甘）部上平聲,331
lam,欖,柳甘切,烏－果,004_Tie_Siann_Tsap_Ngou_Im > （甘）部上平聲,331
lam,纜,柳甘切,船索也,004_Tie_Siann_Tsap_Ngou_Im > （甘）部上平聲,331
lam,纜,柳甘切,同上船之大索也,004_Tie_Siann_Tsap_Ngou_Im > （甘）部上平聲,331
lau̍h,歡,柳高切,也少飲,004_Tie_Siann_Tsap_Ngou_Im > （高）部下入聲,42
le,家,柳家切,男子娶妻曰有又家,004_Tie_Siann_Tsap_Ngou_Im > （家）部上平聲,21
le,業,柳家切,業計業事,004_Tie_Siann_Tsap_Ngou_Im > （家）部上平聲,21
lek,靈,柳弓切,陰之精氣也八為萬物之靈,004_Tie_Siann_Tsap_Ngou_Im > （弓）部上入聲,298
lennh,凡,柳庚切,疾雷聲,004_Tie_Siann_Tsap_Ngou_Im > （庚）部上入聲,226
lennh,俗,柳庚切,曰霑,004_Tie_Siann_Tsap_Ngou_Im > （庚）部上入聲,226
lennh,俗,柳庚切,況衣晒,004_Tie_Siann_Tsap_Ngou_Im > （庚）部上入聲,227
lennh,之,柳庚切,曰之衫,004_Tie_Siann_Tsap_Ngou_Im > （庚）部上入聲,227
lennh,其,柳庚切,餘空音不錄,004_Tie_Siann_Tsap_Ngou_Im > （庚）部上入聲,227
lennh,棚,柳庚切,梁木為雷曰,004_Tie_Siann_Tsap_Ngou_Im > （庚）部上入聲,227
lennh,秤,柳庚切,同上察木,004_Tie_Siann_Tsap_Ngou_Im > （庚）部上入聲,227
lennh,為,柳庚切,雷也,004_Tie_Siann_Tsap_Ngou_Im > （庚）部上入聲,227
lennh,坪,柳庚切,平坦之地曰,004_Tie_Siann_Tsap_Ngou_Im > （庚）部上入聲,227
lenn̍h,曆,柳庚切,凡経過之事曰曆経曆閲歷曰曆朝曆代通書曰曆,004_Tie_Siann_Tsap_Ngou_Im > （庚）部下入聲,229
lenn̍h,歷,柳庚切,同上,004_Tie_Siann_Tsap_Ngou_Im > （庚）部下入聲,229
lenn̍h,濯,柳庚切,竹濯生竹之水曰濯,004_Tie_Siann_Tsap_Ngou_Im > （庚）部下入聲,229
le̍h,歷,柳家切,白古及今曰歷又眉間噯也歷拚,004_Tie_Siann_Tsap_Ngou_Im > （家）部下入聲,29
le̍h,噯,柳家切,坑也,004_Tie_Siann_Tsap_Ngou_Im > （家）部下入聲,29
le̍h,濯,柳家切,以酒濯地曰濯,004_Tie_Siann_Tsap_Ngou_Im > （家）部下入聲,29
le̍h,拚,柳家切,俗以物之使其均勻曰拚今以拚用其義也,004_Tie_Siann_Tsap_Ngou_Im > （家）部下入聲,29
le̍h,嗻,柳家切,誇語也志大言大也,004_Tie_Siann_Tsap_Ngou_Im > （家）部下入聲,29
le̍h,掠,柳佳切,蓋而覆之曰－賊掠人－賊叛－,004_Tie_Siann_Tsap_Ngou_Im > （佳）部下入聲,328
le̍k,高,柳弓切,某之地高大高水高,004_Tie_Siann_Tsap_Ngou_Im > （弓）部下入聲,304
le̍k,也,柳弓切,竹根,004_Tie_Siann_Tsap_Ngou_Im > （弓）部下入聲,304
le̍k,椿,柳弓切,椿無用之散材,004_Tie_Siann_Tsap_Ngou_Im > （弓）部下入聲,304
le̍k,也,柳弓切,脅骨,004_Tie_Siann_Tsap_Ngou_Im > （弓）部下入聲,304
le̍k,石,柳弓切,罅縫也,004_Tie_Siann_Tsap_Ngou_Im > （弓）部下入聲,304
le̍k,卓,柳弓切,也,004_Tie_Siann_Tsap_Ngou_Im > （弓）部下入聲,304
le̍k,足,柳弓切,所踞踞也,004_Tie_Siann_Tsap_Ngou_Im > （弓）部下入聲,304
le̍k,痊,柳弓切,痊,004_Tie_Siann_Tsap_Ngou_Im > （弓）部下入聲,304
le̍k,脈,柳弓切,之粗者也脈食脈魚脈,004_Tie_Siann_Tsap_Ngou_Im > （弓）部下入聲,304
le̍k,小,柳弓切,便曰小又入水曰小,004_Tie_Siann_Tsap_Ngou_Im > （弓）部下入聲,304
le̍k,隱,柳弓切,隱逃隱藏隱,004_Tie_Siann_Tsap_Ngou_Im > （弓）部下入聲,304
le̍k,加,柳弓切,砺曰砺加之用力,004_Tie_Siann_Tsap_Ngou_Im > （弓）部下入聲,304
le̍k,也,柳弓切,淡也,004_Tie_Siann_Tsap_Ngou_Im > （弓）部下入聲,304
le̍k,也,柳弓切,慌惆,004_Tie_Siann_Tsap_Ngou_Im > （弓）部下入聲,304
le̍k,也,柳弓切,鼻血出,004_Tie_Siann_Tsap_Ngou_Im > （弓）部下入聲,304
le̍k,及,柳弓切,傷也,004_Tie_Siann_Tsap_Ngou_Im > （弓）部下入聲,304
le̍k,澱,柳弓切,餘滴也又渡去水也,004_Tie_Siann_Tsap_Ngou_Im > （弓）部下入聲,305
leⁿ,俗,柳庚切,有呼其母曰亞俗,004_Tie_Siann_Tsap_Ngou_Im > （庚）部上平聲,223
leⁿ,冷,柳庚切,冷天氣嚴寒曰冷,004_Tie_Siann_Tsap_Ngou_Im > （庚）部上平聲,224
leⁿ,遮,柳庚切,遮淡遮涼,004_Tie_Siann_Tsap_Ngou_Im > （庚）部上平聲,224
leⁿ,把,柳庚切,把俗謂阻把曰把,004_Tie_Siann_Tsap_Ngou_Im > （庚）部上平聲,224
leⁿ,卡,柳庚切,阻也止,004_Tie_Siann_Tsap_Ngou_Im > （庚）部上平聲,224
li,碑,柳基切,碑勒碑石,004_Tie_Siann_Tsap_Ngou_Im > （基）部上平聲,96
li,草,柳基切,裁也又両,004_Tie_Siann_Tsap_Ngou_Im > （基）部上平聲,96
li,皮,柳基切,皮清水路也又坡地也,004_Tie_Siann_Tsap_Ngou_Im > （基）部上平聲,96
li,庫,柳基切,庄庫又有地名,004_Tie_Siann_Tsap_Ngou_Im > （基）部上平聲,96
li,輦,柳基切,敲也鼓小,004_Tie_Siann_Tsap_Ngou_Im > （基）部上平聲,96
li,稗,柳基切,芡稗草有寔似殺,004_Tie_Siann_Tsap_Ngou_Im > （基）部上平聲,96
li,里,柳基切,邑里枰里鄉,004_Tie_Siann_Tsap_Ngou_Im > （基）部上平聲,98
li,理,柳基切,事理物理道,004_Tie_Siann_Tsap_Ngou_Im > （基）部上平聲,98
li,李,柳基切,李桃李行 又姓,004_Tie_Siann_Tsap_Ngou_Im > （基）部上平聲,98
li,履,柳基切,納履履道履進,004_Tie_Siann_Tsap_Ngou_Im > （基）部上平聲,98
li,裡,柳基切,表裡足包,004_Tie_Siann_Tsap_Ngou_Im > （基）部上平聲,98
li,裏,柳基切,同上,004_Tie_Siann_Tsap_Ngou_Im > （基）部上平聲,98
li,娌,柳基切,妯娌兄之妻,004_Tie_Siann_Tsap_Ngou_Im > （基）部上平聲,98
li,鯉,柳基切,魚名,004_Tie_Siann_Tsap_Ngou_Im > （基）部上平聲,98
li,鱷,柳基切,螺盅木中又蚌屬與 通足寸同以湖海,004_Tie_Siann_Tsap_Ngou_Im > （基）部上平聲,98
li,醴,柳基切,白酒也 即酒,004_Tie_Siann_Tsap_Ngou_Im > （基）部上平聲,98
li,履,柳基切,又趾名 錦也,004_Tie_Siann_Tsap_Ngou_Im > （基）部上平聲,98
li,彌,柳基切,也長也 縫偏也終也延也茲也達,004_Tie_Siann_Tsap_Ngou_Im > （基）部上平聲,98
liam,粘,柳兼切,之粘單粘星附之意也,004_Tie_Siann_Tsap_Ngou_Im > （兼）部上平聲,85
liam,粘,柳兼切,同上俗搭織日粘附也,004_Tie_Siann_Tsap_Ngou_Im > （兼）部上平聲,85
liam,拈,柳兼切,物以指取日拈,004_Tie_Siann_Tsap_Ngou_Im > （兼）部上平聲,85
liap,廉,柳兼切,不貪曰廉清廉,004_Tie_Siann_Tsap_Ngou_Im > （兼）部上入聲,91
liap,簾,柳兼切,垂廉竹簾珠簾又簾全戶外帳也,004_Tie_Siann_Tsap_Ngou_Im > （兼）部上入聲,91
liap,鎌,柳兼切,同上刀形如新月單鎌,004_Tie_Siann_Tsap_Ngou_Im > （兼）部上入聲,91
liap,賺,柳兼切,貲也帝物夫賈,004_Tie_Siann_Tsap_Ngou_Im > （兼）部上入聲,91
liap,帘,柳兼切,青帘酒家旗也,004_Tie_Siann_Tsap_Ngou_Im > （兼）部上入聲,91
liap,匜,柳兼切,吳曰匜鹹脂粉之,004_Tie_Siann_Tsap_Ngou_Im > （兼）部上入聲,91
liap,匲,柳兼切,妝匲女子行嫁只同上,004_Tie_Siann_Tsap_Ngou_Im > （兼）部上入聲,91
liap,鐮,柳兼切,也月彎刀鐮,004_Tie_Siann_Tsap_Ngou_Im > （兼）部上入聲,91
liaⁿ,京,柳京切,部上聲,004_Tie_Siann_Tsap_Ngou_Im > （京）部上平聲,133
liaⁿ,領,柳京切,首－會－各－袖－會－哈 鎮 山之高者曰－聆－會－忠－音－袿 衣之者有－皮－鹹－頸－,004_Tie_Siann_Tsap_Ngou_Im > （京）部上平聲,133
lih,果,柳基切,實之根也柿果瓜果,004_Tie_Siann_Tsap_Ngou_Im > （基）部上入聲,103
lih,同,柳基切,上亦富也,004_Tie_Siann_Tsap_Ngou_Im > （基）部上入聲,103
lim,之,柳金切,所曰僉之四字同藏末殺慓也之洌寒,004_Tie_Siann_Tsap_Ngou_Im > （金）部上平聲,43
lim,慓,柳金切,湛清也又,004_Tie_Siann_Tsap_Ngou_Im > （金）部上平聲,43
lim,標,柳金切,木屋上橫,004_Tie_Siann_Tsap_Ngou_Im > （金）部上平聲,43
liok,句,柳恭切,四手持物曰句,004_Tie_Siann_Tsap_Ngou_Im > （恭）部上入聲,157
liok,又,柳恭切,訛學也,004_Tie_Siann_Tsap_Ngou_Im > （恭）部上入聲,157
liok,跑,柳恭切,既跑今之,004_Tie_Siann_Tsap_Ngou_Im > （恭）部上入聲,157
liok,打,柳恭切,毯也,004_Tie_Siann_Tsap_Ngou_Im > （恭）部上入聲,157
liok,鷥,柳恭切,青也,004_Tie_Siann_Tsap_Ngou_Im > （恭）部上入聲,157
liok,麯,柳恭切,麯酒母也,004_Tie_Siann_Tsap_Ngou_Im > （恭）部上入聲,157
liok,跌,柳恭切,消條也,004_Tie_Siann_Tsap_Ngou_Im > （恭）部上入聲,157
liok,詢,柳恭切,也詢問,004_Tie_Siann_Tsap_Ngou_Im > （恭）部上入聲,157
liok,鞠,柳恭切,同上,004_Tie_Siann_Tsap_Ngou_Im > （恭）部上入聲,157
lip,必,柳金切,必者不怯也定也富也,004_Tie_Siann_Tsap_Ngou_Im > （金）部上入聲,46
lip,筆,柳金切,墨管筆子也華同紙筆,004_Tie_Siann_Tsap_Ngou_Im > （金）部上入聲,46
liu,湖,柳鳩切,属猫蛇曰湖号,004_Tie_Siann_Tsap_Ngou_Im > （鳩）部上平聲,229
liu,馬,柳鳩切,驕 马走也,004_Tie_Siann_Tsap_Ngou_Im > （鳩）部上平聲,229
liuh,流,柳鳩切,川流不息,004_Tie_Siann_Tsap_Ngou_Im > （鳩）部上入聲,234
liuh,江,柳鳩切,江河江,004_Tie_Siann_Tsap_Ngou_Im > （鳩）部上入聲,234
liàn,煉,柳堅切,螺煉丹，京煉,004_Tie_Siann_Tsap_Ngou_Im > （堅）部上去聲,120
liàn,練,柳堅切,習色白曰練，銀練入,004_Tie_Siann_Tsap_Ngou_Im > （堅）部上去聲,120
liàn,鍊,柳堅切,精熟曰鍊，連老鍊,004_Tie_Siann_Tsap_Ngou_Im > （堅）部上去聲,120
liàn,涷,柳堅切,與練通，簡也,004_Tie_Siann_Tsap_Ngou_Im > （堅）部上去聲,120
liàⁿ,寧,柳京切,也 猶閒,004_Tie_Siann_Tsap_Ngou_Im > （京）部上去聲,134
liàⁿ,寧,柳京切,寧同上寧為,004_Tie_Siann_Tsap_Ngou_Im > （京）部上去聲,134
liàⁿ,寫,柳京切,同上寫,004_Tie_Siann_Tsap_Ngou_Im > （京）部上去聲,134
liàⁿ,可,柳京切,如此,004_Tie_Siann_Tsap_Ngou_Im > （京）部上去聲,134
liàⁿ,令,柳京切,俗以酒行令戲令,004_Tie_Siann_Tsap_Ngou_Im > （京）部上去聲,134
liám,欽,柳兼切,聚而藏之曰欽 獻 小滿觀 飲 聚也藏,004_Tie_Siann_Tsap_Ngou_Im > （兼）部上上聲,87
liám,唸,柳兼切,口業私語日唸又唸咒唸紐,004_Tie_Siann_Tsap_Ngou_Im > （兼）部上上聲,88
liân,良,柳堅切,貯良等…純良乃,004_Tie_Siann_Tsap_Ngou_Im > （堅）部下平聲,124
liân,很,柳堅切,曰很無志冒者很良民,004_Tie_Siann_Tsap_Ngou_Im > （堅）部下平聲,124
liân,連,柳堅切,正音率連相連,004_Tie_Siann_Tsap_Ngou_Im > （堅）部下平聲,124
liân,聯,柳堅切,正音総聯相挨曰聯,004_Tie_Siann_Tsap_Ngou_Im > （堅）部下平聲,124
liân,梁,柳堅切,正音株梁,004_Tie_Siann_Tsap_Ngou_Im > （堅）部下平聲,124
liân,梁,柳堅切,大梁,004_Tie_Siann_Tsap_Ngou_Im > （堅）部下平聲,124
liân,梁,柳堅切,高梁黄梁,004_Tie_Siann_Tsap_Ngou_Im > （堅）部下平聲,124
liân,粱,柳堅切,可釀酒,004_Tie_Siann_Tsap_Ngou_Im > （堅）部下平聲,124
liân,棟,柳堅切,棟棟大,004_Tie_Siann_Tsap_Ngou_Im > （堅）部下平聲,124
liân,涼,柳堅切,涼清涼寒,004_Tie_Siann_Tsap_Ngou_Im > （堅）部下平聲,124
liân,憐,柳堅切,嫌憐心所不忍曰憐,004_Tie_Siann_Tsap_Ngou_Im > （堅）部下平聲,124
liân,連,柳堅切,之貌連下篷,004_Tie_Siann_Tsap_Ngou_Im > （堅）部下平聲,124
liân,諞,柳堅切,多言,004_Tie_Siann_Tsap_Ngou_Im > （堅）部下平聲,124
liâng,同,柳薑切,上,004_Tie_Siann_Tsap_Ngou_Im > （薑）部下平聲,350
liâng,稱,柳薑切,母曰稱又女,004_Tie_Siann_Tsap_Ngou_Im > （薑）部下平聲,350
liâng,子,柳薑切,曰妾子,004_Tie_Siann_Tsap_Ngou_Im > （薑）部下平聲,350
liãm,念,柳兼切,忘忘曰,004_Tie_Siann_Tsap_Ngou_Im > （兼）部下上聲,92
liãm,心,柳兼切,不能,004_Tie_Siann_Tsap_Ngou_Im > （兼）部下上聲,92
liãm,殮,柳兼切,收入死指挹,004_Tie_Siann_Tsap_Ngou_Im > （兼）部下上聲,92
liãm,則,柳兼切,入捨也控,004_Tie_Siann_Tsap_Ngou_Im > （兼）部下上聲,92
liãn,光,柳堅切,明光,004_Tie_Siann_Tsap_Ngou_Im > （堅）部下上聲,126
liãn,曰,柳堅切,曰能行出者曰謀原曰見曰,004_Tie_Siann_Tsap_Ngou_Im > （堅）部下上聲,126
liãn,索,柳堅切,也,004_Tie_Siann_Tsap_Ngou_Im > （堅）部下上聲,126
liãn,姓,柳堅切,兖庶又,004_Tie_Siann_Tsap_Ngou_Im > （堅）部下上聲,126
liãn,螨,柳堅切,火也,004_Tie_Siann_Tsap_Ngou_Im > （堅）部下上聲,126
liãⁿ,俗,柳京切,謂面之方曰,004_Tie_Siann_Tsap_Ngou_Im > （京）部下上聲,137
liãⁿ,併,柳京切,俗言事之盡力,004_Tie_Siann_Tsap_Ngou_Im > （京）部下上聲,137
liãⁿ,而,柳京切,為之者曰,004_Tie_Siann_Tsap_Ngou_Im > （京）部下上聲,137
liãⁿ,又,柳京切,為之有向也,004_Tie_Siann_Tsap_Ngou_Im > （京）部下上聲,137
liòu,料,柳嬌切,凡物取裁而未完全者曰料物料色料裁料,004_Tie_Siann_Tsap_Ngou_Im > （嬌）部上去聲,273
liòu,廖,柳嬌切,姓也,004_Tie_Siann_Tsap_Ngou_Im > （嬌）部上去聲,273
liòu,寮,柳嬌切,明也尚好也,004_Tie_Siann_Tsap_Ngou_Im > （嬌）部上去聲,274
liòu,官,柳嬌切,官同官,004_Tie_Siann_Tsap_Ngou_Im > （嬌）部上去聲,274
liòu,婭,柳嬌切,部下平聲,004_Tie_Siann_Tsap_Ngou_Im > （嬌）部上去聲,274
liòu,僚,柳嬌切,同上朋,004_Tie_Siann_Tsap_Ngou_Im > （嬌）部上去聲,274
liòu,寥,柳嬌切,無寥落寞寥,004_Tie_Siann_Tsap_Ngou_Im > （嬌）部上去聲,274
liòu,遼,柳嬌切,名遼界遼西地,004_Tie_Siann_Tsap_Ngou_Im > （嬌）部上去聲,274
liòu,名,柳嬌切,又達也,004_Tie_Siann_Tsap_Ngou_Im > （嬌）部上去聲,274
liòu,奈,柳嬌切,姓也,004_Tie_Siann_Tsap_Ngou_Im > （嬌）部上去聲,274
liòu,嫁,柳嬌切,戲也,004_Tie_Siann_Tsap_Ngou_Im > （嬌）部上去聲,274
liòu,聊,柳嬌切,語助辭又,004_Tie_Siann_Tsap_Ngou_Im > （嬌）部上去聲,274
liòu,聊,柳嬌切,令全義聊,004_Tie_Siann_Tsap_Ngou_Im > （嬌）部上去聲,274
liòu,燦,柳嬌切,放大也,004_Tie_Siann_Tsap_Ngou_Im > （嬌）部上去聲,274
liòu,廖,柳嬌切,始病也,004_Tie_Siann_Tsap_Ngou_Im > （嬌）部上去聲,274
liòu,琴,柳嬌切,高飛,004_Tie_Siann_Tsap_Ngou_Im > （嬌）部上去聲,274
liòu,撩,柳嬌切,理也取物,004_Tie_Siann_Tsap_Ngou_Im > （嬌）部上去聲,274
liòu,也,柳嬌切,抚弄也,004_Tie_Siann_Tsap_Ngou_Im > （嬌）部上去聲,274
liòu,瞭,柳嬌切,名五名圖,004_Tie_Siann_Tsap_Ngou_Im > （嬌）部上去聲,274
liòu,樣,柳嬌切,也樣着,004_Tie_Siann_Tsap_Ngou_Im > （嬌）部上去聲,274
liòu,鍊,柳嬌切,刑夫刑,004_Tie_Siann_Tsap_Ngou_Im > （嬌）部上去聲,274
liòu,撖,柳嬌切,撖理之,004_Tie_Siann_Tsap_Ngou_Im > （嬌）部上去聲,274
liòu,慘,柳嬌切,悲恨也,004_Tie_Siann_Tsap_Ngou_Im > （嬌）部上去聲,274
liòu,脊,柳嬌切,用脊,004_Tie_Siann_Tsap_Ngou_Im > （嬌）部上去聲,274
liòu,鶴,柳嬌切,者鳥名雄,004_Tie_Siann_Tsap_Ngou_Im > （嬌）部上去聲,274
liòu,善,柳嬌切,鬥,004_Tie_Siann_Tsap_Ngou_Im > （嬌）部上去聲,274
liām,指,柳兼切,攔婦人慈行者從以 俗謂婦人之廝曰指,004_Tie_Siann_Tsap_Ngou_Im > （兼）部下去聲,93
liām,粒,柳兼切,穀類皆曰粒 果粒木粒,004_Tie_Siann_Tsap_Ngou_Im > （兼）部下去聲,94
liān,健,柳堅切,雙生 連子也,004_Tie_Siann_Tsap_Ngou_Im > （堅）部下去聲,128
liān,求,柳堅切,見 求節求引求廣求,004_Tie_Siann_Tsap_Ngou_Im > （堅）部下去聲,128
liān,列,柳堅切,分布也行,004_Tie_Siann_Tsap_Ngou_Im > （堅）部下去聲,130
liān,次,柳堅切,也行次,004_Tie_Siann_Tsap_Ngou_Im > （堅）部下去聲,130
liān,列,柳堅切,濺列栽,004_Tie_Siann_Tsap_Ngou_Im > （堅）部下去聲,130
liān,列,柳堅切,烈火列,004_Tie_Siann_Tsap_Ngou_Im > （堅）部下去聲,130
liān,性,柳堅切,性猛,004_Tie_Siann_Tsap_Ngou_Im > （堅）部下去聲,130
liān,列,柳堅切,冷也,004_Tie_Siann_Tsap_Ngou_Im > （堅）部下去聲,130
liān,水,柳堅切,清而,004_Tie_Siann_Tsap_Ngou_Im > （堅）部下去聲,130
liān,略,柳堅切,船略盛略,004_Tie_Siann_Tsap_Ngou_Im > （堅）部下去聲,130
liān,簡,柳堅切,佫神名,004_Tie_Siann_Tsap_Ngou_Im > （堅）部下去聲,130
liān,駿,柳堅切,馬駛駿,004_Tie_Siann_Tsap_Ngou_Im > （堅）部下去聲,130
liān,長,柳堅切,長馬曰長,004_Tie_Siann_Tsap_Ngou_Im > （堅）部下去聲,130
liũ,諺,柳鳩切,誤也荒諺諺丈,004_Tie_Siann_Tsap_Ngou_Im > （鳩）部下上聲,236
li̍h,裂,柳基切,裂破敗也,004_Tie_Siann_Tsap_Ngou_Im > （基）部下入聲,113
li̍p,立,柳金切,位置也監立,004_Tie_Siann_Tsap_Ngou_Im > （金）部下入聲,52
li̍p,行,柳金切,卜,004_Tie_Siann_Tsap_Ngou_Im > （金）部下入聲,52
li̍p,雞,柳金切,同德,004_Tie_Siann_Tsap_Ngou_Im > （金）部下入聲,53
li̍p,禽,柳金切,也,004_Tie_Siann_Tsap_Ngou_Im > （金）部下入聲,53
li̍p,市,柳金切,道也,004_Tie_Siann_Tsap_Ngou_Im > （金）部下入聲,53
li̍p,堂,柳金切,級玉,004_Tie_Siann_Tsap_Ngou_Im > （金）部下入聲,53
li̍p,同,柳金切,上,004_Tie_Siann_Tsap_Ngou_Im > （金）部下入聲,53
li̍p,力,柳金切,俱也,004_Tie_Siann_Tsap_Ngou_Im > （金）部下入聲,53
li̍p,偕,柳金切,茲,004_Tie_Siann_Tsap_Ngou_Im > （金）部下入聲,53
lng,姓,柳扛切,也,004_Tie_Siann_Tsap_Ngou_Im > （扛）部上平聲,284
lng,女,柳扛切,男 女 子 又星宿也,004_Tie_Siann_Tsap_Ngou_Im > （扛）部上平聲,286
lng,顢,柳扛切,柔皮曰,004_Tie_Siann_Tsap_Ngou_Im > （扛）部上平聲,286
lng,愰,柳扛切,柔弱,004_Tie_Siann_Tsap_Ngou_Im > （扛）部上平聲,286
lng,頼,柳扛切,柔 頼 又兵頼同,004_Tie_Siann_Tsap_Ngou_Im > （扛）部上平聲,286
lng,稜,柳扛切,衣縫也,004_Tie_Siann_Tsap_Ngou_Im > （扛）部上平聲,286
lng,皺,柳扛切,也柔皮,004_Tie_Siann_Tsap_Ngou_Im > （扛）部上平聲,286
ln̄g,鈴,柳扛切,銅－馬尾－,004_Tie_Siann_Tsap_Ngou_Im > （扛）部下去聲,290
ln̄g,又,柳扛切,－印圈事也,004_Tie_Siann_Tsap_Ngou_Im > （扛）部下去聲,290
ln̍gh,啟,柳扛切,捕啟,004_Tie_Siann_Tsap_Ngou_Im > （扛）部下入聲,293
ln̍gh,又,柳扛切,又豆又家也墨也,004_Tie_Siann_Tsap_Ngou_Im > （扛）部下入聲,293
ln̍gh,昕,柳扛切,獨登,004_Tie_Siann_Tsap_Ngou_Im > （扛）部下入聲,293
ln̍gh,同,柳扛切,上又田,004_Tie_Siann_Tsap_Ngou_Im > （扛）部下入聲,293
ln̍gh,中,柳扛切,高地也,004_Tie_Siann_Tsap_Ngou_Im > （扛）部下入聲,293
lo,贏,柳歌切,同上亦,004_Tie_Siann_Tsap_Ngou_Im > （歌）部上平聲,188
lo,女,柳歌切,待也,004_Tie_Siann_Tsap_Ngou_Im > （歌）部上平聲,188
lo,蚌,柳歌切,蚌青,004_Tie_Siann_Tsap_Ngou_Im > （歌）部上平聲,188
lo,磁,柳歌切,出,004_Tie_Siann_Tsap_Ngou_Im > （歌）部上平聲,188
lo,葉,柳歌切,名榊,004_Tie_Siann_Tsap_Ngou_Im > （歌）部上平聲,188
loh,盧,柳姑切,鼠大畜,004_Tie_Siann_Tsap_Ngou_Im > （姑）部上入聲,81
loh,煙,柳姑切,也又姓,004_Tie_Siann_Tsap_Ngou_Im > （姑）部上入聲,81
loh,爐,柳姑切,治大風,004_Tie_Siann_Tsap_Ngou_Im > （姑）部上入聲,81
loh,香,柳姑切,同,004_Tie_Siann_Tsap_Ngou_Im > （姑）部上入聲,81
loh,炉,柳姑切,俗寫同上,004_Tie_Siann_Tsap_Ngou_Im > （姑）部上入聲,81
loh,鰆,柳姑切,魚名巨,004_Tie_Siann_Tsap_Ngou_Im > （姑）部上入聲,81
loh,細,柳姑切,鱗之異,004_Tie_Siann_Tsap_Ngou_Im > （姑）部上入聲,81
loh,鑪,柳姑切,容五金,004_Tie_Siann_Tsap_Ngou_Im > （姑）部上入聲,81
loh,鑪,柳姑切,同上治,004_Tie_Siann_Tsap_Ngou_Im > （姑）部上入聲,81
loh,化,柳姑切,金玉也,004_Tie_Siann_Tsap_Ngou_Im > （姑）部上入聲,81
loh,蘆,柳姑切,也萩草,004_Tie_Siann_Tsap_Ngou_Im > （姑）部上入聲,81
loih,來,柳雞切,英又凡是皆有來又單賣也,004_Tie_Siann_Tsap_Ngou_Im > （雞）部上入聲,57
loi̍h,笠,柳雞切,竹笠葵笠葵之上者曰笠藤笠,004_Tie_Siann_Tsap_Ngou_Im > （雞）部下入聲,61
loi̍h,箬,柳雞切,同上,004_Tie_Siann_Tsap_Ngou_Im > （雞）部下入聲,61
loi̍h,鈴,柳雞切,含鈴撥之則響也為有鈴,004_Tie_Siann_Tsap_Ngou_Im > （雞）部下入聲,62
lo̍h,失,柳歌切,失自上而下曰失各失,004_Tie_Siann_Tsap_Ngou_Im > （歌）部下入聲,196
lo̍h,而,柳歌切,高大,004_Tie_Siann_Tsap_Ngou_Im > （歌）部下入聲,196
lo̍k,解,柳公切,斜解拔斗 方解員也,004_Tie_Siann_Tsap_Ngou_Im > （公）部下入聲,76
lo̍k,鮮,柳公切,石鮮藥,004_Tie_Siann_Tsap_Ngou_Im > （公）部下入聲,76
lo̍k,姑,柳公切,部上平聲,004_Tie_Siann_Tsap_Ngou_Im > （公）部下入聲,76
lu,木,柳龜切,木者不銳,004_Tie_Siann_Tsap_Ngou_Im > （龜）部上平聲,307
luah,魚,柳⿴囗瓜切,煎粿曰魚俗謂煎魚曰魚魚粿,004_Tie_Siann_Tsap_Ngou_Im > （⿴囗瓜）部上入聲,241
luah,轆,柳⿴囗瓜切,轆轆事之不易了者顧多軲轆,004_Tie_Siann_Tsap_Ngou_Im > （⿴囗瓜）部上入聲,241
luak,又,柳光切,等也短垣也,004_Tie_Siann_Tsap_Ngou_Im > （光）部上入聲,202
luak,也,柳光切,摳取,004_Tie_Siann_Tsap_Ngou_Im > （光）部上入聲,202
luak,決,柳光切,水流曰決 又守決斷也 又訣 臨別贈言曰決 別又法也 廓 城決又開也 虛也廣大也 榔 棺決宜榔 又檸同 眙 目視也 又恕視 玦 玉決佩玉 如瑗,004_Tie_Siann_Tsap_Ngou_Im > （光）部上入聲,203
luak,括,柳光切,以手取物曰括 裹括色括 大 卦目 眈 目謀也 鄰 也 去毛皮 駅 馬也括騾良 刮 剮也稻把也 鵑 名為五月始鳴 括名伯労,004_Tie_Siann_Tsap_Ngou_Im > （光）部上入聲,203
luak,話,柳光切,聲援,004_Tie_Siann_Tsap_Ngou_Im > （光）部上入聲,203
luak,摑,柳光切,以迎及遠也摑元以小及大,004_Tie_Siann_Tsap_Ngou_Im > （光）部上入聲,203
luak,撥,柳光切,掀開又轉也 發也除也 潑 流也散 禊 雨具,004_Tie_Siann_Tsap_Ngou_Im > （光）部上入聲,203
luak,拙,柳光切,鈍而不利曰拙 守拙工拙 佾 短促 吰 拙怪事 又相謂也 茁 肥貌如牛 羊拙壯 出 拙音枇雪花 飛六作枇,004_Tie_Siann_Tsap_Ngou_Im > （光）部上入聲,203
luak,朝,柳光切,每月初朝日為朝 朝望朝風合朝,004_Tie_Siann_Tsap_Ngou_Im > （光）部上入聲,203
luak,槳,柳光切,矛也曹操模槳 賦詩又募槳,004_Tie_Siann_Tsap_Ngou_Im > （光）部上入聲,203
luak,若,柳光切,車四馬八－與鑾之至貴者鸞禽鳥,004_Tie_Siann_Tsap_Ngou_Im > （光）部上入聲,204
luak,鑾,柳光切,山－頭山之峯,004_Tie_Siann_Tsap_Ngou_Im > （光）部上入聲,204
luak,層,柳光切,－層,004_Tie_Siann_Tsap_Ngou_Im > （光）部上入聲,204
luak,木,柳光切,木稠木之貴者青葉黃,004_Tie_Siann_Tsap_Ngou_Im > （光）部上入聲,204
luak,巾,柳光切,帶也,004_Tie_Siann_Tsap_Ngou_Im > （光）部上入聲,204
luang,暖,柳光切,溫和之氣也日暖彼暖媛 火氣溫和日暖饒 暖的乗事饒 女嫁三日送食曰暖,004_Tie_Siann_Tsap_Ngou_Im > （光）部上平聲,200
lua̍k,洋,柳光切,人多用銅洋即,004_Tie_Siann_Tsap_Ngou_Im > （光）部下入聲,212
lua̍k,銅,柳光切,錢而無孔也,004_Tie_Siann_Tsap_Ngou_Im > （光）部下入聲,212
lue,鳥,柳瓜切,乘風而起曰,004_Tie_Siann_Tsap_Ngou_Im > （瓜）部上平聲,339
lue,庭,柳瓜切,自藤上為庭内為條為葛,004_Tie_Siann_Tsap_Ngou_Im > （瓜）部上平聲,339
luih,釗,柳歸切,也罪也曲也止也飛,004_Tie_Siann_Tsap_Ngou_Im > （歸）部上入聲,220
luih,胎,柳歸切,官曰－,004_Tie_Siann_Tsap_Ngou_Im > （歸）部上入聲,220
luih,軍,柳歸切,－波－,004_Tie_Siann_Tsap_Ngou_Im > （歸）部上入聲,220
luih,也,柳歸切,鶴鳴,004_Tie_Siann_Tsap_Ngou_Im > （歸）部上入聲,220
lun,腀,柳君切,肥腀貌豐 頸短曰腀,004_Tie_Siann_Tsap_Ngou_Im > （君）部上平聲,5
lut,脱,柳君切,俗如果之熟曰脱蒂 用其義也,004_Tie_Siann_Tsap_Ngou_Im > （君）部上入聲,11
luân,欄,柳官切,牛－關－,004_Tie_Siann_Tsap_Ngou_Im > （官）部下平聲,142
luân,攔,柳官切,阻曰－－限,004_Tie_Siann_Tsap_Ngou_Im > （官）部下平聲,142
luân,欄,柳官切,牆之所也,004_Tie_Siann_Tsap_Ngou_Im > （官）部下平聲,142
luân,盤,柳官切,大禮曰有五寸－大通－,004_Tie_Siann_Tsap_Ngou_Im > （官）部下平聲,142
luân,盤,柳官切,三寸－大通－,004_Tie_Siann_Tsap_Ngou_Im > （官）部下平聲,142
luân,盤,柳官切,銀－五－有金－,004_Tie_Siann_Tsap_Ngou_Im > （官）部下平聲,142
luân,寒,柳官切,冷善曰－即俟,004_Tie_Siann_Tsap_Ngou_Im > （官）部下平聲,142
luân,有,柳官切,大－小－,004_Tie_Siann_Tsap_Ngou_Im > （官）部下平聲,142
luân,柳,柳官切,淀口中之液,004_Tie_Siann_Tsap_Ngou_Im > （官）部下平聲,143
luāng,戀,柳光切,蛇瓶之赤也,004_Tie_Siann_Tsap_Ngou_Im > （光）部下去聲,209
luāng,心,柳光切,－休－,004_Tie_Siann_Tsap_Ngou_Im > （光）部下去聲,209
luāng,繾,柳光切,士同,004_Tie_Siann_Tsap_Ngou_Im > （光）部下去聲,209
luāng,卵,柳光切,－生禽鳥,004_Tie_Siann_Tsap_Ngou_Im > （光）部下去聲,209
luāng,變,柳光切,文也,004_Tie_Siann_Tsap_Ngou_Im > （光）部下去聲,209
luāng,戀,柳光切,子 双庭也,004_Tie_Siann_Tsap_Ngou_Im > （光）部下去聲,209
luāng,忭,柳光切,性急,004_Tie_Siann_Tsap_Ngou_Im > （光）部下去聲,210
luāng,仇,柳光切,征也相薄,004_Tie_Siann_Tsap_Ngou_Im > （光）部下去聲,210
luāng,也,柳光切,相輕也,004_Tie_Siann_Tsap_Ngou_Im > （光）部下去聲,210
luāng,泛,柳光切,昇泛宅泛湖,004_Tie_Siann_Tsap_Ngou_Im > （光）部下去聲,210
luāng,泥,柳光切,濫 同上泥,004_Tie_Siann_Tsap_Ngou_Im > （光）部下去聲,210
luāng,瑛,柳光切,玉有彩,004_Tie_Siann_Tsap_Ngou_Im > （光）部下去聲,210
luāng,色,柳光切,也,004_Tie_Siann_Tsap_Ngou_Im > （光）部下去聲,210
luāng,淡,柳光切,淡水,004_Tie_Siann_Tsap_Ngou_Im > （光）部下去聲,210
luāng,咸,柳光切,哦,004_Tie_Siann_Tsap_Ngou_Im > （光）部下去聲,210
luāng,坂,柳光切,坡坪也,004_Tie_Siann_Tsap_Ngou_Im > （光）部下去聲,210
luāng,吸,柳光切,田吉,004_Tie_Siann_Tsap_Ngou_Im > （光）部下去聲,210
lài,以,柳皆切,銀取息曰收以又廿四,004_Tie_Siann_Tsap_Ngou_Im > （皆）部上去聲,148
lài,山,柳皆切,邊作有利無利,004_Tie_Siann_Tsap_Ngou_Im > （皆）部上去聲,148
làm,口,柳甘切,口俗謂厲揉人,004_Tie_Siann_Tsap_Ngou_Im > （甘）部上去聲,333
làm,南,柳甘切,蘇州屬大於時,004_Tie_Siann_Tsap_Ngou_Im > （甘）部上去聲,334
làm,為,柳甘切,受與他相對 男 剛強為－柔順為,004_Tie_Siann_Tsap_Ngou_Im > （甘）部上去聲,334
làm,女,柳甘切,－子又－爵,004_Tie_Siann_Tsap_Ngou_Im > （甘）部上去聲,334
làm,伃,柳甘切,同上陽為,004_Tie_Siann_Tsap_Ngou_Im > （甘）部上去聲,334
làm,蝴,柳甘切,蝶山多－木 嵐 山之霧也,004_Tie_Siann_Tsap_Ngou_Im > （甘）部上去聲,334
làm,山,柳甘切,－,004_Tie_Siann_Tsap_Ngou_Im > （甘）部上去聲,334
làm,濫,柳甘切,洪水橫流,004_Tie_Siann_Tsap_Ngou_Im > （甘）部上去聲,336
làm,噎,柳甘切,病令也,004_Tie_Siann_Tsap_Ngou_Im > （甘）部上去聲,336
làm,嫋,柳甘切,叟也,004_Tie_Siann_Tsap_Ngou_Im > （甘）部上去聲,336
làu,溺,柳高切,木清白溺又,004_Tie_Siann_Tsap_Ngou_Im > （高）部上去聲,34
làu,支,柳高切,更支洑支,004_Tie_Siann_Tsap_Ngou_Im > （高）部上去聲,34
làu,開,柳高切,雞腸人的,004_Tie_Siann_Tsap_Ngou_Im > （高）部上去聲,34
làu,開,柳高切,同上俗游,004_Tie_Siann_Tsap_Ngou_Im > （高）部上去聲,34
làu,成,柳高切,曰熬成,004_Tie_Siann_Tsap_Ngou_Im > （高）部上去聲,34
làu,淖,柳高切,山兒淖和,004_Tie_Siann_Tsap_Ngou_Im > （高）部上去聲,34
làu,橇,柳高切,折此也推,004_Tie_Siann_Tsap_Ngou_Im > （高）部上去聲,34
làu,屆,柳高切,兩牙居曰,004_Tie_Siann_Tsap_Ngou_Im > （高）部上去聲,34
lâi,來,柳皆切,古往今來末,004_Tie_Siann_Tsap_Ngou_Im > （皆）部下平聲,149
lâi,有,柳皆切,者后有,004_Tie_Siann_Tsap_Ngou_Im > （皆）部下平聲,149
lâi,萊,柳皆切,草也荒,004_Tie_Siann_Tsap_Ngou_Im > （皆）部下平聲,149
lâi,田,柳皆切,也,004_Tie_Siann_Tsap_Ngou_Im > （皆）部下平聲,149
lâi,驛,柳皆切,牝馬又馬,004_Tie_Siann_Tsap_Ngou_Im > （皆）部下平聲,149
lâi,高,柳皆切,七尺也,004_Tie_Siann_Tsap_Ngou_Im > （皆）部下平聲,149
lâi,來,柳皆切,同去來辭又,004_Tie_Siann_Tsap_Ngou_Im > （皆）部下平聲,149
lâi,事,柳皆切,曰將事,004_Tie_Siann_Tsap_Ngou_Im > （皆）部下平聲,149
lâi,徠,柳皆切,答天動難,004_Tie_Siann_Tsap_Ngou_Im > （皆）部下平聲,149
lâi,其,柳皆切,劳也,004_Tie_Siann_Tsap_Ngou_Im > （皆）部下平聲,149
lâi,徕,柳皆切,同上又,004_Tie_Siann_Tsap_Ngou_Im > （皆）部下平聲,149
lâi,秣,柳皆切,小孝也,004_Tie_Siann_Tsap_Ngou_Im > （皆）部下平聲,149
lâi,梨,柳皆切,果名沙梨,004_Tie_Siann_Tsap_Ngou_Im > （皆）部下平聲,149
lâi,峽,柳皆切,山名其,004_Tie_Siann_Tsap_Ngou_Im > （皆）部下平聲,149
lâi,陽,柳皆切,多叁,004_Tie_Siann_Tsap_Ngou_Im > （皆）部下平聲,149
lâi,賴,柳皆切,依賴記賴全賴又無賴湯子也 （求）,004_Tie_Siann_Tsap_Ngou_Im > （皆）部下平聲,151
lâng,關,柳江切,關曲關阻關不便路阻日,004_Tie_Siann_Tsap_Ngou_Im > （江）部下平聲,253
lâng,瀾,柳江切,湧水遇風則起 波曰浪,004_Tie_Siann_Tsap_Ngou_Im > （江）部下平聲,253
lâng,欄,柳江切,欄橫橫欄曲欄傳欄,004_Tie_Siann_Tsap_Ngou_Im > （江）部下平聲,253
lâng,蘭,柳江切,香草也 桂芝蘭,004_Tie_Siann_Tsap_Ngou_Im > （江）部下平聲,253
lâng,幔,柳江切,衣與裳 邊曰幔,004_Tie_Siann_Tsap_Ngou_Im > （江）部下平聲,253
lâng,躙,柳江切,諭也 郎千又,004_Tie_Siann_Tsap_Ngou_Im > （江）部下平聲,253
lâng,閬,柳江切,高門也 苑又,004_Tie_Siann_Tsap_Ngou_Im > （江）部下平聲,253
lâng,狼,柳江切,狼虎狼財,004_Tie_Siann_Tsap_Ngou_Im > （江）部下平聲,253
lâng,娘,柳江切,螢娘又 名媳娘,004_Tie_Siann_Tsap_Ngou_Im > （江）部下平聲,253
lâng,浪,柳江切,滔浪水,004_Tie_Siann_Tsap_Ngou_Im > （江）部下平聲,253
lâng,難,柳江切,不易也 厭難甚難,004_Tie_Siann_Tsap_Ngou_Im > （江）部下平聲,253
lâng,龍,柳江切,罩也矣 龍鳥龍灯,004_Tie_Siann_Tsap_Ngou_Im > （江）部下平聲,253
lâng,聾,柳江切,耳不達 胱曰聾,004_Tie_Siann_Tsap_Ngou_Im > （江）部下平聲,253
lâng,龐,柳江切,竹塞龐本龐 橦容眾來曰龐,004_Tie_Siann_Tsap_Ngou_Im > （江）部下平聲,253
lâng,粮,柳江切,草也,004_Tie_Siann_Tsap_Ngou_Im > （江）部下平聲,253
lâng,人,柳江切,為萬物之靈 三才之人,004_Tie_Siann_Tsap_Ngou_Im > （江）部下平聲,253
lâng,簡,柳江切,也矢袋,004_Tie_Siann_Tsap_Ngou_Im > （江）部下平聲,253
lâng,膿,柳江切,膿血疽潰 膿出矣,004_Tie_Siann_Tsap_Ngou_Im > （江）部下平聲,253
lâng,欄,柳江切,欄粧阻,004_Tie_Siann_Tsap_Ngou_Im > （江）部下平聲,253
lâng,襴,柳江切,衣衫也,004_Tie_Siann_Tsap_Ngou_Im > （江）部下平聲,253
lâng,廊,柳江切,曰廊庭之兩無 也廂也,004_Tie_Siann_Tsap_Ngou_Im > （江）部下平聲,253
lâng,零,柳江切,不成數曰零 零星零數,004_Tie_Siann_Tsap_Ngou_Im > （江）部下平聲,253
lâng,琅,柳江切,又髀也 琅邪邪名,004_Tie_Siann_Tsap_Ngou_Im > （江）部下平聲,253
lâng,葉,柳江切,養畜者 曰葉,004_Tie_Siann_Tsap_Ngou_Im > （江）部下平聲,253
lâng,囊,柳江切,囊索囊底曰囊 索囊有底曰囊 名媳囊,004_Tie_Siann_Tsap_Ngou_Im > （江）部下平聲,253
lâng,馮,柳江切,島行疾也又姓,004_Tie_Siann_Tsap_Ngou_Im > （江）部下平聲,254
lâng,又,柳江切,來也登也,004_Tie_Siann_Tsap_Ngou_Im > （江）部下平聲,254
lâng,筒,柳江切,筒閭筒,004_Tie_Siann_Tsap_Ngou_Im > （江）部下平聲,254
lâng,金,柳江切,金玉金,004_Tie_Siann_Tsap_Ngou_Im > （江）部下平聲,254
lâu,老,柳高切,年高者曰 －－大,004_Tie_Siann_Tsap_Ngou_Im > （高）部下平聲,38
lâu,漏,柳高切,如水自上流下,004_Tie_Siann_Tsap_Ngou_Im > （高）部下平聲,40
lâu,曰,柳高切,－水－油－,004_Tie_Siann_Tsap_Ngou_Im > （高）部下平聲,40
lâu,告,柳高切,知客也,004_Tie_Siann_Tsap_Ngou_Im > （高）部下平聲,40
lâu,也,柳高切,－知客也－斷－達到以－此也 詰令－封紳－贈納－,004_Tie_Siann_Tsap_Ngou_Im > （高）部下平聲,40
lãng,弄,柳江切,玩弄弄五,004_Tie_Siann_Tsap_Ngou_Im > （江）部下上聲,256
lãng,浪,柳江切,波狂曰浪,004_Tie_Siann_Tsap_Ngou_Im > （江）部下上聲,256
lãng,水,柳江切,湧也,004_Tie_Siann_Tsap_Ngou_Im > （江）部下上聲,256
lãng,侫,柳江切,愿惹,004_Tie_Siann_Tsap_Ngou_Im > （江）部下上聲,256
lãng,朗,柳江切,月朗明朗,004_Tie_Siann_Tsap_Ngou_Im > （江）部下上聲,256
lãng,先,柳江切,也,004_Tie_Siann_Tsap_Ngou_Im > （江）部下上聲,256
lãng,帚,柳江切,男子之隂具,004_Tie_Siann_Tsap_Ngou_Im > （江）部下上聲,256
lãng,也,柳江切,厯音廉全,004_Tie_Siann_Tsap_Ngou_Im > （江）部下上聲,256
lãng,潮,柳江切,俗不抆之所 曰潮陳之潮,004_Tie_Siann_Tsap_Ngou_Im > （江）部下上聲,257
lãng,放,柳江切,走放生散,004_Tie_Siann_Tsap_Ngou_Im > （江）部下上聲,257
lãng,粉,柳江切,粉打粉推,004_Tie_Siann_Tsap_Ngou_Im > （江）部下上聲,257
lãng,枚,柳江切,枚师也枚谓,004_Tie_Siann_Tsap_Ngou_Im > （江）部下上聲,257
lãng,六,柳江切,數目又天下曰合,004_Tie_Siann_Tsap_Ngou_Im > （江）部下上聲,259
lãng,力,柳江切,彰力智力壓力,004_Tie_Siann_Tsap_Ngou_Im > （江）部下上聲,259
lãng,樂,柳江切,永樂喜樂長樂,004_Tie_Siann_Tsap_Ngou_Im > （江）部下上聲,259
lãng,陸,柳江切,數目兵六道,004_Tie_Siann_Tsap_Ngou_Im > （江）部下上聲,259
lèⁿ,坽,柳庚切,俗田之並形長者曰,004_Tie_Siann_Tsap_Ngou_Im > （庚）部上去聲,225
lèⁿ,長,柳庚切,長又有東長西長,004_Tie_Siann_Tsap_Ngou_Im > （庚）部上去聲,225
lê,把,柳家切,奚棹,004_Tie_Siann_Tsap_Ngou_Im > （家）部下平聲,25
lê,枇,柳家切,棹,004_Tie_Siann_Tsap_Ngou_Im > （家）部下平聲,25
lê,柿,柳家切,爾勾,004_Tie_Siann_Tsap_Ngou_Im > （家）部下平聲,25
lê,琶,柳家切,苔棹,004_Tie_Siann_Tsap_Ngou_Im > （家）部下平聲,25
lê,爬,柳家切,林也,004_Tie_Siann_Tsap_Ngou_Im > （家）部下平聲,25
lê,耙,柳家切,夫棹田,004_Tie_Siann_Tsap_Ngou_Im > （家）部下平聲,25
lì,例,柳基切,凡則新,004_Tie_Siann_Tsap_Ngou_Im > （基）部上去聲,101
lì,有,柳基切,俗曰,004_Tie_Siann_Tsap_Ngou_Im > （基）部上去聲,101
lì,吏,柳基切,所以治人者曰官曰官,004_Tie_Siann_Tsap_Ngou_Im > （基）部上去聲,101
lì,倒,柳基切,行不如此則曰,004_Tie_Siann_Tsap_Ngou_Im > （基）部上去聲,101
lì,裡,柳基切,鄙俗曰,004_Tie_Siann_Tsap_Ngou_Im > （基）部上去聲,101
lì,哩,柳基切,也語辭,004_Tie_Siann_Tsap_Ngou_Im > （基）部上去聲,101
lì,更,柳基切,同上,004_Tie_Siann_Tsap_Ngou_Im > （基）部上去聲,101
lî,离,柳基切,遠而去之曰 离五离,004_Tie_Siann_Tsap_Ngou_Im > （基）部下平聲,104
lî,黎,柳基切,黎民黎庶黎明黑髮之 民曰民夫府時時明,004_Tie_Siann_Tsap_Ngou_Im > （基）部下平聲,104
lî,狸,柳基切,狐狸善益 而多能,004_Tie_Siann_Tsap_Ngou_Im > （基）部下平聲,104
lî,麗,柳基切,又釋也曰分視也 高國名及東名彙也,004_Tie_Siann_Tsap_Ngou_Im > （基）部下平聲,104
lî,貍,柳基切,狐貍皮可作衣也,004_Tie_Siann_Tsap_Ngou_Im > （基）部下平聲,104
lî,离,柳基切,同上相离分离別离 竹离國 离束离,004_Tie_Siann_Tsap_Ngou_Im > （基）部下平聲,104
lî,璃,柳基切,硬璃似石而 能透明,004_Tie_Siann_Tsap_Ngou_Im > （基）部下平聲,104
lî,噶,柳基切,言不止也,004_Tie_Siann_Tsap_Ngou_Im > （基）部下平聲,104
lî,厘,柳基切,十毫曰厘 毫厘微也,004_Tie_Siann_Tsap_Ngou_Im > （基）部下平聲,104
lî,接,柳基切,迎接承接相接交接 以手承物曰接,004_Tie_Siann_Tsap_Ngou_Im > （基）部下平聲,104
lî,鐵,柳基切,同上刀劍可作戰具曰鐵,004_Tie_Siann_Tsap_Ngou_Im > （基）部下平聲,104
lî,折,柳基切,準折折實折歲 三四折或八九折,004_Tie_Siann_Tsap_Ngou_Im > （基）部下平聲,104
lî,噇,柳基切,佛經也,004_Tie_Siann_Tsap_Ngou_Im > （基）部下平聲,104
lî,聾,柳基切,獨聾金聾扃,004_Tie_Siann_Tsap_Ngou_Im > （基）部下平聲,104
lî,蔡,柳基切,蔡民蔡庶蔡明黑髮之 民曰民夫府時時明,004_Tie_Siann_Tsap_Ngou_Im > （基）部下平聲,104
lî,鶴,柳基切,黃鶴鳥,004_Tie_Siann_Tsap_Ngou_Im > （基）部下平聲,105
lî,鷹,柳基切,黑駿曰鷹送別曰鷹歌,004_Tie_Siann_Tsap_Ngou_Im > （基）部下平聲,105
lî,攜,柳基切,舒也布也發也,004_Tie_Siann_Tsap_Ngou_Im > （基）部下平聲,105
lî,霾,柳基切,陰霾晦也寒霧也,004_Tie_Siann_Tsap_Ngou_Im > （基）部下平聲,105
lî,四,柳基切,惟 遭乜憂,004_Tie_Siann_Tsap_Ngou_Im > （基）部下平聲,105
lî,魑,柳基切,山中之離也,004_Tie_Siann_Tsap_Ngou_Im > （基）部下平聲,105
lî,瞒,柳基切,慰觀瞒,004_Tie_Siann_Tsap_Ngou_Im > （基）部下平聲,105
lî,蝎,柳基切,龍無角也,004_Tie_Siann_Tsap_Ngou_Im > （基）部下平聲,105
lî,蔡,柳基切,林也又順風也,004_Tie_Siann_Tsap_Ngou_Im > （基）部下平聲,105
lî,楚,柳基切,婚無夫,004_Tie_Siann_Tsap_Ngou_Im > （基）部下平聲,105
lî,淒,柳基切,也,004_Tie_Siann_Tsap_Ngou_Im > （基）部下平聲,105
lî,妮,柳基切,呼婦曰妮子,004_Tie_Siann_Tsap_Ngou_Im > （基）部下平聲,105
lî,妮,柳基切,慚色,004_Tie_Siann_Tsap_Ngou_Im > （基）部下平聲,105
lî,尼,柳基切,文僧也又北古白仲尼,004_Tie_Siann_Tsap_Ngou_Im > （基）部下平聲,105
lî,泥,柳基切,塗土源而潤曰泥,004_Tie_Siann_Tsap_Ngou_Im > （基）部下平聲,105
lî,年,柳基切,年歲曰年手十二月,004_Tie_Siann_Tsap_Ngou_Im > （基）部下平聲,105
lî,脾,柳基切,胃是之經絡也,004_Tie_Siann_Tsap_Ngou_Im > （基）部下平聲,105
lî,碰,柳基切,踫碰击,004_Tie_Siann_Tsap_Ngou_Im > （基）部下平聲,105
lî,碰,柳基切,毒藥,004_Tie_Siann_Tsap_Ngou_Im > （基）部下平聲,105
lî,琵,柳基切,弦琵琶樂也,004_Tie_Siann_Tsap_Ngou_Im > （基）部下平聲,105
lî,枕,柳基切,木也枕枕承,004_Tie_Siann_Tsap_Ngou_Im > （基）部下平聲,105
lî,吡,柳基切,明也厚也輔也,004_Tie_Siann_Tsap_Ngou_Im > （基）部下平聲,105
lî,枇,柳基切,果也不成之,004_Tie_Siann_Tsap_Ngou_Im > （基）部下平聲,105
lî,棋,柳基切,之杆升棋杆升棋,004_Tie_Siann_Tsap_Ngou_Im > （基）部下平聲,105
lî,碁,柳基切,象闖碁,004_Tie_Siann_Tsap_Ngou_Im > （基）部下平聲,105
lî,旗,柳基切,雄旗戰旗,004_Tie_Siann_Tsap_Ngou_Im > （基）部下平聲,105
lî,旃,柳基切,会也同上,004_Tie_Siann_Tsap_Ngou_Im > （基）部下平聲,105
lî,祈,柳基切,同上摸也,004_Tie_Siann_Tsap_Ngou_Im > （基）部下平聲,105
lî,其,柳基切,指物之,004_Tie_Siann_Tsap_Ngou_Im > （基）部下平聲,105
lî,刀,柳基切,宣上刀煞乎然,004_Tie_Siann_Tsap_Ngou_Im > （基）部下平聲,105
lî,期,柳基切,期限約,004_Tie_Siann_Tsap_Ngou_Im > （基）部下平聲,105
lî,淇,柳基切,水名淇,004_Tie_Siann_Tsap_Ngou_Im > （基）部下平聲,105
lî,奇,柳基切,某也出最也别也,004_Tie_Siann_Tsap_Ngou_Im > （基）部下平聲,105
lî,俱,柳基切,首宦也其,004_Tie_Siann_Tsap_Ngou_Im > （基）部下平聲,105
lî,沂,柳基切,浴乎沂十洲之浸,004_Tie_Siann_Tsap_Ngou_Im > （基）部下平聲,105
lî,祇,柳基切,禱也卜神祇福祇壽祇天祇甘高,004_Tie_Siann_Tsap_Ngou_Im > （基）部下平聲,105
lî,祈,柳基切,求也祈福,004_Tie_Siann_Tsap_Ngou_Im > （基）部下平聲,105
lî,茭,柳基切,黃茭草,004_Tie_Siann_Tsap_Ngou_Im > （基）部下平聲,105
lî,耆,柳基切,秩耆年老者,004_Tie_Siann_Tsap_Ngou_Im > （基）部下平聲,105
lî,麒,柳基切,麒麒瑞獸也,004_Tie_Siann_Tsap_Ngou_Im > （基）部下平聲,105
lî,坼,柳基切,地界,004_Tie_Siann_Tsap_Ngou_Im > （基）部下平聲,105
lî,頎,柳基切,也萌人頎頎然佳,004_Tie_Siann_Tsap_Ngou_Im > （基）部下平聲,105
lî,祁,柳基切,威也夫,004_Tie_Siann_Tsap_Ngou_Im > （基）部下平聲,105
lî,棋,柳基切,吉祥也,004_Tie_Siann_Tsap_Ngou_Im > （基）部下平聲,105
lî,錡,柳基切,金有足鼎也,004_Tie_Siann_Tsap_Ngou_Im > （基）部下平聲,105
lî,駸,柳基切,駸騏良馬,004_Tie_Siann_Tsap_Ngou_Im > （基）部下平聲,105
lî,郭,柳基切,求也,004_Tie_Siann_Tsap_Ngou_Im > （基）部下平聲,105
lî,馨,柳基切,也龍腦,004_Tie_Siann_Tsap_Ngou_Im > （基）部下平聲,105
lî,遊,柳基切,蹣遊蹣行跋不遊踱行,004_Tie_Siann_Tsap_Ngou_Im > （基）部下平聲,105
lî,繾,柳基切,束也繾綣又,004_Tie_Siann_Tsap_Ngou_Im > （基）部下平聲,105
lîm,林,柳金切,木茂成林竹林 淋 林水多水落 琳 美玉 淋 鈍也不 棽 樹枝繁雜貌 霖 林兩兩不止也 啉 會也日林巡,004_Tie_Siann_Tsap_Ngou_Im > （金）部下平聲,47
lñg,卯,柳扛切,為卯原音總字廣卯今以用其義也,004_Tie_Siann_Tsap_Ngou_Im > （扛）部下上聲,288
lñg,只,柳扛切,此二字其餘空音不錄,004_Tie_Siann_Tsap_Ngou_Im > （扛）部下上聲,288
lòin,英,柳肩切,葉英英名荷花又英名,004_Tie_Siann_Tsap_Ngou_Im > （肩）部上去聲,283
lòng,六,柳公切,正音,004_Tie_Siann_Tsap_Ngou_Im > （公）部上去聲,67
lòu,道,柳姑切,道迩,004_Tie_Siann_Tsap_Ngou_Im > （姑）部上去聲,80
lòu,所,柳姑切,施也,004_Tie_Siann_Tsap_Ngou_Im > （姑）部上去聲,80
lòu,甘,柳姑切,甘夜氣,004_Tie_Siann_Tsap_Ngou_Im > （姑）部上去聲,80
lói,禮,柳雞切,俅禮行禮,004_Tie_Siann_Tsap_Ngou_Im > （雞）部上上聲,55
lói,礼,柳雞切,同上又礼柒,004_Tie_Siann_Tsap_Ngou_Im > （雞）部上上聲,55
lói,又,柳雞切,交道技又,004_Tie_Siann_Tsap_Ngou_Im > （雞）部上上聲,55
lô,二,柳歌切,最名也俗曰,004_Tie_Siann_Tsap_Ngou_Im > （歌）部下平聲,194
lô,二,柳歌切,二對也,004_Tie_Siann_Tsap_Ngou_Im > （歌）部下平聲,194
lô,憶,柳歌切,人情恩置者俗,004_Tie_Siann_Tsap_Ngou_Im > （歌）部下平聲,195
lô,日,柳歌切,日用其義也,004_Tie_Siann_Tsap_Ngou_Im > （歌）部下平聲,195
lôi,庶,柳雞切,暴庶性情不英也,004_Tie_Siann_Tsap_Ngou_Im > （雞）部下平聲,59
lôi,鮁,柳雞切,魚名選中班魚曰鮁,004_Tie_Siann_Tsap_Ngou_Im > （雞）部下平聲,59
lông,農,柳公切,稼务於稼务奇曰農,004_Tie_Siann_Tsap_Ngou_Im > （公）部下平聲,69
lông,儂,柳公切,自稱之謂也,004_Tie_Siann_Tsap_Ngou_Im > （公）部下平聲,69
lông,濃,柳公切,濃淺厚,004_Tie_Siann_Tsap_Ngou_Im > （公）部下平聲,69
lông,膿,柳公切,疾也血化而為膿,004_Tie_Siann_Tsap_Ngou_Im > （公）部下平聲,69
lông,釀,柳公切,厚酒也,004_Tie_Siann_Tsap_Ngou_Im > （公）部下平聲,69
lông,穰,柳公切,木岡容也,004_Tie_Siann_Tsap_Ngou_Im > （公）部下平聲,69
lông,瀧,柳公切,又名沾清也,004_Tie_Siann_Tsap_Ngou_Im > （公）部下平聲,69
lông,朧,柳公切,明也朧不分,004_Tie_Siann_Tsap_Ngou_Im > （公）部下平聲,69
lông,穠,柳公切,穠也,004_Tie_Siann_Tsap_Ngou_Im > （公）部下平聲,69
lông,瓏,柳公切,珑瓏通明也又,004_Tie_Siann_Tsap_Ngou_Im > （公）部下平聲,69
lông,嚨,柳公切,喉嚨也,004_Tie_Siann_Tsap_Ngou_Im > （公）部下平聲,69
lông,龍,柳公切,蔵龍虯,004_Tie_Siann_Tsap_Ngou_Im > （公）部下平聲,69
lông,隆,柳公切,貌豐威,004_Tie_Siann_Tsap_Ngou_Im > （公）部下平聲,69
lông,瘱,柳公切,老病也,004_Tie_Siann_Tsap_Ngou_Im > （公）部下平聲,69
lông,蘆,柳公切,鼓蟬,004_Tie_Siann_Tsap_Ngou_Im > （公）部下平聲,70
lõng,弄,柳公切,－搬－戲,004_Tie_Siann_Tsap_Ngou_Im > （公）部下上聲,72
lõu,匝,柳姑切,匝弧匝,004_Tie_Siann_Tsap_Ngou_Im > （姑）部下上聲,82
lõu,六,柳姑切,柳之着,004_Tie_Siann_Tsap_Ngou_Im > （姑）部下上聲,82
lõu,鋸,柳姑切,其亦,004_Tie_Siann_Tsap_Ngou_Im > （姑）部下上聲,82
lõu,來,柳姑切,也,004_Tie_Siann_Tsap_Ngou_Im > （姑）部下上聲,82
lùn,論,柳君切,四書 論語 有上論下論,004_Tie_Siann_Tsap_Ngou_Im > （君）部上去聲,10
lún,稐,柳君切,禾束也,004_Tie_Siann_Tsap_Ngou_Im > （君）部上上聲,8
lún,耣,柳君切,仝上 又音倫 耕,004_Tie_Siann_Tsap_Ngou_Im > （君）部上上聲,8
lún,碖,柳君切,輦也,004_Tie_Siann_Tsap_Ngou_Im > （君）部上上聲,8
lún,輑,柳君切,車輪相連也,004_Tie_Siann_Tsap_Ngou_Im > （君）部上上聲,8
lún,忍,柳君切,堅其心而不亂也 用其義也,004_Tie_Siann_Tsap_Ngou_Im > （君）部上上聲,8
lû,蘆,柳龜切,又朔蘆龙蘆萩蘆花,004_Tie_Siann_Tsap_Ngou_Im > （龜）部下平聲,313
lû,芦,柳龜切,同上 小寫,004_Tie_Siann_Tsap_Ngou_Im > （龜）部下平聲,313
lû,廬,柳龜切,居廬墓廬草廬廬先王三聘等廬廬塲 剛土,004_Tie_Siann_Tsap_Ngou_Im > （龜）部下平聲,313
lû,搜,柳龜切,人搜掠搜刮搜搜合金 星名也 人名又,004_Tie_Siann_Tsap_Ngou_Im > （龜）部下平聲,313
lû,裏,柳龜切,山名,004_Tie_Siann_Tsap_Ngou_Im > （龜）部下平聲,313
lû,嵌,柳龜切,山名,004_Tie_Siann_Tsap_Ngou_Im > （龜）部下平聲,313
lû,蝜,柳龜切,蝜蟣,004_Tie_Siann_Tsap_Ngou_Im > （龜）部下平聲,313
lû,傻,柳龜切,偟傻尼身 句前曰傻,004_Tie_Siann_Tsap_Ngou_Im > （龜）部下平聲,313
lû,饞,柳龜切,糙饞朐也,004_Tie_Siann_Tsap_Ngou_Im > （龜）部下平聲,313
lû,雙,柳龜切,竹菰也,004_Tie_Siann_Tsap_Ngou_Im > （龜）部下平聲,313
lû,臚,柳龜切,皮也又傳曰臚臚又臚列曰,004_Tie_Siann_Tsap_Ngou_Im > （龜）部下平聲,313
lû,艫,柳龜切,也 艄艫船,004_Tie_Siann_Tsap_Ngou_Im > （龜）部下平聲,313
lû,艫,柳龜切,也 撸船,004_Tie_Siann_Tsap_Ngou_Im > （龜）部下平聲,313
lû,轤,柳龜切,木也 善將冒,004_Tie_Siann_Tsap_Ngou_Im > （龜）部下平聲,313
lû,虜,柳龜切,北狄曰虜 掠也復也,004_Tie_Siann_Tsap_Ngou_Im > （龜）部下平聲,313
lû,鏤,柳龜切,剜鏤金鏤,004_Tie_Siann_Tsap_Ngou_Im > （龜）部下平聲,313
lû,纑,柳龜切,同上,004_Tie_Siann_Tsap_Ngou_Im > （龜）部下平聲,313
lû,壚,柳龜切,大也,004_Tie_Siann_Tsap_Ngou_Im > （龜）部下平聲,313
lû,濾,柳龜切,水名也,004_Tie_Siann_Tsap_Ngou_Im > （龜）部下平聲,313
lûa,籮,柳⿴囗瓜切,竹籮所以盛米谷也,004_Tie_Siann_Tsap_Ngou_Im > （⿴囗瓜）部下平聲,242
lāi,傳,柳皆切,視也,004_Tie_Siann_Tsap_Ngou_Im > （皆）部下去聲,152
lāi,考,柳皆切,視也,004_Tie_Siann_Tsap_Ngou_Im > （皆）部下去聲,152
lēng,行,柳弓切,家佣錢內加九入外,004_Tie_Siann_Tsap_Ngou_Im > （弓）部下去聲,303
lēng,加,柳弓切,二分名曰弄佣,004_Tie_Siann_Tsap_Ngou_Im > （弓）部下去聲,303
lĩ,利,柳基切,公差也 又錄也 倒 伶利也 麗 又美好也 又偶也 覴 利同上美 莉 茉利花 儒 妖也尊 磁 石依利磨,004_Tie_Siann_Tsap_Ngou_Im > （基）部下上聲,107
lĩ,勵,柳基切,勉勉也勁,004_Tie_Siann_Tsap_Ngou_Im > （基）部下上聲,108
lĩ,蟎,柳基切,名牡藥,004_Tie_Siann_Tsap_Ngou_Im > （基）部下上聲,108
lĩ,罟,柳基切,雷夏寫人也,004_Tie_Siann_Tsap_Ngou_Im > （基）部下上聲,108
lĩ,俗,柳基切,入齋煩備同,004_Tie_Siann_Tsap_Ngou_Im > （基）部下上聲,108
lĩ,俾,柳基切,使也,004_Tie_Siann_Tsap_Ngou_Im > （基）部下上聲,108
lĩ,簍,柳基切,輕薄,004_Tie_Siann_Tsap_Ngou_Im > （基）部下上聲,108
lĩ,陸,柳基切,升萬尚也下天子也,004_Tie_Siann_Tsap_Ngou_Im > （基）部下上聲,108
lĩ,障,柳基切,視也秕斜,004_Tie_Siann_Tsap_Ngou_Im > （基）部下上聲,108
lĩ,辯,柳基切,編寫于打,004_Tie_Siann_Tsap_Ngou_Im > （基）部下上聲,108
lĩ,徹,柳基切,退逃也寒,004_Tie_Siann_Tsap_Ngou_Im > （基）部下上聲,108
lĩ,蓆,柳基切,酬帛應物也,004_Tie_Siann_Tsap_Ngou_Im > （基）部下上聲,108
lĩ,敞,柳基切,落門開徹也,004_Tie_Siann_Tsap_Ngou_Im > （基）部下上聲,108
lĩ,彼,柳基切,退服,004_Tie_Siann_Tsap_Ngou_Im > （基）部下上聲,108
lĩ,被,柳基切,成被,004_Tie_Siann_Tsap_Ngou_Im > （基）部下上聲,108
lĩ,刷,柳基切,病疵也,004_Tie_Siann_Tsap_Ngou_Im > （基）部下上聲,108
lĩ,侯,柳基切,大忽也,004_Tie_Siann_Tsap_Ngou_Im > （基）部下上聲,108
lĩ,儻,柳基切,也猶也,004_Tie_Siann_Tsap_Ngou_Im > （基）部下上聲,108
lĩ,曦,柳基切,日光,004_Tie_Siann_Tsap_Ngou_Im > （基）部下上聲,108
lĩ,恢,柳基切,帝也,004_Tie_Siann_Tsap_Ngou_Im > （基）部下上聲,108
lĩ,觥,柳基切,也敢也壊,004_Tie_Siann_Tsap_Ngou_Im > （基）部下上聲,108
lĩ,鮮,柳基切,也敢也,004_Tie_Siann_Tsap_Ngou_Im > （基）部下上聲,108
lĩ,備,柳基切,也補也附也與,004_Tie_Siann_Tsap_Ngou_Im > （基）部下上聲,108
lĩ,禅,柳基切,仕而死也,004_Tie_Siann_Tsap_Ngou_Im > （基）部下上聲,108
lĩ,梨,柳基切,曰手持稀而壓之,004_Tie_Siann_Tsap_Ngou_Im > （基）部下上聲,110
līm,楨,柳金切,偏首也,004_Tie_Siann_Tsap_Ngou_Im > （金）部下去聲,50
lōi,求,柳雞切,計設求會求,004_Tie_Siann_Tsap_Ngou_Im > （雞）部下去聲,60
lōi,耳,柳雞切,耳求耳,004_Tie_Siann_Tsap_Ngou_Im > （雞）部下去聲,60
lōu,露,柳姑切,出現曰露顯而,004_Tie_Siann_Tsap_Ngou_Im > （姑）部下去聲,83
lōu,不,柳姑切,可掩蔽之表,004_Tie_Siann_Tsap_Ngou_Im > （姑）部下去聲,83
lũa,涎,柳⿴囗瓜切,口衾涕液曰涎,004_Tie_Siann_Tsap_Ngou_Im > （⿴囗瓜）部下上聲,243
lũa,舵,柳⿴囗瓜切,船之限制也椗舵,004_Tie_Siann_Tsap_Ngou_Im > （⿴囗瓜）部下上聲,243
lũa,柁,柳⿴囗瓜切,船柁鐵,004_Tie_Siann_Tsap_Ngou_Im > （⿴囗瓜）部下上聲,243
lũa,此,柳⿴囗瓜切,五字之外俱係空音故不錄,004_Tie_Siann_Tsap_Ngou_Im > （⿴囗瓜）部下上聲,243
lū,故,柳龜切,故是故昔,004_Tie_Siann_Tsap_Ngou_Im > （龜）部下去聲,317
lū,句,柳龜切,詩句句詩成句,004_Tie_Siann_Tsap_Ngou_Im > （龜）部下去聲,317
lū,顧,柳龜切,看也回顧內顧田首視物也,004_Tie_Siann_Tsap_Ngou_Im > （龜）部下去聲,317
lū,固,柳龜切,固結固草固心堅,004_Tie_Siann_Tsap_Ngou_Im > （龜）部下去聲,317
lū,炙,柳龜切,病也針炙灼也以之療,004_Tie_Siann_Tsap_Ngou_Im > （龜）部下去聲,317
lū,鋼,柳龜切,也鉄葉,004_Tie_Siann_Tsap_Ngou_Im > （龜）部下去聲,317
lū,佝,柳龜切,貌短醜,004_Tie_Siann_Tsap_Ngou_Im > （龜）部下去聲,317
lūa,丸,柳⿴囗瓜切,俗曰丸 及,004_Tie_Siann_Tsap_Ngou_Im > （⿴囗瓜）部下去聲,244
lūa,播,柳⿴囗瓜切,播 樓播 谷,004_Tie_Siann_Tsap_Ngou_Im > （⿴囗瓜）部下去聲,244
lūa,師,柳⿴囗瓜切,師,004_Tie_Siann_Tsap_Ngou_Im > （⿴囗瓜）部下去聲,244
lūa,簸,柳⿴囗瓜切,戲末去穰 簸 莫竹器也,004_Tie_Siann_Tsap_Ngou_Im > （⿴囗瓜）部下去聲,244
lūa,欄,柳⿴囗瓜切,荷－才,004_Tie_Siann_Tsap_Ngou_Im > （⿴囗瓜）部下去聲,245
lūa,欄,柳⿴囗瓜切,省城口音曰－,004_Tie_Siann_Tsap_Ngou_Im > （⿴囗瓜）部下去聲,245
lūa,油,柳⿴囗瓜切,－猪－牛－,004_Tie_Siann_Tsap_Ngou_Im > （⿴囗瓜）部下去聲,245
lūn,柔,柳君切,軟也,004_Tie_Siann_Tsap_Ngou_Im > （君）部下去聲,17
lūn,雅,柳君切,也,004_Tie_Siann_Tsap_Ngou_Im > （君）部下去聲,17
lṳ̂,驢,柳居切,似馬而小曰驢,004_Tie_Siann_Tsap_Ngou_Im > （居）部下平聲,181
lṳ̂,間,柳居切,門間慈母望子日衙門侍間,004_Tie_Siann_Tsap_Ngou_Im > （居）部下平聲,181
lṳ̂,顧,柳居切,頭之輛謂,004_Tie_Siann_Tsap_Ngou_Im > （居）部下平聲,181
lṳ̂,爐,柳居切,山火也,004_Tie_Siann_Tsap_Ngou_Im > （居）部下平聲,181
lṳ̍h,中,柳居切,神也,004_Tie_Siann_Tsap_Ngou_Im > （居）部下入聲,186
lẽng,法,柳弓切,法律法,004_Tie_Siann_Tsap_Ngou_Im > （弓）部下上聲,301
lẽng,也,柳弓切,巧捏也又才,004_Tie_Siann_Tsap_Ngou_Im > （弓）部下上聲,301
lẽng,立,柳弓切,立肩,004_Tie_Siann_Tsap_Ngou_Im > （弓）部下上聲,301
lẽng,相,柳弓切,相同上相驅,004_Tie_Siann_Tsap_Ngou_Im > （弓）部下上聲,301
lẽng,秦,柳弓切,之秦各兼秦如六國,004_Tie_Siann_Tsap_Ngou_Im > （弓）部下上聲,301
lẽng,也,柳弓切,俱也列,004_Tie_Siann_Tsap_Ngou_Im > （弓）部下上聲,301
ng,秋,英扛切,苗早 晚 程初發曰 秋 用其字之義也又轉今,004_Tie_Siann_Tsap_Ngou_Im > （扛）部上平聲,286
n̍gh,英,英扛切,英國英雄英俊,004_Tie_Siann_Tsap_Ngou_Im > （扛）部下入聲,292
n̍gh,鶯,英扛切,善鳴者黄鳥而,004_Tie_Siann_Tsap_Ngou_Im > （扛）部下入聲,292
n̍gh,嬰,英扛切,乳子曰嬰兒育嬰,004_Tie_Siann_Tsap_Ngou_Im > （扛）部下入聲,292
n̍gh,鸚,英扛切,鸚鸚鳥而能言,004_Tie_Siann_Tsap_Ngou_Im > （扛）部下入聲,292
n̍gh,櫻,英扛切,櫻桃果名,004_Tie_Siann_Tsap_Ngou_Im > （扛）部下入聲,292
n̍gh,纓,英扛切,冠纓冠上之系也,004_Tie_Siann_Tsap_Ngou_Im > （扛）部下入聲,292
n̍gh,孀,英扛切,孀孀子也孀未,004_Tie_Siann_Tsap_Ngou_Im > （扛）部下入聲,292
n̍gh,癭,英扛切,癭瘤也,004_Tie_Siann_Tsap_Ngou_Im > （扛）部下入聲,292
n̍gh,膺,英扛切,胸之別名服膺攏膺,004_Tie_Siann_Tsap_Ngou_Im > （扛）部下入聲,292
n̍gh,應,英扛切,亦應,004_Tie_Siann_Tsap_Ngou_Im > （扛）部下入聲,292
n̍gh,鷹,英扛切,小鳥而食捕,004_Tie_Siann_Tsap_Ngou_Im > （扛）部下入聲,292
n̍gh,鴦,英扛切,同鶯,004_Tie_Siann_Tsap_Ngou_Im > （扛）部下入聲,292
n̍gh,嗎,英扛切,鳴也嗎烏,004_Tie_Siann_Tsap_Ngou_Im > （扛）部下入聲,292
n̍gh,璞,英扛切,玉光也,004_Tie_Siann_Tsap_Ngou_Im > （扛）部下入聲,292
n̍gh,翚,英扛切,姓也,004_Tie_Siann_Tsap_Ngou_Im > （扛）部下入聲,292
n̍gh,娃,英扛切,女人美,004_Tie_Siann_Tsap_Ngou_Im > （扛）部下入聲,292
n̍gh,璦,英扛切,玉璦石似,004_Tie_Siann_Tsap_Ngou_Im > （扛）部下入聲,292
n̍gh,罴,英扛切,即歷也,004_Tie_Siann_Tsap_Ngou_Im > （扛）部下入聲,292
n̍gh,礱,英扛切,答語言對,004_Tie_Siann_Tsap_Ngou_Im > （扛）部下入聲,292
n̍gh,漢,英扛切,水名,004_Tie_Siann_Tsap_Ngou_Im > （扛）部下入聲,292
o,同,英歌切,所,004_Tie_Siann_Tsap_Ngou_Im > （歌）部上平聲,189
oh,湖,英姑切,五,004_Tie_Siann_Tsap_Ngou_Im > （姑）部上入聲,81
oh,花,英姑切,義定,004_Tie_Siann_Tsap_Ngou_Im > （姑）部上入聲,81
oh,銷,英姑切,用某色,004_Tie_Siann_Tsap_Ngou_Im > （姑）部上入聲,81
oh,胡,英姑切,姓也,004_Tie_Siann_Tsap_Ngou_Im > （姑）部上入聲,81
oh,呵,英歌切,養氣也,004_Tie_Siann_Tsap_Ngou_Im > （歌）部上入聲,190
oh,氣,英歌切,延也,004_Tie_Siann_Tsap_Ngou_Im > （歌）部上入聲,191
oh,易,英歌切,說文事之不,004_Tie_Siann_Tsap_Ngou_Im > （歌）部上入聲,191
oh,者,英歌切,曰者,004_Tie_Siann_Tsap_Ngou_Im > （歌）部上入聲,191
oi̍h,狭,英雞切,胺下貧曰狭閣屋小曰狭,004_Tie_Siann_Tsap_Ngou_Im > （雞）部下入聲,62
oi̍h,臨,英雞切,陷也急也映也,004_Tie_Siann_Tsap_Ngou_Im > （雞）部下入聲,62
o̍h,此,英歌切,此字用英義也,004_Tie_Siann_Tsap_Ngou_Im > （歌）部下入聲,197
o̍h,學,英歌切,學蓬俗曰學即,004_Tie_Siann_Tsap_Ngou_Im > （歌）部下入聲,197
o̍h,試,英歌切,驗之義曰試皆,004_Tie_Siann_Tsap_Ngou_Im > （歌）部下入聲,197
o̍k,烏,英公切,黑色曰烏 又色之尤者,004_Tie_Siann_Tsap_Ngou_Im > （公）部下入聲,77
o̍k,粗,英公切,同上,004_Tie_Siann_Tsap_Ngou_Im > （公）部下入聲,77
o̍k,猸,英公切,物不精也,004_Tie_Siann_Tsap_Ngou_Im > （公）部下入聲,77
pai,去,邊皆切,開,004_Tie_Siann_Tsap_Ngou_Im > （皆）部上平聲,146
pai,他,邊皆切,皆,004_Tie_Siann_Tsap_Ngou_Im > （皆）部上平聲,146
pai,賭,邊皆切,前久雨則生賭蓄,004_Tie_Siann_Tsap_Ngou_Im > （皆）部上平聲,146
pai,青,邊皆切,青奉青綠青痕,004_Tie_Siann_Tsap_Ngou_Im > （皆）部上平聲,146
pai,增,邊皆切,知,004_Tie_Siann_Tsap_Ngou_Im > （皆）部上平聲,146
pai,入,邊皆切,遲中攜走,004_Tie_Siann_Tsap_Ngou_Im > （皆）部上平聲,146
pai,婦,邊皆切,曰妣婦,004_Tie_Siann_Tsap_Ngou_Im > （皆）部上平聲,146
pai,時,邊皆切,西,004_Tie_Siann_Tsap_Ngou_Im > （皆）部上平聲,146
pai,日,邊皆切,入然日方圓,004_Tie_Siann_Tsap_Ngou_Im > （皆）部上平聲,146
pai,獅,邊皆切,狂獸名善,004_Tie_Siann_Tsap_Ngou_Im > （皆）部上平聲,146
pai,屏,邊皆切,形如象有貓兩角三角之異真,004_Tie_Siann_Tsap_Ngou_Im > （皆）部上平聲,146
pai,又,邊皆切,有水又山又頂又鼻之別,004_Tie_Siann_Tsap_Ngou_Im > （皆）部上平聲,146
pai,私,邊皆切,事非正道者曰私稅,004_Tie_Siann_Tsap_Ngou_Im > （皆）部上平聲,146
pai,有,邊皆切,走有事有有約,004_Tie_Siann_Tsap_Ngou_Im > （皆）部上平聲,146
pai,英,邊皆切,哀,004_Tie_Siann_Tsap_Ngou_Im > （皆）部上平聲,146
pai,悲,邊皆切,病之甚曰悲,004_Tie_Siann_Tsap_Ngou_Im > （皆）部上平聲,146
pai,母,邊皆切,死曰母子,004_Tie_Siann_Tsap_Ngou_Im > （皆）部上平聲,146
pai,埃,邊皆切,塵埃,004_Tie_Siann_Tsap_Ngou_Im > （皆）部上平聲,146
pai,唉,邊皆切,歎聲也,004_Tie_Siann_Tsap_Ngou_Im > （皆）部上平聲,146
pai,淡,邊皆切,水涯也,004_Tie_Siann_Tsap_Ngou_Im > （皆）部上平聲,146
pai,文,邊皆切,長,004_Tie_Siann_Tsap_Ngou_Im > （皆）部上平聲,146
pai,西,邊皆切,洋人行舟之水路,004_Tie_Siann_Tsap_Ngou_Im > （皆）部上平聲,146
pai,長,邊皆切,短日長準則也,004_Tie_Siann_Tsap_Ngou_Im > （皆）部上平聲,146
pai,出,邊皆切,猜,004_Tie_Siann_Tsap_Ngou_Im > （皆）部上平聲,146
pai,料,邊皆切,也又限料事,004_Tie_Siann_Tsap_Ngou_Im > （皆）部上平聲,146
pai,布,邊皆切,布設布來布界布弄布,004_Tie_Siann_Tsap_Ngou_Im > （皆）部上平聲,147
pai,割,邊皆切,分色,004_Tie_Siann_Tsap_Ngou_Im > （皆）部上平聲,147
pai,拔,邊皆切,也擊也,004_Tie_Siann_Tsap_Ngou_Im > （皆）部上平聲,147
pau,包,邊高切,如以布裹物曰包,004_Tie_Siann_Tsap_Ngou_Im > （高）部上平聲,30
pau,胞,邊高切,胞腹所生,004_Tie_Siann_Tsap_Ngou_Im > （高）部上平聲,30
pau,苞,邊高切,草本查,004_Tie_Siann_Tsap_Ngou_Im > （高）部上平聲,30
pau,庖,邊高切,庖廚廚養,004_Tie_Siann_Tsap_Ngou_Im > （高）部上平聲,30
pa̍h,皆,邊膠切,會也又重重偕著重也蹦足著地曰如奇皆勝皆波踏與硇通邐也難乞,004_Tie_Siann_Tsap_Ngou_Im > （膠）部下入聲,268
penn̍h,白,邊庚切,来白潔白清白全白,004_Tie_Siann_Tsap_Ngou_Im > （庚）部下入聲,229
penn̍h,帛,邊庚切,布帛玉帛,004_Tie_Siann_Tsap_Ngou_Im > （庚）部下入聲,229
pe̍h,白,邊家切,淡白白色也,004_Tie_Siann_Tsap_Ngou_Im > （家）部下入聲,29
pe̍h,帛,邊家切,布帛金玉帛,004_Tie_Siann_Tsap_Ngou_Im > （家）部下入聲,29
pha,脖,坡膠切,膀胱也,004_Tie_Siann_Tsap_Ngou_Im > （膠）部上平聲,261
pha,抛,坡膠切,音褒俗謂－曰－ 亦用其義也,004_Tie_Siann_Tsap_Ngou_Im > （膠）部上平聲,261
phai,俗,坡皆切,胡浪造之,004_Tie_Siann_Tsap_Ngou_Im > （皆）部上平聲,147
phai,子,坡皆切,曰子仔,004_Tie_Siann_Tsap_Ngou_Im > （皆）部上平聲,147
phak,駁,坡江切,色不純,004_Tie_Siann_Tsap_Ngou_Im > （江）部上入聲,252
phak,日,坡江切,曰日雜 目日,004_Tie_Siann_Tsap_Ngou_Im > （江）部上入聲,252
phak,眼,坡江切,深目也,004_Tie_Siann_Tsap_Ngou_Im > （江）部上入聲,252
phau,抛,坡高切,抛挪抛書抛季抛,004_Tie_Siann_Tsap_Ngou_Im > （高）部上平聲,30
phau,抛,坡高切,碌碌引玉,004_Tie_Siann_Tsap_Ngou_Im > （高）部上平聲,30
phau,夜,坡高切,夜夜昊奢,004_Tie_Siann_Tsap_Ngou_Im > （高）部上平聲,30
phau,裒,坡高切,裒裒昊奢曰,004_Tie_Siann_Tsap_Ngou_Im > （高）部上平聲,30
phau,裒,坡高切,桁美也,004_Tie_Siann_Tsap_Ngou_Im > （高）部上平聲,30
pheh,他,坡家切,吃 驚惶之貌 託 粧矜 妣 少女也 吃 叱怒也 婢 由婢之流,004_Tie_Siann_Tsap_Ngou_Im > （家）部上入聲,24
pheh,增,坡家切,毛 草非名也 青 曰增罰也 職 仕也增分增績 好增又諳增又功增人 勸也 平增限 戾 虔增好也 亦鴛鴦 嗜 語言錯曰增,004_Tie_Siann_Tsap_Ngou_Im > （家）部上入聲,24
pheh,派,坡家切,水派流也 情 及有中也 清 滿桶也 勸 派功也功 誡 然也 窄 狹也 欄 派派風沫而中 及理髪,004_Tie_Siann_Tsap_Ngou_Im > （家）部上入聲,24
pheh,晴,坡家切,濁也,004_Tie_Siann_Tsap_Ngou_Im > （家）部上入聲,24
phennh,彭,坡庚切,鼓擊也又稚車品,004_Tie_Siann_Tsap_Ngou_Im > （庚）部上入聲,227
phennh,也,坡庚切,又事也又姓,004_Tie_Siann_Tsap_Ngou_Im > （庚）部上入聲,227
phennh,膨,坡庚切,脹乞若鼓,004_Tie_Siann_Tsap_Ngou_Im > （庚）部上入聲,227
phennh,之,坡庚切,狀曰之,004_Tie_Siann_Tsap_Ngou_Im > （庚）部上入聲,227
phennh,蟹,坡庚切,蟹蚁小,004_Tie_Siann_Tsap_Ngou_Im > （庚）部上入聲,227
phe̍h,俾,坡佳切,偏俾路俾地俾非,004_Tie_Siann_Tsap_Ngou_Im > （佳）部下入聲,329
phe̍h,大,坡佳切,道之虎曰大,004_Tie_Siann_Tsap_Ngou_Im > （佳）部下入聲,329
phe̍k,舳,坡弓切,舳艫千里桂言舟之多也,004_Tie_Siann_Tsap_Ngou_Im > （弓）部下入聲,305
phe̍k,苗,坡弓切,羊蹄草,004_Tie_Siann_Tsap_Ngou_Im > （弓）部下入聲,305
phe̍k,迤,坡弓切,迤也,004_Tie_Siann_Tsap_Ngou_Im > （弓）部下入聲,305
phe̍k,轍,坡弓切,車軌道,004_Tie_Siann_Tsap_Ngou_Im > （弓）部下入聲,305
phe̍k,膳,坡弓切,富苗矣,004_Tie_Siann_Tsap_Ngou_Im > （弓）部下入聲,305
phe̍k,狄,坡弓切,北方有人美狄戎狄,004_Tie_Siann_Tsap_Ngou_Im > （弓）部下入聲,305
phe̍k,逆,坡弓切,逆也,004_Tie_Siann_Tsap_Ngou_Im > （弓）部下入聲,305
phe̍k,荻,坡弓切,荻花蘆,004_Tie_Siann_Tsap_Ngou_Im > （弓）部下入聲,305
phe̍k,敵,坡弓切,相對之軍曰敵對敵破敵軍,004_Tie_Siann_Tsap_Ngou_Im > （弓）部下入聲,305
phe̍k,軸,坡弓切,軸車春軸轉軸機軸,004_Tie_Siann_Tsap_Ngou_Im > （弓）部下入聲,305
phe̍k,滌,坡弓切,洗也滌衣,004_Tie_Siann_Tsap_Ngou_Im > （弓）部下入聲,305
phe̍k,翟,坡弓切,雉羽也,004_Tie_Siann_Tsap_Ngou_Im > （弓）部下入聲,305
phian,篇,坡堅切,篇玉篇成篇,004_Tie_Siann_Tsap_Ngou_Im > （堅）部上平聲,115
phian,編,坡堅切,編編書簡,004_Tie_Siann_Tsap_Ngou_Im > （堅）部上平聲,115
phian,腑,坡堅切,枕板也,004_Tie_Siann_Tsap_Ngou_Im > （堅）部上平聲,115
phian,偏,坡堅切,又不中之情偏,004_Tie_Siann_Tsap_Ngou_Im > （堅）部上平聲,115
phian,又,坡堅切,不正也,004_Tie_Siann_Tsap_Ngou_Im > （堅）部上平聲,115
phian,骗,坡堅切,骗雄弄,004_Tie_Siann_Tsap_Ngou_Im > （堅）部上平聲,115
phian,便,坡堅切,便便辟便言便侯,004_Tie_Siann_Tsap_Ngou_Im > （堅）部上平聲,115
phian,蓆,坡堅切,同篇蓆,004_Tie_Siann_Tsap_Ngou_Im > （堅）部上平聲,115
phian,跑,坡堅切,蔬行也,004_Tie_Siann_Tsap_Ngou_Im > （堅）部上平聲,115
phian,褊,坡堅切,小也,004_Tie_Siann_Tsap_Ngou_Im > （堅）部上平聲,115
phian,偏,坡堅切,同逋,004_Tie_Siann_Tsap_Ngou_Im > （堅）部上平聲,115
phian,根,坡堅切,柟木也根,004_Tie_Siann_Tsap_Ngou_Im > （堅）部上平聲,115
phian,翩,坡堅切,疾飛也,004_Tie_Siann_Tsap_Ngou_Im > （堅）部上平聲,115
phian,論,坡堅切,巧言也,004_Tie_Siann_Tsap_Ngou_Im > （堅）部上平聲,115
phian,又,坡堅切,又侯,004_Tie_Siann_Tsap_Ngou_Im > （堅）部上平聲,115
phian,斜,坡堅切,并也,004_Tie_Siann_Tsap_Ngou_Im > （堅）部上平聲,115
phian,併,坡堅切,合,004_Tie_Siann_Tsap_Ngou_Im > （堅）部上平聲,115
phia̍p,跕,坡兼切,墮落 牒 五跕 帝譜 諜 反間也,004_Tie_Siann_Tsap_Ngou_Im > （兼）部下入聲,94
phia̍t,粥,坡堅切,輔也助,004_Tie_Siann_Tsap_Ngou_Im > （堅）部下入聲,131
phia̍t,也,坡堅切,正也,004_Tie_Siann_Tsap_Ngou_Im > （堅）部下入聲,131
phia̍t,殞,坡堅切,殞同上輔,004_Tie_Siann_Tsap_Ngou_Im > （堅）部下入聲,131
phia̍t,粥,坡堅切,又同上斗,004_Tie_Siann_Tsap_Ngou_Im > （堅）部下入聲,131
phia̍t,杓,坡堅切,莹者,004_Tie_Siann_Tsap_Ngou_Im > （堅）部下入聲,131
phih,俗,坡基切,謂人之罹曰俗,004_Tie_Siann_Tsap_Ngou_Im > （基）部上入聲,103
phim,販,坡金切,販青也衰,004_Tie_Siann_Tsap_Ngou_Im > （金）部上平聲,44
phim,造,坡金切,也,004_Tie_Siann_Tsap_Ngou_Im > （金）部上平聲,44
phip,炎,坡金切,高也免也不安靬又坺同,004_Tie_Siann_Tsap_Ngou_Im > （金）部上入聲,46
phip,级,坡金切,急也蓬急行,004_Tie_Siann_Tsap_Ngou_Im > （金）部上入聲,46
phip,俊,坡金切,果也俊人,004_Tie_Siann_Tsap_Ngou_Im > （金）部上入聲,46
phip,泳,坡金切,水流急,004_Tie_Siann_Tsap_Ngou_Im > （金）部上入聲,46
phip,泣,坡金切,哭泣淚也,004_Tie_Siann_Tsap_Ngou_Im > （金）部上入聲,46
phip,赦,坡金切,赤也又哭聲,004_Tie_Siann_Tsap_Ngou_Im > （金）部上入聲,46
phiu̍h,凡,坡鳩切,事支末上者則曰凡會凡能,004_Tie_Siann_Tsap_Ngou_Im > （鳩）部下入聲,240
phiu̍h,禮,坡鳩切,曰禮,004_Tie_Siann_Tsap_Ngou_Im > （鳩）部下入聲,240
phiâⁿ,坪,坡京切,積泝也山坡也沙担也,004_Tie_Siann_Tsap_Ngou_Im > （京）部下平聲,135
phiâⁿ,泝,坡京切,地也台曰泝,004_Tie_Siann_Tsap_Ngou_Im > （京）部下平聲,135
phiãn,伕,坡堅切,凡所倚靠者義曰伕又伕,004_Tie_Siann_Tsap_Ngou_Im > （堅）部下上聲,127
phiãn,丈,坡堅切,凡量度曰丈地客丈船,004_Tie_Siann_Tsap_Ngou_Im > （堅）部下上聲,127
phiãn,杖,坡堅切,老者行則扶俗曰楨杖,004_Tie_Siann_Tsap_Ngou_Im > （堅）部下上聲,127
phiãⁿ,聘,坡京切,女子許配于人曰又,004_Tie_Siann_Tsap_Ngou_Im > （京）部下上聲,137
phiãⁿ,又,坡京切,遂又行又禮又儀,004_Tie_Siann_Tsap_Ngou_Im > （京）部下上聲,137
phiòu,媒,坡嬌切,邪淫也,004_Tie_Siann_Tsap_Ngou_Im > （嬌）部上去聲,275
phiô,萍,坡燒切,萍路浮萍音萍絲萍,004_Tie_Siann_Tsap_Ngou_Im > （燒）部下平聲,356
phiõ,鰾,坡燒切,魚鰾即魚包也可作膠,004_Tie_Siann_Tsap_Ngou_Im > （燒）部下上聲,356
phiõ,鰾,坡燒切,同上,004_Tie_Siann_Tsap_Ngou_Im > （燒）部下上聲,356
phiõ,其,坡燒切,餘空音者不錄,004_Tie_Siann_Tsap_Ngou_Im > （燒）部下上聲,356
phiān,片,坡堅切,片箕升片切片,004_Tie_Siann_Tsap_Ngou_Im > （堅）部下去聲,128
phiān,騙,坡堅切,班也詐也 騙馬,004_Tie_Siann_Tsap_Ngou_Im > （堅）部下去聲,128
phiān,騙,坡堅切,同上以術 愚人曰騙,004_Tie_Siann_Tsap_Ngou_Im > （堅）部下去聲,128
phiān,謫,坡堅切,巧古詐也 偽也,004_Tie_Siann_Tsap_Ngou_Im > （堅）部下去聲,128
phiān,辯,坡堅切,亼中,004_Tie_Siann_Tsap_Ngou_Im > （堅）部下去聲,128
phiū,者,坡鳩切,曰斷又曰者俗以抱之不接,004_Tie_Siann_Tsap_Ngou_Im > （鳩）部下去聲,238
phi̍p,批,坡金切,裸判曰批珠批明批教批示,004_Tie_Siann_Tsap_Ngou_Im > （金）部下入聲,54
phn̂g,糖,坡扛切,蔗糖飴糖,004_Tie_Siann_Tsap_Ngou_Im > （扛）部下平聲,288
phn̂g,饋,坡扛切,同上,004_Tie_Siann_Tsap_Ngou_Im > （扛）部下平聲,288
phn̍gh,烹,坡扛切,烹烹煮烹燻烹燒烹煨烹炉,004_Tie_Siann_Tsap_Ngou_Im > （扛）部下入聲,291
phn̍gh,窟,坡扛切,居穴曰窟天窟壁下窟腿由同,004_Tie_Siann_Tsap_Ngou_Im > （扛）部下入聲,291
phn̍gh,胚,坡扛切,同上又胚,004_Tie_Siann_Tsap_Ngou_Im > （扛）部下入聲,291
phn̍gh,宫,坡扛切,又同上宫,004_Tie_Siann_Tsap_Ngou_Im > （扛）部下入聲,291
phn̍gh,汀,坡扛切,和尚曰汀尺汀汀名汀州地,004_Tie_Siann_Tsap_Ngou_Im > （扛）部下入聲,291
phn̍gh,桯,坡扛切,也林前兒,004_Tie_Siann_Tsap_Ngou_Im > （扛）部下入聲,291
phoh,也,坡歌切,柏也渣滓,004_Tie_Siann_Tsap_Ngou_Im > （歌）部上入聲,191
phoh,厚,坡歌切,厚木名厚枳,004_Tie_Siann_Tsap_Ngou_Im > （歌）部上入聲,191
phoih,袷,坡雞切,史同俗謂衣衫皆單袷重者也有,004_Tie_Siann_Tsap_Ngou_Im > （雞）部上入聲,57
phoih,裘,坡雞切,中夾有棉曰棉夾,004_Tie_Siann_Tsap_Ngou_Im > （雞）部上入聲,57
phoih,袂,坡雞切,衣無繫,004_Tie_Siann_Tsap_Ngou_Im > （雞）部上入聲,57
phoi̍h,夾,坡雞切,同上左右持也,004_Tie_Siann_Tsap_Ngou_Im > （雞）部下入聲,61
phong,通,坡公切,日無所阻止曰通又開通波通明白 又通達,004_Tie_Siann_Tsap_Ngou_Im > （公）部上平聲,63
phong,道,坡公切,草名,004_Tie_Siann_Tsap_Ngou_Im > （公）部上平聲,63
phong,蓮,坡公切,竹名也,004_Tie_Siann_Tsap_Ngou_Im > （公）部上平聲,63
pho̍k,族,坡公切,九族二族又咳使大屏族族,004_Tie_Siann_Tsap_Ngou_Im > （公）部下入聲,75
pho̍k,鑔,坡公切,有萌曰鑔利也,004_Tie_Siann_Tsap_Ngou_Im > （公）部下入聲,75
pho̍k,簇,坡公切,簇簇言蟲之承生也,004_Tie_Siann_Tsap_Ngou_Im > （公）部下入聲,75
pho̍k,鋪,坡公切,平鋪林鋪 陳也布也,004_Tie_Siann_Tsap_Ngou_Im > （公）部下入聲,77
phuah,撥,坡⿴囗瓜切,泝行撥田撥木,004_Tie_Siann_Tsap_Ngou_Im > （⿴囗瓜）部上入聲,242
phuah,潑,坡⿴囗瓜切,同上流也散也,004_Tie_Siann_Tsap_Ngou_Im > （⿴囗瓜）部上入聲,242
phuan,潘,坡官切,姓也,004_Tie_Siann_Tsap_Ngou_Im > （官）部上平聲,139
phuang,藩,坡光切,藩籬屏藩鎖藩藩臺藩郭外之,004_Tie_Siann_Tsap_Ngou_Im > （光）部上平聲,198
phuang,蕃,坡光切,蕃茂盛也蕃行,004_Tie_Siann_Tsap_Ngou_Im > （光）部上平聲,198
phuang,幡,坡光切,斻幡也,004_Tie_Siann_Tsap_Ngou_Im > （光）部上平聲,198
phuang,璠,坡光切,璠瑰美,004_Tie_Siann_Tsap_Ngou_Im > （光）部上平聲,198
phuang,皤,坡光切,白髮也又書同皤,004_Tie_Siann_Tsap_Ngou_Im > （光）部上平聲,198
phuang,蹯,坡光切,獸足熊掌也,004_Tie_Siann_Tsap_Ngou_Im > （光）部上平聲,198
phue,曰,坡瓜切,曰胎,004_Tie_Siann_Tsap_Ngou_Im > （瓜）部上平聲,339
phun,奔,坡君切,奔波 奔走,004_Tie_Siann_Tsap_Ngou_Im > （君）部上平聲,6
phun,賁,坡君切,孟賁 勇士名,004_Tie_Siann_Tsap_Ngou_Im > （君）部上平聲,6
phun,逩,坡君切,走也,004_Tie_Siann_Tsap_Ngou_Im > （君）部上平聲,6
phun,𢿠,坡君切,吹氣散也,004_Tie_Siann_Tsap_Ngou_Im > （君）部上平聲,6
phun,泍,坡君切,水急也,004_Tie_Siann_Tsap_Ngou_Im > （君）部上平聲,6
phun,犇,坡君切,牛驚也,004_Tie_Siann_Tsap_Ngou_Im > （君）部上平聲,6
phun,𧾜,坡君切,是也 奔走也,004_Tie_Siann_Tsap_Ngou_Im > （君）部上平聲,6
phun,鐇,坡君切,廣刃斧 鐇鏟,004_Tie_Siann_Tsap_Ngou_Im > （君）部上平聲,6
phun,䊩,坡君切,米䊩,004_Tie_Siann_Tsap_Ngou_Im > （君）部上平聲,6
phun,鋳,坡君切,錯也,004_Tie_Siann_Tsap_Ngou_Im > （君）部上平聲,16
phuâng,磐,坡光切,－山之谷也○石－谷,004_Tie_Siann_Tsap_Ngou_Im > （光）部下平聲,205
phuâng,礡,坡光切,－釣魚處也○漢太公桃,004_Tie_Siann_Tsap_Ngou_Im > （光）部下平聲,205
phuâng,蟠,坡光切,－龍－,004_Tie_Siann_Tsap_Ngou_Im > （光）部下平聲,205
phuâng,桀,坡光切,－得銳,004_Tie_Siann_Tsap_Ngou_Im > （光）部下平聲,205
phuâng,盤,坡光切,－足又－屈曲也,004_Tie_Siann_Tsap_Ngou_Im > （光）部下平聲,205
phuâng,婪,坡光切,－小妻也,004_Tie_Siann_Tsap_Ngou_Im > （光）部下平聲,205
phuâng,蟠,坡光切,－大帶,004_Tie_Siann_Tsap_Ngou_Im > （光）部下平聲,205
phuān,炭,坡官切,木炭大員之餘日－大－柴－塗－煤－,004_Tie_Siann_Tsap_Ngou_Im > （官）部下去聲,144
phuāng,蝦,坡光切,以大鍊物曰,004_Tie_Siann_Tsap_Ngou_Im > （光）部下去聲,209
phuāng,蝦,坡光切,士人入學,004_Tie_Siann_Tsap_Ngou_Im > （光）部下去聲,209
phuāng,同,坡光切,上－,004_Tie_Siann_Tsap_Ngou_Im > （光）部下去聲,209
phuāng,鍛,坡光切,治五金音,004_Tie_Siann_Tsap_Ngou_Im > （光）部下去聲,209
phuāng,曰,坡光切,－鍊也,004_Tie_Siann_Tsap_Ngou_Im > （光）部下去聲,209
phuāng,斷,坡光切,官府富－,004_Tie_Siann_Tsap_Ngou_Im > （光）部下去聲,209
phuāng,報,坡光切,打也攅也,004_Tie_Siann_Tsap_Ngou_Im > （光）部下去聲,209
phuāng,又,坡光切,未向,004_Tie_Siann_Tsap_Ngou_Im > （光）部下去聲,209
phu̍t,哮,坡君切,吹氣也,004_Tie_Siann_Tsap_Ngou_Im > （君）部下入聲,19
phàm,潭,坡甘切,漢之深處潭漢潭江潭深潭,004_Tie_Siann_Tsap_Ngou_Im > （甘）部上去聲,335
phàm,覃,坡甘切,同談又大,004_Tie_Siann_Tsap_Ngou_Im > （甘）部上去聲,335
phàm,潭,坡甘切,同談又姓,004_Tie_Siann_Tsap_Ngou_Im > （甘）部上去聲,335
phàm,嘽,坡甘切,命也,004_Tie_Siann_Tsap_Ngou_Im > （甘）部上去聲,335
phàm,禫,坡甘切,除服之祭也禫版,004_Tie_Siann_Tsap_Ngou_Im > （甘）部上去聲,335
phâi,排,坡皆切,去之覺,004_Tie_Siann_Tsap_Ngou_Im > （皆）部下平聲,150
phâi,琲,坡皆切,珠十貫,004_Tie_Siann_Tsap_Ngou_Im > （皆）部下平聲,150
phâi,成,坡皆切,成,004_Tie_Siann_Tsap_Ngou_Im > （皆）部下平聲,150
phâi,酷,坡皆切,醉飽,004_Tie_Siann_Tsap_Ngou_Im > （皆）部下平聲,150
phâi,頗,坡皆切,頭低頭曲,004_Tie_Siann_Tsap_Ngou_Im > （皆）部下平聲,150
phâng,交,坡江切,換也交,004_Tie_Siann_Tsap_Ngou_Im > （江）部下平聲,254
phâng,午,坡江切,午道通,004_Tie_Siann_Tsap_Ngou_Im > （江）部下平聲,254
phâng,近,坡江切,也侍也,004_Tie_Siann_Tsap_Ngou_Im > （江）部下平聲,254
phâng,倒,坡江切,也,004_Tie_Siann_Tsap_Ngou_Im > （江）部下平聲,254
phâng,錦,坡江切,布錦風錦,004_Tie_Siann_Tsap_Ngou_Im > （江）部下平聲,254
phâng,又,坡江切,帆全,004_Tie_Siann_Tsap_Ngou_Im > （江）部下平聲,254
phâng,吃,坡江切,咽也吞,004_Tie_Siann_Tsap_Ngou_Im > （江）部下平聲,254
phâng,同,坡江切,帆又馬,004_Tie_Siann_Tsap_Ngou_Im > （江）部下平聲,254
phâng,疾,坡江切,走也,004_Tie_Siann_Tsap_Ngou_Im > （江）部下平聲,254
phâng,高,坡江切,屋也又,004_Tie_Siann_Tsap_Ngou_Im > （江）部下平聲,254
phâng,和,坡江切,也又姓,004_Tie_Siann_Tsap_Ngou_Im > （江）部下平聲,254
phâu,抱,坡高切,囥手合,004_Tie_Siann_Tsap_Ngou_Im > （高）部下平聲,39
phâu,裒,坡高切,同上,004_Tie_Siann_Tsap_Ngou_Im > （高）部下平聲,39
phâu,炮,坡高切,大－火－快－鐵－泡 水沖着曰－香用閒,004_Tie_Siann_Tsap_Ngou_Im > （高）部下平聲,40
phâu,苞,坡高切,行－茂戊也,004_Tie_Siann_Tsap_Ngou_Im > （高）部下平聲,40
phâu,礮,坡高切,大－與礮 同,004_Tie_Siann_Tsap_Ngou_Im > （高）部下平聲,40
phâu,礮,坡高切,炷岡－台無烟－,004_Tie_Siann_Tsap_Ngou_Im > （高）部下平聲,40
phâu,庖,坡高切,曰－廚 煮食之所,004_Tie_Siann_Tsap_Ngou_Im > （高）部下平聲,40
phãng,盼,坡江切,黑白分明也,004_Tie_Siann_Tsap_Ngou_Im > （江）部下上聲,258
phãng,廟,坡江切,廟又群子,004_Tie_Siann_Tsap_Ngou_Im > （江）部下上聲,258
phãng,俗,坡江切,同上,004_Tie_Siann_Tsap_Ngou_Im > （江）部下上聲,258
phãng,盼,坡江切,作恨視音俠,004_Tie_Siann_Tsap_Ngou_Im > （江）部下上聲,258
phãng,俗,坡江切,同上俗望也其實俠,004_Tie_Siann_Tsap_Ngou_Im > （江）部下上聲,258
phãng,電,坡江切,落電雨電陰陽曰電,004_Tie_Siann_Tsap_Ngou_Im > （江）部下上聲,259
phãng,爆,坡江切,竹聲也,004_Tie_Siann_Tsap_Ngou_Im > （江）部下上聲,259
phãng,瀑,坡江切,水由高山直下而速望之如帶曰瀑布水,004_Tie_Siann_Tsap_Ngou_Im > （江）部下上聲,259
phãng,暴,坡江切,日乾也,004_Tie_Siann_Tsap_Ngou_Im > （江）部下上聲,259
phêng,平,坡弓切,太 地無凹四日平公平昇平,004_Tie_Siann_Tsap_Ngou_Im > （弓）部下平聲,299
phêng,伴,坡弓切,又忘也 使拿也,004_Tie_Siann_Tsap_Ngou_Im > （弓）部下平聲,299
phêng,朋,坡弓切,友同觀也又朋,004_Tie_Siann_Tsap_Ngou_Im > （弓）部下平聲,299
phêng,凴,坡弓切,傍也凴梱也又,004_Tie_Siann_Tsap_Ngou_Im > （弓）部下平聲,299
phêng,評,坡弓切,又公論定也 月昇評,004_Tie_Siann_Tsap_Ngou_Im > （弓）部下平聲,299
phêng,倗,坡弓切,輔助也,004_Tie_Siann_Tsap_Ngou_Im > （弓）部下平聲,299
phêng,憑,坡弓切,以此為憑 車憑填,004_Tie_Siann_Tsap_Ngou_Im > （弓）部下平聲,299
phêng,坪,坡弓切,也 地畔,004_Tie_Siann_Tsap_Ngou_Im > （弓）部下平聲,299
phêng,傅,坡弓切,也 伶傅使,004_Tie_Siann_Tsap_Ngou_Im > （弓）部下平聲,299
phêng,碰,坡弓切,矸類也,004_Tie_Siann_Tsap_Ngou_Im > （弓）部下平聲,299
phêng,嬌,坡弓切,姅,004_Tie_Siann_Tsap_Ngou_Im > （弓）部下平聲,299
phêng,姸,坡弓切,除也又多 女私合也,004_Tie_Siann_Tsap_Ngou_Im > （弓）部下平聲,299
phêng,侥,坡弓切,也 依也倚,004_Tie_Siann_Tsap_Ngou_Im > （弓）部下平聲,299
phêng,枰,坡弓切,棋枰也,004_Tie_Siann_Tsap_Ngou_Im > （弓）部下平聲,299
phì,衫,坡基切,衫裤,004_Tie_Siann_Tsap_Ngou_Im > （基）部上去聲,102
phî,疲,坡基切,神倦也又,004_Tie_Siann_Tsap_Ngou_Im > （基）部下平聲,106
phî,衰,坡基切,衰倦也,004_Tie_Siann_Tsap_Ngou_Im > （基）部下平聲,106
phî,罷,坡基切,涝辞,004_Tie_Siann_Tsap_Ngou_Im > （基）部下平聲,106
phî,曰,坡基切,曰,004_Tie_Siann_Tsap_Ngou_Im > （基）部下平聲,106
phî,罸,坡基切,能,004_Tie_Siann_Tsap_Ngou_Im > （基）部下平聲,106
phî,夢,坡基切,熊营夢,004_Tie_Siann_Tsap_Ngou_Im > （基）部下平聲,106
phîm,楸,坡金切,木名,004_Tie_Siann_Tsap_Ngou_Im > （金）部下平聲,48
phòin,俗,坡肩切,名即害苗之草也,004_Tie_Siann_Tsap_Ngou_Im > （肩）部上去聲,282
phòng,卜,坡公切,卜以決疑卜,004_Tie_Siann_Tsap_Ngou_Im > （公）部上去聲,68
phòng,筮,坡公切,筮吉筮,004_Tie_Siann_Tsap_Ngou_Im > （公）部上去聲,68
phòng,朴,坡公切,朴叩齒厥,004_Tie_Siann_Tsap_Ngou_Im > （公）部上去聲,68
phòng,樸,坡公切,樸純樸質,004_Tie_Siann_Tsap_Ngou_Im > （公）部上去聲,68
phòng,璞,坡公切,未治之玉,004_Tie_Siann_Tsap_Ngou_Im > （公）部上去聲,68
phòng,仆,坡公切,伏地仆,004_Tie_Siann_Tsap_Ngou_Im > （公）部上去聲,68
phòng,撲,坡公切,擊也,004_Tie_Siann_Tsap_Ngou_Im > （公）部上去聲,68
phòng,柏,坡公切,搏也,004_Tie_Siann_Tsap_Ngou_Im > （公）部上去聲,68
phòu,蒸,坡姑切,類有紅白之別,004_Tie_Siann_Tsap_Ngou_Im > （姑）部上去聲,80
phòu,又,坡姑切,名薄鴿,004_Tie_Siann_Tsap_Ngou_Im > （姑）部上去聲,80
phô,抱,坡歌切,兩手奔,004_Tie_Siann_Tsap_Ngou_Im > （歌）部下平聲,194
phô,合,坡歌切,曰合,004_Tie_Siann_Tsap_Ngou_Im > （歌）部下平聲,194
phô,袁,坡歌切,同上,004_Tie_Siann_Tsap_Ngou_Im > （歌）部下平聲,194
phôi,不,坡雞切,會不,004_Tie_Siann_Tsap_Ngou_Im > （雞）部下平聲,59
phông,達,坡公切,又達萬草也,004_Tie_Siann_Tsap_Ngou_Im > （公）部下平聲,70
phông,又,坡公切,飛又,004_Tie_Siann_Tsap_Ngou_Im > （公）部下平聲,70
phông,達,坡公切,同上歲,004_Tie_Siann_Tsap_Ngou_Im > （公）部下平聲,70
phông,竹,坡公切,為竹,004_Tie_Siann_Tsap_Ngou_Im > （公）部下平聲,70
phông,縫,坡公切,縫衣獨,004_Tie_Siann_Tsap_Ngou_Im > （公）部下平聲,70
phông,鵬,坡公切,也鳬鵬大鸟鵬桂,004_Tie_Siann_Tsap_Ngou_Im > （公）部下平聲,70
phông,尤,坡公切,也草歲,004_Tie_Siann_Tsap_Ngou_Im > （公）部下平聲,70
phông,摯,坡公切,也鼓蟬,004_Tie_Siann_Tsap_Ngou_Im > （公）部下平聲,70
phông,琴,坡公切,琴鬃髮,004_Tie_Siann_Tsap_Ngou_Im > （公）部下平聲,70
phông,永,坡公切,也,004_Tie_Siann_Tsap_Ngou_Im > （公）部下平聲,70
phông,椎,坡公切,單木威,004_Tie_Siann_Tsap_Ngou_Im > （公）部下平聲,70
phõu,也,坡姑切,敷也稻,004_Tie_Siann_Tsap_Ngou_Im > （姑）部下上聲,82
phõu,部,坡姑切,籍也統,004_Tie_Siann_Tsap_Ngou_Im > （姑）部下上聲,82
phõu,也,坡姑切,同上總,004_Tie_Siann_Tsap_Ngou_Im > （姑）部下上聲,82
phún,体,坡君切,劣也 俗作體非,004_Tie_Siann_Tsap_Ngou_Im > （君）部上上聲,9
phún,捹,坡君切,亂也,004_Tie_Siann_Tsap_Ngou_Im > （君）部上上聲,9
phún,軬,坡君切,車上篷也,004_Tie_Siann_Tsap_Ngou_Im > （君）部上上聲,9
phû,浮,坡龜切,上浮 沉鞋浮,004_Tie_Siann_Tsap_Ngou_Im > （龜）部下平聲,313
phû,蒲,坡龜切,草也可以織席蒲又蒲田地名,004_Tie_Siann_Tsap_Ngou_Im > （龜）部下平聲,313
phû,籃,坡龜切,盛桑椹之筐曰籃盎,004_Tie_Siann_Tsap_Ngou_Im > （龜）部下平聲,313
phû,葡,坡龜切,桑名 葡萄,004_Tie_Siann_Tsap_Ngou_Im > （龜）部下平聲,313
phû,蒲,坡龜切,也 椎蒲盛,004_Tie_Siann_Tsap_Ngou_Im > （龜）部下平聲,313
phû,蒲,坡龜切,名蒲田蟲,004_Tie_Siann_Tsap_Ngou_Im > （龜）部下平聲,313
phûa,婆,坡⿴囗瓜切,祖妻俗乃為亞婆又夫謂妻曰老婆子,004_Tie_Siann_Tsap_Ngou_Im > （⿴囗瓜）部下平聲,243
phûe,皮,坡瓜切,革也遭也如肉之,004_Tie_Siann_Tsap_Ngou_Im > （瓜）部下平聲,343
phûe,裴,坡瓜切,長衣覺,004_Tie_Siann_Tsap_Ngou_Im > （瓜）部下平聲,343
phûe,父,坡瓜切,姓也,004_Tie_Siann_Tsap_Ngou_Im > （瓜）部下平聲,343
phāi,交,坡皆切,交交,004_Tie_Siann_Tsap_Ngou_Im > （皆）部下去聲,153
phāi,萬,坡皆切,萬朝宗同上,004_Tie_Siann_Tsap_Ngou_Im > （皆）部下去聲,153
phāi,雜,坡皆切,也,004_Tie_Siann_Tsap_Ngou_Im > （皆）部下去聲,153
phāi,愁,坡皆切,也又,004_Tie_Siann_Tsap_Ngou_Im > （皆）部下去聲,153
phāi,恨,坡皆切,也,004_Tie_Siann_Tsap_Ngou_Im > （皆）部下去聲,153
phāi,地,坡皆切,名水名,004_Tie_Siann_Tsap_Ngou_Im > （皆）部下去聲,153
phāi,然,坡皆切,下雨又,004_Tie_Siann_Tsap_Ngou_Im > （皆）部下去聲,153
phāi,多,坡皆切,也澤,004_Tie_Siann_Tsap_Ngou_Im > （皆）部下去聲,153
phāi,曰,坡皆切,曰旗曰近曰,004_Tie_Siann_Tsap_Ngou_Im > （皆）部下去聲,153
phāi,旗,坡皆切,邊帚加燕尾者,004_Tie_Siann_Tsap_Ngou_Im > （皆）部下去聲,153
phēng,禮,坡弓切,禮賀禮,004_Tie_Siann_Tsap_Ngou_Im > （弓）部下去聲,303
phēng,草,坡弓切,屋三草,004_Tie_Siann_Tsap_Ngou_Im > （弓）部下去聲,303
phēng,駝,坡弓切,駝馬,004_Tie_Siann_Tsap_Ngou_Im > （弓）部下去聲,303
phēng,直,坡弓切,走也,004_Tie_Siann_Tsap_Ngou_Im > （弓）部下去聲,303
phĩ,僦,坡基切,不齋也,004_Tie_Siann_Tsap_Ngou_Im > （基）部下上聲,109
phĩ,隸,坡基切,英文變隸,004_Tie_Siann_Tsap_Ngou_Im > （基）部下上聲,109
phĩ,婦,坡基切,女弟也又名妻也,004_Tie_Siann_Tsap_Ngou_Im > （基）部下上聲,109
phĩ,猷,坡基切,狗猷,004_Tie_Siann_Tsap_Ngou_Im > （基）部下上聲,109
phĩ,睇,坡基切,視也睇盻傾,004_Tie_Siann_Tsap_Ngou_Im > （基）部下上聲,109
phī,譬,坡基切,喻以彼方此曰譬事譬如,004_Tie_Siann_Tsap_Ngou_Im > （基）部下去聲,111
phī,壁,坡基切,心所鍵愛者曰壁人壁妻壁旦壁,004_Tie_Siann_Tsap_Ngou_Im > （基）部下去聲,111
phō,魚,坡歌切,鋼召水面,004_Tie_Siann_Tsap_Ngou_Im > （歌）部下去聲,196
phō,之,坡歌切,木器曰之,004_Tie_Siann_Tsap_Ngou_Im > （歌）部下去聲,196
phōng,正,坡公切,音,004_Tie_Siann_Tsap_Ngou_Im > （公）部下去聲,73
phūa,又,坡⿴囗瓜切,此也未又 家又,004_Tie_Siann_Tsap_Ngou_Im > （⿴囗瓜）部下去聲,244
phūa,攀,坡⿴囗瓜切,攀丹桂攀引上攀,004_Tie_Siann_Tsap_Ngou_Im > （⿴囗瓜）部下去聲,246
phūa,頌,坡⿴囗瓜切,記頌行頌,004_Tie_Siann_Tsap_Ngou_Im > （⿴囗瓜）部下去聲,246
phūa,盼,坡⿴囗瓜切,賜贈也同上又,004_Tie_Siann_Tsap_Ngou_Im > （⿴囗瓜）部下去聲,246
phūa,蜂,坡⿴囗瓜切,疖蜂腰蜂瓷蜂,004_Tie_Siann_Tsap_Ngou_Im > （⿴囗瓜）部下去聲,246
phūa,香,坡⿴囗瓜切,口香又香,004_Tie_Siann_Tsap_Ngou_Im > （⿴囗瓜）部下去聲,246
phūa,板,坡⿴囗瓜切,相板桂板引板,004_Tie_Siann_Tsap_Ngou_Im > （⿴囗瓜）部下去聲,246
phūa,販,坡⿴囗瓜切,以白眼印,004_Tie_Siann_Tsap_Ngou_Im > （⿴囗瓜）部下去聲,246
phūa,逢,坡⿴囗瓜切,同蚱,004_Tie_Siann_Tsap_Ngou_Im > （⿴囗瓜）部下去聲,247
phūi,屁,坡歸切,人之下氣道,004_Tie_Siann_Tsap_Ngou_Im > （歸）部下去聲,222
phūi,俗,坡歸切,曰行俗,004_Tie_Siann_Tsap_Ngou_Im > （歸）部下去聲,222
phūn,以,坡君切,也,004_Tie_Siann_Tsap_Ngou_Im > （君）部下去聲,17
phūn,英,坡君切,也,004_Tie_Siann_Tsap_Ngou_Im > （君）部下去聲,17
phūn,鼓,坡君切,界也,004_Tie_Siann_Tsap_Ngou_Im > （君）部下去聲,17
phūn,而,坡君切,出,004_Tie_Siann_Tsap_Ngou_Im > （君）部下去聲,17
phūn,同,坡君切,賁,004_Tie_Siann_Tsap_Ngou_Im > （君）部下去聲,17
phūn,數,坡君切,含物,004_Tie_Siann_Tsap_Ngou_Im > （君）部下去聲,17
pi,基,邊基切,地基開基址,004_Tie_Siann_Tsap_Ngou_Im > （基）部上平聲,96
pi,竹,邊基切,參差乜,004_Tie_Siann_Tsap_Ngou_Im > （基）部上平聲,96
pi,乩,邊基切,疑也卜以決,004_Tie_Siann_Tsap_Ngou_Im > （基）部上平聲,96
pi,枝,邊基切,枝幹葉分枝,004_Tie_Siann_Tsap_Ngou_Im > （基）部上平聲,96
pi,岐,邊基切,名山地,004_Tie_Siann_Tsap_Ngou_Im > （基）部上平聲,96
pi,机,邊基切,之具也好織布,004_Tie_Siann_Tsap_Ngou_Im > （基）部上平聲,96
pi,機,邊基切,天機會化機器,004_Tie_Siann_Tsap_Ngou_Im > （基）部上平聲,96
pian,邊,邊堅切,邊界官中邊殲,004_Tie_Siann_Tsap_Ngou_Im > （堅）部上平聲,114
pian,鞭,邊堅切,笞也箕也鞭投鞭,004_Tie_Siann_Tsap_Ngou_Im > （堅）部上平聲,114
pian,鑷,邊堅切,水鑷,004_Tie_Siann_Tsap_Ngou_Im > （堅）部上平聲,114
pian,艇,邊堅切,船艇,004_Tie_Siann_Tsap_Ngou_Im > （堅）部上平聲,114
pian,便,邊堅切,也便竹輿,004_Tie_Siann_Tsap_Ngou_Im > （堅）部上平聲,114
pian,蜅,邊堅切,蜅蜅蟲隱夜出,004_Tie_Siann_Tsap_Ngou_Im > （堅）部上平聲,114
pia̍t,別,邊堅切,韻別分別几不,004_Tie_Siann_Tsap_Ngou_Im > （堅）部下入聲,130
pia̍t,同,邊堅切,者曰同辦同,004_Tie_Siann_Tsap_Ngou_Im > （堅）部下入聲,130
pia̍t,傑,邊堅切,傑才過萬人曰,004_Tie_Siann_Tsap_Ngou_Im > （堅）部下入聲,130
pia̍t,又,邊堅切,就也做也,004_Tie_Siann_Tsap_Ngou_Im > （堅）部下入聲,130
pia̍t,木,邊堅切,戚也,004_Tie_Siann_Tsap_Ngou_Im > （堅）部下入聲,130
pia̍t,鷺,邊堅切,鳥也惡鳥,004_Tie_Siann_Tsap_Ngou_Im > （堅）部下入聲,130
pia̍t,淙,邊堅切,水激迴,004_Tie_Siann_Tsap_Ngou_Im > （堅）部下入聲,130
pia̍t,礫,邊堅切,瓦形也,004_Tie_Siann_Tsap_Ngou_Im > （堅）部下入聲,130
piaⁿ,水,邊京切,凍成,004_Tie_Siann_Tsap_Ngou_Im > （京）部上平聲,132
piaⁿ,同,邊京切,上十同月,004_Tie_Siann_Tsap_Ngou_Im > （京）部上平聲,132
piaⁿ,丙,邊京切,十天千之丙 餅 烹－越糕作－湯－越糕 麪 同上蓋不能克飢,004_Tie_Siann_Tsap_Ngou_Im > （京）部上平聲,133
pih,魚,邊基切,而有甲又有脚曰魚又圓魚,004_Tie_Siann_Tsap_Ngou_Im > （基）部上入聲,103
pih,脚,邊基切,同上曰,004_Tie_Siann_Tsap_Ngou_Im > （基）部上入聲,103
pim,品,邊金切,品物人,004_Tie_Siann_Tsap_Ngou_Im > （金）部上平聲,44
pim,器,邊金切,器,004_Tie_Siann_Tsap_Ngou_Im > （金）部上平聲,44
pim,牌,邊金切,牌類牌,004_Tie_Siann_Tsap_Ngou_Im > （金）部上平聲,44
pim,寓,邊金切,戚 寓以下,004_Tie_Siann_Tsap_Ngou_Im > （金）部上平聲,44
pim,連,邊金切,上之辭,004_Tie_Siann_Tsap_Ngou_Im > （金）部上平聲,44
pio,標,邊燒切,旗幟也亦云－,004_Tie_Siann_Tsap_Ngou_Im > （燒）部上平聲,352
pio,槍,邊燒切,－賞－,004_Tie_Siann_Tsap_Ngou_Im > （燒）部上平聲,352
piu,庵,邊鳩切,獸名虎紋而小香曰庵,004_Tie_Siann_Tsap_Ngou_Im > （鳩）部上平聲,229
piàⁿ,定,邊京切,凡事不易者曰定定鼎定國定天下,004_Tie_Siann_Tsap_Ngou_Im > （京）部上去聲,134
piân,棟,邊堅切,棟材也,004_Tie_Siann_Tsap_Ngou_Im > （堅）部下平聲,124
piâⁿ,凡,邊京切,物之輾通,004_Tie_Siann_Tsap_Ngou_Im > （京）部下平聲,135
piâⁿ,虎,邊京切,者俗皆由虎,004_Tie_Siann_Tsap_Ngou_Im > （京）部下平聲,135
piãn,分,邊堅切,別之,004_Tie_Siann_Tsap_Ngou_Im > （堅）部下上聲,126
piãn,宮,邊堅切,不能成宮,004_Tie_Siann_Tsap_Ngou_Im > （堅）部下上聲,126
piãn,辭,邊堅切,苦曰辭辭如,004_Tie_Siann_Tsap_Ngou_Im > （堅）部下上聲,126
piãn,下,邊堅切,下加,004_Tie_Siann_Tsap_Ngou_Im > （堅）部下上聲,126
piãn,地,邊堅切,名地,004_Tie_Siann_Tsap_Ngou_Im > （堅）部下上聲,126
piãn,竹,邊堅切,書戲,004_Tie_Siann_Tsap_Ngou_Im > （堅）部下上聲,126
piãn,武,邊堅切,士曰武武及曰冠也,004_Tie_Siann_Tsap_Ngou_Im > （堅）部下上聲,126
piãn,湖,邊堅切,也,004_Tie_Siann_Tsap_Ngou_Im > （堅）部下上聲,126
piãn,字,邊堅切,同便,004_Tie_Siann_Tsap_Ngou_Im > （堅）部下上聲,126
piãn,發,邊堅切,力也某又加同某,004_Tie_Siann_Tsap_Ngou_Im > （堅）部下上聲,126
piãn,俟,邊堅切,湖也,004_Tie_Siann_Tsap_Ngou_Im > （堅）部下上聲,126
piãn,柑,邊堅切,干也,004_Tie_Siann_Tsap_Ngou_Im > （堅）部下上聲,126
pi̍p,華,邊金切,完也竣也,004_Tie_Siann_Tsap_Ngou_Im > （金）部下入聲,52
pi̍p,檢,邊金切,事,004_Tie_Siann_Tsap_Ngou_Im > （金）部下入聲,52
pi̍p,驛,邊金切,住停,004_Tie_Siann_Tsap_Ngou_Im > （金）部下入聲,52
pi̍p,華,邊金切,萍生,004_Tie_Siann_Tsap_Ngou_Im > （金）部下入聲,52
po,寶,邊歌切,珍,004_Tie_Siann_Tsap_Ngou_Im > （歌）部上平聲,188
po,為,邊歌切,為惟善,004_Tie_Siann_Tsap_Ngou_Im > （歌）部上平聲,188
po,也,邊歌切,都也區別,004_Tie_Siann_Tsap_Ngou_Im > （歌）部上平聲,188
po,宝,邊歌切,同寶小寫,004_Tie_Siann_Tsap_Ngou_Im > （歌）部上平聲,188
poh,獷,邊姑切,韓犬,004_Tie_Siann_Tsap_Ngou_Im > （姑）部上入聲,81
poh,之,邊姑切,別名,004_Tie_Siann_Tsap_Ngou_Im > （姑）部上入聲,81
poh,奴,邊姑切,婢才集,004_Tie_Siann_Tsap_Ngou_Im > （姑）部上入聲,81
poh,夫,邊姑切,之濱也,004_Tie_Siann_Tsap_Ngou_Im > （姑）部上入聲,81
poh,似,邊姑切,戰乃也,004_Tie_Siann_Tsap_Ngou_Im > （姑）部上入聲,81
poh,孥,邊姑切,夫又邦,004_Tie_Siann_Tsap_Ngou_Im > （姑）部上入聲,81
poh,全,邊姑切,又帮全,004_Tie_Siann_Tsap_Ngou_Im > （姑）部上入聲,81
poh,台,邊歌切,台殿台內台,004_Tie_Siann_Tsap_Ngou_Im > （歌）部上入聲,191
poh,事,邊歌切,有阻隔曰事,004_Tie_Siann_Tsap_Ngou_Im > （歌）部上入聲,191
poh,延,邊歌切,延詆湛延,004_Tie_Siann_Tsap_Ngou_Im > （歌）部上入聲,191
poih,八,邊雞切,數也文曰八股乃有八即,004_Tie_Siann_Tsap_Ngou_Im > （雞）部上入聲,57
poih,捌,邊雞切,仝上,004_Tie_Siann_Tsap_Ngou_Im > （雞）部上入聲,57
poi̍h,拔,邊雞切,引之使長曰拔幫拔,004_Tie_Siann_Tsap_Ngou_Im > （雞）部下入聲,61
po̍k,僕,邊公切,僕奴僕婢僕馬濮又樣同僕僕豆又,004_Tie_Siann_Tsap_Ngou_Im > （公）部下入聲,75
po̍k,洛,邊公切,洛陽,004_Tie_Siann_Tsap_Ngou_Im > （公）部下入聲,75
po̍k,茍,邊公切,頭淡茍大菜也,004_Tie_Siann_Tsap_Ngou_Im > （公）部下入聲,75
po̍k,埔,邊公切,埔陽山埔奴 埔義塚埔 埔市埔頭,004_Tie_Siann_Tsap_Ngou_Im > （公）部下入聲,76
po̍k,堋,邊公切,堋商場也,004_Tie_Siann_Tsap_Ngou_Im > （公）部下入聲,76
pu,捕,邊龜切,邊捕盆捕養捕七 哺 捕收又嬰 蒲 捕煙吹 捕,004_Tie_Siann_Tsap_Ngou_Im > （龜）部上平聲,307
puak,鑾,邊光切,－鸞金－與鑾之至貴者鸞禽鳥,004_Tie_Siann_Tsap_Ngou_Im > （光）部上入聲,204
puak,鑾,邊光切,山－頭山之峯,004_Tie_Siann_Tsap_Ngou_Im > （光）部上入聲,204
puak,層,邊光切,－層,004_Tie_Siann_Tsap_Ngou_Im > （光）部上入聲,204
puak,木,邊光切,木稠木之貴者青葉黃,004_Tie_Siann_Tsap_Ngou_Im > （光）部上入聲,204
puak,巾,邊光切,帶也,004_Tie_Siann_Tsap_Ngou_Im > （光）部上入聲,204
puan,般,邊官切,如舟之族,004_Tie_Siann_Tsap_Ngou_Im > （官）部上平聲,138
puan,匯,邊官切,也移也 搬 同上遷移曰,004_Tie_Siann_Tsap_Ngou_Im > （官）部上平聲,138
puan,物,邊官切,物家,004_Tie_Siann_Tsap_Ngou_Im > （官）部上平聲,138
pua̍k,薄,邊光切,薄而薄,004_Tie_Siann_Tsap_Ngou_Im > （光）部下入聲,212
pua̍k,揙,邊光切,下也,004_Tie_Siann_Tsap_Ngou_Im > （光）部下入聲,212
pua̍k,含,邊光切,含,004_Tie_Siann_Tsap_Ngou_Im > （光）部下入聲,212
pua̍k,慈,邊光切,慈傷慈,004_Tie_Siann_Tsap_Ngou_Im > （光）部下入聲,212
pueh,贈,邊瓜切,情也贈的贈物,004_Tie_Siann_Tsap_Ngou_Im > （瓜）部上入聲,343
pueh,人,邊瓜切,人物以物傳之,004_Tie_Siann_Tsap_Ngou_Im > （瓜）部上入聲,343
puih,肥,邊歸切,肥覩豐曰肥臟肥膘肥度也皆,004_Tie_Siann_Tsap_Ngou_Im > （歸）部上入聲,218
puih,胖,邊歸切,也,004_Tie_Siann_Tsap_Ngou_Im > （歸）部上入聲,218
puih,泥,邊歸切,水名音謝究凿石大收精貯于泥水又合泥,004_Tie_Siann_Tsap_Ngou_Im > （歸）部上入聲,218
pun,分,邊君切,分而析之曰分 俗以物與人曰分,004_Tie_Siann_Tsap_Ngou_Im > （君）部上平聲,5
pun,𪑖,邊君切,黑𪑖,004_Tie_Siann_Tsap_Ngou_Im > （君）部上平聲,5
pun,𪒰,邊君切,同上,004_Tie_Siann_Tsap_Ngou_Im > （君）部上平聲,5
pun,俗,邊君切,謂大船上面曰俗面,004_Tie_Siann_Tsap_Ngou_Im > （君）部上平聲,16
put,不,邊君切,否也 非也 莫也,004_Tie_Siann_Tsap_Ngou_Im > （君）部上入聲,11
puân,地,邊官切,情懒好関便是－,004_Tie_Siann_Tsap_Ngou_Im > （官）部下平聲,143
puân,懒,邊官切,－囲－,004_Tie_Siann_Tsap_Ngou_Im > （官）部下平聲,143
puân,隋,邊官切,懒同上－,004_Tie_Siann_Tsap_Ngou_Im > （官）部下平聲,143
puân,相,邊官切,陪曰－伴也友也朋也,004_Tie_Siann_Tsap_Ngou_Im > （官）部下平聲,143
puāng,非,邊光切,小兒角,004_Tie_Siann_Tsap_Ngou_Im > （光）部下去聲,209
puāng,總,邊光切,也,004_Tie_Siann_Tsap_Ngou_Im > （光）部下去聲,209
puāng,拌,邊光切,几物使其,004_Tie_Siann_Tsap_Ngou_Im > （光）部下去聲,209
puāng,均,邊光切,匀曰－,004_Tie_Siann_Tsap_Ngou_Im > （光）部下去聲,209
puāng,慣,邊光切,事之常,004_Tie_Siann_Tsap_Ngou_Im > （光）部下去聲,209
puāng,作,邊光切,者曰－,004_Tie_Siann_Tsap_Ngou_Im > （光）部下去聲,209
puāng,春,邊光切,屬家－,004_Tie_Siann_Tsap_Ngou_Im > （光）部下去聲,209
puāng,券,邊光切,索－書,004_Tie_Siann_Tsap_Ngou_Im > （光）部下去聲,209
puāng,灌,邊光切,曰－用水於田,004_Tie_Siann_Tsap_Ngou_Im > （光）部下去聲,209
puāng,以,邊光切,酒灌,004_Tie_Siann_Tsap_Ngou_Im > （光）部下去聲,209
puāng,觀,邊光切,寺－庭,004_Tie_Siann_Tsap_Ngou_Im > （光）部下去聲,209
puāng,院,邊光切,也,004_Tie_Siann_Tsap_Ngou_Im > （光）部下去聲,209
pu̍t,滑,邊君切,善韓昔通利也 掘 湖田翻地用滑 硝 石名滑 猙 狡滑心不 相 全精 泪 滑來,004_Tie_Siann_Tsap_Ngou_Im > （君）部下入聲,19
pài,物,邊皆切,物則壞事物則,004_Tie_Siann_Tsap_Ngou_Im > （皆）部上去聲,148
pài,散,邊皆切,兵散則免,004_Tie_Siann_Tsap_Ngou_Im > （皆）部上去聲,148
pàm,吊,邊甘切,吊布吊紙吊,004_Tie_Siann_Tsap_Ngou_Im > （甘）部上去聲,333
pàm,去,邊甘切,去削去皮,004_Tie_Siann_Tsap_Ngou_Im > （甘）部上去聲,333
pàm,京,邊甘切,京闕,004_Tie_Siann_Tsap_Ngou_Im > （甘）部上去聲,333
pâi,排,邊皆切,安排推排,004_Tie_Siann_Tsap_Ngou_Im > （皆）部下平聲,150
pâi,列,邊皆切,列,004_Tie_Siann_Tsap_Ngou_Im > （皆）部下平聲,150
pâi,牌,邊皆切,石牌牙牌招牌,004_Tie_Siann_Tsap_Ngou_Im > （皆）部下平聲,150
pâi,俳,邊皆切,戲俳僅俳,004_Tie_Siann_Tsap_Ngou_Im > （皆）部下平聲,150
pâi,大,邊皆切,大高大老大 首也尊也 追 及也又安 和也大今 建 遣下之詞 又同上 怠 情也慨也慢也 始 與其大統之 詞又尾也 來 及也本,004_Tie_Siann_Tsap_Ngou_Im > （皆）部下平聲,151
pâu,涝,邊高切,大渰也 又涝灘,004_Tie_Siann_Tsap_Ngou_Im > （高）部下平聲,36
pâu,惆,邊高切,又惆皃,004_Tie_Siann_Tsap_Ngou_Im > （高）部下平聲,36
pâu,猱,邊高切,善爬木性 猱屬,004_Tie_Siann_Tsap_Ngou_Im > （高）部下平聲,36
pâu,棲,邊高切,登棲史上棲閣 同上棲盡棲層 也,004_Tie_Siann_Tsap_Ngou_Im > （高）部下平聲,36
pâu,劳,邊高切,同上劳 则善也,004_Tie_Siann_Tsap_Ngou_Im > （高）部下平聲,36
pâu,傍,邊高切,同夢 伴矣,004_Tie_Siann_Tsap_Ngou_Im > （高）部下平聲,36
pâu,鏡,邊高切,小鑑也,004_Tie_Siann_Tsap_Ngou_Im > （高）部下平聲,36
pâu,奴,邊高切,誰戸奴 又,004_Tie_Siann_Tsap_Ngou_Im > （高）部下平聲,36
pâu,暴,邊高切,性情塹烈曰－ 鮑魚名又 襟兄衣也 課－班,004_Tie_Siann_Tsap_Ngou_Im > （高）部下平聲,38
pâu,報,邊高切,正音,004_Tie_Siann_Tsap_Ngou_Im > （高）部下平聲,40
pâu,客,邊高切,地藏也,004_Tie_Siann_Tsap_Ngou_Im > （高）部下平聲,40
pâu,又,邊高切,穴也,004_Tie_Siann_Tsap_Ngou_Im > （高）部下平聲,40
pãng,棒,邊江切,掃棒木,004_Tie_Siann_Tsap_Ngou_Im > （江）部下上聲,256
pãng,楚,邊江切,也,004_Tie_Siann_Tsap_Ngou_Im > （江）部下上聲,256
pãng,艕,邊江切,水性也艕人善,004_Tie_Siann_Tsap_Ngou_Im > （江）部下上聲,256
pãng,蚌,邊江切,層類老,004_Tie_Siann_Tsap_Ngou_Im > （江）部下上聲,256
pãng,而,邊江切,生珠,004_Tie_Siann_Tsap_Ngou_Im > （江）部下上聲,256
pãng,謗,邊江切,戮人名式曰,004_Tie_Siann_Tsap_Ngou_Im > （江）部下上聲,256
pãng,傍,邊江切,依也傍也,004_Tie_Siann_Tsap_Ngou_Im > （江）部下上聲,256
pãng,縛,邊江切,綱也末,004_Tie_Siann_Tsap_Ngou_Im > （江）部下上聲,259
pè,疾,邊家切,疾,004_Tie_Siann_Tsap_Ngou_Im > （家）部上去聲,23
pè,張,邊佳切,墙也照,004_Tie_Siann_Tsap_Ngou_Im > （佳）部上去聲,325
pè,鵲,邊佳切,鵲,004_Tie_Siann_Tsap_Ngou_Im > （佳）部上去聲,325
pè,尺,邊佳切,尺玉之,004_Tie_Siann_Tsap_Ngou_Im > （佳）部上去聲,325
pè,成,邊佳切,寶也,004_Tie_Siann_Tsap_Ngou_Im > （佳）部上去聲,325
pèⁿ,病,邊庚切,人之正和曰病疾,004_Tie_Siann_Tsap_Ngou_Im > （庚）部上去聲,225
pèⁿ,人,邊庚切,之初人久人疾,004_Tie_Siann_Tsap_Ngou_Im > （庚）部上去聲,225
pêng,拼,邊弓切,台也,004_Tie_Siann_Tsap_Ngou_Im > （弓）部下平聲,298
pêng,軒,邊弓切,軒車也 車文,004_Tie_Siann_Tsap_Ngou_Im > （弓）部下平聲,298
pêng,駢,邊弓切,又也對偶之 文曰駢文,004_Tie_Siann_Tsap_Ngou_Im > （弓）部下平聲,298
pì,野,邊基切,者化之,004_Tie_Siann_Tsap_Ngou_Im > （基）部上去聲,101
pì,弊,邊基切,倒薄簡大,004_Tie_Siann_Tsap_Ngou_Im > （基）部上去聲,101
pì,漢,邊基切,囧上,004_Tie_Siann_Tsap_Ngou_Im > （基）部上去聲,101
pìm,便,邊金切,日便 潮俗謂,004_Tie_Siann_Tsap_Ngou_Im > （金）部上去聲,45
pìn,便,邊⿴囗君切,俗謂物件斧倍曰便菜便物便,004_Tie_Siann_Tsap_Ngou_Im > （⿴囗君）部上去聲,163
pîm,痲,邊金切,小便不便有五痲疾也,004_Tie_Siann_Tsap_Ngou_Im > （金）部下平聲,48
pîm,臨,邊金切,在也降也視也,004_Tie_Siann_Tsap_Ngou_Im > （金）部下平聲,48
pîm,霖,邊金切,同霖雨也,004_Tie_Siann_Tsap_Ngou_Im > （金）部下平聲,48
pîn,藤,邊⿴囗君切,萬藤草藤,004_Tie_Siann_Tsap_Ngou_Im > （⿴囗君）部下平聲,166
pîn,瓜,邊⿴囗君切,瓜,004_Tie_Siann_Tsap_Ngou_Im > （⿴囗君）部下平聲,166
pîn,廛,邊⿴囗君切,廛紅廛埃廛世,004_Tie_Siann_Tsap_Ngou_Im > （⿴囗君）部下平聲,166
pîn,軍,邊⿴囗君切,事然曰 軍,004_Tie_Siann_Tsap_Ngou_Im > （⿴囗君）部下平聲,170
pîn,禮,邊⿴囗君切,禮 彫,004_Tie_Siann_Tsap_Ngou_Im > （⿴囗君）部下平聲,170
pîn,斗,邊⿴囗君切,左輻右 斗 星也,004_Tie_Siann_Tsap_Ngou_Im > （⿴囗君）部下平聲,170
pîn,駐,邊⿴囗君切,駐 清道曰 駐,004_Tie_Siann_Tsap_Ngou_Im > （⿴囗君）部下平聲,170
pîn,行,邊⿴囗君切,人也 同上 清止,004_Tie_Siann_Tsap_Ngou_Im > （⿴囗君）部下平聲,170
pîn,門,邊⿴囗君切,蓬簾也 門 籬,004_Tie_Siann_Tsap_Ngou_Im > （⿴囗君）部下平聲,170
pòin,畔,邊肩切,畔半也畔物分二曰對畔開畔半畔,004_Tie_Siann_Tsap_Ngou_Im > （肩）部上去聲,283
pòng,隱,邊公切,夜出蝙蝠重,004_Tie_Siann_Tsap_Ngou_Im > （公）部上去聲,67
pòu,行,邊姑切,行天,004_Tie_Siann_Tsap_Ngou_Im > （姑）部上去聲,80
pòu,連,邊姑切,連,004_Tie_Siann_Tsap_Ngou_Im > （姑）部上去聲,80
pòu,之,邊姑切,庠也,004_Tie_Siann_Tsap_Ngou_Im > （姑）部上去聲,80
pói,版,邊雞切,朝版木版判,004_Tie_Siann_Tsap_Ngou_Im > （雞）部上上聲,55
pói,也,邊雞切,築墻也也,004_Tie_Siann_Tsap_Ngou_Im > （雞）部上上聲,55
pô,俗,邊歌切,稱老,004_Tie_Siann_Tsap_Ngou_Im > （歌）部下平聲,192
pô,婦,邊歌切,曰婦,004_Tie_Siann_Tsap_Ngou_Im > （歌）部下平聲,192
pô,山,邊歌切,大而,004_Tie_Siann_Tsap_Ngou_Im > （歌）部下平聲,192
pô,平,邊歌切,貌,004_Tie_Siann_Tsap_Ngou_Im > （歌）部下平聲,192
pô,東,邊歌切,白也,004_Tie_Siann_Tsap_Ngou_Im > （歌）部下平聲,192
pô,又,邊歌切,皤,004_Tie_Siann_Tsap_Ngou_Im > （歌）部下平聲,192
pô,古,邊歌切,鄉人古,004_Tie_Siann_Tsap_Ngou_Im > （歌）部下平聲,192
pô,逐,邊歌切,疫也逐,004_Tie_Siann_Tsap_Ngou_Im > （歌）部下平聲,192
pô,怯,邊歌切,弱曰怯音儒全,004_Tie_Siann_Tsap_Ngou_Im > （歌）部下平聲,192
pô,侯,邊歌切,同上,004_Tie_Siann_Tsap_Ngou_Im > （歌）部下平聲,192
pô,柔,邊歌切,弱也,004_Tie_Siann_Tsap_Ngou_Im > （歌）部下平聲,192
pô,桃,邊歌切,桃本名,004_Tie_Siann_Tsap_Ngou_Im > （歌）部下平聲,192
pô,有,邊歌切,實,004_Tie_Siann_Tsap_Ngou_Im > （歌）部下平聲,192
pô,婀,邊歌切,婀,004_Tie_Siann_Tsap_Ngou_Im > （歌）部下平聲,192
pô,貌,邊歌切,也,004_Tie_Siann_Tsap_Ngou_Im > （歌）部下平聲,192
pô,同,邊歌切,騾,004_Tie_Siann_Tsap_Ngou_Im > （歌）部下平聲,192
pô,同,邊歌切,騾,004_Tie_Siann_Tsap_Ngou_Im > （歌）部下平聲,192
põu,侍,邊姑切,仗之人,004_Tie_Siann_Tsap_Ngou_Im > （姑）部下上聲,82
põu,以,邊姑切,為泰山,004_Tie_Siann_Tsap_Ngou_Im > （姑）部下上聲,82
põu,曰,邊姑切,曰,004_Tie_Siann_Tsap_Ngou_Im > （姑）部下上聲,82
pùn,飯,邊君切,干曰飯 稀曰粥 米飯,004_Tie_Siann_Tsap_Ngou_Im > （君）部上去聲,10
pùn,笨,邊君切,洋式十二兩曰笨,004_Tie_Siann_Tsap_Ngou_Im > （君）部上去聲,10
pún,本,邊君切,質也 根也,004_Tie_Siann_Tsap_Ngou_Im > （君）部上上聲,8
pún,畚,邊君切,盛土器也,004_Tie_Siann_Tsap_Ngou_Im > （君）部上上聲,8
pû,龜,邊龜切,胡龜教龜瓜龜龜,004_Tie_Siann_Tsap_Ngou_Im > （龜）部下平聲,313
pû,瓴,邊龜切,同上,004_Tie_Siann_Tsap_Ngou_Im > （龜）部下平聲,313
pû,炮,邊龜切,炮以火燃物曰炮茶炮水,004_Tie_Siann_Tsap_Ngou_Im > （龜）部下平聲,313
pûe,倍,邊瓜切,倍利市二倍合曰佩大帛也下服又感感不忘之意又,004_Tie_Siann_Tsap_Ngou_Im > （瓜）部下平聲,344
pûe,珮,邊瓜切,珮玉珮環,004_Tie_Siann_Tsap_Ngou_Im > （瓜）部下平聲,344
pûe,悖,邊瓜切,悖逆悖禮,004_Tie_Siann_Tsap_Ngou_Im > （瓜）部下平聲,344
pûe,貝,邊瓜切,名貝竝為,004_Tie_Siann_Tsap_Ngou_Im > （瓜）部下平聲,344
pûe,狽,邊瓜切,俯以行相報狽,004_Tie_Siann_Tsap_Ngou_Im > （瓜）部下平聲,344
pûe,梧,邊瓜切,五梧子意汀可華甫,004_Tie_Siann_Tsap_Ngou_Im > （瓜）部下平聲,344
pûn,歎,邊君切,吹氣也如俗燈不用則吹息曰歎息,004_Tie_Siann_Tsap_Ngou_Im > （君）部下平聲,13
pûn,求,邊君切,群下衣也又,004_Tie_Siann_Tsap_Ngou_Im > （君）部下平聲,14
pûn,群,邊君切,帛袷全,004_Tie_Siann_Tsap_Ngou_Im > （君）部下平聲,14
pûn,禅,邊君切,下衣也,004_Tie_Siann_Tsap_Ngou_Im > （君）部下平聲,14
pûn,囿,邊君切,原之員,004_Tie_Siann_Tsap_Ngou_Im > （君）部下平聲,14
pûn,者,邊君切,曰者,004_Tie_Siann_Tsap_Ngou_Im > （君）部下平聲,14
pûn,去,邊君切,群合而為,004_Tie_Siann_Tsap_Ngou_Im > （君）部下平聲,14
pûn,奉,邊君切,親又手奉,004_Tie_Siann_Tsap_Ngou_Im > （君）部下平聲,14
pûn,地,邊君切,唇益之衝也,004_Tie_Siann_Tsap_Ngou_Im > （君）部下平聲,14
pûn,寒,邊君切,寒七萬凿,004_Tie_Siann_Tsap_Ngou_Im > （君）部下平聲,14
pûn,涓,邊君切,全吞共,004_Tie_Siann_Tsap_Ngou_Im > （君）部下平聲,14
pûn,熹,邊君切,相休,004_Tie_Siann_Tsap_Ngou_Im > （君）部下平聲,14
pûn,坡,邊君切,填裏也又三,004_Tie_Siann_Tsap_Ngou_Im > （君）部下平聲,14
pûn,坎,邊君切,塚也同上,004_Tie_Siann_Tsap_Ngou_Im > （君）部下平聲,14
pûn,盆,邊君切,皿水之盂,004_Tie_Siann_Tsap_Ngou_Im > （君）部下平聲,14
pûn,盈,邊君切,路盈同上又,004_Tie_Siann_Tsap_Ngou_Im > （君）部下平聲,14
pûn,繹,邊君切,野衆也,004_Tie_Siann_Tsap_Ngou_Im > （君）部下平聲,14
pûn,苑,邊君切,萊似苑,004_Tie_Siann_Tsap_Ngou_Im > （君）部下平聲,14
pûn,他,邊君切,豚黔他,004_Tie_Siann_Tsap_Ngou_Im > （君）部下平聲,14
pûn,衆,邊君切,也衆小,004_Tie_Siann_Tsap_Ngou_Im > （君）部下平聲,14
pûn,狐,邊君切,同上又振,004_Tie_Siann_Tsap_Ngou_Im > （君）部下平聲,14
pûn,同,邊君切,小猪也,004_Tie_Siann_Tsap_Ngou_Im > （君）部下平聲,14
pûn,鮆,邊君切,魚名,004_Tie_Siann_Tsap_Ngou_Im > （君）部下平聲,14
pûn,增,邊君切,船鉸封也有木增,004_Tie_Siann_Tsap_Ngou_Im > （君）部下平聲,14
pûn,甲,邊君切,已為嘗大輸甲,004_Tie_Siann_Tsap_Ngou_Im > （君）部下平聲,14
pûn,時,邊君切,旬十日為時,004_Tie_Siann_Tsap_Ngou_Im > （君）部下平聲,14
pûn,甲,邊君切,已為嘗巡,004_Tie_Siann_Tsap_Ngou_Im > （君）部下平聲,14
pûn,佝,邊君切,松佝情佝,004_Tie_Siann_Tsap_Ngou_Im > （君）部下平聲,14
pûn,循,邊君切,特循渠流,004_Tie_Siann_Tsap_Ngou_Im > （君）部下平聲,14
pûn,佝,邊君切,倡也,004_Tie_Siann_Tsap_Ngou_Im > （君）部下平聲,14
pûn,循,邊君切,循述也,004_Tie_Siann_Tsap_Ngou_Im > （君）部下平聲,14
pûn,絢,邊君切,朱支也,004_Tie_Siann_Tsap_Ngou_Im > （君）部下平聲,14
pāi,貌,邊皆切,澎貌波浪,004_Tie_Siann_Tsap_Ngou_Im > （皆）部下去聲,153
pī,背,邊基切,以背負物曰－,004_Tie_Siann_Tsap_Ngou_Im > （基）部下去聲,110
pī,臂,邊基切,俗曰－手臂,004_Tie_Siann_Tsap_Ngou_Im > （基）部下去聲,110
pī,秘,邊基切,不究合－傳－按,004_Tie_Siann_Tsap_Ngou_Im > （基）部下去聲,110
pī,庇,邊基切,保－也庇－,004_Tie_Siann_Tsap_Ngou_Im > （基）部下去聲,110
pī,彎,邊基切,曰－控馬客,004_Tie_Siann_Tsap_Ngou_Im > （基）部下去聲,110
pī,泌,邊基切,失水也,004_Tie_Siann_Tsap_Ngou_Im > （基）部下去聲,110
pī,疕,邊基切,病脚冷渥,004_Tie_Siann_Tsap_Ngou_Im > （基）部下去聲,110
pī,閥,邊基切,隱而不發曰－,004_Tie_Siann_Tsap_Ngou_Im > （基）部下去聲,110
pī,育,邊基切,朱飾也又,004_Tie_Siann_Tsap_Ngou_Im > （基）部下去聲,110
pīm,醫,邊金切,醫髮頸之,004_Tie_Siann_Tsap_Ngou_Im > （金）部下去聲,50
pīm,兩,邊金切,傍曰兩,004_Tie_Siann_Tsap_Ngou_Im > （金）部下去聲,50
pīm,遍,邊金切,普及也遍野遍,004_Tie_Siann_Tsap_Ngou_Im > （金）部下去聲,50
pīm,偏,邊金切,同上週,004_Tie_Siann_Tsap_Ngou_Im > （金）部下去聲,50
pīm,箋,邊金切,械之宗裔,004_Tie_Siann_Tsap_Ngou_Im > （金）部下去聲,50
pīm,者,邊金切,甚繁者,004_Tie_Siann_Tsap_Ngou_Im > （金）部下去聲,50
pīm,髦,邊金切,同上,004_Tie_Siann_Tsap_Ngou_Im > （金）部下去聲,50
pīm,髻,邊金切,同上,004_Tie_Siann_Tsap_Ngou_Im > （金）部下去聲,50
pō,報,邊歌切,告之後知日,004_Tie_Siann_Tsap_Ngou_Im > （歌）部下去聲,195
pō,同,邊歌切,上同本,004_Tie_Siann_Tsap_Ngou_Im > （歌）部下去聲,195
pōi,疥,邊雞切,瘡疥皮膚之疾也,004_Tie_Siann_Tsap_Ngou_Im > （雞）部下去聲,60
pōu,布,邊姑切,凡為衣衫之物曰布,004_Tie_Siann_Tsap_Ngou_Im > （姑）部下去聲,83
pōu,棉,邊姑切,棉苧棉當棉夏棉,004_Tie_Siann_Tsap_Ngou_Im > （姑）部下去聲,83
pōu,佈,邊姑切,佈廣蔽也,004_Tie_Siann_Tsap_Ngou_Im > （姑）部下去聲,83
pōu,編,邊姑切,也如俗編田,004_Tie_Siann_Tsap_Ngou_Im > （姑）部下去聲,83
pōu,傅,邊姑切,姓也,004_Tie_Siann_Tsap_Ngou_Im > （姑）部下去聲,83
pū,富,邊龜切,裕於財曰富富貧富家,004_Tie_Siann_Tsap_Ngou_Im > （龜）部下去聲,317
pū,佈,邊龜切,遍也佈政佈施,004_Tie_Siann_Tsap_Ngou_Im > （龜）部下去聲,317
pū,怖,邊龜切,畏也恐也,004_Tie_Siann_Tsap_Ngou_Im > （龜）部下去聲,317
pūa,邦,邊⿴囗瓜切,邊國日友邦國某邦他,004_Tie_Siann_Tsap_Ngou_Im > （⿴囗瓜）部下去聲,246
pūa,班,邊⿴囗瓜切,脈也霸有五班挾班稱盛也布也,004_Tie_Siann_Tsap_Ngou_Im > （⿴囗瓜）部下去聲,246
pūa,帮,邊⿴囗瓜切,助也帮又行帮手帮作,004_Tie_Siann_Tsap_Ngou_Im > （⿴囗瓜）部下去聲,246
pūa,帮,邊⿴囗瓜切,同上,004_Tie_Siann_Tsap_Ngou_Im > （⿴囗瓜）部下去聲,246
pūa,杉,邊⿴囗瓜切,木版也厚杉薄杉分杉,004_Tie_Siann_Tsap_Ngou_Im > （⿴囗瓜）部下去聲,246
pūa,方,邊⿴囗瓜切,當也 四方行某方言某稽,004_Tie_Siann_Tsap_Ngou_Im > （⿴囗瓜）部下去聲,246
pūa,崩,邊⿴囗瓜切,頹敗也山崩地崩,004_Tie_Siann_Tsap_Ngou_Im > （⿴囗瓜）部下去聲,246
pūa,綳,邊⿴囗瓜切,縛也,004_Tie_Siann_Tsap_Ngou_Im > （⿴囗瓜）部下去聲,246
pūa,癖,邊⿴囗瓜切,痕也,004_Tie_Siann_Tsap_Ngou_Im > （⿴囗瓜）部下去聲,246
pūn,機,邊君切,糞也,004_Tie_Siann_Tsap_Ngou_Im > （君）部下去聲,17
pūn,工,邊君切,除,004_Tie_Siann_Tsap_Ngou_Im > （君）部下去聲,17
pṳ,琚,邊居切,也珮琚玉,004_Tie_Siann_Tsap_Ngou_Im > （居）部上平聲,177
pṳ,裾,邊居切,彩裾衣復曰裾,004_Tie_Siann_Tsap_Ngou_Im > （居）部上平聲,177
pṳ,脹,邊居切,痔背也,004_Tie_Siann_Tsap_Ngou_Im > （居）部上平聲,179
pṳ,背,邊居切,同上,004_Tie_Siann_Tsap_Ngou_Im > （居）部上平聲,179
pṳ,裋,邊居切,也登山川,004_Tie_Siann_Tsap_Ngou_Im > （居）部上平聲,179
pṳ̂,巨,邊居切,物之大者曰 如萬省 鉅 同上大也 又剛鐵也,004_Tie_Siann_Tsap_Ngou_Im > （居）部下平聲,183
pṳ̂,訛,邊居切,知之能者曰 知能非,004_Tie_Siann_Tsap_Ngou_Im > （居）部下平聲,183
pṳ̂,拒,邊居切,手與手搏曰 疏捕紙,004_Tie_Siann_Tsap_Ngou_Im > （居）部下平聲,183
pṳ̂,距,邊居切,彼此相離文曰 相捆相隔,004_Tie_Siann_Tsap_Ngou_Im > （居）部下平聲,183
pẽ,父,邊家切,生身之本曰父母,004_Tie_Siann_Tsap_Ngou_Im > （家）部下上聲,27
pẽ,下,邊家切,生下齿下削下,004_Tie_Siann_Tsap_Ngou_Im > （家）部下上聲,27
pẽ,求,邊家切,下 高上低處,004_Tie_Siann_Tsap_Ngou_Im > （家）部下上聲,27
pẽ,日,邊家切,下土音,004_Tie_Siann_Tsap_Ngou_Im > （家）部下上聲,27
sa,砂,時膠切,正音長ー又堆與家調近山,004_Tie_Siann_Tsap_Ngou_Im > （膠）部上平聲,262
sa,為,時膠切,ー又碎ー神ー,004_Tie_Siann_Tsap_Ngou_Im > （膠）部上平聲,262
sai,烏,時皆切,在行曰烏又,004_Tie_Siann_Tsap_Ngou_Im > （皆）部上平聲,148
sai,船,時皆切,行快曰好船又,004_Tie_Siann_Tsap_Ngou_Im > （皆）部上平聲,148
sai,曰,時皆切,黃液,004_Tie_Siann_Tsap_Ngou_Im > （皆）部上平聲,148
sak,塞,時江切,閑而不遇塞芹塞塞 聽生也,004_Tie_Siann_Tsap_Ngou_Im > （江）部上入聲,252
sak,虱,時江切,似細蟲 爬生,004_Tie_Siann_Tsap_Ngou_Im > （江）部上入聲,252
sak,蚊,時江切,同上頭上生者為虱身上生皆蝨也白也,004_Tie_Siann_Tsap_Ngou_Im > （江）部上入聲,252
sak,虹,時江切,同上又藥名有蚑虹,004_Tie_Siann_Tsap_Ngou_Im > （江）部上入聲,252
sak,薩,時江切,菩薩神佛之稱也又姓,004_Tie_Siann_Tsap_Ngou_Im > （江）部上入聲,252
sam,三,時甘切,數目也正音三,004_Tie_Siann_Tsap_Ngou_Im > （甘）部上平聲,330
sam,杉,時甘切,木之直性也,004_Tie_Siann_Tsap_Ngou_Im > （甘）部上平聲,330
sam,帆,時甘切,衣敝曰帆懼帆,004_Tie_Siann_Tsap_Ngou_Im > （甘）部上平聲,330
san,拿,時柑切,以手執物曰拿又搭,004_Tie_Siann_Tsap_Ngou_Im > （柑）部上平聲,320
san,那,時柑切,那里那妝那如其義與何同也又俚通,004_Tie_Siann_Tsap_Ngou_Im > （柑）部上平聲,320
san,欖,時柑切,名橄欖果,004_Tie_Siann_Tsap_Ngou_Im > （柑）部上平聲,320
san,求,時柑切,敢 凡事不畏曰求又勇也能也,004_Tie_Siann_Tsap_Ngou_Im > （柑）部上平聲,320
san,又,時柑切,勇也能曰又,004_Tie_Siann_Tsap_Ngou_Im > （柑）部上平聲,320
san,地,時柑切,胆 中清之廟曰地料事膽同上,004_Tie_Siann_Tsap_Ngou_Im > （柑）部上平聲,320
san,能,時柑切,中胸中有能,004_Tie_Siann_Tsap_Ngou_Im > （柑）部上平聲,320
san,瑪,時柑切,美似玉,004_Tie_Siann_Tsap_Ngou_Im > （柑）部上平聲,320
sau,院,時鈎切,完也,004_Tie_Siann_Tsap_Ngou_Im > （鈎）部上平聲,173
se,紗,時家切,掃紗羅紗,004_Tie_Siann_Tsap_Ngou_Im > （家）部上平聲,21
se,洋,時家切,裝 衣也洋佛,004_Tie_Siann_Tsap_Ngou_Im > （家）部上平聲,21
se̍h,席,時佳切,卓席筵席,004_Tie_Siann_Tsap_Ngou_Im > （佳）部下入聲,329
se̍h,又,時佳切,稱也,004_Tie_Siann_Tsap_Ngou_Im > （佳）部下入聲,329
se̍k,熟,時弓切,熟果熟則洛物熟則工藝熟則燭事,004_Tie_Siann_Tsap_Ngou_Im > （弓）部下入聲,306
seⁿ,生,時庚切,生胎生卵生濃生,004_Tie_Siann_Tsap_Ngou_Im > （庚）部上平聲,224
seⁿ,調,時庚切,之三調,004_Tie_Siann_Tsap_Ngou_Im > （庚）部上平聲,224
seⁿ,牡,時庚切,牡口俗有,004_Tie_Siann_Tsap_Ngou_Im > （庚）部上平聲,224
seⁿ,三,時庚切,三五三,004_Tie_Siann_Tsap_Ngou_Im > （庚）部上平聲,224
seⁿ,鈷,時庚切,五金之鈷其性,004_Tie_Siann_Tsap_Ngou_Im > （庚）部上平聲,224
seⁿ,剛,時庚切,銛則化,004_Tie_Siann_Tsap_Ngou_Im > （庚）部上平聲,224
seⁿ,省,時庚切,中國十八省今增如來三省,004_Tie_Siann_Tsap_Ngou_Im > （庚）部上平聲,225
seⁿ,又,時庚切,如劑又城又垣,004_Tie_Siann_Tsap_Ngou_Im > （庚）部上平聲,225
si,司,時基切,主司有司省城有三司,004_Tie_Siann_Tsap_Ngou_Im > （基）部上平聲,97
si,施,時基切,富施行楽施又姓施,004_Tie_Siann_Tsap_Ngou_Im > （基）部上平聲,97
si,詩,時基切,居時畧詩詞詩,004_Tie_Siann_Tsap_Ngou_Im > （基）部上平聲,97
si,尸,時基切,人兄其身曰尸,004_Tie_Siann_Tsap_Ngou_Im > （基）部上平聲,97
si,屍,時基切,同上尢人身也,004_Tie_Siann_Tsap_Ngou_Im > （基）部上平聲,97
si,絲,時基切,蚕絲奉絲如蛛絲,004_Tie_Siann_Tsap_Ngou_Im > （基）部上平聲,97
si,筮,時基切,疑也筮毛以草決,004_Tie_Siann_Tsap_Ngou_Im > （基）部上平聲,97
siam,木,時兼切,茂也,004_Tie_Siann_Tsap_Ngou_Im > （兼）部上平聲,86
siam,洋,時兼切,洋人,004_Tie_Siann_Tsap_Ngou_Im > （兼）部上平聲,86
siam,單,時兼切,類之,004_Tie_Siann_Tsap_Ngou_Im > （兼）部上平聲,86
siam,高,時兼切,農青者,004_Tie_Siann_Tsap_Ngou_Im > （兼）部上平聲,86
siam,真,時兼切,柔嫩也,004_Tie_Siann_Tsap_Ngou_Im > （兼）部上平聲,86
sian,仙,時堅切,回 天神 無繫累者,004_Tie_Siann_Tsap_Ngou_Im > （堅）部上平聲,116
sian,僊,時堅切,同上無度氣者曰,004_Tie_Siann_Tsap_Ngou_Im > （堅）部上平聲,116
sian,嬢,時堅切,援也肥,004_Tie_Siann_Tsap_Ngou_Im > （堅）部上平聲,116
sian,相,時堅切,連并之況 親愛況,004_Tie_Siann_Tsap_Ngou_Im > （堅）部上平聲,116
sian,湘,時堅切,江 省,004_Tie_Siann_Tsap_Ngou_Im > （堅）部上平聲,116
sian,姐,時堅切,竹名 妣又,004_Tie_Siann_Tsap_Ngou_Im > （堅）部上平聲,116
siang,箱,時薑切,木箱以箱竹箱,004_Tie_Siann_Tsap_Ngou_Im > （薑）部上平聲,348
siang,衣,時薑切,衣書衣,004_Tie_Siann_Tsap_Ngou_Im > （薑）部上平聲,348
siang,廟,時薑切,廟寢堂之屋也,004_Tie_Siann_Tsap_Ngou_Im > （薑）部上平聲,348
siang,廟,時薑切,庭也,004_Tie_Siann_Tsap_Ngou_Im > （薑）部上平聲,348
siang,傷,時薑切,傷損傷心傷情傷受傷打傷,004_Tie_Siann_Tsap_Ngou_Im > （薑）部上平聲,348
siang,鑲,時薑切,以原質之入以他質曰鑲,004_Tie_Siann_Tsap_Ngou_Im > （薑）部上平聲,348
siang,如,時薑切,金之如玉木之如牙也,004_Tie_Siann_Tsap_Ngou_Im > （薑）部上平聲,348
sia̍p,泄,時兼切,滿也級也又多人貌,004_Tie_Siann_Tsap_Ngou_Im > （兼）部下入聲,95
sia̍p,絀,時兼切,彀也又馬縺也,004_Tie_Siann_Tsap_Ngou_Im > （兼）部下入聲,95
sia̍p,純,時兼切,雙也又曰罪人也淡疾,004_Tie_Siann_Tsap_Ngou_Im > （兼）部下入聲,95
sia̍p,渡,時兼切,泄滿也同,004_Tie_Siann_Tsap_Ngou_Im > （兼）部下入聲,95
sia̍p,沙,時兼切,行水也又交沙千沙,004_Tie_Siann_Tsap_Ngou_Im > （兼）部下入聲,95
siaⁿ,響,時京切,則日響且有所聞日,004_Tie_Siann_Tsap_Ngou_Im > （京）部上平聲,132
siaⁿ,出,時京切,口成出音,004_Tie_Siann_Tsap_Ngou_Im > （京）部上平聲,132
sih,蔣,時基切,桂也,004_Tie_Siann_Tsap_Ngou_Im > （基）部上入聲,104
sih,起,時基切,走也,004_Tie_Siann_Tsap_Ngou_Im > （基）部上入聲,104
sim,心,時金切,人身之主也,004_Tie_Siann_Tsap_Ngou_Im > （金）部上平聲,43
sim,芯,時金切,灶名,004_Tie_Siann_Tsap_Ngou_Im > （金）部上平聲,43
sim,審,時金切,祖求也理,004_Tie_Siann_Tsap_Ngou_Im > （金）部上平聲,44
sim,也,時金切,也忠,004_Tie_Siann_Tsap_Ngou_Im > （金）部上平聲,44
sim,婚,時金切,叔父之女,004_Tie_Siann_Tsap_Ngou_Im > （金）部上平聲,44
sim,曰,時金切,曰母,004_Tie_Siann_Tsap_Ngou_Im > （金）部上平聲,44
sim,沈,時金切,姓也又水之,004_Tie_Siann_Tsap_Ngou_Im > （金）部上平聲,44
sim,淵,時金切,者也陸上瀑,004_Tie_Siann_Tsap_Ngou_Im > （金）部上平聲,44
sim,泉,時金切,也,004_Tie_Siann_Tsap_Ngou_Im > （金）部上平聲,44
sim,飪,時金切,烹飪食也,004_Tie_Siann_Tsap_Ngou_Im > （金）部上平聲,44
sim,飪,時金切,同上飪熟也,004_Tie_Siann_Tsap_Ngou_Im > （金）部上平聲,44
sim,過,時金切,淡也,004_Tie_Siann_Tsap_Ngou_Im > （金）部上平聲,44
sim,往,時金切,蔽茸又柔也,004_Tie_Siann_Tsap_Ngou_Im > （金）部上平聲,44
sim,又,時金切,侵尋也,004_Tie_Siann_Tsap_Ngou_Im > （金）部上平聲,44
sim,恁,時金切,思念也又,004_Tie_Siann_Tsap_Ngou_Im > （金）部上平聲,44
sim,下,時金切,脊也,004_Tie_Siann_Tsap_Ngou_Im > （金）部上平聲,44
sim,岆,時金切,山曲也又,004_Tie_Siann_Tsap_Ngou_Im > （金）部上平聲,44
sim,山,時金切,高也,004_Tie_Siann_Tsap_Ngou_Im > （金）部上平聲,44
sim,軷,時金切,車之初起,004_Tie_Siann_Tsap_Ngou_Im > （金）部上平聲,44
sim,而,時金切,行曰軷而,004_Tie_Siann_Tsap_Ngou_Im > （金）部上平聲,44
sin,新,時⿴囗君切,日新舊鮮,004_Tie_Siann_Tsap_Ngou_Im > （⿴囗君）部上平聲,161
sin,辛,時⿴囗君切,苦辛金 木辛庚辛,004_Tie_Siann_Tsap_Ngou_Im > （⿴囗君）部上平聲,161
sin,身,時⿴囗君切,人之體曰身 分身家,004_Tie_Siann_Tsap_Ngou_Im > （⿴囗君）部上平聲,161
sin,申,時⿴囗君切,地支之申 申伸也,004_Tie_Siann_Tsap_Ngou_Im > （⿴囗君）部上平聲,161
sin,伸,時⿴囗君切,伸縮 能屈能伸,004_Tie_Siann_Tsap_Ngou_Im > （⿴囗君）部上平聲,161
sin,紳,時⿴囗君切,紳縉士,004_Tie_Siann_Tsap_Ngou_Im > （⿴囗君）部上平聲,161
sin,俤,時⿴囗君切,神名,004_Tie_Siann_Tsap_Ngou_Im > （⿴囗君）部上平聲,161
sioh,惜,時燒切,愛惜可惜基惜,004_Tie_Siann_Tsap_Ngou_Im > （燒）部上入聲,355
sioh,數,時燒切,數福數物,004_Tie_Siann_Tsap_Ngou_Im > （燒）部上入聲,355
siou,道,時嬌切,遠道小,004_Tie_Siann_Tsap_Ngou_Im > （嬌）部上平聲,270
siou,消,時嬌切,耗消息消,004_Tie_Siann_Tsap_Ngou_Im > （嬌）部上平聲,270
siou,銷,時嬌切,証銷化銷耗,004_Tie_Siann_Tsap_Ngou_Im > （嬌）部上平聲,270
siou,霄,時嬌切,沖霄漢雲霄,004_Tie_Siann_Tsap_Ngou_Im > （嬌）部上平聲,270
siou,霄,時嬌切,夜也中,004_Tie_Siann_Tsap_Ngou_Im > （嬌）部上平聲,270
siou,硝,時嬌切,硝黃玻,004_Tie_Siann_Tsap_Ngou_Im > （嬌）部上平聲,270
siou,蛸,時嬌切,蛸海蜂,004_Tie_Siann_Tsap_Ngou_Im > （嬌）部上平聲,270
siou,綃,時嬌切,生絹也,004_Tie_Siann_Tsap_Ngou_Im > （嬌）部上平聲,271
siou,蕭,時嬌切,疏蕭俗蕭,004_Tie_Siann_Tsap_Ngou_Im > （嬌）部上平聲,271
siou,簫,時嬌切,玉簫琯簫風簫,004_Tie_Siann_Tsap_Ngou_Im > （嬌）部上平聲,271
siou,瀟,時嬌切,艸瀟兩,004_Tie_Siann_Tsap_Ngou_Im > （嬌）部上平聲,271
siou,魁,時嬌切,山魁山,004_Tie_Siann_Tsap_Ngou_Im > （嬌）部上平聲,271
siou,天,時嬌切,桃天弄,004_Tie_Siann_Tsap_Ngou_Im > （嬌）部上平聲,271
siou,嘤,時嬌切,虫嘤草,004_Tie_Siann_Tsap_Ngou_Im > （嬌）部上平聲,271
siou,妖,時嬌切,妖邪妖蛇妖怪妖婚,004_Tie_Siann_Tsap_Ngou_Im > （嬌）部上平聲,271
siou,便,時嬌切,腰細也,004_Tie_Siann_Tsap_Ngou_Im > （嬌）部上平聲,271
siou,萋,時嬌切,草盛,004_Tie_Siann_Tsap_Ngou_Im > （嬌）部上平聲,271
siou,痾,時嬌切,三痾病疢痾滔,004_Tie_Siann_Tsap_Ngou_Im > （嬌）部上平聲,271
siou,搜,時嬌切,搜家搜,004_Tie_Siann_Tsap_Ngou_Im > （嬌）部上平聲,271
siou,祆,時嬌切,偶也祆尋素,004_Tie_Siann_Tsap_Ngou_Im > （嬌）部上平聲,271
siou,要,時嬌切,求也意也,004_Tie_Siann_Tsap_Ngou_Im > （嬌）部上平聲,271
siou,幺,時嬌切,小也俗作么,004_Tie_Siann_Tsap_Ngou_Im > （嬌）部上平聲,271
siou,殀,時嬌切,殀短命也即,004_Tie_Siann_Tsap_Ngou_Im > （嬌）部上平聲,271
siou,訳,時嬌切,巧言也,004_Tie_Siann_Tsap_Ngou_Im > （嬌）部上平聲,271
siou,伏,時嬌切,伸也伏偽不,004_Tie_Siann_Tsap_Ngou_Im > （嬌）部上平聲,271
siou,祆,時嬌切,偽也,004_Tie_Siann_Tsap_Ngou_Im > （嬌）部上平聲,271
siou̍h,果,時嬌切,名有青,004_Tie_Siann_Tsap_Ngou_Im > （嬌）部下入聲,279
sip,濕,時金切,水潤也如地低則濕又濕間,004_Tie_Siann_Tsap_Ngou_Im > （金）部上入聲,46
sip,照,時金切,州名人下照照不乾也,004_Tie_Siann_Tsap_Ngou_Im > （金）部上入聲,46
sip,濕,時金切,土水之乳合而嵩濕又濕氣,004_Tie_Siann_Tsap_Ngou_Im > （金）部上入聲,46
sip,霆,時金切,霆雷霆大貌霆南聲也,004_Tie_Siann_Tsap_Ngou_Im > （金）部上入聲,46
sip,把,時金切,兩手合拱把礼也,004_Tie_Siann_Tsap_Ngou_Im > （金）部上入聲,46
sip,巴,時金切,潮州九巴都巴,004_Tie_Siann_Tsap_Ngou_Im > （金）部上入聲,46
sip,掬,時金切,拱掬謀,004_Tie_Siann_Tsap_Ngou_Im > （金）部上入聲,46
sip,他,時金切,易此之兒,004_Tie_Siann_Tsap_Ngou_Im > （金）部上入聲,46
sip,泥,時金切,濕潤也,004_Tie_Siann_Tsap_Ngou_Im > （金）部上入聲,46
sip,怛,時金切,不安也,004_Tie_Siann_Tsap_Ngou_Im > （金）部上入聲,46
sip,笆,時金切,也捕魚具,004_Tie_Siann_Tsap_Ngou_Im > （金）部上入聲,46
siu,師,時鳩切,也算也,004_Tie_Siann_Tsap_Ngou_Im > （鳩）部上平聲,230
siu,理,時鳩切,也,004_Tie_Siann_Tsap_Ngou_Im > （鳩）部上平聲,230
siu,束,時鳩切,束身,004_Tie_Siann_Tsap_Ngou_Im > （鳩）部上平聲,230
siu,膳,時鳩切,進献也,004_Tie_Siann_Tsap_Ngou_Im > （鳩）部上平聲,230
siu,栉,時鳩切,栉牙栉角,004_Tie_Siann_Tsap_Ngou_Im > （鳩）部上平聲,230
siu,不,時鳩切,密曰,004_Tie_Siann_Tsap_Ngou_Im > （鳩）部上平聲,230
siu̍h,即,時鳩切,如即石朩結時,004_Tie_Siann_Tsap_Ngou_Im > （鳩）部下入聲,239
siu̍h,名,時鳩切,魚曰名魚,004_Tie_Siann_Tsap_Ngou_Im > （鳩）部下入聲,239
siu̍h,其,時鳩切,度曰其,004_Tie_Siann_Tsap_Ngou_Im > （鳩）部下入聲,239
siu̍h,也,時鳩切,病症,004_Tie_Siann_Tsap_Ngou_Im > （鳩）部下入聲,239
siu̍h,人,時鳩切,之自稱曰人,004_Tie_Siann_Tsap_Ngou_Im > （鳩）部下入聲,240
siu̍h,有,時鳩切,所依賴曰有門有勢,004_Tie_Siann_Tsap_Ngou_Im > （鳩）部下入聲,240
siu̍h,同,時鳩切,上彬改曰同,004_Tie_Siann_Tsap_Ngou_Im > （鳩）部下入聲,240
siàn,設,時堅切,凡制者,004_Tie_Siann_Tsap_Ngou_Im > （堅）部上去聲,123
siàn,日,時堅切,日局,004_Tie_Siann_Tsap_Ngou_Im > （堅）部上去聲,123
siàn,肩,時堅切,木肩鋸小,004_Tie_Siann_Tsap_Ngou_Im > （堅）部上去聲,123
siàn,削,時堅切,刻治曰削,004_Tie_Siann_Tsap_Ngou_Im > （堅）部上去聲,123
siàn,硯,時堅切,凡大之稱曰硯,004_Tie_Siann_Tsap_Ngou_Im > （堅）部上去聲,123
siàn,望,時堅切,人望鼠,004_Tie_Siann_Tsap_Ngou_Im > （堅）部上去聲,123
siàn,楫,時堅切,木名,004_Tie_Siann_Tsap_Ngou_Im > （堅）部上去聲,123
siàn,榖,時堅切,也枳榖械,004_Tie_Siann_Tsap_Ngou_Im > （堅）部上去聲,123
siàⁿ,械,時京切,乘他者曰大械,004_Tie_Siann_Tsap_Ngou_Im > （京）部上去聲,134
siàⁿ,備,時京切,設者曰異備,004_Tie_Siann_Tsap_Ngou_Im > （京）部上去聲,134
siám,閃,時兼切,偏側曰閃又閃電 陝 地偏僻不足曰閃,004_Tie_Siann_Tsap_Ngou_Im > （兼）部上上聲,87
siám,遲,時兼切,西方有道罹國名也,004_Tie_Siann_Tsap_Ngou_Im > （兼）部上上聲,88
siâm,鷦,時兼切,渚满之滴,004_Tie_Siann_Tsap_Ngou_Im > （兼）部下平聲,92
siâm,水,時兼切,曰鷦,004_Tie_Siann_Tsap_Ngou_Im > （兼）部下平聲,92
siâm,樫,時兼切,曰所以承瀝者,004_Tie_Siann_Tsap_Ngou_Im > （兼）部下平聲,92
siâm,又,時兼切,避雨,004_Tie_Siann_Tsap_Ngou_Im > （兼）部下平聲,92
siâm,蟳,時兼切,蛉月累之精,004_Tie_Siann_Tsap_Ngou_Im > （兼）部下平聲,92
siâm,光,時兼切,也玉金,004_Tie_Siann_Tsap_Ngou_Im > （兼）部下平聲,92
siân,庠,時堅切,學校文廟，名當有庠,004_Tie_Siann_Tsap_Ngou_Im > （堅）部下平聲,125
siân,伴,時堅切,詐也偽也,004_Tie_Siann_Tsap_Ngou_Im > （堅）部下平聲,125
siân,詳,時堅切,兒事知之微，曰詳細詳,004_Tie_Siann_Tsap_Ngou_Im > （堅）部下平聲,125
siân,祥,時堅切,瑞祥雲,004_Tie_Siann_Tsap_Ngou_Im > （堅）部下平聲,125
siân,翔,時堅切,鳥來不棲其,004_Tie_Siann_Tsap_Ngou_Im > （堅）部下平聲,125
siân,裳,時堅切,下衣曰裳，俗裙也,004_Tie_Siann_Tsap_Ngou_Im > （堅）部下平聲,125
siân,單,時堅切,姓也,004_Tie_Siann_Tsap_Ngou_Im > （堅）部下平聲,125
siân,嬋,時堅切,娟月中，仙女也,004_Tie_Siann_Tsap_Ngou_Im > （堅）部下平聲,125
siân,嫦,時堅切,娥中女也，娥光嫦城月,004_Tie_Siann_Tsap_Ngou_Im > （堅）部下平聲,125
siân,蟬,時堅切,嗚蟬秋，入蟬羣,004_Tie_Siann_Tsap_Ngou_Im > （堅）部下平聲,125
siân,埠,時堅切,四土也,004_Tie_Siann_Tsap_Ngou_Im > （堅）部下平聲,125
siân,艸,時堅切,下，須在類,004_Tie_Siann_Tsap_Ngou_Im > （堅）部下平聲,125
siân,痒,時堅切,也，肩痒,004_Tie_Siann_Tsap_Ngou_Im > （堅）部下平聲,125
siân,易,時堅切,開也,004_Tie_Siann_Tsap_Ngou_Im > （堅）部下平聲,125
siân,暘,時堅切,明也,004_Tie_Siann_Tsap_Ngou_Im > （堅）部下平聲,125
siân,揚,時堅切,揚柳絡揚顧,004_Tie_Siann_Tsap_Ngou_Im > （堅）部下平聲,125
siân,錫,時堅切,錫聲也，鴉錫,004_Tie_Siann_Tsap_Ngou_Im > （堅）部下平聲,125
siân,楊,時堅切,道種,004_Tie_Siann_Tsap_Ngou_Im > （堅）部下平聲,125
siân,煬,時堅切,天也,004_Tie_Siann_Tsap_Ngou_Im > （堅）部下平聲,125
siân,颺,時堅切,風也，引颺,004_Tie_Siann_Tsap_Ngou_Im > （堅）部下平聲,125
siân,爰,時堅切,也，引辭,004_Tie_Siann_Tsap_Ngou_Im > （堅）部下平聲,125
siân,媛,時堅切,美女也，又助，飛玉帶,004_Tie_Siann_Tsap_Ngou_Im > （堅）部下平聲,125
siân,淩,時堅切,渰淩水渡，說,004_Tie_Siann_Tsap_Ngou_Im > （堅）部下平聲,125
siân,援,時堅切,引也，拔,004_Tie_Siann_Tsap_Ngou_Im > （堅）部下平聲,125
siân,延,時堅切,延長寄，又引鉤也，笙延延開延酒延,004_Tie_Siann_Tsap_Ngou_Im > （堅）部下平聲,125
siân,邸,時堅切,地名,004_Tie_Siann_Tsap_Ngou_Im > （堅）部下平聲,125
siân,誕,時堅切,說也,004_Tie_Siann_Tsap_Ngou_Im > （堅）部下平聲,125
siân,挺,時堅切,八挺地之八，際也,004_Tie_Siann_Tsap_Ngou_Im > （堅）部下平聲,125
siân,梃,時堅切,木名,004_Tie_Siann_Tsap_Ngou_Im > （堅）部下平聲,125
siân,涎,時堅切,也口中津液，也嗑涎液涎,004_Tie_Siann_Tsap_Ngou_Im > （堅）部下平聲,125
siân,芫,時堅切,芫蘭蒿,004_Tie_Siann_Tsap_Ngou_Im > （堅）部下平聲,125
siân,紈,時堅切,素也紈,004_Tie_Siann_Tsap_Ngou_Im > （堅）部下平聲,125
siân,伴,時堅切,倚也，鷓伴,004_Tie_Siann_Tsap_Ngou_Im > （堅）部下平聲,125
siân,鵝,時堅切,商鵝烏,004_Tie_Siann_Tsap_Ngou_Im > （堅）部下平聲,125
siân,唁,時堅切,吊死曰唁，吊吊生曰唁,004_Tie_Siann_Tsap_Ngou_Im > （堅）部下平聲,125
siân,綿,時堅切,綿長綿京,004_Tie_Siann_Tsap_Ngou_Im > （堅）部下平聲,125
siân,儒,時堅切,觀儒低,004_Tie_Siann_Tsap_Ngou_Im > （堅）部下平聲,125
siân,絲,時堅切,絲丰柔之,004_Tie_Siann_Tsap_Ngou_Im > （堅）部下平聲,125
siân,細,時堅切,細想細,004_Tie_Siann_Tsap_Ngou_Im > （堅）部下平聲,125
siân,佃,時堅切,皆也，又,004_Tie_Siann_Tsap_Ngou_Im > （堅）部下平聲,125
siân,妍,時堅切,妍嬌妍美，雄也又,004_Tie_Siann_Tsap_Ngou_Im > （堅）部下平聲,125
siân,研,時堅切,磨也，充又,004_Tie_Siann_Tsap_Ngou_Im > （堅）部下平聲,125
siân,枅,時堅切,木名,004_Tie_Siann_Tsap_Ngou_Im > （堅）部下平聲,125
siân,泘,時堅切,名泘渭水,004_Tie_Siann_Tsap_Ngou_Im > （堅）部下平聲,125
siân,餅,時堅切,頭似鋸高,004_Tie_Siann_Tsap_Ngou_Im > （堅）部下平聲,125
siân,訕,時堅切,惹也，爭,004_Tie_Siann_Tsap_Ngou_Im > （堅）部下平聲,125
siân,覘,時堅切,猜三歲,004_Tie_Siann_Tsap_Ngou_Im > （堅）部下平聲,125
siâng,屡,時薑切,有之事屡見之物,004_Tie_Siann_Tsap_Ngou_Im > （薑）部下平聲,350
siâng,日,時薑切,尋日時日,004_Tie_Siann_Tsap_Ngou_Im > （薑）部下平聲,350
siâng,茱,時薑切,茱又神農茱百草,004_Tie_Siann_Tsap_Ngou_Im > （薑）部下平聲,350
siâng,又,時薑切,又藥又味又新,004_Tie_Siann_Tsap_Ngou_Im > （薑）部下平聲,350
siâng,賠,時薑切,人以物曰賠,004_Tie_Siann_Tsap_Ngou_Im > （薑）部下平聲,350
siâng,相,時薑切,相賠相,004_Tie_Siann_Tsap_Ngou_Im > （薑）部下平聲,350
siãn,繕,時堅切,治也補也繕寫,004_Tie_Siann_Tsap_Ngou_Im > （堅）部下上聲,127
siãn,蟾,時堅切,全白蟾又蛆,004_Tie_Siann_Tsap_Ngou_Im > （堅）部下上聲,127
siãn,蟾,時堅切,有沙無沈,004_Tie_Siann_Tsap_Ngou_Im > （堅）部下上聲,127
siãn,鱄,時堅切,似鱸 魚名鮪,004_Tie_Siann_Tsap_Ngou_Im > （堅）部下上聲,128
siãn,燀,時堅切,炊也,004_Tie_Siann_Tsap_Ngou_Im > （堅）部下上聲,128
siãn,倘,時堅切,征倘也 林猶,004_Tie_Siann_Tsap_Ngou_Im > （堅）部下上聲,128
siãn,擅,時堅切,把持目矣 呉雅也 閩說,004_Tie_Siann_Tsap_Ngou_Im > （堅）部下上聲,128
siãn,償,時堅切,償訂,004_Tie_Siann_Tsap_Ngou_Im > （堅）部下上聲,128
siãng,想,時薑切,思也。春慈不忘曰。夢。,004_Tie_Siann_Tsap_Ngou_Im > （薑）部下上聲,351
siãⁿ,聖,時京切,明渾事理文而化之,004_Tie_Siann_Tsap_Ngou_Im > （京）部下上聲,138
siãⁿ,請,時京切,請至請人布請,004_Tie_Siann_Tsap_Ngou_Im > （京）部下上聲,138
siòu,遲,時嬌切,遲述道,004_Tie_Siann_Tsap_Ngou_Im > （嬌）部上去聲,275
siòu,璃,時嬌切,玉石也又良玉也,004_Tie_Siann_Tsap_Ngou_Im > （嬌）部上去聲,275
siòu,搖,時嬌切,搖搖風搖又動搖梳,004_Tie_Siann_Tsap_Ngou_Im > （嬌）部上去聲,275
siòu,傷,時嬌切,役也使也,004_Tie_Siann_Tsap_Ngou_Im > （嬌）部上去聲,275
siòu,謠,時嬌切,風謠東謠皆係楽,004_Tie_Siann_Tsap_Ngou_Im > （嬌）部上去聲,275
siòu,猗,時嬌切,之言也猗言,004_Tie_Siann_Tsap_Ngou_Im > （嬌）部上去聲,275
siòu,嗤,時嬌切,喜也來,004_Tie_Siann_Tsap_Ngou_Im > （嬌）部上去聲,275
siòu,嚙,時嬌切,也,004_Tie_Siann_Tsap_Ngou_Im > （嬌）部上去聲,275
siông,輅,時恭切,車行也,004_Tie_Siann_Tsap_Ngou_Im > （恭）部下平聲,158
siông,瀛,時恭切,水深廣,004_Tie_Siann_Tsap_Ngou_Im > （恭）部下平聲,158
siông,傭,時恭切,庸役于人日傭又等也作也,004_Tie_Siann_Tsap_Ngou_Im > （恭）部下平聲,158
siông,嶸,時恭切,嶺嶸山高也,004_Tie_Siann_Tsap_Ngou_Im > （恭）部下平聲,158
siông,燚,時恭切,燄火光也又燚堂,004_Tie_Siann_Tsap_Ngou_Im > （恭）部下平聲,158
siông,瀑,時恭切,水名其水中出汀南,004_Tie_Siann_Tsap_Ngou_Im > （恭）部下平聲,158
siông,楠,時恭切,木者作矢,004_Tie_Siann_Tsap_Ngou_Im > （恭）部下平聲,158
siông,榕,時恭切,樹大蓬十歡枝生報,004_Tie_Siann_Tsap_Ngou_Im > （恭）部下平聲,158
siông,蓉,時恭切,茗蓉花,004_Tie_Siann_Tsap_Ngou_Im > （恭）部下平聲,158
siông,榮,時恭切,榮榮桔榮發之茂威同上如花木,004_Tie_Siann_Tsap_Ngou_Im > （恭）部下平聲,158
siông,慵,時恭切,也懶惰,004_Tie_Siann_Tsap_Ngou_Im > （恭）部下平聲,158
siông,鑢,時恭切,鑢鐘也鑲大,004_Tie_Siann_Tsap_Ngou_Im > （恭）部下平聲,158
siông,螢,時恭切,虫腹有光螢大螢光螢,004_Tie_Siann_Tsap_Ngou_Im > （恭）部下平聲,158
siông,堂,時恭切,芙玉也,004_Tie_Siann_Tsap_Ngou_Im > （恭）部下平聲,158
siông,盈,時恭切,盈枓則進又盈廳滿盈,004_Tie_Siann_Tsap_Ngou_Im > （恭）部下平聲,158
siông,盧,時恭切,飽盧餘利也,004_Tie_Siann_Tsap_Ngou_Im > （恭）部下平聲,158
siông,墉,時恭切,城也壁,004_Tie_Siann_Tsap_Ngou_Im > （恭）部下平聲,158
siông,嶼,時恭切,山名在建州,004_Tie_Siann_Tsap_Ngou_Im > （恭）部下平聲,158
siông,漈,時恭切,水泉水也回覲又,004_Tie_Siann_Tsap_Ngou_Im > （恭）部下平聲,158
siông,熒,時恭切,祭而除笑也,004_Tie_Siann_Tsap_Ngou_Im > （恭）部下平聲,158
siông,蔡,時恭切,羨也 觀,004_Tie_Siann_Tsap_Ngou_Im > （恭）部下平聲,159
siông,營,時恭切,経済也,004_Tie_Siann_Tsap_Ngou_Im > （恭）部下平聲,159
siông,又,時恭切,經 隔 城墻也,004_Tie_Siann_Tsap_Ngou_Im > （恭）部下平聲,159
siông,鄙,時恭切,附 戲,004_Tie_Siann_Tsap_Ngou_Im > （恭）部下平聲,159
siông,内,時恭切,地也,004_Tie_Siann_Tsap_Ngou_Im > （恭）部下平聲,159
siù,壽,時鳩切,人生五十歲屬上壽六十曰 下壽七十中壽八十上壽,004_Tie_Siann_Tsap_Ngou_Im > （鳩）部上去聲,233
siû,仑,時鳩切,缘仑因仑是仑此火仑豆仑茶仑麻仑鱼仑桐仑苻仑览仑胜仑优仑仑,004_Tie_Siann_Tsap_Ngou_Im > （鳩）部下平聲,235
siû,油,時鳩切,遊油庭周,004_Tie_Siann_Tsap_Ngou_Im > （鳩）部下平聲,235
siû,猹,時鳩切,比况之,004_Tie_Siann_Tsap_Ngou_Im > （鳩）部下平聲,235
siû,倘,時鳩切,待也,004_Tie_Siann_Tsap_Ngou_Im > （鳩）部下平聲,235
siû,猫,時鳩切,臭草,004_Tie_Siann_Tsap_Ngou_Im > （鳩）部下平聲,235
siām,聴,時兼切,聴足聴曲 健富曰聴 聴足聴家,004_Tie_Siann_Tsap_Ngou_Im > （兼）部下去聲,94
siām,浗,時兼切,波也,004_Tie_Siann_Tsap_Ngou_Im > （兼）部下去聲,94
siān,映,時堅切,按映光,004_Tie_Siann_Tsap_Ngou_Im > （堅）部下去聲,129
siān,酩,時堅切,酊酩飲酩,004_Tie_Siann_Tsap_Ngou_Im > （堅）部下去聲,129
siān,誣,時堅切,同上,004_Tie_Siann_Tsap_Ngou_Im > （堅）部下去聲,129
siān,嗄,時堅切,食也甘,004_Tie_Siann_Tsap_Ngou_Im > （堅）部下去聲,129
siān,燕,時堅切,燕富進燕西燕新州燕港口燕,004_Tie_Siann_Tsap_Ngou_Im > （堅）部下去聲,129
siāng,相,時薑切,善親氣已有曰,004_Tie_Siann_Tsap_Ngou_Im > （薑）部下去聲,352
siāng,像,時薑切,物形曰－,004_Tie_Siann_Tsap_Ngou_Im > （薑）部下去聲,352
siāng,畫,時薑切,－諳,004_Tie_Siann_Tsap_Ngou_Im > （薑）部下去聲,352
siāng,其,時薑切,餘空音者俱不錄,004_Tie_Siann_Tsap_Ngou_Im > （薑）部下去聲,352
siāng,部,時薑切,下入聲空音不錄,004_Tie_Siann_Tsap_Ngou_Im > （薑）部下去聲,352
siāng,字,時薑切,與皆字同韻故不錄,004_Tie_Siann_Tsap_Ngou_Im > （薑）部下去聲,352
siāng,字,時薑切,與歌字同韻亦不載,004_Tie_Siann_Tsap_Ngou_Im > （薑）部下去聲,352
siāng,字,時薑切,與基字同韻又不載,004_Tie_Siann_Tsap_Ngou_Im > （薑）部下去聲,352
siō,像,時燒切,芬形也皆,004_Tie_Siann_Tsap_Ngou_Im > （燒）部下去聲,357
siō,相,時燒切,生相,004_Tie_Siann_Tsap_Ngou_Im > （燒）部下去聲,357
siōu,數,時嬌切,天數算數又數目大數,004_Tie_Siann_Tsap_Ngou_Im > （嬌）部下去聲,278
siōu,少,時嬌切,女,004_Tie_Siann_Tsap_Ngou_Im > （嬌）部下去聲,278
siōu,肯,時嬌切,為子自稱,004_Tie_Siann_Tsap_Ngou_Im > （嬌）部下去聲,278
siōu,曰,時嬌切,不曰,004_Tie_Siann_Tsap_Ngou_Im > （嬌）部下去聲,278
siũ,曰,時鳩切,曰取其所與永曰,004_Tie_Siann_Tsap_Ngou_Im > （鳩）部下上聲,237
siũ,投,時鳩切,投以物與人曰投受投教曰投繫帛之頭印投,004_Tie_Siann_Tsap_Ngou_Im > （鳩）部下上聲,237
siũ,浸,時鳩切,浸水名也,004_Tie_Siann_Tsap_Ngou_Im > （鳩）部下上聲,237
siũ,設,時鳩切,設擬也,004_Tie_Siann_Tsap_Ngou_Im > （鳩）部下上聲,237
siũ,嗖,時鳩切,嗖同上記,004_Tie_Siann_Tsap_Ngou_Im > （鳩）部下上聲,237
siū,秀,時鳩切,承之呼拜曰秀又秀發秀,004_Tie_Siann_Tsap_Ngou_Im > （鳩）部下去聲,238
siū,屢,時鳩切,又士人道等曰屢才,004_Tie_Siann_Tsap_Ngou_Im > （鳩）部下去聲,238
si̍h,蝕,時基切,蝕物缺曰蝕俗曰廁,004_Tie_Siann_Tsap_Ngou_Im > （基）部下入聲,113
si̍p,又,時金切,鳥數飛也,004_Tie_Siann_Tsap_Ngou_Im > （金）部下入聲,53
si̍p,水,時金切,沸兒,004_Tie_Siann_Tsap_Ngou_Im > （金）部下入聲,53
si̍p,衣,時金切,評也,004_Tie_Siann_Tsap_Ngou_Im > （金）部下入聲,53
si̍p,無,時金切,形貌,004_Tie_Siann_Tsap_Ngou_Im > （金）部下入聲,53
si̍p,苑,時金切,也,004_Tie_Siann_Tsap_Ngou_Im > （金）部下入聲,53
si̍p,光,時金切,貌貌,004_Tie_Siann_Tsap_Ngou_Im > （金）部下入聲,53
si̍p,重,時金切,衣曰,004_Tie_Siann_Tsap_Ngou_Im > （金）部下入聲,53
si̍p,又,時金切,克美也,004_Tie_Siann_Tsap_Ngou_Im > （金）部下入聲,53
si̍p,收,時金切,也又,004_Tie_Siann_Tsap_Ngou_Im > （金）部下入聲,53
si̍p,嘀,時金切,馬鳴曰嘀馬嘀又聲破也,004_Tie_Siann_Tsap_Ngou_Im > （金）部下入聲,54
si̍p,稞,時金切,別名木稞桂之,004_Tie_Siann_Tsap_Ngou_Im > （金）部下入聲,54
sng,疫,時扛切,疫流行則足疫瘥 孩 疫眈,004_Tie_Siann_Tsap_Ngou_Im > （扛）部上平聲,285
sn̄g,莫,時扛切,－收－,004_Tie_Siann_Tsap_Ngou_Im > （扛）部下去聲,290
sn̄g,泳,時扛切,打－,004_Tie_Siann_Tsap_Ngou_Im > （扛）部下去聲,290
sn̄g,算,時扛切,同上,004_Tie_Siann_Tsap_Ngou_Im > （扛）部下去聲,290
sn̄g,蒜,時扛切,菜名－殘,004_Tie_Siann_Tsap_Ngou_Im > （扛）部下去聲,290
sn̍gh,升,時扛切,斗升十升日斗十合,004_Tie_Siann_Tsap_Ngou_Im > （扛）部下入聲,292
sn̍gh,陞,時扛切,登也陟也,004_Tie_Siann_Tsap_Ngou_Im > （扛）部下入聲,292
sn̍gh,生,時扛切,書生學門生,004_Tie_Siann_Tsap_Ngou_Im > （扛）部下入聲,292
sn̍gh,笙,時扛切,吹笙十笙黄笙吹黄,004_Tie_Siann_Tsap_Ngou_Im > （扛）部下入聲,292
sn̍gh,勝,時扛切,足也,004_Tie_Siann_Tsap_Ngou_Im > （扛）部下入聲,292
sn̍gh,旌,時扛切,旌旌行,004_Tie_Siann_Tsap_Ngou_Im > （扛）部下入聲,292
sn̍gh,犀,時扛切,能犀犀欺而,004_Tie_Siann_Tsap_Ngou_Im > （扛）部下入聲,292
sn̍gh,腥,時扛切,腥氣也,004_Tie_Siann_Tsap_Ngou_Im > （扛）部下入聲,292
sn̍gh,昇,時扛切,日上也又,004_Tie_Siann_Tsap_Ngou_Im > （扛）部下入聲,292
sn̍gh,鯉,時扛切,魚朵也,004_Tie_Siann_Tsap_Ngou_Im > （扛）部下入聲,292
so,長,時歌切,言也,004_Tie_Siann_Tsap_Ngou_Im > （歌）部上平聲,189
so,小,時歌切,也小廂細,004_Tie_Siann_Tsap_Ngou_Im > （歌）部上平聲,189
so,廂,時歌切,廂碎廂,004_Tie_Siann_Tsap_Ngou_Im > （歌）部上平聲,189
so,心,時歌切,心疑也心不曰,004_Tie_Siann_Tsap_Ngou_Im > （歌）部上平聲,189
so,俗,時歌切,呼兄之,004_Tie_Siann_Tsap_Ngou_Im > （歌）部上平聲,189
so,妻,時歌切,曰妻,004_Tie_Siann_Tsap_Ngou_Im > （歌）部上平聲,189
soh,麻,時歌切,紋麻半麻,004_Tie_Siann_Tsap_Ngou_Im > （歌）部上入聲,191
soh,落,時歌切,落坍落,004_Tie_Siann_Tsap_Ngou_Im > （歌）部上入聲,191
soh,雨,時歌切,水而為雨,004_Tie_Siann_Tsap_Ngou_Im > （歌）部上入聲,191
so̍k,屬,時公切,村下之地日屬又連屬,004_Tie_Siann_Tsap_Ngou_Im > （公）部下入聲,75
so̍k,續,時公切,斷而接之,004_Tie_Siann_Tsap_Ngou_Im > （公）部下入聲,75
so̍k,續,時公切,風續世,004_Tie_Siann_Tsap_Ngou_Im > （公）部下入聲,75
so̍k,贖,時公切,以物質人取回日贖,004_Tie_Siann_Tsap_Ngou_Im > （公）部下入聲,75
so̍k,俗,時公切,風俗世俗,004_Tie_Siann_Tsap_Ngou_Im > （公）部下入聲,75
so̍k,屬,時公切,溯之屬,004_Tie_Siann_Tsap_Ngou_Im > （公）部下入聲,75
so̍k,嫗,時公切,推也順,004_Tie_Siann_Tsap_Ngou_Im > （公）部下入聲,75
so̍k,孰,時公切,誰也,004_Tie_Siann_Tsap_Ngou_Im > （公）部下入聲,75
so̍k,塾,時公切,家學日,004_Tie_Siann_Tsap_Ngou_Im > （公）部下入聲,75
so̍k,贖,時公切,重視也,004_Tie_Siann_Tsap_Ngou_Im > （公）部下入聲,75
so̍k,英,時公切,文,004_Tie_Siann_Tsap_Ngou_Im > （公）部下入聲,76
so̍k,駭,時公切,和駭親駭 關也信也,004_Tie_Siann_Tsap_Ngou_Im > （公）部下入聲,76
so̍k,莫,時公切,勿也不 也無也,004_Tie_Siann_Tsap_Ngou_Im > （公）部下入聲,76
so̍k,寏,時公切,寂寏靜也 又寞寏,004_Tie_Siann_Tsap_Ngou_Im > （公）部下入聲,76
so̍k,苗,時公切,草名,004_Tie_Siann_Tsap_Ngou_Im > （公）部下入聲,76
so̍k,牧,時公切,牧羊牧牛 牧伯牧畜,004_Tie_Siann_Tsap_Ngou_Im > （公）部下入聲,76
so̍k,沐,時公切,沐浴柳,004_Tie_Siann_Tsap_Ngou_Im > （公）部下入聲,76
so̍k,穆,時公切,也昭穆和,004_Tie_Siann_Tsap_Ngou_Im > （公）部下入聲,76
so̍k,鏌,時公切,鏌鋼劍,004_Tie_Siann_Tsap_Ngou_Im > （公）部下入聲,76
so̍k,縿,時公切,姓也,004_Tie_Siann_Tsap_Ngou_Im > （公）部下入聲,76
so̍k,語,時公切,書,004_Tie_Siann_Tsap_Ngou_Im > （公）部下入聲,76
so̍k,或,時公切,不定之,004_Tie_Siann_Tsap_Ngou_Im > （公）部下入聲,76
so̍k,域,時公切,疆域吳,004_Tie_Siann_Tsap_Ngou_Im > （公）部下入聲,76
so̍k,蟁,時公切,以氣射人含 沙射人日兒蟁,004_Tie_Siann_Tsap_Ngou_Im > （公）部下入聲,76
so̍k,蘇,時公切,死而復生曰蘇 又地名江蘇州,004_Tie_Siann_Tsap_Ngou_Im > （公）部下入聲,77
so̍k,甦,時公切,同上,004_Tie_Siann_Tsap_Ngou_Im > （公）部下入聲,77
so̍k,蘇,時公切,也舒暢,004_Tie_Siann_Tsap_Ngou_Im > （公）部下入聲,77
so̍k,酥,時公切,酪酥酒也 又淳酥,004_Tie_Siann_Tsap_Ngou_Im > （公）部下入聲,77
so̍k,麻,時公切,廉麻草 巷也,004_Tie_Siann_Tsap_Ngou_Im > （公）部下入聲,77
su,需,時龜切,用也時也物為人所必需,004_Tie_Siann_Tsap_Ngou_Im > （龜）部上平聲,308
su,需,時龜切,曰吏之服者,004_Tie_Siann_Tsap_Ngou_Im > （龜）部上平聲,308
su,須,時龜切,語詞如須束無須須女子字,004_Tie_Siann_Tsap_Ngou_Im > （龜）部上平聲,308
su,須,時龜切,女 也,004_Tie_Siann_Tsap_Ngou_Im > （龜）部上平聲,308
su,濡,時龜切,濡潤也濡滑不,004_Tie_Siann_Tsap_Ngou_Im > （龜）部上平聲,308
su,嚅,時龜切,嚅囁嚅嚅言,004_Tie_Siann_Tsap_Ngou_Im > （龜）部上平聲,308
su,輸,時龜切,贏負也輸不也,004_Tie_Siann_Tsap_Ngou_Im > （龜）部上平聲,308
su,舒,時龜切,也帽也展也舒開懷,004_Tie_Siann_Tsap_Ngou_Im > （龜）部上平聲,308
su,俏,時龜切,有財都者之稱,004_Tie_Siann_Tsap_Ngou_Im > （龜）部上平聲,308
su,諧,時龜切,稱又詐也諧上有智之,004_Tie_Siann_Tsap_Ngou_Im > （龜）部上平聲,308
su,呼,時龜切,聲也呼哦也呼喚也,004_Tie_Siann_Tsap_Ngou_Im > （龜）部上平聲,308
su,遷,時龜切,遷閜達,004_Tie_Siann_Tsap_Ngou_Im > （龜）部上平聲,308
su,惡,時龜切,何也,004_Tie_Siann_Tsap_Ngou_Im > （龜）部上平聲,308
su,盂,時龜切,飯器之盂缽也盂缽,004_Tie_Siann_Tsap_Ngou_Im > （龜）部上平聲,308
su,汗,時龜切,又水澗水也汗又水不行也,004_Tie_Siann_Tsap_Ngou_Im > （龜）部上平聲,308
su,樓,時龜切,樓棟之柱也,004_Tie_Siann_Tsap_Ngou_Im > （龜）部上平聲,308
su,污,時龜切,污水不行也污又污機澗污,004_Tie_Siann_Tsap_Ngou_Im > （龜）部上平聲,308
su,朽,時龜切,塗朽朽作,004_Tie_Siann_Tsap_Ngou_Im > （龜）部上平聲,308
su,謗,時龜切,妄言也,004_Tie_Siann_Tsap_Ngou_Im > （龜）部上平聲,308
suah,煞,時⿴囗瓜切,神煞有三煞七煞雌煞殺煞人煞戰,004_Tie_Siann_Tsap_Ngou_Im > （⿴囗瓜）部上入聲,242
suah,宿,時⿴囗瓜切,托花宿猶宿提,004_Tie_Siann_Tsap_Ngou_Im > （⿴囗瓜）部上入聲,242
suah,澂,時⿴囗瓜切,食畢則澂口,004_Tie_Siann_Tsap_Ngou_Im > （⿴囗瓜）部上入聲,242
suan,山,時官切,平地突起曰土－由莨莠起租賃幹而分,004_Tie_Siann_Tsap_Ngou_Im > （官）部上平聲,139
suan,五,時官切,－岳以及億萬峰巒為先天之－,004_Tie_Siann_Tsap_Ngou_Im > （官）部上平聲,139
suang,宣,時光切,布置曰宣講宣話,004_Tie_Siann_Tsap_Ngou_Im > （光）部上平聲,199
suang,暖,時光切,大日也,004_Tie_Siann_Tsap_Ngou_Im > （光）部上平聲,199
suang,萱,時光切,萱草可忘憂也萱花萱堂萱桔,004_Tie_Siann_Tsap_Ngou_Im > （光）部上平聲,199
suang,煊,時光切,火熾貌,004_Tie_Siann_Tsap_Ngou_Im > （光）部上平聲,199
suang,瑄,時光切,壁六寸,004_Tie_Siann_Tsap_Ngou_Im > （光）部上平聲,199
suang,喧,時光切,喧詳喧喨,004_Tie_Siann_Tsap_Ngou_Im > （光）部上平聲,199
suang,諠,時光切,誇也忘也,004_Tie_Siann_Tsap_Ngou_Im > （光）部上平聲,199
suang,瞳,時光切,瞳暖也黛,004_Tie_Siann_Tsap_Ngou_Im > （光）部上平聲,199
suang,煖,時光切,同暄黒,004_Tie_Siann_Tsap_Ngou_Im > （光）部上平聲,199
suang,熏,時光切,樂喜也熏,004_Tie_Siann_Tsap_Ngou_Im > （光）部上平聲,199
suang,諼,時光切,同誼誹也忘也,004_Tie_Siann_Tsap_Ngou_Im > （光）部上平聲,199
suang,塵,時光切,樂喜也塵,004_Tie_Siann_Tsap_Ngou_Im > （光）部上平聲,199
suang,嫻,時光切,嫻戲姻,004_Tie_Siann_Tsap_Ngou_Im > （光）部上平聲,199
suang,灣,時光切,曲也灣琳畔,004_Tie_Siann_Tsap_Ngou_Im > （光）部上平聲,199
suang,彎,時光切,曲 彎弓彎,004_Tie_Siann_Tsap_Ngou_Im > （光）部上平聲,199
sua̍k,麩,時光切,萌芽也草初 麩同上草 雖設兩之詞－燕－是 蓑雨衣棕 催他－ 矮也美貌 綏－安也,004_Tie_Siann_Tsap_Ngou_Im > （光）部下入聲,213
sue,衰,時瓜切,風衰畔畔 曰衰人夠也 頒放,004_Tie_Siann_Tsap_Ngou_Im > （瓜）部上平聲,340
sueh,說,時瓜切,說客說話文說書說白,004_Tie_Siann_Tsap_Ngou_Im > （瓜）部上入聲,342
suih,誰,時歸切,無定為何人曰誰何誰是誰 兒事成茲隨 從而不遠曰誰年誰行唱誰 在上慈下曰誰約誰垂 輪君子創業誰統誰 前國雖有誰珠倩 重也又,004_Tie_Siann_Tsap_Ngou_Im > （歸）部上入聲,219
sun,孫,時君切,子之子也 又遠孫曰耳孫,004_Tie_Siann_Tsap_Ngou_Im > （君）部上平聲,7
sun,蓀,時君切,香草也,004_Tie_Siann_Tsap_Ngou_Im > （君）部上平聲,7
sun,猻,時君切,猴類,004_Tie_Siann_Tsap_Ngou_Im > （君）部上平聲,7
sun,飧,時君切,水和飯也 多食曰飧,004_Tie_Siann_Tsap_Ngou_Im > （君）部上平聲,7
sun,搎,時君切,捫搎 摸索也,004_Tie_Siann_Tsap_Ngou_Im > （君）部上平聲,7
sun,順,時君切,治風調雨順大清閒國曰順水順流順風順民情,004_Tie_Siann_Tsap_Ngou_Im > （君）部上平聲,16
sut,戌,時君切,守也 又十二 支辰之戌,004_Tie_Siann_Tsap_Ngou_Im > （君）部上入聲,12
sut,郵,時君切,要也 愍也,004_Tie_Siann_Tsap_Ngou_Im > （君）部上入聲,12
sut,萃,時君切,萃師又 將兵也,004_Tie_Siann_Tsap_Ngou_Im > （君）部上入聲,12
sut,恤,時君切,愍也 眾,004_Tie_Siann_Tsap_Ngou_Im > （君）部上入聲,12
sut,膻,時君切,也 全上承,004_Tie_Siann_Tsap_Ngou_Im > （君）部上入聲,12
sut,諡,時君切,又興仳,004_Tie_Siann_Tsap_Ngou_Im > （君）部上入聲,12
sut,帥,時君切,統領也 師將兵也帥,004_Tie_Siann_Tsap_Ngou_Im > （君）部上入聲,12
suàng,同,時光切,上十千,004_Tie_Siann_Tsap_Ngou_Im > （光）部上去聲,202
suàng,日,時光切,日,004_Tie_Siann_Tsap_Ngou_Im > （光）部上去聲,202
suâng,旋,時光切,－机－特周學－錦也,004_Tie_Siann_Tsap_Ngou_Im > （光）部下平聲,205
suâng,王,時光切,－帝－者－翻－咸－采－已絶曰－不誠亦曰－,004_Tie_Siann_Tsap_Ngou_Im > （光）部下平聲,205
suān,傘,時官切,雨－涼,004_Tie_Siann_Tsap_Ngou_Im > （官）部下去聲,144
suān,繊,時官切,同上今有紬子雨－,004_Tie_Siann_Tsap_Ngou_Im > （官）部下去聲,144
suāng,選,時光切,官場有缺則曰,004_Tie_Siann_Tsap_Ngou_Im > （光）部下去聲,210
su̍t,述,時君切,作也父,004_Tie_Siann_Tsap_Ngou_Im > （君）部下入聲,20
su̍t,作,時君切,子作,004_Tie_Siann_Tsap_Ngou_Im > （君）部下入聲,20
su̍t,術,時君切,技也藝也,004_Tie_Siann_Tsap_Ngou_Im > （君）部下入聲,20
su̍t,法,時君切,法道法,004_Tie_Siann_Tsap_Ngou_Im > （君）部下入聲,20
sàm,蜥,時甘切,蜴自海遠,004_Tie_Siann_Tsap_Ngou_Im > （甘）部上去聲,334
sàm,取,時甘切,以燒灰 颿 －風,004_Tie_Siann_Tsap_Ngou_Im > （甘）部上去聲,334
sàm,聲,時甘切,也 撬 撬－真土,004_Tie_Siann_Tsap_Ngou_Im > （甘）部上去聲,334
sàm,橄,時甘切,欖之類,004_Tie_Siann_Tsap_Ngou_Im > （甘）部上去聲,334
sàm,岩,時甘切,峻石也岩山石峻多也 岩明岩穴石成,004_Tie_Siann_Tsap_Ngou_Im > （甘）部上去聲,335
sàm,嚴,時甘切,同上,004_Tie_Siann_Tsap_Ngou_Im > （甘）部上去聲,335
sàm,巖,時甘切,地穴也,004_Tie_Siann_Tsap_Ngou_Im > （甘）部上去聲,335
sàm,閻,時甘切,門也閻閻里,004_Tie_Siann_Tsap_Ngou_Im > （甘）部上去聲,335
sâi,異,時皆切,音異青異紅,004_Tie_Siann_Tsap_Ngou_Im > （皆）部下平聲,152
sâng,赤,時江切,肉皮膚也,004_Tie_Siann_Tsap_Ngou_Im > （江）部下平聲,255
sâu,遜,時高切,同敎遊,004_Tie_Siann_Tsap_Ngou_Im > （高）部下平聲,37
sâu,廠,時高切,楠倉廠儲 所也 丈廠卦廠六,004_Tie_Siann_Tsap_Ngou_Im > （高）部下平聲,37
sâu,敎,時高切,鴻也敎哀,004_Tie_Siann_Tsap_Ngou_Im > （高）部下平聲,37
sâu,肴,時高切,酒肴核 又秘同,004_Tie_Siann_Tsap_Ngou_Im > （高）部下平聲,37
sâu,峭,時高切,峭山名 東西二,004_Tie_Siann_Tsap_Ngou_Im > （高）部下平聲,37
sâu,鱉,時高切,魂鱉頭 魁也,004_Tie_Siann_Tsap_Ngou_Im > （高）部下平聲,37
sâu,蚤,時高切,又虫名蚤孤矜也,004_Tie_Siann_Tsap_Ngou_Im > （高）部下平聲,37
sâu,笔,時高切,莘也覆,004_Tie_Siann_Tsap_Ngou_Im > （高）部下平聲,37
sâu,鬃,時高切,髮也,004_Tie_Siann_Tsap_Ngou_Im > （高）部下平聲,37
sâu,漕,時高切,漕蓮糧艇 也漕哼,004_Tie_Siann_Tsap_Ngou_Im > （高）部下平聲,37
sâu,巢,時高切,巢鶯巢鳥 巢巢穴,004_Tie_Siann_Tsap_Ngou_Im > （高）部下平聲,37
sâu,繰,時高切,紡織也即,004_Tie_Siann_Tsap_Ngou_Im > （高）部下平聲,37
sâu,罾,時高切,捕魚網,004_Tie_Siann_Tsap_Ngou_Im > （高）部下平聲,37
sâu,噌,時高切,噌噌噌聲 也又譜全,004_Tie_Siann_Tsap_Ngou_Im > （高）部下平聲,37
sâu,礁,時高切,礁古人有 礁店,004_Tie_Siann_Tsap_Ngou_Im > （高）部下平聲,37
sâu,鼓,時高切,山名小,004_Tie_Siann_Tsap_Ngou_Im > （高）部下平聲,37
sâu,清,時高切,也混清酒 也雖也,004_Tie_Siann_Tsap_Ngou_Im > （高）部下平聲,37
sâu,翔,時高切,天也翔翔飛,004_Tie_Siann_Tsap_Ngou_Im > （高）部下平聲,37
sâu,鱉,時高切,有鱉鱉 串鱉,004_Tie_Siann_Tsap_Ngou_Im > （高）部下平聲,37
sâu,請,時高切,言不恭 謹也,004_Tie_Siann_Tsap_Ngou_Im > （高）部下平聲,37
sâu,餔,時高切,餌也,004_Tie_Siann_Tsap_Ngou_Im > （高）部下平聲,37
sâu,殼,時高切,也錯報,004_Tie_Siann_Tsap_Ngou_Im > （高）部下平聲,37
sâu,敎,時高切,大犬也可 使而行鱉 中狀元也,004_Tie_Siann_Tsap_Ngou_Im > （高）部下平聲,37
sâu,鱉,時高切,龍 者介虫之大 者同上,004_Tie_Siann_Tsap_Ngou_Im > （高）部下平聲,37
sâu,敎,時高切,熟 俗煎也,004_Tie_Siann_Tsap_Ngou_Im > （高）部下平聲,37
sâu,激,時高切,水名,004_Tie_Siann_Tsap_Ngou_Im > （高）部下平聲,37
sâu,訃,時高切,勿－作事 蹭食虵,004_Tie_Siann_Tsap_Ngou_Im > （高）部下平聲,38
sâu,勤,時高切,輕姑又,004_Tie_Siann_Tsap_Ngou_Im > （高）部下平聲,38
sâu,掃,時高切,庇掃地掃,004_Tie_Siann_Tsap_Ngou_Im > （高）部下平聲,41
sâu,嘯,時高切,虎嘯矣嘯,004_Tie_Siann_Tsap_Ngou_Im > （高）部下平聲,41
sâu,塌,時高切,同湖流浙不,004_Tie_Siann_Tsap_Ngou_Im > （高）部下平聲,41
sâu,咳,時高切,以咳疾也,004_Tie_Siann_Tsap_Ngou_Im > （高）部下平聲,41
sâu,梢,時高切,官近梢火,004_Tie_Siann_Tsap_Ngou_Im > （高）部下平聲,41
sâu,由,時高切,茶輩,004_Tie_Siann_Tsap_Ngou_Im > （高）部下平聲,41
sãng,礎,時江切,柱下石也通古礎,004_Tie_Siann_Tsap_Ngou_Im > （江）部下上聲,256
sãng,有,時江切,此字與礎全,004_Tie_Siann_Tsap_Ngou_Im > （江）部下上聲,256
sè,此,時家切,二許此頇少,004_Tie_Siann_Tsap_Ngou_Im > （家）部上去聲,23
sè,又,時佳切,賜也,004_Tie_Siann_Tsap_Ngou_Im > （佳）部上去聲,325
sê,儕,時家切,等也吾儕,004_Tie_Siann_Tsap_Ngou_Im > （家）部下平聲,26
sê,斜,時佳切,正欹－又月－夕陽－ 余 猶也 邪 不善－妝－ 廌 －狗－狼,004_Tie_Siann_Tsap_Ngou_Im > （佳）部下平聲,326
sêng,心,時弓切,心敵心意,004_Tie_Siann_Tsap_Ngou_Im > （弓）部下平聲,300
sêng,助,時弓切,也,004_Tie_Siann_Tsap_Ngou_Im > （弓）部下平聲,300
sêng,永,時弓切,永相輔永又,004_Tie_Siann_Tsap_Ngou_Im > （弓）部下平聲,300
sêng,加,時弓切,減加算法有,004_Tie_Siann_Tsap_Ngou_Im > （弓）部下平聲,300
sêng,邑,時弓切,名,004_Tie_Siann_Tsap_Ngou_Im > （弓）部下平聲,300
sêng,物,時弓切,曰物以茲永,004_Tie_Siann_Tsap_Ngou_Im > （弓）部下平聲,300
sêng,田,時弓切,畦也,004_Tie_Siann_Tsap_Ngou_Im > （弓）部下平聲,300
sì,告,時基切,告告梁,004_Tie_Siann_Tsap_Ngou_Im > （基）部上去聲,102
sì,官,時基切,史諭民曰,004_Tie_Siann_Tsap_Ngou_Im > （基）部上去聲,102
sì,去,時基切,而不反曰,004_Tie_Siann_Tsap_Ngou_Im > （基）部上去聲,102
sì,言,時基切,辭莫信曰言,004_Tie_Siann_Tsap_Ngou_Im > （基）部上去聲,102
sì,有,時基切,山盟海有夫同,004_Tie_Siann_Tsap_Ngou_Im > （基）部上去聲,102
sì,油,時基切,豆油油,004_Tie_Siann_Tsap_Ngou_Im > （基）部上去聲,102
sì,也,時基切,視也語,004_Tie_Siann_Tsap_Ngou_Im > （基）部上去聲,102
sìm,任,時金切,官府 赴任 俗嘗待片 任日任,004_Tie_Siann_Tsap_Ngou_Im > （金）部上去聲,45
sìn,慎,時⿴囗君切,謹靜也謹慎思又恪,004_Tie_Siann_Tsap_Ngou_Im > （⿴囗君）部上去聲,163
sìn,剩,時⿴囗君切,物之有餘者，食－夕－有－,004_Tie_Siann_Tsap_Ngou_Im > （⿴囗君）部上去聲,164
sî,夷,時基切,夷,004_Tie_Siann_Tsap_Ngou_Im > （基）部下平聲,106
sî,倭,時基切,僑,004_Tie_Siann_Tsap_Ngou_Im > （基）部下平聲,106
sî,僑,時基切,也等,004_Tie_Siann_Tsap_Ngou_Im > （基）部下平聲,106
sî,姨,時基切,母之,004_Tie_Siann_Tsap_Ngou_Im > （基）部下平聲,106
sî,母,時基切,之妺夫,004_Tie_Siann_Tsap_Ngou_Im > （基）部下平聲,106
sî,曰,時基切,曰文曰夫,004_Tie_Siann_Tsap_Ngou_Im > （基）部下平聲,106
sî,慢,時基切,悦,004_Tie_Siann_Tsap_Ngou_Im > （基）部下平聲,106
sî,悦,時基切,也,004_Tie_Siann_Tsap_Ngou_Im > （基）部下平聲,106
sî,英,時基切,末,004_Tie_Siann_Tsap_Ngou_Im > （基）部下平聲,106
sî,末,時基切,端木,004_Tie_Siann_Tsap_Ngou_Im > （基）部下平聲,106
sî,系,時基切,系,004_Tie_Siann_Tsap_Ngou_Im > （基）部下平聲,106
sî,移,時基切,又,004_Tie_Siann_Tsap_Ngou_Im > （基）部下平聲,106
sî,又,時基切,遂令,004_Tie_Siann_Tsap_Ngou_Im > （基）部下平聲,106
sîm,忱,時金切,心誠也,004_Tie_Siann_Tsap_Ngou_Im > （金）部下平聲,48
sîm,棋,時金切,賈也亦棊全,004_Tie_Siann_Tsap_Ngou_Im > （金）部下平聲,48
sîm,謚,時金切,同忱誠也又堪,004_Tie_Siann_Tsap_Ngou_Im > （金）部下平聲,48
sîm,霆,時金切,久陰也,004_Tie_Siann_Tsap_Ngou_Im > （金）部下平聲,48
sîn,辰,時⿴囗君切,每日十二時,004_Tie_Siann_Tsap_Ngou_Im > （⿴囗君）部下平聲,167
sîn,日,時⿴囗君切,日時日生日,004_Tie_Siann_Tsap_Ngou_Im > （⿴囗君）部下平聲,167
sîn,晨,時⿴囗君切,清晨昧夙曰晨,004_Tie_Siann_Tsap_Ngou_Im > （⿴囗君）部下平聲,167
sîn,旨,時⿴囗君切,旨,004_Tie_Siann_Tsap_Ngou_Im > （⿴囗君）部下平聲,167
sîn,神,時⿴囗君切,神仙神鬼又,004_Tie_Siann_Tsap_Ngou_Im > （⿴囗君）部下平聲,167
sîn,精,時⿴囗君切,精,004_Tie_Siann_Tsap_Ngou_Im > （⿴囗君）部下平聲,167
sîn,絪,時⿴囗君切,結絪準絪,004_Tie_Siann_Tsap_Ngou_Im > （⿴囗君）部下平聲,167
sîn,索,時⿴囗君切,也,004_Tie_Siann_Tsap_Ngou_Im > （⿴囗君）部下平聲,167
sîn,蜃,時⿴囗君切,蛟蜃蒼蜃,004_Tie_Siann_Tsap_Ngou_Im > （⿴囗君）部下平聲,167
sîn,宸,時⿴囗君切,帝居曰宸,004_Tie_Siann_Tsap_Ngou_Im > （⿴囗君）部下平聲,167
sîn,湿,時⿴囗君切,水零落,004_Tie_Siann_Tsap_Ngou_Im > （⿴囗君）部下平聲,167
sîn,信,時⿴囗君切,言之成曰信守信有信迅 速也信,004_Tie_Siann_Tsap_Ngou_Im > （⿴囗君）部下平聲,169
sîn,訊,時⿴囗君切,以上問下曰訊采輸訊,004_Tie_Siann_Tsap_Ngou_Im > （⿴囗君）部下平聲,169
sîn,沉,時⿴囗君切,沉地港之官,004_Tie_Siann_Tsap_Ngou_Im > （⿴囗君）部下平聲,169
sîn,虛,時⿴囗君切,虛 果木則曰結 虛 不盡曰 虛 有物亦曰 虛 信 虛,004_Tie_Siann_Tsap_Ngou_Im > （⿴囗君）部下平聲,170
sîn,頃,時⿴囗君切,竹兒利,004_Tie_Siann_Tsap_Ngou_Im > （⿴囗君）部下平聲,171
sîn,生,時⿴囗君切,妣也,004_Tie_Siann_Tsap_Ngou_Im > （⿴囗君）部下平聲,171
sòng,束,時公切,又束裝束縛叫修飾也速束即,004_Tie_Siann_Tsap_Ngou_Im > （公）部上去聲,68
sòng,倆,時公切,同上,004_Tie_Siann_Tsap_Ngou_Im > （公）部上去聲,68
sòng,寂,時公切,也寂賓靜,004_Tie_Siann_Tsap_Ngou_Im > （公）部上去聲,68
sòng,宋,時公切,同上宋宋寒,004_Tie_Siann_Tsap_Ngou_Im > （公）部上去聲,68
sòng,佩,時公切,不伸也,004_Tie_Siann_Tsap_Ngou_Im > （公）部上去聲,68
sòng,索,時公切,純也求索,004_Tie_Siann_Tsap_Ngou_Im > （公）部上去聲,68
sòng,俾,時公切,獨俾頭,004_Tie_Siann_Tsap_Ngou_Im > （公）部上去聲,68
sòng,俶,時公切,勤也,004_Tie_Siann_Tsap_Ngou_Im > （公）部上去聲,68
sòng,俶,時公切,善也拓,004_Tie_Siann_Tsap_Ngou_Im > （公）部上去聲,68
sòng,練,時公切,死也練謝練俱,004_Tie_Siann_Tsap_Ngou_Im > （公）部上去聲,68
sòng,棘,時公切,鼎食也,004_Tie_Siann_Tsap_Ngou_Im > （公）部上去聲,68
sòng,嫩,時公切,官嫩人又女,004_Tie_Siann_Tsap_Ngou_Im > （公）部上去聲,68
sòng,淑,時公切,師人之善曰淑人君子,004_Tie_Siann_Tsap_Ngou_Im > （公）部上去聲,68
sòng,風,時公切,夜曰風風,004_Tie_Siann_Tsap_Ngou_Im > （公）部上去聲,68
sói,洗,時雞切,滌也掃漿,004_Tie_Siann_Tsap_Ngou_Im > （雞）部上上聲,55
sói,酒,時雞切,同上又雪也,004_Tie_Siann_Tsap_Ngou_Im > （雞）部上上聲,55
sói,筢,時雞切,帚又飯具也,004_Tie_Siann_Tsap_Ngou_Im > （雞）部上上聲,55
sói,灑,時雞切,以水灑地掃,004_Tie_Siann_Tsap_Ngou_Im > （雞）部上上聲,55
sói,之,時雞切,塵不起也,004_Tie_Siann_Tsap_Ngou_Im > （雞）部上上聲,55
sô,增,時歌切,槽 －猗－馬 曹 姓也,004_Tie_Siann_Tsap_Ngou_Im > （歌）部下平聲,193
sô,荷,時歌切,即蓮也 花－葉 蠔 也－海中石所生－銳－珠,004_Tie_Siann_Tsap_Ngou_Im > （歌）部下平聲,193
sông,松,時公切,松栢着,004_Tie_Siann_Tsap_Ngou_Im > （公）部下平聲,71
sông,古,時公切,古,004_Tie_Siann_Tsap_Ngou_Im > （公）部下平聲,71
sông,淞,時公切,名淞江水,004_Tie_Siann_Tsap_Ngou_Im > （公）部下平聲,71
sông,倣,時公切,名隴右之,004_Tie_Siann_Tsap_Ngou_Im > （公）部下平聲,71
sông,松,時公切,茱名,004_Tie_Siann_Tsap_Ngou_Im > （公）部下平聲,71
sông,崧,時公切,山高也,004_Tie_Siann_Tsap_Ngou_Im > （公）部下平聲,71
sông,蚨,時公切,虫以鳴腹也,004_Tie_Siann_Tsap_Ngou_Im > （公）部下平聲,71
sõng,訟,時公切,詞－爭－告,004_Tie_Siann_Tsap_Ngou_Im > （公）部下上聲,72
sõng,頌,時公切,梅述曰－功－德,004_Tie_Siann_Tsap_Ngou_Im > （公）部下上聲,72
sõng,誦,時公切,歌－－書－詩,004_Tie_Siann_Tsap_Ngou_Im > （公）部下上聲,72
sún,損,時君切,傷也 又滅也 失也,004_Tie_Siann_Tsap_Ngou_Im > （君）部上上聲,9
sún,筍,時君切,筍竹之葳蕤,004_Tie_Siann_Tsap_Ngou_Im > （君）部上上聲,9
sún,笋,時君切,竹之胎也 仝上,004_Tie_Siann_Tsap_Ngou_Im > （君）部上上聲,9
sún,簨,時君切,簨簴 所以懸鐘鼓也,004_Tie_Siann_Tsap_Ngou_Im > （君）部上上聲,9
sû,娛,時龜切,實心－親歡,004_Tie_Siann_Tsap_Ngou_Im > （龜）部下平聲,314
sû,唔,時龜切,聲也呀－讀書,004_Tie_Siann_Tsap_Ngou_Im > （龜）部下平聲,314
sû,齷,時龜切,鼠能爬,004_Tie_Siann_Tsap_Ngou_Im > （龜）部下平聲,314
sû,其,時龜切,技只此,004_Tie_Siann_Tsap_Ngou_Im > （龜）部下平聲,314
sû,圓,時龜切,也圓－獄,004_Tie_Siann_Tsap_Ngou_Im > （龜）部下平聲,314
sû,婿,時龜切,也英女,004_Tie_Siann_Tsap_Ngou_Im > （龜）部下平聲,314
sû,祺,時龜切,也福祉,004_Tie_Siann_Tsap_Ngou_Im > （龜）部下平聲,314
sāi,出,時皆切,出外垣,004_Tie_Siann_Tsap_Ngou_Im > （皆）部下去聲,154
sāi,猶,時皆切,邊界也,004_Tie_Siann_Tsap_Ngou_Im > （皆）部下去聲,154
sāi,聖,時皆切,人月四時皆奉之聖又使臣,004_Tie_Siann_Tsap_Ngou_Im > （皆）部下去聲,154
sāi,映,時皆切,日曰映長,004_Tie_Siann_Tsap_Ngou_Im > （皆）部下去聲,154
sāi,漂,時皆切,之物宜漂,004_Tie_Siann_Tsap_Ngou_Im > （皆）部下去聲,154
sāi,裹,時皆切,乎之物,004_Tie_Siann_Tsap_Ngou_Im > （皆）部下去聲,154
sāi,宜,時皆切,宜晒全,004_Tie_Siann_Tsap_Ngou_Im > （皆）部下去聲,154
sē,邊,時家切,柳曰柄日,004_Tie_Siann_Tsap_Ngou_Im > （家）部下去聲,28
sē,求,時家切,價以物求錢,004_Tie_Siann_Tsap_Ngou_Im > （家）部下去聲,28
sē,則,時家切,曰則,004_Tie_Siann_Tsap_Ngou_Im > （家）部下去聲,28
sē,嫁,時家切,以女適人,004_Tie_Siann_Tsap_Ngou_Im > （家）部下去聲,28
sē,曰,時家切,曰女曰,004_Tie_Siann_Tsap_Ngou_Im > （家）部下去聲,28
sē,稼,時家切,稼稼稻木,004_Tie_Siann_Tsap_Ngou_Im > （家）部下去聲,28
sē,祭,時家切,畜祭物祭,004_Tie_Siann_Tsap_Ngou_Im > （家）部下去聲,28
sē,鳶,時家切,又鳶全,004_Tie_Siann_Tsap_Ngou_Im > （家）部下去聲,28
sē,鵡,時家切,聖鵡白鵡,004_Tie_Siann_Tsap_Ngou_Im > （家）部下去聲,28
sē,又,時家切,又馬又,004_Tie_Siann_Tsap_Ngou_Im > （家）部下去聲,28
sē,舍,時佳切,－芋－客－僧－旅,004_Tie_Siann_Tsap_Ngou_Im > （佳）部下去聲,328
sēng,報,時弓切,當且茹曰報又有,004_Tie_Siann_Tsap_Ngou_Im > （弓）部下去聲,304
sĩ,是,時基切,事認得真曰是氏姓是婦人自時止也侍伺候之徒曰是恃心有把持曰是自是蒔立也更峙山矻立也,004_Tie_Siann_Tsap_Ngou_Im > （基）部下上聲,109
sī,世,時基切,在世情事去世四數也世李世方時,004_Tie_Siann_Tsap_Ngou_Im > （基）部下去聲,112
sī,勢,時基切,侍勢力侍勢,004_Tie_Siann_Tsap_Ngou_Im > （基）部下去聲,112
sī,視,時基切,目之所視觀視,004_Tie_Siann_Tsap_Ngou_Im > （基）部下去聲,112
sī,眂,時基切,猶上視,004_Tie_Siann_Tsap_Ngou_Im > （基）部下去聲,112
sī,嗜,時基切,口味有同所宜也嗜,004_Tie_Siann_Tsap_Ngou_Im > （基）部下去聲,112
sō,上,時歌切,上書上文,004_Tie_Siann_Tsap_Ngou_Im > （歌）部下去聲,196
sōi,細,時雞切,細者小也有事,004_Tie_Siann_Tsap_Ngou_Im > （雞）部下去聲,60
sōi,改,時雞切,又心要也,004_Tie_Siann_Tsap_Ngou_Im > （雞）部下去聲,60
sū,廢,時龜切,森然奔到曰廢廢又近也,004_Tie_Siann_Tsap_Ngou_Im > （龜）部下去聲,318
sū,訴,時龜切,廳言其事曰訴告訴究訴情訴,004_Tie_Siann_Tsap_Ngou_Im > （龜）部下去聲,318
sū,繫,時龜切,柳繫棉繫綠繫,004_Tie_Siann_Tsap_Ngou_Im > （龜）部下去聲,318
sū,饞,時龜切,吃也,004_Tie_Siann_Tsap_Ngou_Im > （龜）部下去聲,318
sū,湖,時龜切,而流上曰湖,004_Tie_Siann_Tsap_Ngou_Im > （龜）部下去聲,318
sū,沂,時龜切,洄順流也同上沂逆流,004_Tie_Siann_Tsap_Ngou_Im > （龜）部下去聲,318
sūa,續,時⿴囗瓜切,原音係音屬說文柏按,004_Tie_Siann_Tsap_Ngou_Im > （⿴囗瓜）部下去聲,245
sūa,也,時⿴囗瓜切,湖廣謂相接－曰－,004_Tie_Siann_Tsap_Ngou_Im > （⿴囗瓜）部下去聲,245
sūa,双,時⿴囗瓜切,物之成對曰双 雙 又同上 又双全成双,004_Tie_Siann_Tsap_Ngou_Im > （⿴囗瓜）部下去聲,247
sūa,删,時⿴囗瓜切,减删削删,004_Tie_Siann_Tsap_Ngou_Im > （⿴囗瓜）部下去聲,247
sūa,姗,時⿴囗瓜切,好也,004_Tie_Siann_Tsap_Ngou_Im > （⿴囗瓜）部下去聲,247
sūa,珊,時⿴囗瓜切,石樹也 珊珊瑚海中,004_Tie_Siann_Tsap_Ngou_Im > （⿴囗瓜）部下去聲,247
sūa,艻,時⿴囗瓜切,除草也 茗松 不實曰艻,004_Tie_Siann_Tsap_Ngou_Im > （⿴囗瓜）部下去聲,247
sūe,歲,時瓜切,十二個月曰歲 俗人云壽星曰 天子曰萬 則可立事,004_Tie_Siann_Tsap_Ngou_Im > （瓜）部下去聲,346
sūi,歲,時歸切,正音,004_Tie_Siann_Tsap_Ngou_Im > （歸）部下去聲,222
sūi,日,時歸切,日 謂 指而言之曰,004_Tie_Siann_Tsap_Ngou_Im > （歸）部下去聲,222
sūi,何,時歸切,何所何,004_Tie_Siann_Tsap_Ngou_Im > （歸）部下去聲,222
sūn,克,時君切,克仁,004_Tie_Siann_Tsap_Ngou_Im > （君）部下去聲,18
sūn,聖,時君切,明也,004_Tie_Siann_Tsap_Ngou_Im > （君）部下去聲,18
sūn,息,時君切,片,004_Tie_Siann_Tsap_Ngou_Im > （君）部下去聲,18
sūn,木,時君切,稚俗,004_Tie_Siann_Tsap_Ngou_Im > （君）部下去聲,18
sūn,釋,時君切,也,004_Tie_Siann_Tsap_Ngou_Im > （君）部下去聲,18
sūn,以,時君切,目使,004_Tie_Siann_Tsap_Ngou_Im > （君）部下去聲,18
sūn,卦,時君切,名又,004_Tie_Siann_Tsap_Ngou_Im > （君）部下去聲,18
sūn,樣,時君切,樣順,004_Tie_Siann_Tsap_Ngou_Im > （君）部下去聲,18
sūn,也,時君切,抑也恭,004_Tie_Siann_Tsap_Ngou_Im > （君）部下去聲,18
sṳ,思,時居切,心思進思君,004_Tie_Siann_Tsap_Ngou_Im > （居）部上平聲,178
sṳ,子,時居切,有九子,004_Tie_Siann_Tsap_Ngou_Im > （居）部上平聲,178
sṳ,斯,時居切,時斯於斯如斯,004_Tie_Siann_Tsap_Ngou_Im > （居）部上平聲,178
sṳ,衝,時居切,同上,004_Tie_Siann_Tsap_Ngou_Im > （居）部上平聲,178
sṳ,廝,時居切,役也小廝使,004_Tie_Siann_Tsap_Ngou_Im > （居）部上平聲,178
sṳ,私,時居切,不公之謂也,004_Tie_Siann_Tsap_Ngou_Im > （居）部上平聲,178
sṳ,姗,時居切,女巫也,004_Tie_Siann_Tsap_Ngou_Im > （居）部上平聲,178
sṳ,總,時居切,也總麻,004_Tie_Siann_Tsap_Ngou_Im > （居）部上平聲,178
sṳ,史,時居切,史官記事之史同上,004_Tie_Siann_Tsap_Ngou_Im > （居）部上平聲,180
sṳ,駛,時居切,疾也又馬行疾也,004_Tie_Siann_Tsap_Ngou_Im > （居）部上平聲,180
sṳ̀,事,時居切,國事家事天下事世事關心者曰事,004_Tie_Siann_Tsap_Ngou_Im > （居）部上去聲,180
sṳ̀,伺,時居切,傾佪也又窙也,004_Tie_Siann_Tsap_Ngou_Im > （居）部上去聲,180
sṳ̂,士,時居切,四民之首也,004_Tie_Siann_Tsap_Ngou_Im > （居）部下平聲,184
sṳ̂,仕,時居切,為官為宦曰仕官仕為宦曰仕遂出仕,004_Tie_Siann_Tsap_Ngou_Im > （居）部下平聲,184
sṳ̂,似,時居切,相似相昔似,004_Tie_Siann_Tsap_Ngou_Im > （居）部下平聲,184
sṳ̂,事,時居切,事猶同也事若事親嚴,004_Tie_Siann_Tsap_Ngou_Im > （居）部下平聲,184
sṳ̂,如,時居切,頃也猶妯也如鄰如兄弟之妻稱,004_Tie_Siann_Tsap_Ngou_Im > （居）部下平聲,184
sṳ̂,祀,時居切,祭祀祭神也,004_Tie_Siann_Tsap_Ngou_Im > （居）部下平聲,184
sẽ,社,時佳切,土神曰－又－稷,004_Tie_Siann_Tsap_Ngou_Im > （佳）部下上聲,327
sẽⁿ,姓,時庚切,姓百家姓名,004_Tie_Siann_Tsap_Ngou_Im > （庚）部下上聲,228
sẽⁿ,性,時庚切,性存心養天性,004_Tie_Siann_Tsap_Ngou_Im > （庚）部下上聲,228
sẽⁿ,其,時庚切,餘空音者俱不錄,004_Tie_Siann_Tsap_Ngou_Im > （庚）部下上聲,228
ta,礁,地膠切,水東 石也,004_Tie_Siann_Tsap_Ngou_Im > （膠）部上平聲,261
ta,乾,地膠切,音千俗謂－曰 －用其俗義也,004_Tie_Siann_Tsap_Ngou_Im > （膠）部上平聲,261
ta,打,地膠切,正音打架相,004_Tie_Siann_Tsap_Ngou_Im > （膠）部上平聲,264
ta,又,地膠切,又條打贜又,004_Tie_Siann_Tsap_Ngou_Im > （膠）部上平聲,264
tah,鉄,地膠切,鉄甓土,004_Tie_Siann_Tsap_Ngou_Im > （膠）部上入聲,265
tah,殿,地膠切,殿相殿,004_Tie_Siann_Tsap_Ngou_Im > （膠）部上入聲,265
tai,物,地皆切,之惡者觀,004_Tie_Siann_Tsap_Ngou_Im > （皆）部上平聲,147
tai,香,地皆切,曰香好香,004_Tie_Siann_Tsap_Ngou_Im > （皆）部上平聲,147
tai,學,地皆切,也,004_Tie_Siann_Tsap_Ngou_Im > （皆）部上平聲,147
tai,也,地皆切,也子之和,004_Tie_Siann_Tsap_Ngou_Im > （皆）部上平聲,147
tak,呷,地江切,唱呷言,004_Tie_Siann_Tsap_Ngou_Im > （江）部上入聲,252
tak,觸,地江切,音促偪兩牛相觸俗,004_Tie_Siann_Tsap_Ngou_Im > （江）部上入聲,252
tak,日,地江切,相日用具義也,004_Tie_Siann_Tsap_Ngou_Im > （江）部上入聲,252
tam,湛,地甘切,震盛貌又澄也,004_Tie_Siann_Tsap_Ngou_Im > （甘）部上平聲,330
tam,舫,地甘切,攔視也舫攔事有,004_Tie_Siann_Tsap_Ngou_Im > （甘）部上平聲,330
tam,聃,地甘切,老聃佛祖,004_Tie_Siann_Tsap_Ngou_Im > （甘）部上平聲,330
tam,擔,地甘切,負荷也又偕也,004_Tie_Siann_Tsap_Ngou_Im > （甘）部上平聲,330
tam,妉,地甘切,老女曰稱也,004_Tie_Siann_Tsap_Ngou_Im > （甘）部上平聲,330
tan,三,地柑切,盡全數也又彡長－短－男女－,004_Tie_Siann_Tsap_Ngou_Im > （柑）部上平聲,319
tau,堉,地高切,止也,004_Tie_Siann_Tsap_Ngou_Im > （高）部上平聲,30
tau,撫,地高切,搭撫撫撫,004_Tie_Siann_Tsap_Ngou_Im > （高）部上平聲,30
tau,裒,地高切,裒裒昊奢曰,004_Tie_Siann_Tsap_Ngou_Im > （高）部上平聲,30
tau,裒,地高切,按美也,004_Tie_Siann_Tsap_Ngou_Im > （高）部上平聲,30
ta̍h,皆,地膠切,重皆層,004_Tie_Siann_Tsap_Ngou_Im > （膠）部下入聲,268
te,參,地家切,正音參娘猫父母,004_Tie_Siann_Tsap_Ngou_Im > （家）部上平聲,21
te,也,地家切,老也土音也,004_Tie_Siann_Tsap_Ngou_Im > （家）部上平聲,21
tek,珀,地弓切,虎珀墨,004_Tie_Siann_Tsap_Ngou_Im > （弓）部上入聲,296
tek,碧,地弓切,也深青之色碧玉,004_Tie_Siann_Tsap_Ngou_Im > （弓）部上入聲,296
tek,魄,地弓切,人之魂魄曰魄三魄七魄,004_Tie_Siann_Tsap_Ngou_Im > （弓）部上入聲,296
tek,碎,地弓切,碎百碎碎公 能出歲法者曰 開 開也週也王碎佛又 匍 匍碎伏地也又急趁,004_Tie_Siann_Tsap_Ngou_Im > （弓）部上入聲,296
tennh,物,地庚切,上加物曰物,004_Tie_Siann_Tsap_Ngou_Im > （庚）部上入聲,226
te̍h,籍,地佳切,百谷賈曰,004_Tie_Siann_Tsap_Ngou_Im > （佳）部下入聲,329
te̍h,荻,地佳切,叢荻,004_Tie_Siann_Tsap_Ngou_Im > （佳）部下入聲,329
te̍k,鹿,地弓切,糜北鹿相鹿色鹿草,004_Tie_Siann_Tsap_Ngou_Im > （弓）部下入聲,305
te̍k,持,地弓切,無鞠曰持如持立持等持達持料,004_Tie_Siann_Tsap_Ngou_Im > （弓）部下入聲,305
te̍k,值,地弓切,遇也達也當,004_Tie_Siann_Tsap_Ngou_Im > （弓）部下入聲,305
te̍k,覩,地弓切,私見,004_Tie_Siann_Tsap_Ngou_Im > （弓）部下入聲,305
te̍k,轂,地弓切,名也當轂動,004_Tie_Siann_Tsap_Ngou_Im > （弓）部下入聲,305
te̍k,笛,地弓切,樂管七孔也根笛吹笛吹笛,004_Tie_Siann_Tsap_Ngou_Im > （弓）部下入聲,305
te̍k,遂,地弓切,同上直有百畝積奇曰遂,004_Tie_Siann_Tsap_Ngou_Im > （弓）部下入聲,305
tha,他,他膠切,俗閒別人為－如－,004_Tie_Siann_Tsap_Ngou_Im > （膠）部上平聲,261
tha,他,他膠切,家－國－人－事,004_Tie_Siann_Tsap_Ngou_Im > （膠）部上平聲,261
thah,廢,他膠切,寺之浮圖曰,004_Tie_Siann_Tsap_Ngou_Im > （膠）部上入聲,265
thah,寶,他膠切,寶又雁寶,004_Tie_Siann_Tsap_Ngou_Im > （膠）部上入聲,265
thai,疾,他皆切,也疾慝,004_Tie_Siann_Tsap_Ngou_Im > （皆）部上平聲,147
thak,闖,他江切,禁門也又官宰小門又閒闖,004_Tie_Siann_Tsap_Ngou_Im > （江）部上入聲,252
thak,捷,他江切,朴以示罰也遵捷,004_Tie_Siann_Tsap_Ngou_Im > （江）部上入聲,252
thak,拓,他江切,手承物畀斥開也,004_Tie_Siann_Tsap_Ngou_Im > （江）部上入聲,252
thak,蹬,他江切,足跌,004_Tie_Siann_Tsap_Ngou_Im > （江）部上入聲,252
thak,宕,他江切,洞室也遇也又,004_Tie_Siann_Tsap_Ngou_Im > （江）部上入聲,252
thak,衮,他江切,衣衮稱美稱也底曰衮無底曰衮有,004_Tie_Siann_Tsap_Ngou_Im > （江）部上入聲,252
tham,貪,他甘切,見人之物則心欲之曰貪有貪財貪食,004_Tie_Siann_Tsap_Ngou_Im > （甘）部上平聲,330
thau,叨,他高切,交也合偷盃也,004_Tie_Siann_Tsap_Ngou_Im > （高）部上平聲,30
thau,燥,他高切,燥也又,004_Tie_Siann_Tsap_Ngou_Im > （高）部上平聲,30
thau,忉,他高切,憂心也,004_Tie_Siann_Tsap_Ngou_Im > （高）部上平聲,30
thau,箱,他高切,六箱兵,004_Tie_Siann_Tsap_Ngou_Im > （高）部上平聲,30
thau,悟,他高切,喜也傻也是也,004_Tie_Siann_Tsap_Ngou_Im > （高）部上平聲,30
thau,瑁,他高切,玉師鈿,004_Tie_Siann_Tsap_Ngou_Im > （高）部上平聲,30
thau,笞,他高切,囝牛,004_Tie_Siann_Tsap_Ngou_Im > （高）部上平聲,30
thau,虐,他高切,戰也虐兵虐,004_Tie_Siann_Tsap_Ngou_Im > （高）部上平聲,30
thau,初,他高切,小舟也,004_Tie_Siann_Tsap_Ngou_Im > （高）部上平聲,30
thau,𠗨,他高切,𠗨囹也,004_Tie_Siann_Tsap_Ngou_Im > （高）部上平聲,30
thau,諮,他高切,疑也,004_Tie_Siann_Tsap_Ngou_Im > （高）部上平聲,30
thau,條,他高切,絲條也,004_Tie_Siann_Tsap_Ngou_Im > （高）部上平聲,30
thau,綰,他高切,全上,004_Tie_Siann_Tsap_Ngou_Im > （高）部上平聲,30
thau,增,他高切,槽 酒漕也 鐺 鈿也 遣 遣也 遣年,004_Tie_Siann_Tsap_Ngou_Im > （高）部上平聲,31
thau,入,他高切,恰 中恰夫 朝 訕言首相 朝 以言廢夫,004_Tie_Siann_Tsap_Ngou_Im > （高）部上平聲,31
thau,時,他高切,梢 見草時竹時驛 驛 時人時客 時埋 撥 撥時釋 懷 動也 筒 斗時益之上者 蒐 春穀曰時又隱也 抓 時同瓜 抓 同瓜也,004_Tie_Siann_Tsap_Ngou_Im > （高）部上平聲,31
thau,英,他高切,歐 英州地名英陰姓也 甌 益英說也陶益也 鴎 沙英鳥 謳 英溪歌曰 嗄 小兒語 杓 玄英對也天星也,004_Tie_Siann_Tsap_Ngou_Im > （高）部上平聲,31
thau,艄,他高切,船尾艄付船員也 脒 脒夾也 投 尋也 漶 小使 舷 形態名,004_Tie_Siann_Tsap_Ngou_Im > （高）部上平聲,31
tha̍h,疊,他膠切,重疊層,004_Tie_Siann_Tsap_Ngou_Im > （膠）部下入聲,268
thek,彆,他弓切,之曰彆 擊而開彆 能行也跛彆足不 癖 也小兒多有此病 閡 塞也 擗 踊哭心也又彆 孹手 巨彆出人掌者也 按彆大指也,004_Tie_Siann_Tsap_Ngou_Im > （弓）部上入聲,296
thek,忒,他弓切,差忒又更 也忘全,004_Tie_Siann_Tsap_Ngou_Im > （弓）部上入聲,296
thek,充,他弓切,頭上無髮曰充頭充草,004_Tie_Siann_Tsap_Ngou_Im > （弓）部上入聲,296
thek,勒,他弓切,文勒令勒令,004_Tie_Siann_Tsap_Ngou_Im > （弓）部上入聲,296
thek,敕,他弓切,同上,004_Tie_Siann_Tsap_Ngou_Im > （弓）部上入聲,296
thek,懝,他弓切,穢也隱,004_Tie_Siann_Tsap_Ngou_Im > （弓）部上入聲,296
thek,惕,他弓切,恐惕又忘全 怕惕驚惑,004_Tie_Siann_Tsap_Ngou_Im > （弓）部上入聲,296
thek,佅,他弓切,會佅,004_Tie_Siann_Tsap_Ngou_Im > （弓）部上入聲,296
thek,節,他弓切,整節謹,004_Tie_Siann_Tsap_Ngou_Im > （弓）部上入聲,296
thek,慼,他弓切,飢之意,004_Tie_Siann_Tsap_Ngou_Im > （弓）部上入聲,296
thek,別,他弓切,也鮮也割 也治也,004_Tie_Siann_Tsap_Ngou_Im > （弓）部上入聲,296
thek,疣,他弓切,也頸蓄,004_Tie_Siann_Tsap_Ngou_Im > （弓）部上入聲,296
thek,步,他弓切,也登也升也進 彼高岡,004_Tie_Siann_Tsap_Ngou_Im > （弓）部上入聲,296
thek,當,他弓切,六當養,004_Tie_Siann_Tsap_Ngou_Im > （弓）部上入聲,296
thek,隔,他弓切,隆隔,004_Tie_Siann_Tsap_Ngou_Im > （弓）部上入聲,296
thek,忘,他弓切,志也,004_Tie_Siann_Tsap_Ngou_Im > （弓）部上入聲,296
thek,虛,他弓切,志虛虛也,004_Tie_Siann_Tsap_Ngou_Im > （弓）部上入聲,296
thek,節,他弓切,整節謹,004_Tie_Siann_Tsap_Ngou_Im > （弓）部上入聲,296
thennh,父,他庚切,之兄曰父,004_Tie_Siann_Tsap_Ngou_Im > （庚）部上入聲,226
thennh,松,他庚切,木名黃,004_Tie_Siann_Tsap_Ngou_Im > （庚）部上入聲,226
thennh,陸,他庚切,木也,004_Tie_Siann_Tsap_Ngou_Im > （庚）部上入聲,226
thennh,同,他庚切,上,004_Tie_Siann_Tsap_Ngou_Im > （庚）部上入聲,226
thennh,同,他庚切,上,004_Tie_Siann_Tsap_Ngou_Im > （庚）部上入聲,226
thennh,河,他庚切,圖五十五數,004_Tie_Siann_Tsap_Ngou_Im > （庚）部上入聲,226
thennh,呈,他庚切,音挺叉手抬物於頂上,004_Tie_Siann_Tsap_Ngou_Im > （庚）部上入聲,227
thennh,俗,他庚切,曰俗用其義也,004_Tie_Siann_Tsap_Ngou_Im > （庚）部上入聲,227
thennh,捏,他庚切,舉動,004_Tie_Siann_Tsap_Ngou_Im > （庚）部上入聲,227
thenn̍h,宅,他庚切,居宅之所曰住宅家宅内宅,004_Tie_Siann_Tsap_Ngou_Im > （庚）部下入聲,229
the̍h,宅,他家切,家宅住宅居宅相宅,004_Tie_Siann_Tsap_Ngou_Im > （家）部下入聲,29
thiam,疖,他兼切,雜疾,004_Tie_Siann_Tsap_Ngou_Im > （兼）部上平聲,85
thiam,添,他兼切,物以物加物名日添加也,004_Tie_Siann_Tsap_Ngou_Im > （兼）部上平聲,85
thiam,咕,他兼切,當也,004_Tie_Siann_Tsap_Ngou_Im > （兼）部上平聲,85
thian,天,他堅切,氣之輕清,004_Tie_Siann_Tsap_Ngou_Im > （堅）部上平聲,115
thian,者,他堅切,曰者,004_Tie_Siann_Tsap_Ngou_Im > （堅）部上平聲,115
thian,瓢,他堅切,同上青瓢,004_Tie_Siann_Tsap_Ngou_Im > （堅）部上平聲,115
thian,蒼,他堅切,九蒼,004_Tie_Siann_Tsap_Ngou_Im > （堅）部上平聲,115
thian,草,他堅切,覆爲物,004_Tie_Siann_Tsap_Ngou_Im > （堅）部上平聲,115
thian,者,他堅切,曰者 祇 官名,004_Tie_Siann_Tsap_Ngou_Im > （堅）部上平聲,115
thian,同,他堅切,上又,004_Tie_Siann_Tsap_Ngou_Im > （堅）部上平聲,115
thian,章,他堅切,文章規,004_Tie_Siann_Tsap_Ngou_Im > （堅）部上平聲,115
thian,彰,他堅切,彰楊株彰,004_Tie_Siann_Tsap_Ngou_Im > （堅）部上平聲,115
thian,明,他堅切,來明,004_Tie_Siann_Tsap_Ngou_Im > （堅）部上平聲,115
thian,彿,他堅切,趁觀,004_Tie_Siann_Tsap_Ngou_Im > （堅）部上平聲,115
thian,嶂,他堅切,之姑嶂夫,004_Tie_Siann_Tsap_Ngou_Im > （堅）部上平聲,115
thian,漳,他堅切,洲漳地名漳,004_Tie_Siann_Tsap_Ngou_Im > （堅）部上平聲,115
thian,汐,他堅切,汐,004_Tie_Siann_Tsap_Ngou_Im > （堅）部上平聲,115
thian,璋,他堅切,主璋弄,004_Tie_Siann_Tsap_Ngou_Im > （堅）部上平聲,115
thian,嶂,他堅切,也塑也隔,004_Tie_Siann_Tsap_Ngou_Im > （堅）部上平聲,115
thia̍p,曇,他兼切,唐豊曰曇 重複也,004_Tie_Siann_Tsap_Ngou_Im > （兼）部下入聲,94
thia̍t,若,他堅切,之假設,004_Tie_Siann_Tsap_Ngou_Im > （堅）部下入聲,131
thiaⁿ,樓,他京切,客之所,004_Tie_Siann_Tsap_Ngou_Im > （京）部上平聲,132
thiaⁿ,日,他京切,日客日所,004_Tie_Siann_Tsap_Ngou_Im > （京）部上平聲,132
thiaⁿ,官,他京切,官大官堂,004_Tie_Siann_Tsap_Ngou_Im > （京）部上平聲,132
thiaⁿ,日,他京切,日,004_Tie_Siann_Tsap_Ngou_Im > （京）部上平聲,132
thiaⁿ,早,他京切,有所聞竉,004_Tie_Siann_Tsap_Ngou_Im > （京）部上平聲,132
thih,鐵,他基切,五金之次者曰鐵,004_Tie_Siann_Tsap_Ngou_Im > （基）部上入聲,104
thih,白,他基切,白丰白,004_Tie_Siann_Tsap_Ngou_Im > （基）部上入聲,104
thih,增,他基切,摺之增寸稱之增 表章曰增又如扇 加衣服要仿裝 於稱大小當增之,004_Tie_Siann_Tsap_Ngou_Im > （基）部上入聲,104
thio,挑,他燒切,－灯－荊－選大,004_Tie_Siann_Tsap_Ngou_Im > （燒）部上平聲,352
thio,增,他燒切,蕉芭－弓椒味辛熈燕也冠裳稽祭招商家字號曰－牌又－客－商－兵,004_Tie_Siann_Tsap_Ngou_Im > （燒）部上平聲,353
thiok,蓄,他恭切,積蓄倡蓄有餘裕,004_Tie_Siann_Tsap_Ngou_Im > （恭）部上入聲,157
thiok,精,他恭切,精,004_Tie_Siann_Tsap_Ngou_Im > （恭）部上入聲,157
thiou,迢,他嬌切,迢遠也又遠也,004_Tie_Siann_Tsap_Ngou_Im > （嬌）部上平聲,270
thiou,超,他嬌切,跳也超也,004_Tie_Siann_Tsap_Ngou_Im > （嬌）部上平聲,270
thiou,招,他嬌切,也悲也恨,004_Tie_Siann_Tsap_Ngou_Im > （嬌）部上平聲,270
thiou,挑,他嬌切,引也挑動,004_Tie_Siann_Tsap_Ngou_Im > （嬌）部上平聲,270
thiou,桃,他嬌切,宗桃天子七代以上之祖,004_Tie_Siann_Tsap_Ngou_Im > （嬌）部上平聲,270
thiou,趁,他嬌切,在行,004_Tie_Siann_Tsap_Ngou_Im > （嬌）部上平聲,270
thip,執,他金切,持守也執理又執事戈,004_Tie_Siann_Tsap_Ngou_Im > （金）部上入聲,46
thip,扎,他金切,同上小寫,004_Tie_Siann_Tsap_Ngou_Im > （金）部上入聲,46
thip,傲,他金切,執傲事同,004_Tie_Siann_Tsap_Ngou_Im > （金）部上入聲,46
thip,蟄,他金切,蟄虫也舊蟄則化爲蟄也,004_Tie_Siann_Tsap_Ngou_Im > （金）部上入聲,46
thip,暫,他金切,待御,004_Tie_Siann_Tsap_Ngou_Im > （金）部上入聲,46
thip,繫,他金切,縛也拘執也,004_Tie_Siann_Tsap_Ngou_Im > （金）部上入聲,46
thiu,好,他鳩切,親,004_Tie_Siann_Tsap_Ngou_Im > （鳩）部上平聲,230
thiu̍h,同,他鳩切,上同,004_Tie_Siann_Tsap_Ngou_Im > （鳩）部下入聲,239
thiám,謂,他兼切,好順人意曰謂褊也 恁 惬允藏當 态 同上,004_Tie_Siann_Tsap_Ngou_Im > （兼）部上上聲,87
thiâm,恬,他兼切,静也,004_Tie_Siann_Tsap_Ngou_Im > （兼）部下平聲,92
thiâm,怙,他兼切,光猶里,004_Tie_Siann_Tsap_Ngou_Im > （兼）部下平聲,92
thiâm,膰,他兼切,吉也,004_Tie_Siann_Tsap_Ngou_Im > （兼）部下平聲,92
thiâm,錄,他兼切,代,004_Tie_Siann_Tsap_Ngou_Im > （兼）部下平聲,92
thiâm,鈷,他兼切,利也,004_Tie_Siann_Tsap_Ngou_Im > （兼）部下平聲,92
thiân,鈿,他堅切,金鈿釵鈿,004_Tie_Siann_Tsap_Ngou_Im > （堅）部下平聲,124
thiân,畋,他堅切,昔之師也畋正音畋猥耕畋,004_Tie_Siann_Tsap_Ngou_Im > （堅）部下平聲,124
thiân,鱣,他堅切,鱣解鱣絳腸鱣,004_Tie_Siann_Tsap_Ngou_Im > （堅）部下平聲,124
thiâⁿ,程,他京切,路程章程,004_Tie_Siann_Tsap_Ngou_Im > （京）部下平聲,135
thiâⁿ,尺,他京切,姓尺,004_Tie_Siann_Tsap_Ngou_Im > （京）部下平聲,135
thiâⁿ,呈,他京切,双手捧物送上曰呈,004_Tie_Siann_Tsap_Ngou_Im > （京）部下平聲,135
thiâⁿ,又,他京切,示也見也平也,004_Tie_Siann_Tsap_Ngou_Im > （京）部下平聲,135
thiâⁿ,増,他京切,成 凡物事已成者曰増 又規矩曰規増,004_Tie_Siann_Tsap_Ngou_Im > （京）部下平聲,136
thiâⁿ,盡,他京切,觥 觥盡印勝敗也曰紂盡勝曰盡,004_Tie_Siann_Tsap_Ngou_Im > （京）部下平聲,136
thiâⁿ,成,他京切,此物收成不足則曰徵成凡生理例數則曰攤成內其義也,004_Tie_Siann_Tsap_Ngou_Im > （京）部下平聲,136
thiãⁿ,痛,他京切,人之遍身凡有所,004_Tie_Siann_Tsap_Ngou_Im > （京）部下上聲,137
thiãⁿ,傷,他京切,則曰傷病,004_Tie_Siann_Tsap_Ngou_Im > （京）部下上聲,137
thiòu,調,他嬌切,音律之，也如,004_Tie_Siann_Tsap_Ngou_Im > （嬌）部上去聲,274
thiòu,曲,他嬌切,曲詞曲聲曲,004_Tie_Siann_Tsap_Ngou_Im > （嬌）部上去聲,274
thiòu,調,他嬌切,調和調義,004_Tie_Siann_Tsap_Ngou_Im > （嬌）部上去聲,275
thiòu,鱅,他嬌切,魚名,004_Tie_Siann_Tsap_Ngou_Im > （嬌）部上去聲,275
thiû,筹,他鳩切,持筹添慊也,004_Tie_Siann_Tsap_Ngou_Im > （鳩）部下平聲,235
thiû,懵,他鳩切,猹也帐,004_Tie_Siann_Tsap_Ngou_Im > （鳩）部下平聲,235
thiû,僦,他鳩切,传也朋友也,004_Tie_Siann_Tsap_Ngou_Im > （鳩）部下平聲,235
thiû,嘴,他鳩切,谁也,004_Tie_Siann_Tsap_Ngou_Im > （鳩）部下平聲,235
thiû,蹄,他鳩切,踏不决也,004_Tie_Siann_Tsap_Ngou_Im > （鳩）部下平聲,235
thiān,暢,他堅切,意義也快也,004_Tie_Siann_Tsap_Ngou_Im > （堅）部下去聲,129
thiān,虐,他堅切,祀曰虐又同上,004_Tie_Siann_Tsap_Ngou_Im > （堅）部下去聲,129
thiān,香,他堅切,草清本宗,004_Tie_Siann_Tsap_Ngou_Im > （堅）部下去聲,129
thiō,耀,他燒切,發奇百谷曰,004_Tie_Siann_Tsap_Ngou_Im > （燒）部下去聲,357
thiō,菜,他燒切,同上,004_Tie_Siann_Tsap_Ngou_Im > （燒）部下去聲,357
thiō,嬰,他燒切,武嬰名也,004_Tie_Siann_Tsap_Ngou_Im > （燒）部下去聲,357
thiō,武,他燒切,后,004_Tie_Siann_Tsap_Ngou_Im > （燒）部下去聲,357
thiō,醮,他燒切,日設壇祈禱,004_Tie_Siann_Tsap_Ngou_Im > （燒）部下去聲,357
thiō,曰,他燒切,建曰,004_Tie_Siann_Tsap_Ngou_Im > （燒）部下去聲,357
thiōu,起,他嬌切,跟也如賈馬之行也,004_Tie_Siann_Tsap_Ngou_Im > （嬌）部下去聲,278
thiōu,又,他嬌切,特出也,004_Tie_Siann_Tsap_Ngou_Im > （嬌）部下去聲,278
thiōu,跳,他嬌切,同上畜,004_Tie_Siann_Tsap_Ngou_Im > （嬌）部下去聲,278
thiōu,行,他嬌切,也,004_Tie_Siann_Tsap_Ngou_Im > （嬌）部下去聲,278
thiū,俗,他鳩切,以假者盜換,004_Tie_Siann_Tsap_Ngou_Im > （鳩）部下去聲,238
thiū,其,他鳩切,真者曰其,004_Tie_Siann_Tsap_Ngou_Im > （鳩）部下去聲,238
thi̍p,敘,他金切,笄歧曰敘首飾也敘裙,004_Tie_Siann_Tsap_Ngou_Im > （金）部下入聲,54
thng,湯,他扛切,滾水曰湯 湯淡水日湯有,004_Tie_Siann_Tsap_Ngou_Im > （扛）部上平聲,285
thn̂g,糖,他扛切,案糖,004_Tie_Siann_Tsap_Ngou_Im > （扛）部下平聲,288
thn̂g,戊,他扛切,己屬土其色,004_Tie_Siann_Tsap_Ngou_Im > （扛）部下平聲,288
thn̂g,又,他扛切,又姓也,004_Tie_Siann_Tsap_Ngou_Im > （扛）部下平聲,288
thn̄g,脫,他扛切,保首脫也即脫也如今,004_Tie_Siann_Tsap_Ngou_Im > （扛）部下去聲,289
thn̄g,乃,他扛切,乃曰乃用其義乃,004_Tie_Siann_Tsap_Ngou_Im > （扛）部下去聲,289
thn̍gh,窗,他扛切,居穴曰窗天窗壁下窗腿由同,004_Tie_Siann_Tsap_Ngou_Im > （扛）部下入聲,291
tho,治,他歌切,有罪者曰治,004_Tie_Siann_Tsap_Ngou_Im > （歌）部上平聲,188
tho,征,他歌切,征又索也,004_Tie_Siann_Tsap_Ngou_Im > （歌）部上平聲,188
tho,安,他歌切,置得稳曰安,004_Tie_Siann_Tsap_Ngou_Im > （歌）部上平聲,188
tho,當,他歌切,當貼,004_Tie_Siann_Tsap_Ngou_Im > （歌）部上平聲,188
thoh,塗,他姑切,水中垃坐,004_Tie_Siann_Tsap_Ngou_Im > （姑）部上入聲,81
thoh,又,他姑切,污也,004_Tie_Siann_Tsap_Ngou_Im > （姑）部上入聲,81
thoh,沈,他姑切,又污也,004_Tie_Siann_Tsap_Ngou_Im > （姑）部上入聲,81
thoh,中,他姑切,國畜水生竄也,004_Tie_Siann_Tsap_Ngou_Im > （姑）部上入聲,81
thoh,等,他歌切,等付等事,004_Tie_Siann_Tsap_Ngou_Im > （歌）部上入聲,191
thoh,毀,他歌切,寄也,004_Tie_Siann_Tsap_Ngou_Im > （歌）部上入聲,191
thong,宗,他公切,宗廟宗相同姓曰同宗文物之蕃毓者曰宗,004_Tie_Siann_Tsap_Ngou_Im > （公）部上平聲,63
thong,踪,他公切,踪達專踪又踪同,004_Tie_Siann_Tsap_Ngou_Im > （公）部上平聲,63
thong,琮,他公切,瑞玉也,004_Tie_Siann_Tsap_Ngou_Im > （公）部上平聲,63
thong,綜,他公切,綜紲綜此晝也,004_Tie_Siann_Tsap_Ngou_Im > （公）部上平聲,63
thong,倅,他公切,人上古神,004_Tie_Siann_Tsap_Ngou_Im > （公）部上平聲,63
thong,爸,他公切,顱也爸斷大,004_Tie_Siann_Tsap_Ngou_Im > （公）部上平聲,63
tho̍h,物,他歌切,之至虛曰物,004_Tie_Siann_Tsap_Ngou_Im > （歌）部下入聲,197
tho̍k,讀,他公切,正音,004_Tie_Siann_Tsap_Ngou_Im > （公）部下入聲,75
thuah,獺,他⿴囗瓜切,為淵敺魚者也獺能入水哺魚獺也,004_Tie_Siann_Tsap_Ngou_Im > （⿴囗瓜）部上入聲,242
thuah,健,他⿴囗瓜切,同上而加大健似鼠而水健,004_Tie_Siann_Tsap_Ngou_Im > （⿴囗瓜）部上入聲,242
thuan,攤,他官切,覺目不能完者,004_Tie_Siann_Tsap_Ngou_Im > （官）部上平聲,139
thuan,難,他官切,凡水平行者為江河由高而瀉,004_Tie_Siann_Tsap_Ngou_Im > （官）部上平聲,139
thuan,曰,他官切,－自湖州以上有十八－,004_Tie_Siann_Tsap_Ngou_Im > （官）部上平聲,139
thuan,攪,他官切,賭錢之處,004_Tie_Siann_Tsap_Ngou_Im > （官）部上平聲,139
thuan,曰,他官切,－場,004_Tie_Siann_Tsap_Ngou_Im > （官）部上平聲,139
thuan,埭,他官切,地平而長也,004_Tie_Siann_Tsap_Ngou_Im > （官）部上平聲,139
thuang,諏,他光切,相謀也,004_Tie_Siann_Tsap_Ngou_Im > （光）部上平聲,199
thuang,道,他光切,疾也速,004_Tie_Siann_Tsap_Ngou_Im > （光）部上平聲,199
thuang,轉,他光切,呢轉鳥轉 聲也,004_Tie_Siann_Tsap_Ngou_Im > （光）部上平聲,200
thua̍k,梯,他光切,帆槳－竹－木－雲－,004_Tie_Siann_Tsap_Ngou_Im > （光）部下入聲,213
thue,又,他瓜切,廢敗也壞也,004_Tie_Siann_Tsap_Ngou_Im > （瓜）部上平聲,339
thue,也,他瓜切,同上順,004_Tie_Siann_Tsap_Ngou_Im > （瓜）部上平聲,339
thue,第,他瓜切,第廳曰,004_Tie_Siann_Tsap_Ngou_Im > （瓜）部上平聲,339
thuih,棍,他歸切,棍木桿也竹棍榮棍,004_Tie_Siann_Tsap_Ngou_Im > （歸）部上入聲,218
thun,吞,他君切,食物下咽曰吞 大小相凹也 又鼎吞 盌吞 盆吞,004_Tie_Siann_Tsap_Ngou_Im > （君）部上平聲,6
thun,啍,他君切,口氣也 重遲之貌,004_Tie_Siann_Tsap_Ngou_Im > （君）部上平聲,6
thun,𪎶,他君切,黃也,004_Tie_Siann_Tsap_Ngou_Im > （君）部上平聲,6
thut,脫,他君切,墨也 脫落脫走,004_Tie_Siann_Tsap_Ngou_Im > （君）部上入聲,12
thut,倪,他君切,猛也 牡,004_Tie_Siann_Tsap_Ngou_Im > （君）部上入聲,12
thut,林,他君切,林陽,004_Tie_Siann_Tsap_Ngou_Im > （君）部上入聲,12
thut,黝,他君切,黝陰眊 斤也,004_Tie_Siann_Tsap_Ngou_Im > （君）部上入聲,12
thuân,朽,他官切,木－香曰－即腐,004_Tie_Siann_Tsap_Ngou_Im > （官）部下平聲,142
thuân,敗,他官切,也用其義也,004_Tie_Siann_Tsap_Ngou_Im > （官）部下平聲,142
thuân,檀,他官切,香番柴之有香味,004_Tie_Siann_Tsap_Ngou_Im > （官）部下平聲,142
thuân,香,他官切,可作香以降神,004_Tie_Siann_Tsap_Ngou_Im > （官）部下平聲,142
thuân,又,他官切,－旁－年,004_Tie_Siann_Tsap_Ngou_Im > （官）部下平聲,143
thuâng,傳,他光切,－相説－家○定,004_Tie_Siann_Tsap_Ngou_Im > （光）部下平聲,205
thuâng,團,他光切,－散園結,004_Tie_Siann_Tsap_Ngou_Im > （光）部下平聲,205
thuâng,餌,他光切,－水飲又同上,004_Tie_Siann_Tsap_Ngou_Im > （光）部下平聲,205
thuâng,搏,他光切,－日以手圓之圓,004_Tie_Siann_Tsap_Ngou_Im > （光）部下平聲,205
thuâng,蝟,他光切,－魚即鳧也,004_Tie_Siann_Tsap_Ngou_Im > （光）部下平聲,205
thuâng,溥,他光切,－露水多也,004_Tie_Siann_Tsap_Ngou_Im > （光）部下平聲,205
thuâng,鷓,他光切,－鷓－烏能射人也,004_Tie_Siann_Tsap_Ngou_Im > （光）部下平聲,205
thuāng,判,他光切,堂－語,004_Tie_Siann_Tsap_Ngou_Im > （光）部下去聲,209
thuāng,洋,他光切,曰－水,004_Tie_Siann_Tsap_Ngou_Im > （光）部下去聲,209
thuāng,絆,他光切,溺婦也,004_Tie_Siann_Tsap_Ngou_Im > （光）部下去聲,209
thuāng,絆,他光切,馬繫也,004_Tie_Siann_Tsap_Ngou_Im > （光）部下去聲,209
thuāng,拚,他光切,亦本也,004_Tie_Siann_Tsap_Ngou_Im > （光）部下去聲,209
thu̍t,脫,他君切,落也卽也遂也,004_Tie_Siann_Tsap_Ngou_Im > （君）部下入聲,20
thu̍t,用,他君切,其葉義也,004_Tie_Siann_Tsap_Ngou_Im > （君）部下入聲,20
thàm,陷,他甘切,而不平曰,004_Tie_Siann_Tsap_Ngou_Im > （甘）部上去聲,333
thàm,掃,他甘切,掃臥掃下掃,004_Tie_Siann_Tsap_Ngou_Im > （甘）部上去聲,333
thàm,踐,他甘切,也,004_Tie_Siann_Tsap_Ngou_Im > （甘）部上去聲,333
thàm,談,他甘切,言論日談如談笑 談論談語談話,004_Tie_Siann_Tsap_Ngou_Im > （甘）部上去聲,335
thàm,疾,他甘切,疾疾病,004_Tie_Siann_Tsap_Ngou_Im > （甘）部上去聲,335
thàm,墨,他甘切,盛酒器也酒墨,004_Tie_Siann_Tsap_Ngou_Im > （甘）部上去聲,335
thàm,郊,他甘切,國名又姓也,004_Tie_Siann_Tsap_Ngou_Im > （甘）部上去聲,335
thàm,飯,他甘切,餅也進,004_Tie_Siann_Tsap_Ngou_Im > （甘）部上去聲,335
thàm,雲,他甘切,雲布也,004_Tie_Siann_Tsap_Ngou_Im > （甘）部上去聲,335
thàm,睇,他甘切,買物先付錢口睇,004_Tie_Siann_Tsap_Ngou_Im > （甘）部上去聲,335
thâi,台,他皆切,遠觀四方,004_Tie_Siann_Tsap_Ngou_Im > （皆）部下平聲,150
thâi,者,他皆切,曰高者臺,004_Tie_Siann_Tsap_Ngou_Im > （皆）部下平聲,150
thâi,以,他皆切,摘星,004_Tie_Siann_Tsap_Ngou_Im > （皆）部下平聲,150
thâi,臺,他皆切,猶人之詞,004_Tie_Siann_Tsap_Ngou_Im > （皆）部下平聲,150
thâi,如,他皆切,老如仁如,004_Tie_Siann_Tsap_Ngou_Im > （皆）部下平聲,150
thâi,駘,他皆切,脫也駑馬,004_Tie_Siann_Tsap_Ngou_Im > （皆）部下平聲,150
thâi,鮐,他皆切,魚名,004_Tie_Siann_Tsap_Ngou_Im > （皆）部下平聲,150
thâi,待,他皆切,久待相待厚待 待價待告待睬,004_Tie_Siann_Tsap_Ngou_Im > （皆）部下平聲,151
thâi,穴,他皆切,船穴主行 小舟之事,004_Tie_Siann_Tsap_Ngou_Im > （皆）部下平聲,151
thâng,也,他江切,頗也,004_Tie_Siann_Tsap_Ngou_Im > （江）部下平聲,254
thâng,也,他江切,厚也,004_Tie_Siann_Tsap_Ngou_Im > （江）部下平聲,254
thâng,語,他江切,雜亂,004_Tie_Siann_Tsap_Ngou_Im > （江）部下平聲,254
thâng,色,他江切,馬也,004_Tie_Siann_Tsap_Ngou_Im > （江）部下平聲,254
thâng,船,他江切,也,004_Tie_Siann_Tsap_Ngou_Im > （江）部下平聲,254
thâng,泊,他江切,出也,004_Tie_Siann_Tsap_Ngou_Im > （江）部下平聲,254
thâng,范,他江切,水,004_Tie_Siann_Tsap_Ngou_Im > （江）部下平聲,254
thâng,膀,他江切,膀肪小,004_Tie_Siann_Tsap_Ngou_Im > （江）部下平聲,254
thâng,名,他江切,也,004_Tie_Siann_Tsap_Ngou_Im > （江）部下平聲,254
thâng,行,他江切,也,004_Tie_Siann_Tsap_Ngou_Im > （江）部下平聲,254
thâng,大,他江切,也厚,004_Tie_Siann_Tsap_Ngou_Im > （江）部下平聲,254
thâng,色,他江切,馬也其,004_Tie_Siann_Tsap_Ngou_Im > （江）部下平聲,254
thâng,胡,他江切,荒胡,004_Tie_Siann_Tsap_Ngou_Im > （江）部下平聲,254
thâng,遊,他江切,也,004_Tie_Siann_Tsap_Ngou_Im > （江）部下平聲,254
thâng,同,他江切,上同,004_Tie_Siann_Tsap_Ngou_Im > （江）部下平聲,254
thâng,俟,他江切,也,004_Tie_Siann_Tsap_Ngou_Im > （江）部下平聲,254
thâng,木,他江切,名果實,004_Tie_Siann_Tsap_Ngou_Im > （江）部下平聲,254
thâng,也,他江切,游也廿也,004_Tie_Siann_Tsap_Ngou_Im > （江）部下平聲,254
thâng,大,他江切,言也,004_Tie_Siann_Tsap_Ngou_Im > （江）部下平聲,254
thâng,端,他江切,莊此,004_Tie_Siann_Tsap_Ngou_Im > （江）部下平聲,254
thâng,熙,他江切,熙之,004_Tie_Siann_Tsap_Ngou_Im > （江）部下平聲,254
thâng,蟲,他江切,名,004_Tie_Siann_Tsap_Ngou_Im > （江）部下平聲,254
thâng,之,他江切,有香木,004_Tie_Siann_Tsap_Ngou_Im > （江）部下平聲,254
thâng,腹,他江切,炬腹九,004_Tie_Siann_Tsap_Ngou_Im > （江）部下平聲,254
thâng,水,他江切,水派水,004_Tie_Siann_Tsap_Ngou_Im > （江）部下平聲,254
thâng,洞,他江切,名,004_Tie_Siann_Tsap_Ngou_Im > （江）部下平聲,254
thâng,肥,他江切,也,004_Tie_Siann_Tsap_Ngou_Im > （江）部下平聲,254
thâng,日,他江切,直視,004_Tie_Siann_Tsap_Ngou_Im > （江）部下平聲,254
thâng,將,他江切,為能,004_Tie_Siann_Tsap_Ngou_Im > （江）部下平聲,254
thâng,施,他江切,任,004_Tie_Siann_Tsap_Ngou_Im > （江）部下平聲,254
thâu,廳,他高切,大風也,004_Tie_Siann_Tsap_Ngou_Im > （高）部下平聲,36
thâu,慱,他高切,禪懷,004_Tie_Siann_Tsap_Ngou_Im > （高）部下平聲,36
thâu,喁,他高切,言喁也 氣多,004_Tie_Siann_Tsap_Ngou_Im > （高）部下平聲,36
thâu,酶,他高切,醉也,004_Tie_Siann_Tsap_Ngou_Im > （高）部下平聲,36
thâu,絇,他高切,縐紊也胃 絇,004_Tie_Siann_Tsap_Ngou_Im > （高）部下平聲,36
thâu,鈎,他高切,治鈎鑄工也 爐,004_Tie_Siann_Tsap_Ngou_Im > （高）部下平聲,36
thâu,誶,他高切,兒多言也 又小 末成言,004_Tie_Siann_Tsap_Ngou_Im > （高）部下平聲,36
thâu,夫,他高切,囧上跑,004_Tie_Siann_Tsap_Ngou_Im > （高）部下平聲,37
thâu,方,他高切,戈也戰也 又方戰些,004_Tie_Siann_Tsap_Ngou_Im > （高）部下平聲,37
thâu,毛,他高切,板毛草毛病 放毛不毛,004_Tie_Siann_Tsap_Ngou_Im > （高）部下平聲,37
thâu,旋,他高切,粮也旂,004_Tie_Siann_Tsap_Ngou_Im > （高）部下平聲,37
thâu,眊,他高切,眵子眊為 視不明也,004_Tie_Siann_Tsap_Ngou_Im > （高）部下平聲,37
thâu,耄,他高切,九十歲曰 耄老耄,004_Tie_Siann_Tsap_Ngou_Im > （高）部下平聲,37
thâu,替,他高切,日昏 也,004_Tie_Siann_Tsap_Ngou_Im > （高）部下平聲,37
thâu,造,他高切,造作造次,004_Tie_Siann_Tsap_Ngou_Im > （高）部下平聲,39
thâu,皁,他高切,帚皁　搖皁,004_Tie_Siann_Tsap_Ngou_Im > （高）部下平聲,39
thâu,臭,他高切,色　同上臭,004_Tie_Siann_Tsap_Ngou_Im > （高）部下平聲,39
thâu,悼,他高切,悼心傷也悼七傷也日悼,004_Tie_Siann_Tsap_Ngou_Im > （高）部下平聲,39
thâu,罩,他高切,茖偉也罩,004_Tie_Siann_Tsap_Ngou_Im > （高）部下平聲,39
thâu,罅,他高切,小細也又覓為也,004_Tie_Siann_Tsap_Ngou_Im > （高）部下平聲,39
thâu,愒,他高切,況愒　萬寶,004_Tie_Siann_Tsap_Ngou_Im > （高）部下平聲,39
thâu,套,他高切,內小外大曰－,004_Tie_Siann_Tsap_Ngou_Im > （高）部下平聲,40
thâu,稅,他高切,上加－胖－外－也遁也 透 曰且遁－徵遁,004_Tie_Siann_Tsap_Ngou_Im > （高）部下平聲,40
thâu,褡,他高切,褡褡－禮,004_Tie_Siann_Tsap_Ngou_Im > （高）部下平聲,40
thâu,訐,他高切,以言掀揚,004_Tie_Siann_Tsap_Ngou_Im > （高）部下平聲,40
thâu,曰,他高切,相－,004_Tie_Siann_Tsap_Ngou_Im > （高）部下平聲,40
thãng,嘆,他江切,長嘆息也,004_Tie_Siann_Tsap_Ngou_Im > （江）部下上聲,258
thãng,讀,他江切,讀書讀詩讀,004_Tie_Siann_Tsap_Ngou_Im > （江）部下上聲,260
thãng,體,他江切,明曰體,004_Tie_Siann_Tsap_Ngou_Im > （江）部下上聲,260
thè,鯇,他家切,水母也,004_Tie_Siann_Tsap_Ngou_Im > （家）部上去聲,23
thè,蛇,他家切,同上酒某也酸蛇,004_Tie_Siann_Tsap_Ngou_Im > （家）部上去聲,23
thêng,霆,他弓切,也 雷霆聲,004_Tie_Siann_Tsap_Ngou_Im > （弓）部下平聲,299
thêng,傳,他弓切,車傳止息傳驕傳,004_Tie_Siann_Tsap_Ngou_Im > （弓）部下平聲,299
thêng,澎,他弓切,湃澎澥水,004_Tie_Siann_Tsap_Ngou_Im > （弓）部下平聲,299
thêng,帣,他弓切,帣藏屋,004_Tie_Siann_Tsap_Ngou_Im > （弓）部下平聲,299
thêng,溯,他弓切,風擊曲,004_Tie_Siann_Tsap_Ngou_Im > （弓）部下平聲,299
thêng,嫣,他弓切,嫣姅美,004_Tie_Siann_Tsap_Ngou_Im > （弓）部下平聲,299
thêng,姸,他弓切,除也又多 女私合也,004_Tie_Siann_Tsap_Ngou_Im > （弓）部下平聲,299
thêng,侥,他弓切,也 依也倚,004_Tie_Siann_Tsap_Ngou_Im > （弓）部下平聲,299
thêng,枰,他弓切,棋枰也,004_Tie_Siann_Tsap_Ngou_Im > （弓）部下平聲,299
thêng,坪,他弓切,也 地畔,004_Tie_Siann_Tsap_Ngou_Im > （弓）部下平聲,299
thêng,鵷,他弓切,鴉,004_Tie_Siann_Tsap_Ngou_Im > （弓）部下平聲,299
thêng,仙,他弓切,也,004_Tie_Siann_Tsap_Ngou_Im > （弓）部下平聲,299
thêng,鯪,他弓切,空也 又桑葛也,004_Tie_Siann_Tsap_Ngou_Im > （弓）部下平聲,299
thêng,磐,他弓切,同上又,004_Tie_Siann_Tsap_Ngou_Im > （弓）部下平聲,299
thêng,藥,他弓切,也 正弓驚也 又票也,004_Tie_Siann_Tsap_Ngou_Im > （弓）部下平聲,299
thêng,胚,他弓切,脚胚也 膝下骨 又直似物雙,004_Tie_Siann_Tsap_Ngou_Im > （弓）部下平聲,299
thêng,妊,他弓切,也 長好,004_Tie_Siann_Tsap_Ngou_Im > （弓）部下平聲,299
thêng,詞,他弓切,也 同絶,004_Tie_Siann_Tsap_Ngou_Im > （弓）部下平聲,299
thêng,霆,他弓切,也 雷霆聲,004_Tie_Siann_Tsap_Ngou_Im > （弓）部下平聲,299
thêng,傳,他弓切,車傳止息傳驕傳,004_Tie_Siann_Tsap_Ngou_Im > （弓）部下平聲,299
thêng,澎,他弓切,湃澎澥水,004_Tie_Siann_Tsap_Ngou_Im > （弓）部下平聲,299
thêng,幣,他弓切,幣藏屋,004_Tie_Siann_Tsap_Ngou_Im > （弓）部下平聲,299
thêng,溯,他弓切,風擊曲,004_Tie_Siann_Tsap_Ngou_Im > （弓）部下平聲,299
thêng,霆,他弓切,也 雷霆聲,004_Tie_Siann_Tsap_Ngou_Im > （弓）部下平聲,299
thêng,傳,他弓切,車傳止息傳驕傳,004_Tie_Siann_Tsap_Ngou_Im > （弓）部下平聲,299
thêng,澎,他弓切,湃澎澥水,004_Tie_Siann_Tsap_Ngou_Im > （弓）部下平聲,299
thêng,廷,他弓切,朝廷射 廷內,004_Tie_Siann_Tsap_Ngou_Im > （弓）部下平聲,299
thêng,延,他弓切,同上,004_Tie_Siann_Tsap_Ngou_Im > （弓）部下平聲,299
thêng,庭,他弓切,庭陪家,004_Tie_Siann_Tsap_Ngou_Im > （弓）部下平聲,299
thêng,騰,他弓切,飛騰敷騰實騰澥騰清,004_Tie_Siann_Tsap_Ngou_Im > （弓）部下平聲,299
thêng,澄,他弓切,海澄清,004_Tie_Siann_Tsap_Ngou_Im > （弓）部下平聲,299
thêng,激,他弓切,曰激水靜而清,004_Tie_Siann_Tsap_Ngou_Im > （弓）部下平聲,299
thêng,筵,他弓切,官也 維縣縣,004_Tie_Siann_Tsap_Ngou_Im > （弓）部下平聲,299
thêng,騂,他弓切,馬佳也,004_Tie_Siann_Tsap_Ngou_Im > （弓）部下平聲,299
thêng,婷,他弓切,好婷婧婷美,004_Tie_Siann_Tsap_Ngou_Im > （弓）部下平聲,299
thêng,勝,他弓切,也 踐也約,004_Tie_Siann_Tsap_Ngou_Im > （弓）部下平聲,299
thêng,蛆,他弓切,蛆,004_Tie_Siann_Tsap_Ngou_Im > （弓）部下平聲,300
thêng,飛,他弓切,天也,004_Tie_Siann_Tsap_Ngou_Im > （弓）部下平聲,300
thêng,調,他弓切,調相,004_Tie_Siann_Tsap_Ngou_Im > （弓）部下平聲,300
thêng,田,他弓切,畦也,004_Tie_Siann_Tsap_Ngou_Im > （弓）部下平聲,300
thêng,酒,他弓切,未醒,004_Tie_Siann_Tsap_Ngou_Im > （弓）部下平聲,300
thêng,心,他弓切,平也,004_Tie_Siann_Tsap_Ngou_Im > （弓）部下平聲,300
thêng,馬,他弓切,雄也,004_Tie_Siann_Tsap_Ngou_Im > （弓）部下平聲,300
thêng,創,他弓切,戒也,004_Tie_Siann_Tsap_Ngou_Im > （弓）部下平聲,300
thì,杉,他基切,杉裤杉裤,004_Tie_Siann_Tsap_Ngou_Im > （基）部上去聲,102
thî,嗶,他基切,鸟,004_Tie_Siann_Tsap_Ngou_Im > （基）部下平聲,106
thî,持,他基切,難,004_Tie_Siann_Tsap_Ngou_Im > （基）部下平聲,106
thî,媞,他基切,也,004_Tie_Siann_Tsap_Ngou_Im > （基）部下平聲,106
thî,提,他基切,提提起,004_Tie_Siann_Tsap_Ngou_Im > （基）部下平聲,106
thî,謧,他基切,也窃,004_Tie_Siann_Tsap_Ngou_Im > （基）部下平聲,106
thî,也,他基切,理,004_Tie_Siann_Tsap_Ngou_Im > （基）部下平聲,106
thî,醍,他基切,味醍朝,004_Tie_Siann_Tsap_Ngou_Im > （基）部下平聲,106
thî,甘,他基切,性滑,004_Tie_Siann_Tsap_Ngou_Im > （基）部下平聲,106
thî,稀,他基切,木,004_Tie_Siann_Tsap_Ngou_Im > （基）部下平聲,106
thî,枯,他基切,楊更生,004_Tie_Siann_Tsap_Ngou_Im > （基）部下平聲,106
thî,嘷,他基切,嘷聲近疏,004_Tie_Siann_Tsap_Ngou_Im > （基）部下平聲,106
thî,近,他基切,近笑,004_Tie_Siann_Tsap_Ngou_Im > （基）部下平聲,106
thî,鞋,他基切,茟,004_Tie_Siann_Tsap_Ngou_Im > （基）部下平聲,106
thî,茟,他基切,脃也,004_Tie_Siann_Tsap_Ngou_Im > （基）部下平聲,106
thî,騹,他基切,馬缺,004_Tie_Siann_Tsap_Ngou_Im > （基）部下平聲,106
thî,也,他基切,也見,004_Tie_Siann_Tsap_Ngou_Im > （基）部下平聲,106
thî,緹,他基切,色,004_Tie_Siann_Tsap_Ngou_Im > （基）部下平聲,106
thî,色,他基切,吊丹黄,004_Tie_Siann_Tsap_Ngou_Im > （基）部下平聲,106
thî,提,他基切,福,004_Tie_Siann_Tsap_Ngou_Im > （基）部下平聲,106
thî,也,他基切,安,004_Tie_Siann_Tsap_Ngou_Im > （基）部下平聲,106
thî,錢,他基切,又,004_Tie_Siann_Tsap_Ngou_Im > （基）部下平聲,106
thî,又,他基切,十分又,004_Tie_Siann_Tsap_Ngou_Im > （基）部下平聲,106
thî,十,他基切,勻十洋,004_Tie_Siann_Tsap_Ngou_Im > （基）部下平聲,106
thî,不,他基切,同,004_Tie_Siann_Tsap_Ngou_Im > （基）部下平聲,106
thî,分,他基切,曰分土十,004_Tie_Siann_Tsap_Ngou_Im > （基）部下平聲,106
thî,錢,他基切,祖,004_Tie_Siann_Tsap_Ngou_Im > （基）部下平聲,106
thî,也,他基切,也嬅彭,004_Tie_Siann_Tsap_Ngou_Im > （基）部下平聲,106
thîm,癡,他金切,腹疾也,004_Tie_Siann_Tsap_Ngou_Im > （金）部下平聲,48
thîn,陳,他⿴囗君切,表其心事曰陳情陳說,004_Tie_Siann_Tsap_Ngou_Im > （⿴囗君）部下平聲,166
thîn,晉,他⿴囗君切,猶道也同晉晉,004_Tie_Siann_Tsap_Ngou_Im > （⿴囗君）部下平聲,169
thòng,畜,他公切,六畜即牛馬之類,004_Tie_Siann_Tsap_Ngou_Im > （公）部上去聲,68
thòng,畜,他公切,積畜私畜備畜,004_Tie_Siann_Tsap_Ngou_Im > （公）部上去聲,68
thòng,儒,他公切,偃儒不伸也,004_Tie_Siann_Tsap_Ngou_Im > （公）部上去聲,68
thòng,佐,他公切,霞也,004_Tie_Siann_Tsap_Ngou_Im > （公）部上去聲,68
thòng,畜,他公切,與畜同,004_Tie_Siann_Tsap_Ngou_Im > （公）部上去聲,68
thòng,籌,他公切,籌筒筒也,004_Tie_Siann_Tsap_Ngou_Im > （公）部上去聲,68
thòng,濫,他公切,濫聚也,004_Tie_Siann_Tsap_Ngou_Im > （公）部上去聲,68
thòng,辨,他公切,草木皮,004_Tie_Siann_Tsap_Ngou_Im > （公）部上去聲,68
thòng,倔,他公切,清淨叟,004_Tie_Siann_Tsap_Ngou_Im > （公）部上去聲,68
thòng,樁,他公切,積樁,004_Tie_Siann_Tsap_Ngou_Im > （公）部上去聲,68
thòng,集,他公切,木葉落,004_Tie_Siann_Tsap_Ngou_Im > （公）部上去聲,68
thòng,嚼,他公切,鴉也,004_Tie_Siann_Tsap_Ngou_Im > （公）部上去聲,68
thòng,嚼,他公切,叫叫以言叫咐曰嚼,004_Tie_Siann_Tsap_Ngou_Im > （公）部上去聲,68
thói,體,他雞切,質也身體念,004_Tie_Siann_Tsap_Ngou_Im > （雞）部上上聲,55
thói,事,他雞切,事,004_Tie_Siann_Tsap_Ngou_Im > （雞）部上上聲,55
thói,軀,他雞切,同上又軀有,004_Tie_Siann_Tsap_Ngou_Im > （雞）部上上聲,55
thói,楝,他雞切,圓楝,004_Tie_Siann_Tsap_Ngou_Im > （雞）部上上聲,55
thói,体,他雞切,同上,004_Tie_Siann_Tsap_Ngou_Im > （雞）部上上聲,55
thô,名,他歌切,名李來,004_Tie_Siann_Tsap_Ngou_Im > （歌）部下平聲,192
thô,名,他歌切,有實,004_Tie_Siann_Tsap_Ngou_Im > （歌）部下平聲,192
thô,長,他歌切,去也,004_Tie_Siann_Tsap_Ngou_Im > （歌）部下平聲,192
thô,負,他歌切,荷而行,004_Tie_Siann_Tsap_Ngou_Im > （歌）部下平聲,192
thô,又,他歌切,委又美也,004_Tie_Siann_Tsap_Ngou_Im > （歌）部下平聲,192
thô,覽,他歌切,遠覽,004_Tie_Siann_Tsap_Ngou_Im > （歌）部下平聲,192
thô,阻,他歌切,波阻陷,004_Tie_Siann_Tsap_Ngou_Im > （歌）部下平聲,192
thô,滂,他歌切,沛也滂大,004_Tie_Siann_Tsap_Ngou_Im > （歌）部下平聲,192
thô,也,他歌切,牛鼻角,004_Tie_Siann_Tsap_Ngou_Im > （歌）部下平聲,192
thô,跎,他歌切,跎－失 足也,004_Tie_Siann_Tsap_Ngou_Im > （歌）部下平聲,193
thô,鮀,他歌切,魚名,004_Tie_Siann_Tsap_Ngou_Im > （歌）部下平聲,193
thô,駝,他歌切,似馬而高且大,004_Tie_Siann_Tsap_Ngou_Im > （歌）部下平聲,193
thô,罷,他歌切,介虫也,004_Tie_Siann_Tsap_Ngou_Im > （歌）部下平聲,193
thông,童,他公切,家童小字,004_Tie_Siann_Tsap_Ngou_Im > （公）部下平聲,70
thông,也,他公切,也子,004_Tie_Siann_Tsap_Ngou_Im > （公）部下平聲,70
thông,僮,他公切,琴僮富也僮僕也知,004_Tie_Siann_Tsap_Ngou_Im > （公）部下平聲,70
thông,侗,他公切,之人也,004_Tie_Siann_Tsap_Ngou_Im > （公）部下平聲,70
thông,僮,他公切,達天覺又不返也,004_Tie_Siann_Tsap_Ngou_Im > （公）部下平聲,70
thông,桐,他公切,桶桐有六種,004_Tie_Siann_Tsap_Ngou_Im > （公）部下平聲,70
thông,湮,他公切,湮閩地又水名,004_Tie_Siann_Tsap_Ngou_Im > （公）部下平聲,70
thông,墨,他公切,綱捕為,004_Tie_Siann_Tsap_Ngou_Im > （公）部下平聲,70
thông,箙,他公切,断竹為,004_Tie_Siann_Tsap_Ngou_Im > （公）部下平聲,70
thông,鯛,他公切,布名又矧,004_Tie_Siann_Tsap_Ngou_Im > （公）部下平聲,70
thông,彤,他公切,赤丹色,004_Tie_Siann_Tsap_Ngou_Im > （公）部下平聲,70
thông,艟,他公切,艦小船曰,004_Tie_Siann_Tsap_Ngou_Im > （公）部下平聲,70
thông,撞,他公切,角小牛無,004_Tie_Siann_Tsap_Ngou_Im > （公）部下平聲,70
thông,幢,他公切,悟竅窟,004_Tie_Siann_Tsap_Ngou_Im > （公）部下平聲,70
thùn,填,他君切,俗以土填地曰填 用其義也,004_Tie_Siann_Tsap_Ngou_Im > （君）部上去聲,10
thùn,屯,他君切,屯田有官 租也,004_Tie_Siann_Tsap_Ngou_Im > （君）部上去聲,10
thún,匝,他君切,精也 儲也,004_Tie_Siann_Tsap_Ngou_Im > （君）部上上聲,9
thún,囤,他君切,仝上,004_Tie_Siann_Tsap_Ngou_Im > （君）部上上聲,9
thún,吨,他君切,不了也,004_Tie_Siann_Tsap_Ngou_Im > （君）部上上聲,9
thún,坉,他君切,以土築地也,004_Tie_Siann_Tsap_Ngou_Im > （君）部上上聲,9
thún,𦝬,他君切,肥也 充滿也,004_Tie_Siann_Tsap_Ngou_Im > （君）部上上聲,9
thún,笨,他君切,貯也 盛也 粗卒也,004_Tie_Siann_Tsap_Ngou_Im > （君）部上上聲,9
thún,𥫱,他君切,盛米穀之器,004_Tie_Siann_Tsap_Ngou_Im > （君）部上上聲,9
thû,普,他龜切,梱也 揿佛,004_Tie_Siann_Tsap_Ngou_Im > （龜）部下平聲,313
thû,蛑,他龜切,也蛑蚝矢,004_Tie_Siann_Tsap_Ngou_Im > （龜）部下平聲,313
thû,桴,他龜切,也 眉楝,004_Tie_Siann_Tsap_Ngou_Im > （龜）部下平聲,313
thû,往,他龜切,半往木往間往,004_Tie_Siann_Tsap_Ngou_Im > （龜）部下平聲,313
thû,踏,他龜切,逵也踏不,004_Tie_Siann_Tsap_Ngou_Im > （龜）部下平聲,313
thû,茶,他龜切,也 苦水,004_Tie_Siann_Tsap_Ngou_Im > （龜）部下平聲,313
thû,諸,他龜切,若諸成諸持諸,004_Tie_Siann_Tsap_Ngou_Im > （龜）部下平聲,313
thû,酚,他龜切,酚醋,004_Tie_Siann_Tsap_Ngou_Im > （龜）部下平聲,313
thû,儒,他龜切,士人之稱也,004_Tie_Siann_Tsap_Ngou_Im > （龜）部下平聲,314
thû,如,他龜切,相象之詞也,004_Tie_Siann_Tsap_Ngou_Im > （龜）部下平聲,314
thû,佀,他龜切,均也,004_Tie_Siann_Tsap_Ngou_Im > （龜）部下平聲,314
thû,庚,他龜切,裕也,004_Tie_Siann_Tsap_Ngou_Im > （龜）部下平聲,314
thû,俞,他龜切,以中空之木為舟,004_Tie_Siann_Tsap_Ngou_Im > （龜）部下平聲,314
thû,曰,他龜切,－又語詞又姓,004_Tie_Siann_Tsap_Ngou_Im > （龜）部下平聲,314
thû,史,他龜切,須－,004_Tie_Siann_Tsap_Ngou_Im > （龜）部下平聲,314
thû,逾,他龜切,越也又過,004_Tie_Siann_Tsap_Ngou_Im > （龜）部下平聲,314
thû,期,他龜切,曰－期,004_Tie_Siann_Tsap_Ngou_Im > （龜）部下平聲,314
thû,嬬,他龜切,弱也,004_Tie_Siann_Tsap_Ngou_Im > （龜）部下平聲,314
thû,如,他龜切,簞葉也又,004_Tie_Siann_Tsap_Ngou_Im > （龜）部下平聲,314
thû,竹,他龜切,皮－,004_Tie_Siann_Tsap_Ngou_Im > （龜）部下平聲,314
thû,瑜,他龜切,玉之美者,004_Tie_Siann_Tsap_Ngou_Im > （龜）部下平聲,314
thû,又,他龜切,璿－,004_Tie_Siann_Tsap_Ngou_Im > （龜）部下平聲,314
thû,愉,他龜切,悅也善,004_Tie_Siann_Tsap_Ngou_Im > （龜）部下平聲,314
thû,窬,他龜切,竊－小,004_Tie_Siann_Tsap_Ngou_Im > （龜）部下平聲,314
thû,榆,他龜切,木名桑－,004_Tie_Siann_Tsap_Ngou_Im > （龜）部下平聲,314
thû,婾,他龜切,政令,004_Tie_Siann_Tsap_Ngou_Im > （龜）部下平聲,314
thû,猶,他龜切,犬惑也,004_Tie_Siann_Tsap_Ngou_Im > （龜）部下平聲,314
thû,筎,他龜切,竹皮菊,004_Tie_Siann_Tsap_Ngou_Im > （龜）部下平聲,314
thû,名,他龜切,竹－,004_Tie_Siann_Tsap_Ngou_Im > （龜）部下平聲,314
thû,莢,他龜切,葉－,004_Tie_Siann_Tsap_Ngou_Im > （龜）部下平聲,314
thû,稬,他龜切,短衣也,004_Tie_Siann_Tsap_Ngou_Im > （龜）部下平聲,314
thû,瞉,他龜切,貸也窬－穴 五臟－,004_Tie_Siann_Tsap_Ngou_Im > （龜）部下平聲,314
thû,覩,他龜切,覩－布,004_Tie_Siann_Tsap_Ngou_Im > （龜）部下平聲,314
thû,覷,他龜切,望也,004_Tie_Siann_Tsap_Ngou_Im > （龜）部下平聲,314
thû,訣,他龜切,訣也,004_Tie_Siann_Tsap_Ngou_Im > （龜）部下平聲,314
thû,趣,他龜切,也－,004_Tie_Siann_Tsap_Ngou_Im > （龜）部下平聲,314
thû,揄,他龜切,也椰－偷,004_Tie_Siann_Tsap_Ngou_Im > （龜）部下平聲,314
thû,懦,他龜切,事－弱畏,004_Tie_Siann_Tsap_Ngou_Im > （龜）部下平聲,314
thû,瞰,他龜切,日陰,004_Tie_Siann_Tsap_Ngou_Im > （龜）部下平聲,314
thû,腧,他龜切,穴 五臟－,004_Tie_Siann_Tsap_Ngou_Im > （龜）部下平聲,314
thû,觀,他龜切,覷望也,004_Tie_Siann_Tsap_Ngou_Im > （龜）部下平聲,314
thû,蚱,他龜切,蛆－三足之蛙,004_Tie_Siann_Tsap_Ngou_Im > （龜）部下平聲,314
thû,也,他龜切,又月蜆也,004_Tie_Siann_Tsap_Ngou_Im > （龜）部下平聲,314
thû,殊,他龜切,聲異曰－,004_Tie_Siann_Tsap_Ngou_Im > （龜）部下平聲,314
thû,聲,他龜切,不－－逐蟬,004_Tie_Siann_Tsap_Ngou_Im > （龜）部下平聲,314
thāi,同,他皆切,上婦,004_Tie_Siann_Tsap_Ngou_Im > （皆）部下去聲,154
thāi,容,他皆切,也,004_Tie_Siann_Tsap_Ngou_Im > （皆）部下去聲,154
thāi,沙,他皆切,沙又,004_Tie_Siann_Tsap_Ngou_Im > （皆）部下去聲,154
thāi,同,他皆切,泰,004_Tie_Siann_Tsap_Ngou_Im > （皆）部下去聲,154
thēng,正,他弓切,音以弄受之,004_Tie_Siann_Tsap_Ngou_Im > （弓）部下去聲,303
thēng,曰,他弓切,曰打曰,004_Tie_Siann_Tsap_Ngou_Im > （弓）部下去聲,303
thēng,葉,他弓切,葉,004_Tie_Siann_Tsap_Ngou_Im > （弓）部下去聲,303
thĩ,痔,他基切,肛門有瘡曰痔暗疾,004_Tie_Siann_Tsap_Ngou_Im > （基）部下上聲,109
thī,祢,他基切,祢又王者大祭也又答祭也曰祢,004_Tie_Siann_Tsap_Ngou_Im > （基）部下去聲,111
thī,締,他基切,固結之好曰締盟締交締結締,004_Tie_Siann_Tsap_Ngou_Im > （基）部下去聲,111
thī,替,他基切,相代曰替又廢曰替,004_Tie_Siann_Tsap_Ngou_Im > （基）部下去聲,111
thī,借,他基切,猜借也說授,004_Tie_Siann_Tsap_Ngou_Im > （基）部下去聲,111
thī,剃,他基切,剃難髮曰頭,004_Tie_Siann_Tsap_Ngou_Im > （基）部下去聲,111
thō,進,他歌切,進在前曰,004_Tie_Siann_Tsap_Ngou_Im > （歌）部下去聲,196
thō,退,他歌切,在復曰退,004_Tie_Siann_Tsap_Ngou_Im > （歌）部下去聲,196
thō,蛇,他歌切,蟬咖蛻,004_Tie_Siann_Tsap_Ngou_Im > （歌）部下去聲,196
thō,之,他歌切,衣曰之,004_Tie_Siann_Tsap_Ngou_Im > （歌）部下去聲,196
thōi,代,他雞切,代以力以物代以己以身,004_Tie_Siann_Tsap_Ngou_Im > （雞）部下去聲,60
thōi,絡,他雞切,蘇等而,004_Tie_Siann_Tsap_Ngou_Im > （雞）部下去聲,60
thōi,如,他雞切,絲曰如,004_Tie_Siann_Tsap_Ngou_Im > （雞）部下去聲,60
thōng,痛,他公切,正音,004_Tie_Siann_Tsap_Ngou_Im > （公）部下去聲,73
thōng,增,他公切,縱增橫又從疾也億恁增官事億同上又,004_Tie_Siann_Tsap_Ngou_Im > （公）部下去聲,74
thū,免,他龜切,正音,004_Tie_Siann_Tsap_Ngou_Im > （龜）部下去聲,318
thūa,湯,他⿴囗瓜切,湯流聲也 又武南、,004_Tie_Siann_Tsap_Ngou_Im > （⿴囗瓜）部下去聲,247
thūa,蟶,他⿴囗瓜切,蚱也 海中小,004_Tie_Siann_Tsap_Ngou_Im > （⿴囗瓜）部下去聲,247
thūa,鐘,他⿴囗瓜切,鐘蚊之聲也,004_Tie_Siann_Tsap_Ngou_Im > （⿴囗瓜）部下去聲,247
thūn,厚,他君切,味也,004_Tie_Siann_Tsap_Ngou_Im > （君）部下去聲,18
thūn,同,他君切,上,004_Tie_Siann_Tsap_Ngou_Im > （君）部下去聲,18
ti,知,地基切,縣官名知府知,004_Tie_Siann_Tsap_Ngou_Im > （基）部上平聲,96
ti,蚊,地基切,絲結網蚊蛛能吐,004_Tie_Siann_Tsap_Ngou_Im > （基）部上平聲,96
ti,佃,地基切,行也,004_Tie_Siann_Tsap_Ngou_Im > （基）部上平聲,96
ti,低,地基切,高低高上低下也,004_Tie_Siann_Tsap_Ngou_Im > （基）部上平聲,96
ti,坻,地基切,水中高,004_Tie_Siann_Tsap_Ngou_Im > （基）部上平聲,96
ti,觓,地基切,宦也視,004_Tie_Siann_Tsap_Ngou_Im > （基）部上平聲,96
ti,磯,地基切,石磯地名,004_Tie_Siann_Tsap_Ngou_Im > （基）部上平聲,96
ti,箕,地基切,豆箕也草,004_Tie_Siann_Tsap_Ngou_Im > （基）部上平聲,96
ti,秘,地基切,星名乂竹篮考也,004_Tie_Siann_Tsap_Ngou_Im > （基）部上平聲,96
ti,凱,地基切,凱肯也,004_Tie_Siann_Tsap_Ngou_Im > （基）部上平聲,96
ti,跤,地基切,多指跤栢跤足也,004_Tie_Siann_Tsap_Ngou_Im > （基）部上平聲,96
ti,餓,地基切,年餓腹也熟也飢同飢不,004_Tie_Siann_Tsap_Ngou_Im > （基）部上平聲,96
ti,機,地基切,福也,004_Tie_Siann_Tsap_Ngou_Im > （基）部上平聲,96
ti,儀,地基切,儀精也詳也近也,004_Tie_Siann_Tsap_Ngou_Im > （基）部上平聲,96
ti,槽,地基切,清槽古槽考也又查,004_Tie_Siann_Tsap_Ngou_Im > （基）部上平聲,96
ti,姬,地基切,后妃以下有姬只姓,004_Tie_Siann_Tsap_Ngou_Im > （基）部上平聲,96
ti,弈,地基切,同姬,004_Tie_Siann_Tsap_Ngou_Im > （基）部上平聲,96
ti,笄,地基切,婦人首師又笄同,004_Tie_Siann_Tsap_Ngou_Im > （基）部上平聲,96
ti,期,地基切,會也限也月期年期,004_Tie_Siann_Tsap_Ngou_Im > （基）部上平聲,96
ti,朞,地基切,同上年曰朞周,004_Tie_Siann_Tsap_Ngou_Im > （基）部上平聲,96
ti,胛,地基切,年曰胛,004_Tie_Siann_Tsap_Ngou_Im > （基）部上平聲,96
ti,坡,地基切,開也井衣,004_Tie_Siann_Tsap_Ngou_Im > （基）部上平聲,97
ti,披,地基切,星披地,004_Tie_Siann_Tsap_Ngou_Im > （基）部上平聲,97
ti,脂,地基切,宵脂胆脂粉,004_Tie_Siann_Tsap_Ngou_Im > （基）部上平聲,97
ti,膚,地基切,飾也,004_Tie_Siann_Tsap_Ngou_Im > （基）部上平聲,97
ti,敖,地基切,婦人曲,004_Tie_Siann_Tsap_Ngou_Im > （基）部上平聲,97
ti,枝,地基切,大勇不枝,004_Tie_Siann_Tsap_Ngou_Im > （基）部上平聲,97
ti,芝,地基切,也芝荷蓮,004_Tie_Siann_Tsap_Ngou_Im > （基）部上平聲,97
ti,支,地基切,分支地,004_Tie_Siann_Tsap_Ngou_Im > （基）部上平聲,97
ti,肢,地基切,四肢人之也,004_Tie_Siann_Tsap_Ngou_Im > （基）部上平聲,97
ti,天,地基切,天地也輕清之氣上浮為大,004_Tie_Siann_Tsap_Ngou_Im > （基）部上平聲,97
ti,他,地基切,俗謂物之粘曰他,004_Tie_Siann_Tsap_Ngou_Im > （基）部上平聲,97
tiam,玷,地兼切,玉有疵疵也,004_Tie_Siann_Tsap_Ngou_Im > （兼）部上平聲,85
tiam,砧,地兼切,磨石也鐵砧砧,004_Tie_Siann_Tsap_Ngou_Im > （兼）部上平聲,85
tiam,磋,地兼切,搗繪也又,004_Tie_Siann_Tsap_Ngou_Im > （兼）部上平聲,85
tiam,沾,地兼切,沾雨露沾光,004_Tie_Siann_Tsap_Ngou_Im > （兼）部上平聲,85
tiam,貼,地兼切,覦耳小童,004_Tie_Siann_Tsap_Ngou_Im > （兼）部上平聲,85
tiam,霑,地兼切,濕漉清也沾同,004_Tie_Siann_Tsap_Ngou_Im > （兼）部上平聲,85
tiam,覘,地兼切,視也寬,004_Tie_Siann_Tsap_Ngou_Im > （兼）部上平聲,85
tian,珍,地堅切,寶物曰,004_Tie_Siann_Tsap_Ngou_Im > （堅）部上平聲,115
tian,頗,地堅切,頗狂頗,004_Tie_Siann_Tsap_Ngou_Im > （堅）部上平聲,115
tian,巔,地堅切,山之極高,004_Tie_Siann_Tsap_Ngou_Im > （堅）部上平聲,115
tian,日,地堅切,山日,004_Tie_Siann_Tsap_Ngou_Im > （堅）部上平聲,115
tian,瑱,地堅切,耳年玉也,004_Tie_Siann_Tsap_Ngou_Im > （堅）部上平聲,115
tian,又,地堅切,叶篆,004_Tie_Siann_Tsap_Ngou_Im > （堅）部上平聲,115
tian,懶,地堅切,懶倒,004_Tie_Siann_Tsap_Ngou_Im > （堅）部上平聲,115
tian,駸,地堅切,白駒馬,004_Tie_Siann_Tsap_Ngou_Im > （堅）部上平聲,115
tian,跡,地堅切,也跡仆,004_Tie_Siann_Tsap_Ngou_Im > （堅）部上平聲,115
tian,漠,地堅切,地名雷富,004_Tie_Siann_Tsap_Ngou_Im > （堅）部上平聲,115
tian,日,地堅切,古日,004_Tie_Siann_Tsap_Ngou_Im > （堅）部上平聲,115
tian,癲,地堅切,狂病也,004_Tie_Siann_Tsap_Ngou_Im > （堅）部上平聲,115
tian,神,地堅切,不定,004_Tie_Siann_Tsap_Ngou_Im > （堅）部上平聲,115
tian,痹,地堅切,病也狙,004_Tie_Siann_Tsap_Ngou_Im > （堅）部上平聲,115
tiang,張,地薑切,張姓也,004_Tie_Siann_Tsap_Ngou_Im > （薑）部上平聲,347
tia̍p,墰,地兼切,城墰 蝴蝶 蝶 蛾也 弓也 懞 恨也 傑 美也 卓也 蹀 履也又行 不穩也 棄 墰墰多言 也又唆同,004_Tie_Siann_Tsap_Ngou_Im > （兼）部下入聲,94
tia̍t,姪,地堅切,兄弟之,004_Tie_Siann_Tsap_Ngou_Im > （堅）部下入聲,131
tia̍t,子,地堅切,曰子,004_Tie_Siann_Tsap_Ngou_Im > （堅）部下入聲,131
tia̍t,佐,地堅切,不前也,004_Tie_Siann_Tsap_Ngou_Im > （堅）部下入聲,131
tia̍t,堅,地堅切,也茲也,004_Tie_Siann_Tsap_Ngou_Im > （堅）部下入聲,131
tia̍t,跌,地堅切,夫足仆,004_Tie_Siann_Tsap_Ngou_Im > （堅）部下入聲,131
tia̍t,地,地堅切,曰地,004_Tie_Siann_Tsap_Ngou_Im > （堅）部下入聲,131
tiaⁿ,者,地京切,有小停之日者,004_Tie_Siann_Tsap_Ngou_Im > （京）部上平聲,132
tiaⁿ,俗,地京切,如物之不可動,004_Tie_Siann_Tsap_Ngou_Im > （京）部上平聲,132
tiaⁿ,鼎,地京切,三足曰－定－遷－力能 點子同上又卦名也 釜 去舊取新也 金－原音府俗曰東煮之用,004_Tie_Siann_Tsap_Ngou_Im > （京）部上平聲,133
tim,琛,地金切,寶玉也天琛自然之寶,004_Tie_Siann_Tsap_Ngou_Im > （金）部上平聲,42
tim,酕,地金切,酕於酒色酕光碎也又美酒,004_Tie_Siann_Tsap_Ngou_Im > （金）部上平聲,42
tim,鴆,地金切,鳥鴆有毒能殺人,004_Tie_Siann_Tsap_Ngou_Im > （金）部上平聲,42
tim,耽,地金切,虎視也又樂也和樂且耽,004_Tie_Siann_Tsap_Ngou_Im > （金）部上平聲,42
tim,戲,地金切,研也又刺也,004_Tie_Siann_Tsap_Ngou_Im > （金）部上平聲,44
tim,音,地金切,矬兒也,004_Tie_Siann_Tsap_Ngou_Im > （金）部上平聲,44
tim,趵,地金切,行無常也,004_Tie_Siann_Tsap_Ngou_Im > （金）部上平聲,44
tim,踞,地金切,同上行,004_Tie_Siann_Tsap_Ngou_Im > （金）部上平聲,44
tim,無,地金切,常也,004_Tie_Siann_Tsap_Ngou_Im > （金）部上平聲,44
tioh,俗,地燒切,衣俗,004_Tie_Siann_Tsap_Ngou_Im > （燒）部上入聲,355
tiou,凋,地嬌切,殘凋零凋,004_Tie_Siann_Tsap_Ngou_Im > （嬌）部上平聲,269
tiou,彫,地嬌切,鏤彫珓彫,004_Tie_Siann_Tsap_Ngou_Im > （嬌）部上平聲,269
tiou,軺,地嬌切,小車也軺車征軺,004_Tie_Siann_Tsap_Ngou_Im > （嬌）部上平聲,269
tiou,若,地嬌切,花開也,004_Tie_Siann_Tsap_Ngou_Im > （嬌）部上平聲,269
tiou,刁,地嬌切,刁斗行也,004_Tie_Siann_Tsap_Ngou_Im > （嬌）部上平聲,269
tiou,貂,地嬌切,貂鼠貂,004_Tie_Siann_Tsap_Ngou_Im > （嬌）部上平聲,269
tiou,雕,地嬌切,又鵰鳥之大者曰雕又雕翎雕鬧雕槿,004_Tie_Siann_Tsap_Ngou_Im > （嬌）部上平聲,269
tiou,彭,地嬌切,名小兄髮,004_Tie_Siann_Tsap_Ngou_Im > （嬌）部上平聲,270
tiou,也,地嬌切,垂也,004_Tie_Siann_Tsap_Ngou_Im > （嬌）部上平聲,270
tiou,韶,地嬌切,韶齡,004_Tie_Siann_Tsap_Ngou_Im > （嬌）部上平聲,270
tiou,鵑,地嬌切,烏也同雅又,004_Tie_Siann_Tsap_Ngou_Im > （嬌）部上平聲,270
tiou,標,地嬌切,蜀標錦標奉標,004_Tie_Siann_Tsap_Ngou_Im > （嬌）部上平聲,270
tiou,又,地嬌切,標也又準又身,004_Tie_Siann_Tsap_Ngou_Im > （嬌）部上平聲,270
tiou,輕,地嬌切,也輕恨也,004_Tie_Siann_Tsap_Ngou_Im > （嬌）部上平聲,270
tiou,飄,地嬌切,風楊也飄風,004_Tie_Siann_Tsap_Ngou_Im > （嬌）部上平聲,270
tiou,瓢,地嬌切,匏瓢本乾也,004_Tie_Siann_Tsap_Ngou_Im > （嬌）部上平聲,270
tiou,葛,地嬌切,可盛水之乾,004_Tie_Siann_Tsap_Ngou_Im > （嬌）部上平聲,270
tiou,票,地嬌切,火飛也票輕,004_Tie_Siann_Tsap_Ngou_Im > （嬌）部上平聲,270
tiou,楊,地嬌切,也楊,004_Tie_Siann_Tsap_Ngou_Im > （嬌）部上平聲,270
tiou,朴,地嬌切,木柄,004_Tie_Siann_Tsap_Ngou_Im > （嬌）部上平聲,270
tiou,惆,地嬌切,粗也又,004_Tie_Siann_Tsap_Ngou_Im > （嬌）部上平聲,270
tiou,惆,地嬌切,條全,004_Tie_Siann_Tsap_Ngou_Im > （嬌）部上平聲,270
tiou,標,地嬌切,落也,004_Tie_Siann_Tsap_Ngou_Im > （嬌）部上平聲,270
tiou,嘌,地嬌切,節也嘌無身,004_Tie_Siann_Tsap_Ngou_Im > （嬌）部上平聲,270
tiou,輕,地嬌切,也又有輕本輕母,004_Tie_Siann_Tsap_Ngou_Im > （嬌）部上平聲,270
tiou,漂,地嬌切,浮也又漂布也,004_Tie_Siann_Tsap_Ngou_Im > （嬌）部上平聲,270
tiou,又,地嬌切,有又本又母,004_Tie_Siann_Tsap_Ngou_Im > （嬌）部上平聲,270
tiou,嘌,地嬌切,蛞海中斗,004_Tie_Siann_Tsap_Ngou_Im > （嬌）部上平聲,270
tiou,蠱,地嬌切,之乾也,004_Tie_Siann_Tsap_Ngou_Im > （嬌）部上平聲,270
tiou,鏢,地嬌切,馬口,004_Tie_Siann_Tsap_Ngou_Im > （嬌）部上平聲,270
tiou,颳,地嬌切,暴風自下,004_Tie_Siann_Tsap_Ngou_Im > （嬌）部上平聲,270
tiou,而,地嬌切,上也,004_Tie_Siann_Tsap_Ngou_Im > （嬌）部上平聲,270
tiou,驃,地嬌切,驃騎,004_Tie_Siann_Tsap_Ngou_Im > （嬌）部上平聲,270
tiou,驃,地嬌切,也驃騎,004_Tie_Siann_Tsap_Ngou_Im > （嬌）部上平聲,270
tiou,標,地嬌切,落也,004_Tie_Siann_Tsap_Ngou_Im > （嬌）部上平聲,270
tiou,嘌,地嬌切,節也嘌無身,004_Tie_Siann_Tsap_Ngou_Im > （嬌）部上平聲,270
tiou,輕,地嬌切,也又有輕本輕母,004_Tie_Siann_Tsap_Ngou_Im > （嬌）部上平聲,270
tiou,漂,地嬌切,浮也又漂布也,004_Tie_Siann_Tsap_Ngou_Im > （嬌）部上平聲,270
tiou,又,地嬌切,有又本又母,004_Tie_Siann_Tsap_Ngou_Im > （嬌）部上平聲,270
tiou,嘌,地嬌切,蛞海中斗,004_Tie_Siann_Tsap_Ngou_Im > （嬌）部上平聲,270
tiou,蠱,地嬌切,之乾也,004_Tie_Siann_Tsap_Ngou_Im > （嬌）部上平聲,270
tiou,鏢,地嬌切,馬口,004_Tie_Siann_Tsap_Ngou_Im > （嬌）部上平聲,270
tiou,颳,地嬌切,暴風自下,004_Tie_Siann_Tsap_Ngou_Im > （嬌）部上平聲,270
tiou,而,地嬌切,上也,004_Tie_Siann_Tsap_Ngou_Im > （嬌）部上平聲,270
tiou,驃,地嬌切,驃騎,004_Tie_Siann_Tsap_Ngou_Im > （嬌）部上平聲,270
tiou,驃,地嬌切,也驃騎,004_Tie_Siann_Tsap_Ngou_Im > （嬌）部上平聲,270
tio̍h,着,地燒切,凡作事不,004_Tie_Siann_Tsap_Ngou_Im > （燒）部下入聲,358
tio̍h,錯,地燒切,曰錯,004_Tie_Siann_Tsap_Ngou_Im > （燒）部下入聲,358
tiu,去,地鳩切,而不,004_Tie_Siann_Tsap_Ngou_Im > （鳩）部上平聲,230
tiu,返,地鳩切,曰返,004_Tie_Siann_Tsap_Ngou_Im > （鳩）部上平聲,230
tiu,也,地鳩切,連貴,004_Tie_Siann_Tsap_Ngou_Im > （鳩）部上平聲,230
tiu̍h,心,地鳩切,吳也,004_Tie_Siann_Tsap_Ngou_Im > （鳩）部下入聲,239
tiàn,佐,地堅切,俗謂姓非,004_Tie_Siann_Tsap_Ngou_Im > （堅）部上去聲,121
tiàn,嶅,地堅切,山高也,004_Tie_Siann_Tsap_Ngou_Im > （堅）部上去聲,121
tiàn,哇,地堅切,訓盈也,004_Tie_Siann_Tsap_Ngou_Im > （堅）部上去聲,121
tiàn,程,地堅切,似天官藏,004_Tie_Siann_Tsap_Ngou_Im > （堅）部上去聲,121
tiàn,跌,地堅切,失足曰ㄧ倒筆ㄧ,004_Tie_Siann_Tsap_Ngou_Im > （堅）部上去聲,121
tiàn,朕,地堅切,人以目使,004_Tie_Siann_Tsap_Ngou_Im > （堅）部上去聲,121
tiàn,秩,地堅切,職也序,004_Tie_Siann_Tsap_Ngou_Im > （堅）部上去聲,121
tiàn,蹤,地堅切,足ㄧ如走足题超而為跌,004_Tie_Siann_Tsap_Ngou_Im > （堅）部上去聲,121
tiàn,號,地堅切,ㄧ州ㄧ公又圖名,004_Tie_Siann_Tsap_Ngou_Im > （堅）部上去聲,121
tiàn,剜,地堅切,刺ㄧ彬,004_Tie_Siann_Tsap_Ngou_Im > （堅）部上去聲,121
tiàn,蔽,地堅切,ㄧ養草多衷也,004_Tie_Siann_Tsap_Ngou_Im > （堅）部上去聲,121
tiàn,怯,地堅切,ㄧ懦弱也,004_Tie_Siann_Tsap_Ngou_Im > （堅）部上去聲,121
tiàn,子,地堅切,立也,004_Tie_Siann_Tsap_Ngou_Im > （堅）部上去聲,121
tiàn,契,地堅切,勤苦也又姓,004_Tie_Siann_Tsap_Ngou_Im > （堅）部上去聲,121
tiàn,傈,地堅切,姓與難道,004_Tie_Siann_Tsap_Ngou_Im > （堅）部上去聲,121
tiàn,要,地堅切,長走也又,004_Tie_Siann_Tsap_Ngou_Im > （堅）部上去聲,121
tiàn,蹴,地堅切,俚也跌也庭全,004_Tie_Siann_Tsap_Ngou_Im > （堅）部上去聲,121
tiàn,逑,地堅切,也又代,004_Tie_Siann_Tsap_Ngou_Im > （堅）部上去聲,122
tiàn,袂,地堅切,書袂成袂,004_Tie_Siann_Tsap_Ngou_Im > （堅）部上去聲,122
tiàn,秩,地堅切,祭名又次序,004_Tie_Siann_Tsap_Ngou_Im > （堅）部上去聲,122
tiàn,衰,地堅切,書衣也簡衰,004_Tie_Siann_Tsap_Ngou_Im > （堅）部上去聲,122
tiàn,查,地堅切,八十歲曰查,004_Tie_Siann_Tsap_Ngou_Im > （堅）部上去聲,122
tiàn,室,地堅切,阻隔也室碍室,004_Tie_Siann_Tsap_Ngou_Im > （堅）部上去聲,122
tiàn,庭,地堅切,不同上碍,004_Tie_Siann_Tsap_Ngou_Im > （堅）部上去聲,122
tiàn,蛆,地堅切,王者也蜈蛆,004_Tie_Siann_Tsap_Ngou_Im > （堅）部上去聲,122
tiàn,紇,地堅切,健也,004_Tie_Siann_Tsap_Ngou_Im > （堅）部上去聲,122
tiàn,秃,地堅切,次序,004_Tie_Siann_Tsap_Ngou_Im > （堅）部上去聲,122
tiàn,鑫,地堅切,古吉字又語同,004_Tie_Siann_Tsap_Ngou_Im > （堅）部上去聲,122
tiàn,哲,地堅切,哲哲野哲明人,004_Tie_Siann_Tsap_Ngou_Im > （堅）部上去聲,122
tiàn,姮,地堅切,善女不美也,004_Tie_Siann_Tsap_Ngou_Im > （堅）部上去聲,122
tiàn,帆,地堅切,帆専擅曰,004_Tie_Siann_Tsap_Ngou_Im > （堅）部上去聲,122
tiàn,輻,地堅切,同上動輻然,004_Tie_Siann_Tsap_Ngou_Im > （堅）部上去聲,122
tiàn,梃,地堅切,足械刑具也,004_Tie_Siann_Tsap_Ngou_Im > （堅）部上去聲,122
tiàn,經,地堅切,衰服也,004_Tie_Siann_Tsap_Ngou_Im > （堅）部上去聲,122
tiàn,軼,地堅切,侵也変也又車相出也,004_Tie_Siann_Tsap_Ngou_Im > （堅）部上去聲,122
tiàn,堙,地堅切,垃堙土高也,004_Tie_Siann_Tsap_Ngou_Im > （堅）部上去聲,122
tiàn,后,地堅切,塞也,004_Tie_Siann_Tsap_Ngou_Im > （堅）部上去聲,122
tiàn,盧,地堅切,八十歲,004_Tie_Siann_Tsap_Ngou_Im > （堅）部上去聲,122
tiàn,庭,地堅切,不行也,004_Tie_Siann_Tsap_Ngou_Im > （堅）部上去聲,122
tiàn,庇,地堅切,瓜也庇小,004_Tie_Siann_Tsap_Ngou_Im > （堅）部上去聲,122
tiàn,鋥,地堅切,鐵木短,004_Tie_Siann_Tsap_Ngou_Im > （堅）部上去聲,122
tiàn,輕,地堅切,侯輕軒輕東前俟高低也,004_Tie_Siann_Tsap_Ngou_Im > （堅）部上去聲,122
tiám,點,地兼切,性慧曰點又指點 占點同上圓 杏 老人面上黑子也,004_Tie_Siann_Tsap_Ngou_Im > （兼）部上上聲,87
tiám,靜,地兼切,日靜俗謂孜,004_Tie_Siann_Tsap_Ngou_Im > （兼）部上上聲,88
tiâm,甜,地兼切,甘味也糖,004_Tie_Siann_Tsap_Ngou_Im > （兼）部下平聲,91
tiân,填,地堅切,加添也填嗔填基,004_Tie_Siann_Tsap_Ngou_Im > （堅）部下平聲,124
tiân,碩,地堅切,柱下落貌又,004_Tie_Siann_Tsap_Ngou_Im > （堅）部下平聲,124
tiân,關,地堅切,盛貌,004_Tie_Siann_Tsap_Ngou_Im > （堅）部下平聲,124
tiân,嗔,地堅切,也盛氣,004_Tie_Siann_Tsap_Ngou_Im > （堅）部下平聲,124
tiân,廛,地堅切,場市也廛商,004_Tie_Siann_Tsap_Ngou_Im > （堅）部下平聲,124
tiâng,原,地薑切,音亦俗曰原按大亦曰疆,004_Tie_Siann_Tsap_Ngou_Im > （薑）部下平聲,350
tiâng,小,地薑切,者曰小如雅小市小堆小商小,004_Tie_Siann_Tsap_Ngou_Im > （薑）部下平聲,350
tiâng,又,地薑切,同上義又祭神道也,004_Tie_Siann_Tsap_Ngou_Im > （薑）部下平聲,350
tiâng,瞒,地薑切,地也,004_Tie_Siann_Tsap_Ngou_Im > （薑）部下平聲,350
tiâⁿ,埋,地京切,內埋外埋灰埋窒埋,004_Tie_Siann_Tsap_Ngou_Im > （京）部下平聲,135
tiâⁿ,棒,地京切,里鄉村聴也曰棒,004_Tie_Siann_Tsap_Ngou_Im > （京）部下平聲,135
tiâⁿ,呈,地京切,上控之获詞曰呈,004_Tie_Siann_Tsap_Ngou_Im > （京）部下平聲,135
tiâⁿ,入,地京切,入侍入限入,004_Tie_Siann_Tsap_Ngou_Im > （京）部下平聲,135
tiãm,笘,地兼切,所以施五穀 也末笘筭豆 算 竹原也 枕笘 苦 白茅也 又山服 坫 邦君之笘 莫 曰笘定也 神前祭酒,004_Tie_Siann_Tsap_Ngou_Im > （兼）部下上聲,93
tiãn,填,地堅切,實真陷地庇曰填,004_Tie_Siann_Tsap_Ngou_Im > （堅）部下上聲,127
tiãn,臏,地堅切,俅臏皮鼓,004_Tie_Siann_Tsap_Ngou_Im > （堅）部下上聲,127
tiãn,盤,地堅切,同上俗曰膠疼版,004_Tie_Siann_Tsap_Ngou_Im > （堅）部下上聲,127
tiãn,鏌,地堅切,煒鏌以寶飾美也,004_Tie_Siann_Tsap_Ngou_Im > （堅）部下上聲,127
tiãng,丈,地薑切,姑母之夫也。妻之姑曰姑。姑姊夫曰姨。姨夫同門。,004_Tie_Siann_Tsap_Ngou_Im > （薑）部下上聲,351
tiòu,丢,地嬌切,俗曰丢丢 物之棄之者,004_Tie_Siann_Tsap_Ngou_Im > （嬌）部上去聲,273
tiòu,茶,地嬌切,物之成茶加楝,004_Tie_Siann_Tsap_Ngou_Im > （嬌）部上去聲,275
tiòu,紫,地嬌切,之藕,004_Tie_Siann_Tsap_Ngou_Im > （嬌）部上去聲,275
tiòu,條,地嬌切,枝條枳條如,004_Tie_Siann_Tsap_Ngou_Im > （嬌）部上去聲,275
tiòu,篠,地嬌切,草也藕語以秋荷篠,004_Tie_Siann_Tsap_Ngou_Im > （嬌）部上去聲,275
tiô,潮,地燒切,潮水潮沙江潮海,004_Tie_Siann_Tsap_Ngou_Im > （燒）部下平聲,356
tiõ,趙,地燒切,趙姓也又趙國,004_Tie_Siann_Tsap_Ngou_Im > （燒）部下上聲,356
tiû,紬,地鳩切,絲紬川紬,004_Tie_Siann_Tsap_Ngou_Im > （鳩）部下平聲,234
tiû,綢,地鳩切,罗同上紗緞,004_Tie_Siann_Tsap_Ngou_Im > （鳩）部下平聲,234
tiû,籌,地鳩切,籌海産本,004_Tie_Siann_Tsap_Ngou_Im > （鳩）部下平聲,234
tiû,坏,地鳩切,以上封隙也,004_Tie_Siann_Tsap_Ngou_Im > （鳩）部下平聲,235
tiû,梧,地鳩切,把也敢聚,004_Tie_Siann_Tsap_Ngou_Im > （鳩）部下平聲,235
tiû,桴,地鳩切,屋正栋,004_Tie_Siann_Tsap_Ngou_Im > （鳩）部下平聲,235
tiû,裹,地鳩切,聚多,004_Tie_Siann_Tsap_Ngou_Im > （鳩）部下平聲,235
tiû,抔,地鳩切,引取也又下土也手掬物也,004_Tie_Siann_Tsap_Ngou_Im > （鳩）部下平聲,235
tiû,踌,地鳩切,决也踏不,004_Tie_Siann_Tsap_Ngou_Im > （鳩）部下平聲,235
tiû,畴,地鳩切,田畴西畴九耕治之田曰畴,004_Tie_Siann_Tsap_Ngou_Im > （鳩）部下平聲,235
tiû,诗,地鳩切,训也,004_Tie_Siann_Tsap_Ngou_Im > （鳩）部下平聲,235
tiû,情,地鳩切,忿怒也报,004_Tie_Siann_Tsap_Ngou_Im > （鳩）部下平聲,235
tiû,裯,地鳩切,被也,004_Tie_Siann_Tsap_Ngou_Im > （鳩）部下平聲,235
tiû,网,地鳩切,未雨网纲,004_Tie_Siann_Tsap_Ngou_Im > （鳩）部下平聲,235
tiû,膪,地鳩切,脏腑也,004_Tie_Siann_Tsap_Ngou_Im > （鳩）部下平聲,235
tiû,惘,地鳩切,惘失意惘怅,004_Tie_Siann_Tsap_Ngou_Im > （鳩）部下平聲,235
tiām,店,地兼切,行人寄宿之所曰 店野店草店客店,004_Tie_Siann_Tsap_Ngou_Im > （兼）部下去聲,93
tiāng,帳,地薑切,前日屏從曰。蔣武戰井。幣。坎。,004_Tie_Siann_Tsap_Ngou_Im > （薑）部下去聲,351
tiāng,釣,地薑切,用餌以撈魚曰。以太公釣涸。,004_Tie_Siann_Tsap_Ngou_Im > （薑）部下去聲,351
tiōu,吊,地嬌切,吊起吊,004_Tie_Siann_Tsap_Ngou_Im > （嬌）部下去聲,277
tiōu,寫,地嬌切,寫連書不接也,004_Tie_Siann_Tsap_Ngou_Im > （嬌）部下去聲,277
tiōu,甲,地嬌切,甲祭甲請客曰開甲其死者,004_Tie_Siann_Tsap_Ngou_Im > （嬌）部下去聲,277
tiōu,嗟,地嬌切,相弄也又相誘也,004_Tie_Siann_Tsap_Ngou_Im > （嬌）部下去聲,277
tiũ,竿,地鳩切,可充箭桿,004_Tie_Siann_Tsap_Ngou_Im > （鳩）部下上聲,236
tiũ,畫,地鳩切,畫衣白,004_Tie_Siann_Tsap_Ngou_Im > （鳩）部下上聲,236
tiũ,稻,地鳩切,穀曰稻宙今未稻古往,004_Tie_Siann_Tsap_Ngou_Im > （鳩）部下上聲,236
tiũ,紂,地鳩切,桀向若召紂簡紂,004_Tie_Siann_Tsap_Ngou_Im > （鳩）部下上聲,236
ti̍h,碟,地基切,碟小籠曰,004_Tie_Siann_Tsap_Ngou_Im > （基）部下入聲,113
ti̍h,鰈,地基切,同上缶鰈小,004_Tie_Siann_Tsap_Ngou_Im > （基）部下入聲,113
ti̍p,堤,地金切,築以防水也堤岸,004_Tie_Siann_Tsap_Ngou_Im > （金）部下入聲,54
ti̍p,隄,地金切,同上岸也防也限也,004_Tie_Siann_Tsap_Ngou_Im > （金）部下入聲,54
tng,當,地扛切,自自任之也 當散當自 腦 也目下垂 坡,004_Tie_Siann_Tsap_Ngou_Im > （扛）部上平聲,285
tn̂g,段,地扛切,又坻－ 段限曰－,004_Tie_Siann_Tsap_Ngou_Im > （扛）部下平聲,287
tn̂g,緞,地扛切,緞紬－,004_Tie_Siann_Tsap_Ngou_Im > （扛）部下平聲,287
tn̂g,以,地扛切,此四字其餘空音概不録,004_Tie_Siann_Tsap_Ngou_Im > （扛）部下平聲,287
tn̂g,唐,地扛切,姓也,004_Tie_Siann_Tsap_Ngou_Im > （扛）部下平聲,288
tn̂g,塘,地扛切,池塘波塘,004_Tie_Siann_Tsap_Ngou_Im > （扛）部下平聲,288
tn̂g,長,地扛切,長短,004_Tie_Siann_Tsap_Ngou_Im > （扛）部下平聲,288
tn̂g,腸,地扛切,腸肝腸大腸小腸九曲腸,004_Tie_Siann_Tsap_Ngou_Im > （扛）部下平聲,288
tn̂g,脹,地扛切,同上,004_Tie_Siann_Tsap_Ngou_Im > （扛）部下平聲,288
tn̂g,堂,地扛切,祠堂廳堂大堂公堂,004_Tie_Siann_Tsap_Ngou_Im > （扛）部下平聲,288
tn̄g,當,地扛切,以物為質曰當,004_Tie_Siann_Tsap_Ngou_Im > （扛）部下去聲,289
tn̍gh,丁,地扛切,十千名兩丁又人丁,004_Tie_Siann_Tsap_Ngou_Im > （扛）部下入聲,291
tn̍gh,登,地扛切,登登棵登山高登數登火登,004_Tie_Siann_Tsap_Ngou_Im > （扛）部下入聲,291
tn̍gh,燈,地扛切,同上燈,004_Tie_Siann_Tsap_Ngou_Im > （扛）部下入聲,291
tn̍gh,炉,地扛切,玉鉾,004_Tie_Siann_Tsap_Ngou_Im > （扛）部下入聲,291
tn̍gh,釘,地扛切,釘鉞釘銅,004_Tie_Siann_Tsap_Ngou_Im > （扛）部下入聲,291
tn̍gh,偬,地扛切,俊偬行也偬酔,004_Tie_Siann_Tsap_Ngou_Im > （扛）部下入聲,291
tn̍gh,灯,地扛切,同灯,004_Tie_Siann_Tsap_Ngou_Im > （扛）部下入聲,291
tn̍gh,徵,地扛切,徵白人曰徵徵聘徵根徵又徵收徵驗,004_Tie_Siann_Tsap_Ngou_Im > （扛）部下入聲,291
tn̍gh,厅,地扛切,外科症厅有厅恙,004_Tie_Siann_Tsap_Ngou_Im > （扛）部下入聲,291
tn̍gh,叮,地扛切,叮叮嗱叮咐也,004_Tie_Siann_Tsap_Ngou_Im > （扛）部下入聲,291
tn̍gh,仃,地扛切,苦伶仃淚仃淚仃也,004_Tie_Siann_Tsap_Ngou_Im > （扛）部下入聲,291
tn̍gh,伶,地扛切,也伶猗行伶也,004_Tie_Siann_Tsap_Ngou_Im > （扛）部下入聲,291
tn̍gh,囲,地扛切,網累也囲小,004_Tie_Siann_Tsap_Ngou_Im > （扛）部下入聲,291
tn̍gh,酊,地扛切,酷也酊大,004_Tie_Siann_Tsap_Ngou_Im > （扛）部下入聲,291
tn̍gh,簦,地扛切,曰簦笠而有柄,004_Tie_Siann_Tsap_Ngou_Im > （扛）部下入聲,291
to,深,地歌切,深森深,004_Tie_Siann_Tsap_Ngou_Im > （歌）部上平聲,186
to,刀,地歌切,刎刀切物用刀,004_Tie_Siann_Tsap_Ngou_Im > （歌）部上平聲,186
to,傮,地歌切,姓也,004_Tie_Siann_Tsap_Ngou_Im > （歌）部上平聲,186
to,坷,地歌切,坎不,004_Tie_Siann_Tsap_Ngou_Im > （歌）部上平聲,186
to,則,地歌切,也,004_Tie_Siann_Tsap_Ngou_Im > （歌）部上平聲,186
to,掘,地歌切,門打也掘,004_Tie_Siann_Tsap_Ngou_Im > （歌）部上平聲,186
to,訶,地歌切,責也,004_Tie_Siann_Tsap_Ngou_Im > （歌）部上平聲,186
to,坡,地歌切,地名 新加坡 坡山坡又,004_Tie_Siann_Tsap_Ngou_Im > （歌）部上平聲,187
to,他,地歌切,胎 在期為他三 月成他旺他,004_Tie_Siann_Tsap_Ngou_Im > （歌）部上平聲,187
to,增,地歌切,儳 舞說 增增醉,004_Tie_Siann_Tsap_Ngou_Im > （歌）部上平聲,187
to,時,地歌切,校 金時以行繩也 時時棚 疏 親時時客 通也道也 疏 稀時 同跟又 姿 容也 時時舒 蔬 菜時 采時 沙 不苦也 吸 也又舞 唆 閙時柱,004_Tie_Siann_Tsap_Ngou_Im > （歌）部上平聲,187
to,英,地歌切,窩 書英藏素英 監英 变 也 女子師 媚 大英民 淅 水波 殿也 待 數辦 阿 大陵曰英 比也曲也 疴 沉英病 也,004_Tie_Siann_Tsap_Ngou_Im > （歌）部上平聲,187
to,文,地歌切,摹 有所規倣曰文 倣也寫曰 摸 同上 麼 又文昔小 研咱曰文 摩 舞手曰文 魔 鬼從人生之 胡文妖文 小蘇 么小說,004_Tie_Siann_Tsap_Ngou_Im > （歌）部上平聲,187
to,語,地歌切,語,004_Tie_Siann_Tsap_Ngou_Im > （歌）部上平聲,187
to,出,地歌切,初 凡物之起 始曰出 革 魚鮮皆出 辛苦也,004_Tie_Siann_Tsap_Ngou_Im > （歌）部上平聲,187
to,喜,地歌切,呵 又怨也 喜喜笑說,004_Tie_Siann_Tsap_Ngou_Im > （歌）部上平聲,187
to,賬,地歌切,跌賬,004_Tie_Siann_Tsap_Ngou_Im > （歌）部上平聲,188
to,不,地歌切,長也分寸,004_Tie_Siann_Tsap_Ngou_Im > （歌）部上平聲,188
to,曰,地歌切,曰日曰夜曰,004_Tie_Siann_Tsap_Ngou_Im > （歌）部上平聲,188
to,不,地歌切,可也人心難,004_Tie_Siann_Tsap_Ngou_Im > （歌）部上平聲,188
to,料,地歌切,曰料測,004_Tie_Siann_Tsap_Ngou_Im > （歌）部上平聲,188
to,不,地歌切,正也,004_Tie_Siann_Tsap_Ngou_Im > （歌）部上平聲,188
to,同,地歌切,上足,004_Tie_Siann_Tsap_Ngou_Im > （歌）部上平聲,188
to,不,地歌切,正也,004_Tie_Siann_Tsap_Ngou_Im > （歌）部上平聲,188
to,安,地歌切,置得稳曰安,004_Tie_Siann_Tsap_Ngou_Im > （歌）部上平聲,188
to,當,地歌切,當貼,004_Tie_Siann_Tsap_Ngou_Im > （歌）部上平聲,188
to,口,地歌切,液吐之,004_Tie_Siann_Tsap_Ngou_Im > （歌）部上平聲,188
to,艷,地歌切,美也,004_Tie_Siann_Tsap_Ngou_Im > （歌）部上平聲,188
toh,苗,地姑切,都書,004_Tie_Siann_Tsap_Ngou_Im > （姑）部上入聲,81
toh,圖,地姑切,地形,004_Tie_Siann_Tsap_Ngou_Im > （姑）部上入聲,81
toh,府,地姑切,房傍勝,004_Tie_Siann_Tsap_Ngou_Im > （姑）部上入聲,81
toh,居,地姑切,宰殺之所,004_Tie_Siann_Tsap_Ngou_Im > （姑）部上入聲,81
toh,代,地歌切,世代世為代又朝代復五代有前五代袋布代麻代草代皆以盛物也,004_Tie_Siann_Tsap_Ngou_Im > （歌）部上入聲,190
toh,磨,地歌切,也,004_Tie_Siann_Tsap_Ngou_Im > （歌）部上入聲,191
toh,名,地歌切,也柿名几案之總,004_Tie_Siann_Tsap_Ngou_Im > （歌）部上入聲,191
toh,唯,地歌切,唯如唯,004_Tie_Siann_Tsap_Ngou_Im > （歌）部上入聲,191
toh,如,地歌切,磨,004_Tie_Siann_Tsap_Ngou_Im > （歌）部上入聲,191
toh,枸,地歌切,類,004_Tie_Siann_Tsap_Ngou_Im > （歌）部上入聲,191
toh,禽,地歌切,鳥食,004_Tie_Siann_Tsap_Ngou_Im > （歌）部上入聲,191
toh,物,地歌切,曰物,004_Tie_Siann_Tsap_Ngou_Im > （歌）部上入聲,191
toh,也,地歌切,者也大,004_Tie_Siann_Tsap_Ngou_Im > （歌）部上入聲,191
toit,耕,地肩切,人之田曰田－住人之宅曰鈿－,004_Tie_Siann_Tsap_Ngou_Im > （肩）部上入聲,284
toit,次,地肩切,－宅－,004_Tie_Siann_Tsap_Ngou_Im > （肩）部上入聲,284
toit,之,地肩切,佃也,004_Tie_Siann_Tsap_Ngou_Im > （肩）部上入聲,284
toit,單,地肩切,此單字其餘空音不錄,004_Tie_Siann_Tsap_Ngou_Im > （肩）部上入聲,284
tong,碝,地公切,石名可空碝滌治目疾小雨,004_Tie_Siann_Tsap_Ngou_Im > （公）部上平聲,63
tong,中,地公切,不施之謂中又正也 忠 盡己之咎也中又中且,004_Tie_Siann_Tsap_Ngou_Im > （公）部上平聲,63
tong,砩,地公切,石墜岸 雹 砩聲砩雨,004_Tie_Siann_Tsap_Ngou_Im > （公）部上平聲,63
tong,凍,地公切,臘雨也,004_Tie_Siann_Tsap_Ngou_Im > （公）部上平聲,63
tong,倏,地公切,忽盡蹤跡,004_Tie_Siann_Tsap_Ngou_Im > （公）部上平聲,63
tong,發,地公切,獸有角似豹,004_Tie_Siann_Tsap_Ngou_Im > （公）部上平聲,63
tong,茭,地公切,也草名,004_Tie_Siann_Tsap_Ngou_Im > （公）部上平聲,63
tong,笯,地公切,竹名也,004_Tie_Siann_Tsap_Ngou_Im > （公）部上平聲,63
tong,腔,地公切,羊脂,004_Tie_Siann_Tsap_Ngou_Im > （公）部上平聲,63
tong,坌,地公切,龜也,004_Tie_Siann_Tsap_Ngou_Im > （公）部上平聲,63
tong,蛩,地公切,蟬追也,004_Tie_Siann_Tsap_Ngou_Im > （公）部上平聲,63
tong,桯,地公切,衣袂也,004_Tie_Siann_Tsap_Ngou_Im > （公）部上平聲,63
tong,縆,地公切,絲也,004_Tie_Siann_Tsap_Ngou_Im > （公）部上平聲,63
to̍h,駱,地歌切,駱似馬,004_Tie_Siann_Tsap_Ngou_Im > （歌）部下入聲,197
to̍h,大,地歌切,且高,004_Tie_Siann_Tsap_Ngou_Im > （歌）部下入聲,197
to̍k,度,地公切,村度寮片寮度,004_Tie_Siann_Tsap_Ngou_Im > （公）部下入聲,75
to̍k,積,地公切,案積積金也買積遂珠觀私見也,004_Tie_Siann_Tsap_Ngou_Im > （公）部下入聲,75
to̍k,慢,地公切,思也慢付慢做,004_Tie_Siann_Tsap_Ngou_Im > （公）部下入聲,75
to̍k,都,地公切,居也都城京都帝,004_Tie_Siann_Tsap_Ngou_Im > （公）部下入聲,77
tsa,渣,增膠切,粗－淖－,004_Tie_Siann_Tsap_Ngou_Im > （膠）部上平聲,261
tsa,粺,增膠切,同上,004_Tie_Siann_Tsap_Ngou_Im > （膠）部上平聲,261
tsa,樓,增膠切,－乘－仙,004_Tie_Siann_Tsap_Ngou_Im > （膠）部上平聲,261
tsa,嗟,增膠切,哭－才－,004_Tie_Siann_Tsap_Ngou_Im > （膠）部上平聲,261
tsa,揸,增膠切,如商家揸貨－貫－錢－事,004_Tie_Siann_Tsap_Ngou_Im > （膠）部上平聲,261
tsa,崤,增膠切,－峨山之高,004_Tie_Siann_Tsap_Ngou_Im > （膠）部上平聲,261
tsa,早,增膠切,眠早起早,004_Tie_Siann_Tsap_Ngou_Im > （膠）部上平聲,264
tsa,昔,增膠切,昔人昔日,004_Tie_Siann_Tsap_Ngou_Im > （膠）部上平聲,264
tsa,蚤,增膠切,同早雞鳴,004_Tie_Siann_Tsap_Ngou_Im > （膠）部上平聲,264
tsa,而,增膠切,起曰而,004_Tie_Siann_Tsap_Ngou_Im > （膠）部上平聲,264
tsai,主,增皆切,其事者曰主官主主又主割也覧主,004_Tie_Siann_Tsap_Ngou_Im > （皆）部上平聲,147
tsai,粗,增皆切,也糟,004_Tie_Siann_Tsap_Ngou_Im > （皆）部上平聲,147
tsai,為,增皆切,十二個月,004_Tie_Siann_Tsap_Ngou_Im > （皆）部上平聲,147
tsai,人,增皆切,也人惆人忿,004_Tie_Siann_Tsap_Ngou_Im > （皆）部上平聲,147
tsak,作,增江切,無起曰作動作操作烈作倫有妨,004_Tie_Siann_Tsap_Ngou_Im > （江）部上入聲,252
tsak,節,增江切,節副節同上,004_Tie_Siann_Tsap_Ngou_Im > （江）部上入聲,252
tsak,榔,增江切,具榔木 理髮之,004_Tie_Siann_Tsap_Ngou_Im > （江）部上入聲,252
tsak,作,增江切,心動也,004_Tie_Siann_Tsap_Ngou_Im > （江）部上入聲,252
tsam,針,增甘切,針以之引縫也有針肅針線針丈針言也,004_Tie_Siann_Tsap_Ngou_Im > （甘）部上平聲,330
tsam,箴,增甘切,首飾也有箴金箴玉箴,004_Tie_Siann_Tsap_Ngou_Im > （甘）部上平聲,330
tsam,璇,增甘切,美玉也,004_Tie_Siann_Tsap_Ngou_Im > （甘）部上平聲,330
tsam,鍼,增甘切,同針,004_Tie_Siann_Tsap_Ngou_Im > （甘）部上平聲,330
tsam,搸,增甘切,持也又手動也,004_Tie_Siann_Tsap_Ngou_Im > （甘）部上平聲,330
tsam,簪,增甘切,首笄也,004_Tie_Siann_Tsap_Ngou_Im > （甘）部上平聲,330
tsa̍h,柵,增膠切,木垣曰柵閬柵關門柵卜閬近地方設兵守柵,004_Tie_Siann_Tsap_Ngou_Im > （膠）部下入聲,268
tse,齋,增家切,成又書室也又素菜曰齋來,004_Tie_Siann_Tsap_Ngou_Im > （家）部上平聲,21
tse,斯,增家切,故也又素菜曰斯來,004_Tie_Siann_Tsap_Ngou_Im > （家）部上平聲,21
tse,此,增家切,二少許也,004_Tie_Siann_Tsap_Ngou_Im > （家）部上平聲,21
tse,斎,增家切,同上又斎堂食斎,004_Tie_Siann_Tsap_Ngou_Im > （家）部上平聲,21
tsek,轉,增弓切,也鬼厄,004_Tie_Siann_Tsap_Ngou_Im > （弓）部上入聲,296
tsek,則,增弓切,立法曰則本則例 叔 父之弟,004_Tie_Siann_Tsap_Ngou_Im > （弓）部上入聲,296
tsek,積,增弓切,備積堆積蓄積久積,004_Tie_Siann_Tsap_Ngou_Im > （弓）部上入聲,296
tsek,燭,增弓切,域燭灯燭紅燭,004_Tie_Siann_Tsap_Ngou_Im > （弓）部上入聲,296
tsek,援,增弓切,即葛葉也又 后援插援百谷,004_Tie_Siann_Tsap_Ngou_Im > （弓）部上入聲,296
tsek,傻,增弓切,小也,004_Tie_Siann_Tsap_Ngou_Im > （弓）部上入聲,296
tsek,熨,增弓切,刬治掭㸃,004_Tie_Siann_Tsap_Ngou_Im > （弓）部上入聲,296
tsennh,受,增庚切,人之託曰受出仕,004_Tie_Siann_Tsap_Ngou_Im > （庚）部上入聲,226
tsennh,則,增庚切,受則人又則仕則份,004_Tie_Siann_Tsap_Ngou_Im > （庚）部上入聲,226
tsennh,冠,增庚切,冠頭,004_Tie_Siann_Tsap_Ngou_Im > （庚）部上入聲,226
tsennh,上,增庚切,巾也,004_Tie_Siann_Tsap_Ngou_Im > （庚）部上入聲,226
tsennh,餘,增庚切,餘漸餘,004_Tie_Siann_Tsap_Ngou_Im > （庚）部上入聲,226
tsennh,儲,增庚切,儲,004_Tie_Siann_Tsap_Ngou_Im > （庚）部上入聲,226
tsennh,怒,增庚切,也,004_Tie_Siann_Tsap_Ngou_Im > （庚）部上入聲,226
tsennh,為,增庚切,草短為為,004_Tie_Siann_Tsap_Ngou_Im > （庚）部上入聲,226
tsennh,平,增庚切,平字音也長,004_Tie_Siann_Tsap_Ngou_Im > （庚）部上入聲,226
tsennh,日,增庚切,月盈日缺也,004_Tie_Siann_Tsap_Ngou_Im > （庚）部上入聲,226
tsennh,滿,增庚切,也滿盈,004_Tie_Siann_Tsap_Ngou_Im > （庚）部上入聲,226
tsennh,以,增庚切,罪曰以,004_Tie_Siann_Tsap_Ngou_Im > （庚）部上入聲,226
tsennh,罰,增庚切,受罰加,004_Tie_Siann_Tsap_Ngou_Im > （庚）部上入聲,226
tsennh,麻,增庚切,麻苧麻,004_Tie_Siann_Tsap_Ngou_Im > （庚）部上入聲,226
tsennh,晴,增庚切,兩止曰晴天晴雨晴,004_Tie_Siann_Tsap_Ngou_Im > （庚）部上入聲,227
tsennh,又,增庚切,然風暴雨曰又明,004_Tie_Siann_Tsap_Ngou_Im > （庚）部上入聲,227
tse̍h,食,增佳切,飲食食祿,004_Tie_Siann_Tsap_Ngou_Im > （佳）部下入聲,329
tse̍h,飢,增佳切,則思飢,004_Tie_Siann_Tsap_Ngou_Im > （佳）部下入聲,329
tse̍k,澤,增弓切,川澤江河之類也又恩澤青澤,004_Tie_Siann_Tsap_Ngou_Im > （弓）部下入聲,305
tse̍k,壹,增弓切,同上又委同,004_Tie_Siann_Tsap_Ngou_Im > （弓）部下入聲,305
tseⁿ,畢,增庚切,畢城畢奉相畢地畢爭同上競畢,004_Tie_Siann_Tsap_Ngou_Im > （庚）部上平聲,223
tseⁿ,井,增庚切,水古有桔又雄井井,004_Tie_Siann_Tsap_Ngou_Im > （庚）部上平聲,224
tseⁿ,整,增庚切,把取泉曰穿,004_Tie_Siann_Tsap_Ngou_Im > （庚）部上平聲,224
tseⁿ,窄,增庚切,又菜会窄同上水窄,004_Tie_Siann_Tsap_Ngou_Im > （庚）部上平聲,224
tseⁿ,阱,增庚切,也陷阱坑,004_Tie_Siann_Tsap_Ngou_Im > （庚）部上平聲,224
tsha,差,出膠切,快ーー銷ー,004_Tie_Siann_Tsap_Ngou_Im > （膠）部上平聲,262
tsha,廚,出膠切,房調菜,004_Tie_Siann_Tsap_Ngou_Im > （膠）部上平聲,265
tsha,有,出膠切,煎有有,004_Tie_Siann_Tsap_Ngou_Im > （膠）部上平聲,265
tshah,花,出膠切,花,004_Tie_Siann_Tsap_Ngou_Im > （膠）部上入聲,266
tshah,同,出膠切,上,004_Tie_Siann_Tsap_Ngou_Im > （膠）部上入聲,266
tshai,錦,出皆切,繡之色也,004_Tie_Siann_Tsap_Ngou_Im > （皆）部上平聲,148
tshai,進,出皆切,進藥,004_Tie_Siann_Tsap_Ngou_Im > （皆）部上平聲,148
tshak,察,出江切,隹察審察核察,004_Tie_Siann_Tsap_Ngou_Im > （江）部上入聲,253
tshak,漆,出江切,漆熱漆油漆建漆又生,004_Tie_Siann_Tsap_Ngou_Im > （江）部上入聲,253
tshak,錯,出江切,羞錯慌也 又錯字,004_Tie_Siann_Tsap_Ngou_Im > （江）部上入聲,253
tshak,刺,出江切,覓官 穿堂也,004_Tie_Siann_Tsap_Ngou_Im > （江）部上入聲,253
tshak,茶,出江切,同漆,004_Tie_Siann_Tsap_Ngou_Im > （江）部上入聲,253
tshak,棟,出江切,及同漆 飾羞也,004_Tie_Siann_Tsap_Ngou_Im > （江）部上入聲,253
tshak,碴,出江切,人名 敲也又,004_Tie_Siann_Tsap_Ngou_Im > （江）部上入聲,253
tsham,天,出甘切,又真,004_Tie_Siann_Tsap_Ngou_Im > （甘）部上平聲,331
tsham,修,出甘切,好親,004_Tie_Siann_Tsap_Ngou_Im > （甘）部上平聲,331
tsham,駸,出甘切,曰－驾三馬,004_Tie_Siann_Tsap_Ngou_Im > （甘）部上平聲,331
tsham,泰,出甘切,同參,004_Tie_Siann_Tsap_Ngou_Im > （甘）部上平聲,331
tshau,焦,出鈎切,刃叉之,004_Tie_Siann_Tsap_Ngou_Im > （鈎）部上平聲,173
tshau,黃,出鈎切,香草也黃黃薰南風也,004_Tie_Siann_Tsap_Ngou_Im > （鈎）部上平聲,173
tshau,釀,出鈎切,釀釀釀酒,004_Tie_Siann_Tsap_Ngou_Im > （鈎）部上平聲,173
tshau,熛,出鈎切,淺絳也,004_Tie_Siann_Tsap_Ngou_Im > （鈎）部上平聲,173
tshau,燠,出鈎切,也映也,004_Tie_Siann_Tsap_Ngou_Im > （鈎）部上平聲,173
tshau,熏,出鈎切,熏熏以茅苴曰熏熏莪苴也,004_Tie_Siann_Tsap_Ngou_Im > （鈎）部上平聲,173
tshau,助,出鈎切,勳功助助同,004_Tie_Siann_Tsap_Ngou_Im > （鈎）部上平聲,173
tshau,般,出鈎切,也－裕富厚,004_Tie_Siann_Tsap_Ngou_Im > （鈎）部上平聲,174
tshau,慇,出鈎切,曲也慇妻,004_Tie_Siann_Tsap_Ngou_Im > （鈎）部上平聲,174
tshau,軒,出鈎切,卑也又,004_Tie_Siann_Tsap_Ngou_Im > （鈎）部上平聲,174
tshau,自,出鈎切,得也又,004_Tie_Siann_Tsap_Ngou_Im > （鈎）部上平聲,174
tshau,輭,出鈎切,草名,004_Tie_Siann_Tsap_Ngou_Im > （鈎）部上平聲,174
tshau,山,出鈎切,貌奉,004_Tie_Siann_Tsap_Ngou_Im > （鈎）部上平聲,174
tshau,訢,出鈎切,喜也,004_Tie_Siann_Tsap_Ngou_Im > （鈎）部上平聲,174
tshau,樂,出鈎切,也,004_Tie_Siann_Tsap_Ngou_Im > （鈎）部上平聲,174
tshau,墣,出鈎切,樂器也,004_Tie_Siann_Tsap_Ngou_Im > （鈎）部上平聲,174
tshau,祋,出鈎切,官名正,004_Tie_Siann_Tsap_Ngou_Im > （鈎）部上平聲,174
tshau,以,出鈎切,天為,004_Tie_Siann_Tsap_Ngou_Im > （鈎）部上平聲,174
tshe,姜,出家切,特命之行曰姜又使也,004_Tie_Siann_Tsap_Ngou_Im > （家）部上平聲,21
tshe,义,出家切,相义曰义义般义様,004_Tie_Siann_Tsap_Ngou_Im > （家）部上平聲,21
tshe,杖,出家切,木狹取也极杖枝,004_Tie_Siann_Tsap_Ngou_Im > （家）部上平聲,21
tshe,睹,出佳切,貰物曰－商語曰無－不成店－數也,004_Tie_Siann_Tsap_Ngou_Im > （佳）部上平聲,323
tshe,賒,出佳切,同上又云且同又曰多－店不成－欠也,004_Tie_Siann_Tsap_Ngou_Im > （佳）部上平聲,323
tshe,奢,出佳切,越分以自奉曰－驕－奢侈,004_Tie_Siann_Tsap_Ngou_Im > （佳）部上平聲,323
tshe,車,出佳切,運俏物件於陸用－火－運－,004_Tie_Siann_Tsap_Ngou_Im > （佳）部上平聲,323
tsheh,策,出家切,計良,004_Tie_Siann_Tsap_Ngou_Im > （家）部上入聲,25
tsheh,箐,出家切,同上入問,004_Tie_Siann_Tsap_Ngou_Im > （家）部上入聲,25
tsheh,册,出家切,吉,004_Tie_Siann_Tsap_Ngou_Im > （家）部上入聲,25
tsheh,笈,出家切,也箑,004_Tie_Siann_Tsap_Ngou_Im > （家）部上入聲,25
tshek,坼,出弓切,仲冬地坼裂也,004_Tie_Siann_Tsap_Ngou_Im > （弓）部上入聲,297
tshek,憾,出弓切,憂也,004_Tie_Siann_Tsap_Ngou_Im > （弓）部上入聲,297
tshek,拆,出弓切,散也開也剖,004_Tie_Siann_Tsap_Ngou_Im > （弓）部上入聲,297
tshennh,計,出庚切,計良,004_Tie_Siann_Tsap_Ngou_Im > （庚）部上入聲,226
tshennh,也,出庚切,著也謀也,004_Tie_Siann_Tsap_Ngou_Im > （庚）部上入聲,226
tsheⁿ,青,出庚切,青蒼青,004_Tie_Siann_Tsap_Ngou_Im > （庚）部上平聲,224
tsheⁿ,草,出庚切,文青稞草雍羊,004_Tie_Siann_Tsap_Ngou_Im > （庚）部上平聲,224
tsheⁿ,星,出庚切,六畜十雌羊,004_Tie_Siann_Tsap_Ngou_Im > （庚）部上平聲,224
tsheⁿ,八,出庚切,宿宙天八,004_Tie_Siann_Tsap_Ngou_Im > （庚）部上平聲,224
tsheⁿ,腥,出庚切,之末也氤魚鮮,004_Tie_Siann_Tsap_Ngou_Im > （庚）部上平聲,224
tsheⁿ,蜻,出庚切,出也蜒飛,004_Tie_Siann_Tsap_Ngou_Im > （庚）部上平聲,224
tsheⁿ,菁,出庚切,髮菁芽,004_Tie_Siann_Tsap_Ngou_Im > （庚）部上平聲,224
tsheⁿ,星,出庚切,同星即天星,004_Tie_Siann_Tsap_Ngou_Im > （庚）部上平聲,224
tsheⁿ,也,出庚切,又至同,004_Tie_Siann_Tsap_Ngou_Im > （庚）部上平聲,224
tsheⁿ,醒,出庚切,如睡醒渦醒,004_Tie_Siann_Tsap_Ngou_Im > （庚）部上平聲,225
tshi,鮮,出基切,物日新鮮几有色之,004_Tie_Siann_Tsap_Ngou_Im > （基）部上平聲,97
tshi,鱻,出基切,問上魚初上網曰鱻,004_Tie_Siann_Tsap_Ngou_Im > （基）部上平聲,97
tshi,妻,出基切,男子謂其已曰妻有眷也,004_Tie_Siann_Tsap_Ngou_Im > （基）部上平聲,97
tshi,姜,出基切,卓姜其茂盛也謂,004_Tie_Siann_Tsap_Ngou_Im > （基）部上平聲,97
tshi,悽,出基切,悲也,004_Tie_Siann_Tsap_Ngou_Im > （基）部上平聲,97
tshi,嗫,出基切,嗫笑,004_Tie_Siann_Tsap_Ngou_Im > （基）部上平聲,98
tshi,嫮,出基切,肌也淫,004_Tie_Siann_Tsap_Ngou_Im > （基）部上平聲,98
tshi,棱,出基切,人枝棱身,004_Tie_Siann_Tsap_Ngou_Im > （基）部上平聲,98
tshi,柄,出基切,同止,004_Tie_Siann_Tsap_Ngou_Im > （基）部上平聲,98
tshi,窳,出基切,窳又管窳同 嫗,004_Tie_Siann_Tsap_Ngou_Im > （基）部上平聲,98
tshi,鵑,出基切,鵑朗馬也 倫謂,004_Tie_Siann_Tsap_Ngou_Im > （基）部上平聲,98
tshi,淒,出基切,涼淒楚淒 淒風淒,004_Tie_Siann_Tsap_Ngou_Im > （基）部上平聲,98
tshiam,㮀,出兼切,㮀以之為,004_Tie_Siann_Tsap_Ngou_Im > （兼）部上平聲,86
tshiam,暫,出兼切,也蔵也,004_Tie_Siann_Tsap_Ngou_Im > （兼）部上平聲,86
tshiam,以,出兼切,事抽以,004_Tie_Siann_Tsap_Ngou_Im > （兼）部上平聲,86
tshiam,也,出兼切,也滅又微,004_Tie_Siann_Tsap_Ngou_Im > （兼）部上平聲,86
tshiam,味,出兼切,辛曰味又,004_Tie_Siann_Tsap_Ngou_Im > （兼）部上平聲,86
tshiam,薑,出兼切,桂之性也,004_Tie_Siann_Tsap_Ngou_Im > （兼）部上平聲,86
tshian,仟,出堅切,千人之長,004_Tie_Siann_Tsap_Ngou_Im > （堅）部上平聲,117
tshian,迁,出堅切,移也并遷同上迁徙善也,004_Tie_Siann_Tsap_Ngou_Im > （堅）部上平聲,117
tshian,昌,出堅切,吉也哉,004_Tie_Siann_Tsap_Ngou_Im > （堅）部上平聲,117
tshian,昌,出堅切,草名昌蒲久哉也,004_Tie_Siann_Tsap_Ngou_Im > （堅）部上平聲,117
tshian,抃,出堅切,整理曰抃,004_Tie_Siann_Tsap_Ngou_Im > （堅）部上平聲,117
tshian,媚,出堅切,大人買笑日媚妓,004_Tie_Siann_Tsap_Ngou_Im > （堅）部上平聲,117
tshian,禯,出堅切,鮮也禯新,004_Tie_Siann_Tsap_Ngou_Im > （堅）部上平聲,117
tshian,閫,出堅切,門也閫天,004_Tie_Siann_Tsap_Ngou_Im > （堅）部上平聲,117
tshian,掲,出堅切,也又掲狂忙也又雷曰掲踐騎掲隨付又舞說戲耔掲春,004_Tie_Siann_Tsap_Ngou_Im > （堅）部上平聲,117
tshian,韃,出堅切,辣耔韃俗戲也,004_Tie_Siann_Tsap_Ngou_Im > （堅）部上平聲,117
tshian,韃,出堅切,同上俗韃打耮韃,004_Tie_Siann_Tsap_Ngou_Im > （堅）部上平聲,117
tshian,羊,出堅切,也草哉,004_Tie_Siann_Tsap_Ngou_Im > （堅）部上平聲,117
tshian,撻,出堅切,押也,004_Tie_Siann_Tsap_Ngou_Im > （堅）部上平聲,117
tshiang,鎗,出薑切,鎗戟具也刀,004_Tie_Siann_Tsap_Ngou_Im > （薑）部上平聲,348
tshiang,槍,出薑切,同上馬上,004_Tie_Siann_Tsap_Ngou_Im > （薑）部上平聲,348
tshiap,妄,出兼切,小麥曰妄婦人自稱亦曰妄,004_Tie_Siann_Tsap_Ngou_Im > （兼）部上入聲,91
tshiap,霎,出兼切,楚言其言之間也霎時霎瞬之間也,004_Tie_Siann_Tsap_Ngou_Im > （兼）部上入聲,91
tshia̍t,鯢,出堅切,鷺也,004_Tie_Siann_Tsap_Ngou_Im > （堅）部下入聲,131
tshia̍t,虎,出堅切,檢曰虎殘暴無,004_Tie_Siann_Tsap_Ngou_Im > （堅）部下入聲,131
tshia̍t,瘧,出堅切,疾有潮热,004_Tie_Siann_Tsap_Ngou_Im > （堅）部下入聲,131
tshia̍t,者,出堅切,曰者,004_Tie_Siann_Tsap_Ngou_Im > （堅）部下入聲,131
tshia̍t,謔,出堅切,謔語謔戲,004_Tie_Siann_Tsap_Ngou_Im > （堅）部下入聲,131
tshia̍t,謔,出堅切,之言也,004_Tie_Siann_Tsap_Ngou_Im > （堅）部下入聲,131
tshia̍t,閩,出堅切,恒訛也,004_Tie_Siann_Tsap_Ngou_Im > （堅）部下入聲,131
tshia̍t,閩,出堅切,很也,004_Tie_Siann_Tsap_Ngou_Im > （堅）部下入聲,131
tshiaⁿ,且,出京切,反用起筆之辭,004_Tie_Siann_Tsap_Ngou_Im > （京）部上平聲,134
tshiaⁿ,請,出京切,以言來人曰請又,004_Tie_Siann_Tsap_Ngou_Im > （京）部上平聲,134
tshiaⁿ,足,出京切,同上足正,004_Tie_Siann_Tsap_Ngou_Im > （京）部上平聲,134
tshim,深,出金切,深淺深出深藏也家也,004_Tie_Siann_Tsap_Ngou_Im > （金）部上平聲,43
tshim,喜,出金切,痛 熱氣者 膚也,004_Tie_Siann_Tsap_Ngou_Im > （金）部上平聲,45
tshin,服,出⿴囗君切,內為達服又服疏,004_Tie_Siann_Tsap_Ngou_Im > （⿴囗君）部上平聲,162
tshioh,尺,出燒切,十分曰十寸曰尺,004_Tie_Siann_Tsap_Ngou_Im > （燒）部上入聲,355
tshioh,十,出燒切,曰文昔度也,004_Tie_Siann_Tsap_Ngou_Im > （燒）部上入聲,355
tshioh,其,出燒切,餘空音者不錄,004_Tie_Siann_Tsap_Ngou_Im > （燒）部上入聲,355
tshiou,拌,出嬌切,原音別棒俗以兩色之物要和均勻曰拌用其義也,004_Tie_Siann_Tsap_Ngou_Im > （嬌）部上平聲,271
tshiou,傲,出嬌切,同棻也來也且也又傲羊,004_Tie_Siann_Tsap_Ngou_Im > （嬌）部上平聲,271
tshiou,凌,出嬌切,汶也薄,004_Tie_Siann_Tsap_Ngou_Im > （嬌）部上平聲,271
tshiou,傲,出嬌切,而得名曰傲伴帶出惹外也同上傲伴,004_Tie_Siann_Tsap_Ngou_Im > （嬌）部上平聲,271
tshiou,邀,出嬌切,相拍也邀客,004_Tie_Siann_Tsap_Ngou_Im > （嬌）部上平聲,271
tshiou,棄,出嬌切,棄雄又棄首又高之食母者曰棄,004_Tie_Siann_Tsap_Ngou_Im > （嬌）部上平聲,271
tshiou,駿,出嬌切,秀勇也如馬之狡日駿勇,004_Tie_Siann_Tsap_Ngou_Im > （嬌）部上平聲,271
tshio̍h,蔗,出燒切,廣多也,004_Tie_Siann_Tsap_Ngou_Im > （燒）部下入聲,358
tshio̍h,又,出燒切,大也,004_Tie_Siann_Tsap_Ngou_Im > （燒）部下入聲,358
tshio̍h,席,出燒切,草席蔗席牙席,004_Tie_Siann_Tsap_Ngou_Im > （燒）部下入聲,358
tshio̍h,竹,出燒切,竹皮竹,004_Tie_Siann_Tsap_Ngou_Im > （燒）部下入聲,358
tship,絙,出金切,絙絡也絡 糅 舟也同 撤 交飲也 昺 言也口舌之聲 湙 水貌雨下也又和也 輯 聚也 輾 諧也和也同輯,004_Tie_Siann_Tsap_Ngou_Im > （金）部上入聲,47
tshiu,摘,出鳩切,物也,004_Tie_Siann_Tsap_Ngou_Im > （鳩）部上平聲,231
tshiu,木,出鳩切,鳥名,004_Tie_Siann_Tsap_Ngou_Im > （鳩）部上平聲,231
tshiu,也,出鳩切,魚名,004_Tie_Siann_Tsap_Ngou_Im > （鳩）部上平聲,231
tshiu,聲,出鳩切,聲聲小,004_Tie_Siann_Tsap_Ngou_Im > （鳩）部上平聲,231
tshiu̍h,不,出鳩切,正也,004_Tie_Siann_Tsap_Ngou_Im > （鳩）部下入聲,240
tshiu̍h,不,出鳩切,好,004_Tie_Siann_Tsap_Ngou_Im > （鳩）部下入聲,240
tshiu̍h,不,出鳩切,好也,004_Tie_Siann_Tsap_Ngou_Im > （鳩）部下入聲,240
tshiu̍h,除,出鳩切,此六字之外俱是字音不錄,004_Tie_Siann_Tsap_Ngou_Im > （鳩）部下入聲,241
tshiu̍h,柳,出鳩切,賴姓也潮屬土音,004_Tie_Siann_Tsap_Ngou_Im > （鳩）部下入聲,241
tshiu̍h,除,出鳩切,此四字之外俱是空音不錄,004_Tie_Siann_Tsap_Ngou_Im > （鳩）部下入聲,241
tshiàn,切,出堅切,勿足之謂,004_Tie_Siann_Tsap_Ngou_Im > （堅）部上去聲,123
tshiàn,穿,出堅切,俗寫字訛,004_Tie_Siann_Tsap_Ngou_Im > （堅）部上去聲,123
tshiàn,竊,出堅切,也盜也私也漢,004_Tie_Siann_Tsap_Ngou_Im > （堅）部上去聲,123
tshiàn,姑,出堅切,不關也,004_Tie_Siann_Tsap_Ngou_Im > （堅）部上去聲,123
tshiàn,崔,出堅切,又孔崔鳥崔屏,004_Tie_Siann_Tsap_Ngou_Im > （堅）部上去聲,123
tshiàn,婥,出堅切,美也,004_Tie_Siann_Tsap_Ngou_Im > （堅）部上去聲,123
tshiàn,綽,出堅切,綽寬也有餘裕也,004_Tie_Siann_Tsap_Ngou_Im > （堅）部上去聲,123
tshiám,躋,出兼切,馬急行,004_Tie_Siann_Tsap_Ngou_Im > （兼）部上上聲,88
tshiâm,潛,出兼切,匿深,004_Tie_Siann_Tsap_Ngou_Im > （兼）部下平聲,92
tshiâm,龍,出兼切,淵,004_Tie_Siann_Tsap_Ngou_Im > （兼）部下平聲,92
tshiâm,相,出兼切,陳,004_Tie_Siann_Tsap_Ngou_Im > （兼）部下平聲,92
tshiâm,潛,出兼切,藏也,004_Tie_Siann_Tsap_Ngou_Im > （兼）部下平聲,92
tshiân,嬌,出堅切,官名嬌娉,004_Tie_Siann_Tsap_Ngou_Im > （堅）部下平聲,126
tshiân,椿,出堅切,方中枕,004_Tie_Siann_Tsap_Ngou_Im > （堅）部下平聲,126
tshiân,蜿,出堅切,拜也,004_Tie_Siann_Tsap_Ngou_Im > （堅）部下平聲,126
tshiân,也,出堅切,也叢茲,004_Tie_Siann_Tsap_Ngou_Im > （堅）部下平聲,126
tshiâng,垣,出薑切,蔽曰垣夫子,004_Tie_Siann_Tsap_Ngou_Im > （薑）部下平聲,350
tshiâng,之,出薑切,之數仞,004_Tie_Siann_Tsap_Ngou_Im > （薑）部下平聲,350
tshiâng,牆,出薑切,也子貢之,004_Tie_Siann_Tsap_Ngou_Im > （薑）部下平聲,350
tshiâng,魚,出薑切,名也,004_Tie_Siann_Tsap_Ngou_Im > （薑）部下平聲,350
tshiãng,象,出薑切,右。取以牛鼻為用。才。,004_Tie_Siann_Tsap_Ngou_Im > （薑）部下上聲,351
tshiãⁿ,情,出京切,已不能為用人代之,004_Tie_Siann_Tsap_Ngou_Im > （京）部下上聲,138
tshiãⁿ,曰,出京切,曰猶代也僱也,004_Tie_Siann_Tsap_Ngou_Im > （京）部下上聲,138
tshiòu,朝,出嬌切,國朝足朝堂前朝,004_Tie_Siann_Tsap_Ngou_Im > （嬌）部上去聲,276
tshiòu,晃,出嬌切,人名縣,004_Tie_Siann_Tsap_Ngou_Im > （嬌）部上去聲,276
tshiòu,曩,出嬌切,又名,004_Tie_Siann_Tsap_Ngou_Im > （嬌）部上去聲,276
tshióng,踢,出恭切,踢蝶也,004_Tie_Siann_Tsap_Ngou_Im > （恭）部上上聲,156
tshióng,踊,出恭切,又號踊哀也,004_Tie_Siann_Tsap_Ngou_Im > （恭）部上上聲,156
tshióng,甬,出恭切,甬草木幹甬出甬道,004_Tie_Siann_Tsap_Ngou_Im > （恭）部上上聲,156
tshiõ,象,出燒切,獸之某大奇其所用有真所寶者才,004_Tie_Siann_Tsap_Ngou_Im > （燒）部下上聲,356
tshiù,樹,出鳩切,木之猶名曰樹 古樹松樹柏樹,004_Tie_Siann_Tsap_Ngou_Im > （鳩）部上去聲,233
tshiû,仇,出鳩切,匹也罵也誠也,004_Tie_Siann_Tsap_Ngou_Im > （鳩）部下平聲,236
tshiû,雙,出鳩切,也白牛,004_Tie_Siann_Tsap_Ngou_Im > （鳩）部下平聲,236
tshiû,讐,出鳩切,言讐仇讐報讐冤讐猶言對也,004_Tie_Siann_Tsap_Ngou_Im > （鳩）部下平聲,236
tshiām,僧,出兼切,越分曰僧 又曰 大共名曰僧 又曰,004_Tie_Siann_Tsap_Ngou_Im > （兼）部下去聲,94
tshiān,唱,出堅切,唱歌曲,004_Tie_Siann_Tsap_Ngou_Im > （堅）部下去聲,129
tshiān,偬,出堅切,細瑣筋作也文,004_Tie_Siann_Tsap_Ngou_Im > （堅）部下去聲,129
tshiān,覯,出堅切,覜祝覦,004_Tie_Siann_Tsap_Ngou_Im > （堅）部下去聲,129
tshiān,峴,出堅切,山名,004_Tie_Siann_Tsap_Ngou_Im > （堅）部下去聲,129
tshiān,覜,出堅切,諺言也,004_Tie_Siann_Tsap_Ngou_Im > （堅）部下去聲,129
tshiān,眱,出堅切,日氣也,004_Tie_Siann_Tsap_Ngou_Im > （堅）部下去聲,129
tshiān,獻,出堅切,獻進獻貢獻策獻計,004_Tie_Siann_Tsap_Ngou_Im > （堅）部下去聲,129
tshiō,笑,出燒切,娣笑見笑好,004_Tie_Siann_Tsap_Ngou_Im > （燒）部下去聲,358
tshng,倉,出扛切,備積糧米之所曰 倉 谷 倉 船 倉,004_Tie_Siann_Tsap_Ngou_Im > （扛）部上平聲,286
tshng,艙,出扛切,舟中年格 曰船 艙 鄉 艙 庄 艙 莊 艙 花 艙 村 三家 艙,004_Tie_Siann_Tsap_Ngou_Im > （扛）部上平聲,286
tshng,邨,出扛切,同字,004_Tie_Siann_Tsap_Ngou_Im > （扛）部上平聲,286
tshn̂g,床,出扛切,卧床坑床琴床,004_Tie_Siann_Tsap_Ngou_Im > （扛）部下平聲,288
tshn̂g,林,出扛切,同上,004_Tie_Siann_Tsap_Ngou_Im > （扛）部下平聲,288
tshn̄g,伙,出扛切,使刑也比,004_Tie_Siann_Tsap_Ngou_Im > （扛）部下去聲,290
tshn̄g,也,出扛切,，也,004_Tie_Siann_Tsap_Ngou_Im > （扛）部下去聲,290
tsho,長,出歌切,長叢木也又荊棘也又,004_Tie_Siann_Tsap_Ngou_Im > （歌）部上平聲,189
tsho,國,出歌切,又清國又,004_Tie_Siann_Tsap_Ngou_Im > （歌）部上平聲,189
tsho,不,出歌切,滑也,004_Tie_Siann_Tsap_Ngou_Im > （歌）部上平聲,189
tsho,痛,出歌切,痛,004_Tie_Siann_Tsap_Ngou_Im > （歌）部上平聲,189
tsho,正,出歌切,音字,004_Tie_Siann_Tsap_Ngou_Im > （歌）部上平聲,189
tsho,有,出歌切,真有,004_Tie_Siann_Tsap_Ngou_Im > （歌）部上平聲,189
tshoh,候,出姑切,結候五候,004_Tie_Siann_Tsap_Ngou_Im > （姑）部上入聲,82
tshoh,王,出姑切,王公王,004_Tie_Siann_Tsap_Ngou_Im > （姑）部上入聲,82
tshoh,疾,出姑切,同上,004_Tie_Siann_Tsap_Ngou_Im > （姑）部上入聲,82
tshoh,鬍,出姑切,多鬚曰,004_Tie_Siann_Tsap_Ngou_Im > （姑）部上入聲,82
tshoh,筷,出姑切,受筷桌,004_Tie_Siann_Tsap_Ngou_Im > （姑）部上入聲,82
tshoh,糗,出姑切,糗粮于,004_Tie_Siann_Tsap_Ngou_Im > （姑）部上入聲,82
tshoh,行,出姑切,軍料,004_Tie_Siann_Tsap_Ngou_Im > （姑）部上入聲,82
tshoh,用,出姑切,也,004_Tie_Siann_Tsap_Ngou_Im > （姑）部上入聲,82
tshoh,餼,出姑切,飯餼粮,004_Tie_Siann_Tsap_Ngou_Im > （姑）部上入聲,82
tshoh,也,出姑切,于,004_Tie_Siann_Tsap_Ngou_Im > （姑）部上入聲,82
tshoh,墟,出姑切,所墟堂,004_Tie_Siann_Tsap_Ngou_Im > （姑）部上入聲,82
tshoh,垺,出姑切,炸大,004_Tie_Siann_Tsap_Ngou_Im > （姑）部上入聲,82
tshoh,盛,出歌切,盛用其義也俗以器皿盛物曰盛,004_Tie_Siann_Tsap_Ngou_Im > （歌）部上入聲,190
tshoh,振,出歌切,課夫妻者曰振,004_Tie_Siann_Tsap_Ngou_Im > （歌）部上入聲,192
tshoh,又,出歌切,小許曰又,004_Tie_Siann_Tsap_Ngou_Im > （歌）部上入聲,192
tshoh,小,出歌切,許曰小,004_Tie_Siann_Tsap_Ngou_Im > （歌）部上入聲,192
tsho̍k,械,出公切,木名其 實可咳,004_Tie_Siann_Tsap_Ngou_Im > （公）部下入聲,76
tsho̍k,惑,出公切,不能了疑惑 然,004_Tie_Siann_Tsap_Ngou_Im > （公）部下入聲,76
tsho̍k,復,出公切,否復回復又 重也再也,004_Tie_Siann_Tsap_Ngou_Im > （公）部下入聲,76
tsho̍k,服,出公切,衣服又心服 連未敖也,004_Tie_Siann_Tsap_Ngou_Im > （公）部下入聲,76
tsho̍k,伏,出公切,偷伏降 伏潛伏,004_Tie_Siann_Tsap_Ngou_Im > （公）部下入聲,76
tsho̍k,祇,出公切,衣之己 皮曰祇,004_Tie_Siann_Tsap_Ngou_Im > （公）部下入聲,76
tsho̍k,覆,出公切,反覆甑,004_Tie_Siann_Tsap_Ngou_Im > （公）部下入聲,76
tsho̍k,闔,出公切,門限曰,004_Tie_Siann_Tsap_Ngou_Im > （公）部下入聲,76
tsho̍k,茯,出公切,苓葉 名,004_Tie_Siann_Tsap_Ngou_Im > （公）部下入聲,76
tsho̍k,狀,出公切,土壟曰,004_Tie_Siann_Tsap_Ngou_Im > （公）部下入聲,76
tsho̍k,麟,出公切,精不切囧麟,004_Tie_Siann_Tsap_Ngou_Im > （公）部下入聲,77
tshu,趄,出龜切,疾行也少－多－見－小走也,004_Tie_Siann_Tsap_Ngou_Im > （龜）部上平聲,309
tshuak,止,出光切,也多言不,004_Tie_Siann_Tsap_Ngou_Im > （光）部上入聲,204
tshuak,嗄,出光切,同上多言也又嗳同,004_Tie_Siann_Tsap_Ngou_Im > （光）部上入聲,204
tshuak,事,出光切,常中止不能連絡曰作－,004_Tie_Siann_Tsap_Ngou_Im > （光）部上入聲,204
tshuak,斷,出光切,曰－相連不,004_Tie_Siann_Tsap_Ngou_Im > （光）部上入聲,204
tshuak,凡,出光切,物之短而不長者曰－又作－,004_Tie_Siann_Tsap_Ngou_Im > （光）部上入聲,204
tshuang,川,出光切,山川江河也,004_Tie_Siann_Tsap_Ngou_Im > （光）部上平聲,199
tshuang,番,出光切,嬰人口番又獸足也,004_Tie_Siann_Tsap_Ngou_Im > （光）部上平聲,199
tshuang,翻,出光切,蹦翻茫貌翻身覆翻方 四翻端翻寸翻圍,004_Tie_Siann_Tsap_Ngou_Im > （光）部上平聲,199
tshuang,芳,出光切,聯芳妙芳非,004_Tie_Siann_Tsap_Ngou_Im > （光）部上平聲,199
tshuang,荒,出光切,大荒共荒坯荒地,004_Tie_Siann_Tsap_Ngou_Im > （光）部上平聲,199
tshua̍k,崔,出光切,崔崑山高也又草合催也促也迫,004_Tie_Siann_Tsap_Ngou_Im > （光）部下入聲,214
tshua̍k,推,出光切,推掊 推,004_Tie_Siann_Tsap_Ngou_Im > （光）部下入聲,214
tshua̍k,催,出光切,催促相,004_Tie_Siann_Tsap_Ngou_Im > （光）部下入聲,214
tshua̍k,推,出光切,推 推殘 推桁,004_Tie_Siann_Tsap_Ngou_Im > （光）部下入聲,214
tshua̍k,唯,出光切,高覦損口也又,004_Tie_Siann_Tsap_Ngou_Im > （光）部下入聲,214
tshue,炊,出瓜切,草木吐葉曰炊 花木山炊高炊,004_Tie_Siann_Tsap_Ngou_Im > （瓜）部上平聲,340
tshueh,噎,出瓜切,以口吸而吞之曰噎,004_Tie_Siann_Tsap_Ngou_Im > （瓜）部上入聲,342
tshueh,其,出瓜切,餘空音概不錄,004_Tie_Siann_Tsap_Ngou_Im > （瓜）部上入聲,342
tshun,春,出君切,四季之首曰春,004_Tie_Siann_Tsap_Ngou_Im > （君）部上平聲,7
tshun,㫩,出君切,同上 長㫩 三㫩,004_Tie_Siann_Tsap_Ngou_Im > （君）部上平聲,7
tshun,媋,出君切,美也 女子字,004_Tie_Siann_Tsap_Ngou_Im > （君）部上平聲,7
tshun,椿,出君切,樹也 又上古大椿,004_Tie_Siann_Tsap_Ngou_Im > （君）部上平聲,7
tshut,出,出君切,如人初生,004_Tie_Siann_Tsap_Ngou_Im > （君）部上入聲,13
tshut,也,出君切,也出入,004_Tie_Siann_Tsap_Ngou_Im > （君）部上入聲,13
tshut,鲴,出君切,戯鲴,004_Tie_Siann_Tsap_Ngou_Im > （君）部上入聲,13
tshuâng,凡,出光切,物完而不缺奇曰凡全美凡備完凡,004_Tie_Siann_Tsap_Ngou_Im > （光）部下平聲,206
tshuâng,病,出光切,之已除曰病疹,004_Tie_Siann_Tsap_Ngou_Im > （光）部下平聲,206
tshuâng,又,出光切,荃司取魚具也,004_Tie_Siann_Tsap_Ngou_Im > （光）部下平聲,206
tshuâng,解,出光切,辯治乩之箴也,004_Tie_Siann_Tsap_Ngou_Im > （光）部下平聲,206
tshuâng,泥,出光切,津之暫泥航船也隍城也又墟泥,004_Tie_Siann_Tsap_Ngou_Im > （光）部下平聲,206
tshuān,門,出官切,門欄闕也,004_Tie_Siann_Tsap_Ngou_Im > （官）部下去聲,145
tshuān,日,出官切,門,004_Tie_Siann_Tsap_Ngou_Im > （官）部下去聲,145
tshuāng,串,出光切,串貫串直,004_Tie_Siann_Tsap_Ngou_Im > （光）部下去聲,210
tshuāng,孌,出光切,分孌兄弟公當,004_Tie_Siann_Tsap_Ngou_Im > （光）部下去聲,210
tshuāng,築,出光切,築迎親曰,004_Tie_Siann_Tsap_Ngou_Im > （光）部下去聲,210
tshuāng,變,出光切,如大也,004_Tie_Siann_Tsap_Ngou_Im > （光）部下去聲,210
tshuāng,攬,出光切,也攬抿旁人為非,004_Tie_Siann_Tsap_Ngou_Im > （光）部下去聲,210
tshuāng,也,出光切,又攏也,004_Tie_Siann_Tsap_Ngou_Im > （光）部下去聲,210
tshuāng,窟,出光切,鼠迹窟走,004_Tie_Siann_Tsap_Ngou_Im > （光）部下去聲,210
tshuāng,畏,出光切,也,004_Tie_Siann_Tsap_Ngou_Im > （光）部下去聲,210
tshài,繩,出皆切,初曰方繩,004_Tie_Siann_Tsap_Ngou_Im > （皆）部上去聲,149
tshài,皆,出皆切,當曰皆,004_Tie_Siann_Tsap_Ngou_Im > （皆）部上去聲,149
tshài,繳,出皆切,同上繳碼,004_Tie_Siann_Tsap_Ngou_Im > （皆）部上去聲,149
tshài,言,出皆切,復也,004_Tie_Siann_Tsap_Ngou_Im > （皆）部上去聲,149
tshàm,撬,出甘切,曰－好多相間,004_Tie_Siann_Tsap_Ngou_Im > （甘）部上去聲,334
tshàm,相,出甘切,－,004_Tie_Siann_Tsap_Ngou_Im > （甘）部上去聲,334
tshàm,謨,出甘切,難問之言吉也 謨言謨曰謨臣謨訖謨匡,004_Tie_Siann_Tsap_Ngou_Im > （甘）部上去聲,335
tshàm,慙,出甘切,差恥也養慙,004_Tie_Siann_Tsap_Ngou_Im > （甘）部上去聲,335
tshàm,饞,出甘切,不食也,004_Tie_Siann_Tsap_Ngou_Im > （甘）部上去聲,335
tshàm,噃,出甘切,食同上,004_Tie_Siann_Tsap_Ngou_Im > （甘）部上去聲,335
tshàm,峨,出甘切,山名名曰峨岩,004_Tie_Siann_Tsap_Ngou_Im > （甘）部上去聲,335
tshàm,鑣,出甘切,鑣氣,004_Tie_Siann_Tsap_Ngou_Im > （甘）部上去聲,335
tshàm,礁,出甘切,礁石之形色不美也,004_Tie_Siann_Tsap_Ngou_Im > （甘）部上去聲,335
tshàm,剩,出甘切,疲馬疲,004_Tie_Siann_Tsap_Ngou_Im > （甘）部上去聲,335
tshâi,才,出皆切,寫美可道者曰才 財 世人通用之資也才貴則人聚財聚則人散此通義 材 大木曰才棟樑之才料 謂其大才也才 裁 剪才凡事多須才酌才判,004_Tie_Siann_Tsap_Ngou_Im > （皆）部下平聲,151
tshâng,田,出江切,圍田水沙田田畤,004_Tie_Siann_Tsap_Ngou_Im > （江）部下平聲,255
tshâng,藏,出江切,包藏深藏庵潛藏,004_Tie_Siann_Tsap_Ngou_Im > （江）部下平聲,255
tshâng,殘,出江切,殘害殘忍敗也,004_Tie_Siann_Tsap_Ngou_Im > （江）部下平聲,255
tshâng,戕,出江切,也斗暴,004_Tie_Siann_Tsap_Ngou_Im > （江）部下平聲,255
tshâu,燥,出高切,乳于燥忿燥,004_Tie_Siann_Tsap_Ngou_Im > （高）部下平聲,41
tshâu,操,出高切,力作也,004_Tie_Siann_Tsap_Ngou_Im > （高）部下平聲,41
tshâu,臭,出高切,湖合味之,004_Tie_Siann_Tsap_Ngou_Im > （高）部下平聲,41
tshâu,躁,出高切,勁也忿也,004_Tie_Siann_Tsap_Ngou_Im > （高）部下平聲,41
tshâu,噪,出高切,禽鳥群,004_Tie_Siann_Tsap_Ngou_Im > （高）部下平聲,41
tshâu,課,出高切,摸也賠也嫺也,004_Tie_Siann_Tsap_Ngou_Im > （高）部下平聲,41
tshâu,慷,出高切,也怒不伸,004_Tie_Siann_Tsap_Ngou_Im > （高）部下平聲,41
tshãng,創,出江切,置業曰始,004_Tie_Siann_Tsap_Ngou_Im > （江）部下上聲,259
tshãng,桀,出江切,木名白,004_Tie_Siann_Tsap_Ngou_Im > （江）部下上聲,259
tshãng,燦,出江切,明也燦副光,004_Tie_Siann_Tsap_Ngou_Im > （江）部下上聲,259
tshãng,璨,出江切,光也璨然玉色,004_Tie_Siann_Tsap_Ngou_Im > （江）部下上聲,259
tshãng,孫,出江切,孫二女曰,004_Tie_Siann_Tsap_Ngou_Im > （江）部下上聲,259
tshãng,傴,出江切,見也,004_Tie_Siann_Tsap_Ngou_Im > （江）部下上聲,259
tshãng,刻,出江切,刻反刻,004_Tie_Siann_Tsap_Ngou_Im > （江）部下上聲,260
tshãng,劃,出江切,劃五劃,004_Tie_Siann_Tsap_Ngou_Im > （江）部下上聲,260
tshãng,鸛,出江切,守鸛開,004_Tie_Siann_Tsap_Ngou_Im > （江）部下上聲,260
tshãng,鸛,出江切,公祭鸛有文,004_Tie_Siann_Tsap_Ngou_Im > （江）部下上聲,260
tshãng,同,出江切,出山,004_Tie_Siann_Tsap_Ngou_Im > （江）部下上聲,260
tshãng,五,出江切,五,004_Tie_Siann_Tsap_Ngou_Im > （江）部下上聲,260
tshãng,譸,出江切,言正直之,004_Tie_Siann_Tsap_Ngou_Im > （江）部下上聲,260
tshãng,遯,出江切,不欲見而曰遯,004_Tie_Siann_Tsap_Ngou_Im > （江）部下上聲,260
tshãng,鋸,出江切,也劍銛,004_Tie_Siann_Tsap_Ngou_Im > （江）部下上聲,260
tshãng,鯢,出江切,鯢魚四足長喉,004_Tie_Siann_Tsap_Ngou_Im > （江）部下上聲,260
tshãng,虫,出江切,也,004_Tie_Siann_Tsap_Ngou_Im > （江）部下上聲,260
tshè,赤,出佳切,朱色曰－逐 斤 排－摘－面,004_Tie_Siann_Tsap_Ngou_Im > （佳）部上去聲,326
tshê,查,出家切,指查處,004_Tie_Siann_Tsap_Ngou_Im > （家）部下平聲,26
tshêng,情,出弓切,情面情意情理,004_Tie_Siann_Tsap_Ngou_Im > （弓）部下平聲,301
tshêng,人,出弓切,人親人事人不用其肉,004_Tie_Siann_Tsap_Ngou_Im > （弓）部下平聲,301
tshêng,果,出弓切,名用皮,004_Tie_Siann_Tsap_Ngou_Im > （弓）部下平聲,301
tshî,齊,出基切,齊整齊束齊等也 又等也 虎 棄器 㘿 陌如也 又丼齊 奉 等也 虎 齊騙 馳 齊鵬 遮 徐也緩也 延 也 尋 師也 后齊射 毅 剛齊果齊 決也忿也 疑 齊惑齊 嫌情 疑 知小兒存 覓 朴覓也 靦 朴覓也,004_Tie_Siann_Tsap_Ngou_Im > （基）部下平聲,107
tshî,觼,出基切,卑之特 衡也 鹿觼似 後觼似,004_Tie_Siann_Tsap_Ngou_Im > （基）部下平聲,107
tshîm,尋,出金切,求尋也又,004_Tie_Siann_Tsap_Ngou_Im > （金）部下平聲,49
tshîm,十,出金切,尺曰十,004_Tie_Siann_Tsap_Ngou_Im > （金）部下平聲,49
tshîm,侵,出金切,漸也近,004_Tie_Siann_Tsap_Ngou_Im > （金）部下平聲,49
tshîm,駸,出金切,也馬疾行,004_Tie_Siann_Tsap_Ngou_Im > （金）部下平聲,49
tshîm,駸,出金切,也駸也,004_Tie_Siann_Tsap_Ngou_Im > （金）部下平聲,49
tshîm,傴,出金切,漸々也,004_Tie_Siann_Tsap_Ngou_Im > （金）部下平聲,49
tshîm,褄,出金切,褄陰陽二氣相,004_Tie_Siann_Tsap_Ngou_Im > （金）部下平聲,49
tshîm,潯,出金切,水涯也,004_Tie_Siann_Tsap_Ngou_Im > （金）部下平聲,49
tshîm,璕,出金切,也次玉石,004_Tie_Siann_Tsap_Ngou_Im > （金）部下平聲,49
tshîn,秦,出⿴囗君切,虞秦女姓,004_Tie_Siann_Tsap_Ngou_Im > （⿴囗君）部下平聲,167
tshîn,又,出⿴囗君切,又囿,004_Tie_Siann_Tsap_Ngou_Im > （⿴囗君）部下平聲,167
tshîn,臣,出⿴囗君切,若臣人臣,004_Tie_Siann_Tsap_Ngou_Im > （⿴囗君）部下平聲,167
tshîn,家,出⿴囗君切,家,004_Tie_Siann_Tsap_Ngou_Im > （⿴囗君）部下平聲,167
tshîn,蔡,出⿴囗君切,盛也蔡枟草,004_Tie_Siann_Tsap_Ngou_Im > （⿴囗君）部下平聲,167
tshîn,枰,出⿴囗君切,楸也葉枰針枰庋枰,004_Tie_Siann_Tsap_Ngou_Im > （⿴囗君）部下平聲,169
tshîn,釋,出⿴囗君切,同上,004_Tie_Siann_Tsap_Ngou_Im > （⿴囗君）部下平聲,169
tshîn,寒,出⿴囗君切,天氣寒俗曰寒長寒,004_Tie_Siann_Tsap_Ngou_Im > （⿴囗君）部下平聲,169
tshîn,褌,出⿴囗君切,着身之衣曰褌陌褌,004_Tie_Siann_Tsap_Ngou_Im > （⿴囗君）部下平聲,169
tshòin,吐,出肩切,絲成繭吐有三眠即,004_Tie_Siann_Tsap_Ngou_Im > （肩）部上去聲,283
tshòin,同,出肩切,上,004_Tie_Siann_Tsap_Ngou_Im > （肩）部上去聲,283
tshòin,同,出肩切,上,004_Tie_Siann_Tsap_Ngou_Im > （肩）部上去聲,283
tshòng,業,出公切,草也叢生,004_Tie_Siann_Tsap_Ngou_Im > （公）部上去聲,69
tshòng,丁,出公切,少步也少名,004_Tie_Siann_Tsap_Ngou_Im > （公）部上去聲,69
tshòng,促,出公切,短也促也近也急也忽也,004_Tie_Siann_Tsap_Ngou_Im > （公）部上去聲,69
tshòng,捉,出公切,捕物在手,004_Tie_Siann_Tsap_Ngou_Im > （公）部上去聲,69
tshòng,觸,出公切,物與物遇日相觸,004_Tie_Siann_Tsap_Ngou_Im > （公）部上去聲,69
tshòng,真,出公切,顏高起也直也,004_Tie_Siann_Tsap_Ngou_Im > （公）部上去聲,69
tshòng,獨,出公切,捕獨魚,004_Tie_Siann_Tsap_Ngou_Im > （公）部上去聲,69
tshòng,錭,出公切,手錭即手也又訓也惜,004_Tie_Siann_Tsap_Ngou_Im > （公）部上去聲,69
tshòng,蜀,出公切,心不安,004_Tie_Siann_Tsap_Ngou_Im > （公）部上去聲,69
tshòng,戳,出公切,戳益印曰蓋也搖戳也,004_Tie_Siann_Tsap_Ngou_Im > （公）部上去聲,69
tshòng,蹙,出公切,與蹴全又,004_Tie_Siann_Tsap_Ngou_Im > （公）部上去聲,69
tshòng,跋,出公切,急迫也,004_Tie_Siann_Tsap_Ngou_Im > （公）部上去聲,69
tshòng,惑,出公切,又惑全太急也,004_Tie_Siann_Tsap_Ngou_Im > （公）部上去聲,69
tshòng,躅,出公切,蹄躅以足擊地也,004_Tie_Siann_Tsap_Ngou_Im > （公）部上去聲,69
tshòng,蹰,出公切,又芳善言也蹰蹴也足不行,004_Tie_Siann_Tsap_Ngou_Im > （公）部上去聲,69
tshòng,蹴,出公切,蹋也,004_Tie_Siann_Tsap_Ngou_Im > （公）部上去聲,69
tshòng,歡,出公切,也感氣惑,004_Tie_Siann_Tsap_Ngou_Im > （公）部上去聲,69
tshòng,董,出公切,羊師,004_Tie_Siann_Tsap_Ngou_Im > （公）部上去聲,69
tshòng,齟,出公切,迫也蝦齟急,004_Tie_Siann_Tsap_Ngou_Im > （公）部上去聲,69
tshòng,顧,出公切,苦顧蜩相,004_Tie_Siann_Tsap_Ngou_Im > （公）部上去聲,69
tshói,笈,出雞切,毛笈竹笈,004_Tie_Siann_Tsap_Ngou_Im > （雞）部上上聲,56
tshô,鋤,出歌切,農具也又 １月種梅 礎 以石磂之也 挫 折也頓－大又共欒－ 鋙 金之大者 同上又鈹也 耨 兵耕也－長,004_Tie_Siann_Tsap_Ngou_Im > （歌）部下平聲,193
tshông,從,出公切,從婦人有三從,004_Tie_Siann_Tsap_Ngou_Im > （公）部下平聲,71
tshông,從,出公切,同上從命,004_Tie_Siann_Tsap_Ngou_Im > （公）部下平聲,71
tshông,琂,出公切,玉琂溶俤行也,004_Tie_Siann_Tsap_Ngou_Im > （公）部下平聲,71
tshông,崇,出公切,高大也,004_Tie_Siann_Tsap_Ngou_Im > （公）部下平聲,71
tshông,重,出公切,也再也伏又也,004_Tie_Siann_Tsap_Ngou_Im > （公）部下平聲,71
tshông,岆,出公切,山本也,004_Tie_Siann_Tsap_Ngou_Im > （公）部下平聲,71
tshông,漂,出公切,水名,004_Tie_Siann_Tsap_Ngou_Im > （公）部下平聲,71
tshông,濃,出公切,水大也,004_Tie_Siann_Tsap_Ngou_Im > （公）部下平聲,72
tshông,從,出公切,－谷,004_Tie_Siann_Tsap_Ngou_Im > （公）部下平聲,72
tshông,蕤,出公切,藥名,004_Tie_Siann_Tsap_Ngou_Im > （公）部下平聲,72
tshông,跳,出公切,電光,004_Tie_Siann_Tsap_Ngou_Im > （公）部下平聲,72
tshông,從,出公切,少定也佳來末,004_Tie_Siann_Tsap_Ngou_Im > （公）部下平聲,72
tshông,宏,出公切,廣大也,004_Tie_Siann_Tsap_Ngou_Im > （公）部下平聲,72
tshông,逢,出公切,相－遇也,004_Tie_Siann_Tsap_Ngou_Im > （公）部下平聲,72
tshông,洪,出公切,又－水荒大也,004_Tie_Siann_Tsap_Ngou_Im > （公）部下平聲,72
tshông,弘,出公切,弓廋也容大也又,004_Tie_Siann_Tsap_Ngou_Im > （公）部下平聲,72
tshông,烘,出公切,以大培物也,004_Tie_Siann_Tsap_Ngou_Im > （公）部下平聲,72
tshông,虹,出公切,－雷雌曰－雄曰－,004_Tie_Siann_Tsap_Ngou_Im > （公）部下平聲,72
tshông,澤,出公切,水流行之狀也,004_Tie_Siann_Tsap_Ngou_Im > （公）部下平聲,72
tshông,鴻,出公切,鳥也又大也－圖－端,004_Tie_Siann_Tsap_Ngou_Im > （公）部下平聲,72
tshông,朌,出公切,耳語也,004_Tie_Siann_Tsap_Ngou_Im > （公）部下平聲,72
tshông,閡,出公切,卷門也,004_Tie_Siann_Tsap_Ngou_Im > （公）部下平聲,72
tshông,訌,出公切,內－又敗也內亂,004_Tie_Siann_Tsap_Ngou_Im > （公）部下平聲,72
tshông,泓,出公切,水聲也,004_Tie_Siann_Tsap_Ngou_Im > （公）部下平聲,72
tshún,忖,出君切,思度也 自忖,004_Tie_Siann_Tsap_Ngou_Im > （君）部上上聲,10
tshún,舛,出君切,錯也 亂也 不美也,004_Tie_Siann_Tsap_Ngou_Im > （君）部上上聲,10
tshún,蠢,出君切,愚蠢 不敏也,004_Tie_Siann_Tsap_Ngou_Im > （君）部上上聲,10
tshún,惷,出君切,仝上 粗惷,004_Tie_Siann_Tsap_Ngou_Im > （君）部上上聲,10
tshún,䏰,出君切,胸䏰,004_Tie_Siann_Tsap_Ngou_Im > （君）部上上聲,10
tshún,𢩭,出君切,或也 斷也,004_Tie_Siann_Tsap_Ngou_Im > （君）部上上聲,10
tshún,刌,出君切,同上,004_Tie_Siann_Tsap_Ngou_Im > （君）部上上聲,10
tshû,容,出龜切,不迫之意,004_Tie_Siann_Tsap_Ngou_Im > （龜）部下平聲,315
tshû,同,出龜切,上,004_Tie_Siann_Tsap_Ngou_Im > （龜）部下平聲,315
tshû,郡,出龜切,名也,004_Tie_Siann_Tsap_Ngou_Im > （龜）部下平聲,315
tshûn,存,出君切,心存者猶在也存名又姓也,004_Tie_Siann_Tsap_Ngou_Im > （君）部下平聲,15
tshā,鈔,出膠切,錢鈔銀,004_Tie_Siann_Tsap_Ngou_Im > （膠）部下去聲,268
tshēng,响,出弓切,响响响响覓响番仔响六,004_Tie_Siann_Tsap_Ngou_Im > （弓）部下去聲,304
tshēng,之,出弓切,別,004_Tie_Siann_Tsap_Ngou_Im > （弓）部下去聲,304
tshēng,又,出弓切,事勝是往曰又等也,004_Tie_Siann_Tsap_Ngou_Im > （弓）部下去聲,304
tshĩ,市,出基切,商買所辛之地曰市城市埠市又貿曰市,004_Tie_Siann_Tsap_Ngou_Im > （基）部下上聲,109
tshĩ,喜,出基切,系,004_Tie_Siann_Tsap_Ngou_Im > （基）部下上聲,110
tshĩ,系,出基切,世－消刀,004_Tie_Siann_Tsap_Ngou_Im > （基）部下上聲,110
tshĩ,逻,出基切,繫也,004_Tie_Siann_Tsap_Ngou_Im > （基）部下上聲,110
tshĩ,係,出基切,千－将客－的,004_Tie_Siann_Tsap_Ngou_Im > （基）部下上聲,110
tshĩ,繫,出基切,狗－絀,004_Tie_Siann_Tsap_Ngou_Im > （基）部下上聲,110
tshĩ,曳,出基切,也持也持－,004_Tie_Siann_Tsap_Ngou_Im > （基）部下上聲,110
tshĩ,携,出基切,持帶物曰－帶,004_Tie_Siann_Tsap_Ngou_Im > （基）部下上聲,110
tshĩ,咄,出基切,言－多,004_Tie_Siann_Tsap_Ngou_Im > （基）部下上聲,110
tshĩ,言,出基切,也,004_Tie_Siann_Tsap_Ngou_Im > （基）部下上聲,110
tshĩ,攜,出基切,同攜－,004_Tie_Siann_Tsap_Ngou_Im > （基）部下上聲,110
tshĩ,手,出基切,又攜全,004_Tie_Siann_Tsap_Ngou_Im > （基）部下上聲,110
tshĩ,盼,出基切,恨覬也,004_Tie_Siann_Tsap_Ngou_Im > （基）部下上聲,110
tshĩ,枇,出基切,棋也,004_Tie_Siann_Tsap_Ngou_Im > （基）部下上聲,110
tshĩ,楔,出基切,修－降態也除態也,004_Tie_Siann_Tsap_Ngou_Im > （基）部下上聲,110
tshĩ,秭,出基切,長孩也,004_Tie_Siann_Tsap_Ngou_Im > （基）部下上聲,110
tshĩ,閡,出基切,也門扇－,004_Tie_Siann_Tsap_Ngou_Im > （基）部下上聲,110
tshĩ,詒,出基切,也贈言,004_Tie_Siann_Tsap_Ngou_Im > （基）部下上聲,110
tshĩ,袖,出基切,也衣袖,004_Tie_Siann_Tsap_Ngou_Im > （基）部下上聲,110
tshĩ,波,出基切,舒斂也,004_Tie_Siann_Tsap_Ngou_Im > （基）部下上聲,110
tshī,試,出基切,試赴試考試,004_Tie_Siann_Tsap_Ngou_Im > （基）部下去聲,113
tshī,用,出基切,用驗,004_Tie_Siann_Tsap_Ngou_Im > （基）部下去聲,113
tshī,稅,出基切,稅君下稅,004_Tie_Siann_Tsap_Ngou_Im > （基）部下去聲,113
tshī,以,出基切,女之,004_Tie_Siann_Tsap_Ngou_Im > （基）部下去聲,113
tshī,莉,出基切,棘木有莉,004_Tie_Siann_Tsap_Ngou_Im > （基）部下去聲,113
tshī,能,出基切,傷人,004_Tie_Siann_Tsap_Ngou_Im > （基）部下去聲,113
tshīm,褪,出金切,近身之衣也又近身之衣也,004_Tie_Siann_Tsap_Ngou_Im > （金）部下去聲,51
tshīm,沁,出金切,水名,004_Tie_Siann_Tsap_Ngou_Im > （金）部下去聲,51
tshīm,唁,出金切,心大吐也心囙,004_Tie_Siann_Tsap_Ngou_Im > （金）部下去聲,51
tshīm,橇,出金切,近身棺也,004_Tie_Siann_Tsap_Ngou_Im > （金）部下去聲,51
tshō,凡,出歌切,事之悖者曰凡,004_Tie_Siann_Tsap_Ngou_Im > （歌）部下去聲,196
tshō,芸,出歌切,芸作芸行芸,004_Tie_Siann_Tsap_Ngou_Im > （歌）部下去聲,196
tshō,曰,出歌切,曰粗之末,004_Tie_Siann_Tsap_Ngou_Im > （歌）部下去聲,196
tshũa,鱸,出⿴囗瓜切,長魚也有白,004_Tie_Siann_Tsap_Ngou_Im > （⿴囗瓜）部下上聲,244
tshū,賦,出龜切,詩－詞－稅－育取也,004_Tie_Siann_Tsap_Ngou_Im > （龜）部下去聲,319
tshū,赴,出龜切,－會－試－科有期不誤曰－,004_Tie_Siann_Tsap_Ngou_Im > （龜）部下去聲,319
tshū,付,出龜切,也收－畢竟－正則育－,004_Tie_Siann_Tsap_Ngou_Im > （龜）部下去聲,319
tshū,副,出龜切,正則育－凡物育－,004_Tie_Siann_Tsap_Ngou_Im > （龜）部下去聲,319
tshū,訃,出龜切,告凶曰－音－闡,004_Tie_Siann_Tsap_Ngou_Im > （龜）部下去聲,319
tshū,傳,出龜切,師－太－敷散陳其言而周之,004_Tie_Siann_Tsap_Ngou_Im > （龜）部下去聲,319
tshū,賻,出龜切,以財助,004_Tie_Siann_Tsap_Ngou_Im > （龜）部下去聲,319
tshūa,蔡,出⿴囗瓜切,姓也,004_Tie_Siann_Tsap_Ngou_Im > （⿴囗瓜）部下去聲,245
tshūa,囚,出⿴囗瓜切,部下入聲,004_Tie_Siann_Tsap_Ngou_Im > （⿴囗瓜）部下去聲,245
tshūa,蒼,出⿴囗瓜切,蒼天蒼生蒼青色包渰 蒼寒也又蒼州,004_Tie_Siann_Tsap_Ngou_Im > （⿴囗瓜）部下去聲,247
tshūa,餐,出⿴囗瓜切,進食曰餐 素餐三餐,004_Tie_Siann_Tsap_Ngou_Im > （⿴囗瓜）部下去聲,247
tshūa,葱,出⿴囗瓜切,菜名青葱北葱,004_Tie_Siann_Tsap_Ngou_Im > （⿴囗瓜）部下去聲,247
tshūa,踏,出⿴囗瓜切,疾行也,004_Tie_Siann_Tsap_Ngou_Im > （⿴囗瓜）部下去聲,247
tshūa,食,出⿴囗瓜切,啖也吞,004_Tie_Siann_Tsap_Ngou_Im > （⿴囗瓜）部下去聲,247
tshūa,飧,出⿴囗瓜切,飧日三飧 進食也,004_Tie_Siann_Tsap_Ngou_Im > （⿴囗瓜）部下去聲,247
tshūi,嘴,出歸切,口也寄入而,004_Tie_Siann_Tsap_Ngou_Im > （歸）部下去聲,222
tshūi,不,出歸切,可出也,004_Tie_Siann_Tsap_Ngou_Im > （歸）部下去聲,222
tshūi,口,出歸切,同上食從口出,004_Tie_Siann_Tsap_Ngou_Im > （歸）部下去聲,222
tshūi,大,出歸切,言從大出,004_Tie_Siann_Tsap_Ngou_Im > （歸）部下去聲,222
tshūi,碎,出歸切,破碎斑,004_Tie_Siann_Tsap_Ngou_Im > （歸）部下去聲,222
tshūi,翠,出歸切,翡翠鳥名又,004_Tie_Siann_Tsap_Ngou_Im > （歸）部下去聲,222
tshūi,青,出歸切,綠色也,004_Tie_Siann_Tsap_Ngou_Im > （歸）部下去聲,222
tshūi,胞,出歸切,不堅,004_Tie_Siann_Tsap_Ngou_Im > （歸）部下去聲,222
tshūi,脆,出歸切,柔軟皆,004_Tie_Siann_Tsap_Ngou_Im > （歸）部下去聲,222
tshūi,粹,出歸切,純粹木,004_Tie_Siann_Tsap_Ngou_Im > （歸）部下去聲,222
tshūi,什,出歸切,也,004_Tie_Siann_Tsap_Ngou_Im > （歸）部下去聲,222
tshūi,喉,出歸切,口也,004_Tie_Siann_Tsap_Ngou_Im > （歸）部下去聲,223
tshūn,十,出君切,芬曰十小度也十,004_Tie_Siann_Tsap_Ngou_Im > （君）部下去聲,18
tshūn,教,出君切,教又,004_Tie_Siann_Tsap_Ngou_Im > （君）部下去聲,18
tshūn,教,出君切,教導,004_Tie_Siann_Tsap_Ngou_Im > （君）部下去聲,18
tshūn,摒,出君切,除也,004_Tie_Siann_Tsap_Ngou_Im > （君）部下去聲,18
tshṳ,水,出居切,蟲也化為蚊,004_Tie_Siann_Tsap_Ngou_Im > （居）部上平聲,178
tshṳ,夏,出居切,月之水馬生夏,004_Tie_Siann_Tsap_Ngou_Im > （居）部上平聲,178
tshṳ,此,出居切,指定之詞曰此如此彼此小也,004_Tie_Siann_Tsap_Ngou_Im > （居）部上平聲,180
tshṳ,泚,出居切,水清也又鮮明也,004_Tie_Siann_Tsap_Ngou_Im > （居）部上平聲,180
tshṳ,鼠,出居切,鼠淮鼠籟老田鼠化爲,004_Tie_Siann_Tsap_Ngou_Im > （居）部上平聲,180
tsi,毯,增基切,以毛織成布曰毯,004_Tie_Siann_Tsap_Ngou_Im > （基）部上平聲,97
tsi,毡,增基切,毡毛毡同上又詳,004_Tie_Siann_Tsap_Ngou_Im > （基）部上平聲,97
tsi,屝,增基切,女子陰也,004_Tie_Siann_Tsap_Ngou_Im > （基）部上平聲,97
tsi,尻,增基切,以形取義女子陰也,004_Tie_Siann_Tsap_Ngou_Im > （基）部上平聲,97
tsiam,姓,增兼切,也,004_Tie_Siann_Tsap_Ngou_Im > （兼）部上平聲,86
tsiam,山,增兼切,斗望也,004_Tie_Siann_Tsap_Ngou_Im > （兼）部上平聲,86
tsiam,利,增兼切,也鉢,004_Tie_Siann_Tsap_Ngou_Im > （兼）部上平聲,86
tsiam,也,增兼切,棹悼,004_Tie_Siann_Tsap_Ngou_Im > （兼）部上平聲,86
tsiam,衣,增兼切,衣又,004_Tie_Siann_Tsap_Ngou_Im > （兼）部上平聲,86
tsiam,衣,增兼切,知也,004_Tie_Siann_Tsap_Ngou_Im > （兼）部上平聲,86
tsian,茫,增堅切,少也茫,004_Tie_Siann_Tsap_Ngou_Im > （堅）部上平聲,115
tsian,篓,增堅切,錦篓書篓,004_Tie_Siann_Tsap_Ngou_Im > （堅）部上平聲,115
tsian,簡,增堅切,楲也簡,004_Tie_Siann_Tsap_Ngou_Im > （堅）部上平聲,115
tsian,錢,增堅切,綠也雛也,004_Tie_Siann_Tsap_Ngou_Im > （堅）部上平聲,115
tsian,可,增堅切,以縫衣,004_Tie_Siann_Tsap_Ngou_Im > （堅）部上平聲,115
tsian,誒,增堅切,巧言也,004_Tie_Siann_Tsap_Ngou_Im > （堅）部上平聲,115
tsian,煎,增堅切,味煎煮調,004_Tie_Siann_Tsap_Ngou_Im > （堅）部上平聲,115
tsian,俏,增堅切,進也,004_Tie_Siann_Tsap_Ngou_Im > （堅）部上平聲,115
tsian,淅,增堅切,洗也,004_Tie_Siann_Tsap_Ngou_Im > （堅）部上平聲,115
tsian,遭,增堅切,逃遭,004_Tie_Siann_Tsap_Ngou_Im > （堅）部上平聲,115
tsian,又,增堅切,不近也,004_Tie_Siann_Tsap_Ngou_Im > （堅）部上平聲,115
tsian,矗,增堅切,羊脂也,004_Tie_Siann_Tsap_Ngou_Im > （堅）部上平聲,115
tsian,氌,增堅切,毛厚也,004_Tie_Siann_Tsap_Ngou_Im > （堅）部上平聲,115
tsian,鶻,增堅切,恩爲也,004_Tie_Siann_Tsap_Ngou_Im > （堅）部上平聲,115
tsian,顫,增堅切,蓄氣也,004_Tie_Siann_Tsap_Ngou_Im > （堅）部上平聲,115
tsian,鱣,增堅切,魚名,004_Tie_Siann_Tsap_Ngou_Im > （堅）部上平聲,115
tsian,饘,增堅切,粥也,004_Tie_Siann_Tsap_Ngou_Im > （堅）部上平聲,115
tsiang,章,增薑切,詞章文章又姓也,004_Tie_Siann_Tsap_Ngou_Im > （薑）部上平聲,347
tsiang,漿,增薑切,粉漿水漿,004_Tie_Siann_Tsap_Ngou_Im > （薑）部上平聲,347
tsiang,樟,增薑切,為樹名其葉為樟稱,004_Tie_Siann_Tsap_Ngou_Im > （薑）部上平聲,347
tsiang,樟,增薑切,木樟,004_Tie_Siann_Tsap_Ngou_Im > （薑）部上平聲,347
tsia̍p,洽,增兼切,洽溝也,004_Tie_Siann_Tsap_Ngou_Im > （兼）部下入聲,95
tsia̍p,捷,增兼切,急報也,004_Tie_Siann_Tsap_Ngou_Im > （兼）部下入聲,95
tsia̍p,俶,增兼切,同上利也,004_Tie_Siann_Tsap_Ngou_Im > （兼）部下入聲,95
tsia̍p,睆,增兼切,日寄毛也,004_Tie_Siann_Tsap_Ngou_Im > （兼）部下入聲,95
tsia̍p,婉,增兼切,其好也,004_Tie_Siann_Tsap_Ngou_Im > （兼）部下入聲,95
tsia̍p,映,增兼切,目寄毛也睆同,004_Tie_Siann_Tsap_Ngou_Im > （兼）部下入聲,95
tsia̍p,箋,增兼切,扇也,004_Tie_Siann_Tsap_Ngou_Im > （兼）部下入聲,95
tsiaⁿ,每,增京切,歲各月日每月每,004_Tie_Siann_Tsap_Ngou_Im > （京）部上平聲,132
tsiaⁿ,明,增京切,石如通明,004_Tie_Siann_Tsap_Ngou_Im > （京）部上平聲,132
tsiaⁿ,者,增京切,日水者,004_Tie_Siann_Tsap_Ngou_Im > （京）部上平聲,132
tsiaⁿ,能,增京切,以術運人者日筑能,004_Tie_Siann_Tsap_Ngou_Im > （京）部上平聲,132
tsiaⁿ,肉,增京切,之赤者日肉肉赤肉也,004_Tie_Siann_Tsap_Ngou_Im > （京）部上平聲,132
tsiaⁿ,整,增京切,齊－伸－凡物之墩而仍伛伛拾者曰－ 淡 清而無味者曰－以－曰－用其義也鹹－味－,004_Tie_Siann_Tsap_Ngou_Im > （京）部上平聲,133
tsim,斟,增金切,酌也商相也斟酌斟商,004_Tie_Siann_Tsap_Ngou_Im > （金）部上平聲,42
tsim,酊,增金切,醉也酊醉,004_Tie_Siann_Tsap_Ngou_Im > （金）部上平聲,42
tsim,枕,增金切,枕朗玉枕竹枕,004_Tie_Siann_Tsap_Ngou_Im > （金）部上平聲,44
tsim,石,增金切,石流,004_Tie_Siann_Tsap_Ngou_Im > （金）部上平聲,44
tsin,真,增⿴囗君切,古雖錙而不言錙者日真 不偽者曰真,004_Tie_Siann_Tsap_Ngou_Im > （⿴囗君）部上平聲,161
tsin,榛,增⿴囗君切,木名榛,004_Tie_Siann_Tsap_Ngou_Im > （⿴囗君）部上平聲,161
tsin,蔡,增⿴囗君切,草戒說其,004_Tie_Siann_Tsap_Ngou_Im > （⿴囗君）部上平聲,161
tsioh,質,增燒切,品質器質,004_Tie_Siann_Tsap_Ngou_Im > （燒）部上入聲,355
tsioh,文,增燒切,文才文,004_Tie_Siann_Tsap_Ngou_Im > （燒）部上入聲,355
tsiou,朝,增嬌切,今平旦至早飯曰朝,004_Tie_Siann_Tsap_Ngou_Im > （嬌）部上平聲,270
tsiou,明,增嬌切,明明明早飯曰明夕,004_Tie_Siann_Tsap_Ngou_Im > （嬌）部上平聲,270
tsiou,昭,增嬌切,明影,004_Tie_Siann_Tsap_Ngou_Im > （嬌）部上平聲,270
tsiou,摞,增嬌切,物縮小,004_Tie_Siann_Tsap_Ngou_Im > （嬌）部上平聲,270
tsiou,招,增嬌切,以手呼人曰召,004_Tie_Siann_Tsap_Ngou_Im > （嬌）部上平聲,270
tsiou,焦,增嬌切,大焙葉赤曰,004_Tie_Siann_Tsap_Ngou_Im > （嬌）部上平聲,270
tsiou,惟,增嬌切,患也惟悴憂,004_Tie_Siann_Tsap_Ngou_Im > （嬌）部上平聲,270
tsio̍h,石,增燒切,石石石味,004_Tie_Siann_Tsap_Ngou_Im > （燒）部下入聲,358
tsio̍h,玉,增燒切,玉寶玉,004_Tie_Siann_Tsap_Ngou_Im > （燒）部下入聲,358
tsio̍h,祐,增燒切,宗廟藏玉,004_Tie_Siann_Tsap_Ngou_Im > （燒）部下入聲,358
tsio̍h,室,增燒切,也,004_Tie_Siann_Tsap_Ngou_Im > （燒）部下入聲,358
tsio̍h,秬,增燒切,十斗為,004_Tie_Siann_Tsap_Ngou_Im > （燒）部下入聲,358
tsiu,急,增鳩切,急到密,004_Tie_Siann_Tsap_Ngou_Im > （鳩）部上平聲,230
tsiu,府,增鳩切,府縣府,004_Tie_Siann_Tsap_Ngou_Im > （鳩）部上平聲,230
tsiu,水,增鳩切,中浮地曰水,004_Tie_Siann_Tsap_Ngou_Im > （鳩）部上平聲,230
tsiu,天,增鳩切,下有五大天,004_Tie_Siann_Tsap_Ngou_Im > （鳩）部上平聲,230
tsiu,舟,增鳩切,船也舟,004_Tie_Siann_Tsap_Ngou_Im > （鳩）部上平聲,230
tsiu,張,增鳩切,也與㨗同,004_Tie_Siann_Tsap_Ngou_Im > （鳩）部上平聲,230
tsiu,也,增鳩切,多也容,004_Tie_Siann_Tsap_Ngou_Im > （鳩）部上平聲,230
tsiu,車,增鳩切,房,004_Tie_Siann_Tsap_Ngou_Im > （鳩）部上平聲,230
tsiu,也,增鳩切,重載,004_Tie_Siann_Tsap_Ngou_Im > （鳩）部上平聲,230
tsiu̍h,竹,增鳩切,所以造紙今洋人則百端皆可以造竹,004_Tie_Siann_Tsap_Ngou_Im > （鳩）部下入聲,240
tsiu̍h,黨,增鳩切,恬造黨列覬秸先生,004_Tie_Siann_Tsap_Ngou_Im > （鳩）部下入聲,240
tsiàn,妊,增堅切,女妊靜也,004_Tie_Siann_Tsap_Ngou_Im > （堅）部上去聲,122
tsiàn,衤,增堅切,祭曰衤,004_Tie_Siann_Tsap_Ngou_Im > （堅）部上去聲,122
tsiàn,嚼,增堅切,味也嚼求其,004_Tie_Siann_Tsap_Ngou_Im > （堅）部上去聲,122
tsiàn,杓,增堅切,也木杓杯,004_Tie_Siann_Tsap_Ngou_Im > （堅）部上去聲,122
tsiàn,芍,增堅切,花名芍菜名曰芍,004_Tie_Siann_Tsap_Ngou_Im > （堅）部上去聲,122
tsiàn,爵,增堅切,酒盞也又官爵道爵,004_Tie_Siann_Tsap_Ngou_Im > （堅）部上去聲,122
tsiàn,即,增堅切,就食也又参也若時也,004_Tie_Siann_Tsap_Ngou_Im > （堅）部上去聲,122
tsiàn,勻,增堅切,取水器也,004_Tie_Siann_Tsap_Ngou_Im > （堅）部上去聲,122
tsiàn,约,增堅切,撮合也为人仂,004_Tie_Siann_Tsap_Ngou_Im > （堅）部上去聲,122
tsiàn,仂,增堅切,流星也,004_Tie_Siann_Tsap_Ngou_Im > （堅）部上去聲,122
tsiàn,灼,增堅切,天也明也臧也,004_Tie_Siann_Tsap_Ngou_Im > （堅）部上去聲,122
tsiàn,酌,增堅切,副酌面酌相酌又,004_Tie_Siann_Tsap_Ngou_Im > （堅）部上去聲,122
tsiàn,徵,增堅切,曰徵通徵明達事理,004_Tie_Siann_Tsap_Ngou_Im > （堅）部上去聲,122
tsiàn,通,增堅切,通澈也水澄清,004_Tie_Siann_Tsap_Ngou_Im > （堅）部上去聲,122
tsiàn,轍,增堅切,車轍又通徹道也,004_Tie_Siann_Tsap_Ngou_Im > （堅）部上去聲,122
tsiàn,秩,增堅切,同上中輸所碰並也,004_Tie_Siann_Tsap_Ngou_Im > （堅）部上去聲,122
tsiàn,撤,增堅切,退也除也蒸也罷也,004_Tie_Siann_Tsap_Ngou_Im > （堅）部上去聲,122
tsiân,矍,增堅切,又星辰矍度矍又戲也,004_Tie_Siann_Tsap_Ngou_Im > （堅）部下平聲,124
tsiãm,漸,增兼切,曰漸 沒涸之 噺 不久之 意曰漸 積漸 累 同上 又,004_Tie_Siann_Tsap_Ngou_Im > （兼）部下上聲,93
tsiãn,讓,增堅切,人先已復曰讓退讓蓽言相距之遠,004_Tie_Siann_Tsap_Ngou_Im > （堅）部下上聲,127
tsiãn,壞,增堅切,土壞又天壞,004_Tie_Siann_Tsap_Ngou_Im > （堅）部下上聲,127
tsiãn,善,增堅切,有德行者曰善良善友善,004_Tie_Siann_Tsap_Ngou_Im > （堅）部下上聲,127
tsiãn,膳,增堅切,具食曰進膳供膳視膳,004_Tie_Siann_Tsap_Ngou_Im > （堅）部下上聲,127
tsiãn,僧,增堅切,也,004_Tie_Siann_Tsap_Ngou_Im > （堅）部下上聲,127
tsiãn,饍,增堅切,每日三餐曰饍,004_Tie_Siann_Tsap_Ngou_Im > （堅）部下上聲,127
tsiãng,癢,增薑切,原音養俗曰脱脱撑。,004_Tie_Siann_Tsap_Ngou_Im > （薑）部下上聲,351
tsiãⁿ,正,增京切,不偏不斜者曰,004_Tie_Siann_Tsap_Ngou_Im > （京）部下上聲,137
tsiãⁿ,足,增京切,同上稚,004_Tie_Siann_Tsap_Ngou_Im > （京）部下上聲,137
tsiãⁿ,又,增京切,正大人,004_Tie_Siann_Tsap_Ngou_Im > （京）部下上聲,137
tsiãⁿ,己,增京切,而復丈人,004_Tie_Siann_Tsap_Ngou_Im > （京）部下上聲,137
tsiû,柔,增鳩切,柔药软,004_Tie_Siann_Tsap_Ngou_Im > （鳩）部下平聲,235
tsiû,孫,增鳩切,从猿善升木,004_Tie_Siann_Tsap_Ngou_Im > （鳩）部下平聲,235
tsiû,踩,增鳩切,踩职以足地也,004_Tie_Siann_Tsap_Ngou_Im > （鳩）部下平聲,235
tsiû,脎,增鳩切,嘉膳,004_Tie_Siann_Tsap_Ngou_Im > （鳩）部下平聲,235
tsiû,鲮,增鳩切,鱼名,004_Tie_Siann_Tsap_Ngou_Im > （鳩）部下平聲,235
tsiû,琛,增鳩切,玉名也,004_Tie_Siann_Tsap_Ngou_Im > （鳩）部下平聲,235
tsiû,燥,增鳩切,以火屈伸竹木曰燥,004_Tie_Siann_Tsap_Ngou_Im > （鳩）部下平聲,235
tsiām,佔,增兼切,佔路佔佔地 役人之旗限曰,004_Tie_Siann_Tsap_Ngou_Im > （兼）部下去聲,93
tsiām,坫,增兼切,同上,004_Tie_Siann_Tsap_Ngou_Im > （兼）部下去聲,93
tsiān,戰,增堅切,兩軍對敵曰戰交戰又恐也,004_Tie_Siann_Tsap_Ngou_Im > （堅）部下去聲,129
tsiān,將,增堅切,三軍之主曰將又將兵將將,004_Tie_Siann_Tsap_Ngou_Im > （堅）部下去聲,129
tsiān,痺,增堅切,痺氣,004_Tie_Siann_Tsap_Ngou_Im > （堅）部下去聲,129
tsiān,嶂,增堅切,屏嶂屏也,004_Tie_Siann_Tsap_Ngou_Im > （堅）部下去聲,129
tsiān,帳,增堅切,帳恨帳熙,004_Tie_Siann_Tsap_Ngou_Im > （堅）部下去聲,129
tsiān,戴,增堅切,草名,004_Tie_Siann_Tsap_Ngou_Im > （堅）部下去聲,129
tsiān,瞋,增堅切,蒙也目有所蔽也,004_Tie_Siann_Tsap_Ngou_Im > （堅）部下去聲,129
tsiān,障,增堅切,塞也障陽,004_Tie_Siann_Tsap_Ngou_Im > （堅）部下去聲,129
tsiān,顛,增堅切,頭不正曰顛又四支寒動也,004_Tie_Siann_Tsap_Ngou_Im > （堅）部下去聲,129
tsiān,獎,增堅切,珍賞也助也獎卷也,004_Tie_Siann_Tsap_Ngou_Im > （堅）部下去聲,129
tsiāng,醫,增薑切,派。法。末。肉。料。间。又。,004_Tie_Siann_Tsap_Ngou_Im > （薑）部下去聲,351
tsiāng,嶂,增薑切,山成削也。,004_Tie_Siann_Tsap_Ngou_Im > （薑）部下去聲,351
tsiāng,垠,增薑切,精土涯。,004_Tie_Siann_Tsap_Ngou_Im > （薑）部下去聲,351
tsiāng,賑,增薑切,以時與人而收其息曰故。殖業曰例。,004_Tie_Siann_Tsap_Ngou_Im > （薑）部下去聲,351
tsiāng,漲,增薑切,水泯曰。坳债起赤曰。,004_Tie_Siann_Tsap_Ngou_Im > （薑）部下去聲,351
tsiāng,脹,增薑切,滿也。顧。肚。,004_Tie_Siann_Tsap_Ngou_Im > （薑）部下去聲,351
tsiāng,脹,增薑切,滿同上。肚。,004_Tie_Siann_Tsap_Ngou_Im > （薑）部下去聲,351
tsiāng,其,增薑切,餘者俱係空音不録,004_Tie_Siann_Tsap_Ngou_Im > （薑）部下去聲,351
tsiō,照,增燒切,日照月照神,004_Tie_Siann_Tsap_Ngou_Im > （燒）部下去聲,357
tsiō,茂,增燒切,著茂對,004_Tie_Siann_Tsap_Ngou_Im > （燒）部下去聲,357
tsiō,炤,增燒切,同上,004_Tie_Siann_Tsap_Ngou_Im > （燒）部下去聲,357
tsiōu,認,增嬌切,皇上之書曰：又行認頃認書,004_Tie_Siann_Tsap_Ngou_Im > （嬌）部下去聲,278
tsiũ,就,增鳩切,就成就將就而正之,004_Tie_Siann_Tsap_Ngou_Im > （鳩）部下上聲,237
tsiũ,傲,增鳩切,傲庶傲,004_Tie_Siann_Tsap_Ngou_Im > （鳩）部下上聲,237
tsiũ,山,增鳩切,名也山猜佛國,004_Tie_Siann_Tsap_Ngou_Im > （鳩）部下上聲,237
tsiũ,跋,增鳩切,跋期今之,004_Tie_Siann_Tsap_Ngou_Im > （鳩）部下上聲,237
tsiũ,鴛,增鳩切,鴛鳥名美鴛又山名,004_Tie_Siann_Tsap_Ngou_Im > （鳩）部下上聲,237
tsiū,咒,增鳩切,法語曰咒符咒咥,004_Tie_Siann_Tsap_Ngou_Im > （鳩）部下去聲,238
tsiū,經,增鳩切,調又罵人曰經,004_Tie_Siann_Tsap_Ngou_Im > （鳩）部下去聲,238
tsi̍h,舌,增基切,舌三寸舌古舌劍舌辨,004_Tie_Siann_Tsap_Ngou_Im > （基）部下入聲,113
tsi̍p,集,增金切,聚也成也,004_Tie_Siann_Tsap_Ngou_Im > （金）部下入聲,52
tsi̍p,安,增金切,也衆門,004_Tie_Siann_Tsap_Ngou_Im > （金）部下入聲,52
tsi̍p,疾,增金切,枘也又,004_Tie_Siann_Tsap_Ngou_Im > （金）部下入聲,52
tsi̍p,迅,增金切,速也,004_Tie_Siann_Tsap_Ngou_Im > （金）部下入聲,52
tsi̍p,滌,增金切,小渠也,004_Tie_Siann_Tsap_Ngou_Im > （金）部下入聲,52
tsi̍p,嫉,增金切,如忌,004_Tie_Siann_Tsap_Ngou_Im > （金）部下入聲,52
tsi̍p,俠,增金切,姣也毒,004_Tie_Siann_Tsap_Ngou_Im > （金）部下入聲,52
tsi̍p,蔗,增金切,林藥名,004_Tie_Siann_Tsap_Ngou_Im > （金）部下入聲,52
tsi̍p,謙,增金切,語忘也,004_Tie_Siann_Tsap_Ngou_Im > （金）部下入聲,52
tsng,庄,增扛切,墟庄 原庄 莊 姓也又商家之字 觕目梆日本庄 磚 陶瓦包缸有庄 甌 圓上 椿 庄林蔭也神 牧 神庄大 裝 庄飾庄物 箱庄衙庄物,004_Tie_Siann_Tsap_Ngou_Im > （扛）部上平聲,285
tsng,賊,增扛切,非種得財曰交賊 有官賊賊賊連賊,004_Tie_Siann_Tsap_Ngou_Im > （扛）部上平聲,285
tsn̄g,塋,增扛切,稻木上山曰塋燒員,004_Tie_Siann_Tsap_Ngou_Im > （扛）部下去聲,289
tsn̄g,安,增扛切,安塈安,004_Tie_Siann_Tsap_Ngou_Im > （扛）部下去聲,289
tsn̄g,乃,增扛切,乃兾也,004_Tie_Siann_Tsap_Ngou_Im > （扛）部下去聲,289
tsn̍gh,貞,增扛切,志楝以音貞貞守貞師節以音,004_Tie_Siann_Tsap_Ngou_Im > （扛）部下入聲,291
tsn̍gh,偵,增扛切,同後也又偵採,004_Tie_Siann_Tsap_Ngou_Im > （扛）部下入聲,291
tsn̍gh,曾,增扛切,三代高曾又曾組又曾曾尺曾,004_Tie_Siann_Tsap_Ngou_Im > （扛）部下入聲,291
tsn̍gh,僧,增扛切,和尚曰僧尺僧削僧滅僧,004_Tie_Siann_Tsap_Ngou_Im > （扛）部下入聲,291
tsn̍gh,憎,增扛切,惡之曰憎愛憎情憎,004_Tie_Siann_Tsap_Ngou_Im > （扛）部下入聲,291
tsn̍gh,鐘,增扛切,鐘情鐘,004_Tie_Siann_Tsap_Ngou_Im > （扛）部下入聲,291
tsn̍gh,鐘,增扛切,鼓樂也,004_Tie_Siann_Tsap_Ngou_Im > （扛）部下入聲,291
tsn̍gh,琤,增扛切,理也治,004_Tie_Siann_Tsap_Ngou_Im > （扛）部下入聲,291
tsn̍gh,征,增扛切,出征征討征長征戰征懼概延也又征逃行我也,004_Tie_Siann_Tsap_Ngou_Im > （扛）部下入聲,291
tsn̍gh,春,增扛切,春春未傳,004_Tie_Siann_Tsap_Ngou_Im > （扛）部下入聲,291
tsn̍gh,妊,增扛切,女人蛔,004_Tie_Siann_Tsap_Ngou_Im > （扛）部下入聲,291
tsn̍gh,踢,增扛切,踢也,004_Tie_Siann_Tsap_Ngou_Im > （扛）部下入聲,291
tsn̍gh,筆,增扛切,筆樂器筆衣筆風筆,004_Tie_Siann_Tsap_Ngou_Im > （扛）部下入聲,291
tsn̍gh,晴,增扛切,童子也晴服中,004_Tie_Siann_Tsap_Ngou_Im > （扛）部下入聲,291
tsn̍gh,精,增扛切,正精粗精細精,004_Tie_Siann_Tsap_Ngou_Im > （扛）部下入聲,291
tsn̍gh,蒸,增扛切,以液吹物也蒸棊又進也,004_Tie_Siann_Tsap_Ngou_Im > （扛）部下入聲,291
tsn̍gh,蒸,增扛切,同上又各棊也,004_Tie_Siann_Tsap_Ngou_Im > （扛）部下入聲,291
tsn̍gh,瘠,增扛切,骨瘠苦,004_Tie_Siann_Tsap_Ngou_Im > （扛）部下入聲,291
tsn̍gh,睛,增扛切,也睛不忱視,004_Tie_Siann_Tsap_Ngou_Im > （扛）部下入聲,291
tso,右,增歌切,又不正曰右,004_Tie_Siann_Tsap_Ngou_Im > （歌）部上平聲,188
tso,宜,增歌切,碍曰宜爭,004_Tie_Siann_Tsap_Ngou_Im > （歌）部上平聲,188
tso,之,增歌切,詀也,004_Tie_Siann_Tsap_Ngou_Im > （歌）部上平聲,188
tso,木,增歌切,名有實紅,004_Tie_Siann_Tsap_Ngou_Im > （歌）部上平聲,188
tsoh,座,增歌切,廈之座落日座又山座主座客,004_Tie_Siann_Tsap_Ngou_Im > （歌）部上入聲,190
tsoi̍h,截,增雞切,止也在也判也切也,004_Tie_Siann_Tsap_Ngou_Im > （雞）部下入聲,62
tsong,惊,增公切,樂也 淙 聲也惊水,004_Tie_Siann_Tsap_Ngou_Im > （公）部上平聲,63
tsong,濃,增公切,大水小水入,004_Tie_Siann_Tsap_Ngou_Im > （公）部上平聲,63
tsong,獵,增公切,獵歲之家,004_Tie_Siann_Tsap_Ngou_Im > （公）部上平聲,63
tsong,掇,增公切,撞也,004_Tie_Siann_Tsap_Ngou_Im > （公）部上平聲,63
tsong,鋌,增公切,手扃,004_Tie_Siann_Tsap_Ngou_Im > （公）部上平聲,63
tsong,佁,增公切,田覤,004_Tie_Siann_Tsap_Ngou_Im > （公）部上平聲,63
tsong,憎,增公切,知也,004_Tie_Siann_Tsap_Ngou_Im > （公）部上平聲,63
tsong,吽,增公切,梵呪,004_Tie_Siann_Tsap_Ngou_Im > （公）部上平聲,63
tsong,寶,增公切,賦南嶽,004_Tie_Siann_Tsap_Ngou_Im > （公）部上平聲,63
tso̍h,物,增歌切,之至虛曰物,004_Tie_Siann_Tsap_Ngou_Im > （歌）部下入聲,197
tso̍h,斷,增歌切,斷盡斷,004_Tie_Siann_Tsap_Ngou_Im > （歌）部下入聲,197
tso̍k,族,增公切,同派曰族族又咳使大屏,004_Tie_Siann_Tsap_Ngou_Im > （公）部下入聲,75
tso̍k,鑔,增公切,有萌曰鑔利也,004_Tie_Siann_Tsap_Ngou_Im > （公）部下入聲,75
tso̍k,簇,增公切,簇簇言蟲之承生也,004_Tie_Siann_Tsap_Ngou_Im > （公）部下入聲,75
tso̍k,粗,增公切,地粗收粗田粗也,004_Tie_Siann_Tsap_Ngou_Im > （公）部下入聲,77
tso̍k,鄒,增公切,又姓,004_Tie_Siann_Tsap_Ngou_Im > （公）部下入聲,77
tso̍k,鄭,增公切,孔子之鄰名,004_Tie_Siann_Tsap_Ngou_Im > （公）部下入聲,77
tsu,朱,增龜切,朱書色之深赤有朱頃朱衣朱大朱年朱朱,004_Tie_Siann_Tsap_Ngou_Im > （龜）部上平聲,308
tsu,碅,增龜切,石色淡赤有朸,004_Tie_Siann_Tsap_Ngou_Im > （龜）部上平聲,308
tsu,砂,增龜切,砂銀砂砂,004_Tie_Siann_Tsap_Ngou_Im > （龜）部上平聲,308
tsu,珠,增龜切,老野生珠真珠寶珠夜光珠,004_Tie_Siann_Tsap_Ngou_Im > （龜）部上平聲,308
tsu,侏,增龜切,侏偏侏身侏矮小者,004_Tie_Siann_Tsap_Ngou_Im > （龜）部上平聲,308
tsu,銖,增龜切,百黍之重銖鈞銖料銖物銖曰銖年銖曰銖諸,004_Tie_Siann_Tsap_Ngou_Im > （龜）部上平聲,308
tsu,組,增龜切,組絲組編組縧組解組組城組,004_Tie_Siann_Tsap_Ngou_Im > （龜）部上平聲,308
tsu,諸,增龜切,語助也諸事諸兒諸,004_Tie_Siann_Tsap_Ngou_Im > （龜）部上平聲,308
tsu,趨,增龜切,趨趨趨欲前趨不進也閑,004_Tie_Siann_Tsap_Ngou_Im > （龜）部上平聲,308
tsu,謀,增龜切,謀也政也,004_Tie_Siann_Tsap_Ngou_Im > （龜）部上平聲,308
tsu,鯽,增龜切,即縮鯽魚名鯽次鯽藥鯽生鯽小人,004_Tie_Siann_Tsap_Ngou_Im > （龜）部上平聲,308
tsu,茱,增龜切,名茱次藥,004_Tie_Siann_Tsap_Ngou_Im > （龜）部上平聲,308
tsu,蛆,增龜切,水母,004_Tie_Siann_Tsap_Ngou_Im > （龜）部上平聲,308
tsu,苴,增龜切,麻也苴糙也,004_Tie_Siann_Tsap_Ngou_Im > （龜）部上平聲,308
tsu,鯁,增龜切,鯁隣也鯁不,004_Tie_Siann_Tsap_Ngou_Im > （龜）部上平聲,308
tsu,齟,增龜切,齟編葢不齟枘鑿也,004_Tie_Siann_Tsap_Ngou_Im > （龜）部上平聲,308
tsu,蛆,增龜切,也蛆紐蛆色,004_Tie_Siann_Tsap_Ngou_Im > （龜）部上平聲,308
tsu,咀,增龜切,會其味也咀含,004_Tie_Siann_Tsap_Ngou_Im > （龜）部上平聲,308
tsu,但,增龜切,拙也,004_Tie_Siann_Tsap_Ngou_Im > （龜）部上平聲,308
tsu,且,增龜切,行不退也,004_Tie_Siann_Tsap_Ngou_Im > （龜）部上平聲,308
tsu,疽,增龜切,難也疽觔,004_Tie_Siann_Tsap_Ngou_Im > （龜）部上平聲,308
tsu,組,增龜切,住也組存也,004_Tie_Siann_Tsap_Ngou_Im > （龜）部上平聲,308
tsu,蚝,增龜切,蚝也蚝乚蚝真蚝,004_Tie_Siann_Tsap_Ngou_Im > （龜）部上平聲,308
tsuan,俗,增官切,柚答曰－答,004_Tie_Siann_Tsap_Ngou_Im > （官）部上平聲,139
tsuan,轉,增官切,設去曰－,004_Tie_Siann_Tsap_Ngou_Im > （官）部上平聲,139
tsuang,專,增光切,專誠專之專曰專主專什專而專初生也,004_Tie_Siann_Tsap_Ngou_Im > （光）部上平聲,198
tsuang,圓,增光切,判竹圓以盛谷也,004_Tie_Siann_Tsap_Ngou_Im > （光）部上平聲,198
tsuang,惴,增光切,惴懼也惴憂,004_Tie_Siann_Tsap_Ngou_Im > （光）部上平聲,198
tsuang,滿,增光切,流急,004_Tie_Siann_Tsap_Ngou_Im > （光）部上平聲,198
tsuang,顧,增光切,顧項人,004_Tie_Siann_Tsap_Ngou_Im > （光）部上平聲,198
tsuang,端,增光切,脚肚,004_Tie_Siann_Tsap_Ngou_Im > （光）部上平聲,198
tsuang,都,增光切,都名都陽湖,004_Tie_Siann_Tsap_Ngou_Im > （光）部上平聲,198
tsuang,燔,增光切,也燔灼烫,004_Tie_Siann_Tsap_Ngou_Im > （光）部上平聲,198
tsuang,膻,增光切,祭牲肉,004_Tie_Siann_Tsap_Ngou_Im > （光）部上平聲,198
tsuang,燔,增光切,火熱也,004_Tie_Siann_Tsap_Ngou_Im > （光）部上平聲,198
tsua̍k,悅,增光切,心悅專 相悅 名王悅 說 同上又人,004_Tie_Siann_Tsap_Ngou_Im > （光）部下入聲,211
tsua̍k,住,增光切,鳥之態名也 錐銳利也兵器也 椎鐵－鈍又椎也繫也 雎目視也仰視也又罰 荏鹽母草也又草束多觀 雕鳥與隹同,004_Tie_Siann_Tsap_Ngou_Im > （光）部下入聲,213
tsuh,按,增龜切,龜部上入聲俱係空音潮俗咕旺兩音有音無字用吸代之,004_Tie_Siann_Tsap_Ngou_Im > （龜）部上入聲,312
tsuih,雷,增歸切,震為雷地風於液也天雷地雷五雷又雷州又雷同,004_Tie_Siann_Tsap_Ngou_Im > （歸）部上入聲,218
tsuih,螺,增歸切,螺繩拘孽罪人之索也,004_Tie_Siann_Tsap_Ngou_Im > （歸）部上入聲,218
tsuih,播,增歸切,研物為末俗曰播,004_Tie_Siann_Tsap_Ngou_Im > （歸）部上入聲,218
tsuih,羸,增歸切,老而瘦也,004_Tie_Siann_Tsap_Ngou_Im > （歸）部上入聲,218
tsuih,聚,增歸切,也又,004_Tie_Siann_Tsap_Ngou_Im > （歸）部上入聲,220
tsuih,卦,增歸切,名,004_Tie_Siann_Tsap_Ngou_Im > （歸）部上入聲,220
tsuih,鬼,增歸切,神不管曰,004_Tie_Siann_Tsap_Ngou_Im > （歸）部上入聲,220
tsuih,正,增歸切,訓也又,004_Tie_Siann_Tsap_Ngou_Im > （歸）部上入聲,220
tsuih,川,增歸切,和也,004_Tie_Siann_Tsap_Ngou_Im > （歸）部上入聲,220
tsuih,也,增歸切,方－疲－,004_Tie_Siann_Tsap_Ngou_Im > （歸）部上入聲,220
tsuih,誚,增歸切,也苦也,004_Tie_Siann_Tsap_Ngou_Im > （歸）部上入聲,220
tsuih,多,增歸切,言也,004_Tie_Siann_Tsap_Ngou_Im > （歸）部上入聲,220
tsuih,還,增歸切,深遠也,004_Tie_Siann_Tsap_Ngou_Im > （歸）部上入聲,221
tsuih,賻,增歸切,以物賀錢曰賻,004_Tie_Siann_Tsap_Ngou_Im > （歸）部上入聲,221
tsuih,又,增歸切,贈拐曰又贈,004_Tie_Siann_Tsap_Ngou_Im > （歸）部上入聲,221
tsuih,又,增歸切,入又曰又鸠,004_Tie_Siann_Tsap_Ngou_Im > （歸）部上入聲,221
tsuih,粋,增歸切,純清不,004_Tie_Siann_Tsap_Ngou_Im > （歸）部上入聲,221
tsun,尊,增君切,高大也 尊長 尊卑,004_Tie_Siann_Tsap_Ngou_Im > （君）部上平聲,6
tsun,遵,增君切,遵從 遵命,004_Tie_Siann_Tsap_Ngou_Im > （君）部上平聲,6
tsun,鐏,增君切,金鐏 酒器也,004_Tie_Siann_Tsap_Ngou_Im > （君）部上平聲,6
tsun,樽,增君切,酒器也,004_Tie_Siann_Tsap_Ngou_Im > （君）部上平聲,6
tsun,噂,增君切,聚語也,004_Tie_Siann_Tsap_Ngou_Im > （君）部上平聲,6
tsun,罇,增君切,缾類也,004_Tie_Siann_Tsap_Ngou_Im > （君）部上平聲,6
tsun,蹲,增君切,距坐也,004_Tie_Siann_Tsap_Ngou_Im > （君）部上平聲,6
tsun,墫,增君切,喜也 舞也,004_Tie_Siann_Tsap_Ngou_Im > （君）部上平聲,6
tsun,僎,增君切,鄉飲酒禮,004_Tie_Siann_Tsap_Ngou_Im > （君）部上平聲,6
tsun,僔,增君切,衆也,004_Tie_Siann_Tsap_Ngou_Im > （君）部上平聲,6
tsun,鱒,增君切,赤目魚也,004_Tie_Siann_Tsap_Ngou_Im > （君）部上平聲,6
tsut,卒,增君切,兵士卒 大夫死曰卒,004_Tie_Siann_Tsap_Ngou_Im > （君）部上入聲,12
tsut,偉,增君切,行覺又,004_Tie_Siann_Tsap_Ngou_Im > （君）部上入聲,12
tsut,率,增君切,暴也 箱也 罷也 叢 也又卒率又全卒,004_Tie_Siann_Tsap_Ngou_Im > （君）部上入聲,12
tsut,蟀,增君切,名春閩 蟀蟲,004_Tie_Siann_Tsap_Ngou_Im > （君）部上入聲,12
tsut,伴,增君切,曰伴 兵有名,004_Tie_Siann_Tsap_Ngou_Im > （君）部上入聲,12
tsut,鏖,增君切,風聲也,004_Tie_Siann_Tsap_Ngou_Im > （君）部上入聲,12
tsut,烽,增君切,燒鐵入水 則堅,004_Tie_Siann_Tsap_Ngou_Im > （君）部上入聲,12
tsut,猝,增君切,倉猝暴 姦也 突也,004_Tie_Siann_Tsap_Ngou_Im > （君）部上入聲,12
tsuân,泉,增官切,白－水由地中出曰,004_Tie_Siann_Tsap_Ngou_Im > （官）部下平聲,142
tsuân,泉,增官切,－山－井－坑－,004_Tie_Siann_Tsap_Ngou_Im > （官）部下平聲,142
tsuâng,泉,增光切,－州府○正音－,004_Tie_Siann_Tsap_Ngou_Im > （光）部下平聲,205
tsuâng,旋,增光切,－机－特周學－錦也,004_Tie_Siann_Tsap_Ngou_Im > （光）部下平聲,205
tsuâng,璇,增光切,－玩玉衛,004_Tie_Siann_Tsap_Ngou_Im > （光）部下平聲,205
tsuâng,璋,增光切,－美玉也,004_Tie_Siann_Tsap_Ngou_Im > （光）部下平聲,205
tsuâng,完,增光切,－説－全－備－固,004_Tie_Siann_Tsap_Ngou_Im > （光）部下平聲,205
tsuâng,衰,增光切,－姓也,004_Tie_Siann_Tsap_Ngou_Im > （光）部下平聲,205
tsuâng,物,增光切,與扭觸曰物,004_Tie_Siann_Tsap_Ngou_Im > （光）部下平聲,208
tsuâng,鈿,增光切,狀,004_Tie_Siann_Tsap_Ngou_Im > （光）部下平聲,208
tsuâng,形,增光切,狀形,004_Tie_Siann_Tsap_Ngou_Im > （光）部下平聲,208
tsuâng,食,增光切,品曰食供食撒食,004_Tie_Siann_Tsap_Ngou_Im > （光）部下平聲,208
tsuâng,造,增光切,作曰造,004_Tie_Siann_Tsap_Ngou_Im > （光）部下平聲,208
tsuâng,文,增光切,杜文,004_Tie_Siann_Tsap_Ngou_Im > （光）部下平聲,208
tsuâng,弱,增光切,也誕也,004_Tie_Siann_Tsap_Ngou_Im > （光）部下平聲,208
tsuâng,錢,增光切,錢具也又,004_Tie_Siann_Tsap_Ngou_Im > （光）部下平聲,208
tsu̍t,林,增君切,林末也,004_Tie_Siann_Tsap_Ngou_Im > （君）部下入聲,20
tsu̍t,用,增君切,其數,004_Tie_Siann_Tsap_Ngou_Im > （君）部下入聲,20
tsu̍t,糯,增君切,同上末,004_Tie_Siann_Tsap_Ngou_Im > （君）部下入聲,20
tsu̍t,之,增君切,粘者,004_Tie_Siann_Tsap_Ngou_Im > （君）部下入聲,20
tsu̍t,枋,增君切,俗同上,004_Tie_Siann_Tsap_Ngou_Im > （君）部下入聲,20
tsu̍t,粘,增君切,來也,004_Tie_Siann_Tsap_Ngou_Im > （君）部下入聲,20
tsu̍t,木,增君切,白木,004_Tie_Siann_Tsap_Ngou_Im > （君）部下入聲,20
tsu̍t,茱,增君切,萌茱草名,004_Tie_Siann_Tsap_Ngou_Im > （君）部下入聲,20
tsu̍t,烀,增君切,烟出也,004_Tie_Siann_Tsap_Ngou_Im > （君）部下入聲,20
tsài,徵,增皆切,大船中之貨曰徵,004_Tie_Siann_Tsap_Ngou_Im > （皆）部上去聲,149
tsài,貨,增皆切,足曰滿貨,004_Tie_Siann_Tsap_Ngou_Im > （皆）部上去聲,149
tsàm,汁,增甘切,液也柳,004_Tie_Siann_Tsap_Ngou_Im > （甘）部上去聲,334
tsàm,箚,增甘切,事者 紫,004_Tie_Siann_Tsap_Ngou_Im > （甘）部上去聲,334
tsàm,縌,增甘切,束也,004_Tie_Siann_Tsap_Ngou_Im > （甘）部上去聲,334
tsàm,逋,增甘切,臯也又,004_Tie_Siann_Tsap_Ngou_Im > （甘）部上去聲,334
tsàm,臣,增甘切,市令,004_Tie_Siann_Tsap_Ngou_Im > （甘）部上去聲,334
tsàm,潛,增甘切,流也潛流,004_Tie_Siann_Tsap_Ngou_Im > （甘）部上去聲,335
tsàm,清,增甘切,兩也清小,004_Tie_Siann_Tsap_Ngou_Im > （甘）部上去聲,335
tsâi,臍,增皆切,壯臍漢字,004_Tie_Siann_Tsap_Ngou_Im > （皆）部下平聲,150
tsâi,心,增皆切,野之間曰心,004_Tie_Siann_Tsap_Ngou_Im > （皆）部下平聲,150
tsâi,無,增皆切,足立也,004_Tie_Siann_Tsap_Ngou_Im > （皆）部下平聲,152
tsâi,又,增皆切,解又,004_Tie_Siann_Tsap_Ngou_Im > （皆）部下平聲,152
tsâng,叢,增江切,歌也花也觀也樹也秋,004_Tie_Siann_Tsap_Ngou_Im > （江）部下平聲,255
tsâng,濃,增江切,含水虛也,004_Tie_Siann_Tsap_Ngou_Im > （江）部下平聲,255
tsâng,檳,增江切,木也,004_Tie_Siann_Tsap_Ngou_Im > （江）部下平聲,255
tsâu,奏,增高切,上－入－章－集,004_Tie_Siann_Tsap_Ngou_Im > （高）部下平聲,40
tsâu,灶,增高切,大－燒－,004_Tie_Siann_Tsap_Ngou_Im > （高）部下平聲,40
tsâu,寵,增高切,岡乃造也 食物,004_Tie_Siann_Tsap_Ngou_Im > （高）部下平聲,40
tsâu,竈,增高切,岡灶－神祠－籍輔－四方輔－,004_Tie_Siann_Tsap_Ngou_Im > （高）部下平聲,40
tsâu,膝,增高切,之間也,004_Tie_Siann_Tsap_Ngou_Im > （高）部下平聲,40
tsâu,湊,增高切,水聚－入 水會也,004_Tie_Siann_Tsap_Ngou_Im > （高）部下平聲,40
tsãng,臟,增江切,身有五臟,004_Tie_Siann_Tsap_Ngou_Im > （江）部下上聲,256
tsãng,六,增江切,腑六瓶,004_Tie_Siann_Tsap_Ngou_Im > （江）部下上聲,256
tsãng,藏,增江切,寬藏吉,004_Tie_Siann_Tsap_Ngou_Im > （江）部下上聲,256
tsãng,作,增江切,上聲,004_Tie_Siann_Tsap_Ngou_Im > （江）部下上聲,256
tsãng,壯,增江切,壯壯觀,004_Tie_Siann_Tsap_Ngou_Im > （江）部下上聲,258
tsãng,強,增江切,強栈 也強貨強區貨之所,004_Tie_Siann_Tsap_Ngou_Im > （江）部下上聲,258
tsãng,房,增江切,事房,004_Tie_Siann_Tsap_Ngou_Im > （江）部下上聲,258
tsãng,鑽,增江切,又鐵鑽穴痕,004_Tie_Siann_Tsap_Ngou_Im > （江）部下上聲,258
tsãng,贊,增江切,助又共此也,004_Tie_Siann_Tsap_Ngou_Im > （江）部下上聲,258
tsãng,稱,增江切,稱成稱,004_Tie_Siann_Tsap_Ngou_Im > （江）部下上聲,258
tsãng,讚,增江切,褒讚美稱讚,004_Tie_Siann_Tsap_Ngou_Im > （江）部下上聲,258
tsãng,假,增江切,假,004_Tie_Siann_Tsap_Ngou_Im > （江）部下上聲,258
tsãng,贊,增江切,積聚也,004_Tie_Siann_Tsap_Ngou_Im > （江）部下上聲,258
tsãng,鑽,增江切,以藥流,004_Tie_Siann_Tsap_Ngou_Im > （江）部下上聲,258
tsãng,飯,增江切,也,004_Tie_Siann_Tsap_Ngou_Im > （江）部下上聲,258
tsãng,趙,增江切,程路言書,004_Tie_Siann_Tsap_Ngou_Im > （江）部下上聲,258
tsãng,程,增江切,高行也又益,004_Tie_Siann_Tsap_Ngou_Im > （江）部下上聲,258
tsãng,續,增江切,其業結組,004_Tie_Siann_Tsap_Ngou_Im > （江）部下上聲,258
tsãng,棕,增江切,木三五月,004_Tie_Siann_Tsap_Ngou_Im > （江）部下上聲,258
tsãng,節,增江切,用之,004_Tie_Siann_Tsap_Ngou_Im > （江）部下上聲,258
tsãng,梭,增江切,古之角黍今之末棕也,004_Tie_Siann_Tsap_Ngou_Im > （江）部下上聲,258
tsãng,綜,增江切,交綜織布機中也,004_Tie_Siann_Tsap_Ngou_Im > （江）部下上聲,258
tsãng,轅,增江切,兵車也又,004_Tie_Siann_Tsap_Ngou_Im > （江）部下上聲,258
tsãng,卧,增江切,車也又,004_Tie_Siann_Tsap_Ngou_Im > （江）部下上聲,258
tsãng,滅,增江切,水流沆,004_Tie_Siann_Tsap_Ngou_Im > （江）部下上聲,258
tsãng,替,增江切,語詞,004_Tie_Siann_Tsap_Ngou_Im > （江）部下上聲,258
tsãng,朝,增江切,音謂曰而不庭,004_Tie_Siann_Tsap_Ngou_Im > （江）部下上聲,260
tsãng,窟,增江切,而不諳窟曰窟,004_Tie_Siann_Tsap_Ngou_Im > （江）部下上聲,260
tsè,寒,增家切,瑛度為寒筍寒,004_Tie_Siann_Tsap_Ngou_Im > （家）部上去聲,23
tsè,楼,增家切,楼山楼戢楼,004_Tie_Siann_Tsap_Ngou_Im > （家）部上去聲,23
tsè,勝,增佳切,古勝,004_Tie_Siann_Tsap_Ngou_Im > （佳）部上去聲,325
tsè,事,增佳切,事獨事,004_Tie_Siann_Tsap_Ngou_Im > （佳）部上去聲,325
tsè,固,增佳切,上加衣衫,004_Tie_Siann_Tsap_Ngou_Im > （佳）部上去聲,325
tsè,不,增佳切,澆之不,004_Tie_Siann_Tsap_Ngou_Im > （佳）部上去聲,325
tsè,兩,增佳切,又單曰,004_Tie_Siann_Tsap_Ngou_Im > （佳）部上去聲,325
tsè,基,增佳切,址也,004_Tie_Siann_Tsap_Ngou_Im > （佳）部上去聲,325
tsè,同,增佳切,跡又,004_Tie_Siann_Tsap_Ngou_Im > （佳）部上去聲,325
tsè,同,增佳切,迹,004_Tie_Siann_Tsap_Ngou_Im > （佳）部上去聲,325
tsêng,政,增弓切,事之詞,004_Tie_Siann_Tsap_Ngou_Im > （弓）部下平聲,300
tsêng,囲,增弓切,上,004_Tie_Siann_Tsap_Ngou_Im > （弓）部下平聲,300
tsêng,何,增弓切,何乃何語詞,004_Tie_Siann_Tsap_Ngou_Im > （弓）部下平聲,300
tsêng,末,增弓切,末己末,004_Tie_Siann_Tsap_Ngou_Im > （弓）部下平聲,300
tsêng,経,增弓切,経,004_Tie_Siann_Tsap_Ngou_Im > （弓）部下平聲,300
tsî,愁,增基切,麻,004_Tie_Siann_Tsap_Ngou_Im > （基）部下平聲,106
tsî,麻,增基切,軟燥也,004_Tie_Siann_Tsap_Ngou_Im > （基）部下平聲,106
tsî,兒,增基切,嬰,004_Tie_Siann_Tsap_Ngou_Im > （基）部下平聲,106
tsî,嬰,增基切,嬰嬰小,004_Tie_Siann_Tsap_Ngou_Im > （基）部下平聲,106
tsîm,蟬,增金切,兩腹八足蟲類也,004_Tie_Siann_Tsap_Ngou_Im > （金）部下平聲,48
tsîn,進,增⿴囗君切,上進求進劣進祿進,004_Tie_Siann_Tsap_Ngou_Im > （⿴囗君）部下平聲,169
tsîn,荐,增⿴囗君切,聚也仍也席也,004_Tie_Siann_Tsap_Ngou_Im > （⿴囗君）部下平聲,169
tsîn,薦,增⿴囗君切,引薦舉薦待薦荐同,004_Tie_Siann_Tsap_Ngou_Im > （⿴囗君）部下平聲,169
tsîn,涔,增⿴囗君切,水重復,004_Tie_Siann_Tsap_Ngou_Im > （⿴囗君）部下平聲,169
tsîn,晉,增⿴囗君切,物皆進晉也萬國日出也,004_Tie_Siann_Tsap_Ngou_Im > （⿴囗君）部下平聲,169
tsîn,縉,增⿴囗君切,縉紳仕宦之家,004_Tie_Siann_Tsap_Ngou_Im > （⿴囗君）部下平聲,169
tsîn,搢,增⿴囗君切,笏搢紳,004_Tie_Siann_Tsap_Ngou_Im > （⿴囗君）部下平聲,169
tsîn,趁,增⿴囗君切,也 低音疾,004_Tie_Siann_Tsap_Ngou_Im > （⿴囗君）部下平聲,170
tsòi,多,增雞切,如物多事多,004_Tie_Siann_Tsap_Ngou_Im > （雞）部上去聲,56
tsòi,湖,增雞切,俗謂曰湖,004_Tie_Siann_Tsap_Ngou_Im > （雞）部上去聲,56
tsòng,足,增公切,下肢之總名又充足,004_Tie_Siann_Tsap_Ngou_Im > （公）部上去聲,68
tsòng,祝,增公切,告神曰祝,004_Tie_Siann_Tsap_Ngou_Im > （公）部上去聲,68
tsòng,呢,增公切,以言求,004_Tie_Siann_Tsap_Ngou_Im > （公）部上去聲,68
tsòng,兀,增公切,天工天兀西,004_Tie_Siann_Tsap_Ngou_Im > （公）部上去聲,68
tsòng,鷥,增公切,鶯也,004_Tie_Siann_Tsap_Ngou_Im > （公）部上去聲,68
tsói,指,增雞切,手寧有五指教,004_Tie_Siann_Tsap_Ngou_Im > （雞）部上上聲,55
tsô,坐,增歌切,坐位仇坐,004_Tie_Siann_Tsap_Ngou_Im > （歌）部下平聲,194
tsô,正,增歌切,正傷正,004_Tie_Siann_Tsap_Ngou_Im > （歌）部下平聲,194
tsô,佐,增歌切,輔佐王佐之,004_Tie_Siann_Tsap_Ngou_Im > （歌）部下平聲,194
tsô,才,增歌切,无助也,004_Tie_Siann_Tsap_Ngou_Im > （歌）部下平聲,194
tsô,助,增歌切,以力助以財助,004_Tie_Siann_Tsap_Ngou_Im > （歌）部下平聲,194
tsô,有,增歌切,有支天有媽,004_Tie_Siann_Tsap_Ngou_Im > （歌）部下平聲,194
tsô,生,增歌切,也有生英,004_Tie_Siann_Tsap_Ngou_Im > （歌）部下平聲,194
tsô,祐,增歌切,以庇己,004_Tie_Siann_Tsap_Ngou_Im > （歌）部下平聲,194
tsôi,備,增雞切,也不長短曰備,004_Tie_Siann_Tsap_Ngou_Im > （雞）部下平聲,58
tsôi,整,增雞切,也整整,004_Tie_Siann_Tsap_Ngou_Im > （雞）部下平聲,58
tsôi,即,增雞切,即,004_Tie_Siann_Tsap_Ngou_Im > （雞）部下平聲,58
tsông,些,增公切,名九些山,004_Tie_Siann_Tsap_Ngou_Im > （公）部下平聲,70
tsông,跡,增公切,也涎別散,004_Tie_Siann_Tsap_Ngou_Im > （公）部下平聲,70
tsông,囊,增公切,雨久陰小,004_Tie_Siann_Tsap_Ngou_Im > （公）部下平聲,70
tsông,楼,增公切,木東也,004_Tie_Siann_Tsap_Ngou_Im > （公）部下平聲,70
tsông,嶝,增公切,山名,004_Tie_Siann_Tsap_Ngou_Im > （公）部下平聲,70
tsông,恫,增公切,行樞恫上,004_Tie_Siann_Tsap_Ngou_Im > （公）部下平聲,70
tsông,衕,增公切,逃卷衕街,004_Tie_Siann_Tsap_Ngou_Im > （公）部下平聲,70
tsông,戆,增公切,毛蕨載,004_Tie_Siann_Tsap_Ngou_Im > （公）部下平聲,70
tsông,瘴,增公切,有闯香牛末,004_Tie_Siann_Tsap_Ngou_Im > （公）部下平聲,70
tsông,恫,增公切,吟痛也呻,004_Tie_Siann_Tsap_Ngou_Im > （公）部下平聲,70
tsông,峒,增公切,名峻峒山,004_Tie_Siann_Tsap_Ngou_Im > （公）部下平聲,70
tsông,瞳,增公切,日吹,004_Tie_Siann_Tsap_Ngou_Im > （公）部下平聲,70
tsông,鯛,增公切,布名又矧,004_Tie_Siann_Tsap_Ngou_Im > （公）部下平聲,70
tsông,衕,增公切,逃卷衕街,004_Tie_Siann_Tsap_Ngou_Im > （公）部下平聲,70
tsông,乾,增公切,毛蕨載,004_Tie_Siann_Tsap_Ngou_Im > （公）部下平聲,70
tsông,煌,增公切,然燼小也,004_Tie_Siann_Tsap_Ngou_Im > （公）部下平聲,70
tsông,憧,增公切,惢不兒也,004_Tie_Siann_Tsap_Ngou_Im > （公）部下平聲,70
tsõu,驟,增姑切,突築而未史,004_Tie_Siann_Tsap_Ngou_Im > （姑）部下上聲,83
tsõu,然,增姑切,而去曰然,004_Tie_Siann_Tsap_Ngou_Im > （姑）部下上聲,83
tsõu,澩,增姑切,小流,004_Tie_Siann_Tsap_Ngou_Im > （姑）部下上聲,83
tsõu,急,增姑切,也,004_Tie_Siann_Tsap_Ngou_Im > （姑）部下上聲,83
tsùe,行,增瓜切,原音輒即行列之行也字義行曰戯行用其義也今增行曰行,004_Tie_Siann_Tsap_Ngou_Im > （瓜）部上去聲,341
tsùn,陣,增君切,俗以風之乍有乍無曰陣 一陣一陣 用其義也,004_Tie_Siann_Tsap_Ngou_Im > （君）部上去聲,11
tsún,準,增君切,規矩也 平也,004_Tie_Siann_Tsap_Ngou_Im > （君）部上上聲,9
tsún,准,增君切,仝上 納也,004_Tie_Siann_Tsap_Ngou_Im > （君）部上上聲,9
tsún,隼,增君切,鳥名 疾飛,004_Tie_Siann_Tsap_Ngou_Im > （君）部上上聲,9
tsún,鶽,增君切,仝上,004_Tie_Siann_Tsap_Ngou_Im > （君）部上上聲,9
tsún,怎,增君切,語辭,004_Tie_Siann_Tsap_Ngou_Im > （君）部上上聲,9
tsún,噂,增君切,聚語也,004_Tie_Siann_Tsap_Ngou_Im > （君）部上上聲,9
tsún,榫,增君切,剡木竅,004_Tie_Siann_Tsap_Ngou_Im > （君）部上上聲,9
tsún,撙,增君切,恭敬也,004_Tie_Siann_Tsap_Ngou_Im > （君）部上上聲,9
tsûa,蛇,增⿴囗瓜切,長魚身有鱗骨有毒口有針能屍尤曰蛇,004_Tie_Siann_Tsap_Ngou_Im > （⿴囗瓜）部下平聲,243
tsûe,罪,增瓜切,大過曰罪犯法曰犯罪有罪,004_Tie_Siann_Tsap_Ngou_Im > （瓜）部下平聲,344
tsûe,鋭,增瓜切,鋒利也鋭品鋭氣礼鋭意,004_Tie_Siann_Tsap_Ngou_Im > （瓜）部下平聲,344
tsûe,釵,增瓜切,深明也又奢全曹釵人名,004_Tie_Siann_Tsap_Ngou_Im > （瓜）部下平聲,344
tsā,乍,增膠切,初也忌,004_Tie_Siann_Tsap_Ngou_Im > （膠）部下去聲,267
tsā,詐,增膠切,偽詐奸詐,004_Tie_Siann_Tsap_Ngou_Im > （膠）部下去聲,267
tsā,敗,增膠切,敗退敗,004_Tie_Siann_Tsap_Ngou_Im > （膠）部下去聲,267
tsā,往,增膠切,往來速行也,004_Tie_Siann_Tsap_Ngou_Im > （膠）部下去聲,267
tsā,作,增膠切,慚也,004_Tie_Siann_Tsap_Ngou_Im > （膠）部下去聲,267
tsā,觥,增膠切,舟觥艇小也,004_Tie_Siann_Tsap_Ngou_Im > （膠）部下去聲,267
tsā,昨,增膠切,昨日前昨日也,004_Tie_Siann_Tsap_Ngou_Im > （膠）部下去聲,267
tsāi,同,增皆切,上同拜,004_Tie_Siann_Tsap_Ngou_Im > （皆）部下去聲,154
tsē,債,增家切,欠人之財物,004_Tie_Siann_Tsap_Ngou_Im > （家）部下去聲,28
tsē,日,增家切,久日過日,004_Tie_Siann_Tsap_Ngou_Im > （家）部下去聲,28
tsē,母,增家切,曰母,004_Tie_Siann_Tsap_Ngou_Im > （家）部下去聲,28
tsē,糞,增家切,坑也,004_Tie_Siann_Tsap_Ngou_Im > （家）部下去聲,28
tsē,炙,增佳切,以火焙物曰－俗謂燒也－魚－鵝－鴨－犬,004_Tie_Siann_Tsap_Ngou_Im > （佳）部下去聲,328
tsē,跖,增佳切,人名蹠－又足下也,004_Tie_Siann_Tsap_Ngou_Im > （佳）部下去聲,328
tsēng,三,增弓切,人以上曰三,004_Tie_Siann_Tsap_Ngou_Im > （弓）部下去聲,303
tsēng,認,增弓切,認定認有認,004_Tie_Siann_Tsap_Ngou_Im > （弓）部下去聲,303
tsēng,疣,增弓切,千疣,004_Tie_Siann_Tsap_Ngou_Im > （弓）部下去聲,303
tsēng,仁,增弓切,仁德仁,004_Tie_Siann_Tsap_Ngou_Im > （弓）部下去聲,303
tsēng,以,增弓切,為紹,004_Tie_Siann_Tsap_Ngou_Im > （弓）部下去聲,303
tsēng,言,增弓切,以徵信曰,004_Tie_Siann_Tsap_Ngou_Im > （弓）部下去聲,303
tsĩ,已,增基切,十二地支之名辰已,004_Tie_Siann_Tsap_Ngou_Im > （基）部下上聲,109
tsī,志,增基切,心之所欲曰志志氣,004_Tie_Siann_Tsap_Ngou_Im > （基）部下去聲,111
tsī,祭,增基切,凡祀鬼神曰祭止在,004_Tie_Siann_Tsap_Ngou_Im > （基）部下去聲,111
tsī,祭,增基切,也,004_Tie_Siann_Tsap_Ngou_Im > （基）部下去聲,111
tsī,潔,增基切,冰淮也,004_Tie_Siann_Tsap_Ngou_Im > （基）部下去聲,111
tsī,際,增基切,際言此時也居也限也此界也根也至四際所際,004_Tie_Siann_Tsap_Ngou_Im > （基）部下去聲,111
tsī,幡,增基切,幡齋麻為,004_Tie_Siann_Tsap_Ngou_Im > （基）部下去聲,111
tsī,制,增基切,成法曰制制度作制法制達制,004_Tie_Siann_Tsap_Ngou_Im > （基）部下去聲,111
tsī,製,增基切,作製遣製,004_Tie_Siann_Tsap_Ngou_Im > （基）部下去聲,111
tsī,贅,增基切,贅見贅祛放,004_Tie_Siann_Tsap_Ngou_Im > （基）部下去聲,111
tsī,贅,增基切,為惡為善補此類,004_Tie_Siann_Tsap_Ngou_Im > （基）部下去聲,111
tsī,濟,增基切,濟維濟世濟怠,004_Tie_Siann_Tsap_Ngou_Im > （基）部下去聲,111
tsī,劑,增基切,劑質劑分,004_Tie_Siann_Tsap_Ngou_Im > （基）部下去聲,111
tsī,嗹,增基切,嗹中事也又帶合,004_Tie_Siann_Tsap_Ngou_Im > （基）部下去聲,111
tsī,睇,增基切,小視也,004_Tie_Siann_Tsap_Ngou_Im > （基）部下去聲,111
tsī,第,增基切,剃頭也,004_Tie_Siann_Tsap_Ngou_Im > （基）部下去聲,111
tsī,滸,增基切,滸泣滸淺滸流界滸乘滸,004_Tie_Siann_Tsap_Ngou_Im > （基）部下去聲,111
tsī,滯,增基切,滯通人不流曰滯淤阻滯,004_Tie_Siann_Tsap_Ngou_Im > （基）部下去聲,111
tsī,佛,增基切,因為也,004_Tie_Siann_Tsap_Ngou_Im > （基）部下去聲,111
tsī,翅,增基切,又破鳥翅也又破局,004_Tie_Siann_Tsap_Ngou_Im > （基）部下去聲,111
tsī,繃,增基切,也厚繒,004_Tie_Siann_Tsap_Ngou_Im > （基）部下去聲,111
tsī,㡤,增基切,也,004_Tie_Siann_Tsap_Ngou_Im > （基）部下去聲,111
tsī,褯,增基切,庶也,004_Tie_Siann_Tsap_Ngou_Im > （基）部下去聲,111
tsī,諦,增基切,審也,004_Tie_Siann_Tsap_Ngou_Im > （基）部下去聲,111
tsīm,浸,增金切,潤也清也滋,004_Tie_Siann_Tsap_Ngou_Im > （金）部下去聲,51
tsō,也,增歌切,說文也,004_Tie_Siann_Tsap_Ngou_Im > （歌）部下去聲,196
tsū,註,增龜切,註釋註解字註,004_Tie_Siann_Tsap_Ngou_Im > （龜）部下去聲,318
tsū,齊,增龜切,明其義曰齊,004_Tie_Siann_Tsap_Ngou_Im > （龜）部下去聲,318
tsū,蛀,增龜切,蛀虫蝕物曰蛀燭蛀蠹,004_Tie_Siann_Tsap_Ngou_Im > （龜）部下去聲,318
tsū,鑄,增龜切,鑄五金鎔化作物曰鑄金鑄錢鑄元寶,004_Tie_Siann_Tsap_Ngou_Im > （龜）部下去聲,318
tsū,蠹,增龜切,虫在木中曰蠹同蛀也,004_Tie_Siann_Tsap_Ngou_Im > （龜）部下去聲,318
tsū,注,增龜切,也水流射,004_Tie_Siann_Tsap_Ngou_Im > （龜）部下去聲,318
tsūa,蜀,增⿴囗瓜切,夜遊蟲也,004_Tie_Siann_Tsap_Ngou_Im > （⿴囗瓜）部下去聲,245
tsūa,俗,增⿴囗瓜切,曰膘－,004_Tie_Siann_Tsap_Ngou_Im > （⿴囗瓜）部下去聲,245
tsūa,曾,增⿴囗瓜切,姓也,004_Tie_Siann_Tsap_Ngou_Im > （⿴囗瓜）部下去聲,247
tsūa,莊,增⿴囗瓜切,嚴端莊重莊,004_Tie_Siann_Tsap_Ngou_Im > （⿴囗瓜）部下去聲,247
tsūa,鬃,增⿴囗瓜切,婦人頭上之告曰鬃,004_Tie_Siann_Tsap_Ngou_Im > （⿴囗瓜）部下去聲,247
tsūa,棕,增⿴囗瓜切,棕林棕樹棕幫棕殼,004_Tie_Siann_Tsap_Ngou_Im > （⿴囗瓜）部下去聲,247
tsūa,梭,增⿴囗瓜切,同称,004_Tie_Siann_Tsap_Ngou_Im > （⿴囗瓜）部下去聲,247
tsūa,藏,增⿴囗瓜切,善也厚,004_Tie_Siann_Tsap_Ngou_Im > （⿴囗瓜）部下去聲,247
tsūa,岌,增⿴囗瓜切,鳥飛疾也,004_Tie_Siann_Tsap_Ngou_Im > （⿴囗瓜）部下去聲,247
tsūi,醉,增歸切,酒醉醩酊,004_Tie_Siann_Tsap_Ngou_Im > （歸）部下去聲,222
tsūi,大,增歸切,大,004_Tie_Siann_Tsap_Ngou_Im > （歸）部下去聲,222
tsūn,傑,增君切,英傑,004_Tie_Siann_Tsap_Ngou_Im > （君）部下去聲,18
tsūn,良,增君切,馬也,004_Tie_Siann_Tsap_Ngou_Im > （君）部下去聲,18
tsūn,高,增君切,大也山,004_Tie_Siann_Tsap_Ngou_Im > （君）部下去聲,18
tsūn,極,增君切,高也,004_Tie_Siann_Tsap_Ngou_Im > （君）部下去聲,18
tsūn,事,增君切,也,004_Tie_Siann_Tsap_Ngou_Im > （君）部下去聲,18
tsūn,上,增君切,也,004_Tie_Siann_Tsap_Ngou_Im > （君）部下去聲,18
tsūn,險,增君切,也,004_Tie_Siann_Tsap_Ngou_Im > （君）部下去聲,18
tsūn,柯,增君切,柯又,004_Tie_Siann_Tsap_Ngou_Im > （君）部下去聲,18
tsūn,獅,增君切,子也,004_Tie_Siann_Tsap_Ngou_Im > （君）部下去聲,18
tsūn,傑,增君切,英傑,004_Tie_Siann_Tsap_Ngou_Im > （君）部下去聲,18
tsūn,深,增君切,也大也,004_Tie_Siann_Tsap_Ngou_Im > （君）部下去聲,18
tsūn,又,增君切,水直也,004_Tie_Siann_Tsap_Ngou_Im > （君）部下去聲,18
tsūn,田,增君切,田劭,004_Tie_Siann_Tsap_Ngou_Im > （君）部下去聲,18
tsūn,長,增君切,官也,004_Tie_Siann_Tsap_Ngou_Im > （君）部下去聲,18
tsūn,魚,增君切,名,004_Tie_Siann_Tsap_Ngou_Im > （君）部下去聲,18
tsūn,推,增君切,也拚,004_Tie_Siann_Tsap_Ngou_Im > （君）部下去聲,18
tsūn,凋,增君切,剗也,004_Tie_Siann_Tsap_Ngou_Im > （君）部下去聲,18
tsūn,與,增君切,俊同,004_Tie_Siann_Tsap_Ngou_Im > （君）部下去聲,18
tsūn,才,增君切,才,004_Tie_Siann_Tsap_Ngou_Im > （君）部下去聲,18
tsṳ,書,增居切,文書詩書經書,004_Tie_Siann_Tsap_Ngou_Im > （居）部上平聲,178
tsṳ,之,增居切,語助詞又往,004_Tie_Siann_Tsap_Ngou_Im > （居）部上平聲,178
tsṳ,也,增居切,去也何之,004_Tie_Siann_Tsap_Ngou_Im > （居）部上平聲,178
tsṳ,細,增居切,黑色也,004_Tie_Siann_Tsap_Ngou_Im > （居）部上平聲,178
tsṳ,淄,增居切,水名其,004_Tie_Siann_Tsap_Ngou_Im > （居）部上平聲,178
tsṳ,味,增居切,甘,004_Tie_Siann_Tsap_Ngou_Im > （居）部上平聲,178
tsṳ,洿,增居切,天所成曰,004_Tie_Siann_Tsap_Ngou_Im > （居）部上平聲,178
tsṳ,貸,增居切,同上時也,004_Tie_Siann_Tsap_Ngou_Im > （居）部上平聲,178
tsṳ,以,增居切,時貸之也又小,004_Tie_Siann_Tsap_Ngou_Im > （居）部上平聲,178
tsṳ,超,增居切,超超踴踏,004_Tie_Siann_Tsap_Ngou_Im > （居）部上平聲,178
tsṳ,不,增居切,進也,004_Tie_Siann_Tsap_Ngou_Im > （居）部上平聲,178
tsṳ,籽,增居切,杤籽耕,004_Tie_Siann_Tsap_Ngou_Im > （居）部上平聲,178
tsṳ,田,增居切,也,004_Tie_Siann_Tsap_Ngou_Im > （居）部上平聲,178
tsṳ,姿,增居切,姸姿色,004_Tie_Siann_Tsap_Ngou_Im > （居）部上平聲,178
tsṳ,容,增居切,也,004_Tie_Siann_Tsap_Ngou_Im > （居）部上平聲,178
tsṳ,祿,增居切,秫秧也,004_Tie_Siann_Tsap_Ngou_Im > （居）部上平聲,178
tsṳ,钿,增居切,草小也絲,004_Tie_Siann_Tsap_Ngou_Im > （居）部上平聲,178
tsṳ,言,增居切,其,004_Tie_Siann_Tsap_Ngou_Im > （居）部上平聲,178
tsṳ,鉱,增居切,案曰鉱,004_Tie_Siann_Tsap_Ngou_Im > （居）部上平聲,178
tsṳ,六,增居切,十其,004_Tie_Siann_Tsap_Ngou_Im > （居）部上平聲,178
tsṳ,縕,增居切,黑色也,004_Tie_Siann_Tsap_Ngou_Im > （居）部上平聲,178
tsṳ,滫,增居切,水名其,004_Tie_Siann_Tsap_Ngou_Im > （居）部上平聲,178
tsṳ,味,增居切,甘,004_Tie_Siann_Tsap_Ngou_Im > （居）部上平聲,178
tsṳ,嗞,增居切,解嗞唆歎,004_Tie_Siann_Tsap_Ngou_Im > （居）部上平聲,178
tsṳ,孩,增居切,猶及之,004_Tie_Siann_Tsap_Ngou_Im > （居）部上平聲,178
tsṳ,禣,增居切,息也,004_Tie_Siann_Tsap_Ngou_Im > （居）部上平聲,178
tsṳ,梁,增居切,梁概也,004_Tie_Siann_Tsap_Ngou_Im > （居）部上平聲,178
tsṳ,諮,增居切,問也謀,004_Tie_Siann_Tsap_Ngou_Im > （居）部上平聲,178
tsṳ,子,增居切,天子天子君,004_Tie_Siann_Tsap_Ngou_Im > （居）部上平聲,179
tsṳ,梓,增居切,木名又子之道,004_Tie_Siann_Tsap_Ngou_Im > （居）部上平聲,179
tsṳ,京,增居切,京飯京菜,004_Tie_Siann_Tsap_Ngou_Im > （居）部上平聲,179
tsṳ,煮,增居切,調羹也,004_Tie_Siann_Tsap_Ngou_Im > （居）部上平聲,179
tsṳ̂,自,增居切,指己而言曰自豆自高自弦,004_Tie_Siann_Tsap_Ngou_Im > （居）部下平聲,184
tsẽ,籍,增佳切,記置之部曰,004_Tie_Siann_Tsap_Ngou_Im > （佳）部下上聲,327
tsẽ,書,增佳切,－簿－,004_Tie_Siann_Tsap_Ngou_Im > （佳）部下上聲,327
tsẽ,藉,增佳切,身之所依曰－又－卷又,004_Tie_Siann_Tsap_Ngou_Im > （佳）部下上聲,327
tsẽ,藻,增佳切,也助也縱也育歡也,004_Tie_Siann_Tsap_Ngou_Im > （佳）部下上聲,327
tsẽⁿ,靜,增庚切,寂無聲曰靜,004_Tie_Siann_Tsap_Ngou_Im > （庚）部下上聲,228
tsẽⁿ,軍,增庚切,軍寂軍,004_Tie_Siann_Tsap_Ngou_Im > （庚）部下上聲,228
tsẽⁿ,蟬,增庚切,安也兵靜,004_Tie_Siann_Tsap_Ngou_Im > （庚）部下上聲,228
tsẽⁿ,同,增庚切,蔺同,004_Tie_Siann_Tsap_Ngou_Im > （庚）部下上聲,228
tuah,吐,地⿴囗瓜切,吐吃吐名又狂哞曰吐,004_Tie_Siann_Tsap_Ngou_Im > （⿴囗瓜）部上入聲,242
tuah,霆,地⿴囗瓜切,大雨也,004_Tie_Siann_Tsap_Ngou_Im > （⿴囗瓜）部上入聲,242
tuan,單,地官切,家身曰單義曰單,004_Tie_Siann_Tsap_Ngou_Im > （官）部上平聲,138
tuan,又,地官切,商場單㸃之又,004_Tie_Siann_Tsap_Ngou_Im > （官）部上平聲,138
tuan,單,地官切,之單同上生理家,004_Tie_Siann_Tsap_Ngou_Im > （官）部上平聲,138
tuan,飯,地官切,用此,004_Tie_Siann_Tsap_Ngou_Im > （官）部上平聲,138
tuan,丹,地官切,名壯丹花,004_Tie_Siann_Tsap_Ngou_Im > （官）部上平聲,138
tuang,端,地光切,正也端方端嚴端正,004_Tie_Siann_Tsap_Ngou_Im > （光）部上平聲,198
tuang,備,地光切,仿代備,004_Tie_Siann_Tsap_Ngou_Im > （光）部上平聲,198
tuang,端,地光切,女子也,004_Tie_Siann_Tsap_Ngou_Im > （光）部上平聲,198
tua̍k,蜀,地光切,四川地名 也又藝支 清蜀重蜀 有為地 偶 同上 濯 足蜀洗蜀 蹴 踊蜀,004_Tie_Siann_Tsap_Ngou_Im > （光）部下入聲,211
tua̍k,追,地光切,－日－逐－超 隨,004_Tie_Siann_Tsap_Ngou_Im > （光）部下入聲,213
tue,凡,地瓜切,物之未成者,004_Tie_Siann_Tsap_Ngou_Im > （瓜）部上平聲,339
tue,曰,地瓜切,曰胎,004_Tie_Siann_Tsap_Ngou_Im > （瓜）部上平聲,339
tue,同,地瓜切,工俗寫同胎,004_Tie_Siann_Tsap_Ngou_Im > （瓜）部上平聲,339
tuih,叢,地歸切,同上又奔之巨名,004_Tie_Siann_Tsap_Ngou_Im > （歸）部上入聲,218
tuih,闗,地歸切,柴然也又服闗不堪也,004_Tie_Siann_Tsap_Ngou_Im > （歸）部上入聲,218
tuih,勝,地歸切,勝胭也,004_Tie_Siann_Tsap_Ngou_Im > （歸）部上入聲,218
tuih,廸,地歸切,頴胃也又人名鑒廸,004_Tie_Siann_Tsap_Ngou_Im > （歸）部上入聲,218
tuih,鎚,地歸切,娥錄,004_Tie_Siann_Tsap_Ngou_Im > （歸）部上入聲,218
tuih,搗,地歸切,以石搗物之音曰搗原音搗,004_Tie_Siann_Tsap_Ngou_Im > （歸）部上入聲,218
tuih,下,地歸切,奥也,004_Tie_Siann_Tsap_Ngou_Im > （歸）部上入聲,220
tuih,以,地歸切,縋懸之也,004_Tie_Siann_Tsap_Ngou_Im > （歸）部上入聲,220
tun,敦,地君切,敦厚以敬 又惇同,004_Tie_Siann_Tsap_Ngou_Im > （君）部上平聲,6
tun,墩,地君切,積土成墩,004_Tie_Siann_Tsap_Ngou_Im > （君）部上平聲,6
tun,噋,地君切,性情不爽,004_Tie_Siann_Tsap_Ngou_Im > （君）部上平聲,6
tun,燉,地君切,𤊎燉 火盛也,004_Tie_Siann_Tsap_Ngou_Im > （君）部上平聲,6
tun,諄,地君切,諄諄 囑咐也 告曉也,004_Tie_Siann_Tsap_Ngou_Im > （君）部上平聲,6
tun,鈍,地君切,器之不利 人之魯鈍,004_Tie_Siann_Tsap_Ngou_Im > （君）部上平聲,6
tun,芚,地君切,物之初生 又厚也,004_Tie_Siann_Tsap_Ngou_Im > （君）部上平聲,6
tun,堆,地君切,精也 蓄也,004_Tie_Siann_Tsap_Ngou_Im > （君）部上平聲,6
tun,忳,地君切,悶亂也,004_Tie_Siann_Tsap_Ngou_Im > （君）部上平聲,6
tun,𩞤,地君切,貪食也,004_Tie_Siann_Tsap_Ngou_Im > （君）部上平聲,6
tun,啍,地君切,啍啍 語以誨人也,004_Tie_Siann_Tsap_Ngou_Im > （君）部上平聲,6
tun,肫,地君切,肫肫 懇誠也,004_Tie_Siann_Tsap_Ngou_Im > （君）部上平聲,6
tun,惇,地君切,誠實也,004_Tie_Siann_Tsap_Ngou_Im > （君）部上平聲,6
tun,窀,地君切,窀穸 塟厚也,004_Tie_Siann_Tsap_Ngou_Im > （君）部上平聲,6
tun,暾,地君切,日始出也,004_Tie_Siann_Tsap_Ngou_Im > （君）部上平聲,6
tun,燉,地君切,燉燉 無光耀也,004_Tie_Siann_Tsap_Ngou_Im > （君）部上平聲,6
tun,鶉,地君切,鳥名 䳺鶉,004_Tie_Siann_Tsap_Ngou_Im > （君）部上平聲,6
tun,迆,地君切,也迆迆走,004_Tie_Siann_Tsap_Ngou_Im > （君）部上平聲,16
tun,炷,地君切,物曰炷以流恣,004_Tie_Siann_Tsap_Ngou_Im > （君）部上平聲,16
tun,頻,地君切,頻頻拄頻首頻足,004_Tie_Siann_Tsap_Ngou_Im > （君）部上平聲,16
tun,逼,地君切,去也逼隱也,004_Tie_Siann_Tsap_Ngou_Im > （君）部上平聲,16
tun,沌,地君切,水不通貌混沌,004_Tie_Siann_Tsap_Ngou_Im > （君）部上平聲,16
tun,邐,地君切,迆邐卦名又,004_Tie_Siann_Tsap_Ngou_Im > （君）部上平聲,16
tun,循,地君切,全通,004_Tie_Siann_Tsap_Ngou_Im > （君）部上平聲,16
tut,突,地君切,突無端而至 突燥而來,004_Tie_Siann_Tsap_Ngou_Im > （君）部上入聲,12
tuàng,寶,地光切,石也有水寶火寶共,004_Tie_Siann_Tsap_Ngou_Im > （光）部上去聲,202
tuàng,光,地光切,粉四射又光礅,004_Tie_Siann_Tsap_Ngou_Im > （光）部上去聲,202
tuân,瑄,地官切,古－開－,004_Tie_Siann_Tsap_Ngou_Im > （官）部下平聲,142
tuân,菜,地官切,－神－,004_Tie_Siann_Tsap_Ngou_Im > （官）部下平聲,142
tuâng,踏,地光切,－蹋足踐也又蹈行也,004_Tie_Siann_Tsap_Ngou_Im > （光）部下平聲,205
tuâng,廠,地光切,－蟄痕,004_Tie_Siann_Tsap_Ngou_Im > （光）部下平聲,205
tuâng,簸,地光切,－捅魚筒等入不可出,004_Tie_Siann_Tsap_Ngou_Im > （光）部下平聲,205
tuâng,般,地光切,－漢番－担不進也－師則請為玻○集遊樂也,004_Tie_Siann_Tsap_Ngou_Im > （光）部下平聲,205
tuâng,升,地光切,－彼寄斯－柒也詩－,004_Tie_Siann_Tsap_Ngou_Im > （光）部下平聲,205
tuâng,斷,地光切,折斷斷不能赴續曰斷他,004_Tie_Siann_Tsap_Ngou_Im > （光）部下平聲,207
tuâng,篆,地光切,篆篆字篆書古之字文音,004_Tie_Siann_Tsap_Ngou_Im > （光）部下平聲,207
tuâng,璩,地光切,丈主壁有曰璩,004_Tie_Siann_Tsap_Ngou_Im > （光）部下平聲,207
tuâng,彖,地光切,彖彖,004_Tie_Siann_Tsap_Ngou_Im > （光）部下平聲,207
tuān,判,地官切,官場行文日－行又－鹿判柑,004_Tie_Siann_Tsap_Ngou_Im > （官）部下去聲,144
tuāng,既,地光切,謝人所忘,004_Tie_Siann_Tsap_Ngou_Im > （光）部下去聲,209
tuāng,日,地光切,厚－,004_Tie_Siann_Tsap_Ngou_Im > （光）部下去聲,209
tuāng,繾,地光切,棉紗絲,004_Tie_Siann_Tsap_Ngou_Im > （光）部下去聲,209
tuāng,之,地光切,類,004_Tie_Siann_Tsap_Ngou_Im > （光）部下去聲,209
tuāng,躑,地光切,遠也,004_Tie_Siann_Tsap_Ngou_Im > （光）部下去聲,209
tuāng,獷,地光切,獷楚－大也,004_Tie_Siann_Tsap_Ngou_Im > （光）部下去聲,209
tuāng,又,地光切,猙獰也,004_Tie_Siann_Tsap_Ngou_Im > （光）部下去聲,209
tuāng,壮,地光切,官府富－,004_Tie_Siann_Tsap_Ngou_Im > （光）部下去聲,209
tuāng,同,地光切,矗,004_Tie_Siann_Tsap_Ngou_Im > （光）部下去聲,209
tuāng,鑕,地光切,治五金音,004_Tie_Siann_Tsap_Ngou_Im > （光）部下去聲,209
tuāng,曰,地光切,－鍊也,004_Tie_Siann_Tsap_Ngou_Im > （光）部下去聲,209
tuāng,又,地光切,曰金石之棲曰,004_Tie_Siann_Tsap_Ngou_Im > （光）部下去聲,209
tu̍t,木,地君切,白木草木各 突 木如其 仸 同上木然而至 僕 遁也唐木不 墩 灶程也 腩 牛羊肥,004_Tie_Siann_Tsap_Ngou_Im > （君）部下入聲,19
tàm,相,地甘切,相應相互相報,004_Tie_Siann_Tsap_Ngou_Im > （甘）部上去聲,333
tàm,當,地甘切,當好當適當合當,004_Tie_Siann_Tsap_Ngou_Im > （甘）部上去聲,333
tàm,跳,地甘切,也,004_Tie_Siann_Tsap_Ngou_Im > （甘）部上去聲,333
tàm,忘,地甘切,懷,004_Tie_Siann_Tsap_Ngou_Im > （甘）部上去聲,333
tàm,濕,地甘切,俗謂濕不干也濕漬不干也 彼以濕為濕用其義也,004_Tie_Siann_Tsap_Ngou_Im > （甘）部上去聲,335
tàu,菫,地高切,俗類菫,004_Tie_Siann_Tsap_Ngou_Im > （高）部上去聲,34
tàu,有,地高切,么包,004_Tie_Siann_Tsap_Ngou_Im > （高）部上去聲,34
tàu,痘,地高切,痘即臭么俗,004_Tie_Siann_Tsap_Ngou_Im > （高）部上去聲,34
tàu,有,地高切,種有之事,004_Tie_Siann_Tsap_Ngou_Im > （高）部上去聲,34
tàu,欲,地高切,問欲呷,004_Tie_Siann_Tsap_Ngou_Im > （高）部上去聲,35
tàu,茨,地高切,門夫之,004_Tie_Siann_Tsap_Ngou_Im > （高）部上去聲,35
tàu,瞇,地高切,時五日瞇,004_Tie_Siann_Tsap_Ngou_Im > （高）部上去聲,35
tàu,功,地高切,功神,004_Tie_Siann_Tsap_Ngou_Im > （高）部上去聲,35
tàu,兒,地高切,有是之,004_Tie_Siann_Tsap_Ngou_Im > （高）部上去聲,35
tàu,發,地高切,而見也也,004_Tie_Siann_Tsap_Ngou_Im > （高）部上去聲,35
tàu,及,地高切,似長,004_Tie_Siann_Tsap_Ngou_Im > （高）部上去聲,35
tâng,事,地江切,物異,004_Tie_Siann_Tsap_Ngou_Im > （江）部下平聲,254
tâng,日,地江切,相日,004_Tie_Siann_Tsap_Ngou_Im > （江）部下平聲,254
tâng,金,地江切,之次者有白,004_Tie_Siann_Tsap_Ngou_Im > （江）部下平聲,254
tâng,井,地江切,全有,004_Tie_Siann_Tsap_Ngou_Im > （江）部下平聲,254
tâng,全,地江切,有才,004_Tie_Siann_Tsap_Ngou_Im > （江）部下平聲,254
tâu,道,地高切,德－路－衢 又天下有－ 街同上聖人之－ 導 引－開 盜 賊枌利也小賊也 蹈足之－之殘也陶同 稻木也,004_Tie_Siann_Tsap_Ngou_Im > （高）部下平聲,38
tâu,蹈,地高切,同上勣也 藘薦也 翱同上大－軍前訴 叡老之稱也－ 髭髮長 壽覆慝,004_Tie_Siann_Tsap_Ngou_Im > （高）部下平聲,38
tâu,到,地高切,－奔－層,004_Tie_Siann_Tsap_Ngou_Im > （高）部下平聲,40
tâu,水,地鈎切,也,004_Tie_Siann_Tsap_Ngou_Im > （鈎）部下平聲,176
tâu,池,地鈎切,池嘗,004_Tie_Siann_Tsap_Ngou_Im > （鈎）部下平聲,176
tâu,短,地鈎切,之對,004_Tie_Siann_Tsap_Ngou_Im > （鈎）部下平聲,176
tâu,玉,地鈎切,玉廳玉公,004_Tie_Siann_Tsap_Ngou_Im > （鈎）部下平聲,176
tãng,旦,地江切,日初出時,004_Tie_Siann_Tsap_Ngou_Im > （江）部下上聲,258
tãng,日,地江切,日初 竹,004_Tie_Siann_Tsap_Ngou_Im > （江）部下上聲,258
tãng,別,地江切,名別,004_Tie_Siann_Tsap_Ngou_Im > （江）部下上聲,258
tãng,卵,地江切,雞鴨之,004_Tie_Siann_Tsap_Ngou_Im > （江）部下上聲,258
tãng,卯,地江切,曰卯,004_Tie_Siann_Tsap_Ngou_Im > （江）部下上聲,258
tãng,誕,地江切,生辰日,004_Tie_Siann_Tsap_Ngou_Im > （江）部下上聲,258
tãng,當,地江切,其當的當調,004_Tie_Siann_Tsap_Ngou_Im > （江）部下上聲,258
tãng,其,地江切,不快也,004_Tie_Siann_Tsap_Ngou_Im > （江）部下上聲,258
tãng,當,地江切,正中也,004_Tie_Siann_Tsap_Ngou_Im > （江）部下上聲,258
tãng,諳,地江切,言理中,004_Tie_Siann_Tsap_Ngou_Im > （江）部下上聲,258
tãng,擋,地江切,攔擋,004_Tie_Siann_Tsap_Ngou_Im > （江）部下上聲,258
tãng,達,地江切,通達小人下達君子上,004_Tie_Siann_Tsap_Ngou_Im > （江）部下上聲,259
tãng,毒,地江切,惡毒蜂毒蛇毒,004_Tie_Siann_Tsap_Ngou_Im > （江）部下上聲,259
tãng,鐸,地江切,鈴也木鐸大,004_Tie_Siann_Tsap_Ngou_Im > （江）部下上聲,259
tãng,值,地江切,價值即儅錢也,004_Tie_Siann_Tsap_Ngou_Im > （江）部下上聲,259
tãng,踱,地江切,跌足也,004_Tie_Siann_Tsap_Ngou_Im > （江）部下上聲,259
tè,以,地佳切,手取之曰,004_Tie_Siann_Tsap_Ngou_Im > （佳）部上去聲,325
tè,有,地佳切,星罰役駕曰,004_Tie_Siann_Tsap_Ngou_Im > （佳）部上去聲,325
tè,無,地佳切,憚也,004_Tie_Siann_Tsap_Ngou_Im > （佳）部上去聲,325
tè,升,地佳切,也舉,004_Tie_Siann_Tsap_Ngou_Im > （佳）部上去聲,325
tè,行,地佳切,船之具,004_Tie_Siann_Tsap_Ngou_Im > （佳）部上去聲,325
tè,也,地佳切,撑也,004_Tie_Siann_Tsap_Ngou_Im > （佳）部上去聲,325
tè,貧,地佳切,陋之地曰貧,004_Tie_Siann_Tsap_Ngou_Im > （佳）部上去聲,325
tè,堊,地佳切,堊填,004_Tie_Siann_Tsap_Ngou_Im > （佳）部上去聲,325
tè,怪,地佳切,訛曰怪又,004_Tie_Siann_Tsap_Ngou_Im > （佳）部上去聲,325
tèⁿ,鄭,地庚切,姓也又鄭,004_Tie_Siann_Tsap_Ngou_Im > （庚）部上去聲,225
tèⁿ,國,地庚切,國重,004_Tie_Siann_Tsap_Ngou_Im > （庚）部上去聲,225
tê,茶,地家切,香草也泡水供客焙茶茗也烹茶,004_Tie_Siann_Tsap_Ngou_Im > （家）部下平聲,26
têng,亭,地弓切,旱亭樹兩亭十長亭,004_Tie_Siann_Tsap_Ngou_Im > （弓）部下平聲,299
têng,茅,地弓切,草名茅廳,004_Tie_Siann_Tsap_Ngou_Im > （弓）部下平聲,299
têng,重,地弓切,再重復也 又也,004_Tie_Siann_Tsap_Ngou_Im > （弓）部下平聲,299
têng,亭,地弓切,旱亭樹兩亭十長亭,004_Tie_Siann_Tsap_Ngou_Im > （弓）部下平聲,299
têng,茅,地弓切,草名茅廳,004_Tie_Siann_Tsap_Ngou_Im > （弓）部下平聲,299
têng,重,地弓切,再重復也 又也,004_Tie_Siann_Tsap_Ngou_Im > （弓）部下平聲,299
tì,若,地基切,地之厚也,004_Tie_Siann_Tsap_Ngou_Im > （基）部上去聲,102
tì,戴,地基切,華嶽而不動,004_Tie_Siann_Tsap_Ngou_Im > （基）部上去聲,102
tì,始,地基切,祖曰始有人另之祖也,004_Tie_Siann_Tsap_Ngou_Im > （基）部上去聲,102
tì,攻,地基切,理也攻政攻國攻民攻,004_Tie_Siann_Tsap_Ngou_Im > （基）部上去聲,102
tì,天,地基切,下四海太平曰大天,004_Tie_Siann_Tsap_Ngou_Im > （基）部上去聲,102
tì,退,地基切,也退躡行不,004_Tie_Siann_Tsap_Ngou_Im > （基）部上去聲,102
tìn,陣,地⿴囗君切,兩軍對陣行陣列陣陳 同上排陣,004_Tie_Siann_Tsap_Ngou_Im > （⿴囗君）部上去聲,163
tî,池,地基切,以池塘畜高水魚也,004_Tie_Siann_Tsap_Ngou_Im > （基）部下平聲,105
tî,乳,地基切,理也,004_Tie_Siann_Tsap_Ngou_Im > （基）部下平聲,105
tîm,沈,地金切,況重不能浮水者曰沈,004_Tie_Siann_Tsap_Ngou_Im > （金）部下平聲,48
tîm,沈,地金切,同上沈浮沈,004_Tie_Siann_Tsap_Ngou_Im > （金）部下平聲,48
tîn,貧,地⿴囗君切,家計不足曰貧田也,004_Tie_Siann_Tsap_Ngou_Im > （⿴囗君）部下平聲,166
tîn,頻,地⿴囗君切,屢又曰頻年頻仍,004_Tie_Siann_Tsap_Ngou_Im > （⿴囗君）部下平聲,166
tîn,蘋,地⿴囗君切,水中草也蘋藻米蘋,004_Tie_Siann_Tsap_Ngou_Im > （⿴囗君）部下平聲,166
tîn,屏,地⿴囗君切,雀屏惶屏,004_Tie_Siann_Tsap_Ngou_Im > （⿴囗君）部下平聲,166
tîn,瀕,地⿴囗君切,水涯也,004_Tie_Siann_Tsap_Ngou_Im > （⿴囗君）部下平聲,166
tîn,顰,地⿴囗君切,顰東施致,004_Tie_Siann_Tsap_Ngou_Im > （⿴囗君）部下平聲,166
tîn,鎮,地⿴囗君切,天下四大鎮同上生鎮鎮武曾鎮台鎮市鎮,004_Tie_Siann_Tsap_Ngou_Im > （⿴囗君）部下平聲,169
tîn,如,地⿴囗君切,矢 如 曰 不曲曰直 且 如 道 其 如,004_Tie_Siann_Tsap_Ngou_Im > （⿴囗君）部下平聲,170
tñg,文,地扛切,十尺為文,004_Tie_Siann_Tsap_Ngou_Im > （扛）部下上聲,289
tñg,斷,地扛切,不接曰斷,004_Tie_Siann_Tsap_Ngou_Im > （扛）部下上聲,289
tñg,加,地扛切,割加,004_Tie_Siann_Tsap_Ngou_Im > （扛）部下上聲,289
tòi,殿,地雞切,王殿金殿,004_Tie_Siann_Tsap_Ngou_Im > （雞）部上去聲,56
tòi,王,地雞切,王宮王,004_Tie_Siann_Tsap_Ngou_Im > （雞）部上去聲,56
tòi,有,地雞切,五穀之實者曰有,004_Tie_Siann_Tsap_Ngou_Im > （雞）部上去聲,56
tòi,不,地雞切,實者曰不,004_Tie_Siann_Tsap_Ngou_Im > （雞）部上去聲,56
tòi,靛,地雞切,青靛藍靛,004_Tie_Siann_Tsap_Ngou_Im > （雞）部上去聲,56
tòi,以,地雞切,之染布,004_Tie_Siann_Tsap_Ngou_Im > （雞）部上去聲,56
tòi,辦,地雞切,官辦任事,004_Tie_Siann_Tsap_Ngou_Im > （雞）部上去聲,56
tòi,曰,地雞切,曰事,004_Tie_Siann_Tsap_Ngou_Im > （雞）部上去聲,56
tòi,芳,地雞切,木之賊也原音,004_Tie_Siann_Tsap_Ngou_Im > （雞）部上去聲,56
tòi,友,地雞切,用其義也,004_Tie_Siann_Tsap_Ngou_Im > （雞）部上去聲,56
tòin,音,地肩切,友即害苗之草也,004_Tie_Siann_Tsap_Ngou_Im > （肩）部上去聲,282
tòin,俗,地肩切,曰俗用其義也,004_Tie_Siann_Tsap_Ngou_Im > （肩）部上去聲,282
tòin,日,地肩切,試日事凡事之初行者,004_Tie_Siann_Tsap_Ngou_Im > （肩）部上去聲,282
tòin,已,地肩切,行曰開已,004_Tie_Siann_Tsap_Ngou_Im > （肩）部上去聲,282
tòng,篤,地公切,誠厚曰篤,004_Tie_Siann_Tsap_Ngou_Im > （公）部上去聲,67
tòng,敕,地公切,敕獲敕,004_Tie_Siann_Tsap_Ngou_Im > （公）部上去聲,67
tòng,督,地公切,督督都督,004_Tie_Siann_Tsap_Ngou_Im > （公）部上去聲,67
tòng,育,地公切,也桌也,004_Tie_Siann_Tsap_Ngou_Im > （公）部上去聲,67
tòng,斷,地公切,斤以斫之,004_Tie_Siann_Tsap_Ngou_Im > （公）部上去聲,67
tòng,築,地公切,作也拾也搗,004_Tie_Siann_Tsap_Ngou_Im > （公）部上去聲,67
tòng,筑,地公切,竹樂器,004_Tie_Siann_Tsap_Ngou_Im > （公）部上去聲,67
tòng,裂,地公切,斬衣也,004_Tie_Siann_Tsap_Ngou_Im > （公）部上去聲,67
tòu,量,地姑切,量法,004_Tie_Siann_Tsap_Ngou_Im > （姑）部上去聲,80
tòu,制,地姑切,也,004_Tie_Siann_Tsap_Ngou_Im > （姑）部上去聲,80
tòu,船,地姑切,為船也,004_Tie_Siann_Tsap_Ngou_Im > （姑）部上去聲,80
tòu,器,地姑切,也,004_Tie_Siann_Tsap_Ngou_Im > （姑）部上去聲,80
tói,底,地雞切,問也到,004_Tie_Siann_Tsap_Ngou_Im > （雞）部上上聲,55
tói,有,地雞切,有船有,004_Tie_Siann_Tsap_Ngou_Im > （雞）部上上聲,55
tô,在,地歌切,無他住則曰在,004_Tie_Siann_Tsap_Ngou_Im > （歌）部下平聲,194
tô,情,地歌切,不務事業情,004_Tie_Siann_Tsap_Ngou_Im > （歌）部下平聲,194
tô,木,地歌切,好閒曰木,004_Tie_Siann_Tsap_Ngou_Im > （歌）部下平聲,194
tô,朵,地歌切,朵雲朵花,004_Tie_Siann_Tsap_Ngou_Im > （歌）部下平聲,194
tô,成,地歌切,片成成,004_Tie_Siann_Tsap_Ngou_Im > （歌）部下平聲,194
tô,妤,地歌切,好美,004_Tie_Siann_Tsap_Ngou_Im > （歌）部下平聲,194
tô,好,地歌切,之,004_Tie_Siann_Tsap_Ngou_Im > （歌）部下平聲,194
tôi,棟,地雞切,也棟棟棟式,004_Tie_Siann_Tsap_Ngou_Im > （雞）部下平聲,58
tôi,獸,地雞切,類之脚,004_Tie_Siann_Tsap_Ngou_Im > （雞）部下平聲,58
tôi,下,地雞切,有下,004_Tie_Siann_Tsap_Ngou_Im > （雞）部下平聲,58
tôi,獸,地雞切,屬之甲,004_Tie_Siann_Tsap_Ngou_Im > （雞）部下平聲,58
tôi,曰,地雞切,曰全上,004_Tie_Siann_Tsap_Ngou_Im > （雞）部下平聲,58
tôi,佃,地雞切,耕田萬祖宥曰田佃田佃居佃,004_Tie_Siann_Tsap_Ngou_Im > （雞）部下平聲,59
tôi,第,地雞切,宅第次第但也頃也第也,004_Tie_Siann_Tsap_Ngou_Im > （雞）部下平聲,59
tôi,第,地雞切,複姓不第氏,004_Tie_Siann_Tsap_Ngou_Im > （雞）部下平聲,59
tõng,重,地公切,廠力也,004_Tie_Siann_Tsap_Ngou_Im > （公）部下上聲,72
tõng,動,地公切,橇－震－風－,004_Tie_Siann_Tsap_Ngou_Im > （公）部下上聲,72
tõng,嚲,地公切,多言也,004_Tie_Siann_Tsap_Ngou_Im > （公）部下上聲,72
tõng,仲,地公切,伯－季,004_Tie_Siann_Tsap_Ngou_Im > （公）部下上聲,72
tõng,井,地公切,井下石於井聲也,004_Tie_Siann_Tsap_Ngou_Im > （公）部下上聲,72
tún,盾,地君切,干也 戈也 又盾矛,004_Tie_Siann_Tsap_Ngou_Im > （君）部上上聲,8
tún,楯,地君切,木名 又欄檻也,004_Tie_Siann_Tsap_Ngou_Im > （君）部上上聲,8
tún,腯,地君切,肥腯 充滿貌,004_Tie_Siann_Tsap_Ngou_Im > （君）部上上聲,8
tû,樹,地龜切,衣樹食樹樹,004_Tie_Siann_Tsap_Ngou_Im > （龜）部下平聲,313
tû,蹦,地龜切,迦蹦行不,004_Tie_Siann_Tsap_Ngou_Im > （龜）部下平聲,313
tûe,罨,地瓜切,大罨棉罨褲大罨,004_Tie_Siann_Tsap_Ngou_Im > （瓜）部下平聲,344
tûe,坡,地瓜切,被,004_Tie_Siann_Tsap_Ngou_Im > （瓜）部下平聲,344
tāi,傻,地皆切,頂傻愚傻,004_Tie_Siann_Tsap_Ngou_Im > （皆）部下去聲,153
tāi,秦,地皆切,秦,004_Tie_Siann_Tsap_Ngou_Im > （皆）部下去聲,153
tāi,以,地皆切,物假人曰以,004_Tie_Siann_Tsap_Ngou_Im > （皆）部下去聲,153
tāi,出,地皆切,出交出,004_Tie_Siann_Tsap_Ngou_Im > （皆）部下去聲,153
tāi,地,地皆切,名,004_Tie_Siann_Tsap_Ngou_Im > （皆）部下去聲,153
tāi,寬,地皆切,赦也又,004_Tie_Siann_Tsap_Ngou_Im > （皆）部下去聲,153
tāi,龜,地皆切,有皕瑁似,004_Tie_Siann_Tsap_Ngou_Im > （皆）部下去聲,153
tāi,也,地皆切,土堰水,004_Tie_Siann_Tsap_Ngou_Im > （皆）部下去聲,153
tān,咀,地柑切,曰咀話,004_Tie_Siann_Tsap_Ngou_Im > （柑）部下去聲,321
tān,担,地柑切,百斤成担兩頭,004_Tie_Siann_Tsap_Ngou_Im > （柑）部下去聲,321
tān,亦,地柑切,成亦土音,004_Tie_Siann_Tsap_Ngou_Im > （柑）部下去聲,321
tān,四,地柑切,字之外其餘空音不錄,004_Tie_Siann_Tsap_Ngou_Im > （柑）部下去聲,321
tān,怕,地柑切,畏也俱也聽也,004_Tie_Siann_Tsap_Ngou_Im > （柑）部下去聲,321
tān,皆,地柑切,廣有所皆,004_Tie_Siann_Tsap_Ngou_Im > （柑）部下去聲,321
tān,布,地柑切,不實曰布,004_Tie_Siann_Tsap_Ngou_Im > （柑）部下去聲,321
tān,谷,地柑切,谷空谷,004_Tie_Siann_Tsap_Ngou_Im > （柑）部下去聲,321
tē,濾,地家切,凡物去汁曰濾,004_Tie_Siann_Tsap_Ngou_Im > （家）部下去聲,28
tē,成,地家切,取汁去柘也,004_Tie_Siann_Tsap_Ngou_Im > （家）部下去聲,28
tē,帕,地家切,布帕罩,004_Tie_Siann_Tsap_Ngou_Im > （家）部下去聲,28
tē,手,地家切,手巾也,004_Tie_Siann_Tsap_Ngou_Im > （家）部下去聲,28
tēng,船,地弓切,船有桅,004_Tie_Siann_Tsap_Ngou_Im > （弓）部下去聲,303
tēng,鐵,地弓切,鐵,004_Tie_Siann_Tsap_Ngou_Im > （弓）部下去聲,303
tēng,高,地弓切,高連元,004_Tie_Siann_Tsap_Ngou_Im > （弓）部下去聲,303
tēng,春,地弓切,春兒,004_Tie_Siann_Tsap_Ngou_Im > （弓）部下去聲,303
tēng,柯,地弓切,也,004_Tie_Siann_Tsap_Ngou_Im > （弓）部下去聲,303
tēng,石,地弓切,石,004_Tie_Siann_Tsap_Ngou_Im > （弓）部下去聲,303
tēng,皆,地弓切,皆,004_Tie_Siann_Tsap_Ngou_Im > （弓）部下去聲,303
tī,帝,地基切,君之大者曰帝皇帝,004_Tie_Siann_Tsap_Ngou_Im > （基）部下去聲,111
tī,智,地基切,深謀遠應曰智智嘗知格智,004_Tie_Siann_Tsap_Ngou_Im > （基）部下去聲,111
tī,致,地基切,推桩也致,004_Tie_Siann_Tsap_Ngou_Im > （基）部下去聲,111
tī,敫,地基切,會物也,004_Tie_Siann_Tsap_Ngou_Im > （基）部下去聲,111
tī,寘,地基切,寘劍寘同置,004_Tie_Siann_Tsap_Ngou_Im > （基）部下去聲,111
tī,置,地基切,同上又舍之也,004_Tie_Siann_Tsap_Ngou_Im > （基）部下去聲,111
tī,緻,地基切,補也縫,004_Tie_Siann_Tsap_Ngou_Im > （基）部下去聲,111
tīm,覘,地金切,私視也,004_Tie_Siann_Tsap_Ngou_Im > （金）部下去聲,51
tīm,覘,地金切,同上,004_Tie_Siann_Tsap_Ngou_Im > （金）部下去聲,51
tō,姓,地歌切,也,004_Tie_Siann_Tsap_Ngou_Im > （歌）部下去聲,195
tō,又,地歌切,掃地則日掃又,004_Tie_Siann_Tsap_Ngou_Im > （歌）部下去聲,195
tō,說,地歌切,文何說俗日治說,004_Tie_Siann_Tsap_Ngou_Im > （歌）部下去聲,195
tōi,質,地雞切,潮厝質以己仕人曰質以力以物質有質,004_Tie_Siann_Tsap_Ngou_Im > （雞）部下去聲,60
tōng,棟,地公切,大,004_Tie_Siann_Tsap_Ngou_Im > （公）部下去聲,73
tōng,蜺,地公切,蜺虹,004_Tie_Siann_Tsap_Ngou_Im > （公）部下去聲,73
tōng,傷,地公切,惡氣所,004_Tie_Siann_Tsap_Ngou_Im > （公）部下去聲,73
tōng,曰,地公切,曰,004_Tie_Siann_Tsap_Ngou_Im > （公）部下去聲,73
tū,著,地龜切,作著述著名,004_Tie_Siann_Tsap_Ngou_Im > （龜）部下去聲,318
tū,借,地龜切,同上,004_Tie_Siann_Tsap_Ngou_Im > （龜）部下去聲,318
tū,數,地龜切,敗也,004_Tie_Siann_Tsap_Ngou_Im > （龜）部下去聲,318
tūa,帶,地⿴囗瓜切,不完之物曰帶,004_Tie_Siann_Tsap_Ngou_Im > （⿴囗瓜）部下去聲,244
tūa,又,地⿴囗瓜切,連彼曰又 雕又,004_Tie_Siann_Tsap_Ngou_Im > （⿴囗瓜）部下去聲,244
tūa,帶,地⿴囗瓜切,同上,004_Tie_Siann_Tsap_Ngou_Im > （⿴囗瓜）部下去聲,244
tūa,癢,地⿴囗瓜切,婦人赤白,004_Tie_Siann_Tsap_Ngou_Im > （⿴囗瓜）部下去聲,244
tūa,之,地⿴囗瓜切,病也,004_Tie_Siann_Tsap_Ngou_Im > （⿴囗瓜）部下去聲,244
tūa,東,地⿴囗瓜切,東震方也甲乙居東店東,004_Tie_Siann_Tsap_Ngou_Im > （⿴囗瓜）部下去聲,246
tūa,丹,地⿴囗瓜切,丹煉丹仙丹紅丹片丹又,004_Tie_Siann_Tsap_Ngou_Im > （⿴囗瓜）部下去聲,246
tūa,冬,地⿴囗瓜切,四季之末三冬歲冬,004_Tie_Siann_Tsap_Ngou_Im > （⿴囗瓜）部下去聲,246
tūa,單,地⿴囗瓜切,孤訖曰單薄也,004_Tie_Siann_Tsap_Ngou_Im > （⿴囗瓜）部下去聲,246
tūa,瑞,地⿴囗瓜切,丁瑞王瑞聲也,004_Tie_Siann_Tsap_Ngou_Im > （⿴囗瓜）部下去聲,246
tūa,單,地⿴囗瓜切,器也鹽眼,004_Tie_Siann_Tsap_Ngou_Im > （⿴囗瓜）部下去聲,246
tūa,簫,地⿴囗瓜切,貫竹之名也,004_Tie_Siann_Tsap_Ngou_Im > （⿴囗瓜）部下去聲,246
tūi,對,地歸切,對曰成對四偶曰,004_Tie_Siann_Tsap_Ngou_Im > （歸）部下去聲,222
tūi,之,地歸切,自動曰水之,004_Tie_Siann_Tsap_Ngou_Im > （歸）部下去聲,222
tūn,引,地君切,也,004_Tie_Siann_Tsap_Ngou_Im > （君）部下去聲,17
tūn,牛,地君切,草,004_Tie_Siann_Tsap_Ngou_Im > （君）部下去聲,17
tṳ,又,地居切,之子曰又,004_Tie_Siann_Tsap_Ngou_Im > （居）部上平聲,177
tṳ,又,地居切,野又山又,004_Tie_Siann_Tsap_Ngou_Im > （居）部上平聲,177
tṳ,豬,地居切,同上,004_Tie_Siann_Tsap_Ngou_Im > （居）部上平聲,177
tṳ̀,筋,地居切,飯具也牙筋銀筋竹筋白玉筋著同上又泆,004_Tie_Siann_Tsap_Ngou_Im > （居）部上去聲,180
tṳ̂,除,地居切,自加而戓之又庭除篠 竹席也,004_Tie_Siann_Tsap_Ngou_Im > （居）部下平聲,181
tṳ̂,坡,地居切,他 鋤 農事也除草曰坡用其義也,004_Tie_Siann_Tsap_Ngou_Im > （居）部下平聲,182
tṳ̂,茗,地居切,同上地瓜曰苗茗,004_Tie_Siann_Tsap_Ngou_Im > （居）部下平聲,182
tṳ̂,俰,地居切,衆多也,004_Tie_Siann_Tsap_Ngou_Im > （居）部下平聲,182
tṳ̂,輜,地居切,出租曰駕輜,004_Tie_Siann_Tsap_Ngou_Im > （居）部下平聲,182
tṳ̂,祠,地居切,廟也文祠祖祠祭也,004_Tie_Siann_Tsap_Ngou_Im > （居）部下平聲,182
tṳ̂,嗣,地居切,繼也庇也立嗣過嗣,004_Tie_Siann_Tsap_Ngou_Im > （居）部下平聲,182
tṳ̂,辭,地居切,與詞同訖辭文辭,004_Tie_Siann_Tsap_Ngou_Im > （居）部下平聲,182
tṳ̂,子,地居切,同上人,004_Tie_Siann_Tsap_Ngou_Im > （居）部下平聲,182
tṳ̂,畛,地居切,治田三歲曰畛,004_Tie_Siann_Tsap_Ngou_Im > （居）部下平聲,182
tṳ̂,餘,地居切,額滿之外曰餘既足三餘晴餘日餘不遑餘力,004_Tie_Siann_Tsap_Ngou_Im > （居）部下平聲,182
tṳ̂,輿,地居切,車箱曰輿又肩輿篷輿乗輿搭輿,004_Tie_Siann_Tsap_Ngou_Im > （居）部下平聲,182
tẽ,下,地家切,低也 上下高,004_Tie_Siann_Tsap_Ngou_Im > （家）部下上聲,27
tẽng,地,地弓切,名又,004_Tie_Siann_Tsap_Ngou_Im > （弓）部下上聲,301
tẽng,增,地弓切,增失勢也,004_Tie_Siann_Tsap_Ngou_Im > （弓）部下上聲,301
tẽng,坡,地弓切,遣人市中賣物 祭子曰瀌坡,004_Tie_Siann_Tsap_Ngou_Im > （弓）部下上聲,302
tẽng,他,地弓切,待 原音上聲俗以用其義也 曰他,004_Tie_Siann_Tsap_Ngou_Im > （弓）部下上聲,302
tẽng,增,地弓切,浄 魚雜曰增 千增潔增 靖 安定曰增平增又共議也治也 婧 貞增女 静 敦正也止,004_Tie_Siann_Tsap_Ngou_Im > （弓）部下上聲,302
tẽng,入,地弓切,孕 有胎曰入育 膝 從矮之 膰 又物而加以物曰入遞物而有餘曰入 婧 也貞入女 静 敦正也止,004_Tie_Siann_Tsap_Ngou_Im > （弓）部下上聲,302
tẽng,時,地弓切,盛 凡合時之物曰時又如草木之茂時 乘 傑也駕也如車馬之千時萬時 輦 副車也 晟 日光完時也又爛也,004_Tie_Siann_Tsap_Ngou_Im > （弓）部下上聲,302
tẽⁿ,握,地庚切,音度俗用手撮物,004_Tie_Siann_Tsap_Ngou_Im > （庚）部下上聲,228
tẽⁿ,日,地庚切,日況日用其義也,004_Tie_Siann_Tsap_Ngou_Im > （庚）部下上聲,228
u,于,英龜切,姓也于同於于又,004_Tie_Siann_Tsap_Ngou_Im > （龜）部上平聲,308
u,芋,英龜切,芋頭芋藤蔓芋似,004_Tie_Siann_Tsap_Ngou_Im > （龜）部上平聲,308
u,雪,英龜切,求雨之雪聚也,004_Tie_Siann_Tsap_Ngou_Im > （龜）部上平聲,308
u,坏,英龜切,水也坏坏以朸,004_Tie_Siann_Tsap_Ngou_Im > （龜）部上平聲,308
u,呼,英龜切,相呼同呼呼轉替也呼招呼,004_Tie_Siann_Tsap_Ngou_Im > （龜）部上平聲,308
u,肝,英龜切,也肝張目望也,004_Tie_Siann_Tsap_Ngou_Im > （龜）部上平聲,308
u,嗥,英龜切,大聲嗥,004_Tie_Siann_Tsap_Ngou_Im > （龜）部上平聲,308
u,謗,英龜切,妄言也,004_Tie_Siann_Tsap_Ngou_Im > （龜）部上平聲,308
u,嗚,英龜切,歎辨,004_Tie_Siann_Tsap_Ngou_Im > （龜）部上平聲,308
u,污,英龜切,污水不行也污又污機澗污,004_Tie_Siann_Tsap_Ngou_Im > （龜）部上平聲,308
u,朽,英龜切,塗朽朽作,004_Tie_Siann_Tsap_Ngou_Im > （龜）部上平聲,308
uah,抹,英⿴囗瓜切,抹空抹儲抹券,004_Tie_Siann_Tsap_Ngou_Im > （⿴囗瓜）部上入聲,242
uak,子,英光切,－－言也,004_Tie_Siann_Tsap_Ngou_Im > （光）部上入聲,204
uak,昔,英光切,人之言曰－如孔,004_Tie_Siann_Tsap_Ngou_Im > （光）部上入聲,204
uak,遠,英光切,也轉也柄也,004_Tie_Siann_Tsap_Ngou_Im > （光）部上入聲,204
uak,曲,英光切,也如手,004_Tie_Siann_Tsap_Ngou_Im > （光）部上入聲,204
uan,安,英官切,曰－極平居無事者,004_Tie_Siann_Tsap_Ngou_Im > （官）部上平聲,139
uan,戟,英官切,馬－金,004_Tie_Siann_Tsap_Ngou_Im > （官）部上平聲,139
uang,汪,英光切,汪洋又佰間汪水深廣大也,004_Tie_Siann_Tsap_Ngou_Im > （光）部上平聲,199
uang,淵,英光切,水深也如淵臨深淵,004_Tie_Siann_Tsap_Ngou_Im > （光）部上平聲,199
uang,囫,英光切,同淵,004_Tie_Siann_Tsap_Ngou_Im > （光）部上平聲,199
uang,媧,英光切,親也,004_Tie_Siann_Tsap_Ngou_Im > （光）部上平聲,199
ua̍k,劃,英光切,刀砍聲 潰 烹煮也,004_Tie_Siann_Tsap_Ngou_Im > （光）部下入聲,211
ua̍k,綾,英光切,糸冠緩也 茭香草 綾喪服,004_Tie_Siann_Tsap_Ngou_Im > （光）部下入聲,213
ue,鎔,英瓜切,用以煮物食也 生鎔鎔鎔鉄鎔,004_Tie_Siann_Tsap_Ngou_Im > （瓜）部上平聲,340
ueh,噫,英瓜切,氣道上也噫,004_Tie_Siann_Tsap_Ngou_Im > （瓜）部上入聲,342
uih,圍,英歸切,環也周也合圍又口合為 行圍統圍因嫣 姓也 與母圍而相見蓮 相背曰圍久圍相圍幛 別內外也又幛同闈 庭圍宮中小門也,004_Tie_Siann_Tsap_Ngou_Im > （歸）部上入聲,219
uih,陲,英歸切,危也邊界燧 金陲木陲皆可取大隧 地道也左傳鄭莊公穗 殘也,004_Tie_Siann_Tsap_Ngou_Im > （歸）部上入聲,219
uih,遂,英歸切,兒事成茲隨 從而不遠曰遂年遂行唱遂垂 在上慈下曰遂約遂 輪君子創業遂統遂情 前國雖有遂珠倩 重也又,004_Tie_Siann_Tsap_Ngou_Im > （歸）部上入聲,219
un,温,英君切,和順也 柔也 煖也,004_Tie_Siann_Tsap_Ngou_Im > （君）部上平聲,7
un,昷,英君切,和也 仁也,004_Tie_Siann_Tsap_Ngou_Im > （君）部上平聲,7
un,瘟,英君切,瘟疫 不正之氣,004_Tie_Siann_Tsap_Ngou_Im > （君）部上平聲,7
un,煴,英君切,煖也 耎也,004_Tie_Siann_Tsap_Ngou_Im > （君）部上平聲,7
un,㬈,英君切,日短也,004_Tie_Siann_Tsap_Ngou_Im > （君）部上平聲,7
un,媪,英君切,老婦也,004_Tie_Siann_Tsap_Ngou_Im > （君）部上平聲,7
un,緼,英君切,網也 紼也 亂也,004_Tie_Siann_Tsap_Ngou_Im > （君）部上平聲,7
un,氲,英君切,天氣也 氤氲,004_Tie_Siann_Tsap_Ngou_Im > （君）部上平聲,7
un,鞰,英君切,靴不潔,004_Tie_Siann_Tsap_Ngou_Im > （君）部上平聲,7
un,醖,英君切,釀酒也,004_Tie_Siann_Tsap_Ngou_Im > （君）部上平聲,7
un,鰛,英君切,似馬駮,004_Tie_Siann_Tsap_Ngou_Im > （君）部上平聲,7
un,豱,英君切,豬短頭皮理腠蹙者曰豱,004_Tie_Siann_Tsap_Ngou_Im > （君）部上平聲,7
un,慍,英君切,志也不悅曰慍,004_Tie_Siann_Tsap_Ngou_Im > （君）部上平聲,16
ut,鷥,英君切,鷥不潯 伸也 結也,004_Tie_Siann_Tsap_Ngou_Im > （君）部上入聲,12
ut,鸝,英君切,積也 渻 全上,004_Tie_Siann_Tsap_Ngou_Im > （君）部上入聲,12
uân,換,英官切,貿易也物易換,004_Tie_Siann_Tsap_Ngou_Im > （官）部下平聲,141
uân,物,英官切,共相物,004_Tie_Siann_Tsap_Ngou_Im > （官）部下平聲,141
uâng,橡,英光切,－庄稻棟也,004_Tie_Siann_Tsap_Ngou_Im > （光）部下平聲,205
uâng,猿,英光切,－又獲全,004_Tie_Siann_Tsap_Ngou_Im > （光）部下平聲,205
uâng,員,英光切,－伍員人,004_Tie_Siann_Tsap_Ngou_Im > （光）部下平聲,205
uâng,轅,英光切,－以車為户也曰門車術也,004_Tie_Siann_Tsap_Ngou_Im > （光）部下平聲,205
uâng,鮭,英光切,－魚名,004_Tie_Siann_Tsap_Ngou_Im > （光）部下平聲,205
uâng,緣,英光切,－因－寅－葉－故又衣之連節曰－,004_Tie_Siann_Tsap_Ngou_Im > （光）部下平聲,205
uâng,明,英光切,也美光也,004_Tie_Siann_Tsap_Ngou_Im > （光）部下平聲,208
uâng,兵,英光切,兵相,004_Tie_Siann_Tsap_Ngou_Im > （光）部下平聲,208
uã,婦,英⿴囗瓜切,女叶猪之聲,004_Tie_Siann_Tsap_Ngou_Im > （⿴囗瓜）部下上聲,243
uè,話,英瓜切,書語曰話好話甜話畫繪話圖話字話名話又話又話華畫同上,004_Tie_Siann_Tsap_Ngou_Im > （瓜）部上去聲,341
uê,衛,英瓜切,輔身曰衛氣礼衛輔身也又衛國努力曰衛方待衛衛生,004_Tie_Siann_Tsap_Ngou_Im > （瓜）部下平聲,344
uā,活,英⿴囗瓜切,則萬物生－,004_Tie_Siann_Tsap_Ngou_Im > （⿴囗瓜）部下去聲,245
uā,安,英⿴囗瓜切,地名安安平安康又 俟 宴也,004_Tie_Siann_Tsap_Ngou_Im > （⿴囗瓜）部下去聲,247
uān,晏,英官切,日上時已三竿乃云,004_Tie_Siann_Tsap_Ngou_Im > （官）部下去聲,145
uān,案,英官切,案公案書案香案腊案件案前,004_Tie_Siann_Tsap_Ngou_Im > （官）部下去聲,145
uāng,怨,英光切,怨恨多怨婦人夫壻不,004_Tie_Siann_Tsap_Ngou_Im > （光）部下去聲,210
uāng,在,英光切,家則有閑在,004_Tie_Siann_Tsap_Ngou_Im > （光）部下去聲,210
uē,尉,英瓜切,從上疾下也 官名太 延 又 小雅以 安 勞 心,004_Tie_Siann_Tsap_Ngou_Im > （瓜）部下去聲,346
uē,蔚,英瓜切,咸也 草木茂,004_Tie_Siann_Tsap_Ngou_Im > （瓜）部下去聲,346
uē,歲,英瓜切,也 黃草,004_Tie_Siann_Tsap_Ngou_Im > （瓜）部下去聲,346
uē,翿,英瓜切,鳥飛散,004_Tie_Siann_Tsap_Ngou_Im > （瓜）部下去聲,346
uē,懈,英瓜切,安 心,004_Tie_Siann_Tsap_Ngou_Im > （瓜）部下去聲,346
uē,藏,英瓜切,水多也,004_Tie_Siann_Tsap_Ngou_Im > （瓜）部下去聲,346
uē,穢,英瓜切,不潔之物也 污 又荒草也,004_Tie_Siann_Tsap_Ngou_Im > （瓜）部下去聲,346
uē,斃,英瓜切,大 封之貼之又 昂也,004_Tie_Siann_Tsap_Ngou_Im > （瓜）部下去聲,346
uē,稅,英瓜切,取諸商安者 過 納,004_Tie_Siann_Tsap_Ngou_Im > （瓜）部下去聲,346
uē,帆,英瓜切,女子之 帨巾也,004_Tie_Siann_Tsap_Ngou_Im > （瓜）部下去聲,346
uē,蛇,英瓜切,蛇蟬之 衣也,004_Tie_Siann_Tsap_Ngou_Im > （瓜）部下去聲,346
uē,帥,英瓜切,軍中之主也 主 元,004_Tie_Siann_Tsap_Ngou_Im > （瓜）部下去聲,346
uē,畫,英瓜切,者曰 字 界 事之畫體而行 开限也,004_Tie_Siann_Tsap_Ngou_Im > （瓜）部下去聲,346
u̍t,卧,英君切,俗曰卧雌也,004_Tie_Siann_Tsap_Ngou_Im > （君）部下入聲,20
u̍t,用,英君切,其義也,004_Tie_Siann_Tsap_Ngou_Im > （君）部下入聲,20
àm,押,英甘切,當－小－,004_Tie_Siann_Tsap_Ngou_Im > （甘）部上去聲,334
àm,找,英甘切,－,004_Tie_Siann_Tsap_Ngou_Im > （甘）部上去聲,334
âi,媛,英皆切,俗媛字,004_Tie_Siann_Tsap_Ngou_Im > （皆）部下平聲,150
âi,用,英皆切,此,004_Tie_Siann_Tsap_Ngou_Im > （皆）部下平聲,150
âng,紅,英江切,兩色也紅紫青紅,004_Tie_Siann_Tsap_Ngou_Im > （江）部下平聲,255
âng,洪,英江切,即大也洪大也洪水,004_Tie_Siann_Tsap_Ngou_Im > （江）部下平聲,255
ãng,昊,英江切,乾也,004_Tie_Siann_Tsap_Ngou_Im > （江）部下上聲,259
ãng,飲,英江切,飲賜飲,004_Tie_Siann_Tsap_Ngou_Im > （江）部下上聲,259
ãng,正,英江切,音,004_Tie_Siann_Tsap_Ngou_Im > （江）部下上聲,259
ãng,覲,英江切,如覲大覲,004_Tie_Siann_Tsap_Ngou_Im > （江）部下上聲,259
ãng,蠶,英江切,同覲,004_Tie_Siann_Tsap_Ngou_Im > （江）部下上聲,259
è,耶,英家切,語潮庭下 俗二下耶耶 句句之意,004_Tie_Siann_Tsap_Ngou_Im > （家）部上去聲,23
è,挪,英家切,美之榆悔意,004_Tie_Siann_Tsap_Ngou_Im > （家）部上去聲,23
è,以,英佳切,上,004_Tie_Siann_Tsap_Ngou_Im > （佳）部上去聲,324
è,同,英佳切,野,004_Tie_Siann_Tsap_Ngou_Im > （佳）部上去聲,324
è,益,英佳切,增－友有二加－教－,004_Tie_Siann_Tsap_Ngou_Im > （佳）部上去聲,326
ê,摳,英家切,樓上樓也,004_Tie_Siann_Tsap_Ngou_Im > （家）部下平聲,26
ê,爺,英佳切,老－少 爺 同上 椰 －松 呀 嘆詞,004_Tie_Siann_Tsap_Ngou_Im > （佳）部下平聲,326
êng,熒,英弓切,火,004_Tie_Siann_Tsap_Ngou_Im > （弓）部下平聲,300
êng,光,英弓切,也,004_Tie_Siann_Tsap_Ngou_Im > （弓）部下平聲,300
êng,先,英弓切,出也,004_Tie_Siann_Tsap_Ngou_Im > （弓）部下平聲,300
êng,物,英弓切,有,004_Tie_Siann_Tsap_Ngou_Im > （弓）部下平聲,300
ì,臺,英基切,臺石,004_Tie_Siann_Tsap_Ngou_Im > （基）部上去聲,102
ì,老,英基切,坑老,004_Tie_Siann_Tsap_Ngou_Im > （基）部上去聲,102
ì,同,英基切,上,004_Tie_Siann_Tsap_Ngou_Im > （基）部上去聲,102
ì,古,英基切,硯字,004_Tie_Siann_Tsap_Ngou_Im > （基）部上去聲,102
ì,政,英基切,政學政諫政,004_Tie_Siann_Tsap_Ngou_Im > （基）部上去聲,102
ì,考,英基切,考醫考,004_Tie_Siann_Tsap_Ngou_Im > （基）部上去聲,102
ìn,章,英⿴囗君切,如栽生則有－又如杉，截斷則有－又日－月－,004_Tie_Siann_Tsap_Ngou_Im > （⿴囗君）部上去聲,164
î,如,英基切,韭菜取其芽 曰如芋俗語,004_Tie_Siann_Tsap_Ngou_Im > （基）部下平聲,104
î,餡,英基切,糖,004_Tie_Siann_Tsap_Ngou_Im > （基）部下平聲,106
î,謂,英基切,謂糖俗,004_Tie_Siann_Tsap_Ngou_Im > （基）部下平聲,106
î,貽,英基切,視,004_Tie_Siann_Tsap_Ngou_Im > （基）部下平聲,106
î,也,英基切,視不移,004_Tie_Siann_Tsap_Ngou_Im > （基）部下平聲,106
î,誃,英基切,得,004_Tie_Siann_Tsap_Ngou_Im > （基）部下平聲,106
î,得,英基切,得得自,004_Tie_Siann_Tsap_Ngou_Im > （基）部下平聲,106
î,畦,英基切,田,004_Tie_Siann_Tsap_Ngou_Im > （基）部下平聲,106
î,畦,英基切,五十,004_Tie_Siann_Tsap_Ngou_Im > （基）部下平聲,106
î,畝,英基切,曰畝,004_Tie_Siann_Tsap_Ngou_Im > （基）部下平聲,106
î,匭,英基切,盥,004_Tie_Siann_Tsap_Ngou_Im > （基）部下平聲,106
î,也,英基切,盥水淨,004_Tie_Siann_Tsap_Ngou_Im > （基）部下平聲,106
î,梳,英基切,衣,004_Tie_Siann_Tsap_Ngou_Im > （基）部下平聲,106
î,也,英基切,衣架,004_Tie_Siann_Tsap_Ngou_Im > （基）部下平聲,106
î,舞,英基切,又,004_Tie_Siann_Tsap_Ngou_Im > （基）部下平聲,106
î,又,英基切,溺又地,004_Tie_Siann_Tsap_Ngou_Im > （基）部下平聲,106
î,名,英基切,武名蓋,004_Tie_Siann_Tsap_Ngou_Im > （基）部下平聲,106
î,傷,英基切,輕,004_Tie_Siann_Tsap_Ngou_Im > （基）部下平聲,106
î,也,英基切,輕也慢,004_Tie_Siann_Tsap_Ngou_Im > （基）部下平聲,106
î,官,英基切,養,004_Tie_Siann_Tsap_Ngou_Im > （基）部下平聲,106
î,食,英基切,也養也,004_Tie_Siann_Tsap_Ngou_Im > （基）部下平聲,106
î,又,英基切,所,004_Tie_Siann_Tsap_Ngou_Im > （基）部下平聲,106
î,庐,英基切,也,004_Tie_Siann_Tsap_Ngou_Im > （基）部下平聲,106
î,也,英基切,滿也酒,004_Tie_Siann_Tsap_Ngou_Im > （基）部下平聲,106
î,器,英基切,又庐全,004_Tie_Siann_Tsap_Ngou_Im > （基）部下平聲,106
î,怡,英基切,悦,004_Tie_Siann_Tsap_Ngou_Im > （基）部下平聲,106
î,悦,英基切,也悦和,004_Tie_Siann_Tsap_Ngou_Im > （基）部下平聲,106
î,枯,英基切,也,004_Tie_Siann_Tsap_Ngou_Im > （基）部下平聲,106
î,也,英基切,末端木,004_Tie_Siann_Tsap_Ngou_Im > （基）部下平聲,106
î,貽,英基切,贈,004_Tie_Siann_Tsap_Ngou_Im > （基）部下平聲,106
î,也,英基切,贈也通,004_Tie_Siann_Tsap_Ngou_Im > （基）部下平聲,106
î,詁,英基切,欺,004_Tie_Siann_Tsap_Ngou_Im > （基）部下平聲,106
î,欺,英基切,也遁也,004_Tie_Siann_Tsap_Ngou_Im > （基）部下平聲,106
î,員,英基切,員 圓 員月 同上如球 丸 彈員粉 員著員 扤 搯也東楚 弛 弓去其弦也又釋也 㧻 南賓 棉 木員棻 花員祇花 迷 宙也 員達員渾 糜 粥也 廢 員鹿獸 廢 又棄也 牛嘗也 蔡 茶員花 涓 洲名 水逝也又,004_Tie_Siann_Tsap_Ngou_Im > （基）部下平聲,107
î,郁,英基切,縣名,004_Tie_Siann_Tsap_Ngou_Im > （基）部下平聲,107
îm,淫,英金切,含淫猶人,004_Tie_Siann_Tsap_Ngou_Im > （金）部下平聲,49
îm,之,英金切,病,004_Tie_Siann_Tsap_Ngou_Im > （金）部下平聲,49
îm,霪,英金切,綿也,004_Tie_Siann_Tsap_Ngou_Im > （金）部下平聲,49
îm,兩,英金切,逆,004_Tie_Siann_Tsap_Ngou_Im > （金）部下平聲,49
îm,婬,英金切,私逆也,004_Tie_Siann_Tsap_Ngou_Im > （金）部下平聲,49
îm,眠,英金切,會目也,004_Tie_Siann_Tsap_Ngou_Im > （金）部下平聲,49
îm,眤,英金切,流民也,004_Tie_Siann_Tsap_Ngou_Im > （金）部下平聲,49
îm,民,英金切,庶民百姓,004_Tie_Siann_Tsap_Ngou_Im > （金）部下平聲,49
îm,也,英金切,良也,004_Tie_Siann_Tsap_Ngou_Im > （金）部下平聲,49
îm,衆,英金切,眾立也,004_Tie_Siann_Tsap_Ngou_Im > （金）部下平聲,49
îm,修,英金切,俯修跑,004_Tie_Siann_Tsap_Ngou_Im > （金）部下平聲,49
îm,向,英金切,前也,004_Tie_Siann_Tsap_Ngou_Im > （金）部下平聲,49
îm,参,英金切,山高也,004_Tie_Siann_Tsap_Ngou_Im > （金）部下平聲,49
îm,泙,英金切,取魚也又,004_Tie_Siann_Tsap_Ngou_Im > （金）部下平聲,49
îm,碰,英金切,名山,004_Tie_Siann_Tsap_Ngou_Im > （金）部下平聲,49
îm,砮,英金切,石砮,004_Tie_Siann_Tsap_Ngou_Im > （金）部下平聲,49
îm,黔,英金切,黔黑色也又,004_Tie_Siann_Tsap_Ngou_Im > （金）部下平聲,49
în,寅,英⿴囗君切,十二地支之,004_Tie_Siann_Tsap_Ngou_Im > （⿴囗君）部下平聲,167
în,演,英⿴囗君切,演戲飾也說,004_Tie_Siann_Tsap_Ngou_Im > （⿴囗君）部下平聲,167
în,義,英⿴囗君切,義說,004_Tie_Siann_Tsap_Ngou_Im > （⿴囗君）部下平聲,167
în,賈,英⿴囗君切,又賈棟,004_Tie_Siann_Tsap_Ngou_Im > （⿴囗君）部下平聲,167
în,沿,英⿴囗君切,相沿河,004_Tie_Siann_Tsap_Ngou_Im > （⿴囗君）部下平聲,167
în,鉛,英⿴囗君切,五金之,004_Tie_Siann_Tsap_Ngou_Im > （⿴囗君）部下平聲,167
în,媒,英⿴囗君切,也,004_Tie_Siann_Tsap_Ngou_Im > （⿴囗君）部下平聲,167
în,印,英⿴囗君切,符璽也又地名印度,004_Tie_Siann_Tsap_Ngou_Im > （⿴囗君）部下平聲,169
în,應,英⿴囗君切,俗蓋言曰,004_Tie_Siann_Tsap_Ngou_Im > （⿴囗君）部下平聲,169
în,逸,英⿴囗君切,隱逸第逸,004_Tie_Siann_Tsap_Ngou_Im > （⿴囗君）部下平聲,171
în,安,英⿴囗君切,安 侠同上不营也,004_Tie_Siann_Tsap_Ngou_Im > （⿴囗君）部下平聲,171
în,洑,英⿴囗君切,浮疚也 俗八洑生,004_Tie_Siann_Tsap_Ngou_Im > （⿴囗君）部下平聲,171
în,幷,英⿴囗君切,行列也 箍皴也旨,004_Tie_Siann_Tsap_Ngou_Im > （⿴囗君）部下平聲,171
în,嵌,英⿴囗君切,临嵌也 鑑金寺廿卣,004_Tie_Siann_Tsap_Ngou_Im > （⿴囗君）部下平聲,171
în,溢,英⿴囗君切,满则溢克,004_Tie_Siann_Tsap_Ngou_Im > （⿴囗君）部下平聲,171
în,隘,英⿴囗君切,险隘也 餓骨俐,004_Tie_Siann_Tsap_Ngou_Im > （⿴囗君）部下平聲,171
în,妖,英⿴囗君切,姓妖,004_Tie_Siann_Tsap_Ngou_Im > （⿴囗君）部下平聲,171
òng,屋,英公切,名屋宮室之總屋守也,004_Tie_Siann_Tsap_Ngou_Im > （公）部上去聲,68
òng,握,英公切,握揉手曰握把握,004_Tie_Siann_Tsap_Ngou_Im > （公）部上去聲,68
òng,僅,英公切,僅同上又,004_Tie_Siann_Tsap_Ngou_Im > （公）部上去聲,68
òng,沃,英公切,以水濯說也,004_Tie_Siann_Tsap_Ngou_Im > （公）部上去聲,68
òng,涯,英公切,水厚清也,004_Tie_Siann_Tsap_Ngou_Im > （公）部上去聲,68
òng,幄,英公切,幃華也,004_Tie_Siann_Tsap_Ngou_Im > （公）部上去聲,68
òng,飫,英公切,也飽飫食多,004_Tie_Siann_Tsap_Ngou_Im > （公）部上去聲,68
òng,謾,英公切,起也,004_Tie_Siann_Tsap_Ngou_Im > （公）部上去聲,68
òng,蓿,英公切,馬草也,004_Tie_Siann_Tsap_Ngou_Im > （公）部上去聲,68
òng,鼓,英公切,豆之總名,004_Tie_Siann_Tsap_Ngou_Im > （公）部上去聲,68
òng,蓿,英公切,菜也,004_Tie_Siann_Tsap_Ngou_Im > （公）部上去聲,68
òng,捺,英公切,摸捺,004_Tie_Siann_Tsap_Ngou_Im > （公）部上去聲,68
òng,鶴,英公切,鳥也鶴鶴神,004_Tie_Siann_Tsap_Ngou_Im > （公）部上去聲,68
òng,縮,英公切,紡縮退縮地,004_Tie_Siann_Tsap_Ngou_Im > （公）部上去聲,68
òng,蹦,英公切,足足迺,004_Tie_Siann_Tsap_Ngou_Im > （公）部上去聲,68
òng,蕭,英公切,蒜也靜也蔬靜也,004_Tie_Siann_Tsap_Ngou_Im > （公）部上去聲,68
òng,瀟,英公切,深清也,004_Tie_Siann_Tsap_Ngou_Im > （公）部上去聲,68
òng,篰,英公切,容也篰茂,004_Tie_Siann_Tsap_Ngou_Im > （公）部上去聲,68
òng,激,英公切,口也激以水盪,004_Tie_Siann_Tsap_Ngou_Im > （公）部上去聲,68
ói,矮,英雞切,人身不高矮,004_Tie_Siann_Tsap_Ngou_Im > （雞）部上上聲,55
ói,國,英雞切,國子國人,004_Tie_Siann_Tsap_Ngou_Im > （雞）部上上聲,55
ói,俊,英雞切,胵同上又,004_Tie_Siann_Tsap_Ngou_Im > （雞）部上上聲,55
ô,卧,英歌切,梳裏包,004_Tie_Siann_Tsap_Ngou_Im > （歌）部下平聲,194
ô,荷,英歌切,負物也荷,004_Tie_Siann_Tsap_Ngou_Im > （歌）部下平聲,194
ôi,鞋,英雞切,履也革鞋鞻简鞋乜鞋,004_Tie_Siann_Tsap_Ngou_Im > （雞）部下平聲,59
ôi,也,英雞切,會也曰也能,004_Tie_Siann_Tsap_Ngou_Im > （雞）部下平聲,59
ông,蒙,英公切,蒙童未明,004_Tie_Siann_Tsap_Ngou_Im > （公）部下平聲,71
ông,童,英公切,子也,004_Tie_Siann_Tsap_Ngou_Im > （公）部下平聲,71
ông,濛,英公切,濛濛入,004_Tie_Siann_Tsap_Ngou_Im > （公）部下平聲,71
ông,小,英公切,雨也,004_Tie_Siann_Tsap_Ngou_Im > （公）部下平聲,71
ông,朦,英公切,又大也膿不明也,004_Tie_Siann_Tsap_Ngou_Im > （公）部下平聲,71
ông,朦,英公切,也目不明,004_Tie_Siann_Tsap_Ngou_Im > （公）部下平聲,71
ông,懞,英公切,悟懞無,004_Tie_Siann_Tsap_Ngou_Im > （公）部下平聲,71
ông,懞,英公切,收飲,004_Tie_Siann_Tsap_Ngou_Im > （公）部下平聲,71
ông,懞,英公切,張也巾,004_Tie_Siann_Tsap_Ngou_Im > （公）部下平聲,71
õng,哮,英公切,口頭俗語,004_Tie_Siann_Tsap_Ngou_Im > （公）部下上聲,72
ùn,運,英君切,五百年為大運 百八年為中運 六十年為小運,004_Tie_Siann_Tsap_Ngou_Im > （君）部上去聲,11
ùn,鄆,英君切,地名 又姓,004_Tie_Siann_Tsap_Ngou_Im > （君）部上去聲,11
ùn,韻,英君切,音韻 詩韻,004_Tie_Siann_Tsap_Ngou_Im > （君）部上去聲,11
ùn,韵,英君切,仝上,004_Tie_Siann_Tsap_Ngou_Im > （君）部上去聲,11
ún,蘊,英君切,藏也 底也,004_Tie_Siann_Tsap_Ngou_Im > （君）部上上聲,9
ún,穩,英君切,安穩 妥穩,004_Tie_Siann_Tsap_Ngou_Im > （君）部上上聲,9
ún,𨆲,英君切,安行也,004_Tie_Siann_Tsap_Ngou_Im > （君）部上上聲,9
ún,韞,英君切,仝蘊 包藏也,004_Tie_Siann_Tsap_Ngou_Im > （君）部上上聲,9
ún,隕,英君切,墜也 落也,004_Tie_Siann_Tsap_Ngou_Im > （君）部上上聲,9
ún,磒,英君切,仝上,004_Tie_Siann_Tsap_Ngou_Im > （君）部上上聲,9
ún,殞,英君切,殞歿也,004_Tie_Siann_Tsap_Ngou_Im > （君）部上上聲,9
ún,搵,英君切,以手撩物也,004_Tie_Siann_Tsap_Ngou_Im > （君）部上上聲,9
ún,縕,英君切,縕袍 又淵奧也,004_Tie_Siann_Tsap_Ngou_Im > （君）部上上聲,9
û,吾,英龜切,我之曰,004_Tie_Siann_Tsap_Ngou_Im > （龜）部下平聲,314
û,稱,英龜切,之曰,004_Tie_Siann_Tsap_Ngou_Im > （龜）部下平聲,314
û,齒,英龜切,語 齒－齒,004_Tie_Siann_Tsap_Ngou_Im > （龜）部下平聲,314
û,相,英龜切,值也,004_Tie_Siann_Tsap_Ngou_Im > （龜）部下平聲,314
ûn,勻,英君切,均不少革不多芟以火化之芸香草也窟苦室也筠竹勻鈞竹席也紜紛勻言事也煩金燒賢勻篇竹之別名,004_Tie_Siann_Tsap_Ngou_Im > （君）部下平聲,15
ā,兩,英膠切,物不相上下曰,004_Tie_Siann_Tsap_Ngou_Im > （膠）部下去聲,267
ā,伭,英膠切,待也,004_Tie_Siann_Tsap_Ngou_Im > （膠）部下去聲,267
ā,婭,英膠切,姻婭両婿,004_Tie_Siann_Tsap_Ngou_Im > （膠）部下去聲,267
ā,相,英膠切,謂曰相,004_Tie_Siann_Tsap_Ngou_Im > （膠）部下去聲,267
ēng,同,英弓切,蠢,004_Tie_Siann_Tsap_Ngou_Im > （弓）部下去聲,304
ēng,有,英弓切,陰陽神前間之別之別也南差也,004_Tie_Siann_Tsap_Ngou_Im > （弓）部下去聲,304
ĩ,異,英基切,非常曰異端奇異論曰異裔孫代之子孫曰異世異懿統美曰異德異範祀祭也肆異讀書曰異葦,004_Tie_Siann_Tsap_Ngou_Im > （基）部下上聲,109
ī,燕,英基切,鳥名有紫白燕,004_Tie_Siann_Tsap_Ngou_Im > （基）部下去聲,112
ī,意,英基切,心有所主意誠,004_Tie_Siann_Tsap_Ngou_Im > （基）部下去聲,112
ī,慈,英基切,慈木,004_Tie_Siann_Tsap_Ngou_Im > （基）部下去聲,112
ī,壇,英基切,也塵埕,004_Tie_Siann_Tsap_Ngou_Im > （基）部下去聲,112
ī,瘞,英基切,玉埋香瘞,004_Tie_Siann_Tsap_Ngou_Im > （基）部下去聲,112
ī,縫,英基切,也縫也絞,004_Tie_Siann_Tsap_Ngou_Im > （基）部下去聲,112
ī,乩,英基切,舍也,004_Tie_Siann_Tsap_Ngou_Im > （基）部下去聲,112
ī,肆,英基切,同四,004_Tie_Siann_Tsap_Ngou_Im > （基）部下去聲,112
ī,嗟,英基切,哎也食,004_Tie_Siann_Tsap_Ngou_Im > （基）部下去聲,112
ī,貰,英基切,代也賠也,004_Tie_Siann_Tsap_Ngou_Im > （基）部下去聲,112
ī,扇,英基切,羽扇鳥扇白扇,004_Tie_Siann_Tsap_Ngou_Im > （基）部下去聲,112
īm,蔭,英金切,庇蔭福草所庇也,004_Tie_Siann_Tsap_Ngou_Im > （金）部下去聲,51
īm,窖,英金切,窖穴俗作生基地窖也,004_Tie_Siann_Tsap_Ngou_Im > （金）部下去聲,51
īm,廕,英金切,廕庭宇之,004_Tie_Siann_Tsap_Ngou_Im > （金）部下去聲,51
īm,癮,英金切,心病也,004_Tie_Siann_Tsap_Ngou_Im > （金）部下去聲,51
īm,膣,英金切,中同上心病也,004_Tie_Siann_Tsap_Ngou_Im > （金）部下去聲,51
ō,四,英歌切,四海邊之港曰四有,004_Tie_Siann_Tsap_Ngou_Im > （歌）部下去聲,196
ō,曰,英歌切,曰粗之末,004_Tie_Siann_Tsap_Ngou_Im > （歌）部下去聲,196
ū,惡,英龜切,好眾惡必寡又駈也,004_Tie_Siann_Tsap_Ngou_Im > （龜）部下去聲,318
ū,鳩,英龜切,山阿也又豐豐也,004_Tie_Siann_Tsap_Ngou_Im > （龜）部下去聲,318
ū,嗯,英龜切,怒貌,004_Tie_Siann_Tsap_Ngou_Im > （龜）部下去聲,318
ū,涕,英龜切,又與訴沂同,004_Tie_Siann_Tsap_Ngou_Im > （龜）部下去聲,318
ū,怨,英龜切,推己及人也忠怨相怨,004_Tie_Siann_Tsap_Ngou_Im > （龜）部下去聲,318
ū,素,英龜切,素繪事復素白色也,004_Tie_Siann_Tsap_Ngou_Im > （龜）部下去聲,318
ū,塑,英龜切,塑俟以泥為人之形也,004_Tie_Siann_Tsap_Ngou_Im > （龜）部下去聲,318
ū,遡,英龜切,遡洄狄之順其水之性也又同沂,004_Tie_Siann_Tsap_Ngou_Im > （龜）部下去聲,318
ūi,畏,英歸切,恕也駕也,004_Tie_Siann_Tsap_Ngou_Im > （歸）部下去聲,222
ūi,可,英歸切,可甚可 無恕曰可又,004_Tie_Siann_Tsap_Ngou_Im > （歸）部下去聲,222
ūi,猶,英歸切,不怕也,004_Tie_Siann_Tsap_Ngou_Im > （歸）部下去聲,222
ūn,海,英君切,田海,004_Tie_Siann_Tsap_Ngou_Im > （君）部下去聲,18
ūn,田,英君切,又水田,004_Tie_Siann_Tsap_Ngou_Im > （君）部下去聲,18
ṳ,偲,英居切,相切責也,004_Tie_Siann_Tsap_Ngou_Im > （居）部上平聲,178
ṳ,切,英居切,切偲切,004_Tie_Siann_Tsap_Ngou_Im > （居）部上平聲,178
ṳ,師,英居切,先師師範,004_Tie_Siann_Tsap_Ngou_Im > （居）部上平聲,178
ṳ,蔀,英居切,草茅,004_Tie_Siann_Tsap_Ngou_Im > （居）部上平聲,178
ṳ,可,英居切,食,004_Tie_Siann_Tsap_Ngou_Im > （居）部上平聲,178
ṳ,偲,英居切,有才力強,004_Tie_Siann_Tsap_Ngou_Im > （居）部上平聲,178
ṳ,也,英居切,又,004_Tie_Siann_Tsap_Ngou_Im > （居）部上平聲,178
ṳ,與,英居切,連類而及之曰與同上又,004_Tie_Siann_Tsap_Ngou_Im > （居）部上平聲,180
ṳ,與,英居切,同同又,004_Tie_Siann_Tsap_Ngou_Im > （居）部上平聲,180
ṳ̀,欺,英居切,訕訕辭,004_Tie_Siann_Tsap_Ngou_Im > （居）部上去聲,180
ṳ̂,預,英居切,遮料某習某曰預千預知預備預防,004_Tie_Siann_Tsap_Ngou_Im > （居）部下平聲,184
ṳ̂,邦,英居切,未邦四矣也又稱全,004_Tie_Siann_Tsap_Ngou_Im > （居）部下平聲,184
ṳ̂,侯,英居切,待也,004_Tie_Siann_Tsap_Ngou_Im > （居）部下平聲,184
ṳ̂,伺,英居切,服伺候,004_Tie_Siann_Tsap_Ngou_Im > （居）部下平聲,184
ṳ̂,溪,英居切,水撥也,004_Tie_Siann_Tsap_Ngou_Im > （居）部下平聲,184
ṳ̂,笥,英居切,竹箱也,004_Tie_Siann_Tsap_Ngou_Im > （居）部下平聲,184
ṳ̂,蔗,英居切,悅蔗遊蔗安也樂也,004_Tie_Siann_Tsap_Ngou_Im > （居）部下平聲,184
ṳ̂,攀,英居切,毀攀茲名攀,004_Tie_Siann_Tsap_Ngou_Im > （居）部下平聲,184
ṳ̂,巢,英居切,中山也巢島巢海,004_Tie_Siann_Tsap_Ngou_Im > （居）部下平聲,184
ṳ̂,顴,英居切,號也淚戸幷,004_Tie_Siann_Tsap_Ngou_Im > （居）部下平聲,184
ẽ,厦,英家切,厦門地名土音,004_Tie_Siann_Tsap_Ngou_Im > （家）部下上聲,27
ẽng,文,英弓切,命 正音以尊令曰文君文父文毋文,004_Tie_Siann_Tsap_Ngou_Im > （弓）部下上聲,302
ẽng,喜,英弓切,幸 非份而得令曰喜有喜僥喜 俸 得也同上僥喜非份而 杏 果名又花名紅喜白喜 行 喜德喜品 悻 狠怨也,004_Tie_Siann_Tsap_Ngou_Im > （弓）部下上聲,302
