puj,puj_orig,poj,poj_orig,han,han_orig,en,en_orig,zh_TW,zh_CN,source,page_num
,,,,畲歌畲嘻嘻,,,,,,005_Tie_Suann_Kua_Iau_Chip > 畲歌畲嘻嘻,12
,,,,我有畲歌一簸箕,,,,,,005_Tie_Suann_Kua_Iau_Chip > 畲歌畲嘻嘻,12
,,,,一千八百哩来斗,,,,,,005_Tie_Suann_Kua_Iau_Chip > 畲歌畲嘻嘻,12
,,,,一百八十勿磨边,,,,,,005_Tie_Suann_Kua_Iau_Chip > 畲歌畲嘻嘻,12
,,,,畲歌畲嗯嗯,,,,,,005_Tie_Suann_Kua_Iau_Chip > 畲歌畲嘻嘻,12
,,,,我有畲歌一米篩,,,,,,005_Tie_Suann_Kua_Iau_Chip > 畲歌畲嘻嘻,12
,,,,一千八百哩来斗,,,,,,005_Tie_Suann_Kua_Iau_Chip > 畲歌畲嘻嘻,12
,,,,一百八十勿磨来,,,,,,005_Tie_Suann_Kua_Iau_Chip > 畲歌畲嘻嘻,12
,,,,中秋夜,,,,,,005_Tie_Suann_Kua_Iau_Chip > 中秋夜,12
,,,,月娘娘,,,,,,005_Tie_Suann_Kua_Iau_Chip > 中秋夜,12
,,,,深深拜,,,,,,005_Tie_Suann_Kua_Iau_Chip > 中秋夜,12
,,,,团团圆,,,,,,005_Tie_Suann_Kua_Iau_Chip > 中秋夜,12
,,,,好夫婿,,,,,,005_Tie_Suann_Kua_Iau_Chip > 中秋夜,12
,,,,結良緣,,,,,,005_Tie_Suann_Kua_Iau_Chip > 中秋夜,12
,,,,今年团圆,,,,,,005_Tie_Suann_Kua_Iau_Chip > 中秋夜,12
,,,,明年团圆,,,,,,005_Tie_Suann_Kua_Iau_Chip > 中秋夜,12
,,,,年年团圆,,,,,,005_Tie_Suann_Kua_Iau_Chip > 中秋夜,12
,,,,一群娘仔穿紅裘,,,,,,005_Tie_Suann_Kua_Iau_Chip > 一群娘仔穿紅裘,13
,,,,慼呀未嫁好風流,,,,,,005_Tie_Suann_Kua_Iau_Chip > 一群娘仔穿紅裘,13
,,,,慼呀未嫁嫁給阮,,,,,,005_Tie_Suann_Kua_Iau_Chip > 一群娘仔穿紅裘,13
,,,,待阮抉布来做裘,,,,,,005_Tie_Suann_Kua_Iau_Chip > 一群娘仔穿紅裘,13
,,,,一群娘仔穿紅衫,,,,,,005_Tie_Suann_Kua_Iau_Chip > 一群娘仔穿紅裘,13
,,,,慼呀未嫁留到担,,,,,,005_Tie_Suann_Kua_Iau_Chip > 一群娘仔穿紅裘,13
,,,,慼呀未嫁嫁給阮,,,,,,005_Tie_Suann_Kua_Iau_Chip > 一群娘仔穿紅裘,13
,,,,待阮抉布多做衫,,,,,,005_Tie_Suann_Kua_Iau_Chip > 一群娘仔穿紅裘,13
,,,,歇山歇,,,,,,005_Tie_Suann_Kua_Iau_Chip > 歇山歇,13
,,,,歇山發草闢萋萋,,,,,,005_Tie_Suann_Kua_Iau_Chip > 歇山歇,13
,,,,君呀十八娘十七,,,,,,005_Tie_Suann_Kua_Iau_Chip > 歇山歇,13
,,,,有如好米打糖枝,,,,,,005_Tie_Suann_Kua_Iau_Chip > 歇山歇,13
,,,,东山东,,,,,,005_Tie_Suann_Kua_Iau_Chip > 歇山歇,13
,,,,东山發草闢葐葐,,,,,,005_Tie_Suann_Kua_Iau_Chip > 歇山歇,13
,,,,君呀十八娘十七,,,,,,005_Tie_Suann_Kua_Iau_Chip > 歇山歇,13
,,,,有如好米打糖方,,,,,,005_Tie_Suann_Kua_Iau_Chip > 歇山歇,13
,,,,鐘底鐘,,,,,,005_Tie_Suann_Kua_Iau_Chip > 鐘底鐘,13
,,,,鐘底开花金素英,,,,,,005_Tie_Suann_Kua_Iau_Chip > 鐘底鐘,13
,,,,好君亦着好娘配,,,,,,005_Tie_Suann_Kua_Iau_Chip > 鐘底鐘,13
,,,,好娘配君正耆旁,,,,,,005_Tie_Suann_Kua_Iau_Chip > 鐘底鐘,13
,,,,筒底筒,,,,,,005_Tie_Suann_Kua_Iau_Chip > 鐘底鐘,13
,,,,筒底开花是海棠,,,,,,005_Tie_Suann_Kua_Iau_Chip > 鐘底鐘,13
,,,,好君亦着好娘配,,,,,,005_Tie_Suann_Kua_Iau_Chip > 鐘底鐘,13
,,,,好娘配君名声香,,,,,,005_Tie_Suann_Kua_Iau_Chip > 鐘底鐘,13
,,,,茉莉花,,,,,,005_Tie_Suann_Kua_Iau_Chip > 茉莉花,14
,,,,白披披,,,,,,005_Tie_Suann_Kua_Iau_Chip > 茉莉花,14
,,,,赠情人,,,,,,005_Tie_Suann_Kua_Iau_Chip > 茉莉花,14
,,,,摘一枝,,,,,,005_Tie_Suann_Kua_Iau_Chip > 茉莉花,14
,,,,一座花园四点金,,,,,,005_Tie_Suann_Kua_Iau_Chip > 一座花园四点金,14
,,,,夫妻相伴坐花阴,,,,,,005_Tie_Suann_Kua_Iau_Chip > 一座花园四点金,14
,,,,眠起看花花含蕊,,,,,,005_Tie_Suann_Kua_Iau_Chip > 一座花园四点金,14
,,,,夜昏看花花同心,,,,,,005_Tie_Suann_Kua_Iau_Chip > 一座花园四点金,14
,,,,阿姊嫁河我嫁河,,,,,,005_Tie_Suann_Kua_Iau_Chip > 阿姊嫁河我嫁河,14
,,,,难得阿姊来敓桃,,,,,,005_Tie_Suann_Kua_Iau_Chip > 阿姊嫁河我嫁河,14
,,,,难得食饭相换碗,,,,,,005_Tie_Suann_Kua_Iau_Chip > 阿姊嫁河我嫁河,14
,,,,难得裙衫做一竿,,,,,,005_Tie_Suann_Kua_Iau_Chip > 阿姊嫁河我嫁河,14
,,,,阿姊嫁墙我嫁墙,,,,,,005_Tie_Suann_Kua_Iau_Chip > 阿姊嫁河我嫁河,14
,,,,难得阿姊来告量,,,,,,005_Tie_Suann_Kua_Iau_Chip > 阿姊嫁河我嫁河,14
,,,,难得食饭相换碗,,,,,,005_Tie_Suann_Kua_Iau_Chip > 阿姊嫁河我嫁河,14
,,,,难得裙衫做一箱,,,,,,005_Tie_Suann_Kua_Iau_Chip > 阿姊嫁河我嫁河,14
,,,,喜欢欢,,,,,,005_Tie_Suann_Kua_Iau_Chip > 喜欢欢,14
,,,,欢喜喜,,,,,,005_Tie_Suann_Kua_Iau_Chip > 喜欢欢,14
,,,,阿妹綴阿姊,,,,,,005_Tie_Suann_Kua_Iau_Chip > 喜欢欢,14
,,,,阿爹發财来,,,,,,005_Tie_Suann_Kua_Iau_Chip > 喜欢欢,14
,,,,买有鱔脯共厚弼,,,,,,005_Tie_Suann_Kua_Iau_Chip > 喜欢欢,14
,,,,南風去了东風来,,,,,,005_Tie_Suann_Kua_Iau_Chip > 南風去了东風来,15
,,,,东風来了笑面开,,,,,,005_Tie_Suann_Kua_Iau_Chip > 南風去了东風来,15
,,,,撈魚都是东風力,,,,,,005_Tie_Suann_Kua_Iau_Chip > 南風去了东風来,15
,,,,魚蝦满载伊迓来,,,,,,005_Tie_Suann_Kua_Iau_Chip > 南風去了东風来,15
,,,,南山有园姜,,,,,,005_Tie_Suann_Kua_Iau_Chip > 南山有园姜,15
,,,,娘呀共君细思量,,,,,,005_Tie_Suann_Kua_Iau_Chip > 南山有园姜,15
,,,,君呀早早来去卖,,,,,,005_Tie_Suann_Kua_Iau_Chip > 南山有园姜,15
,,,,好给娘你去烧香,,,,,,005_Tie_Suann_Kua_Iau_Chip > 南山有园姜,15
,,,,南山有园烟,,,,,,005_Tie_Suann_Kua_Iau_Chip > 南山有园姜,15
,,,,娘呀共君细思付,,,,,,005_Tie_Suann_Kua_Iau_Chip > 南山有园姜,15
,,,,君呀早早来去卖,,,,,,005_Tie_Suann_Kua_Iau_Chip > 南山有园姜,15
,,,,好给娘你做罗裙,,,,,,005_Tie_Suann_Kua_Iau_Chip > 南山有园姜,15
,,,,南山有园柿,,,,,,005_Tie_Suann_Kua_Iau_Chip > 南山有园姜,15
,,,,娘呀共君担到担,,,,,,005_Tie_Suann_Kua_Iau_Chip > 南山有园姜,15
,,,,君呀早早来去卖,,,,,,005_Tie_Suann_Kua_Iau_Chip > 南山有园姜,15
,,,,好给娘你做纶衫,,,,,,005_Tie_Suann_Kua_Iau_Chip > 南山有园姜,15
,,,,南山有园薯,,,,,,005_Tie_Suann_Kua_Iau_Chip > 南山有园姜,15
,,,,娘呀共君担徐徐,,,,,,005_Tie_Suann_Kua_Iau_Chip > 南山有园姜,15
,,,,君呀早早来去卖,,,,,,005_Tie_Suann_Kua_Iau_Chip > 南山有园姜,15
,,,,好给娘你找帽珠,,,,,,005_Tie_Suann_Kua_Iau_Chip > 南山有园姜,15
,,,,正月劝姑续青麻,,,,,,005_Tie_Suann_Kua_Iau_Chip > 正月劝姑续青麻,15
,,,,手续青麻嘴唱歌,,,,,,005_Tie_Suann_Kua_Iau_Chip > 正月劝姑续青麻,15
,,,,踏入君门君討布,,,,,,005_Tie_Suann_Kua_Iau_Chip > 正月劝姑续青麻,15
,,,,并无郎君討畲歌,,,,,,005_Tie_Suann_Kua_Iau_Chip > 正月劝姑续青麻,15
,,,,穿,,,,,,005_Tie_Suann_Kua_Iau_Chip > 正月劝姑续青麻,16
,,,,耕有細个姑傳名,,,,,,005_Tie_Suann_Kua_Iau_Chip > 正月劝姑续青麻,16
,,,,三月劝姑去飼蚕,,,,,,005_Tie_Suann_Kua_Iau_Chip > 正月劝姑续青麻,16
,,,,姑你十分艰苦亦强閉,,,,,,005_Tie_Suann_Kua_Iau_Chip > 正月劝姑续青麻,16
,,,,十分艰苦亦着作,,,,,,005_Tie_Suann_Kua_Iau_Chip > 正月劝姑续青麻,16
,,,,桃花織絹出人前,,,,,,005_Tie_Suann_Kua_Iau_Chip > 正月劝姑续青麻,16
,,,,四月劝姑去綉鞋,,,,,,005_Tie_Suann_Kua_Iau_Chip > 正月劝姑续青麻,16
,,,,姑你四壁針工踏齐齐,,,,,,005_Tie_Suann_Kua_Iau_Chip > 正月劝姑续青麻,16
,,,,綉有粗个姑粗穿,,,,,,005_Tie_Suann_Kua_Iau_Chip > 正月劝姑续青麻,16
,,,,綉有細个甲金釵,,,,,,005_Tie_Suann_Kua_Iau_Chip > 正月劝姑续青麻,16
,,,,五月劝姑綉枕头,,,,,,005_Tie_Suann_Kua_Iau_Chip > 正月劝姑续青麻,16
,,,,綉有更鼓兼高楼,,,,,,005_Tie_Suann_Kua_Iau_Chip > 正月劝姑续青麻,16
,,,,綉有粗个給姑枕,,,,,,005_Tie_Suann_Kua_Iau_Chip > 正月劝姑续青麻,16
,,,,綉有細个上彩楼,,,,,,005_Tie_Suann_Kua_Iau_Chip > 正月劝姑续青麻,16
,,,,六月劝姑勿暗行,,,,,,005_Tie_Suann_Kua_Iau_Chip > 正月劝姑续青麻,16
,,,,暗行暗企碍声名,,,,,,005_Tie_Suann_Kua_Iau_Chip > 正月劝姑续青麻,16
,,,,俺有爹媽收人聘,,,,,,005_Tie_Suann_Kua_Iau_Chip > 正月劝姑续青麻,16
,,,,外头傳来唔好听,,,,,,005_Tie_Suann_Kua_Iau_Chip > 正月劝姑续青麻,16
,,,,七月劝姑敬大官,,,,,,005_Tie_Suann_Kua_Iau_Chip > 正月劝姑续青麻,16
,,,,欲敬大官勿放寬,,,,,,005_Tie_Suann_Kua_Iau_Chip > 正月劝姑续青麻,16
,,,,爹媽食无千百岁,,,,,,005_Tie_Suann_Kua_Iau_Chip > 正月劝姑续青麻,16
,,,,唔比春草出滿山,,,,,,005_Tie_Suann_Kua_Iau_Chip > 正月劝姑续青麻,16
,,,,八月劝姑敬大家,,,,,,005_Tie_Suann_Kua_Iau_Chip > 正月劝姑续青麻,16
,,,,欲敬大家趁后生,,,,,,005_Tie_Suann_Kua_Iau_Chip > 正月劝姑续青麻,16
,,,,爹媽食无千百岁,,,,,,005_Tie_Suann_Kua_Iau_Chip > 正月劝姑续青麻,16
,,,,唔比春草年年青,,,,,,005_Tie_Suann_Kua_Iau_Chip > 正月劝姑续青麻,16
,,,,九月劝姑去敬君,,,,,,005_Tie_Suann_Kua_Iau_Chip > 正月劝姑续青麻,16
,,,,君呀入内笑吧呒,,,,,,005_Tie_Suann_Kua_Iau_Chip > 正月劝姑续青麻,16
,,,,四亲六眷会接搭,,,,,,005_Tie_Suann_Kua_Iau_Chip > 正月劝姑续青麻,16
,,,,猛猛蒸茶好三分,,,,,,005_Tie_Suann_Kua_Iau_Chip > 正月劝姑续青麻,16
,,,,十月劝姑去做人,,,,,,005_Tie_Suann_Kua_Iau_Chip > 正月劝姑续青麻,16
,,,,穷亲富亲一样人,,,,,,005_Tie_Suann_Kua_Iau_Chip > 正月劝姑续青麻,16
,,,,厚刀斧头一样铁,,,,,,005_Tie_Suann_Kua_Iau_Chip > 正月劝姑续青麻,16
,,,,勿掠穷亲是别人,,,,,,005_Tie_Suann_Kua_Iau_Chip > 正月劝姑续青麻,16
,,,,十一月迓姑出門麤,,,,,,005_Tie_Suann_Kua_Iau_Chip > 正月劝姑续青麻,16
,,,,伸手按搭姑肩墩,,,,,,005_Tie_Suann_Kua_Iau_Chip > 正月劝姑续青麻,16
,,,,姑你寬食紧去作,,,,,,005_Tie_Suann_Kua_Iau_Chip > 正月劝姑续青麻,16
,,,,唔比在家綴嫂时,,,,,,005_Tie_Suann_Kua_Iau_Chip > 正月劝姑续青麻,16
,,,,十二月迓姑出門前,,,,,,005_Tie_Suann_Kua_Iau_Chip > 正月劝姑续青麻,16
,,,,伸手按搭姑肩边,,,,,,005_Tie_Suann_Kua_Iau_Chip > 正月劝姑续青麻,16
,,,,姑你寬食紧去作,,,,,,005_Tie_Suann_Kua_Iau_Chip > 正月劝姑续青麻,16
,,,,唔比在家綴嫂賢,,,,,,005_Tie_Suann_Kua_Iau_Chip > 正月劝姑续青麻,16
,,,,天上月,,,,,,005_Tie_Suann_Kua_Iau_Chip > 天上月,17
,,,,地下花,,,,,,005_Tie_Suann_Kua_Iau_Chip > 天上月,17
,,,,生有逗仔会發家,,,,,,005_Tie_Suann_Kua_Iau_Chip > 天上月,17
,,,,發家有好食,,,,,,005_Tie_Suann_Kua_Iau_Chip > 天上月,17
,,,,爹娘食到紅牙牙,,,,,,005_Tie_Suann_Kua_Iau_Chip > 天上月,17
,,,,天上月,,,,,,005_Tie_Suann_Kua_Iau_Chip > 天上月,17
,,,,地下花,,,,,,005_Tie_Suann_Kua_Iau_Chip > 天上月,17
,,,,生有走仔会紡紗,,,,,,005_Tie_Suann_Kua_Iau_Chip > 天上月,17
,,,,紡紗有好穿,,,,,,005_Tie_Suann_Kua_Iau_Chip > 天上月,17
,,,,爹娘穿到燒霞霞,,,,,,005_Tie_Suann_Kua_Iau_Chip > 天上月,17
,,,,烏雞討食門脚中,,,,,,005_Tie_Suann_Kua_Iau_Chip > 烏雞討食門脚中,17
,,,,鲫魚討食赶水紅,,,,,,005_Tie_Suann_Kua_Iau_Chip > 烏雞討食門脚中,17
,,,,男仔敲桃大树下,,,,,,005_Tie_Suann_Kua_Iau_Chip > 烏雞討食門脚中,17
,,,,娘仔敲桃好花灢,,,,,,005_Tie_Suann_Kua_Iau_Chip > 烏雞討食門脚中,17
,,,,烏雞討食門脚边,,,,,,005_Tie_Suann_Kua_Iau_Chip > 烏雞討食門脚中,17
,,,,鲫魚討食赶水圆,,,,,,005_Tie_Suann_Kua_Iau_Chip > 烏雞討食門脚中,17
,,,,男仔敲桃大树下,,,,,,005_Tie_Suann_Kua_Iau_Chip > 烏雞討食門脚中,17
,,,,娘仔敲桃好花边,,,,,,005_Tie_Suann_Kua_Iau_Chip > 烏雞討食門脚中,17
,,,,白头舂米白披披,,,,,,005_Tie_Suann_Kua_Iau_Chip > 白头舂米白披披,17
,,,,双人生好鲤魚鳍,,,,,,005_Tie_Suann_Kua_Iau_Chip > 白头舂米白披披,17
,,,,并共生來鹦哥舌,,,,,,005_Tie_Suann_Kua_Iau_Chip > 白头舂米白披披,17
,,,,怎会生来不得伊,,,,,,005_Tie_Suann_Kua_Iau_Chip > 白头舂米白披披,17
,,,,白头舂米白賣賣,,,,,,005_Tie_Suann_Kua_Iau_Chip > 白头舂米白披披,17
,,,,双人生得鲤魚春,,,,,,005_Tie_Suann_Kua_Iau_Chip > 白头舂米白披披,17
,,,,并共生來鹦哥舌,,,,,,005_Tie_Suann_Kua_Iau_Chip > 白头舂米白披披,17
,,,,怎会生来不得君,,,,,,005_Tie_Suann_Kua_Iau_Chip > 白头舂米白披披,17
,,,,石部長長好燒香,,,,,,005_Tie_Suann_Kua_Iau_Chip > 石部長長好燒香,18
,,,,我母生我是婆娘,,,,,,005_Tie_Suann_Kua_Iau_Chip > 石部長長好燒香,18
,,,,自幼也是母飼大,,,,,,005_Tie_Suann_Kua_Iau_Chip > 石部長長好燒香,18
,,,,桃花手牒還母燒,,,,,,005_Tie_Suann_Kua_Iau_Chip > 石部長長好燒香,18
,,,,石部長長好點灯,,,,,,005_Tie_Suann_Kua_Iau_Chip > 石部長長好燒香,18
,,,,我母生我是女身,,,,,,005_Tie_Suann_Kua_Iau_Chip > 石部長長好燒香,18
,,,,自幼也是母飼大,,,,,,005_Tie_Suann_Kua_Iau_Chip > 石部長長好燒香,18
,,,,桃花手牒還母恩,,,,,,005_Tie_Suann_Kua_Iau_Chip > 石部長長好燒香,18
,,,,十丈白布做一机,,,,,,005_Tie_Suann_Kua_Iau_Chip > 十丈白布做一机,18
,,,,十个冬瓜做一圈,,,,,,005_Tie_Suann_Kua_Iau_Chip > 十丈白布做一机,18
,,,,十个媳妇一堆食,,,,,,005_Tie_Suann_Kua_Iau_Chip > 十丈白布做一机,18
,,,,和和睦睦做一家,,,,,,005_Tie_Suann_Kua_Iau_Chip > 十丈白布做一机,18
,,,,处头鸟仔叫喃咪,,,,,,005_Tie_Suann_Kua_Iau_Chip > 处头鸟仔叫喃咪,18
,,,,嫁着儿婿目凸珠,,,,,,005_Tie_Suann_Kua_Iau_Chip > 处头鸟仔叫喃咪,18
,,,,錢銀甘使未甘食,,,,,,005_Tie_Suann_Kua_Iau_Chip > 处头鸟仔叫喃咪,18
,,,,这世凸珠保伊下世再凸珠,,,,,,005_Tie_Suann_Kua_Iau_Chip > 处头鸟仔叫喃咪,18
,,,,处头鸟仔叫胻琛,,,,,,005_Tie_Suann_Kua_Iau_Chip > 处头鸟仔叫喃咪,18
,,,,嫁着儿婿如观音,,,,,,005_Tie_Suann_Kua_Iau_Chip > 处头鸟仔叫喃咪,18
,,,,出官入府会說話,,,,,,005_Tie_Suann_Kua_Iau_Chip > 处头鸟仔叫喃咪,18
,,,,餓到七日也甘心,,,,,,005_Tie_Suann_Kua_Iau_Chip > 处头鸟仔叫喃咪,18
,,,,处头鸟仔叫咻咻,,,,,,005_Tie_Suann_Kua_Iau_Chip > 处头鸟仔叫喃咪,18
,,,,嫁着儿婿如观音,,,,,,005_Tie_Suann_Kua_Iau_Chip > 处头鸟仔叫喃咪,18
,,,,三日无食也都愿,,,,,,005_Tie_Suann_Kua_Iau_Chip > 处头鸟仔叫喃咪,18
,,,,朝朝起来还是嘴相揪,,,,,,005_Tie_Suann_Kua_Iau_Chip > 处头鸟仔叫喃咪,18
,,,,正月点灯籠,,,,,,005_Tie_Suann_Kua_Iau_Chip > 正月点灯籠,19
,,,,上爐燒香下爐香,,,,,,005_Tie_Suann_Kua_Iau_Chip > 正月点灯籠,19
,,,,君今燒香娘插燭,,,,,,005_Tie_Suann_Kua_Iau_Chip > 正月点灯籠,19
,,,,保賀阿伯大輕松,,,,,,005_Tie_Suann_Kua_Iau_Chip > 正月点灯籠,19
,,,,二月君行舟,,,,,,005_Tie_Suann_Kua_Iau_Chip > 正月点灯籠,19
,,,,君今叫娘买香油,,,,,,005_Tie_Suann_Kua_Iau_Chip > 正月点灯籠,19
,,,,是加是减共君买,,,,,,005_Tie_Suann_Kua_Iau_Chip > 正月点灯籠,19
,,,,是好是歹共君收,,,,,,005_Tie_Suann_Kua_Iau_Chip > 正月点灯籠,19
,,,,三月君行山,,,,,,005_Tie_Suann_Kua_Iau_Chip > 正月点灯籠,19
,,,,君今行紧娘行寬,,,,,,005_Tie_Suann_Kua_Iau_Chip > 正月点灯籠,19
,,,,君今衫長娘衫短,,,,,,005_Tie_Suann_Kua_Iau_Chip > 正月点灯籠,19
,,,,衫長衫短来相幌,,,,,,005_Tie_Suann_Kua_Iau_Chip > 正月点灯籠,19
,,,,四月簪花圍,,,,,,005_Tie_Suann_Kua_Iau_Chip > 正月点灯籠,19
,,,,一头簪花二头开,,,,,,005_Tie_Suann_Kua_Iau_Chip > 正月点灯籠,19
,,,,有緣阿姑哩来插,,,,,,005_Tie_Suann_Kua_Iau_Chip > 正月点灯籠,19
,,,,无緣阿姑花含蕊,,,,,,005_Tie_Suann_Kua_Iau_Chip > 正月点灯籠,19
,,,,五月人扒船,,,,,,005_Tie_Suann_Kua_Iau_Chip > 正月点灯籠,19
,,,,一溪鑼鼓鬧紛紛,,,,,,005_Tie_Suann_Kua_Iau_Chip > 正月点灯籠,19
,,,,船头打鼓别人婿,,,,,,005_Tie_Suann_Kua_Iau_Chip > 正月点灯籠,19
,,,,船尾掠舵是我君,,,,,,005_Tie_Suann_Kua_Iau_Chip > 正月点灯籠,19
,,,,六月热毒时,,,,,,005_Tie_Suann_Kua_Iau_Chip > 正月点灯籠,19
,,,,五娘楼頂擲荔枝,,,,,,005_Tie_Suann_Kua_Iau_Chip > 正月点灯籠,19
,,,,陈三騎馬楼下过,,,,,,005_Tie_Suann_Kua_Iau_Chip > 正月点灯籠,19
,,,,五娘看見擲乞伊,,,,,,005_Tie_Suann_Kua_Iau_Chip > 正月点灯籠,19
,,,,七月跳粉層,,,,,,005_Tie_Suann_Kua_Iau_Chip > 正月点灯籠,19
,,,,一跳二跳不見君,,,,,,005_Tie_Suann_Kua_Iau_Chip > 正月点灯籠,19
,,,,我君离远我也識,,,,,,005_Tie_Suann_Kua_Iau_Chip > 正月点灯籠,19
,,,,我君离近板逢春,,,,,,005_Tie_Suann_Kua_Iau_Chip > 正月点灯籠,19
,,,,八月跳粉牆,,,,,,005_Tie_Suann_Kua_Iau_Chip > 正月点灯籠,19
,,,,一跳二跳不見娘,,,,,,005_Tie_Suann_Kua_Iau_Chip > 正月点灯籠,19
,,,,我娘离远我也識,,,,,,005_Tie_Suann_Kua_Iau_Chip > 正月点灯籠,19
,,,,我娘行磨香龙香,,,,,,005_Tie_Suann_Kua_Iau_Chip > 正月点灯籠,19
,,,,九月担酒祝我兄,,,,,,005_Tie_Suann_Kua_Iau_Chip > 正月点灯籠,19
,,,,我兄主意嫁潮城,,,,,,005_Tie_Suann_Kua_Iau_Chip > 正月点灯籠,19
,,,,人呾潮城一塊好,,,,,,005_Tie_Suann_Kua_Iau_Chip > 正月点灯籠,19
,,,,人呾潮城大名声,,,,,,005_Tie_Suann_Kua_Iau_Chip > 正月点灯籠,19
,,,,十月担酒祝我姨,,,,,,005_Tie_Suann_Kua_Iau_Chip > 正月点灯籠,19
,,,,我姨主意嫁海墘,,,,,,005_Tie_Suann_Kua_Iau_Chip > 正月点灯籠,19
,,,,人呾海墘一塊好,,,,,,005_Tie_Suann_Kua_Iau_Chip > 正月点灯籠,19
,,,,人呾海墘大魚鮮,,,,,,005_Tie_Suann_Kua_Iau_Chip > 正月点灯籠,19
,,,,十一月担酒祝我姑,,,,,,005_Tie_Suann_Kua_Iau_Chip > 正月点灯籠,19
,,,,我姑主意嫁棉湖,,,,,,005_Tie_Suann_Kua_Iau_Chip > 正月点灯籠,19
,,,,人呾棉湖一塊好,,,,,,005_Tie_Suann_Kua_Iau_Chip > 正月点灯籠,19
,,,,十二月北風寒,,,,,,005_Tie_Suann_Kua_Iau_Chip > 正月点灯籠,20
,,,,开箱开囊拾被單,,,,,,005_Tie_Suann_Kua_Iau_Chip > 正月点灯籠,20
,,,,有緣阿姑呾来甲,,,,,,005_Tie_Suann_Kua_Iau_Chip > 正月点灯籠,20
,,,,无緣阿姑被外寒,,,,,,005_Tie_Suann_Kua_Iau_Chip > 正月点灯籠,20
,,,,挨呀挨,,,,,,005_Tie_Suann_Kua_Iau_Chip > 挨呀挨,20
,,,,挨米来飼鶏,,,,,,005_Tie_Suann_Kua_Iau_Chip > 挨呀挨,20
,,,,飼鶏叫咽家,,,,,,005_Tie_Suann_Kua_Iau_Chip > 挨呀挨,20
,,,,飼狗来吠夜,,,,,,005_Tie_Suann_Kua_Iau_Chip > 挨呀挨,20
,,,,飼猪还人債,,,,,,005_Tie_Suann_Kua_Iau_Chip > 挨呀挨,20
,,,,飼牛拖犁耙,,,,,,005_Tie_Suann_Kua_Iau_Chip > 挨呀挨,20
,,,,飼阿弟来落書齋,,,,,,005_Tie_Suann_Kua_Iau_Chip > 挨呀挨,20
,,,,飼阿妹来雇人罵,,,,,,005_Tie_Suann_Kua_Iau_Chip > 挨呀挨,20
,,,,釣魚釣巴闌,,,,,,005_Tie_Suann_Kua_Iau_Chip > 釣魚釣巴闌,20
,,,,釣到林处大花叢,,,,,,005_Tie_Suann_Kua_Iau_Chip > 釣魚釣巴闌,20
,,,,君呀叫娘早紡共早織,,,,,,005_Tie_Suann_Kua_Iau_Chip > 釣魚釣巴闌,20
,,,,勿到許时箱籠空,,,,,,005_Tie_Suann_Kua_Iau_Chip > 釣魚釣巴闌,20
,,,,我个箱籠亦香空,,,,,,005_Tie_Suann_Kua_Iau_Chip > 釣魚釣巴闌,20
,,,,叫君起厝起双房,,,,,,005_Tie_Suann_Kua_Iau_Chip > 釣魚釣巴闌,20
,,,,叫君眠床銀朱漆,,,,,,005_Tie_Suann_Kua_Iau_Chip > 釣魚釣巴闌,20
,,,,勿到許时漆咬人,,,,,,005_Tie_Suann_Kua_Iau_Chip > 釣魚釣巴闌,20
,,,,一只鶏仔出世就有胃,,,,,,005_Tie_Suann_Kua_Iau_Chip > 一只鶏仔出世就有胃,20
,,,,桃叶柳叶来相随,,,,,,005_Tie_Suann_Kua_Iau_Chip > 一只鶏仔出世就有胃,20
,,,,一床尽是俺姊妹,,,,,,005_Tie_Suann_Kua_Iau_Chip > 一只鶏仔出世就有胃,20
,,,,一个无来心唔开,,,,,,005_Tie_Suann_Kua_Iau_Chip > 一只鶏仔出世就有胃,20
,,,,一只鶏仔出世就有旺,,,,,,005_Tie_Suann_Kua_Iau_Chip > 一只鶏仔出世就有胃,20
,,,,桃叶柳叶来相隨,,,,,,005_Tie_Suann_Kua_Iau_Chip > 一只鶏仔出世就有胃,20
,,,,一床尽是俺姊妹,,,,,,005_Tie_Suann_Kua_Iau_Chip > 一只鶏仔出世就有胃,20
,,,,一只白馬挂白鞍,,,,,,005_Tie_Suann_Kua_Iau_Chip > 一只白馬挂白鞍,21
,,,,給君騎去海南山,,,,,,005_Tie_Suann_Kua_Iau_Chip > 一只白馬挂白鞍,21
,,,,路上有花哩勿采,,,,,,005_Tie_Suann_Kua_Iau_Chip > 一只白馬挂白鞍,21
,,,,同宮同處采牡丹,,,,,,005_Tie_Suann_Kua_Iau_Chip > 一只白馬挂白鞍,21
,,,,一只白馬挂白須,,,,,,005_Tie_Suann_Kua_Iau_Chip > 一只白馬挂白鞍,21
,,,,給君騎去海南洲,,,,,,005_Tie_Suann_Kua_Iau_Chip > 一只白馬挂白鞍,21
,,,,路上有花哩勿采,,,,,,005_Tie_Suann_Kua_Iau_Chip > 一只白馬挂白鞍,21
,,,,同宮同處采石榴,,,,,,005_Tie_Suann_Kua_Iau_Chip > 一只白馬挂白鞍,21
,,,,十指尖尖提一杯,,,,,,005_Tie_Suann_Kua_Iau_Chip > 十指尖尖提一杯,21
,,,,不知君去何時回,,,,,,005_Tie_Suann_Kua_Iau_Chip > 十指尖尖提一杯,21
,,,,路边野花君勿采,,,,,,005_Tie_Suann_Kua_Iau_Chip > 十指尖尖提一杯,21
,,,,家中自有一枝梅,,,,,,005_Tie_Suann_Kua_Iau_Chip > 十指尖尖提一杯,21
,,,,奉嗄,,,,,,005_Tie_Suann_Kua_Iau_Chip > 奉嗄,21
,,,,奉嗄,,,,,,005_Tie_Suann_Kua_Iau_Chip > 奉嗄,21
,,,,阿兄去卖茶,,,,,,005_Tie_Suann_Kua_Iau_Chip > 奉嗄,21
,,,,吩咐賢妻着耕布,,,,,,005_Tie_Suann_Kua_Iau_Chip > 奉嗄,21
,,,,吩咐細妹着紡紗,,,,,,005_Tie_Suann_Kua_Iau_Chip > 奉嗄,21
,,,,處哩近路边,,,,,,005_Tie_Suann_Kua_Iau_Chip > 奉嗄,21
,,,,狗仔着知飼,,,,,,005_Tie_Suann_Kua_Iau_Chip > 奉嗄,21
,,,,咸菜滷到足,,,,,,005_Tie_Suann_Kua_Iau_Chip > 奉嗄,21
,,,,滷唔够,,,,,,005_Tie_Suann_Kua_Iau_Chip > 奉嗄,21
,,,,着买蝦仔魚仔來相添,,,,,,005_Tie_Suann_Kua_Iau_Chip > 奉嗄,21
,,,,君去南海买麦生,,,,,,005_Tie_Suann_Kua_Iau_Chip > 君去南海买麦生,21
,,,,吩咐娘仔勿過家,,,,,,005_Tie_Suann_Kua_Iau_Chip > 君去南海买麦生,21
,,,,别人呾話勿接嘴,,,,,,005_Tie_Suann_Kua_Iau_Chip > 君去南海买麦生,21
,,,,目仔放蕩面帶喜,,,,,,005_Tie_Suann_Kua_Iau_Chip > 君去南海买麦生,21
,,,,仔放落面帶紅,,,,,,005_Tie_Suann_Kua_Iau_Chip > 君去南海买麦生,22
,,,,阿姊教你詩,,,,,,005_Tie_Suann_Kua_Iau_Chip > 阿姊教你詩,22
,,,,教你穿鞋綁脚纏,,,,,,005_Tie_Suann_Kua_Iau_Chip > 阿姊教你詩,22
,,,,教你穿衫陪人客,,,,,,005_Tie_Suann_Kua_Iau_Chip > 阿姊教你詩,22
,,,,教你煮飯勿过廢,,,,,,005_Tie_Suann_Kua_Iau_Chip > 阿姊教你詩,22
,,,,阿姊教你歌,,,,,,005_Tie_Suann_Kua_Iau_Chip > 阿姊教你詩,22
,,,,教你穿鞋套鞋拖,,,,,,005_Tie_Suann_Kua_Iau_Chip > 阿姊教你詩,22
,,,,教你穿衫陪人客,,,,,,005_Tie_Suann_Kua_Iau_Chip > 阿姊教你詩,22
,,,,教你蒸飯勿生沙,,,,,,005_Tie_Suann_Kua_Iau_Chip > 阿姊教你詩,22
,,,,天頂飞雁鵝,,,,,,005_Tie_Suann_Kua_Iau_Chip > 天頂飞雁鵝,22
,,,,阿弟有𡚸阿兄无,,,,,,005_Tie_Suann_Kua_Iau_Chip > 天頂飞雁鵝,22
,,,,阿弟生仔叫大伯,,,,,,005_Tie_Suann_Kua_Iau_Chip > 天頂飞雁鵝,22
,,,,大伯听着无奈何,,,,,,005_Tie_Suann_Kua_Iau_Chip > 天頂飞雁鵝,22
,,,,收拾包裹过暹罗,,,,,,005_Tie_Suann_Kua_Iau_Chip > 天頂飞雁鵝,22
,,,,来去暹罗牽猪哥,,,,,,005_Tie_Suann_Kua_Iau_Chip > 天頂飞雁鵝,22
,,,,賺有錢銀多少寄,,,,,,005_Tie_Suann_Kua_Iau_Chip > 天頂飞雁鵝,22
,,,,寄返唐山𡥘老婆,,,,,,005_Tie_Suann_Kua_Iau_Chip > 天頂飞雁鵝,22
,,,,沙蚝娘,,,,,,005_Tie_Suann_Kua_Iau_Chip > 沙蚝娘,22
,,,,歇在艟,,,,,,005_Tie_Suann_Kua_Iau_Chip > 沙蚝娘,22
,,,,翁扒船,,,,,,005_Tie_Suann_Kua_Iau_Chip > 沙蚝娘,22
,,,,𡚸燒香,,,,,,005_Tie_Suann_Kua_Iau_Chip > 沙蚝娘,22
,,,,保賀兒婿搶头,,,,,,005_Tie_Suann_Kua_Iau_Chip > 沙蚝娘,22
,,,,拖,,,,,,005_Tie_Suann_Kua_Iau_Chip > 沙蚝娘,22
,,,,阿姊嫁溪我嫁溪,,,,,,005_Tie_Suann_Kua_Iau_Chip > 阿姊嫁溪我嫁溪,23
,,,,嫁去三年挽草笼,,,,,,005_Tie_Suann_Kua_Iau_Chip > 阿姊嫁溪我嫁溪,23
,,,,老父生日我来做,,,,,,005_Tie_Suann_Kua_Iau_Chip > 阿姊嫁溪我嫁溪,23
,,,,一橄甜粿共对鷄,,,,,,005_Tie_Suann_Kua_Iau_Chip > 阿姊嫁溪我嫁溪,23
,,,,阿姊嫁河我嫁河,,,,,,005_Tie_Suann_Kua_Iau_Chip > 阿姊嫁溪我嫁溪,23
,,,,嫁去三年挽草毛,,,,,,005_Tie_Suann_Kua_Iau_Chip > 阿姊嫁溪我嫁溪,23
,,,,老父生日我来做,,,,,,005_Tie_Suann_Kua_Iau_Chip > 阿姊嫁溪我嫁溪,23
,,,,一橄甜粿共对鹅,,,,,,005_Tie_Suann_Kua_Iau_Chip > 阿姊嫁溪我嫁溪,23
,,,,莉仔花,,,,,,005_Tie_Suann_Kua_Iau_Chip > 莉仔花,23
,,,,白披披,,,,,,005_Tie_Suann_Kua_Iau_Chip > 莉仔花,23
,,,,秀才行过拗一枝,,,,,,005_Tie_Suann_Kua_Iau_Chip > 莉仔花,23
,,,,人人問伊拗乜事,,,,,,005_Tie_Suann_Kua_Iau_Chip > 莉仔花,23
,,,,拗給娘仔插鬢边,,,,,,005_Tie_Suann_Kua_Iau_Chip > 莉仔花,23
,,,,門脚人掘溝,,,,,,005_Tie_Suann_Kua_Iau_Chip > 門脚人掘溝,23
,,,,掘着一对銀鎖头,,,,,,005_Tie_Suann_Kua_Iau_Chip > 門脚人掘溝,23
,,,,一个給娘鎖囊仔,,,,,,005_Tie_Suann_Kua_Iau_Chip > 門脚人掘溝,23
,,,,一个給君鎖門楼,,,,,,005_Tie_Suann_Kua_Iau_Chip > 門脚人掘溝,23
,,,,門脚人掘池,,,,,,005_Tie_Suann_Kua_Iau_Chip > 門脚人掘溝,23
,,,,掘着一对銀鎖匙,,,,,,005_Tie_Suann_Kua_Iau_Chip > 門脚人掘溝,23
,,,,一枝給娘开囊仔,,,,,,005_Tie_Suann_Kua_Iau_Chip > 門脚人掘溝,23
,,,,一枝給君开門櫃,,,,,,005_Tie_Suann_Kua_Iau_Chip > 門脚人掘溝,23
,,,,門脚人掘河,,,,,,005_Tie_Suann_Kua_Iau_Chip > 門脚人掘溝,23
,,,,掘着一对銀猪槽,,,,,,005_Tie_Suann_Kua_Iau_Chip > 門脚人掘溝,23
,,,,一个給娘飼猪仔,,,,,,005_Tie_Suann_Kua_Iau_Chip > 門脚人掘溝,23
,,,,一个給君飼八哥,,,,,,005_Tie_Suann_Kua_Iau_Chip > 門脚人掘溝,23
,,,,个給君插花英,,,,,,005_Tie_Suann_Kua_Iau_Chip > 門脚人掘溝,24
,,,,龙眼龙眼龙眼枝,,,,,,005_Tie_Suann_Kua_Iau_Chip > 龙眼龙眼龙眼枝,24
,,,,阮要龙眼做媒姨,,,,,,005_Tie_Suann_Kua_Iau_Chip > 龙眼龙眼龙眼枝,24
,,,,阮要伊人做阮𡚸,,,,,,005_Tie_Suann_Kua_Iau_Chip > 龙眼龙眼龙眼枝,24
,,,,情愿唔賺三日錢,,,,,,005_Tie_Suann_Kua_Iau_Chip > 龙眼龙眼龙眼枝,24
,,,,龙眼龙眼龙眼皮,,,,,,005_Tie_Suann_Kua_Iau_Chip > 龙眼龙眼龙眼枝,24
,,,,阮要龙眼做阮媒,,,,,,005_Tie_Suann_Kua_Iau_Chip > 龙眼龙眼龙眼枝,24
,,,,阮要伊人做阮𡚸,,,,,,005_Tie_Suann_Kua_Iau_Chip > 龙眼龙眼龙眼枝,24
,,,,情愿唔食三日糜,,,,,,005_Tie_Suann_Kua_Iau_Chip > 龙眼龙眼龙眼枝,24
,,,,一碟榄欖一碟姜,,,,,,005_Tie_Suann_Kua_Iau_Chip > 一碟榄欖一碟姜,24
,,,,捧入房內飼新娘,,,,,,005_Tie_Suann_Kua_Iau_Chip > 一碟榄欖一碟姜,24
,,,,食阮羹飯从阮命,,,,,,005_Tie_Suann_Kua_Iau_Chip > 一碟榄欖一碟姜,24
,,,,敬大惜細是賢娘,,,,,,005_Tie_Suann_Kua_Iau_Chip > 一碟榄欖一碟姜,24
,,,,一碟榄欖一碟葱,,,,,,005_Tie_Suann_Kua_Iau_Chip > 一碟榄欖一碟姜,24
,,,,捧入房內飼新人,,,,,,005_Tie_Suann_Kua_Iau_Chip > 一碟榄欖一碟姜,24
,,,,食阮羹飯从阮命,,,,,,005_Tie_Suann_Kua_Iau_Chip > 一碟榄欖一碟姜,24
,,,,敬大惜細是賢人,,,,,,005_Tie_Suann_Kua_Iau_Chip > 一碟榄欖一碟姜,24
,,,,一双銀筯插落河,,,,,,005_Tie_Suann_Kua_Iau_Chip > 一双銀筯插落河,24
,,,,八幅罗裙水上波,,,,,,005_Tie_Suann_Kua_Iau_Chip > 一双銀筯插落河,24
,,,,新科狀元你唔嫁,,,,,,005_Tie_Suann_Kua_Iau_Chip > 一双銀筯插落河,24
,,,,情愿要嫁給作田哥,,,,,,005_Tie_Suann_Kua_Iau_Chip > 一双銀筯插落河,24
,,,,狀元头戴是烏紗,,,,,,005_Tie_Suann_Kua_Iau_Chip > 一双銀筯插落河,24
,,,,只顧朝廷不顧家,,,,,,005_Tie_Suann_Kua_Iau_Chip > 一双銀筯插落河,24
,,,,情愿,,,,,,005_Tie_Suann_Kua_Iau_Chip > 一双銀筯插落河,24
,,,,心慌慌,,,,,,005_Tie_Suann_Kua_Iau_Chip > 心慌慌,25
,,,,意忙忙,,,,,,005_Tie_Suann_Kua_Iau_Chip > 心慌慌,25
,,,,去到汕头客头行,,,,,,005_Tie_Suann_Kua_Iau_Chip > 心慌慌,25
,,,,客头看见人来坐,,,,,,005_Tie_Suann_Kua_Iau_Chip > 心慌慌,25
,,,,问声人客要顺風,,,,,,005_Tie_Suann_Kua_Iau_Chip > 心慌慌,25
,,,,一直去到实叻坡,,,,,,005_Tie_Suann_Kua_Iau_Chip > 心慌慌,25
,,,,百事无,,,,,,005_Tie_Suann_Kua_Iau_Chip > 心慌慌,25
,,,,上山来作工,,,,,,005_Tie_Suann_Kua_Iau_Chip > 心慌慌,25
,,,,伯公朵隆保平安,,,,,,005_Tie_Suann_Kua_Iau_Chip > 心慌慌,25
,,,,雨来给雨沃,,,,,,005_Tie_Suann_Kua_Iau_Chip > 心慌慌,25
,,,,日出给日曝,,,,,,005_Tie_Suann_Kua_Iau_Chip > 心慌慌,25
,,,,所揽大杉橑,,,,,,005_Tie_Suann_Kua_Iau_Chip > 心慌慌,25
,,,,所作日共夜,,,,,,005_Tie_Suann_Kua_Iau_Chip > 心慌慌,25
,,,,鷄啼五更去冲浴,,,,,,005_Tie_Suann_Kua_Iau_Chip > 心慌慌,25
,,,,冲到浴来是怎生,,,,,,005_Tie_Suann_Kua_Iau_Chip > 心慌慌,25
,,,,海来相阻隔,,,,,,005_Tie_Suann_Kua_Iau_Chip > 心慌慌,25
,,,,㹅得唐山我𡚸来拍抨,,,,,,005_Tie_Suann_Kua_Iau_Chip > 心慌慌,25
,,,,信一封,,,,,,005_Tie_Suann_Kua_Iau_Chip > 心慌慌,25
,,,,银二元,,,,,,005_Tie_Suann_Kua_Iau_Chip > 心慌慌,25
,,,,叫𡚸刻苦勿愁烦,,,,,,005_Tie_Suann_Kua_Iau_Chip > 心慌慌,25
,,,,仔儿着扶持,,,,,,005_Tie_Suann_Kua_Iau_Chip > 心慌慌,25
,,,,敛伊勿赌钱,,,,,,005_Tie_Suann_Kua_Iau_Chip > 心慌慌,25
,,,,田园着力作,,,,,,005_Tie_Suann_Kua_Iau_Chip > 心慌慌,25
,,,,猪仔哩着飼,,,,,,005_Tie_Suann_Kua_Iau_Chip > 心慌慌,25
,,,,等到我赚有,,,,,,005_Tie_Suann_Kua_Iau_Chip > 心慌慌,25
,,,,紧紧回唐来团圆,,,,,,005_Tie_Suann_Kua_Iau_Chip > 心慌慌,25
,,,,天頂一只鹞鹰婆,,,,,,005_Tie_Suann_Kua_Iau_Chip > 天頂一只鹞鹰婆,25
,,,,人人有𡚸乃我无,,,,,,005_Tie_Suann_Kua_Iau_Chip > 天頂一只鹞鹰婆,25
,,,,阿嫂呀,,,,,,005_Tie_Suann_Kua_Iau_Chip > 天頂一只鹞鹰婆,25
,,,,要哩孝给我,,,,,,005_Tie_Suann_Kua_Iau_Chip > 天頂一只鹞鹰婆,25
,,,,勿哩我要过暹罗,,,,,,005_Tie_Suann_Kua_Iau_Chip > 天頂一只鹞鹰婆,25
,,,,織綜,,,,,,005_Tie_Suann_Kua_Iau_Chip > 一只麻雀在处墩,26
,,,,織有一件迭囊輥,,,,,,005_Tie_Suann_Kua_Iau_Chip > 一只麻雀在处墩,26
,,,,一只麻雀在处楼,,,,,,005_Tie_Suann_Kua_Iau_Chip > 一只麻雀在处墩,26
,,,,共人抱仔无功劳,,,,,,005_Tie_Suann_Kua_Iau_Chip > 一只麻雀在处墩,26
,,,,各人攞筐去織綜,,,,,,005_Tie_Suann_Kua_Iau_Chip > 一只麻雀在处墩,26
,,,,織有一件迭囊头,,,,,,005_Tie_Suann_Kua_Iau_Chip > 一只麻雀在处墩,26
,,,,莉仔花,,,,,,005_Tie_Suann_Kua_Iau_Chip > 莉仔花,26
,,,,白披披,,,,,,005_Tie_Suann_Kua_Iau_Chip > 莉仔花,26
,,,,阿妹攞飯到田边,,,,,,005_Tie_Suann_Kua_Iau_Chip > 莉仔花,26
,,,,保贺阿兄年冬好,,,,,,005_Tie_Suann_Kua_Iau_Chip > 莉仔花,26
,,,,金釵重重打一枝,,,,,,005_Tie_Suann_Kua_Iau_Chip > 莉仔花,26
,,,,莉仔花,,,,,,005_Tie_Suann_Kua_Iau_Chip > 莉仔花,26
,,,,白抛抛,,,,,,005_Tie_Suann_Kua_Iau_Chip > 莉仔花,26
,,,,阿妹攞飯到田头,,,,,,005_Tie_Suann_Kua_Iau_Chip > 莉仔花,26
,,,,保贺阿兄年冬好,,,,,,005_Tie_Suann_Kua_Iau_Chip > 莉仔花,26
,,,,金釵重重打一抛,,,,,,005_Tie_Suann_Kua_Iau_Chip > 莉仔花,26
,,,,井底一塊板,,,,,,005_Tie_Suann_Kua_Iau_Chip > 井底一塊板,26
,,,,三人汲水沃唔干,,,,,,005_Tie_Suann_Kua_Iau_Chip > 井底一塊板,26
,,,,待俺老伙行开去,,,,,,005_Tie_Suann_Kua_Iau_Chip > 井底一塊板,26
,,,,待恁后生花枝对花丛,,,,,,005_Tie_Suann_Kua_Iau_Chip > 井底一塊板,26
,,,,井底一塊石,,,,,,005_Tie_Suann_Kua_Iau_Chip > 井底一塊板,26
,,,,三人汲水沃唔着,,,,,,005_Tie_Suann_Kua_Iau_Chip > 井底一塊板,26
,,,,待俺老伙行开去,,,,,,005_Tie_Suann_Kua_Iau_Chip > 井底一塊板,26
,,,,待恁后生花枝对花叶,,,,,,005_Tie_Suann_Kua_Iau_Chip > 井底一塊板,26
,,,,井底一个球,,,,,,005_Tie_Suann_Kua_Iau_Chip > 井底一塊板,26
,,,,君呀汲水給娘揪,,,,,,005_Tie_Suann_Kua_Iau_Chip > 井底一塊板,26
,,,,問娘会輕呀会重,,,,,,005_Tie_Suann_Kua_Iau_Chip > 井底一塊板,26
,,,,唔輕唔重正好揪,,,,,,005_Tie_Suann_Kua_Iau_Chip > 井底一塊板,26
,,,,井底一个柑,,,,,,005_Tie_Suann_Kua_Iau_Chip > 井底一塊板,26
,,,,君呀汲水給娘担,,,,,,005_Tie_Suann_Kua_Iau_Chip > 井底一塊板,26
,,,,問娘会輕呀会重,,,,,,005_Tie_Suann_Kua_Iau_Chip > 井底一塊板,26
,,,,唔輕唔,,,,,,005_Tie_Suann_Kua_Iau_Chip > 井底一塊板,26
,,,,臼头舂米心头青,,,,,,005_Tie_Suann_Kua_Iau_Chip > 臼头舂米心头青,27
,,,,怨父怨母怨大家,,,,,,005_Tie_Suann_Kua_Iau_Chip > 臼头舂米心头青,27
,,,,怨我爹娘收人聘,,,,,,005_Tie_Suann_Kua_Iau_Chip > 臼头舂米心头青,27
,,,,叫我细细怎呢会理家,,,,,,005_Tie_Suann_Kua_Iau_Chip > 臼头舂米心头青,27
,,,,臼头舂米目圈红,,,,,,005_Tie_Suann_Kua_Iau_Chip > 臼头舂米心头青,27
,,,,怨父怨母怨媒人,,,,,,005_Tie_Suann_Kua_Iau_Chip > 臼头舂米心头青,27
,,,,怨我爹娘收人聘,,,,,,005_Tie_Suann_Kua_Iau_Chip > 臼头舂米心头青,27
,,,,叫我细细怎呢会做人,,,,,,005_Tie_Suann_Kua_Iau_Chip > 臼头舂米心头青,27
,,,,一把红箸廿四枝,,,,,,005_Tie_Suann_Kua_Iau_Chip > 一把红箸廿四枝,27
,,,,怨父怨母怨媒姨,,,,,,005_Tie_Suann_Kua_Iau_Chip > 一把红箸廿四枝,27
,,,,怨父怨母收人聘,,,,,,005_Tie_Suann_Kua_Iau_Chip > 一把红箸廿四枝,27
,,,,叫我细细嫁了要怎呢,,,,,,005_Tie_Suann_Kua_Iau_Chip > 一把红箸廿四枝,27
,,,,一把红箸廿四双,,,,,,005_Tie_Suann_Kua_Iau_Chip > 一把红箸廿四枝,27
,,,,怨父怨母怨媒人,,,,,,005_Tie_Suann_Kua_Iau_Chip > 一把红箸廿四枝,27
,,,,怨父怨母收人聘,,,,,,005_Tie_Suann_Kua_Iau_Chip > 一把红箸廿四枝,27
,,,,叫我细细就嫁人,,,,,,005_Tie_Suann_Kua_Iau_Chip > 一把红箸廿四枝,27
,,,,耽亏好织无亏絲,,,,,,005_Tie_Suann_Kua_Iau_Chip > 耽亏好织无亏絲,27
,,,,家官罵娘垂垂啼,,,,,,005_Tie_Suann_Kua_Iau_Chip > 耽亏好织无亏絲,27
,,,,想做家官当父,,,,,,005_Tie_Suann_Kua_Iau_Chip > 耽亏好织无亏絲,27
,,,,耽苧好織无苧头,,,,,,005_Tie_Suann_Kua_Iau_Chip > 耽亏好织无亏絲,28
,,,,家官罵娘目汁流,,,,,,005_Tie_Suann_Kua_Iau_Chip > 耽亏好织无亏絲,28
,,,,想做家官当父母,,,,,,005_Tie_Suann_Kua_Iau_Chip > 耽亏好织无亏絲,28
,,,,舍得云开見日头,,,,,,005_Tie_Suann_Kua_Iau_Chip > 耽亏好织无亏絲,28
,,,,指甲長長好捻葱,,,,,,005_Tie_Suann_Kua_Iau_Chip > 指甲長長好捻葱,28
,,,,捻得三百六十叢,,,,,,005_Tie_Suann_Kua_Iau_Chip > 指甲長長好捻葱,28
,,,,无好园地种唔起,,,,,,005_Tie_Suann_Kua_Iau_Chip > 指甲長長好捻葱,28
,,,,无好郎君耽誤人,,,,,,005_Tie_Suann_Kua_Iau_Chip > 指甲長長好捻葱,28
,,,,指甲長長好捻姜,,,,,,005_Tie_Suann_Kua_Iau_Chip > 指甲長長好捻葱,28
,,,,捻得三百六十厢,,,,,,005_Tie_Suann_Kua_Iau_Chip > 指甲長長好捻葱,28
,,,,无好园地种唔起,,,,,,005_Tie_Suann_Kua_Iau_Chip > 指甲長長好捻葱,28
,,,,无好郎君耽誤娘,,,,,,005_Tie_Suann_Kua_Iau_Chip > 指甲長長好捻葱,28
,,,,我个母亲恶心腸,,,,,,005_Tie_Suann_Kua_Iau_Chip > 我个母亲恶心腸,28
,,,,嫁女嫁給烏龙黃,,,,,,005_Tie_Suann_Kua_Iau_Chip > 我个母亲恶心腸,28
,,,,脚仔細細勒山路,,,,,,005_Tie_Suann_Kua_Iau_Chip > 我个母亲恶心腸,28
,,,,面仔白白受風霜,,,,,,005_Tie_Suann_Kua_Iau_Chip > 我个母亲恶心腸,28
,,,,我个母亲恶心肝,,,,,,005_Tie_Suann_Kua_Iau_Chip > 我个母亲恶心腸,28
,,,,嫁女嫁給烏东山,,,,,,005_Tie_Suann_Kua_Iau_Chip > 我个母亲恶心腸,28
,,,,脚仔細細勒山路,,,,,,005_Tie_Suann_Kua_Iau_Chip > 我个母亲恶心腸,28
,,,,只身寂寞受孤單,,,,,,005_Tie_Suann_Kua_Iau_Chip > 我个母亲恶心腸,28
,,,,駡声叔嬸太糊涂,,,,,,005_Tie_Suann_Kua_Iau_Chip > 駡声叔嬸太糊涂,28
,,,,无端将妹嫁腰龟,,,,,,005_Tie_Suann_Kua_Iau_Chip > 駡声叔嬸太糊涂,28
,,,,此亲若是不早退,,,,,,005_Tie_Suann_Kua_Iau_Chip > 駡声叔嬸太糊涂,28
,,,,小小雞,,,,,,005_Tie_Suann_Kua_Iau_Chip > 小小雞,29
,,,,遍身黃,,,,,,005_Tie_Suann_Kua_Iau_Chip > 小小雞,29
,,,,地个兒女不想娘,,,,,,005_Tie_Suann_Kua_Iau_Chip > 小小雞,29
,,,,想起娘來无处去,,,,,,005_Tie_Suann_Kua_Iau_Chip > 小小雞,29
,,,,关起房門哭一場,,,,,,005_Tie_Suann_Kua_Iau_Chip > 小小雞,29
,,,,虽是公婆待我好,,,,,,005_Tie_Suann_Kua_Iau_Chip > 小小雞,29
,,,,那及自己亲生娘,,,,,,005_Tie_Suann_Kua_Iau_Chip > 小小雞,29
,,,,新新吊桶新新籮,,,,,,005_Tie_Suann_Kua_Iau_Chip > 新新吊桶新新籮,29
,,,,新新篩斗篩蕃粗,,,,,,005_Tie_Suann_Kua_Iau_Chip > 新新吊桶新新籮,29
,,,,媳妇哩是别人仔,,,,,,005_Tie_Suann_Kua_Iau_Chip > 新新吊桶新新籮,29
,,,,原來爹媽惜細姑,,,,,,005_Tie_Suann_Kua_Iau_Chip > 新新吊桶新新籮,29
,,,,新新吊桶新新樑,,,,,,005_Tie_Suann_Kua_Iau_Chip > 新新吊桶新新籮,29
,,,,新新篩斗篩也強,,,,,,005_Tie_Suann_Kua_Iau_Chip > 新新吊桶新新籮,29
,,,,媳妇哩是别人仔,,,,,,005_Tie_Suann_Kua_Iau_Chip > 新新吊桶新新籮,29
,,,,原來爹媽惜細娘,,,,,,005_Tie_Suann_Kua_Iau_Chip > 新新吊桶新新籮,29
,,,,井底种胭脂,,,,,,005_Tie_Suann_Kua_Iau_Chip > 井底种胭脂,29
,,,,四面开花廿四枝,,,,,,005_Tie_Suann_Kua_Iau_Chip > 井底种胭脂,29
,,,,阿兄种花阿嫂插,,,,,,005_Tie_Suann_Kua_Iau_Chip > 井底种胭脂,29
,,,,姑仔唔敢拗一枝,,,,,,005_Tie_Suann_Kua_Iau_Chip > 井底种胭脂,29
,,,,井底种勝投,,,,,,005_Tie_Suann_Kua_Iau_Chip > 井底种胭脂,29
,,,,四面开花廿四抛,,,,,,005_Tie_Suann_Kua_Iau_Chip > 井底种胭脂,29
,,,,阿兄种花阿嫂插,,,,,,005_Tie_Suann_Kua_Iau_Chip > 井底种胭脂,29
,,,,姑仔唔敢拗一抛,,,,,,005_Tie_Suann_Kua_Iau_Chip > 井底种胭脂,29
,,,,开开后门三嶼河,,,,,,005_Tie_Suann_Kua_Iau_Chip > 开开后门三嶼河,30
,,,,同寅姊妹叫敕桃,,,,,,005_Tie_Suann_Kua_Iau_Chip > 开开后门三嶼河,30
,,,,父母严条唔敢去,,,,,,005_Tie_Suann_Kua_Iau_Chip > 开开后门三嶼河,30
,,,,假意开門去呴鵝,,,,,,005_Tie_Suann_Kua_Iau_Chip > 开开后门三嶼河,30
,,,,开开后門三嶼溪,,,,,,005_Tie_Suann_Kua_Iau_Chip > 开开后门三嶼河,30
,,,,同寅姊妹叫綉鞋,,,,,,005_Tie_Suann_Kua_Iau_Chip > 开开后门三嶼河,30
,,,,父母严条唔敢去,,,,,,005_Tie_Suann_Kua_Iau_Chip > 开开后门三嶼河,30
,,,,假意开門去呴雞,,,,,,005_Tie_Suann_Kua_Iau_Chip > 开开后门三嶼河,30
,,,,水仙花,,,,,,005_Tie_Suann_Kua_Iau_Chip > 水仙花,30
,,,,脚生英,,,,,,005_Tie_Suann_Kua_Iau_Chip > 水仙花,30
,,,,阿姊有,,,,,,005_Tie_Suann_Kua_Iau_Chip > 水仙花,30
,,,,阿妹窍,,,,,,005_Tie_Suann_Kua_Iau_Chip > 水仙花,30
,,,,寻到裙来衫又破,,,,,,005_Tie_Suann_Kua_Iau_Chip > 水仙花,30
,,,,畲得共姊去看灯,,,,,,005_Tie_Suann_Kua_Iau_Chip > 水仙花,30
,,,,水仙花,,,,,,005_Tie_Suann_Kua_Iau_Chip > 水仙花,30
,,,,脚生毛,,,,,,005_Tie_Suann_Kua_Iau_Chip > 水仙花,30
,,,,阿姊有,,,,,,005_Tie_Suann_Kua_Iau_Chip > 水仙花,30
,,,,阿妹无,,,,,,005_Tie_Suann_Kua_Iau_Chip > 水仙花,30
,,,,寻到裙来衫又破,,,,,,005_Tie_Suann_Kua_Iau_Chip > 水仙花,30
,,,,畲得共姊去敕桃,,,,,,005_Tie_Suann_Kua_Iau_Chip > 水仙花,30
,,,,天頂吊金桃,,,,,,005_Tie_Suann_Kua_Iau_Chip > 天頂吊金桃,30
,,,,有人富来有人无,,,,,,005_Tie_Suann_Kua_Iau_Chip > 天頂吊金桃,30
,,,,阿姊嫁給状元婿,,,,,,005_Tie_Suann_Kua_Iau_Chip > 天頂吊金桃,30
,,,,阿妹嫁給牵猪哥,,,,,,005_Tie_Suann_Kua_Iau_Chip > 天頂吊金桃,30
,,,,姊去敷桃,,,,,,005_Tie_Suann_Kua_Iau_Chip > 燕鸟燕飞梭,31
,,,,燕鸟燕鸟弓,,,,,,005_Tie_Suann_Kua_Iau_Chip > 燕鸟燕飞梭,31
,,,,阿姊嫁富妹嫁穷,,,,,,005_Tie_Suann_Kua_Iau_Chip > 燕鸟燕飞梭,31
,,,,阿姊穿綾妹穿布,,,,,,005_Tie_Suann_Kua_Iau_Chip > 燕鸟燕飞梭,31
,,,,怎敢跟姊去入宫,,,,,,005_Tie_Suann_Kua_Iau_Chip > 燕鸟燕飞梭,31
,,,,开开后头是后门,,,,,,005_Tie_Suann_Kua_Iau_Chip > 开开后头是后门,31
,,,,七粒珠星做一群,,,,,,005_Tie_Suann_Kua_Iau_Chip > 开开后头是后门,31
,,,,珠星在許月在只,,,,,,005_Tie_Suann_Kua_Iau_Chip > 开开后头是后门,31
,,,,不见同寅鼻头酸,,,,,,005_Tie_Suann_Kua_Iau_Chip > 开开后头是后门,31
,,,,开开后门是后头,,,,,,005_Tie_Suann_Kua_Iau_Chip > 开开后头是后门,31
,,,,七粒珠星做一抛,,,,,,005_Tie_Suann_Kua_Iau_Chip > 开开后头是后门,31
,,,,珠星在許月在只,,,,,,005_Tie_Suann_Kua_Iau_Chip > 开开后头是后门,31
,,,,不见同寅目汁流,,,,,,005_Tie_Suann_Kua_Iau_Chip > 开开后头是后门,31
,,,,处頂晒豆干,,,,,,005_Tie_Suann_Kua_Iau_Chip > 处頂晒豆干,31
,,,,雅雅婆娘在南山,,,,,,005_Tie_Suann_Kua_Iau_Chip > 处頂晒豆干,31
,,,,生錢生銀共伊孥,,,,,,005_Tie_Suann_Kua_Iau_Chip > 处頂晒豆干,31
,,,,孥着个物鸟心肝,,,,,,005_Tie_Suann_Kua_Iau_Chip > 处頂晒豆干,31
,,,,处頂晒脚縅,,,,,,005_Tie_Suann_Kua_Iau_Chip > 处頂晒豆干,31
,,,,雅雅婆娘在溪边,,,,,,005_Tie_Suann_Kua_Iau_Chip > 处頂晒豆干,31
,,,,生錢生銀共伊孥,,,,,,005_Tie_Suann_Kua_Iau_Chip > 处頂晒豆干,31
,,,,孥着个物廲目墘,,,,,,005_Tie_Suann_Kua_Iau_Chip > 处頂晒豆干,31
,,,,碗头白米飼鷄翁,,,,,,005_Tie_Suann_Kua_Iau_Chip > 碗头白米飼鷄翁,31
,,,,飼加一把亦会红,,,,,,005_Tie_Suann_Kua_Iau_Chip > 碗头白米飼鷄翁,31
,,,,日到年就去脚坩,,,,,,005_Tie_Suann_Kua_Iau_Chip > 碗头白米飼鷄翁,31
,,,,碗头白米飼膠雎,,,,,,005_Tie_Suann_Kua_Iau_Chip > 碗头白米飼鷄翁,32
,,,,飼加一把亦会肥,,,,,,005_Tie_Suann_Kua_Iau_Chip > 碗头白米飼鷄翁,32
,,,,日到午时去膡姒,,,,,,005_Tie_Suann_Kua_Iau_Chip > 碗头白米飼鷄翁,32
,,,,膡見娘仔留毛菱,,,,,,005_Tie_Suann_Kua_Iau_Chip > 碗头白米飼鷄翁,32
,,,,闸员县長县丕丕,,,,,,005_Tie_Suann_Kua_Iau_Chip > 碗头白米飼鷄翁,32
,,,,弟兄○布主里来,,,,,,005_Tie_Suann_Kua_Iau_Chip > 碗头白米飼鷄翁,32
,,,,第一鷄是烧妆土,,,,,,005_Tie_Suann_Kua_Iau_Chip > 碗头白米飼鷄翁,32
,,,,所问是来时代代,,,,,,005_Tie_Suann_Kua_Iau_Chip > 碗头白米飼鷄翁,32
,,,,似本前同县示,,,,,,005_Tie_Suann_Kua_Iau_Chip > 碗头白米飼鷄翁,32
,,,,○且,,,,,,005_Tie_Suann_Kua_Iau_Chip > 碗头白米飼鷄翁,32
,,,,尺成尺飼时量弄,,,,,,005_Tie_Suann_Kua_Iau_Chip > 碗头白米飼鷄翁,32
,,,,○塑一说负烦捺士,,,,,,005_Tie_Suann_Kua_Iau_Chip > 碗头白米飼鷄翁,32
,,,,先得量倌烦平平,,,,,,005_Tie_Suann_Kua_Iau_Chip > 碗头白米飼鷄翁,32
,,,,弟书目有图见木,,,,,,005_Tie_Suann_Kua_Iau_Chip > 碗头白米飼鷄翁,32
,,,,特 决——紧一聊　·由烦——八海　·赌九——怕,,,,,,005_Tie_Suann_Kua_Iau_Chip > 碗头白米飼鷄翁,32
,,,,于 互 聊 · 形 分,,,,,,005_Tie_Suann_Kua_Iau_Chip > 碗头白米飼鷄翁,32
,,,,零 、学相共换字数老,,,,,,005_Tie_Suann_Kua_Iau_Chip > 碗头白米飼鷄翁,32
,,,,山烦济烧告解邪,,,,,,005_Tie_Suann_Kua_Iau_Chip > 碗头白米飼鷄翁,32
,,,,王互南间 扯,,,,,,005_Tie_Suann_Kua_Iau_Chip > 碗头白米飼鷄翁,32
,,,,和么截个管,,,,,,005_Tie_Suann_Kua_Iau_Chip > 碗头白米飼鷄翁,32
,,,,个箍零,,,,,,005_Tie_Suann_Kua_Iau_Chip > 碗头白米飼鷄翁,32
,,,,零们共极止膺王,,,,,,005_Tie_Suann_Kua_Iau_Chip > 碗头白米飼鷄翁,32
,,,,症济乃休寿烦邪、邪偷西印找,,,,,,005_Tie_Suann_Kua_Iau_Chip > 碗头白米飼鷄翁,32
,,,,弹日爆胖,,,,,,005_Tie_Suann_Kua_Iau_Chip > 碗头白米飼鷄翁,32
,,,,○空磁斧倡多,,,,,,005_Tie_Suann_Kua_Iau_Chip > 碗头白米飼鷄翁,32
,,,,善大图一支　　·于立的绿美——鸦落磊形　·凉达——形参○,,,,,,005_Tie_Suann_Kua_Iau_Chip > 碗头白米飼鷄翁,32
,,,,回膘——一柴且量温　　·官官鷄寿活命——推止聊神,,,,,,005_Tie_Suann_Kua_Iau_Chip > 碗头白米飼鷄翁,32
,,,,今载膜夹壮夫蒸,,,,,,005_Tie_Suann_Kua_Iau_Chip > 碗头白米飼鷄翁,32
,,,,冯乒冯,,,,,,005_Tie_Suann_Kua_Iau_Chip > 冯乒冯,33
,,,,冯伯去牵船,,,,,,005_Tie_Suann_Kua_Iau_Chip > 冯乒冯,33
,,,,冯媽做媒人,,,,,,005_Tie_Suann_Kua_Iau_Chip > 冯乒冯,33
,,,,阿头扛轿子,,,,,,005_Tie_Suann_Kua_Iau_Chip > 冯乒冯,33
,,,,阿愚擎灯笼,,,,,,005_Tie_Suann_Kua_Iau_Chip > 冯乒冯,33
,,,,一家刻苦够,,,,,,005_Tie_Suann_Kua_Iau_Chip > 冯乒冯,33
,,,,苦久亲象人,,,,,,005_Tie_Suann_Kua_Iau_Chip > 冯乒冯,33
,,,,还、还、还,,,,,,005_Tie_Suann_Kua_Iau_Chip > 还、还、还,33
,,,,大桥扛到大门笫,,,,,,005_Tie_Suann_Kua_Iau_Chip > 还、还、还,33
,,,,娘仔你勿哭,,,,,,005_Tie_Suann_Kua_Iau_Chip > 还、还、还,33
,,,,加二里,,,,,,005_Tie_Suann_Kua_Iau_Chip > 还、还、还,33
,,,,路就到,,,,,,005_Tie_Suann_Kua_Iau_Chip > 还、还、还,33
,,,,新眠床,,,,,,005_Tie_Suann_Kua_Iau_Chip > 还、还、还,33
,,,,新鋪盖,,,,,,005_Tie_Suann_Kua_Iau_Chip > 还、还、还,33
,,,,新家官新儿婿,,,,,,005_Tie_Suann_Kua_Iau_Chip > 还、还、还,33
,,,,轿埠伯,,,,,,005_Tie_Suann_Kua_Iau_Chip > 还、还、还,33
,,,,你唔知,,,,,,005_Tie_Suann_Kua_Iau_Chip > 还、还、还,33
,,,,离父离母惨过剖,,,,,,005_Tie_Suann_Kua_Iau_Chip > 还、还、还,33
,,,,门脚一丛梅,,,,,,005_Tie_Suann_Kua_Iau_Chip > 门脚一丛梅,33
,,,,斩头斩尾做牛篁,,,,,,005_Tie_Suann_Kua_Iau_Chip > 门脚一丛梅,33
,,,,眠起牵牛对你门脚过,,,,,,005_Tie_Suann_Kua_Iau_Chip > 门脚一丛梅,33
,,,,看见恁父儿母仔在分冷麽,,,,,,005_Tie_Suann_Kua_Iau_Chip > 门脚一丛梅,33
,,,,门脚一丛柑,,,,,,005_Tie_Suann_Kua_Iau_Chip > 门脚一丛梅,33
,,,,斩头斩尾做牛担,,,,,,005_Tie_Suann_Kua_Iau_Chip > 门脚一丛梅,33
,,,,眠起牵牛对你门脚过,,,,,,005_Tie_Suann_Kua_Iau_Chip > 门脚一丛梅,33
,,,,看见恁伯公乜母仔在分碌柑,,,,,,005_Tie_Suann_Kua_Iau_Chip > 门脚一丛梅,33
,,,,蚋蛛食飽混瓦窗,,,,,,005_Tie_Suann_Kua_Iau_Chip > 蚋蛛食飽混瓦窗,34
,,,,自細綴着父母窮,,,,,,005_Tie_Suann_Kua_Iau_Chip > 蚋蛛食飽混瓦窗,34
,,,,也无糜飯食到飽,,,,,,005_Tie_Suann_Kua_Iau_Chip > 蚋蛛食飽混瓦窗,34
,,,,也无閑身去拉英,,,,,,005_Tie_Suann_Kua_Iau_Chip > 蚋蛛食飽混瓦窗,34
,,,,大鹅咬細鹅,,,,,,005_Tie_Suann_Kua_Iau_Chip > 大鹅咬细鹅,34
,,,,阿弟有𡚸阿兄无,,,,,,005_Tie_Suann_Kua_Iau_Chip > 大鹅咬细鹅,34
,,,,阿弟生仔叫大伯,,,,,,005_Tie_Suann_Kua_Iau_Chip > 大鹅咬细鹅,34
,,,,大伯听着无奈何,,,,,,005_Tie_Suann_Kua_Iau_Chip > 大鹅咬细鹅,34
,,,,摯枝白扇对面遮,,,,,,005_Tie_Suann_Kua_Iau_Chip > 大鹅咬细鹅,34
,,,,一来怨母二怨爹,,,,,,005_Tie_Suann_Kua_Iau_Chip > 大鹅咬细鹅,34
,,,,怨我爹爹无主意,,,,,,005_Tie_Suann_Kua_Iau_Chip > 大鹅咬细鹅,34
,,,,做事唔是这些行,,,,,,005_Tie_Suann_Kua_Iau_Chip > 大鹅咬细鹅,34
,,,,烏云飞过白云遮,,,,,,005_Tie_Suann_Kua_Iau_Chip > 烏云飞过白云遮,34
,,,,龙眼生仔搭枝斜,,,,,,005_Tie_Suann_Kua_Iau_Chip > 烏云飞过白云遮,34
,,,,家官就是娘父母,,,,,,005_Tie_Suann_Kua_Iau_Chip > 烏云飞过白云遮,34
,,,,自己父母靠嫂兄,,,,,,005_Tie_Suann_Kua_Iau_Chip > 烏云飞过白云遮,34
,,,,烏云飞过白云追,,,,,,005_Tie_Suann_Kua_Iau_Chip > 烏云飞过白云遮,34
,,,,龙眼生仔搭枝垂,,,,,,005_Tie_Suann_Kua_Iau_Chip > 烏云飞过白云遮,34
,,,,家官就是娘父母,,,,,,005_Tie_Suann_Kua_Iau_Chip > 烏云飞过白云遮,34
,,,,自己父母兄嫂随,,,,,,005_Tie_Suann_Kua_Iau_Chip > 烏云飞过白云遮,34
,,,,老牛番拖耙,,,,,,005_Tie_Suann_Kua_Iau_Chip > 老牛番拖耙,35
,,,,老狗番吠夜,,,,,,005_Tie_Suann_Kua_Iau_Chip > 老牛番拖耙,35
,,,,老鷄番喒家,,,,,,005_Tie_Suann_Kua_Iau_Chip > 老牛番拖耙,35
,,,,老人无錢无米难度生,,,,,,005_Tie_Suann_Kua_Iau_Chip > 老牛番拖耙,35
,,,,雨在南山来,,,,,,005_Tie_Suann_Kua_Iau_Chip > 雨在南山来,35
,,,,雨在南山沃秀才,,,,,,005_Tie_Suann_Kua_Iau_Chip > 雨在南山来,35
,,,,秀才无錢买雨傘,,,,,,005_Tie_Suann_Kua_Iau_Chip > 雨在南山来,35
,,,,衫笼長長幔过来,,,,,,005_Tie_Suann_Kua_Iau_Chip > 雨在南山来,35
,,,,莿仔花,,,,,,005_Tie_Suann_Kua_Iau_Chip > 莿仔花,35
,,,,开白白,,,,,,005_Tie_Suann_Kua_Iau_Chip > 莿仔花,35
,,,,后处阿娘在挨麦,,,,,,005_Tie_Suann_Kua_Iau_Chip > 莿仔花,35
,,,,大姑舂,,,,,,005_Tie_Suann_Kua_Iau_Chip > 莿仔花,35
,,,,二姑簸,,,,,,005_Tie_Suann_Kua_Iau_Chip > 莿仔花,35
,,,,红車仔,,,,,,005_Tie_Suann_Kua_Iau_Chip > 莿仔花,35
,,,,紡綫播,,,,,,005_Tie_Suann_Kua_Iau_Chip > 莿仔花,35
,,,,节节断,,,,,,005_Tie_Suann_Kua_Iau_Chip > 莿仔花,35
,,,,节节散,,,,,,005_Tie_Suann_Kua_Iau_Chip > 莿仔花,35
,,,,散到水缸脚,,,,,,005_Tie_Suann_Kua_Iau_Chip > 莿仔花,35
,,,,存无二尺半,,,,,,005_Tie_Suann_Kua_Iau_Chip > 莿仔花,35
,,,,莿仔花,,,,,,005_Tie_Suann_Kua_Iau_Chip > 莿仔花,35
,,,,开白白,,,,,,005_Tie_Suann_Kua_Iau_Chip > 莿仔花,35
,,,,后处阿娘在挨麦,,,,,,005_Tie_Suann_Kua_Iau_Chip > 莿仔花,35
,,,,尽管舂,,,,,,005_Tie_Suann_Kua_Iau_Chip > 莿仔花,35
,,,,尽管簸,,,,,,005_Tie_Suann_Kua_Iau_Chip > 莿仔花,35
,,,,阿媽裙带接面綫,,,,,,005_Tie_Suann_Kua_Iau_Chip > 莿仔花,35
,,,,断呀断,,,,,,005_Tie_Suann_Kua_Iau_Chip > 莿仔花,35
,,,,带呀带,,,,,,005_Tie_Suann_Kua_Iau_Chip > 莿仔花,35
,,,,带到猪槽脚,,,,,,005_Tie_Suann_Kua_Iau_Chip > 莿仔花,35
,,,,烦惱猪无糠,,,,,,005_Tie_Suann_Kua_Iau_Chip > 莿仔花,35
,,,,烦惱鸭无卵,,,,,,005_Tie_Suann_Kua_Iau_Chip > 莿仔花,35
,,,,烦惱姑仔欲嫁无嫁妆,,,,,,005_Tie_Suann_Kua_Iau_Chip > 莿仔花,35
,,,,烦惱叔仔欲娶无眠床,,,,,,005_Tie_Suann_Kua_Iau_Chip > 莿仔花,35
,,,,阿公想食瓜,,,,,,005_Tie_Suann_Kua_Iau_Chip > 阿公想食瓜,36
,,,,給瓜擲着嘴唇皮,,,,,,005_Tie_Suann_Kua_Iau_Chip > 阿公想食瓜,36
,,,,三年四年医唔好,,,,,,005_Tie_Suann_Kua_Iau_Chip > 阿公想食瓜,36
,,,,三个媳妇去求杯,,,,,,005_Tie_Suann_Kua_Iau_Chip > 阿公想食瓜,36
,,,,阿公想食飽,,,,,,005_Tie_Suann_Kua_Iau_Chip > 阿公想食瓜,36
,,,,給飽擲着脚头乎,,,,,,005_Tie_Suann_Kua_Iau_Chip > 阿公想食瓜,36
,,,,三年四年医唔好,,,,,,005_Tie_Suann_Kua_Iau_Chip > 阿公想食瓜,36
,,,,三个媳妇去画符,,,,,,005_Tie_Suann_Kua_Iau_Chip > 阿公想食瓜,36
,,,,阿公爱食韭菜羹,,,,,,005_Tie_Suann_Kua_Iau_Chip > 阿公爱食韭菜羹,36
,,,,后头韭菜还未生,,,,,,005_Tie_Suann_Kua_Iau_Chip > 阿公爱食韭菜羹,36
,,,,保贺阿公食百岁,,,,,,005_Tie_Suann_Kua_Iau_Chip > 阿公爱食韭菜羹,36
,,,,牵仔牵孙入書齋,,,,,,005_Tie_Suann_Kua_Iau_Chip > 阿公爱食韭菜羹,36
,,,,阿公爱食韭菜湯,,,,,,005_Tie_Suann_Kua_Iau_Chip > 阿公爱食韭菜羹,36
,,,,后头韭菜还未長,,,,,,005_Tie_Suann_Kua_Iau_Chip > 阿公爱食韭菜羹,36
,,,,保賀阿公食百岁,,,,,,005_Tie_Suann_Kua_Iau_Chip > 阿公爱食韭菜羹,36
,,,,牵,,,,,,005_Tie_Suann_Kua_Iau_Chip > 阿公爱食韭菜羹,36
,,,,一钵芝兰抱在客厅边,,,,,,005_Tie_Suann_Kua_Iau_Chip > 一钵芝兰抱在客厅边,37
,,,,一日灌水一日鮮,,,,,,005_Tie_Suann_Kua_Iau_Chip > 一钵芝兰抱在客厅边,37
,,,,好个媳妇同爹媽,,,,,,005_Tie_Suann_Kua_Iau_Chip > 一钵芝兰抱在客厅边,37
,,,,坏个媳妇同处边,,,,,,005_Tie_Suann_Kua_Iau_Chip > 一钵芝兰抱在客厅边,37
,,,,一钵芝兰抱在客厅中,,,,,,005_Tie_Suann_Kua_Iau_Chip > 一钵芝兰抱在客厅边,37
,,,,一日灌水一日红,,,,,,005_Tie_Suann_Kua_Iau_Chip > 一钵芝兰抱在客厅边,37
,,,,好个媳妇同爹媽,,,,,,005_Tie_Suann_Kua_Iau_Chip > 一钵芝兰抱在客厅边,37
,,,,坏个媳妇同别人,,,,,,005_Tie_Suann_Kua_Iau_Chip > 一钵芝兰抱在客厅边,37
,,,,大嫂担籮跳过池,,,,,,005_Tie_Suann_Kua_Iau_Chip > 大嫂担籮跳过池,37
,,,,一头担籮一头嗻,,,,,,005_Tie_Suann_Kua_Iau_Chip > 大嫂担籮跳过池,37
,,,,早知姑仔命运好,,,,,,005_Tie_Suann_Kua_Iau_Chip > 大嫂担籮跳过池,37
,,,,早分留毛早梳辮,,,,,,005_Tie_Suann_Kua_Iau_Chip > 大嫂担籮跳过池,37
,,,,大嫂担籮跳过溝,,,,,,005_Tie_Suann_Kua_Iau_Chip > 大嫂担籮跳过池,37
,,,,一头担籮目汁流,,,,,,005_Tie_Suann_Kua_Iau_Chip > 大嫂担籮跳过池,37
,,,,早知姑仔命运好,,,,,,005_Tie_Suann_Kua_Iau_Chip > 大嫂担籮跳过池,37
,,,,早分留毛早梳头,,,,,,005_Tie_Suann_Kua_Iau_Chip > 大嫂担籮跳过池,37
,,,,鷄鸟仔,,,,,,005_Tie_Suann_Kua_Iau_Chip > 鷄鸟仔,37
,,,,跳上椅,,,,,,005_Tie_Suann_Kua_Iau_Chip > 鷄鸟仔,37
,,,,伶俐媳妇会早起,,,,,,005_Tie_Suann_Kua_Iau_Chip > 鷄鸟仔,37
,,,,入客厅,,,,,,005_Tie_Suann_Kua_Iau_Chip > 鷄鸟仔,37
,,,,摆床椅,,,,,,005_Tie_Suann_Kua_Iau_Chip > 鷄鸟仔,37
,,,,入灶下,,,,,,005_Tie_Suann_Kua_Iau_Chip > 鷄鸟仔,37
,,,,洗碗碟,,,,,,005_Tie_Suann_Kua_Iau_Chip > 鷄鸟仔,37
,,,,入房内,,,,,,005_Tie_Suann_Kua_Iau_Chip > 鷄鸟仔,37
,,,,用针嗣,,,,,,005_Tie_Suann_Kua_Iau_Chip > 鷄鸟仔,37
,,,,父母会敷示,,,,,,005_Tie_Suann_Kua_Iau_Chip > 鷄鸟仔,37
,,,,翁姑有禧气,,,,,,005_Tie_Suann_Kua_Iau_Chip > 鷄鸟仔,37
,,,,桑娘仔要晴天,,,,,,005_Tie_Suann_Kua_Iau_Chip > 做天难做四月天,38
,,,,天頂一条虹,,,,,,005_Tie_Suann_Kua_Iau_Chip > 天頂一条虹,38
,,,,地下浮革命,,,,,,005_Tie_Suann_Kua_Iau_Chip > 天頂一条虹,38
,,,,革命绞掉辮,,,,,,005_Tie_Suann_Kua_Iau_Chip > 天頂一条虹,38
,,,,娘仔放脚纲,,,,,,005_Tie_Suann_Kua_Iau_Chip > 天頂一条虹,38
,,,,脚纲放来真架势,,,,,,005_Tie_Suann_Kua_Iau_Chip > 天頂一条虹,38
,,,,插枝花仔冻冻戏,,,,,,005_Tie_Suann_Kua_Iau_Chip > 天頂一条虹,38
,,,,文明世界,,,,,,005_Tie_Suann_Kua_Iau_Chip > 文明世界,38
,,,,烟仔食派,,,,,,005_Tie_Suann_Kua_Iau_Chip > 文明世界,38
,,,,女子解放,,,,,,005_Tie_Suann_Kua_Iau_Chip > 文明世界,38
,,,,自由擇婚,,,,,,005_Tie_Suann_Kua_Iau_Chip > 文明世界,38
,,,,天頂一粒星,,,,,,005_Tie_Suann_Kua_Iau_Chip > 天頂一粒星,38
,,,,孨着雅妞又后生,,,,,,005_Tie_Suann_Kua_Iau_Chip > 天頂一粒星,38
,,,,三顿食饭勿物配,,,,,,005_Tie_Suann_Kua_Iau_Chip > 天頂一粒星,38
,,,,一头看妞一头扒,,,,,,005_Tie_Suann_Kua_Iau_Chip > 天頂一粒星,38
,,,,鷄蛋圆圆羹过山,,,,,,005_Tie_Suann_Kua_Iau_Chip > 鷄蛋圆圆羹过山,38
,,,,阿宝个妞打大官,,,,,,005_Tie_Suann_Kua_Iau_Chip > 鷄蛋圆圆羹过山,38
,,,,阿近个妞走来阻,,,,,,005_Tie_Suann_Kua_Iau_Chip > 鷄蛋圆圆羹过山,38
,,,,賢妯唔怕歹大家,,,,,,005_Tie_Suann_Kua_Iau_Chip > 鷄蛋圆圆羹过山,39
,,,,一只鷄仔頻呀頻,,,,,,005_Tie_Suann_Kua_Iau_Chip > 一只鷄仔頻呀頻,39
,,,,頻來礱脚啄米仁,,,,,,005_Tie_Suann_Kua_Iau_Chip > 一只鷄仔頻呀頻,39
,,,,阿兄三十未有𡚸,,,,,,005_Tie_Suann_Kua_Iau_Chip > 一只鷄仔頻呀頻,39
,,,,阿妹細細做夫人,,,,,,005_Tie_Suann_Kua_Iau_Chip > 一只鷄仔頻呀頻,39
,,,,一只鷄仔柯呀柯,,,,,,005_Tie_Suann_Kua_Iau_Chip > 一只鷄仔頻呀頻,39
,,,,柯來礱脚啄米籮,,,,,,005_Tie_Suann_Kua_Iau_Chip > 一只鷄仔頻呀頻,39
,,,,阿兄三十未有𡚸,,,,,,005_Tie_Suann_Kua_Iau_Chip > 一只鷄仔頻呀頻,39
,,,,阿妹細細做太婆,,,,,,005_Tie_Suann_Kua_Iau_Chip > 一只鷄仔頻呀頻,39
,,,,夜昏大家來敖桃,,,,,,005_Tie_Suann_Kua_Iau_Chip > 夜昏大家來敖桃,39
,,,,看見新人摸田螺,,,,,,005_Tie_Suann_Kua_Iau_Chip > 夜昏大家來敖桃,39
,,,,新人头插件件金,,,,,,005_Tie_Suann_Kua_Iau_Chip > 夜昏大家來敖桃,39
,,,,双茹如意插鬃心,,,,,,005_Tie_Suann_Kua_Iau_Chip > 夜昏大家來敖桃,39
,,,,八幅罗裙綉花鳥,,,,,,005_Tie_Suann_Kua_Iau_Chip > 夜昏大家來敖桃,39
,,,,三寸弓鞋实在巧,,,,,,005_Tie_Suann_Kua_Iau_Chip > 夜昏大家來敖桃,39
,,,,天頂吊金桃,,,,,,005_Tie_Suann_Kua_Iau_Chip > 天頂吊金桃,39
,,,,天下有人富貴有人无,,,,,,005_Tie_Suann_Kua_Iau_Chip > 天頂吊金桃,39
,,,,生好也是錢打扮,,,,,,005_Tie_Suann_Kua_Iau_Chip > 天頂吊金桃,39
,,,,八丑綴着父母无,,,,,,005_Tie_Suann_Kua_Iau_Chip > 天頂吊金桃,39
,,,,天頂吊金鐘,,,,,,005_Tie_Suann_Kua_Iau_Chip > 天頂吊金桃,39
,,,,天下有人富貴有人穷,,,,,,005_Tie_Suann_Kua_Iau_Chip > 天頂吊金桃,39
,,,,生好也是錢打扮,,,,,,005_Tie_Suann_Kua_Iau_Chip > 天頂吊金桃,39
,,,,八丑綴着父母穷,,,,,,005_Tie_Suann_Kua_Iau_Chip > 天頂吊金桃,39
,,,,池迭池,,,,,,005_Tie_Suann_Kua_Iau_Chip > 池迭池,40
,,,,爽利娘仔鬓髻圆,,,,,,005_Tie_Suann_Kua_Iau_Chip > 池迭池,40
,,,,手捧籠筐续细綜,,,,,,005_Tie_Suann_Kua_Iau_Chip > 池迭池,40
,,,,脚踏搖籃睥孩儿,,,,,,005_Tie_Suann_Kua_Iau_Chip > 池迭池,40
,,,,埔迭埔,,,,,,005_Tie_Suann_Kua_Iau_Chip > 池迭池,40
,,,,爽利娘仔鬓髻烏,,,,,,005_Tie_Suann_Kua_Iau_Chip > 池迭池,40
,,,,手捧籠筐续细綜,,,,,,005_Tie_Suann_Kua_Iau_Chip > 池迭池,40
,,,,脚踏搖籃睥逗埔,,,,,,005_Tie_Suann_Kua_Iau_Chip > 池迭池,40
,,,,买芋芋头红,,,,,,005_Tie_Suann_Kua_Iau_Chip > 买芋芋头红,40
,,,,給娘好续又好行,,,,,,005_Tie_Suann_Kua_Iau_Chip > 买芋芋头红,40
,,,,給君穿去人呵哝,,,,,,005_Tie_Suann_Kua_Iau_Chip > 买芋芋头红,40
,,,,給仔穿去入書房,,,,,,005_Tie_Suann_Kua_Iau_Chip > 买芋芋头红,40
,,,,买芋芋头青,,,,,,005_Tie_Suann_Kua_Iau_Chip > 买芋芋头红,40
,,,,給娘好续又好耕,,,,,,005_Tie_Suann_Kua_Iau_Chip > 买芋芋头红,40
,,,,給君穿去人呵哝,,,,,,005_Tie_Suann_Kua_Iau_Chip > 买芋芋头红,40
,,,,給仔穿去入書齋,,,,,,005_Tie_Suann_Kua_Iau_Chip > 买芋芋头红,40
,,,,东山有丛梅,,,,,,005_Tie_Suann_Kua_Iau_Chip > 东山有丛梅,40
,,,,西山有个台,,,,,,005_Tie_Suann_Kua_Iau_Chip > 东山有丛梅,40
,,,,叫你爹娘着注意,,,,,,005_Tie_Suann_Kua_Iau_Chip > 东山有丛梅,40
,,,,欲敎好仔在婴孩,,,,,,005_Tie_Suann_Kua_Iau_Chip > 东山有丛梅,40
,,,,东山有丛梅,,,,,,005_Tie_Suann_Kua_Iau_Chip > 东山有丛梅,40
,,,,西山有个台,,,,,,005_Tie_Suann_Kua_Iau_Chip > 东山有丛梅,40
,,,,叫你爹姑着注意,,,,,,005_Tie_Suann_Kua_Iau_Chip > 东山有丛梅,40
,,,,欲敎娘妇在,,,,,,005_Tie_Suann_Kua_Iau_Chip > 东山有丛梅,40
,,,,竹仔箸,,,,,,005_Tie_Suann_Kua_Iau_Chip > 竹仔箸,41
,,,,飄落田,,,,,,005_Tie_Suann_Kua_Iau_Chip > 竹仔箸,41
,,,,共娘討水娘唔甘,,,,,,005_Tie_Suann_Kua_Iau_Chip > 竹仔箸,41
,,,,阮是喉干來食水,,,,,,005_Tie_Suann_Kua_Iau_Chip > 竹仔箸,41
,,,,唔是風流好看人,,,,,,005_Tie_Suann_Kua_Iau_Chip > 竹仔箸,41
,,,,竹仔箸,,,,,,005_Tie_Suann_Kua_Iau_Chip > 竹仔箸,41
,,,,飄落河,,,,,,005_Tie_Suann_Kua_Iau_Chip > 竹仔箸,41
,,,,共娘討水娘呾无,,,,,,005_Tie_Suann_Kua_Iau_Chip > 竹仔箸,41
,,,,阮是喉干來食水,,,,,,005_Tie_Suann_Kua_Iau_Chip > 竹仔箸,41
,,,,唔是風流來敕桃,,,,,,005_Tie_Suann_Kua_Iau_Chip > 竹仔箸,41
,,,,手騎扇,,,,,,005_Tie_Suann_Kua_Iau_Chip > 手騎扇,41
,,,,走到街中看游戲,,,,,,005_Tie_Suann_Kua_Iau_Chip > 手騎扇,41
,,,,看見嬌姿一美女,,,,,,005_Tie_Suann_Kua_Iau_Chip > 手騎扇,41
,,,,美女生來合我意,,,,,,005_Tie_Suann_Kua_Iau_Chip > 手騎扇,41
,,,,美女生來面习习,,,,,,005_Tie_Suann_Kua_Iau_Chip > 手騎扇,41
,,,,番死書生魂魄銷,,,,,,005_Tie_Suann_Kua_Iau_Chip > 手騎扇,41
,,,,若欲動手无名色,,,,,,005_Tie_Suann_Kua_Iau_Chip > 手騎扇,41
,,,,竹竿吊魚番死猫,,,,,,005_Tie_Suann_Kua_Iau_Chip > 手騎扇,41
,,,,一般逗埠好風流,,,,,,005_Tie_Suann_Kua_Iau_Chip > 一般逗埠好風流,41
,,,,麦秆草帽挂绣球,,,,,,005_Tie_Suann_Kua_Iau_Chip > 一般逗埠好風流,41
,,,,飞花衫头綠絹褲,,,,,,005_Tie_Suann_Kua_Iau_Chip > 一般逗埠好風流,41
,,,,好好柩袋二絡須,,,,,,005_Tie_Suann_Kua_Iau_Chip > 一般逗埠好風流,41
,,,,一般委娘好敕桃,,,,,,005_Tie_Suann_Kua_Iau_Chip > 一般逗埠好風流,41
,,,,花衫脚褲綠屐桃,,,,,,005_Tie_Suann_Kua_Iau_Chip > 一般逗埠好風流,41
,,,,三面胭脂四面粉,,,,,,005_Tie_Suann_Kua_Iau_Chip > 一般逗埠好風流,41
,,,,耳鈎老鼠拖葡萄,,,,,,005_Tie_Suann_Kua_Iau_Chip > 一般逗埠好風流,41
,,,,竹筝仔,,,,,,005_Tie_Suann_Kua_Iau_Chip > 竹筝仔,42
,,,,脚短短,,,,,,005_Tie_Suann_Kua_Iau_Chip > 竹筝仔,42
,,,,做人媳妇嘴学好,,,,,,005_Tie_Suann_Kua_Iau_Chip > 竹筝仔,42
,,,,夜昏暗睡早走起,,,,,,005_Tie_Suann_Kua_Iau_Chip > 竹筝仔,42
,,,,头毛梳光人呵睐,,,,,,005_Tie_Suann_Kua_Iau_Chip > 竹筝仔,42
,,,,長筷豆,,,,,,005_Tie_Suann_Kua_Iau_Chip > 竹筝仔,42
,,,,脚尖尖,,,,,,005_Tie_Suann_Kua_Iau_Chip > 竹筝仔,42
,,,,做人媳妇嘴学甜,,,,,,005_Tie_Suann_Kua_Iau_Chip > 竹筝仔,42
,,,,夜昏暗睡早走起,,,,,,005_Tie_Suann_Kua_Iau_Chip > 竹筝仔,42
,,,,头毛梳光无人嫌,,,,,,005_Tie_Suann_Kua_Iau_Chip > 竹筝仔,42
,,,,井底飼楊官,,,,,,005_Tie_Suann_Kua_Iau_Chip > 井底飼楊官,43
,,,,井面开花是牡丹,,,,,,005_Tie_Suann_Kua_Iau_Chip > 井底飼楊官,43
,,,,陈三五娘相伴走,,,,,,005_Tie_Suann_Kua_Iau_Chip > 井底飼楊官,43
,,,,放掉盆春在半山,,,,,,005_Tie_Suann_Kua_Iau_Chip > 井底飼楊官,43
,,,,井底飼泥鳅,,,,,,005_Tie_Suann_Kua_Iau_Chip > 井底飼楊官,43
,,,,井面开花是石榴,,,,,,005_Tie_Suann_Kua_Iau_Chip > 井底飼楊官,43
,,,,陈三五娘相伴走,,,,,,005_Tie_Suann_Kua_Iau_Chip > 井底飼楊官,43
,,,,放掉盆春在半洲,,,,,,005_Tie_Suann_Kua_Iau_Chip > 井底飼楊官,43
,,,,九月菊花实清红,,,,,,005_Tie_Suann_Kua_Iau_Chip > 九月菊花实清红,43
,,,,掌攬鏡內有情人,,,,,,005_Tie_Suann_Kua_Iau_Chip > 九月菊花实清红,43
,,,,九月初九曾有约,,,,,,005_Tie_Suann_Kua_Iau_Chip > 九月菊花实清红,43
,,,,逃走花园泉州城,,,,,,005_Tie_Suann_Kua_Iau_Chip > 九月菊花实清红,43
,,,,提个篮仔来摘茄,,,,,,005_Tie_Suann_Kua_Iau_Chip > 提个篮仔来摘茄,43
,,,,听見鑼鼓冲冲潮,,,,,,005_Tie_Suann_Kua_Iau_Chip > 提个篮仔来摘茄,43
,,,,放掉篮仔走去看,,,,,,005_Tie_Suann_Kua_Iau_Chip > 提个篮仔来摘茄,43
,,,,看見陈三和五娘,,,,,,005_Tie_Suann_Kua_Iau_Chip > 提个篮仔来摘茄,43
,,,,提个篮仔摘芫荽,,,,,,005_Tie_Suann_Kua_Iau_Chip > 提个篮仔来摘茄,43
,,,,听見鑼鼓冲冲飞,,,,,,005_Tie_Suann_Kua_Iau_Chip > 提个篮仔来摘茄,43
,,,,放掉篮仔走去看,,,,,,005_Tie_Suann_Kua_Iau_Chip > 提个篮仔来摘茄,43
,,,,看見关爷帶二妃,,,,,,005_Tie_Suann_Kua_Iau_Chip > 提个篮仔来摘茄,43
,,,,嫂呀陪姑松柏边,,,,,,005_Tie_Suann_Kua_Iau_Chip > 嫂呀陪姑柩柏边,44
,,,,松柏开花白披披,,,,,,005_Tie_Suann_Kua_Iau_Chip > 嫂呀陪姑柩柏边,44
,,,,去时使囝担書册,,,,,,005_Tie_Suann_Kua_Iau_Chip > 嫂呀陪姑柩柏边,44
,,,,来时使囝担孩儿,,,,,,005_Tie_Suann_Kua_Iau_Chip > 嫂呀陪姑柩柏边,44
,,,,綠竹綠竹枝,,,,,,005_Tie_Suann_Kua_Iau_Chip > 綠竹綠竹枝,44
,,,,綠竹所种河溪墘,,,,,,005_Tie_Suann_Kua_Iau_Chip > 綠竹綠竹枝,44
,,,,五娘坐在綠竹頂,,,,,,005_Tie_Suann_Kua_Iau_Chip > 綠竹綠竹枝,44
,,,,吊渴陈三在路边,,,,,,005_Tie_Suann_Kua_Iau_Chip > 綠竹綠竹枝,44
,,,,綠竹綠竹叢,,,,,,005_Tie_Suann_Kua_Iau_Chip > 綠竹綠竹枝,44
,,,,綠竹所种河溪东,,,,,,005_Tie_Suann_Kua_Iau_Chip > 綠竹綠竹枝,44
,,,,五娘坐在綠竹頂,,,,,,005_Tie_Suann_Kua_Iau_Chip > 綠竹綠竹枝,44
,,,,吊渴陈三在路中,,,,,,005_Tie_Suann_Kua_Iau_Chip > 綠竹綠竹枝,44
,,,,溪水涸干干,,,,,,005_Tie_Suann_Kua_Iau_Chip > 溪水涸干干,44
,,,,一涸二涸到桥脚,,,,,,005_Tie_Suann_Kua_Iau_Chip > 溪水涸干干,44
,,,,陈三騎馬来砌塔,,,,,,005_Tie_Suann_Kua_Iau_Chip > 溪水涸干干,44
,,,,五娘騎馬砌塔脚,,,,,,005_Tie_Suann_Kua_Iau_Chip > 溪水涸干干,44
,,,,溪水涸悠悠,,,,,,005_Tie_Suann_Kua_Iau_Chip > 溪水涸干干,44
,,,,一涸二涸到潮州,,,,,,005_Tie_Suann_Kua_Iau_Chip > 溪水涸干干,44
,,,,陈三騎馬来砌塔,,,,,,005_Tie_Suann_Kua_Iau_Chip > 溪水涸干干,44
,,,,五娘騎馬砌塔州,,,,,,005_Tie_Suann_Kua_Iau_Chip > 溪水涸干干,44
,,,,魂,,,,,,005_Tie_Suann_Kua_Iau_Chip > 潭前一圍竹,45
,,,,做戏做繼春,,,,,,005_Tie_Suann_Kua_Iau_Chip > 潭前一圍竹,45
,,,,繼春老食酒,,,,,,005_Tie_Suann_Kua_Iau_Chip > 潭前一圍竹,45
,,,,做戏做四九,,,,,,005_Tie_Suann_Kua_Iau_Chip > 潭前一圍竹,45
,,,,四九来問路,,,,,,005_Tie_Suann_Kua_Iau_Chip > 潭前一圍竹,45
,,,,桃花姊来搭渡,,,,,,005_Tie_Suann_Kua_Iau_Chip > 潭前一圍竹,45
,,,,搭渡搭免錢,,,,,,005_Tie_Suann_Kua_Iau_Chip > 潭前一圍竹,45
,,,,挈枝傘仔过溪墘,,,,,,005_Tie_Suann_Kua_Iau_Chip > 潭前一圍竹,45
,,,,絲綫絲綫絲,,,,,,005_Tie_Suann_Kua_Iau_Chip > 絲綫絲綫絲,45
,,,,蘭英絲綫做媒姨,,,,,,005_Tie_Suann_Kua_Iau_Chip > 絲綫絲綫絲,45
,,,,梅花手鐲为古記,,,,,,005_Tie_Suann_Kua_Iau_Chip > 絲綫絲綫絲,45
,,,,金花丁袋結夫妻,,,,,,005_Tie_Suann_Kua_Iau_Chip > 絲綫絲綫絲,45
,,,,正月是新年,,,,,,005_Tie_Suann_Kua_Iau_Chip > 正月是新年,45
,,,,抱石投江錢玉蓮,,,,,,005_Tie_Suann_Kua_Iau_Chip > 正月是新年,45
,,,,放下綉鞋为古記,,,,,,005_Tie_Suann_Kua_Iau_Chip > 正月是新年,45
,,,,連叫三声王狀元,,,,,,005_Tie_Suann_Kua_Iau_Chip > 正月是新年,45
,,,,二月雨水龙抬头,,,,,,005_Tie_Suann_Kua_Iau_Chip > 正月是新年,45
,,,,千金小姐上彩楼,,,,,,005_Tie_Suann_Kua_Iau_Chip > 正月是新年,45
,,,,綉球擲給呂蒙正,,,,,,005_Tie_Suann_Kua_Iau_Chip > 正月是新年,45
,,,,蒙正头上逞風流,,,,,,005_Tie_Suann_Kua_Iau_Chip > 正月是新年,45
,,,,三月里来三月三,,,,,,005_Tie_Suann_Kua_Iau_Chip > 正月是新年,45
,,,,昭君和番去番邦,,,,,,005_Tie_Suann_Kua_Iau_Chip > 正月是新年,45
,,,,照头看見毛延寿,,,,,,005_Tie_Suann_Kua_Iau_Chip > 正月是新年,45
,,,,手抱琵琶馬上彈,,,,,,005_Tie_Suann_Kua_Iau_Chip > 正月是新年,45
,,,,四月暑难当,,,,,,005_Tie_Suann_Kua_Iau_Chip > 正月是新年,45
,,,,霸王被困在烏江,,,,,,005_Tie_Suann_Kua_Iau_Chip > 正月是新年,45
,,,,霸王困死烏江上,,,,,,005_Tie_Suann_Kua_Iau_Chip > 正月是新年,45
,,,,韓信功劳在何方,,,,,,005_Tie_Suann_Kua_Iau_Chip > 正月是新年,45
,,,,五月蓮花紅,,,,,,005_Tie_Suann_Kua_Iau_Chip > 正月是新年,45
,,,,世隆走贼遇瑞蘭,,,,,,005_Tie_Suann_Kua_Iau_Chip > 正月是新年,45
,,,,二人同到招商店,,,,,,005_Tie_Suann_Kua_Iau_Chip > 正月是新年,45
,,,,店婆为媒結成双,,,,,,005_Tie_Suann_Kua_Iau_Chip > 正月是新年,45
,,,,六月热毒天,,,,,,005_Tie_Suann_Kua_Iau_Chip > 正月是新年,45
,,,,五娘楼上扴荔枝,,,,,,005_Tie_Suann_Kua_Iau_Chip > 正月是新年,45
,,,,陈三騎馬楼下过,,,,,,005_Tie_Suann_Kua_Iau_Chip > 正月是新年,45
,,,,益春遞来鄉分伊,,,,,,005_Tie_Suann_Kua_Iau_Chip > 正月是新年,45
,,,,七月秋風起,,,,,,005_Tie_Suann_Kua_Iau_Chip > 正月是新年,45
,,,,王美容去不見伊,,,,,,005_Tie_Suann_Kua_Iau_Chip > 正月是新年,45
,,,,堆倒長城数百里,,,,,,005_Tie_Suann_Kua_Iau_Chip > 正月是新年,45
,,,,秦王眼,,,,,,005_Tie_Suann_Kua_Iau_Chip > 正月是新年,45
,,,,八月秋風凉,,,,,,005_Tie_Suann_Kua_Iau_Chip > 正月是新年,46
,,,,梅倫讒害苏娘娘,,,,,,005_Tie_Suann_Kua_Iau_Chip > 正月是新年,46
,,,,李氏夫人去代死,,,,,,005_Tie_Suann_Kua_Iau_Chip > 正月是新年,46
,,,,潘覺一本奏君王,,,,,,005_Tie_Suann_Kua_Iau_Chip > 正月是新年,46
,,,,九月是重陽,,,,,,005_Tie_Suann_Kua_Iau_Chip > 正月是新年,46
,,,,甘罗十二名声揚,,,,,,005_Tie_Suann_Kua_Iau_Chip > 正月是新年,46
,,,,十二为相年紀小,,,,,,005_Tie_Suann_Kua_Iau_Chip > 正月是新年,46
,,,,太公八十遇文王,,,,,,005_Tie_Suann_Kua_Iau_Chip > 正月是新年,46
,,,,十月是立冬,,,,,,005_Tie_Suann_Kua_Iau_Chip > 正月是新年,46
,,,,孟宗哭竹到山中,,,,,,005_Tie_Suann_Kua_Iau_Chip > 正月是新年,46
,,,,哀哀哭得冬天笋,,,,,,005_Tie_Suann_Kua_Iau_Chip > 正月是新年,46
,,,,回家救母心正安,,,,,,005_Tie_Suann_Kua_Iau_Chip > 正月是新年,46
,,,,十一月里隆冬来,,,,,,005_Tie_Suann_Kua_Iau_Chip > 正月是新年,46
,,,,梁山伯遇祝英台,,,,,,005_Tie_Suann_Kua_Iau_Chip > 正月是新年,46
,,,,生前不得偿此愿,,,,,,005_Tie_Suann_Kua_Iau_Chip > 正月是新年,46
,,,,死后还須一处埋,,,,,,005_Tie_Suann_Kua_Iau_Chip > 正月是新年,46
,,,,十二月来年已終,,,,,,005_Tie_Suann_Kua_Iau_Chip > 正月是新年,46
,,,,藍关冻雪韓文公,,,,,,005_Tie_Suann_Kua_Iau_Chip > 正月是新年,46
,,,,幸亏湘子来搭救,,,,,,005_Tie_Suann_Kua_Iau_Chip > 正月是新年,46
,,,,叔侄相逢在路中,,,,,,005_Tie_Suann_Kua_Iau_Chip > 正月是新年,46
,,,,正月开書齋,,,,,,005_Tie_Suann_Kua_Iau_Chip > 正月开書齋,46
,,,,苏英梅妃做寃家,,,,,,005_Tie_Suann_Kua_Iau_Chip > 正月开書齋,46
,,,,鹦哥扼死盞扣破,,,,,,005_Tie_Suann_Kua_Iau_Chip > 正月开書齋,46
,,,,逐出苏英去外家,,,,,,005_Tie_Suann_Kua_Iau_Chip > 正月开書齋,46
,,,,正月过了二月来,,,,,,005_Tie_Suann_Kua_Iau_Chip > 正月开書齋,46
,,,,張生跳过粉牆来,,,,,,005_Tie_Suann_Kua_Iau_Chip > 正月开書齋,46
,,,,紅娘月下操奇計,,,,,,005_Tie_Suann_Kua_Iau_Chip > 正月开書齋,46
,,,,姻緣二字天送来,,,,,,005_Tie_Suann_Kua_Iau_Chip > 正月开書齋,46
,,,,三月日头長,,,,,,005_Tie_Suann_Kua_Iau_Chip > 正月开書齋,46
,,,,六娘忆着繼春郎,,,,,,005_Tie_Suann_Kua_Iau_Chip > 正月开書齋,46
,,,,金釵罗帕擲伊了,,,,,,005_Tie_Suann_Kua_Iau_Chip > 正月开書齋,46
,,,,后来私情給人傳,,,,,,005_Tie_Suann_Kua_Iau_Chip > 正月开書齋,46
,,,,四月石榴滴点红,,,,,,005_Tie_Suann_Kua_Iau_Chip > 正月开書齋,46
,,,,买臣担柴到山中,,,,,,005_Tie_Suann_Kua_Iau_Chip > 正月开書齋,46
,,,,肩头担柴手提册,,,,,,005_Tie_Suann_Kua_Iau_Chip > 正月开書齋,46
,,,,后来离妻做相官,,,,,,005_Tie_Suann_Kua_Iau_Chip > 正月开書齋,46
,,,,五月人扭般,,,,,,005_Tie_Suann_Kua_Iau_Chip > 正月开書齋,46
,,,,番王忆義王昭君,,,,,,005_Tie_Suann_Kua_Iau_Chip > 正月开書齋,46
,,,,手掬裁讓番邦去,,,,,,005_Tie_Suann_Kua_Iau_Chip > 正月开書齋,46
,,,,投江自,,,,,,005_Tie_Suann_Kua_Iau_Chip > 正月开書齋,46
,,,,手擱給伊,,,,,,005_Tie_Suann_Kua_Iau_Chip > 正月开書齋,47
,,,,七月秋風返涼哩,,,,,,005_Tie_Suann_Kua_Iau_Chip > 正月开書齋,47
,,,,十朋玉女結夫妻,,,,,,005_Tie_Suann_Kua_Iau_Chip > 正月开書齋,47
,,,,繼母迫嫁投江死,,,,,,005_Tie_Suann_Kua_Iau_Chip > 正月开書齋,47
,,,,知府接着來团圆,,,,,,005_Tie_Suann_Kua_Iau_Chip > 正月开書齋,47
,,,,八月是节时,,,,,,005_Tie_Suann_Kua_Iau_Chip > 正月开書齋,47
,,,,苏秦无官归返囲,,,,,,005_Tie_Suann_Kua_Iau_Chip > 正月开書齋,47
,,,,妻唔落机嫂唔顧,,,,,,005_Tie_Suann_Kua_Iau_Chip > 正月开書齋,47
,,,,自怨文章作太迟,,,,,,005_Tie_Suann_Kua_Iau_Chip > 正月开書齋,47
,,,,九月菊花红粉妆,,,,,,005_Tie_Suann_Kua_Iau_Chip > 正月开書齋,47
,,,,智远求官在外方,,,,,,005_Tie_Suann_Kua_Iau_Chip > 正月开書齋,47
,,,,三娘受尽兄嫂苦,,,,,,005_Tie_Suann_Kua_Iau_Chip > 正月开書齋,47
,,,,磨房挨磨到天光,,,,,,005_Tie_Suann_Kua_Iau_Chip > 正月开書齋,47
,,,,十月木槿花又香,,,,,,005_Tie_Suann_Kua_Iau_Chip > 正月开書齋,47
,,,,世隆走贼遇瑞蘭,,,,,,005_Tie_Suann_Kua_Iau_Chip > 正月开書齋,47
,,,,双双走入招商店,,,,,,005_Tie_Suann_Kua_Iau_Chip > 正月开書齋,47
,,,,店婆为媒結成双,,,,,,005_Tie_Suann_Kua_Iau_Chip > 正月开書齋,47
,,,,十一月荣花哩去黄,,,,,,005_Tie_Suann_Kua_Iau_Chip > 正月开書齋,47
,,,,英台遇着山伯郎,,,,,,005_Tie_Suann_Kua_Iau_Chip > 正月开書齋,47
,,,,因为同窗想到死,,,,,,005_Tie_Suann_Kua_Iau_Chip > 正月开書齋,47
,,,,后来返魂給人傳,,,,,,005_Tie_Suann_Kua_Iau_Chip > 正月开書齋,47
,,,,十二月梨花开滿叢,,,,,,005_Tie_Suann_Kua_Iau_Chip > 正月开書齋,47
,,,,蒙正当初未成人,,,,,,005_Tie_Suann_Kua_Iau_Chip > 正月开書齋,47
,,,,可憐丞相千金女,,,,,,005_Tie_Suann_Kua_Iau_Chip > 正月开書齋,47
,,,,受尽飢餓破窑中,,,,,,005_Tie_Suann_Kua_Iau_Chip > 正月开書齋,47
,,,,泪纷纷,,,,,,005_Tie_Suann_Kua_Iau_Chip > 泪纷纷,47
,,,,手挈牛筐赶羊群,,,,,,005_Tie_Suann_Kua_Iau_Chip > 泪纷纷,47
,,,,金章我大兄,,,,,,005_Tie_Suann_Kua_Iau_Chip > 泪纷纷,47
,,,,刘永我夫名,,,,,,005_Tie_Suann_Kua_Iau_Chip > 泪纷纷,47
,,,,嬌娥我嫂嫂,,,,,,005_Tie_Suann_Kua_Iau_Chip > 泪纷纷,47
,,,,金花我小名,,,,,,005_Tie_Suann_Kua_Iau_Chip > 泪纷纷,47
,,,,共兄借银五十兩,,,,,,005_Tie_Suann_Kua_Iau_Chip > 泪纷纷,47
,,,,夫妻双双去上京,,,,,,005_Tie_Suann_Kua_Iau_Chip > 泪纷纷,47
,,,,去到龙溪边,,,,,,005_Tie_Suann_Kua_Iau_Chip > 泪纷纷,47
,,,,被贼冲散拆分离,,,,,,005_Tie_Suann_Kua_Iau_Chip > 泪纷纷,47
,,,,唔知我夫在何地,,,,,,005_Tie_Suann_Kua_Iau_Chip > 泪纷纷,47
,,,,人人做官会回返,,,,,,005_Tie_Suann_Kua_Iau_Chip > 泪纷纷,47
,,,,刘永做官蓄返囲,,,,,,005_Tie_Suann_Kua_Iau_Chip > 泪纷纷,47
,,,,鼻阿嫂,,,,,,005_Tie_Suann_Kua_Iau_Chip > 泪纷纷,47
,,,,恶心腸,,,,,,005_Tie_Suann_Kua_Iau_Chip > 泪纷纷,47
,,,,苦我掌羊受風霜,,,,,,005_Tie_Suann_Kua_Iau_Chip > 泪纷纷,47
,,,,身穿布衫薄如纸,,,,,,005_Tie_Suann_Kua_Iau_Chip > 泪纷纷,47
,,,,日日都是滿塊蹄,,,,,,005_Tie_Suann_Kua_Iau_Chip > 泪纷纷,47
,,,,阿妹呀,,,,,,005_Tie_Suann_Kua_Iau_Chip > 泪纷纷,47
,,,,你在地塊,,,,,,005_Tie_Suann_Kua_Iau_Chip > 泪纷纷,47
,,,,阿兄呀,,,,,,005_Tie_Suann_Kua_Iau_Chip > 泪纷纷,47
,,,,我在南山勝投下,,,,,,005_Tie_Suann_Kua_Iau_Chip > 泪纷纷,47
,,,,阿妹呀,,,,,,005_Tie_Suann_Kua_Iau_Chip > 泪纷纷,47
,,,,阿兄慣饭来你食,,,,,,005_Tie_Suann_Kua_Iau_Chip > 泪纷纷,47
,,,,阿兄呀,,,,,,005_Tie_Suann_Kua_Iau_Chip > 泪纷纷,47
,,,,我呀都蓄食,,,,,,005_Tie_Suann_Kua_Iau_Chip > 泪纷纷,47
,,,,妹你克苦食,,,,,,005_Tie_Suann_Kua_Iau_Chip > 泪纷纷,47
,,,,食一嘴,,,,,,005_Tie_Suann_Kua_Iau_Chip > 泪纷纷,47
,,,,挾一筷,,,,,,005_Tie_Suann_Kua_Iau_Chip > 泪纷纷,47
,,,,留你生命見刘郎,,,,,,005_Tie_Suann_Kua_Iau_Chip > 泪纷纷,47
,,,,若是刘郎做官返,,,,,,005_Tie_Suann_Kua_Iau_Chip > 泪纷纷,47
,,,,掩你姗姗剥皮腸粗糠,,,,,,005_Tie_Suann_Kua_Iau_Chip > 泪纷纷,47
,,,,东畔出有苦孟姜,,,,,,005_Tie_Suann_Kua_Iau_Chip > 东畔出有苦孟姜,48
,,,,西畔出有苏六娘,,,,,,005_Tie_Suann_Kua_Iau_Chip > 东畔出有苦孟姜,48
,,,,北畔出有英台共山伯,,,,,,005_Tie_Suann_Kua_Iau_Chip > 东畔出有苦孟姜,48
,,,,南畔出有陈三共五娘,,,,,,005_Tie_Suann_Kua_Iau_Chip > 东畔出有苦孟姜,48
,,,,门脚种丛荆,,,,,,005_Tie_Suann_Kua_Iau_Chip > 门脚种丛荆,48
,,,,唔高唔矮比君晴,,,,,,005_Tie_Suann_Kua_Iau_Chip > 门脚种丛荆,48
,,,,唔高唔矮好打扮,,,,,,005_Tie_Suann_Kua_Iau_Chip > 门脚种丛荆,48
,,,,打扮起来如张生,,,,,,005_Tie_Suann_Kua_Iau_Chip > 门脚种丛荆,48
,,,,门脚种丛橙,,,,,,005_Tie_Suann_Kua_Iau_Chip > 门脚种丛荆,48
,,,,唔高唔矮比君胸,,,,,,005_Tie_Suann_Kua_Iau_Chip > 门脚种丛荆,48
,,,,唔高唔矮好打扮,,,,,,005_Tie_Suann_Kua_Iau_Chip > 门脚种丛荆,48
,,,,打扮起来如鸳鸯,,,,,,005_Tie_Suann_Kua_Iau_Chip > 门脚种丛荆,48
,,,,门脚种丛竹,,,,,,005_Tie_Suann_Kua_Iau_Chip > 门脚种丛荆,48
,,,,唔高唔矮比君膝,,,,,,005_Tie_Suann_Kua_Iau_Chip > 门脚种丛荆,48
,,,,唔高唔矮好打扮,,,,,,005_Tie_Suann_Kua_Iau_Chip > 门脚种丛荆,48
,,,,打扮起来如山伯,,,,,,005_Tie_Suann_Kua_Iau_Chip > 门脚种丛荆,48
,,,,门脚种丛梨,,,,,,005_Tie_Suann_Kua_Iau_Chip > 门脚种丛荆,48
,,,,唔高唔矮比君眉,,,,,,005_Tie_Suann_Kua_Iau_Chip > 门脚种丛荆,48
,,,,唔高唔矮好打扮,,,,,,005_Tie_Suann_Kua_Iau_Chip > 门脚种丛荆,48
,,,,打扮起来如英台,,,,,,005_Tie_Suann_Kua_Iau_Chip > 门脚种丛荆,48
,,,,门脚一丛柑,,,,,,005_Tie_Suann_Kua_Iau_Chip > 门脚一丛柑,48
,,,,唔高唔矮好晾衫,,,,,,005_Tie_Suann_Kua_Iau_Chip > 门脚一丛柑,48
,,,,唔高唔矮好打扮,,,,,,005_Tie_Suann_Kua_Iau_Chip > 门脚一丛柑,48
,,,,打扮起来似陈三,,,,,,005_Tie_Suann_Kua_Iau_Chip > 门脚一丛柑,48
,,,,门脚一丛蕉,,,,,,005_Tie_Suann_Kua_Iau_Chip > 门脚一丛柑,48
,,,,唔高唔矮比君腰,,,,,,005_Tie_Suann_Kua_Iau_Chip > 门脚一丛柑,48
,,,,唔高唔矮好打扮,,,,,,005_Tie_Suann_Kua_Iau_Chip > 门脚一丛柑,48
,,,,打扮起,,,,,,005_Tie_Suann_Kua_Iau_Chip > 门脚一丛柑,48
,,,,一只鷄仔鷄百喉,,,,,,005_Tie_Suann_Kua_Iau_Chip > 一只鷄仔鷄百喉,49
,,,,嫂呀叫姑早梳头,,,,,,005_Tie_Suann_Kua_Iau_Chip > 一只鷄仔鷄百喉,49
,,,,面布放在衣架頂,,,,,,005_Tie_Suann_Kua_Iau_Chip > 一只鷄仔鷄百喉,49
,,,,面盆养花在后头,,,,,,005_Tie_Suann_Kua_Iau_Chip > 一只鷄仔鷄百喉,49
,,,,蚯蚓叫吱吱,,,,,,005_Tie_Suann_Kua_Iau_Chip > 蚯蚓叫吱吱,49
,,,,要食果子在路边,,,,,,005_Tie_Suann_Kua_Iau_Chip > 蚯蚓叫吱吱,49
,,,,要孳新房小娘仔,,,,,,005_Tie_Suann_Kua_Iau_Chip > 蚯蚓叫吱吱,49
,,,,十五十六未留辮,,,,,,005_Tie_Suann_Kua_Iau_Chip > 蚯蚓叫吱吱,49
,,,,蚯蚓叫仓仓,,,,,,005_Tie_Suann_Kua_Iau_Chip > 蚯蚓叫吱吱,49
,,,,要食果子在路中,,,,,,005_Tie_Suann_Kua_Iau_Chip > 蚯蚓叫吱吱,49
,,,,要孳新房小娘仔,,,,,,005_Tie_Suann_Kua_Iau_Chip > 蚯蚓叫吱吱,49
,,,,十五十六正留鬃,,,,,,005_Tie_Suann_Kua_Iau_Chip > 蚯蚓叫吱吱,49
,,,,天頂一幅云,,,,,,005_Tie_Suann_Kua_Iau_Chip > 天頂一幅云,49
,,,,昨夜生母生牛独,,,,,,005_Tie_Suann_Kua_Iau_Chip > 天頂一幅云,49
,,,,生独既食外边草,,,,,,005_Tie_Suann_Kua_Iau_Chip > 天頂一幅云,49
,,,,外边,,,,,,005_Tie_Suann_Kua_Iau_Chip > 天頂一幅云,49
,,,,天頂一粒星,,,,,,005_Tie_Suann_Kua_Iau_Chip > 天頂一幅云,50
,,,,昨夜牛母生牛嬰,,,,,,005_Tie_Suann_Kua_Iau_Chip > 天頂一幅云,50
,,,,牛嬰唔食外边草,,,,,,005_Tie_Suann_Kua_Iau_Chip > 天頂一幅云,50
,,,,外边草仔貢貢青,,,,,,005_Tie_Suann_Kua_Iau_Chip > 天頂一幅云,50
,,,,砧迭砧,,,,,,005_Tie_Suann_Kua_Iau_Chip > 砧迭砧,50
,,,,爬起砧頂叫卖鹽,,,,,,005_Tie_Suann_Kua_Iau_Chip > 砧迭砧,50
,,,,我个鹽仔細,,,,,,005_Tie_Suann_Kua_Iau_Chip > 砧迭砧,50
,,,,鹽仔細細正会咸,,,,,,005_Tie_Suann_Kua_Iau_Chip > 砧迭砧,50
,,,,刀迭刀,,,,,,005_Tie_Suann_Kua_Iau_Chip > 砧迭砧,50
,,,,爬起刀頂叫卖蠔,,,,,,005_Tie_Suann_Kua_Iau_Chip > 砧迭砧,50
,,,,我个蠔仔細,,,,,,005_Tie_Suann_Kua_Iau_Chip > 砧迭砧,50
,,,,蠔仔細細正有膏,,,,,,005_Tie_Suann_Kua_Iau_Chip > 砧迭砧,50
,,,,門脚一叢大树头,,,,,,005_Tie_Suann_Kua_Iau_Chip > 門脚一叢大树头,50
,,,,客鳥飞来大声喉,,,,,,005_Tie_Suann_Kua_Iau_Chip > 門脚一叢大树头,50
,,,,客鳥飞来无好歇,,,,,,005_Tie_Suann_Kua_Iau_Chip > 門脚一叢大树头,50
,,,,歇在四娘眠床头,,,,,,005_Tie_Suann_Kua_Iau_Chip > 門脚一叢大树头,50
,,,,一粒檄欖双头紅,,,,,,005_Tie_Suann_Kua_Iau_Chip > 一粒檄欖双头紅,50
,,,,这畔擲过向畔田,,,,,,005_Tie_Suann_Kua_Iau_Chip > 一粒檄欖双头紅,50
,,,,誰人敢取这粒金檄欖,,,,,,005_Tie_Suann_Kua_Iau_Chip > 一粒檄欖双头紅,50
,,,,共你战到日头紅,,,,,,005_Tie_Suann_Kua_Iau_Chip > 一粒檄欖双头紅,50
,,,,一粒檄欖双头青,,,,,,005_Tie_Suann_Kua_Iau_Chip > 一粒檄欖双头紅,50
,,,,这畔擲过向畔坑,,,,,,005_Tie_Suann_Kua_Iau_Chip > 一粒檄欖双头紅,50
,,,,誰人敢取这粒金檄欖,,,,,,005_Tie_Suann_Kua_Iau_Chip > 一粒檄欖双头紅,50
,,,,共伊战到日头平,,,,,,005_Tie_Suann_Kua_Iau_Chip > 一粒檄欖双头紅,50
,,,,七丈溪水七丈深,,,,,,005_Tie_Suann_Kua_Iau_Chip > 七丈溪水七丈深,51
,,,,七个鲤魚头带金,,,,,,005_Tie_Suann_Kua_Iau_Chip > 七丈溪水七丈深,51
,,,,七条红綫钓不起,,,,,,005_Tie_Suann_Kua_Iau_Chip > 七丈溪水七丈深,51
,,,,钓魚阿哥空费心,,,,,,005_Tie_Suann_Kua_Iau_Chip > 七丈溪水七丈深,51
,,,,七丈溪水七丈高,,,,,,005_Tie_Suann_Kua_Iau_Chip > 七丈溪水七丈深,51
,,,,七尾鲤魚泅过溝,,,,,,005_Tie_Suann_Kua_Iau_Chip > 七丈溪水七丈深,51
,,,,七条红綫钓不起,,,,,,005_Tie_Suann_Kua_Iau_Chip > 七丈溪水七丈深,51
,,,,钓魚阿哥空费劳,,,,,,005_Tie_Suann_Kua_Iau_Chip > 七丈溪水七丈深,51
,,,,正月鑼鼓閙猜猜,,,,,,005_Tie_Suann_Kua_Iau_Chip > 正月鑼鼓閙猜猜,51
,,,,要掌媳妇来安排,,,,,,005_Tie_Suann_Kua_Iau_Chip > 正月鑼鼓閙猜猜,51
,,,,五男二女一媳妇,,,,,,005_Tie_Suann_Kua_Iau_Chip > 正月鑼鼓閙猜猜,51
,,,,媳妇阿奴行磨来,,,,,,005_Tie_Suann_Kua_Iau_Chip > 正月鑼鼓閙猜猜,51
,,,,二月涂深水也深,,,,,,005_Tie_Suann_Kua_Iau_Chip > 正月鑼鼓閙猜猜,51
,,,,我惜媳妇如惜金,,,,,,005_Tie_Suann_Kua_Iau_Chip > 正月鑼鼓閙猜猜,51
,,,,无燒无冷积水病,,,,,,005_Tie_Suann_Kua_Iau_Chip > 正月鑼鼓閙猜猜,51
,,,,我仔我肉阿媽斟,,,,,,005_Tie_Suann_Kua_Iau_Chip > 正月鑼鼓閙猜猜,51
,,,,三月人布田,,,,,,005_Tie_Suann_Kua_Iau_Chip > 正月鑼鼓閙猜猜,51
,,,,我惜媳妇敬外人,,,,,,005_Tie_Suann_Kua_Iau_Chip > 正月鑼鼓閙猜猜,51
,,,,外人行磨吧哝笑,,,,,,005_Tie_Suann_Kua_Iau_Chip > 正月鑼鼓閙猜猜,51
,,,,媳妇阿奴阿媽牵,,,,,,005_Tie_Suann_Kua_Iau_Chip > 正月鑼鼓閙猜猜,51
,,,,四月春水雨又流,,,,,,005_Tie_Suann_Kua_Iau_Chip > 正月鑼鼓閙猜猜,51
,,,,苦打媳妇踏板头,,,,,,005_Tie_Suann_Kua_Iau_Chip > 正月鑼鼓閙猜猜,51
,,,,饭匙掣起添碗饭,,,,,,005_Tie_Suann_Kua_Iau_Chip > 正月鑼鼓閙猜猜,51
,,,,饭匙擒起掼頰溝,,,,,,005_Tie_Suann_Kua_Iau_Chip > 正月鑼鼓閙猜猜,51
,,,,五月是节时,,,,,,005_Tie_Suann_Kua_Iau_Chip > 正月鑼鼓閙猜猜,51
,,,,風吹茶叶尖哩哩,,,,,,005_Tie_Suann_Kua_Iau_Chip > 正月鑼鼓閙猜猜,51
,,,,爹媽縛粽无俺份,,,,,,005_Tie_Suann_Kua_Iau_Chip > 正月鑼鼓閙猜猜,51
,,,,俺要縛粽等明年,,,,,,005_Tie_Suann_Kua_Iau_Chip > 正月鑼鼓閙猜猜,51
,,,,六月热尉尉,,,,,,005_Tie_Suann_Kua_Iau_Chip > 正月鑼鼓閙猜猜,51
,,,,苦打媳妇食冷廳,,,,,,005_Tie_Suann_Kua_Iau_Chip > 正月鑼鼓閙猜猜,51
,,,,一日三頓无頓飽,,,,,,005_Tie_Suann_Kua_Iau_Chip > 正月鑼鼓閙猜猜,51
,,,,头毛搓起手掣筐,,,,,,005_Tie_Suann_Kua_Iau_Chip > 正月鑼鼓閙猜猜,51
,,,,七月秋風返凉哩,,,,,,005_Tie_Suann_Kua_Iau_Chip > 正月鑼鼓閙猜猜,51
,,,,丘处亲姆去覬伊,,,,,,005_Tie_Suann_Kua_Iau_Chip > 正月鑼鼓閙猜猜,51
,,,,苦我女仔擇柴草,,,,,,005_Tie_Suann_Kua_Iau_Chip > 正月鑼鼓閙猜猜,51
,,,,当初唔愿勿掌伊,,,,,,005_Tie_Suann_Kua_Iau_Chip > 正月鑼鼓閙猜猜,51
,,,,呾,,,,,,005_Tie_Suann_Kua_Iau_Chip > 正月鑼鼓閙猜猜,52
,,,,咸荣食死你着听,,,,,,005_Tie_Suann_Kua_Iau_Chip > 正月鑼鼓閙猜猜,52
,,,,九月功德正是时,,,,,,005_Tie_Suann_Kua_Iau_Chip > 正月鑼鼓閙猜猜,52
,,,,手持白布哭贤妻,,,,,,005_Tie_Suann_Kua_Iau_Chip > 正月鑼鼓閙猜猜,52
,,,,夫妻也是同林鸟,,,,,,005_Tie_Suann_Kua_Iau_Chip > 正月鑼鼓閙猜猜,52
,,,,同林鸟仔拆分离,,,,,,005_Tie_Suann_Kua_Iau_Chip > 正月鑼鼓閙猜猜,52
,,,,十月冷姚姚,,,,,,005_Tie_Suann_Kua_Iau_Chip > 正月鑼鼓閙猜猜,52
,,,,踏入房内如着槍,,,,,,005_Tie_Suann_Kua_Iau_Chip > 正月鑼鼓閙猜猜,52
,,,,踏入房内就要哭——夫妻一对如鸳鸯,,,,,,005_Tie_Suann_Kua_Iau_Chip > 正月鑼鼓閙猜猜,52
,,,,十一月是节时,,,,,,005_Tie_Suann_Kua_Iau_Chip > 正月鑼鼓閙猜猜,52
,,,,家家处处人舂糯,,,,,,005_Tie_Suann_Kua_Iau_Chip > 正月鑼鼓閙猜猜,52
,,,,旧年舂糯成双对,,,,,,005_Tie_Suann_Kua_Iau_Chip > 正月鑼鼓閙猜猜,52
,,,,今年舂糯拆分离,,,,,,005_Tie_Suann_Kua_Iau_Chip > 正月鑼鼓閙猜猜,52
,,,,十二月灯光蜡又黄,,,,,,005_Tie_Suann_Kua_Iau_Chip > 正月鑼鼓閙猜猜,52
,,,,单身男子上眠床,,,,,,005_Tie_Suann_Kua_Iau_Chip > 正月鑼鼓閙猜猜,52
,,,,牵着娘被就要哭,,,,,,005_Tie_Suann_Kua_Iau_Chip > 正月鑼鼓閙猜猜,52
,,,,嗟想娘仔割断肠,,,,,,005_Tie_Suann_Kua_Iau_Chip > 正月鑼鼓閙猜猜,52
,,,,去时哆咋呀未生,,,,,,005_Tie_Suann_Kua_Iau_Chip > 去时哆咋呀未生,52
,,,,来时孙仔地上爬,,,,,,005_Tie_Suann_Kua_Iau_Chip > 去时哆咋呀未生,52
,,,,去时哆咋呀未鸟,,,,,,005_Tie_Suann_Kua_Iau_Chip > 去时哆咋呀未生,52
,,,,来时孙仔叫阿姑,,,,,,005_Tie_Suann_Kua_Iau_Chip > 去时哆咋呀未生,52
,,,,水沃花叢,,,,,,005_Tie_Suann_Kua_Iau_Chip > 勘棟官路东,53
,,,,敕桃官路西,,,,,,005_Tie_Suann_Kua_Iau_Chip > 勘棟官路东,53
,,,,新开井水淹井楣,,,,,,005_Tie_Suann_Kua_Iau_Chip > 勘棟官路东,53
,,,,君呀掼水去磨墨,,,,,,005_Tie_Suann_Kua_Iau_Chip > 勘棟官路东,53
,,,,娘呀掼水沃花栽,,,,,,005_Tie_Suann_Kua_Iau_Chip > 勘棟官路东,53
,,,,一只弓鞋吊在鈎,,,,,,005_Tie_Suann_Kua_Iau_Chip > 一只弓鞋吊在鈎,53
,,,,昨夜狗吠贼来偷,,,,,,005_Tie_Suann_Kua_Iau_Chip > 一只弓鞋吊在鈎,53
,,,,爹媽問娘鎖乜緞,,,,,,005_Tie_Suann_Kua_Iau_Chip > 一只弓鞋吊在鈎,53
,,,,五色絲緞緞鞋头,,,,,,005_Tie_Suann_Kua_Iau_Chip > 一只弓鞋吊在鈎,53
,,,,一只弓鞋吊在籠,,,,,,005_Tie_Suann_Kua_Iau_Chip > 一只弓鞋吊在鈎,53
,,,,昨夜狗吠贼来撑,,,,,,005_Tie_Suann_Kua_Iau_Chip > 一只弓鞋吊在鈎,53
,,,,爹媽問娘鎖乜緞,,,,,,005_Tie_Suann_Kua_Iau_Chip > 一只弓鞋吊在鈎,53
,,,,五色紅綫緞鞋墩,,,,,,005_Tie_Suann_Kua_Iau_Chip > 一只弓鞋吊在鈎,53
,,,,長梯接短梯,,,,,,005_Tie_Suann_Kua_Iau_Chip > 長梯接短梯,53
,,,,接去后头看花圃,,,,,,005_Tie_Suann_Kua_Iau_Chip > 長梯接短梯,53
,,,,眠起看花花含蕊,,,,,,005_Tie_Suann_Kua_Iau_Chip > 長梯接短梯,53
,,,,夜昏看花花蕊开,,,,,,005_Tie_Suann_Kua_Iau_Chip > 長梯接短梯,53
,,,,長板接短板,,,,,,005_Tie_Suann_Kua_Iau_Chip > 長梯接短梯,53
,,,,接去后头看花叢,,,,,,005_Tie_Suann_Kua_Iau_Chip > 長梯接短梯,53
,,,,眠起看花花含蕊,,,,,,005_Tie_Suann_Kua_Iau_Chip > 長梯接短梯,53
,,,,夜昏看花花蕊香,,,,,,005_Tie_Suann_Kua_Iau_Chip > 長梯接短梯,53
,,,,長梯接短梯,,,,,,005_Tie_Suann_Kua_Iau_Chip > 長梯接短梯,53
,,,,接去后園望花圃,,,,,,005_Tie_Suann_Kua_Iau_Chip > 長梯接短梯,53
,,,,望見花圃給水浸,,,,,,005_Tie_Suann_Kua_Iau_Chip > 長梯接短梯,53
,,,,浸到三年也香开,,,,,,005_Tie_Suann_Kua_Iau_Chip > 長梯接短梯,53
,,,,年也香香,,,,,,005_Tie_Suann_Kua_Iau_Chip > 長梯接短梯,54
,,,,月底月烟塵,,,,,,005_Tie_Suann_Kua_Iau_Chip > 月底月烟塵,54
,,,,月底出有嫦娥人,,,,,,005_Tie_Suann_Kua_Iau_Chip > 月底月烟塵,54
,,,,嫦娥是大我是細,,,,,,005_Tie_Suann_Kua_Iau_Chip > 月底月烟塵,54
,,,,嫦娥穿絲我穿綾,,,,,,005_Tie_Suann_Kua_Iau_Chip > 月底月烟塵,54
,,,,月底月棱朵,,,,,,005_Tie_Suann_Kua_Iau_Chip > 月底月烟塵,54
,,,,月底出有好嫦娥,,,,,,005_Tie_Suann_Kua_Iau_Chip > 月底月烟塵,54
,,,,嫦娥是大我是細,,,,,,005_Tie_Suann_Kua_Iau_Chip > 月底月烟塵,54
,,,,嫦娥穿絲我穿罗,,,,,,005_Tie_Suann_Kua_Iau_Chip > 月底月烟塵,54
,,,,白鹭鸶,,,,,,005_Tie_Suann_Kua_Iau_Chip > 白鹭鸶,54
,,,,爬上树丛拗树枝,,,,,,005_Tie_Suann_Kua_Iau_Chip > 白鹭鸶,54
,,,,树枝拗好赶鸭仔,,,,,,005_Tie_Suann_Kua_Iau_Chip > 白鹭鸶,54
,,,,鸭仔入水尾朝天,,,,,,005_Tie_Suann_Kua_Iau_Chip > 白鹭鸶,54
,,,,一丘园仔狭狭好种姜,,,,,,005_Tie_Suann_Kua_Iau_Chip > 一丘园仔狭狭好种姜,54
,,,,种有三百六十厢,,,,,,005_Tie_Suann_Kua_Iau_Chip > 一丘园仔狭狭好种姜,54
,,,,三个姊妹嫁三塊,,,,,,005_Tie_Suann_Kua_Iau_Chip > 一丘园仔狭狭好种姜,54
,,,,三个阿郎来担姜,,,,,,005_Tie_Suann_Kua_Iau_Chip > 一丘园仔狭狭好种姜,54
,,,,一丘园仔狭狭好种葱,,,,,,005_Tie_Suann_Kua_Iau_Chip > 一丘园仔狭狭好种姜,54
,,,,种有三百六十丛,,,,,,005_Tie_Suann_Kua_Iau_Chip > 一丘园仔狭狭好种姜,54
,,,,三个阿妹嫁三塊,,,,,,005_Tie_Suann_Kua_Iau_Chip > 一丘园仔狭狭好种姜,54
,,,,三个阿郎来担葱,,,,,,005_Tie_Suann_Kua_Iau_Chip > 一丘园仔狭狭好种姜,54
,,,,写纸库,,,,,,005_Tie_Suann_Kua_Iau_Chip > 屋頂四碰碰,55
,,,,床头四碟姜,,,,,,005_Tie_Suann_Kua_Iau_Chip > 屋頂四碰碰,55
,,,,床下四只羊,,,,,,005_Tie_Suann_Kua_Iau_Chip > 屋頂四碰碰,55
,,,,人呾羊毛好做笔,,,,,,005_Tie_Suann_Kua_Iau_Chip > 屋頂四碰碰,55
,,,,做给孔子写文章,,,,,,005_Tie_Suann_Kua_Iau_Chip > 屋頂四碰碰,55
,,,,天烏鸟,,,,,,005_Tie_Suann_Kua_Iau_Chip > 天烏鸟,55
,,,,拿起雨伞去等阿姑,,,,,,005_Tie_Suann_Kua_Iau_Chip > 天烏鸟,55
,,,,阿姑一来,,,,,,005_Tie_Suann_Kua_Iau_Chip > 天烏鸟,55
,,,,手带二个红柿,,,,,,005_Tie_Suann_Kua_Iau_Chip > 天烏鸟,55
,,,,一个给阿李,,,,,,005_Tie_Suann_Kua_Iau_Chip > 天烏鸟,55
,,,,一个给阿柰,,,,,,005_Tie_Suann_Kua_Iau_Chip > 天烏鸟,55
,,,,阿桃看见就揾要,,,,,,005_Tie_Suann_Kua_Iau_Chip > 天烏鸟,55
,,,,阿姑去了将来唔敢来,,,,,,005_Tie_Suann_Kua_Iau_Chip > 天烏鸟,55
,,,,半㸃糯米半㸃葱,,,,,,005_Tie_Suann_Kua_Iau_Chip > 半㸃糯米半㸃葱,55
,,,,半㸃糯米生蛀虫,,,,,,005_Tie_Suann_Kua_Iau_Chip > 半㸃糯米半㸃葱,55
,,,,自细无食君处米,,,,,,005_Tie_Suann_Kua_Iau_Chip > 半㸃糯米半㸃葱,55
,,,,留毛打緊君处人,,,,,,005_Tie_Suann_Kua_Iau_Chip > 半㸃糯米半㸃葱,55
,,,,半㸃糯米半㸃姜,,,,,,005_Tie_Suann_Kua_Iau_Chip > 半㸃糯米半㸃葱,55
,,,,半㸃糯米生蛀羊,,,,,,005_Tie_Suann_Kua_Iau_Chip > 半㸃糯米半㸃葱,55
,,,,自细无食君处米,,,,,,005_Tie_Suann_Kua_Iau_Chip > 半㸃糯米半㸃葱,55
,,,,留毛打緊君处娘,,,,,,005_Tie_Suann_Kua_Iau_Chip > 半㸃糯米半㸃葱,55
,,,,烏布烏罗罗,,,,,,005_Tie_Suann_Kua_Iau_Chip > 烏布烏罗罗,55
,,,,烏布双畔绣鹦哥,,,,,,005_Tie_Suann_Kua_Iau_Chip > 烏布烏罗罗,55
,,,,鹦哥绣了绣雁鸟,,,,,,005_Tie_Suann_Kua_Iau_Chip > 烏布烏罗罗,55
,,,,雁鸟腾風飞过河,,,,,,005_Tie_Suann_Kua_Iau_Chip > 烏布烏罗罗,55
,,,,風飞过山,,,,,,005_Tie_Suann_Kua_Iau_Chip > 烏布烏罗罗,56
,,,,烏布烏哩哩,,,,,,005_Tie_Suann_Kua_Iau_Chip > 烏布烏罗罗,56
,,,,烏布双畔綉鶯鷥,,,,,,005_Tie_Suann_Kua_Iau_Chip > 烏布烏罗罗,56
,,,,鶯鷥綉了綉雁鳥,,,,,,005_Tie_Suann_Kua_Iau_Chip > 烏布烏罗罗,56
,,,,雁鳥騰風飞上天,,,,,,005_Tie_Suann_Kua_Iau_Chip > 烏布烏罗罗,56
,,,,烏布烏布烏,,,,,,005_Tie_Suann_Kua_Iau_Chip > 烏布烏布烏,56
,,,,烏布綉鞋給細姑,,,,,,005_Tie_Suann_Kua_Iau_Chip > 烏布烏布烏,56
,,,,鞋头綉有双鳳鳥,,,,,,005_Tie_Suann_Kua_Iau_Chip > 烏布烏布烏,56
,,,,鞋尾綉有双葫蘆,,,,,,005_Tie_Suann_Kua_Iau_Chip > 烏布烏布烏,56
,,,,青布青布青,,,,,,005_Tie_Suann_Kua_Iau_Chip > 烏布烏布烏,56
,,,,青布綉鞋給大家,,,,,,005_Tie_Suann_Kua_Iau_Chip > 烏布烏布烏,56
,,,,鞋头綉有双鳳鳥,,,,,,005_Tie_Suann_Kua_Iau_Chip > 烏布烏布烏,56
,,,,鞋尾綉有双沙蛾,,,,,,005_Tie_Suann_Kua_Iau_Chip > 烏布烏布烏,56
,,,,紅布紅布紅,,,,,,005_Tie_Suann_Kua_Iau_Chip > 烏布烏布烏,56
,,,,紅布綉鞋給众人,,,,,,005_Tie_Suann_Kua_Iau_Chip > 烏布烏布烏,56
,,,,鞋头綉有双鳳鳥,,,,,,005_Tie_Suann_Kua_Iau_Chip > 烏布烏布烏,56
,,,,鞋尾綉有双黃蜂,,,,,,005_Tie_Suann_Kua_Iau_Chip > 烏布烏布烏,56
,,,,梳鏡台,,,,,,005_Tie_Suann_Kua_Iau_Chip > 梳鏡台,56
,,,,梳妝妝,,,,,,005_Tie_Suann_Kua_Iau_Chip > 梳鏡台,56
,,,,早早来看人,,,,,,005_Tie_Suann_Kua_Iau_Chip > 梳鏡台,56
,,,,細妹买物在船中,,,,,,005_Tie_Suann_Kua_Iau_Chip > 梳鏡台,56
,,,,面抹粉,,,,,,005_Tie_Suann_Kua_Iau_Chip > 梳鏡台,56
,,,,嘴点紅,,,,,,005_Tie_Suann_Kua_Iau_Chip > 梳鏡台,56
,,,,三抛大花兩畔插,,,,,,005_Tie_Suann_Kua_Iau_Chip > 梳鏡台,56
,,,,一枝如意插中間,,,,,,005_Tie_Suann_Kua_Iau_Chip > 梳鏡台,56
,,,,脚下罗裙綉花鳥,,,,,,005_Tie_Suann_Kua_Iau_Chip > 梳鏡台,56
,,,,打扮起来愈更巧,,,,,,005_Tie_Suann_Kua_Iau_Chip > 梳鏡台,56
,,,,茼荷花,,,,,,005_Tie_Suann_Kua_Iau_Chip > 茼荷花,57
,,,,开红红,,,,,,005_Tie_Suann_Kua_Iau_Chip > 茼荷花,57
,,,,欲好灶下来鋪板,,,,,,005_Tie_Suann_Kua_Iau_Chip > 茼荷花,57
,,,,昨夜俺兄娶俺嫂,,,,,,005_Tie_Suann_Kua_Iau_Chip > 茼荷花,57
,,,,的打鼓手送入房,,,,,,005_Tie_Suann_Kua_Iau_Chip > 茼荷花,57
,,,,一鉢芝蘭放在客厅中,,,,,,005_Tie_Suann_Kua_Iau_Chip > 一鉢芝蘭放在客厅中,57
,,,,雅姊抹粉打龟鬃,,,,,,005_Tie_Suann_Kua_Iau_Chip > 一鉢芝蘭放在客厅中,57
,,,,阿总看着就爱孳,,,,,,005_Tie_Suann_Kua_Iau_Chip > 一鉢芝蘭放在客厅中,57
,,,,外公外媽呾唔甘,,,,,,005_Tie_Suann_Kua_Iau_Chip > 一鉢芝蘭放在客厅中,57
,,,,一鉢芝蘭放在客厅边,,,,,,005_Tie_Suann_Kua_Iau_Chip > 一鉢芝蘭放在客厅中,57
,,,,雅姊抹粉点胭脂,,,,,,005_Tie_Suann_Kua_Iau_Chip > 一鉢芝蘭放在客厅中,57
,,,,阿总看着就爱孳,,,,,,005_Tie_Suann_Kua_Iau_Chip > 一鉢芝蘭放在客厅中,57
,,,,外公外媽呾明年,,,,,,005_Tie_Suann_Kua_Iau_Chip > 一鉢芝蘭放在客厅中,57
,,,,雨落落,,,,,,005_Tie_Suann_Kua_Iau_Chip > 雨落落,57
,,,,阿公去栅筘,,,,,,005_Tie_Suann_Kua_Iau_Chip > 雨落落,57
,,,,栅着鲤魚共苦初,,,,,,005_Tie_Suann_Kua_Iau_Chip > 雨落落,57
,,,,阿公哩欲煮,,,,,,005_Tie_Suann_Kua_Iau_Chip > 雨落落,57
,,,,阿婆哩欲炯,,,,,,005_Tie_Suann_Kua_Iau_Chip > 雨落落,57
,,,,二人相打相挽毛,,,,,,005_Tie_Suann_Kua_Iau_Chip > 雨落落,57
,,,,挽去见老爹,,,,,,005_Tie_Suann_Kua_Iau_Chip > 雨落落,57
,,,,老爹笑呵呵,,,,,,005_Tie_Suann_Kua_Iau_Chip > 雨落落,57
,,,,呾怹二老好敉桃,,,,,,005_Tie_Suann_Kua_Iau_Chip > 雨落落,57
,,,,長茭長茭長,,,,,,005_Tie_Suann_Kua_Iau_Chip > 長茭長茭長,57
,,,,長茭好煮汤,,,,,,005_Tie_Suann_Kua_Iau_Chip > 長茭長茭長,57
,,,,娘仔唔肯嫁,,,,,,005_Tie_Suann_Kua_Iau_Chip > 長茭長茭長,57
,,,,嫁了唔回门,,,,,,005_Tie_Suann_Kua_Iau_Chip > 長茭長茭長,57
,,,,長茭長茭青,,,,,,005_Tie_Suann_Kua_Iau_Chip > 長茭長茭長,57
,,,,長茭好煮羹,,,,,,005_Tie_Suann_Kua_Iau_Chip > 長茭長茭長,57
,,,,娘仔唔肯嫁,,,,,,005_Tie_Suann_Kua_Iau_Chip > 長茭長茭長,57
,,,,嫁了唔回家,,,,,,005_Tie_Suann_Kua_Iau_Chip > 長茭長茭長,57
,,,,林林拜,,,,,,005_Tie_Suann_Kua_Iau_Chip > 林林拜,57
,,,,拜韭菜,,,,,,005_Tie_Suann_Kua_Iau_Chip > 林林拜,57
,,,,韭菜十二叢,,,,,,005_Tie_Suann_Kua_Iau_Chip > 林林拜,57
,,,,李花白,,,,,,005_Tie_Suann_Kua_Iau_Chip > 林林拜,57
,,,,桃花红,,,,,,005_Tie_Suann_Kua_Iau_Chip > 林林拜,57
,,,,红大妗,,,,,,005_Tie_Suann_Kua_Iau_Chip > 林林拜,57
,,,,做媒人,,,,,,005_Tie_Suann_Kua_Iau_Chip > 林林拜,57
,,,,嫁地塊,,,,,,005_Tie_Suann_Kua_Iau_Chip > 林林拜,57
,,,,嫁大房,,,,,,005_Tie_Suann_Kua_Iau_Chip > 林林拜,57
,,,,大房人刨猪,,,,,,005_Tie_Suann_Kua_Iau_Chip > 林林拜,57
,,,,二房人刨羊,,,,,,005_Tie_Suann_Kua_Iau_Chip > 林林拜,57
,,,,打鑼打鼓,,,,,,005_Tie_Suann_Kua_Iau_Chip > 林林拜,57
,,,,井底一塊金,,,,,,005_Tie_Suann_Kua_Iau_Chip > 井底一塊金,59
,,,,菱角开花七个心,,,,,,005_Tie_Suann_Kua_Iau_Chip > 井底一塊金,59
,,,,我嫂呾話我唔信,,,,,,005_Tie_Suann_Kua_Iau_Chip > 井底一塊金,59
,,,,我𡚸呾話句句眞,,,,,,005_Tie_Suann_Kua_Iau_Chip > 井底一塊金,59
,,,,井底一塊石,,,,,,005_Tie_Suann_Kua_Iau_Chip > 井底一塊金,59
,,,,菱角开花七片叶,,,,,,005_Tie_Suann_Kua_Iau_Chip > 井底一塊金,59
,,,,我嫂呾話我唔信,,,,,,005_Tie_Suann_Kua_Iau_Chip > 井底一塊金,59
,,,,我𡚸呾話句句着,,,,,,005_Tie_Suann_Kua_Iau_Chip > 井底一塊金,59
,,,,去过南,,,,,,005_Tie_Suann_Kua_Iau_Chip > 去过南,59
,,,,蜡蜡梳仔买一双,,,,,,005_Tie_Suann_Kua_Iau_Chip > 去过南,59
,,,,同头夫妻你唔惜,,,,,,005_Tie_Suann_Kua_Iau_Chip > 去过南,59
,,,,三心二意惜别人,,,,,,005_Tie_Suann_Kua_Iau_Chip > 去过南,59
,,,,去过洋,,,,,,005_Tie_Suann_Kua_Iau_Chip > 去过南,59
,,,,蜡蜡梳仔买一箱,,,,,,005_Tie_Suann_Kua_Iau_Chip > 去过南,59
,,,,同头夫妻你唔惜,,,,,,005_Tie_Suann_Kua_Iau_Chip > 去过南,59
,,,,三心二意惜别娘,,,,,,005_Tie_Suann_Kua_Iau_Chip > 去过南,59
,,,,蚴蛛食飽柯呀柯,,,,,,005_Tie_Suann_Kua_Iau_Chip > 蚴蛛食飽柯呀柯,59
,,,,不識父共母,,,,,,005_Tie_Suann_Kua_Iau_Chip > 蚴蛛食飽柯呀柯,59
,,,,只識伊个丈姆婆,,,,,,005_Tie_Suann_Kua_Iau_Chip > 蚴蛛食飽柯呀柯,59
,,,,蚴蛛食飽頻呀頻,,,,,,005_Tie_Suann_Kua_Iau_Chip > 蚴蛛食飽柯呀柯,59
,,,,不識父共母,,,,,,005_Tie_Suann_Kua_Iau_Chip > 蚴蛛食飽柯呀柯,59
,,,,只識伊个丈人公,,,,,,005_Tie_Suann_Kua_Iau_Chip > 蚴蛛食飽柯呀柯,59
,,,,去后头,,,,,,005_Tie_Suann_Kua_Iau_Chip > 去后头,60
,,,,看见七粒橘仔做一抛,,,,,,005_Tie_Suann_Kua_Iau_Chip > 去后头,60
,,,,橘仔酸酸摘来食,,,,,,005_Tie_Suann_Kua_Iau_Chip > 去后头,60
,,,,雪君喉,,,,,,005_Tie_Suann_Kua_Iau_Chip > 去后头,60
,,,,雪娘喉,,,,,,005_Tie_Suann_Kua_Iau_Chip > 去后头,60
,,,,雪君七日香早起,,,,,,005_Tie_Suann_Kua_Iau_Chip > 去后头,60
,,,,雪娘七日香梳头,,,,,,005_Tie_Suann_Kua_Iau_Chip > 去后头,60
,,,,去后园,,,,,,005_Tie_Suann_Kua_Iau_Chip > 去后头,60
,,,,看见七粒橘仔做一方,,,,,,005_Tie_Suann_Kua_Iau_Chip > 去后头,60
,,,,橘仔酸酸摘来食,,,,,,005_Tie_Suann_Kua_Iau_Chip > 去后头,60
,,,,雪君肠,,,,,,005_Tie_Suann_Kua_Iau_Chip > 去后头,60
,,,,雪娘肠,,,,,,005_Tie_Suann_Kua_Iau_Chip > 去后头,60
,,,,雪君七日香早起,,,,,,005_Tie_Suann_Kua_Iau_Chip > 去后头,60
,,,,雪娘七日香梳妆,,,,,,005_Tie_Suann_Kua_Iau_Chip > 去后头,60
,,,,龟筒龟泥鳅,,,,,,005_Tie_Suann_Kua_Iau_Chip > 龟筒龟泥鳅,60
,,,,嫁给龟筒大无修,,,,,,005_Tie_Suann_Kua_Iau_Chip > 龟筒龟泥鳅,60
,,,,三寸红布做个襟,,,,,,005_Tie_Suann_Kua_Iau_Chip > 龟筒龟泥鳅,60
,,,,四寸绿布做个衾,,,,,,005_Tie_Suann_Kua_Iau_Chip > 龟筒龟泥鳅,60
,,,,面桶洗浴恰恰好,,,,,,005_Tie_Suann_Kua_Iau_Chip > 龟筒龟泥鳅,60
,,,,脚桶洗浴打乒沄,,,,,,005_Tie_Suann_Kua_Iau_Chip > 龟筒龟泥鳅,60
,,,,吊桶洗浴翻千秋,,,,,,005_Tie_Suann_Kua_Iau_Chip > 龟筒龟泥鳅,60
,,,,阮有金鋪厅,,,,,,005_Tie_Suann_Kua_Iau_Chip > 龟筒龟泥鳅,60
,,,,银鋪埕,,,,,,005_Tie_Suann_Kua_Iau_Chip > 龟筒龟泥鳅,60
,,,,钱鋪路,,,,,,005_Tie_Suann_Kua_Iau_Chip > 龟筒龟泥鳅,60
,,,,怎呢唔中嫂你行,,,,,,005_Tie_Suann_Kua_Iau_Chip > 龟筒龟泥鳅,60
,,,,阮唔嫌您金鋪厅,,,,,,005_Tie_Suann_Kua_Iau_Chip > 龟筒龟泥鳅,60
,,,,亦唔嫌您银鋪埕,,,,,,005_Tie_Suann_Kua_Iau_Chip > 龟筒龟泥鳅,60
,,,,亦唔嫌您钱鋪路,,,,,,005_Tie_Suann_Kua_Iau_Chip > 龟筒龟泥鳅,60
,,,,是要嫌您一个龟筒兄,,,,,,005_Tie_Suann_Kua_Iau_Chip > 龟筒龟泥鳅,60
,,,,天頂一点红,,,,,,005_Tie_Suann_Kua_Iau_Chip > 天頂一点红,60
,,,,姑仔割草飼牛筒,,,,,,005_Tie_Suann_Kua_Iau_Chip > 天頂一点红,60
,,,,牛仔飼大好教驱,,,,,,005_Tie_Suann_Kua_Iau_Chip > 天頂一点红,60
,,,,姑仔飼大嫁别人,,,,,,005_Tie_Suann_Kua_Iau_Chip > 天頂一点红,60
,,,,泥鳅泥鳅,,,,,,005_Tie_Suann_Kua_Iau_Chip > 泥鳅泥鳅,61
,,,,您阿父去地堆,,,,,,005_Tie_Suann_Kua_Iau_Chip > 泥鳅泥鳅,61
,,,,您阿父走去上苏州,,,,,,005_Tie_Suann_Kua_Iau_Chip > 泥鳅泥鳅,61
,,,,您阿母去地堆,,,,,,005_Tie_Suann_Kua_Iau_Chip > 泥鳅泥鳅,61
,,,,您阿母在内补破裘,,,,,,005_Tie_Suann_Kua_Iau_Chip > 泥鳅泥鳅,61
,,,,門脚一叢梨,,,,,,005_Tie_Suann_Kua_Iau_Chip > 門脚一叢梨,61
,,,,弯弯曲曲生一个,,,,,,005_Tie_Suann_Kua_Iau_Chip > 門脚一叢梨,61
,,,,食到醬老正孚𡚸,,,,,,005_Tie_Suann_Kua_Iau_Chip > 門脚一叢梨,61
,,,,昨夜恁憧叫𡚸叫做媛,,,,,,005_Tie_Suann_Kua_Iau_Chip > 門脚一叢梨,61
,,,,門脚一叢桃,,,,,,005_Tie_Suann_Kua_Iau_Chip > 門脚一叢梨,61
,,,,弯弯曲曲生一朵,,,,,,005_Tie_Suann_Kua_Iau_Chip > 門脚一叢梨,61
,,,,食到醬老正孚𡚸,,,,,,005_Tie_Suann_Kua_Iau_Chip > 門脚一叢梨,61
,,,,昨夜恁憧叫𡚸叫做老嬉婆,,,,,,005_Tie_Suann_Kua_Iau_Chip > 門脚一叢梨,61
,,,,竹竿搖搖好晾紗,,,,,,005_Tie_Suann_Kua_Iau_Chip > 竹竿搖搖好晾紗,61
,,,,盞甌深深好冲茶,,,,,,005_Tie_Suann_Kua_Iau_Chip > 竹竿搖搖好晾紗,61
,,,,先嫁之人未有仔,,,,,,005_Tie_Suann_Kua_Iau_Chip > 竹竿搖搖好晾紗,61
,,,,未嫁之人仔先生,,,,,,005_Tie_Suann_Kua_Iau_Chip > 竹竿搖搖好晾紗,61
,,,,雷扣行路君,,,,,,005_Tie_Suann_Kua_Iau_Chip > 竹竿搖搖好晾紗,61
,,,,呾話无思忖,,,,,,005_Tie_Suann_Kua_Iau_Chip > 竹竿搖搖好晾紗,61
,,,,前面是我嫂,,,,,,005_Tie_Suann_Kua_Iau_Chip > 竹竿搖搖好晾紗,61
,,,,后面姑抱孙,,,,,,005_Tie_Suann_Kua_Iau_Chip > 竹竿搖搖好晾紗,61
,,,,炒韭菜,,,,,,005_Tie_Suann_Kua_Iau_Chip > 蜘蛛咬蚊胎,62
,,,,一驅伊就來,,,,,,005_Tie_Suann_Kua_Iau_Chip > 蜘蛛咬蚊胎,62
,,,,一只鷄仔喱喱圈,,,,,,005_Tie_Suann_Kua_Iau_Chip > 一只鷄仔喱喱圈,62
,,,,走去大路待阿姑,,,,,,005_Tie_Suann_Kua_Iau_Chip > 一只鷄仔喱喱圈,62
,,,,阿姑有錢唔坐輪,,,,,,005_Tie_Suann_Kua_Iau_Chip > 一只鷄仔喱喱圈,62
,,,,跌到一身生撳涂,,,,,,005_Tie_Suann_Kua_Iau_Chip > 一只鷄仔喱喱圈,62
,,,,一只鷄仔喱喱嗒,,,,,,005_Tie_Suann_Kua_Iau_Chip > 一只鷄仔喱喱圈,62
,,,,走去大路待阿嫂,,,,,,005_Tie_Suann_Kua_Iau_Chip > 一只鷄仔喱喱圈,62
,,,,阿嫂有錢唔坐輪,,,,,,005_Tie_Suann_Kua_Iau_Chip > 一只鷄仔喱喱圈,62
,,,,跌到一身生撳泥,,,,,,005_Tie_Suann_Kua_Iau_Chip > 一只鷄仔喱喱圈,62
,,,,新娘孥入房,,,,,,005_Tie_Suann_Kua_Iau_Chip > 新娘孥入房,62
,,,,房內点灯籠,,,,,,005_Tie_Suann_Kua_Iau_Chip > 新娘孥入房,62
,,,,灯籠着火燒,,,,,,005_Tie_Suann_Kua_Iau_Chip > 新娘孥入房,62
,,,,阿公气到冲冲潮,,,,,,005_Tie_Suann_Kua_Iau_Chip > 新娘孥入房,62
,,,,一只鳥仔歇处头,,,,,,005_Tie_Suann_Kua_Iau_Chip > 一只鳥仔歇处头,62
,,,,阿姊欲嫁目汁流,,,,,,005_Tie_Suann_Kua_Iau_Chip > 一只鳥仔歇处头,62
,,,,黐飯食着三四碗,,,,,,005_Tie_Suann_Kua_Iau_Chip > 一只鳥仔歇处头,62
,,,,行到半路尿就流,,,,,,005_Tie_Suann_Kua_Iau_Chip > 一只鳥仔歇处头,62
,,,,張治,,,,,,005_Tie_Suann_Kua_Iau_Chip > 雨淋濕,63
,,,,享到妯來破我家,,,,,,005_Tie_Suann_Kua_Iau_Chip > 雨淋濕,63
,,,,十日只紡一个紗,,,,,,005_Tie_Suann_Kua_Iau_Chip > 雨淋濕,63
,,,,七、八个月耕塊布,,,,,,005_Tie_Suann_Kua_Iau_Chip > 雨淋濕,63
,,,,布呀耕好取來市上換沙蝦,,,,,,005_Tie_Suann_Kua_Iau_Chip > 雨淋濕,63
,,,,換來到,,,,,,005_Tie_Suann_Kua_Iau_Chip > 雨淋濕,63
,,,,取一盤敞大家,,,,,,005_Tie_Suann_Kua_Iau_Chip > 雨淋濕,63
,,,,亲姆亲姆亲,,,,,,005_Tie_Suann_Kua_Iau_Chip > 亲姆亲姆亲,63
,,,,非是我姊破你家,,,,,,005_Tie_Suann_Kua_Iau_Chip > 亲姆亲姆亲,63
,,,,猫兒無腥唔在处,,,,,,005_Tie_Suann_Kua_Iau_Chip > 亲姆亲姆亲,63
,,,,鴨仔無谷唔在家,,,,,,005_Tie_Suann_Kua_Iau_Chip > 亲姆亲姆亲,63
,,,,我姊在处好毛頭,,,,,,005_Tie_Suann_Kua_Iau_Chip > 亲姆亲姆亲,63
,,,,一項洗頭九項留,,,,,,005_Tie_Suann_Kua_Iau_Chip > 亲姆亲姆亲,63
,,,,去到你家無油抹,,,,,,005_Tie_Suann_Kua_Iau_Chip > 亲姆亲姆亲,63
,,,,頭毛變成扫帚頭,,,,,,005_Tie_Suann_Kua_Iau_Chip > 亲姆亲姆亲,63
,,,,手掣絲綫紅綠青,,,,,,005_Tie_Suann_Kua_Iau_Chip > 手掣絲綫紅綠青,63
,,,,奉敬方丈做袈裟,,,,,,005_Tie_Suann_Kua_Iau_Chip > 手掣絲綫紅綠青,63
,,,,方丈开門給阮歇,,,,,,005_Tie_Suann_Kua_Iau_Chip > 手掣絲綫紅綠青,63
,,,,阮欲修行來出家,,,,,,005_Tie_Suann_Kua_Iau_Chip > 手掣絲綫紅綠青,63
,,,,手掣絲綫紅綠鳥,,,,,,005_Tie_Suann_Kua_Iau_Chip > 手掣絲綫紅綠青,63
,,,,奉敬方丈做帽簾,,,,,,005_Tie_Suann_Kua_Iau_Chip > 手掣絲綫紅綠青,63
,,,,方丈开門給阮歇,,,,,,005_Tie_Suann_Kua_Iau_Chip > 手掣絲綫紅綠青,63
,,,,阮欲修行做尼姑,,,,,,005_Tie_Suann_Kua_Iau_Chip > 手掣絲綫紅綠青,63
,,,,鴉片一食面猴猴,,,,,,005_Tie_Suann_Kua_Iau_Chip > 鴉片一食面猴猴,63
,,,,全身無肉存骨頭,,,,,,005_Tie_Suann_Kua_Iau_Chip > 鴉片一食面猴猴,63
,,,,頭毛足足有半尺,,,,,,005_Tie_Suann_Kua_Iau_Chip > 鴉片一食面猴猴,63
,,,,蚤母生够滿褲頭,,,,,,005_Tie_Suann_Kua_Iau_Chip > 鴉片一食面猴猴,63
,,,,边红,,,,,,005_Tie_Suann_Kua_Iau_Chip > 当叮当,64
,,,,当叮潮,,,,,,005_Tie_Suann_Kua_Iau_Chip > 当叮当,64
,,,,蜡蜡梳仔买一箱,,,,,,005_Tie_Suann_Kua_Iau_Chip > 当叮当,64
,,,,烏烏头毛块双鬓,,,,,,005_Tie_Suann_Kua_Iau_Chip > 当叮当,64
,,,,浮花耳钩鬓边摇,,,,,,005_Tie_Suann_Kua_Iau_Chip > 当叮当,64
,,,,畲歌畲嘻嘻,,,,,,005_Tie_Suann_Kua_Iau_Chip > 畲歌畲嘻嘻,64
,,,,绿纱蚊帐红彩眉,,,,,,005_Tie_Suann_Kua_Iau_Chip > 畲歌畲嘻嘻,64
,,,,阿姊上轿流目汁,,,,,,005_Tie_Suann_Kua_Iau_Chip > 畲歌畲嘻嘻,64
,,,,一到轿底笑嘻嘻,,,,,,005_Tie_Suann_Kua_Iau_Chip > 畲歌畲嘻嘻,64
,,,,门脚一丛柑,,,,,,005_Tie_Suann_Kua_Iau_Chip > 门脚一丛柑,64
,,,,数来数去三百三,,,,,,005_Tie_Suann_Kua_Iau_Chip > 门脚一丛柑,64
,,,,阮处阿兄会择𡚸,,,,,,005_Tie_Suann_Kua_Iau_Chip > 门脚一丛柑,64
,,,,选着个𡚸長短脚,,,,,,005_Tie_Suann_Kua_Iau_Chip > 门脚一丛柑,64
,,,,门脚一丛梨,,,,,,005_Tie_Suann_Kua_Iau_Chip > 门脚一丛柑,64
,,,,数来数去三百个,,,,,,005_Tie_Suann_Kua_Iau_Chip > 门脚一丛柑,64
,,,,阮处阿兄会择𡚸,,,,,,005_Tie_Suann_Kua_Iau_Chip > 门脚一丛柑,64
,,,,选着个𡚸无下颏,,,,,,005_Tie_Suann_Kua_Iau_Chip > 门脚一丛柑,64
,,,,一丛韭菜倒生来,,,,,,005_Tie_Suann_Kua_Iau_Chip > 一丛韭菜倒生来,64
,,,,飼大唔识父共嫒,,,,,,005_Tie_Suann_Kua_Iau_Chip > 一丛韭菜倒生来,64
,,,,不爱兄弟姊妹亲,,,,,,005_Tie_Suann_Kua_Iau_Chip > 一丛韭菜倒生来,64
,,,,只识丈姆是你个,,,,,,005_Tie_Suann_Kua_Iau_Chip > 一丛韭菜倒生来,64
,,,,着扑倒落桥,,,,,,005_Tie_Suann_Kua_Iau_Chip > 行桥是行桥,65
,,,,行枋是行枋,,,,,,005_Tie_Suann_Kua_Iau_Chip > 行桥是行桥,65
,,,,一般早死好看人,,,,,,005_Tie_Suann_Kua_Iau_Chip > 行桥是行桥,65
,,,,一看着人来窖看路,,,,,,005_Tie_Suann_Kua_Iau_Chip > 行桥是行桥,65
,,,,着踢着扑倒落田,,,,,,005_Tie_Suann_Kua_Iau_Chip > 行桥是行桥,65
,,,,客厅唱歌哩畏人,,,,,,005_Tie_Suann_Kua_Iau_Chip > 客厅唱歌哩畏人,65
,,,,房内唱歌哩畏翁,,,,,,005_Tie_Suann_Kua_Iau_Chip > 客厅唱歌哩畏人,65
,,,,灶前唱歌畏司命,,,,,,005_Tie_Suann_Kua_Iau_Chip > 客厅唱歌哩畏人,65
,,,,坐落尿桶唱够双,,,,,,005_Tie_Suann_Kua_Iau_Chip > 客厅唱歌哩畏人,65
,,,,一枝灯火吊大厅,,,,,,005_Tie_Suann_Kua_Iau_Chip > 一枝灯火吊大厅,65
,,,,二机耕布地机赢,,,,,,005_Tie_Suann_Kua_Iau_Chip > 一枝灯火吊大厅,65
,,,,姑你耕布落箱囊,,,,,,005_Tie_Suann_Kua_Iau_Chip > 一枝灯火吊大厅,65
,,,,嫂你耕布打扮兄,,,,,,005_Tie_Suann_Kua_Iau_Chip > 一枝灯火吊大厅,65
,,,,一枝灯火吊大房,,,,,,005_Tie_Suann_Kua_Iau_Chip > 一枝灯火吊大厅,65
,,,,二机耕布地机红,,,,,,005_Tie_Suann_Kua_Iau_Chip > 一枝灯火吊大厅,65
,,,,姑你耕布落箱囊,,,,,,005_Tie_Suann_Kua_Iau_Chip > 一枝灯火吊大厅,65
,,,,嫂你耕布打扮翁,,,,,,005_Tie_Suann_Kua_Iau_Chip > 一枝灯火吊大厅,65
,,,,大嫂挨礱二嫂篩,,,,,,005_Tie_Suann_Kua_Iau_Chip > 大嫂挨礱二嫂篩,65
,,,,姑仔捧管假唔知,,,,,,005_Tie_Suann_Kua_Iau_Chip > 大嫂挨礱二嫂篩,65
,,,,待阮阿姑做人嫂,,,,,,005_Tie_Suann_Kua_Iau_Chip > 大嫂挨礱二嫂篩,65
,,,,自己挨礱自己篩,,,,,,005_Tie_Suann_Kua_Iau_Chip > 大嫂挨礱二嫂篩,65
,,,,篩去篩,,,,,,005_Tie_Suann_Kua_Iau_Chip > 大嫂挨礱二嫂篩,65
,,,,阮处家官做秀才,,,,,,005_Tie_Suann_Kua_Iau_Chip > 大嫂挨礱二嫂篩,65
,,,,阮处家官輳双囝,,,,,,005_Tie_Suann_Kua_Iau_Chip > 大嫂挨礱二嫂篩,65
,,,,一囝挨礱一囝篩,,,,,,005_Tie_Suann_Kua_Iau_Chip > 大嫂挨礱二嫂篩,65
,,,,大嫂挨礱二嫂舂,,,,,,005_Tie_Suann_Kua_Iau_Chip > 大嫂挨礱二嫂篩,65
,,,,姑仔捧管假唔停,,,,,,005_Tie_Suann_Kua_Iau_Chip > 大嫂挨礱二嫂篩,65
,,,,待阮阿姑做人嫂,,,,,,005_Tie_Suann_Kua_Iau_Chip > 大嫂挨礱二嫂篩,65
,,,,自,,,,,,005_Tie_Suann_Kua_Iau_Chip > 大嫂挨礱二嫂篩,65
,,,,囝挨蠧一囝舂,,,,,,005_Tie_Suann_Kua_Iau_Chip > 大嫂挨礱二嫂篩,66
,,,,老树老叶又老枝,,,,,,005_Tie_Suann_Kua_Iau_Chip > 老树老叶又老枝,66
,,,,亲仔唔如身边錢,,,,,,005_Tie_Suann_Kua_Iau_Chip > 老树老叶又老枝,66
,,,,身边有錢自己使,,,,,,005_Tie_Suann_Kua_Iau_Chip > 老树老叶又老枝,66
,,,,共仔討錢話多的,,,,,,005_Tie_Suann_Kua_Iau_Chip > 老树老叶又老枝,66
,,,,六月桃,,,,,,005_Tie_Suann_Kua_Iau_Chip > 六月桃,66
,,,,四月李,,,,,,005_Tie_Suann_Kua_Iau_Chip > 六月桃,66
,,,,当今婆娘鑲金齿,,,,,,005_Tie_Suann_Kua_Iau_Chip > 六月桃,66
,,,,一会雅,,,,,,005_Tie_Suann_Kua_Iau_Chip > 六月桃,66
,,,,当今婆娘食烟仔,,,,,,005_Tie_Suann_Kua_Iau_Chip > 六月桃,66
,,,,烟仔食着一下香,,,,,,005_Tie_Suann_Kua_Iau_Chip > 六月桃,66
,,,,当今婆娘打辮鬃,,,,,,005_Tie_Suann_Kua_Iau_Chip > 六月桃,66
,,,,辮鬃打起扑扑曳,,,,,,005_Tie_Suann_Kua_Iau_Chip > 六月桃,66
,,,,当今婆娘摜呷呒,,,,,,005_Tie_Suann_Kua_Iau_Chip > 六月桃,66
,,,,呷呒摜起擎呀擎,,,,,,005_Tie_Suann_Kua_Iau_Chip > 六月桃,66
,,,,当今婆娘去落毛,,,,,,005_Tie_Suann_Kua_Iau_Chip > 六月桃,66
,,,,落毛落一坐,,,,,,005_Tie_Suann_Kua_Iau_Chip > 六月桃,66
,,,,当今婆娘穿褂坐,,,,,,005_Tie_Suann_Kua_Iau_Chip > 六月桃,66
,,,,某家阿爸嘴關關,,,,,,005_Tie_Suann_Kua_Iau_Chip > 某家阿爸嘴關關,66
,,,,尺二辮仔須二撇,,,,,,005_Tie_Suann_Kua_Iau_Chip > 某家阿爸嘴關關,66
,,,,勾結烟友三十人,,,,,,005_Tie_Suann_Kua_Iau_Chip > 某家阿爸嘴關關,66
,,,,每,,,,,,005_Tie_Suann_Kua_Iau_Chip > 某家阿爸嘴關關,66
,,,,夜輪流各一宿,,,,,,005_Tie_Suann_Kua_Iau_Chip > 某家阿爸嘴關關,67
,,,,入門尙未食烟茶,,,,,,005_Tie_Suann_Kua_Iau_Chip > 某家阿爸嘴關關,67
,,,,倒蕩烟鋪气就喝,,,,,,005_Tie_Suann_Kua_Iau_Chip > 某家阿爸嘴關關,67
,,,,左畔四右畔三,,,,,,005_Tie_Suann_Kua_Iau_Chip > 某家阿爸嘴關關,67
,,,,好似咸魚双畔烙,,,,,,005_Tie_Suann_Kua_Iau_Chip > 某家阿爸嘴關關,67
,,,,烟癮过足有精神,,,,,,005_Tie_Suann_Kua_Iau_Chip > 某家阿爸嘴關關,67
,,,,說起書史大嘩吔,,,,,,005_Tie_Suann_Kua_Iau_Chip > 某家阿爸嘴關關,67
,,,,半夜听見卖魚生,,,,,,005_Tie_Suann_Kua_Iau_Chip > 某家阿爸嘴關關,67
,,,,想食魚头煮番薯,,,,,,005_Tie_Suann_Kua_Iau_Chip > 某家阿爸嘴關關,67
,,,,食到醉飽返回归,,,,,,005_Tie_Suann_Kua_Iau_Chip > 某家阿爸嘴關關,67
,,,,八字脚馬攬呀攬,,,,,,005_Tie_Suann_Kua_Iau_Chip > 某家阿爸嘴關關,67
,,,,阿四持灯头前行,,,,,,005_Tie_Suann_Kua_Iau_Chip > 某家阿爸嘴關關,67
,,,,去到門脚屎就瀧,,,,,,005_Tie_Suann_Kua_Iau_Chip > 某家阿爸嘴關關,67
,,,,虽是叠門一秀才,,,,,,005_Tie_Suann_Kua_Iau_Chip > 某家阿爸嘴關關,67
,,,,看来人品太过拙,,,,,,005_Tie_Suann_Kua_Iau_Chip > 某家阿爸嘴關關,67
,,,,好戏梅来兴,,,,,,005_Tie_Suann_Kua_Iau_Chip > 好戏梅来兴,67
,,,,戏爹阿今升,,,,,,005_Tie_Suann_Kua_Iau_Chip > 好戏梅来兴,67
,,,,大部金石宫,,,,,,005_Tie_Suann_Kua_Iau_Chip > 好戏梅来兴,67
,,,,銅鑼打雕窗,,,,,,005_Tie_Suann_Kua_Iau_Chip > 好戏梅来兴,67
,,,,副鈸仔打剩二个鐘,,,,,,005_Tie_Suann_Kua_Iau_Chip > 好戏梅来兴,67
,,,,鼓鼓哩无釘,,,,,,005_Tie_Suann_Kua_Iau_Chip > 好戏梅来兴,67
,,,,槍哩无纓,,,,,,005_Tie_Suann_Kua_Iau_Chip > 好戏梅来兴,67
,,,,无囊迭落筐,,,,,,005_Tie_Suann_Kua_Iau_Chip > 好戏梅来兴,67
,,,,鼓手哩无盤,,,,,,005_Tie_Suann_Kua_Iau_Chip > 好戏梅来兴,67
,,,,大吹贴草紙,,,,,,005_Tie_Suann_Kua_Iau_Chip > 好戏梅来兴,67
,,,,小生七十七,,,,,,005_Tie_Suann_Kua_Iau_Chip > 好戏梅来兴,67
,,,,花旦八十三,,,,,,005_Tie_Suann_Kua_Iau_Chip > 好戏梅来兴,67
,,,,紅面曲手,,,,,,005_Tie_Suann_Kua_Iau_Chip > 好戏梅来兴,67
,,,,鸟面拐脚,,,,,,005_Tie_Suann_Kua_Iau_Chip > 好戏梅来兴,67
,,,,做文戏哩穿热衫,,,,,,005_Tie_Suann_Kua_Iau_Chip > 好戏梅来兴,67
,,,,做武戏哩挈扁担,,,,,,005_Tie_Suann_Kua_Iau_Chip > 好戏梅来兴,67
,,,,膀投膀投青,,,,,,005_Tie_Suann_Kua_Iau_Chip > 膀投膀投青,67
,,,,膀投青青好搭棚,,,,,,005_Tie_Suann_Kua_Iau_Chip > 膀投膀投青,67
,,,,后生抹粉是本等,,,,,,005_Tie_Suann_Kua_Iau_Chip > 膀投膀投青,67
,,,,老人抹粉老破家,,,,,,005_Tie_Suann_Kua_Iau_Chip > 膀投膀投青,67
,,,,膀投膀投敲,,,,,,005_Tie_Suann_Kua_Iau_Chip > 膀投膀投青,67
,,,,膀投敲敲好搭寮,,,,,,005_Tie_Suann_Kua_Iau_Chip > 膀投膀投青,67
,,,,后生抹粉是本等,,,,,,005_Tie_Suann_Kua_Iau_Chip > 膀投膀投青,67
,,,,老人抹粉是妖嬈,,,,,,005_Tie_Suann_Kua_Iau_Chip > 膀投膀投青,67
,,,,莿流莿流哥,,,,,,005_Tie_Suann_Kua_Iau_Chip > 莿流莿流哥,68
,,,,莿流凄惨无奈何,,,,,,005_Tie_Suann_Kua_Iau_Chip > 莿流莿流哥,68
,,,,你走来出世,,,,,,005_Tie_Suann_Kua_Iau_Chip > 莿流莿流哥,68
,,,,父母笑呵呵,,,,,,005_Tie_Suann_Kua_Iau_Chip > 莿流莿流哥,68
,,,,意望年長大,,,,,,005_Tie_Suann_Kua_Iau_Chip > 莿流莿流哥,68
,,,,荣耀老公婆,,,,,,005_Tie_Suann_Kua_Iau_Chip > 莿流莿流哥,68
,,,,誰知流入莿流館,,,,,,005_Tie_Suann_Kua_Iau_Chip > 莿流莿流哥,68
,,,,出門看戏提双刀,,,,,,005_Tie_Suann_Kua_Iau_Chip > 莿流莿流哥,68
,,,,不幸被人砍,,,,,,005_Tie_Suann_Kua_Iau_Chip > 莿流莿流哥,68
,,,,你命一刻送南柯,,,,,,005_Tie_Suann_Kua_Iau_Chip > 莿流莿流哥,68
,,,,若是砍死别人仔,,,,,,005_Tie_Suann_Kua_Iau_Chip > 莿流莿流哥,68
,,,,家業财产一旦无,,,,,,005_Tie_Suann_Kua_Iau_Chip > 莿流莿流哥,68
,,,,莿流莿流哥,,,,,,005_Tie_Suann_Kua_Iau_Chip > 莿流莿流哥,68
,,,,細心听我唱,,,,,,005_Tie_Suann_Kua_Iau_Chip > 莿流莿流哥,68
,,,,听我唱那莿流歌,,,,,,005_Tie_Suann_Kua_Iau_Chip > 莿流莿流哥,68
,,,,老鼠拖猫上竹竿,,,,,,005_Tie_Suann_Kua_Iau_Chip > 老鼠拖猫上竹竿,68
,,,,和佢相打相挽毛,,,,,,005_Tie_Suann_Kua_Iau_Chip > 老鼠拖猫上竹竿,68
,,,,担梯上处沽蝦仔,,,,,,005_Tie_Suann_Kua_Iau_Chip > 老鼠拖猫上竹竿,68
,,,,点火燒山掠田螺,,,,,,005_Tie_Suann_Kua_Iau_Chip > 老鼠拖猫上竹竿,68
,,,,老鼠拖猫上竹枝,,,,,,005_Tie_Suann_Kua_Iau_Chip > 老鼠拖猫上竹竿,68
,,,,和佢相打相挽辮,,,,,,005_Tie_Suann_Kua_Iau_Chip > 老鼠拖猫上竹竿,68
,,,,担梯上处沽蝦仔,,,,,,005_Tie_Suann_Kua_Iau_Chip > 老鼠拖猫上竹竿,68
,,,,点火燒山掠磨蟣,,,,,,005_Tie_Suann_Kua_Iau_Chip > 老鼠拖猫上竹竿,68
,,,,老鼠偷食蚻,,,,,,005_Tie_Suann_Kua_Iau_Chip > 老鼠偷食蚻,68
,,,,咂嘴咂舌呵嗝香,,,,,,005_Tie_Suann_Kua_Iau_Chip > 老鼠偷食蚻,68
,,,,錢龍蛇蛋呵呵笑,,,,,,005_Tie_Suann_Kua_Iau_Chip > 老鼠偷食蚻,68
,,,,无能爹媽好入庙,,,,,,005_Tie_Suann_Kua_Iau_Chip > 老鼠偷食蚻,68
,,,,老鼠偷食羹,,,,,,005_Tie_Suann_Kua_Iau_Chip > 老鼠偷食蚻,68
,,,,咂嘴咂舌呵嗝橫,,,,,,005_Tie_Suann_Kua_Iau_Chip > 老鼠偷食蚻,68
,,,,錢龍蛇蛋呵呵笑,,,,,,005_Tie_Suann_Kua_Iau_Chip > 老鼠偷食蚻,68
,,,,无能爹,,,,,,005_Tie_Suann_Kua_Iau_Chip > 老鼠偷食蚻,68
,,,,一时肚飢,,,,,,005_Tie_Suann_Kua_Iau_Chip > 对一时肚飢,69
,,,,想食溪中魚鮮,,,,,,005_Tie_Suann_Kua_Iau_Chip > 对一时肚飢,69
,,,,买到珍馐共百味,,,,,,005_Tie_Suann_Kua_Iau_Chip > 对一时肚飢,69
,,,,又愁閨房无嫡妻,,,,,,005_Tie_Suann_Kua_Iau_Chip > 对一时肚飢,69
,,,,生到五男共二女,,,,,,005_Tie_Suann_Kua_Iau_Chip > 对一时肚飢,69
,,,,又愁无谷食根基,,,,,,005_Tie_Suann_Kua_Iau_Chip > 对一时肚飢,69
,,,,田谷买到数百石,,,,,,005_Tie_Suann_Kua_Iau_Chip > 对一时肚飢,69
,,,,又愁白額被人欺,,,,,,005_Tie_Suann_Kua_Iau_Chip > 对一时肚飢,69
,,,,不覺做到官府职,,,,,,005_Tie_Suann_Kua_Iau_Chip > 对一时肚飢,69
,,,,又愁官微怕上司,,,,,,005_Tie_Suann_Kua_Iau_Chip > 对一时肚飢,69
,,,,不覺做到宰相位,,,,,,005_Tie_Suann_Kua_Iau_Chip > 对一时肚飢,69
,,,,又愁无子来登基,,,,,,005_Tie_Suann_Kua_Iau_Chip > 对一时肚飢,69
,,,,人生知足未为足,,,,,,005_Tie_Suann_Kua_Iau_Chip > 对一时肚飢,69
,,,,不如骑鹤飞上天,,,,,,005_Tie_Suann_Kua_Iau_Chip > 对一时肚飢,69
,,,,月娘月痕痕,,,,,,005_Tie_Suann_Kua_Iau_Chip > 月娘月痕痕,69
,,,,共君去搭船,,,,,,005_Tie_Suann_Kua_Iau_Chip > 月娘月痕痕,69
,,,,船头二只鸳鸯鸟,,,,,,005_Tie_Suann_Kua_Iau_Chip > 月娘月痕痕,69
,,,,头又烏,,,,,,005_Tie_Suann_Kua_Iau_Chip > 月娘月痕痕,69
,,,,尾又红,,,,,,005_Tie_Suann_Kua_Iau_Chip > 月娘月痕痕,69
,,,,劝君勿笑人,,,,,,005_Tie_Suann_Kua_Iau_Chip > 月娘月痕痕,69
,,,,人无千日好,,,,,,005_Tie_Suann_Kua_Iau_Chip > 月娘月痕痕,69
,,,,花无百日红,,,,,,005_Tie_Suann_Kua_Iau_Chip > 月娘月痕痕,69
,,,,溪水清幽幽,,,,,,005_Tie_Suann_Kua_Iau_Chip > 溪水清幽幽,69
,,,,一对龙蝦在洗須,,,,,,005_Tie_Suann_Kua_Iau_Chip > 溪水清幽幽,69
,,,,姑嫂龙蝦都想食,,,,,,005_Tie_Suann_Kua_Iau_Chip > 溪水清幽幽,69
,,,,唔知龙蝦几条須,,,,,,005_Tie_Suann_Kua_Iau_Chip > 溪水清幽幽,69
,,,,溪水涸干干,,,,,,005_Tie_Suann_Kua_Iau_Chip > 溪水清幽幽,69
,,,,一对龙蝦来洗脚,,,,,,005_Tie_Suann_Kua_Iau_Chip > 溪水清幽幽,69
,,,,姑嫂龙蝦都想食,,,,,,005_Tie_Suann_Kua_Iau_Chip > 溪水清幽幽,69
,,,,唔知龙蝦几只脚,,,,,,005_Tie_Suann_Kua_Iau_Chip > 溪水清幽幽,69
,,,,一世做官三世穷,,,,,,005_Tie_Suann_Kua_Iau_Chip > 一世做官三世穷,69
,,,,春蚕作茧总归空,,,,,,005_Tie_Suann_Kua_Iau_Chip > 一世做官三世穷,69
,,,,三两黄金四两命,,,,,,005_Tie_Suann_Kua_Iau_Chip > 一世做官三世穷,69
,,,,蟋蟀无毛白能过冬,,,,,,005_Tie_Suann_Kua_Iau_Chip > 一世做官三世穷,69
,,,,花子开花宝金枝,,,,,,005_Tie_Suann_Kua_Iau_Chip > 花子开花宝金枝,70
,,,,少年不爱待何时,,,,,,005_Tie_Suann_Kua_Iau_Chip > 花子开花宝金枝,70
,,,,竹仔上节节节老了,,,,,,005_Tie_Suann_Kua_Iau_Chip > 花子开花宝金枝,70
,,,,黄金难买少年时,,,,,,005_Tie_Suann_Kua_Iau_Chip > 花子开花宝金枝,70
,,,,臼头舂米伤着腰,,,,,,005_Tie_Suann_Kua_Iau_Chip > 臼头舂米伤着腰,70
,,,,夫婿听知匆匆潮,,,,,,005_Tie_Suann_Kua_Iau_Chip > 臼头舂米伤着腰,70
,,,,寻无烏鷄来补腹,,,,,,005_Tie_Suann_Kua_Iau_Chip > 臼头舂米伤着腰,70
,,,,寻无杉板来押腰,,,,,,005_Tie_Suann_Kua_Iau_Chip > 臼头舂米伤着腰,70
,,,,臼头舂米伤着脚,,,,,,005_Tie_Suann_Kua_Iau_Chip > 臼头舂米伤着腰,70
,,,,夫婿听知走来哈,,,,,,005_Tie_Suann_Kua_Iau_Chip > 臼头舂米伤着腰,70
,,,,寻无烏鷄来补腹,,,,,,005_Tie_Suann_Kua_Iau_Chip > 臼头舂米伤着腰,70
,,,,寻无杉板来押脚,,,,,,005_Tie_Suann_Kua_Iau_Chip > 臼头舂米伤着腰,70
,,,,杉做水桶竹箍腰,,,,,,005_Tie_Suann_Kua_Iau_Chip > 杉做水桶竹箍腰,70
,,,,五尺烏纱披肩膙,,,,,,005_Tie_Suann_Kua_Iau_Chip > 杉做水桶竹箍腰,70
,,,,娘仔担轻香担重,,,,,,005_Tie_Suann_Kua_Iau_Chip > 杉做水桶竹箍腰,70
,,,,肩头未酸先酸腰,,,,,,005_Tie_Suann_Kua_Iau_Chip > 杉做水桶竹箍腰,70
,,,,秀才会做詩,,,,,,005_Tie_Suann_Kua_Iau_Chip > 杉做水桶竹箍腰,70
,,,,何必呾话来相欺,,,,,,005_Tie_Suann_Kua_Iau_Chip > 杉做水桶竹箍腰,70
,,,,我是山上老松柏,,,,,,005_Tie_Suann_Kua_Iau_Chip > 杉做水桶竹箍腰,70
,,,,大風猛雨打唔欹,,,,,,005_Tie_Suann_Kua_Iau_Chip > 杉做水桶竹箍腰,70
,,,,一个娘仔眞正賢,,,,,,005_Tie_Suann_Kua_Iau_Chip > 一个娘仔眞正賢,71
,,,,打个龟鬃六薙头,,,,,,005_Tie_Suann_Kua_Iau_Chip > 一个娘仔眞正賢,71
,,,,行路又如阿冻姊,,,,,,005_Tie_Suann_Kua_Iau_Chip > 一个娘仔眞正賢,71
,,,,顾顾冻冻跌落溝,,,,,,005_Tie_Suann_Kua_Iau_Chip > 一个娘仔眞正賢,71
,,,,一个娘仔眞正奇,,,,,,005_Tie_Suann_Kua_Iau_Chip > 一个娘仔眞正賢,71
,,,,打个龟鬃六薙枝,,,,,,005_Tie_Suann_Kua_Iau_Chip > 一个娘仔眞正賢,71
,,,,行路又如阿冻姊,,,,,,005_Tie_Suann_Kua_Iau_Chip > 一个娘仔眞正賢,71
,,,,顾顾冻冻跌落池,,,,,,005_Tie_Suann_Kua_Iau_Chip > 一个娘仔眞正賢,71
,,,,一只鷄仔尾直直,,,,,,005_Tie_Suann_Kua_Iau_Chip > 一只鷄仔尾直直,71
,,,,后处阿姆做生日,,,,,,005_Tie_Suann_Kua_Iau_Chip > 一只鷄仔尾直直,71
,,,,唔知要請我呀唔,,,,,,005_Tie_Suann_Kua_Iau_Chip > 一只鷄仔尾直直,71
,,,,害我收拾二三日,,,,,,005_Tie_Suann_Kua_Iau_Chip > 一只鷄仔尾直直,71
,,,,一只鷄仔尾燦燦,,,,,,005_Tie_Suann_Kua_Iau_Chip > 一只鷄仔尾直直,71
,,,,后处阿姆做寿誕,,,,,,005_Tie_Suann_Kua_Iau_Chip > 一只鷄仔尾直直,71
,,,,唔知要請我呀唔,,,,,,005_Tie_Suann_Kua_Iau_Chip > 一只鷄仔尾直直,71
,,,,害我修妆共打扮,,,,,,005_Tie_Suann_Kua_Iau_Chip > 一只鷄仔尾直直,71
,,,,莿仔花,,,,,,005_Tie_Suann_Kua_Iau_Chip > 莿仔花,71
,,,,开一抛,,,,,,005_Tie_Suann_Kua_Iau_Chip > 莿仔花,71
,,,,你嬷生你大颊溝,,,,,,005_Tie_Suann_Kua_Iau_Chip > 莿仔花,71
,,,,人人看着眞好笑,,,,,,005_Tie_Suann_Kua_Iau_Chip > 莿仔花,71
,,,,你嬷看着目汁流,,,,,,005_Tie_Suann_Kua_Iau_Chip > 莿仔花,71
,,,,莿仔花,,,,,,005_Tie_Suann_Kua_Iau_Chip > 莿仔花,71
,,,,开一枝,,,,,,005_Tie_Suann_Kua_Iau_Chip > 莿仔花,71
,,,,你嬷生你大肚皮,,,,,,005_Tie_Suann_Kua_Iau_Chip > 莿仔花,71
,,,,人人看着眞好笑,,,,,,005_Tie_Suann_Kua_Iau_Chip > 莿仔花,71
,,,,你嬷看着哭啼啼,,,,,,005_Tie_Suann_Kua_Iau_Chip > 莿仔花,71
,,,,馬郎請慢行,,,,,,005_Tie_Suann_Kua_Iau_Chip > 馬郎請慢行,72
,,,,等我去处問阿兄,,,,,,005_Tie_Suann_Kua_Iau_Chip > 馬郎請慢行,72
,,,,問到兄嫂愿,,,,,,005_Tie_Suann_Kua_Iau_Chip > 馬郎請慢行,72
,,,,正來做亲情,,,,,,005_Tie_Suann_Kua_Iau_Chip > 馬郎請慢行,72
,,,,兄,,,,,,005_Tie_Suann_Kua_Iau_Chip > 馬郎請慢行,72
,,,,兄,,,,,,005_Tie_Suann_Kua_Iau_Chip > 馬郎請慢行,72
,,,,兄,,,,,,005_Tie_Suann_Kua_Iau_Chip > 馬郎請慢行,72
,,,,門外人來問亲情,,,,,,005_Tie_Suann_Kua_Iau_Chip > 馬郎請慢行,72
,,,,誰人要你去做𡚸,,,,,,005_Tie_Suann_Kua_Iau_Chip > 馬郎請慢行,72
,,,,豈是山頂老猴精,,,,,,005_Tie_Suann_Kua_Iau_Chip > 馬郎請慢行,72
,,,,門脚一个壺,,,,,,005_Tie_Suann_Kua_Iau_Chip > 門脚一个壺,72
,,,,嘴仔生來嘴堵堵,,,,,,005_Tie_Suann_Kua_Iau_Chip > 門脚一个壺,72
,,,,問你亲情做地处,,,,,,005_Tie_Suann_Kua_Iau_Chip > 門脚一个壺,72
,,,,嫁分乞食卖尿壺,,,,,,005_Tie_Suann_Kua_Iau_Chip > 門脚一个壺,72
,,,,門脚一个鉢,,,,,,005_Tie_Suann_Kua_Iau_Chip > 門脚一个壺,72
,,,,嘴仔生來嘴闊闊,,,,,,005_Tie_Suann_Kua_Iau_Chip > 門脚一个壺,72
,,,,問你亲情做地处,,,,,,005_Tie_Suann_Kua_Iau_Chip > 門脚一个壺,72
,,,,嫁分乞食卖番葛,,,,,,005_Tie_Suann_Kua_Iau_Chip > 門脚一个壺,72
,,,,門脚一叢柑,,,,,,005_Tie_Suann_Kua_Iau_Chip > 門脚一个壺,72
,,,,客鳥飞來嘴昂昂,,,,,,005_Tie_Suann_Kua_Iau_Chip > 門脚一个壺,72
,,,,借問娘你嫁地处,,,,,,005_Tie_Suann_Kua_Iau_Chip > 門脚一个壺,72
,,,,嫁給裁縫做裙衫,,,,,,005_Tie_Suann_Kua_Iau_Chip > 門脚一个壺,72
,,,,門脚一叢梅,,,,,,005_Tie_Suann_Kua_Iau_Chip > 門脚一个壺,72
,,,,客鳥飞來嘴橫橫,,,,,,005_Tie_Suann_Kua_Iau_Chip > 門脚一个壺,72
,,,,借問娘你嫁地处,,,,,,005_Tie_Suann_Kua_Iau_Chip > 門脚一个壺,72
,,,,嫁給乞食討冷糜,,,,,,005_Tie_Suann_Kua_Iau_Chip > 門脚一个壺,72
,,,,老鼠拖猫入竹筒,,,,,,005_Tie_Suann_Kua_Iau_Chip > 老鼠拖猫入竹筒,73
,,,,尼姑抱仔去看人,,,,,,005_Tie_Suann_Kua_Iau_Chip > 老鼠拖猫入竹筒,73
,,,,人呾尼姑怎有仔,,,,,,005_Tie_Suann_Kua_Iau_Chip > 老鼠拖猫入竹筒,73
,,,,尼姑羞耻走入庵,,,,,,005_Tie_Suann_Kua_Iau_Chip > 老鼠拖猫入竹筒,73
,,,,老鼠拖猫入竹竿,,,,,,005_Tie_Suann_Kua_Iau_Chip > 老鼠拖猫入竹筒,73
,,,,尼姑抱仔去敕桃,,,,,,005_Tie_Suann_Kua_Iau_Chip > 老鼠拖猫入竹筒,73
,,,,人呾尼姑怎有仔,,,,,,005_Tie_Suann_Kua_Iau_Chip > 老鼠拖猫入竹筒,73
,,,,尼姑羞耻无奈何,,,,,,005_Tie_Suann_Kua_Iau_Chip > 老鼠拖猫入竹筒,73
,,,,長裘接短裘,,,,,,005_Tie_Suann_Kua_Iau_Chip > 長裘接短裘,73
,,,,开开后门摘石榴,,,,,,005_Tie_Suann_Kua_Iau_Chip > 長裘接短裘,73
,,,,阿嬉噜,,,,,,005_Tie_Suann_Kua_Iau_Chip > 長裘接短裘,73
,,,,你勿摘,,,,,,005_Tie_Suann_Kua_Iau_Chip > 長裘接短裘,73
,,,,風吹跌落够你收,,,,,,005_Tie_Suann_Kua_Iau_Chip > 長裘接短裘,73
,,,,長衫接短衫,,,,,,005_Tie_Suann_Kua_Iau_Chip > 長裘接短裘,73
,,,,开开后门去摘柑,,,,,,005_Tie_Suann_Kua_Iau_Chip > 長裘接短裘,73
,,,,阿嬉噜,,,,,,005_Tie_Suann_Kua_Iau_Chip > 長裘接短裘,73
,,,,你勿摘,,,,,,005_Tie_Suann_Kua_Iau_Chip > 長裘接短裘,73
,,,,風吹跌落够你担,,,,,,005_Tie_Suann_Kua_Iau_Chip > 長裘接短裘,73
,,,,鮮明大光灯,,,,,,005_Tie_Suann_Kua_Iau_Chip > 鮮明大光灯,73
,,,,色水風爐窗,,,,,,005_Tie_Suann_Kua_Iau_Chip > 鮮明大光灯,73
,,,,老婆镶金齿,,,,,,005_Tie_Suann_Kua_Iau_Chip > 鮮明大光灯,73
,,,,愈想愈欢喜,,,,,,005_Tie_Suann_Kua_Iau_Chip > 鮮明大光灯,73
,,,,綠竹綠竹鈎,,,,,,005_Tie_Suann_Kua_Iau_Chip > 綠竹綠竹鈎,73
,,,,綠竹所种河溪头,,,,,,005_Tie_Suann_Kua_Iau_Chip > 綠竹綠竹鈎,73
,,,,一篮猪屎挂在綠竹尾,,,,,,005_Tie_Suann_Kua_Iau_Chip > 綠竹綠竹鈎,73
,,,,有人看做大馒头,,,,,,005_Tie_Suann_Kua_Iau_Chip > 綠竹綠竹鈎,73
,,,,綠竹綠竹枝,,,,,,005_Tie_Suann_Kua_Iau_Chip > 綠竹綠竹鈎,73
,,,,綠竹所种河溪边,,,,,,005_Tie_Suann_Kua_Iau_Chip > 綠竹綠竹鈎,73
,,,,一篮猪屎挂在綠竹尾,,,,,,005_Tie_Suann_Kua_Iau_Chip > 綠竹綠竹鈎,73
,,,,有,,,,,,005_Tie_Suann_Kua_Iau_Chip > 綠竹綠竹鈎,73
,,,,緑竹緑竹鈎,,,,,,005_Tie_Suann_Kua_Iau_Chip > 綠竹綠竹鈎,74
,,,,緑竹所种河溪头,,,,,,005_Tie_Suann_Kua_Iau_Chip > 綠竹綠竹鈎,74
,,,,一尾烏魚吊在緑竹尾,,,,,,005_Tie_Suann_Kua_Iau_Chip > 綠竹綠竹鈎,74
,,,,騙着猫儿涎垂流,,,,,,005_Tie_Suann_Kua_Iau_Chip > 綠竹綠竹鈎,74
,,,,緑竹緑竹枝,,,,,,005_Tie_Suann_Kua_Iau_Chip > 綠竹綠竹鈎,74
,,,,緑竹所种河溪边,,,,,,005_Tie_Suann_Kua_Iau_Chip > 綠竹綠竹鈎,74
,,,,一尾烏魚吊在緑竹尾,,,,,,005_Tie_Suann_Kua_Iau_Chip > 綠竹綠竹鈎,74
,,,,騙着猫儿哭垂啼,,,,,,005_Tie_Suann_Kua_Iau_Chip > 綠竹綠竹鈎,74
,,,,緑竹緑竹头,,,,,,005_Tie_Suann_Kua_Iau_Chip > 綠竹綠竹鈎,74
,,,,緑竹所种河溪头,,,,,,005_Tie_Suann_Kua_Iau_Chip > 綠竹綠竹鈎,74
,,,,应菜吊在緑竹尾,,,,,,005_Tie_Suann_Kua_Iau_Chip > 綠竹綠竹鈎,74
,,,,猪母看着猴呀猴,,,,,,005_Tie_Suann_Kua_Iau_Chip > 綠竹綠竹鈎,74
,,,,田蟹是田蟹,,,,,,005_Tie_Suann_Kua_Iau_Chip > 田蟹是田蟹,74
,,,,双脚相爬礼,,,,,,005_Tie_Suann_Kua_Iau_Chip > 田蟹是田蟹,74
,,,,别事父母敎,,,,,,005_Tie_Suann_Kua_Iau_Chip > 田蟹是田蟹,74
,,,,惜𡚸自己会,,,,,,005_Tie_Suann_Kua_Iau_Chip > 田蟹是田蟹,74
,,,,門脚一丘田,,,,,,005_Tie_Suann_Kua_Iau_Chip > 門脚一丘田,74
,,,,枉费我仔种掉工,,,,,,005_Tie_Suann_Kua_Iau_Chip > 門脚一丘田,74
,,,,三四唔放种,,,,,,005_Tie_Suann_Kua_Iau_Chip > 門脚一丘田,74
,,,,五六要收什乜冬,,,,,,005_Tie_Suann_Kua_Iau_Chip > 門脚一丘田,74
,,,,月娘月舍云,,,,,,005_Tie_Suann_Kua_Iau_Chip > 月娘月舍云,74
,,,,鹭鸟叫,,,,,,005_Tie_Suann_Kua_Iau_Chip > 月娘月舍云,74
,,,,娘梳妆,,,,,,005_Tie_Suann_Kua_Iau_Chip > 月娘月舍云,74
,,,,肚内香,,,,,,005_Tie_Suann_Kua_Iau_Chip > 月娘月舍云,74
,,,,菊花红,,,,,,005_Tie_Suann_Kua_Iau_Chip > 月娘月舍云,74
,,,,鲤魚来斗水,,,,,,005_Tie_Suann_Kua_Iau_Chip > 月娘月舍云,74
,,,,娘仔来腌人,,,,,,005_Tie_Suann_Kua_Iau_Chip > 月娘月舍云,74
,,,,井底扣竹篝,,,,,,005_Tie_Suann_Kua_Iau_Chip > 井底扣竹篝,75
,,,,向畔娘仔好風騷,,,,,,005_Tie_Suann_Kua_Iau_Chip > 井底扣竹篝,75
,,,,米缸存无三把米,,,,,,005_Tie_Suann_Kua_Iau_Chip > 井底扣竹篝,75
,,,,赶人买花插头毛,,,,,,005_Tie_Suann_Kua_Iau_Chip > 井底扣竹篝,75
,,,,井底扣竹筒,,,,,,005_Tie_Suann_Kua_Iau_Chip > 井底扣竹篝,75
,,,,向畔娘仔好看人,,,,,,005_Tie_Suann_Kua_Iau_Chip > 井底扣竹篝,75
,,,,米缸存无三把米,,,,,,005_Tie_Suann_Kua_Iau_Chip > 井底扣竹篝,75
,,,,赶人买花插头香,,,,,,005_Tie_Suann_Kua_Iau_Chip > 井底扣竹篝,75
,,,,摇鼓仔,,,,,,005_Tie_Suann_Kua_Iau_Chip > 摇鼓仔,75
,,,,叮咚声,,,,,,005_Tie_Suann_Kua_Iau_Chip > 摇鼓仔,75
,,,,娘仔开門出来听,,,,,,005_Tie_Suann_Kua_Iau_Chip > 摇鼓仔,75
,,,,听的是阿笑嘴姊,,,,,,005_Tie_Suann_Kua_Iau_Chip > 摇鼓仔,75
,,,,笑嘴姊噹,,,,,,005_Tie_Suann_Kua_Iau_Chip > 摇鼓仔,75
,,,,来,,,,,,005_Tie_Suann_Kua_Iau_Chip > 摇鼓仔,75
,,,,来,,,,,,005_Tie_Suann_Kua_Iau_Chip > 摇鼓仔,75
,,,,来,,,,,,005_Tie_Suann_Kua_Iau_Chip > 摇鼓仔,75
,,,,你要怎呢,,,,,,005_Tie_Suann_Kua_Iau_Chip > 摇鼓仔,75
,,,,我要买个錢胭脂抹嘴边,,,,,,005_Tie_Suann_Kua_Iau_Chip > 摇鼓仔,75
,,,,要买个錢絲綫绣鞋㮾,,,,,,005_Tie_Suann_Kua_Iau_Chip > 摇鼓仔,75
,,,,雅姿娘,,,,,,005_Tie_Suann_Kua_Iau_Chip > 雅姿娘,75
,,,,嫁潮阳,,,,,,005_Tie_Suann_Kua_Iau_Chip > 雅姿娘,75
,,,,三个囊,,,,,,005_Tie_Suann_Kua_Iau_Chip > 雅姿娘,75
,,,,四个箱,,,,,,005_Tie_Suann_Kua_Iau_Chip > 雅姿娘,75
,,,,红眠床,,,,,,005_Tie_Suann_Kua_Iau_Chip > 雅姿娘,75
,,,,白蚊帐,,,,,,005_Tie_Suann_Kua_Iau_Chip > 雅姿娘,75
,,,,給蚊公咬到喃夏叫,,,,,,005_Tie_Suann_Kua_Iau_Chip > 雅姿娘,75
,,,,阿公要食蛆,,,,,,005_Tie_Suann_Kua_Iau_Chip > 阿公要食蛆,75
,,,,三个媳妇叱唔甘,,,,,,005_Tie_Suann_Kua_Iau_Chip > 阿公要食蛆,75
,,,,畲得阿公快快死,,,,,,005_Tie_Suann_Kua_Iau_Chip > 阿公要食蛆,75
,,,,灵前灵后哀哀噹,,,,,,005_Tie_Suann_Kua_Iau_Chip > 阿公要食蛆,75
,,,,后哭觳桃,,,,,,005_Tie_Suann_Kua_Iau_Chip > 阿公要食蛆,76
,,,,一只鸟仔頷倫倫,,,,,,005_Tie_Suann_Kua_Iau_Chip > 一只鸟仔頷倫倫,76
,,,,飞来飞去歇田墩,,,,,,005_Tie_Suann_Kua_Iau_Chip > 一只鸟仔頷倫倫,76
,,,,地人父母唔惜仔,,,,,,005_Tie_Suann_Kua_Iau_Chip > 一只鸟仔頷倫倫,76
,,,,地人公媽唔惜孙,,,,,,005_Tie_Suann_Kua_Iau_Chip > 一只鸟仔頷倫倫,76
,,,,孙也知,,,,,,005_Tie_Suann_Kua_Iau_Chip > 一只鸟仔頷倫倫,76
,,,,知阿大妗罵我时时来,,,,,,005_Tie_Suann_Kua_Iau_Chip > 一只鸟仔頷倫倫,76
,,,,今日犹是公媽在,,,,,,005_Tie_Suann_Kua_Iau_Chip > 一只鸟仔頷倫倫,76
,,,,公媽死后我唔来,,,,,,005_Tie_Suann_Kua_Iau_Chip > 一只鸟仔頷倫倫,76
,,,,唔来待你唔来,,,,,,005_Tie_Suann_Kua_Iau_Chip > 一只鸟仔頷倫倫,76
,,,,阮个门脚唔会生草栽,,,,,,005_Tie_Suann_Kua_Iau_Chip > 一只鸟仔頷倫倫,76
,,,,阮个咸魚唔会生秀才,,,,,,005_Tie_Suann_Kua_Iau_Chip > 一只鸟仔頷倫倫,76
,,,,阮个饭钵唔会生麃埃,,,,,,005_Tie_Suann_Kua_Iau_Chip > 一只鸟仔頷倫倫,76
,,,,麻雀相打跌落坑,,,,,,005_Tie_Suann_Kua_Iau_Chip > 麻雀相打跌落坑,76
,,,,奴仔相打大人罵,,,,,,005_Tie_Suann_Kua_Iau_Chip > 麻雀相打跌落坑,76
,,,,大人相打老人呾,,,,,,005_Tie_Suann_Kua_Iau_Chip > 麻雀相打跌落坑,76
,,,,老人相打雷公扣,,,,,,005_Tie_Suann_Kua_Iau_Chip > 麻雀相打跌落坑,76
,,,,蛟龙相打牙𪙉𪙉,,,,,,005_Tie_Suann_Kua_Iau_Chip > 麻雀相打跌落坑,76
,,,,戽斗好戽魚,,,,,,005_Tie_Suann_Kua_Iau_Chip > 戽斗好戽魚,77
,,,,百錢买竹鋸,,,,,,005_Tie_Suann_Kua_Iau_Chip > 戽斗好戽魚,77
,,,,竹鋸好鋸竹,,,,,,005_Tie_Suann_Kua_Iau_Chip > 戽斗好戽魚,77
,,,,百錢买五色,,,,,,005_Tie_Suann_Kua_Iau_Chip > 戽斗好戽魚,77
,,,,五色一枝旗,,,,,,005_Tie_Suann_Kua_Iau_Chip > 戽斗好戽魚,77
,,,,五男二女来团圆,,,,,,005_Tie_Suann_Kua_Iau_Chip > 戽斗好戽魚,77
,,,,团唔出,,,,,,005_Tie_Suann_Kua_Iau_Chip > 戽斗好戽魚,77
,,,,团着老人腰脊骨,,,,,,005_Tie_Suann_Kua_Iau_Chip > 戽斗好戽魚,77
,,,,一螺坐頹頹,,,,,,005_Tie_Suann_Kua_Iau_Chip > 一螺坐頹頹,77
,,,,二螺走脚皮,,,,,,005_Tie_Suann_Kua_Iau_Chip > 一螺坐頹頹,77
,,,,三螺无米煮,,,,,,005_Tie_Suann_Kua_Iau_Chip > 一螺坐頹頹,77
,,,,四螺无米炊,,,,,,005_Tie_Suann_Kua_Iau_Chip > 一螺坐頹頹,77
,,,,五螺五田庄,,,,,,005_Tie_Suann_Kua_Iau_Chip > 一螺坐頹頹,77
,,,,六螺操心肠,,,,,,005_Tie_Suann_Kua_Iau_Chip > 一螺坐頹頹,77
,,,,七螺七役役,,,,,,005_Tie_Suann_Kua_Iau_Chip > 一螺坐頹頹,77
,,,,八螺做乞食,,,,,,005_Tie_Suann_Kua_Iau_Chip > 一螺坐頹頹,77
,,,,九螺九安安,,,,,,005_Tie_Suann_Kua_Iau_Chip > 一螺坐頹頹,77
,,,,十螺会做官,,,,,,005_Tie_Suann_Kua_Iau_Chip > 一螺坐頹頹,77
,,,,老阿伯,,,,,,005_Tie_Suann_Kua_Iau_Chip > 老阿伯,77
,,,,卖馨香,,,,,,005_Tie_Suann_Kua_Iau_Chip > 老阿伯,77
,,,,老阿姆,,,,,,005_Tie_Suann_Kua_Iau_Chip > 老阿伯,77
,,,,当花娘,,,,,,005_Tie_Suann_Kua_Iau_Chip > 老阿伯,77
,,,,花娘花,,,,,,005_Tie_Suann_Kua_Iau_Chip > 老阿伯,77
,,,,拖冬瓜,,,,,,005_Tie_Suann_Kua_Iau_Chip > 老阿伯,77
,,,,冬瓜收未梢,,,,,,005_Tie_Suann_Kua_Iau_Chip > 老阿伯,77
,,,,狐狸蹭山狗,,,,,,005_Tie_Suann_Kua_Iau_Chip > 老阿伯,77
,,,,山狗跌蕃坑,,,,,,005_Tie_Suann_Kua_Iau_Chip > 老阿伯,77
,,,,弟子請先生,,,,,,005_Tie_Suann_Kua_Iau_Chip > 老阿伯,77
,,,,先生唔識字,,,,,,005_Tie_Suann_Kua_Iau_Chip > 老阿伯,77
,,,,怎内刮猪在做忌,,,,,,005_Tie_Suann_Kua_Iau_Chip > 老阿伯,77
,,,,猪肠好合腰,,,,,,005_Tie_Suann_Kua_Iau_Chip > 老阿伯,77
,,,,猪骨好架桥,,,,,,005_Tie_Suann_Kua_Iau_Chip > 老阿伯,77
,,,,七丈溪水七丈深,,,,,,005_Tie_Suann_Kua_Iau_Chip > 七丈溪水七丈深,78
,,,,七个娘仔窜观音,,,,,,005_Tie_Suann_Kua_Iau_Chip > 七丈溪水七丈深,78
,,,,七枝金扇燀燀薜,,,,,,005_Tie_Suann_Kua_Iau_Chip > 七丈溪水七丈深,78
,,,,撑渡阿哥看到目金金,,,,,,005_Tie_Suann_Kua_Iau_Chip > 七丈溪水七丈深,78
,,,,七丈溪水七丈流,,,,,,005_Tie_Suann_Kua_Iau_Chip > 七丈溪水七丈深,78
,,,,七个娘仔梳雅头,,,,,,005_Tie_Suann_Kua_Iau_Chip > 七丈溪水七丈深,78
,,,,七枝金扇燀燀薜,,,,,,005_Tie_Suann_Kua_Iau_Chip > 七丈溪水七丈深,78
,,,,撑渡阿哥看到涎流流,,,,,,005_Tie_Suann_Kua_Iau_Chip > 七丈溪水七丈深,78
,,,,虱母欲嫁蛇蚤翁,,,,,,005_Tie_Suann_Kua_Iau_Chip > 虱母欲嫁蛇蚤翁,78
,,,,猪虱狗虱做媒人,,,,,,005_Tie_Suann_Kua_Iau_Chip > 虱母欲嫁蛇蚤翁,78
,,,,木虱听着去破說,,,,,,005_Tie_Suann_Kua_Iau_Chip > 虱母欲嫁蛇蚤翁,78
,,,,破說蛇蚤唔是人,,,,,,005_Tie_Suann_Kua_Iau_Chip > 虱母欲嫁蛇蚤翁,78
,,,,虱母听着气到冲冲潮,,,,,,005_Tie_Suann_Kua_Iau_Chip > 虱母欲嫁蛇蚤翁,78
,,,,咒駡木虱老花娘,,,,,,005_Tie_Suann_Kua_Iau_Chip > 虱母欲嫁蛇蚤翁,78
,,,,人要嫁翁关你什乜事,,,,,,005_Tie_Suann_Kua_Iau_Chip > 虱母欲嫁蛇蚤翁,78
,,,,破說姻緣天火燒,,,,,,005_Tie_Suann_Kua_Iau_Chip > 虱母欲嫁蛇蚤翁,78
,,,,廿九三十夜,,,,,,005_Tie_Suann_Kua_Iau_Chip > 廿九三十夜,78
,,,,月仔光盏盏,,,,,,005_Tie_Suann_Kua_Iau_Chip > 廿九三十夜,78
,,,,一班窃贼仔,,,,,,005_Tie_Suann_Kua_Iau_Chip > 廿九三十夜,78
,,,,偷繋个空隙,,,,,,005_Tie_Suann_Kua_Iau_Chip > 廿九三十夜,78
,,,,鷄蛋長,,,,,,005_Tie_Suann_Kua_Iau_Chip > 廿九三十夜,78
,,,,鸭蛋大,,,,,,005_Tie_Suann_Kua_Iau_Chip > 廿九三十夜,78
,,,,蒼蝇蚊仔飞唔过,,,,,,005_Tie_Suann_Kua_Iau_Chip > 廿九三十夜,78
,,,,大牛牯牵着百外只,,,,,,005_Tie_Suann_Kua_Iau_Chip > 廿九三十夜,78
,,,,青盲个看見,,,,,,005_Tie_Suann_Kua_Iau_Chip > 廿九三十夜,78
,,,,嗰个就叱掠,,,,,,005_Tie_Suann_Kua_Iau_Chip > 廿九三十夜,78
,,,,拗脚走去追,,,,,,005_Tie_Suann_Kua_Iau_Chip > 廿九三十夜,78
,,,,曲手走去掠,,,,,,005_Tie_Suann_Kua_Iau_Chip > 廿九三十夜,78
,,,,走对水田边,,,,,,005_Tie_Suann_Kua_Iau_Chip > 廿九三十夜,78
,,,,拜无个脚迹,,,,,,005_Tie_Suann_Kua_Iau_Chip > 廿九三十夜,78
,,,,走对石桥边,,,,,,005_Tie_Suann_Kua_Iau_Chip > 廿九三十夜,78
,,,,摸头共摸額,,,,,,005_Tie_Suann_Kua_Iau_Chip > 廿九三十夜,78
,,,,追到大山墩,,,,,,005_Tie_Suann_Kua_Iau_Chip > 廿九三十夜,78
,,,,看見鷄仔踏死牛,,,,,,005_Tie_Suann_Kua_Iau_Chip > 廿九三十夜,78
,,,,追到寨門脚,,,,,,005_Tie_Suann_Kua_Iau_Chip > 廿九三十夜,78
,,,,看見人刨老爷去拜猪,,,,,,005_Tie_Suann_Kua_Iau_Chip > 廿九三十夜,78
,,,,又有,,,,,,005_Tie_Suann_Kua_Iau_Chip > 廿九三十夜,78
,,,,歌呀歌,,,,,,005_Tie_Suann_Kua_Iau_Chip > 歌呀歌,79
,,,,咸菜颠倒拖,,,,,,005_Tie_Suann_Kua_Iau_Chip > 歌呀歌,79
,,,,拖上岭,,,,,,005_Tie_Suann_Kua_Iau_Chip > 歌呀歌,79
,,,,遇着阿媽仔,,,,,,005_Tie_Suann_Kua_Iau_Chip > 歌呀歌,79
,,,,阿媽仔噹,,,,,,005_Tie_Suann_Kua_Iau_Chip > 歌呀歌,79
,,,,你要去地塊,,,,,,005_Tie_Suann_Kua_Iau_Chip > 歌呀歌,79
,,,,要去阮走仔,,,,,,005_Tie_Suann_Kua_Iau_Chip > 歌呀歌,79
,,,,你走仔什乜个你食,,,,,,005_Tie_Suann_Kua_Iau_Chip > 歌呀歌,79
,,,,大麦糜,,,,,,005_Tie_Suann_Kua_Iau_Chip > 歌呀歌,79
,,,,什乜个你洗嘴,,,,,,005_Tie_Suann_Kua_Iau_Chip > 歌呀歌,79
,,,,屎溝糜,,,,,,005_Tie_Suann_Kua_Iau_Chip > 歌呀歌,79
,,,,什乜个你剔齿,,,,,,005_Tie_Suann_Kua_Iau_Chip > 歌呀歌,79
,,,,耳挖箪,,,,,,005_Tie_Suann_Kua_Iau_Chip > 歌呀歌,79
,,,,什乜个你睡,,,,,,005_Tie_Suann_Kua_Iau_Chip > 歌呀歌,79
,,,,耕机下,,,,,,005_Tie_Suann_Kua_Iau_Chip > 歌呀歌,79
,,,,什乜个你盖,,,,,,005_Tie_Suann_Kua_Iau_Chip > 歌呀歌,79
,,,,破裘父,,,,,,005_Tie_Suann_Kua_Iau_Chip > 歌呀歌,79
,,,,什乜个你枕,,,,,,005_Tie_Suann_Kua_Iau_Chip > 歌呀歌,79
,,,,死猪仔翘翹硬,,,,,,005_Tie_Suann_Kua_Iau_Chip > 歌呀歌,79
,,,,七十嫁給八十翁,,,,,,005_Tie_Suann_Kua_Iau_Chip > 七十嫁給八十翁,79
,,,,攀箪攀棒做新人,,,,,,005_Tie_Suann_Kua_Iau_Chip > 七十嫁給八十翁,79
,,,,人人笑你都无齿,,,,,,005_Tie_Suann_Kua_Iau_Chip > 七十嫁給八十翁,79
,,,,討齿咬你一家人,,,,,,005_Tie_Suann_Kua_Iau_Chip > 七十嫁給八十翁,79
,,,,正月正,,,,,,005_Tie_Suann_Kua_Iau_Chip > 正月正,79
,,,,新仔婚,,,,,,005_Tie_Suann_Kua_Iau_Chip > 正月正,79
,,,,来上厅,,,,,,005_Tie_Suann_Kua_Iau_Chip > 正月正,79
,,,,二月二,,,,,,005_Tie_Suann_Kua_Iau_Chip > 正月正,79
,,,,老媽仔,,,,,,005_Tie_Suann_Kua_Iau_Chip > 正月正,79
,,,,入庙寺,,,,,,005_Tie_Suann_Kua_Iau_Chip > 正月正,79
,,,,三,,,,,,005_Tie_Suann_Kua_Iau_Chip > 正月正,79
,,,,抓龙船,,,,,,005_Tie_Suann_Kua_Iau_Chip > 正月正,80
,,,,溪中橹,,,,,,005_Tie_Suann_Kua_Iau_Chip > 正月正,80
,,,,六月六,,,,,,005_Tie_Suann_Kua_Iau_Chip > 正月正,80
,,,,尖担仔,,,,,,005_Tie_Suann_Kua_Iau_Chip > 正月正,80
,,,,四处颧,,,,,,005_Tie_Suann_Kua_Iau_Chip > 正月正,80
,,,,七月七,,,,,,005_Tie_Suann_Kua_Iau_Chip > 正月正,80
,,,,哆䏲烏,,,,,,005_Tie_Suann_Kua_Iau_Chip > 正月正,80
,,,,龙眼骥,,,,,,005_Tie_Suann_Kua_Iau_Chip > 正月正,80
,,,,八月八,,,,,,005_Tie_Suann_Kua_Iau_Chip > 正月正,80
,,,,抽豆藤,,,,,,005_Tie_Suann_Kua_Iau_Chip > 正月正,80
,,,,摘豆荚,,,,,,005_Tie_Suann_Kua_Iau_Chip > 正月正,80
,,,,九月九,,,,,,005_Tie_Suann_Kua_Iau_Chip > 正月正,80
,,,,風箏断綫牛天走,,,,,,005_Tie_Suann_Kua_Iau_Chip > 正月正,80
,,,,十月十,,,,,,005_Tie_Suann_Kua_Iau_Chip > 正月正,80
,,,,新米饭,,,,,,005_Tie_Suann_Kua_Iau_Chip > 正月正,80
,,,,胀盈目,,,,,,005_Tie_Suann_Kua_Iau_Chip > 正月正,80
,,,,十一月十一,,,,,,005_Tie_Suann_Kua_Iau_Chip > 正月正,80
,,,,冻到阿奴脚襞手亦襞,,,,,,005_Tie_Suann_Kua_Iau_Chip > 正月正,80
,,,,十二月十二,,,,,,005_Tie_Suann_Kua_Iau_Chip > 正月正,80
,,,,冻到阿奴脚硬手硬啻摄鼻,,,,,,005_Tie_Suann_Kua_Iau_Chip > 正月正,80
,,,,天烏烏,,,,,,005_Tie_Suann_Kua_Iau_Chip > 天烏烏,80
,,,,擎雨傘,,,,,,005_Tie_Suann_Kua_Iau_Chip > 天烏烏,80
,,,,待阿姑,,,,,,005_Tie_Suann_Kua_Iau_Chip > 天烏烏,80
,,,,阿姑来,,,,,,005_Tie_Suann_Kua_Iau_Chip > 天烏烏,80
,,,,掠鷄刮,,,,,,005_Tie_Suann_Kua_Iau_Chip > 天烏烏,80
,,,,鷄还细,,,,,,005_Tie_Suann_Kua_Iau_Chip > 天烏烏,80
,,,,鸭来代,,,,,,005_Tie_Suann_Kua_Iau_Chip > 天烏烏,80
,,,,鸭噙鸭,,,,,,005_Tie_Suann_Kua_Iau_Chip > 天烏烏,80
,,,,人要刮你怎呢呾,,,,,,005_Tie_Suann_Kua_Iau_Chip > 天烏烏,80
,,,,一夜生粒卵,,,,,,005_Tie_Suann_Kua_Iau_Chip > 天烏烏,80
,,,,一月成六堵,,,,,,005_Tie_Suann_Kua_Iau_Chip > 天烏烏,80
,,,,勿刮我,,,,,,005_Tie_Suann_Kua_Iau_Chip > 天烏烏,80
,,,,去刮牛,,,,,,005_Tie_Suann_Kua_Iau_Chip > 天烏烏,80
,,,,牛噙牛,,,,,,005_Tie_Suann_Kua_Iau_Chip > 天烏烏,80
,,,,人要刮你怎呢呾,,,,,,005_Tie_Suann_Kua_Iau_Chip > 天烏烏,80
,,,,上丘是我犁,,,,,,005_Tie_Suann_Kua_Iau_Chip > 天烏烏,80
,,,,下丘是我耙,,,,,,005_Tie_Suann_Kua_Iau_Chip > 天烏烏,80
,,,,勿刮我,,,,,,005_Tie_Suann_Kua_Iau_Chip > 天烏烏,80
,,,,去刮馬,,,,,,005_Tie_Suann_Kua_Iau_Chip > 天烏烏,80
,,,,馬噙馬,,,,,,005_Tie_Suann_Kua_Iau_Chip > 天烏烏,80
,,,,人要刮你怎呢呾,,,,,,005_Tie_Suann_Kua_Iau_Chip > 天烏烏,80
,,,,上午騎阿爸,,,,,,005_Tie_Suann_Kua_Iau_Chip > 天烏烏,80
,,,,下午騎阿娘,,,,,,005_Tie_Suann_Kua_Iau_Chip > 天烏烏,80
,,,,勿刮我,,,,,,005_Tie_Suann_Kua_Iau_Chip > 天烏烏,80
,,,,去刮羊,,,,,,005_Tie_Suann_Kua_Iau_Chip > 天烏烏,80
,,,,羊噙羊,,,,,,005_Tie_Suann_Kua_Iau_Chip > 天烏烏,80
,,,,人要刮你怎呢呾,,,,,,005_Tie_Suann_Kua_Iau_Chip > 天烏烏,80
,,,,一日在外口,,,,,,005_Tie_Suann_Kua_Iau_Chip > 天烏烏,80
,,,,一夜食饱草,,,,,,005_Tie_Suann_Kua_Iau_Chip > 天烏烏,80
,,,,勿刮我,,,,,,005_Tie_Suann_Kua_Iau_Chip > 天烏烏,80
,,,,去刮狗,,,,,,005_Tie_Suann_Kua_Iau_Chip > 天烏烏,80
,,,,狗噙狗,,,,,,005_Tie_Suann_Kua_Iau_Chip > 天烏烏,80
,,,,人要刮你怎呢呾,,,,,,005_Tie_Suann_Kua_Iau_Chip > 天烏烏,80
,,,,上更是我巡,,,,,,005_Tie_Suann_Kua_Iau_Chip > 天烏烏,80
,,,,下更是我吠,,,,,,005_Tie_Suann_Kua_Iau_Chip > 天烏烏,80
,,,,勿刮我,,,,,,005_Tie_Suann_Kua_Iau_Chip > 天烏烏,80
,,,,去刮肉猪,,,,,,005_Tie_Suann_Kua_Iau_Chip > 天烏烏,80
,,,,猪噙猪,,,,,,005_Tie_Suann_Kua_Iau_Chip > 天烏烏,80
,,,,人要刮你怎呢呾,,,,,,005_Tie_Suann_Kua_Iau_Chip > 天烏烏,80
,,,,嘴食米奔脚踏槽,,,,,,005_Tie_Suann_Kua_Iau_Chip > 天烏烏,80
,,,,勿刮我,,,,,,005_Tie_Suann_Kua_Iau_Chip > 天烏烏,80
,,,,去刮老鼠哥,,,,,,005_Tie_Suann_Kua_Iau_Chip > 天烏烏,80
,,,,墩,,,,,,005_Tie_Suann_Kua_Iau_Chip > 叶埔蝉,81
,,,,浮墩臭狗屎,,,,,,005_Tie_Suann_Kua_Iau_Chip > 叶埔蝉,81
,,,,嫁澄海,,,,,,005_Tie_Suann_Kua_Iau_Chip > 叶埔蝉,81
,,,,澄海无粒豆,,,,,,005_Tie_Suann_Kua_Iau_Chip > 叶埔蝉,81
,,,,嫁水翠,,,,,,005_Tie_Suann_Kua_Iau_Chip > 叶埔蝉,81
,,,,水翠水底沉,,,,,,005_Tie_Suann_Kua_Iau_Chip > 叶埔蝉,81
,,,,黄栀接石榴,,,,,,005_Tie_Suann_Kua_Iau_Chip > 叶埔蝉,81
,,,,石榴嘴狡狡,,,,,,005_Tie_Suann_Kua_Iau_Chip > 叶埔蝉,81
,,,,尖担罵葵笠,,,,,,005_Tie_Suann_Kua_Iau_Chip > 叶埔蝉,81
,,,,葵笠好闪雨,,,,,,005_Tie_Suann_Kua_Iau_Chip > 叶埔蝉,81
,,,,猪腸罵猪肚,,,,,,005_Tie_Suann_Kua_Iau_Chip > 叶埔蝉,81
,,,,猪肚拔里轉,,,,,,005_Tie_Suann_Kua_Iau_Chip > 叶埔蝉,81
,,,,鉄鉗罵火管,,,,,,005_Tie_Suann_Kua_Iau_Chip > 叶埔蝉,81
,,,,火管好喷火,,,,,,005_Tie_Suann_Kua_Iau_Chip > 叶埔蝉,81
,,,,老嫌在烙粿,,,,,,005_Tie_Suann_Kua_Iau_Chip > 叶埔蝉,81
,,,,烙粿捧入宫,,,,,,005_Tie_Suann_Kua_Iau_Chip > 叶埔蝉,81
,,,,酒瓶罵酒鍾,,,,,,005_Tie_Suann_Kua_Iau_Chip > 叶埔蝉,81
,,,,酒鍾好篩酒,,,,,,005_Tie_Suann_Kua_Iau_Chip > 叶埔蝉,81
,,,,蛤蟆罵蛤蚪,,,,,,005_Tie_Suann_Kua_Iau_Chip > 叶埔蝉,81
,,,,蛤蚪糾糾声,,,,,,005_Tie_Suann_Kua_Iau_Chip > 叶埔蝉,81
,,,,阿婆罵老爹,,,,,,005_Tie_Suann_Kua_Iau_Chip > 叶埔蝉,81
,,,,老爹一拍床,,,,,,005_Tie_Suann_Kua_Iau_Chip > 叶埔蝉,81
,,,,阿婆惊到額長長,,,,,,005_Tie_Suann_Kua_Iau_Chip > 叶埔蝉,81
,,,,老爹一拍椅,,,,,,005_Tie_Suann_Kua_Iau_Chip > 叶埔蝉,81
,,,,阿婆惊到牛討死,,,,,,005_Tie_Suann_Kua_Iau_Chip > 叶埔蝉,81
,,,,老爹一放屁,,,,,,005_Tie_Suann_Kua_Iau_Chip > 叶埔蝉,81
,,,,阿婆惊到香透气,,,,,,005_Tie_Suann_Kua_Iau_Chip > 叶埔蝉,81
,,,,老爹一放尿,,,,,,005_Tie_Suann_Kua_Iau_Chip > 叶埔蝉,81
,,,,阿婆惊到扑落轎,,,,,,005_Tie_Suann_Kua_Iau_Chip > 叶埔蝉,81
,,,,老爹一放屎,,,,,,005_Tie_Suann_Kua_Iau_Chip > 叶埔蝉,81
,,,,阿婆惊到跌落海,,,,,,005_Tie_Suann_Kua_Iau_Chip > 叶埔蝉,81
,,,,海底堂堂光,,,,,,005_Tie_Suann_Kua_Iau_Chip > 叶埔蝉,81
,,,,阿奶在梳妝,,,,,,005_Tie_Suann_Kua_Iau_Chip > 叶埔蝉,81
,,,,茶头无毛辦五股,,,,,,005_Tie_Suann_Kua_Iau_Chip > 茶头无毛辦五股,81
,,,,走到沙州拜佛祖,,,,,,005_Tie_Suann_Kua_Iau_Chip > 茶头无毛辦五股,81
,,,,佛祖拜着一个字,,,,,,005_Tie_Suann_Kua_Iau_Chip > 茶头无毛辦五股,81
,,,,走到桥头换炒面,,,,,,005_Tie_Suann_Kua_Iau_Chip > 茶头无毛辦五股,81
,,,,打掉伊二枝湯匙,,,,,,005_Tie_Suann_Kua_Iau_Chip > 茶头无毛辦五股,81
,,,,害我茶头去掉十二錢,,,,,,005_Tie_Suann_Kua_Iau_Chip > 茶头无毛辦五股,81
,,,,害我茶头衰到廢,,,,,,005_Tie_Suann_Kua_Iau_Chip > 茶头无毛辦五股,81
,,,,沙鲮娘,,,,,,005_Tie_Suann_Kua_Iau_Chip > 沙鲮娘,81
,,,,飞直直,,,,,,005_Tie_Suann_Kua_Iau_Chip > 沙鲮娘,81
,,,,刨鷄做生日,,,,,,005_Tie_Suann_Kua_Iau_Chip > 沙鲮娘,81
,,,,生日过,,,,,,005_Tie_Suann_Kua_Iau_Chip > 沙鲮娘,81
,,,,食百岁,,,,,,005_Tie_Suann_Kua_Iau_Chip > 沙鲮娘,81
,,,,百岁翁,,,,,,005_Tie_Suann_Kua_Iau_Chip > 沙鲮娘,81
,,,,起大房,,,,,,005_Tie_Suann_Kua_Iau_Chip > 沙鲮娘,81
,,,,大房人刨猪,,,,,,005_Tie_Suann_Kua_Iau_Chip > 沙鲮娘,81
,,,,二房人刨羊,,,,,,005_Tie_Suann_Kua_Iau_Chip > 沙鲮娘,81
,,,,刨猪刨羊孥新娘,,,,,,005_Tie_Suann_Kua_Iau_Chip > 沙鲮娘,81
,,,,新娘唔插花,,,,,,005_Tie_Suann_Kua_Iau_Chip > 沙鲮娘,81
,,,,胡匏罵冬瓜,,,,,,005_Tie_Suann_Kua_Iau_Chip > 沙鲮娘,81
,,,,冬瓜气呀气,,,,,,005_Tie_Suann_Kua_Iau_Chip > 沙鲮娘,81
,,,,走去死,,,,,,005_Tie_Suann_Kua_Iau_Chip > 沙鲮娘,81
,,,,胡匏扣掉齿,,,,,,005_Tie_Suann_Kua_Iau_Chip > 沙鲮娘,81
,,,,脚痹痹,,,,,,005_Tie_Suann_Kua_Iau_Chip > 脚痹痹,82
,,,,挽草来贴鼻,,,,,,005_Tie_Suann_Kua_Iau_Chip > 脚痹痹,82
,,,,鼻安安,,,,,,005_Tie_Suann_Kua_Iau_Chip > 脚痹痹,82
,,,,牵馬去上山,,,,,,005_Tie_Suann_Kua_Iau_Chip > 脚痹痹,82
,,,,山高崎,,,,,,005_Tie_Suann_Kua_Iau_Chip > 脚痹痹,82
,,,,鳖母閪鳖父,,,,,,005_Tie_Suann_Kua_Iau_Chip > 脚痹痹,82
,,,,鳖父熬山楂,,,,,,005_Tie_Suann_Kua_Iau_Chip > 脚痹痹,82
,,,,鳖母熬豆干,,,,,,005_Tie_Suann_Kua_Iau_Chip > 脚痹痹,82
,,,,一碗分阿三,,,,,,005_Tie_Suann_Kua_Iau_Chip > 脚痹痹,82
,,,,一碗分阿四,,,,,,005_Tie_Suann_Kua_Iau_Chip > 脚痹痹,82
,,,,食了脚蕃痹,,,,,,005_Tie_Suann_Kua_Iau_Chip > 脚痹痹,82
,,,,东门一个鼓,,,,,,005_Tie_Suann_Kua_Iau_Chip > 东门一个鼓,82
,,,,西门一个鼓,,,,,,005_Tie_Suann_Kua_Iau_Chip > 东门一个鼓,82
,,,,南门一个鼓,,,,,,005_Tie_Suann_Kua_Iau_Chip > 东门一个鼓,82
,,,,北门一个鼓,,,,,,005_Tie_Suann_Kua_Iau_Chip > 东门一个鼓,82
,,,,耳聾打破鼓,,,,,,005_Tie_Suann_Kua_Iau_Chip > 东门一个鼓,82
,,,,撃布就去补,,,,,,005_Tie_Suann_Kua_Iau_Chip > 东门一个鼓,82
,,,,唔知是鼓补布,,,,,,005_Tie_Suann_Kua_Iau_Chip > 东门一个鼓,82
,,,,还是布补鼓,,,,,,005_Tie_Suann_Kua_Iau_Chip > 东门一个鼓,82
,,,,客鸟客客声,,,,,,005_Tie_Suann_Kua_Iau_Chip > 客鸟客客声,82
,,,,地人要共阿奴做亲情,,,,,,005_Tie_Suann_Kua_Iau_Chip > 客鸟客客声,82
,,,,父欢喜,,,,,,005_Tie_Suann_Kua_Iau_Chip > 客鸟客客声,82
,,,,母欢喜,,,,,,005_Tie_Suann_Kua_Iau_Chip > 客鸟客客声,82
,,,,父担床,,,,,,005_Tie_Suann_Kua_Iau_Chip > 客鸟客客声,82
,,,,母担椅,,,,,,005_Tie_Suann_Kua_Iau_Chip > 客鸟客客声,82
,,,,担到后头埔,,,,,,005_Tie_Suann_Kua_Iau_Chip > 客鸟客客声,82
,,,,遇着鲤魚来孳𡚸,,,,,,005_Tie_Suann_Kua_Iau_Chip > 客鸟客客声,82
,,,,龟擎灯,,,,,,005_Tie_Suann_Kua_Iau_Chip > 客鸟客客声,82
,,,,鳖打鼓,,,,,,005_Tie_Suann_Kua_Iau_Chip > 客鸟客客声,82
,,,,烏蝇嗔叭咿,,,,,,005_Tie_Suann_Kua_Iau_Chip > 客鸟客客声,82
,,,,沙厝擎采旗,,,,,,005_Tie_Suann_Kua_Iau_Chip > 客鸟客客声,82
,,,,水鷄担布袋,,,,,,005_Tie_Suann_Kua_Iau_Chip > 客鸟客客声,82
,,,,田蟹来相贺,,,,,,005_Tie_Suann_Kua_Iau_Chip > 客鸟客客声,82
,,,,蝦姑背囊箱,,,,,,005_Tie_Suann_Kua_Iau_Chip > 客鸟客客声,82
,,,,魳鲻扛新娘,,,,,,005_Tie_Suann_Kua_Iau_Chip > 客鸟客客声,82
,,,,弟噹弟,,,,,,005_Tie_Suann_Kua_Iau_Chip > 客鸟客客声,82
,,,,您个新娘借趣味,,,,,,005_Tie_Suann_Kua_Iau_Chip > 客鸟客客声,82
,,,,趣味哩趣味,,,,,,005_Tie_Suann_Kua_Iau_Chip > 客鸟客客声,82
,,,,绿豆目,,,,,,005_Tie_Suann_Kua_Iau_Chip > 客鸟客客声,82
,,,,葱管鼻,,,,,,005_Tie_Suann_Kua_Iau_Chip > 客鸟客客声,82
,,,,猪哥嘴,,,,,,005_Tie_Suann_Kua_Iau_Chip > 客鸟客客声,82
,,,,蝙蝠耳,,,,,,005_Tie_Suann_Kua_Iau_Chip > 客鸟客客声,82
,,,,耳屎抓蓉一舂笨,,,,,,005_Tie_Suann_Kua_Iau_Chip > 客鸟客客声,82
,,,,龟无毛,,,,,,005_Tie_Suann_Kua_Iau_Chip > 龟无毛,83
,,,,鹭无腰,,,,,,005_Tie_Suann_Kua_Iau_Chip > 龟无毛,83
,,,,蛇蛋无涎涂頂潮,,,,,,005_Tie_Suann_Kua_Iau_Chip > 龟无毛,83
,,,,俺呀双人双无骨,,,,,,005_Tie_Suann_Kua_Iau_Chip > 龟无毛,83
,,,,双双无骨是牙蕉,,,,,,005_Tie_Suann_Kua_Iau_Chip > 龟无毛,83
,,,,牙蕉无骨好剥皮,,,,,,005_Tie_Suann_Kua_Iau_Chip > 龟无毛,83
,,,,大麦无骨好煮糜,,,,,,005_Tie_Suann_Kua_Iau_Chip > 龟无毛,83
,,,,俺呀双人双无骨,,,,,,005_Tie_Suann_Kua_Iau_Chip > 龟无毛,83
,,,,双双无骨是芋麝,,,,,,005_Tie_Suann_Kua_Iau_Chip > 龟无毛,83
,,,,芋麝无骨好弓絲,,,,,,005_Tie_Suann_Kua_Iau_Chip > 龟无毛,83
,,,,秋瓜无骨爬上罐,,,,,,005_Tie_Suann_Kua_Iau_Chip > 龟无毛,83
,,,,俺呀双人双无骨,,,,,,005_Tie_Suann_Kua_Iau_Chip > 龟无毛,83
,,,,双双无骨是哆晔,,,,,,005_Tie_Suann_Kua_Iau_Chip > 龟无毛,83
,,,,哆晔无骨满山埔,,,,,,005_Tie_Suann_Kua_Iau_Chip > 龟无毛,83
,,,,龙眼无骨鋪满路,,,,,,005_Tie_Suann_Kua_Iau_Chip > 龟无毛,83
,,,,俺呀双人双无骨,,,,,,005_Tie_Suann_Kua_Iau_Chip > 龟无毛,83
,,,,双双无骨是六苏,,,,,,005_Tie_Suann_Kua_Iau_Chip > 龟无毛,83
,,,,六苏无骨闪叶下,,,,,,005_Tie_Suann_Kua_Iau_Chip > 龟无毛,83
,,,,荣头无骨白胜纱,,,,,,005_Tie_Suann_Kua_Iau_Chip > 龟无毛,83
,,,,俺呀双人双无骨,,,,,,005_Tie_Suann_Kua_Iau_Chip > 龟无毛,83
,,,,双双无骨是沙蝦,,,,,,005_Tie_Suann_Kua_Iau_Chip > 龟无毛,83
,,,,沙蝦无骨水底泅,,,,,,005_Tie_Suann_Kua_Iau_Chip > 龟无毛,83
,,,,厚鲒无骨水底游,,,,,,005_Tie_Suann_Kua_Iau_Chip > 龟无毛,83
,,,,俺呀双人双无骨,,,,,,005_Tie_Suann_Kua_Iau_Chip > 龟无毛,83
,,,,双双无骨是石榴,,,,,,005_Tie_Suann_Kua_Iau_Chip > 龟无毛,83
,,,,石榴无骨肚内红,,,,,,005_Tie_Suann_Kua_Iau_Chip > 龟无毛,83
,,,,木仔无骨腹内香,,,,,,005_Tie_Suann_Kua_Iau_Chip > 龟无毛,83
,,,,俺呀双人双无骨,,,,,,005_Tie_Suann_Kua_Iau_Chip > 龟无毛,83
,,,,双双无骨是風葱,,,,,,005_Tie_Suann_Kua_Iau_Chip > 龟无毛,83
,,,,風葱无骨七寸長,,,,,,005_Tie_Suann_Kua_Iau_Chip > 龟无毛,83
,,,,甜粿仔,,,,,,005_Tie_Suann_Kua_Iau_Chip > 龟无毛,83
,,,,搁落笙,,,,,,005_Tie_Suann_Kua_Iau_Chip > 龟无毛,83
,,,,阿公炉,,,,,,005_Tie_Suann_Kua_Iau_Chip > 龟无毛,83
,,,,阿婆炊,,,,,,005_Tie_Suann_Kua_Iau_Chip > 龟无毛,83
,,,,炊唔得,,,,,,005_Tie_Suann_Kua_Iau_Chip > 龟无毛,83
,,,,挽阿婆鬃仔蒂,,,,,,005_Tie_Suann_Kua_Iau_Chip > 龟无毛,83
,,,,跌落溪,,,,,,005_Tie_Suann_Kua_Iau_Chip > 龟无毛,83
,,,,捞起来,,,,,,005_Tie_Suann_Kua_Iau_Chip > 龟无毛,83
,,,,答答滴,,,,,,005_Tie_Suann_Kua_Iau_Chip > 龟无毛,83
,,,,三枝竹板有竹青,,,,,,005_Tie_Suann_Kua_Iau_Chip > （老丑歌）,84
,,,,白食白呾○說平生,,,,,,005_Tie_Suann_Kua_Iau_Chip > （老丑歌）,84
,,,,棚下听歌老朋友,,,,,,005_Tie_Suann_Kua_Iau_Chip > （老丑歌）,84
,,,,不才請您食烟茶,,,,,,005_Tie_Suann_Kua_Iau_Chip > （老丑歌）,84
,,,,老伙看戏看外江○,,,,,,005_Tie_Suann_Kua_Iau_Chip > （老丑歌）,84
,,,,后生看戏爱乱彈○,,,,,,005_Tie_Suann_Kua_Iau_Chip > （老丑歌）,84
,,,,中寅○爱看白字仔○,,,,,,005_Tie_Suann_Kua_Iau_Chip > （老丑歌）,84
,,,,看戏合目○各在人,,,,,,005_Tie_Suann_Kua_Iau_Chip > （老丑歌）,84
,,,,念不才,,,,,,005_Tie_Suann_Kua_Iau_Chip > （老丑歌）,84
,,,,食飽卖草菜,,,,,,005_Tie_Suann_Kua_Iau_Chip > （老丑歌）,84
,,,,滿街走,,,,,,005_Tie_Suann_Kua_Iau_Chip > （老丑歌）,84
,,,,賭錢会抽九○,,,,,,005_Tie_Suann_Kua_Iau_Chip > （老丑歌）,84
,,,,抽九走路直,,,,,,005_Tie_Suann_Kua_Iau_Chip > （老丑歌）,84
,,,,池湖蒌嘱人噴○笛,,,,,,005_Tie_Suann_Kua_Iau_Chip > （老丑歌）,84
,,,,橫笛噴来眞好听,,,,,,005_Tie_Suann_Kua_Iau_Chip > （老丑歌）,84
,,,,赤轴出好靴,,,,,,005_Tie_Suann_Kua_Iau_Chip > （老丑歌）,84
,,,,好靴众人踢,,,,,,005_Tie_Suann_Kua_Iau_Chip > （老丑歌）,84
,,,,浮桥頂,,,,,,005_Tie_Suann_Kua_Iau_Chip > （老丑歌）,84
,,,,卖粿汁,,,,,,005_Tie_Suann_Kua_Iau_Chip > （老丑歌）,84
,,,,粿汁香菠又香葱,,,,,,005_Tie_Suann_Kua_Iau_Chip > （老丑歌）,84
,,,,衾府街人妝安○,,,,,,005_Tie_Suann_Kua_Iau_Chip > （老丑歌）,84
,,,,安公○聖,,,,,,005_Tie_Suann_Kua_Iau_Chip > （老丑歌）,84
,,,,省城人鑄鏡,,,,,,005_Tie_Suann_Kua_Iau_Chip > （老丑歌）,84
,,,,鑄鏡照人影,,,,,,005_Tie_Suann_Kua_Iau_Chip > （老丑歌）,84
,,,,貴嶼出有好勝餅,,,,,,005_Tie_Suann_Kua_Iau_Chip > （老丑歌）,84
,,,,勝餅冝喉甜,,,,,,005_Tie_Suann_Kua_Iau_Chip > （老丑歌）,84
,,,,崎山人粑鹽,,,,,,005_Tie_Suann_Kua_Iau_Chip > （老丑歌）,84
,,,,粑鹽生沙徴,,,,,,005_Tie_Suann_Kua_Iau_Chip > （老丑歌）,84
,,,,东津頂,,,,,,005_Tie_Suann_Kua_Iau_Chip > （老丑歌）,84
,,,,人抽槌,,,,,,005_Tie_Suann_Kua_Iau_Chip > （老丑歌）,84
,,,,抽槌好相剖,,,,,,005_Tie_Suann_Kua_Iau_Chip > （老丑歌）,84
,,,,城内做戏做英台,,,,,,005_Tie_Suann_Kua_Iau_Chip > （老丑歌）,84
,,,,英台出有二三班,,,,,,005_Tie_Suann_Kua_Iau_Chip > （老丑歌）,84
,,,,意溪人鋸杉,,,,,,005_Tie_Suann_Kua_Iau_Chip > （老丑歌）,84
,,,,鋸杉做二畔,,,,,,005_Tie_Suann_Kua_Iau_Chip > （老丑歌）,84
,,,,西北关外人飼蚕,,,,,,005_Tie_Suann_Kua_Iau_Chip > （老丑歌）,84
,,,,飼蚕会耕○絲,,,,,,005_Tie_Suann_Kua_Iau_Chip > （老丑歌）,84
,,,,东門股人卖相思○,,,,,,005_Tie_Suann_Kua_Iau_Chip > （老丑歌）,84
,,,,相思㘈○紅又㘈鸟,,,,,,005_Tie_Suann_Kua_Iau_Chip > （老丑歌）,84
,,,,下市人在破桶簾,,,,,,005_Tie_Suann_Kua_Iau_Chip > （老丑歌）,84
,,,,桶簾好簾桶,,,,,,005_Tie_Suann_Kua_Iau_Chip > （老丑歌）,84
,,,,仙街头在經篾囊,,,,,,005_Tie_Suann_Kua_Iau_Chip > （老丑歌）,84
,,,,篾囊經幼篾,,,,,,005_Tie_Suann_Kua_Iau_Chip > （老丑歌）,84
,,,,府前街人卖碗碟,,,,,,005_Tie_Suann_Kua_Iau_Chip > （老丑歌）,84
,,,,碗碟假饒器○,,,,,,005_Tie_Suann_Kua_Iau_Chip > （老丑歌）,84
,,,,深山林内人鑿碓,,,,,,005_Tie_Suann_Kua_Iau_Chip > （老丑歌）,84
,,,,鑿碓好舂米,,,,,,005_Tie_Suann_Kua_Iau_Chip > （老丑歌）,84
,,,,开元内閩皮先生○会挾齿,,,,,,005_Tie_Suann_Kua_Iau_Chip > （老丑歌）,84
,,,,挾齿使痹葯,,,,,,005_Tie_Suann_Kua_Iau_Chip > （老丑歌）,84
,,,,四目井脚人打石,,,,,,005_Tie_Suann_Kua_Iau_Chip > （老丑歌）,84
,,,,打石使石錘,,,,,,005_Tie_Suann_Kua_Iau_Chip > （老丑歌）,84
,,,,楓溪人燒缶,,,,,,005_Tie_Suann_Kua_Iau_Chip > （老丑歌）,84
,,,,燒缶燒蓍扁○,,,,,,005_Tie_Suann_Kua_Iau_Chip > （老丑歌）,84
,,,,黄金塘出桃李,,,,,,005_Tie_Suann_Kua_Iau_Chip > （老丑歌）,84
,,,,桃李逢人多子孙,,,,,,005_Tie_Suann_Kua_Iau_Chip > （老丑歌）,84
,,,,学角○出好烟,,,,,,005_Tie_Suann_Kua_Iau_Chip > （老丑歌）,84
,,,,好烟众人食,,,,,,005_Tie_Suann_Kua_Iau_Chip > （老丑歌）,84
,,,,下市捞师在釘展,,,,,,005_Tie_Suann_Kua_Iau_Chip > （老丑歌）,84
,,,,釘展实在便,,,,,,005_Tie_Suann_Kua_Iau_Chip > （老丑歌）,84
,,,,大埔师父打鉄鉗,,,,,,005_Tie_Suann_Kua_Iau_Chip > （老丑歌）,84
,,,,鉄鉗好挾火,,,,,,005_Tie_Suann_Kua_Iau_Chip > （老丑歌）,84
,,,,繳戏鈴伯会做糕,,,,,,005_Tie_Suann_Kua_Iau_Chip > （老丑歌）,84
,,,,蓍做粿○,,,,,,005_Tie_Suann_Kua_Iau_Chip > （老丑歌）,84
,,,,荣粿好准飯○,,,,,,005_Tie_Suann_Kua_Iau_Chip > （老丑歌）,84
,,,,厦溝贐师父縛好籃飯,,,,,,005_Tie_Suann_Kua_Iau_Chip > （老丑歌）,84
,,,,籃飯好賞○物,,,,,,005_Tie_Suann_Kua_Iau_Chip > （老丑歌）,84
,,,,学角出好袜,,,,,,005_Tie_Suann_Kua_Iau_Chip > （老丑歌）,84
,,,,袜、袜、袜,,,,,,005_Tie_Suann_Kua_Iau_Chip > （老丑歌）,84
,,,,長袜穿了穿袜㘈,,,,,,005_Tie_Suann_Kua_Iau_Chip > （老丑歌）,84
,,,,水雞是水雞,,,,,,005_Tie_Suann_Kua_Iau_Chip > 水雞是水雞,85
,,,,水雞起处田坎堤,,,,,,005_Tie_Suann_Kua_Iau_Chip > 水雞是水雞,85
,,,,石門脚,,,,,,005_Tie_Suann_Kua_Iau_Chip > 水雞是水雞,85
,,,,石門第,,,,,,005_Tie_Suann_Kua_Iau_Chip > 水雞是水雞,85
,,,,鈎竿一枝,,,,,,005_Tie_Suann_Kua_Iau_Chip > 水雞是水雞,85
,,,,釣索丈二,,,,,,005_Tie_Suann_Kua_Iau_Chip > 水雞是水雞,85
,,,,釣我細弟在牛天,,,,,,005_Tie_Suann_Kua_Iau_Chip > 水雞是水雞,85
,,,,为着去挽伊,,,,,,005_Tie_Suann_Kua_Iau_Chip > 水雞是水雞,85
,,,,給伊帶吊在牛天,,,,,,005_Tie_Suann_Kua_Iau_Chip > 水雞是水雞,85
,,,,掠去市頂賣,,,,,,005_Tie_Suann_Kua_Iau_Chip > 水雞是水雞,85
,,,,君子人出三分,,,,,,005_Tie_Suann_Kua_Iau_Chip > 水雞是水雞,85
,,,,小人人出二錢,,,,,,005_Tie_Suann_Kua_Iau_Chip > 水雞是水雞,85
,,,,唔甘賣,,,,,,005_Tie_Suann_Kua_Iau_Chip > 水雞是水雞,85
,,,,掠返来,,,,,,005_Tie_Suann_Kua_Iau_Chip > 水雞是水雞,85
,,,,砧圓,,,,,,005_Tie_Suann_Kua_Iau_Chip > 水雞是水雞,85
,,,,刀一枝,,,,,,005_Tie_Suann_Kua_Iau_Chip > 水雞是水雞,85
,,,,芹菜数条,,,,,,005_Tie_Suann_Kua_Iau_Chip > 水雞是水雞,85
,,,,胡椒数錢,,,,,,005_Tie_Suann_Kua_Iau_Chip > 水雞是水雞,85
,,,,煎煎炒炒是好味,,,,,,005_Tie_Suann_Kua_Iau_Chip > 水雞是水雞,85
,,,,大人試点仔,,,,,,005_Tie_Suann_Kua_Iau_Chip > 水雞是水雞,85
,,,,奴仔争偷擰,,,,,,005_Tie_Suann_Kua_Iau_Chip > 水雞是水雞,85
,,,,烏蠅帶孝狗仔收尸,,,,,,005_Tie_Suann_Kua_Iau_Chip > 水雞是水雞,85
,,,,八十老父来告狀,,,,,,005_Tie_Suann_Kua_Iau_Chip > 水雞是水雞,85
,,,,寻无骨头好驗尸,,,,,,005_Tie_Suann_Kua_Iau_Chip > 水雞是水雞,85
,,,,竹仔箸,,,,,,005_Tie_Suann_Kua_Iau_Chip > 竹仔箸,85
,,,,長零零,,,,,,005_Tie_Suann_Kua_Iau_Chip > 竹仔箸,85
,,,,件件会,,,,,,005_Tie_Suann_Kua_Iau_Chip > 竹仔箸,85
,,,,无件精,,,,,,005_Tie_Suann_Kua_Iau_Chip > 竹仔箸,85
,,,,阮公会讀經,,,,,,005_Tie_Suann_Kua_Iau_Chip > 竹仔箸,85
,,,,讀經文,,,,,,005_Tie_Suann_Kua_Iau_Chip > 竹仔箸,85
,,,,阮公会造船,,,,,,005_Tie_Suann_Kua_Iau_Chip > 竹仔箸,85
,,,,造船得得走,,,,,,005_Tie_Suann_Kua_Iau_Chip > 竹仔箸,85
,,,,阮公会刮狗,,,,,,005_Tie_Suann_Kua_Iau_Chip > 竹仔箸,85
,,,,刮狗狗肉馨,,,,,,005_Tie_Suann_Kua_Iau_Chip > 竹仔箸,85
,,,,阮公会妝安,,,,,,005_Tie_Suann_Kua_Iau_Chip > 竹仔箸,85
,,,,妝安聖,,,,,,005_Tie_Suann_Kua_Iau_Chip > 竹仔箸,85
,,,,阮公会磨鏡,,,,,,005_Tie_Suann_Kua_Iau_Chip > 竹仔箸,85
,,,,磨鏡光,,,,,,005_Tie_Suann_Kua_Iau_Chip > 竹仔箸,85
,,,,阮公会鋪磚,,,,,,005_Tie_Suann_Kua_Iau_Chip > 竹仔箸,85
,,,,鋪磚鋪唔平,,,,,,005_Tie_Suann_Kua_Iau_Chip > 竹仔箸,85
,,,,阮公会騎橄,,,,,,005_Tie_Suann_Kua_Iau_Chip > 竹仔箸,85
,,,,騎橄塔着处角头,,,,,,005_Tie_Suann_Kua_Iau_Chip > 竹仔箸,85
,,,,阮公会弄猴,,,,,,005_Tie_Suann_Kua_Iau_Chip > 竹仔箸,85
,,,,弄猴打猴袋,,,,,,005_Tie_Suann_Kua_Iau_Chip > 竹仔箸,85
,,,,阮公会种芋,,,,,,005_Tie_Suann_Kua_Iau_Chip > 竹仔箸,85
,,,,种芋脚手快,,,,,,005_Tie_Suann_Kua_Iau_Chip > 竹仔箸,85
,,,,阮公会卜卦,,,,,,005_Tie_Suann_Kua_Iau_Chip > 竹仔箸,85
,,,,卜卦看,,,,,,005_Tie_Suann_Kua_Iau_Chip > 竹仔箸,85
,,,,阮公会打石,,,,,,005_Tie_Suann_Kua_Iau_Chip > 竹仔箸,85
,,,,打石,,,,,,005_Tie_Suann_Kua_Iau_Chip > 竹仔箸,85
,,,,阮公会刨猪,,,,,,005_Tie_Suann_Kua_Iau_Chip > 竹仔箸,86
,,,,刨猪大细畔,,,,,,005_Tie_Suann_Kua_Iau_Chip > 竹仔箸,86
,,,,阮公会放莲,,,,,,005_Tie_Suann_Kua_Iau_Chip > 竹仔箸,86
,,,,放莲掣莲子,,,,,,005_Tie_Suann_Kua_Iau_Chip > 竹仔箸,86
,,,,阮公会耥米,,,,,,005_Tie_Suann_Kua_Iau_Chip > 竹仔箸,86
,,,,耥米使闪筒,,,,,,005_Tie_Suann_Kua_Iau_Chip > 竹仔箸,86
,,,,阮公会挨蔃,,,,,,005_Tie_Suann_Kua_Iau_Chip > 竹仔箸,86
,,,,挨一斗粘,,,,,,005_Tie_Suann_Kua_Iau_Chip > 竹仔箸,86
,,,,一斗糯,,,,,,005_Tie_Suann_Kua_Iau_Chip > 竹仔箸,86
,,,,做二个米圆仔溜溜滑,,,,,,005_Tie_Suann_Kua_Iau_Chip > 竹仔箸,86
,,,,拜弥陀佛,,,,,,005_Tie_Suann_Kua_Iau_Chip > 竹仔箸,86
,,,,蛤蟆,,,,,,005_Tie_Suann_Kua_Iau_Chip > 蛤蟆,86
,,,,蛤蟆,,,,,,005_Tie_Suann_Kua_Iau_Chip > 蛤蟆,86
,,,,店在洞底打铜鑼,,,,,,005_Tie_Suann_Kua_Iau_Chip > 蛤蟆,86
,,,,問您打乜事,,,,,,005_Tie_Suann_Kua_Iau_Chip > 蛤蟆,86
,,,,打給官娘来敲桃,,,,,,005_Tie_Suann_Kua_Iau_Chip > 蛤蟆,86
,,,,蛤蚧,,,,,,005_Tie_Suann_Kua_Iau_Chip > 蛤蟆,86
,,,,蛤蚧,,,,,,005_Tie_Suann_Kua_Iau_Chip > 蛤蟆,86
,,,,店在洞底吹鼓手,,,,,,005_Tie_Suann_Kua_Iau_Chip > 蛤蟆,86
,,,,問您吹乜事,,,,,,005_Tie_Suann_Kua_Iau_Chip > 蛤蟆,86
,,,,吹給官娘来食酒,,,,,,005_Tie_Suann_Kua_Iau_Chip > 蛤蟆,86
,,,,荇菜鷄,,,,,,005_Tie_Suann_Kua_Iau_Chip > 荇菜鷄,86
,,,,穿红鞋,,,,,,005_Tie_Suann_Kua_Iau_Chip > 荇菜鷄,86
,,,,红鞋红靴靴,,,,,,005_Tie_Suann_Kua_Iau_Chip > 荇菜鷄,86
,,,,去厝拜阿爹,,,,,,005_Tie_Suann_Kua_Iau_Chip > 荇菜鷄,86
,,,,阿爹无你拜,,,,,,005_Tie_Suann_Kua_Iau_Chip > 荇菜鷄,86
,,,,拜韭菜,,,,,,005_Tie_Suann_Kua_Iau_Chip > 荇菜鷄,86
,,,,韭菜十二丛,,,,,,005_Tie_Suann_Kua_Iau_Chip > 荇菜鷄,86
,,,,桃花柳花红,,,,,,005_Tie_Suann_Kua_Iau_Chip > 荇菜鷄,86
,,,,红柿饼,,,,,,005_Tie_Suann_Kua_Iau_Chip > 荇菜鷄,86
,,,,分媒人,,,,,,005_Tie_Suann_Kua_Iau_Chip > 荇菜鷄,86
,,,,媒人呵哝好,,,,,,005_Tie_Suann_Kua_Iau_Chip > 荇菜鷄,86
,,,,三兄娶三嫂,,,,,,005_Tie_Suann_Kua_Iau_Chip > 荇菜鷄,86
,,,,三嫦娶入房,,,,,,005_Tie_Suann_Kua_Iau_Chip > 荇菜鷄,86
,,,,房内点灯笼,,,,,,005_Tie_Suann_Kua_Iau_Chip > 荇菜鷄,86
,,,,灯笼洞洞光,,,,,,005_Tie_Suann_Kua_Iau_Chip > 荇菜鷄,86
,,,,阿老三叔点火燃阿老三嫦个脚仓,,,,,,005_Tie_Suann_Kua_Iau_Chip > 荇菜鷄,86
,,,,担唔浮,,,,,,005_Tie_Suann_Kua_Iau_Chip > 嗳呀嗳。,87
,,,,飼猪大过牛,,,,,,005_Tie_Suann_Kua_Iau_Chip > 嗳呀嗳。,87
,,,,黄牛生馬仔,,,,,,005_Tie_Suann_Kua_Iau_Chip > 嗳呀嗳。,87
,,,,馬仔生真珠,,,,,,005_Tie_Suann_Kua_Iau_Chip > 嗳呀嗳。,87
,,,,真珠𪔠𪔠圆,,,,,,005_Tie_Suann_Kua_Iau_Chip > 嗳呀嗳。,87
,,,,五男二女来团圆,,,,,,005_Tie_Suann_Kua_Iau_Chip > 嗳呀嗳。,87
,,,,团圆团呀团,,,,,,005_Tie_Suann_Kua_Iau_Chip > 嗳呀嗳。,87
,,,,弹过一条大田墘,,,,,,005_Tie_Suann_Kua_Iau_Chip > 嗳呀嗳。,87
,,,,田墘罗罗長,,,,,,005_Tie_Suann_Kua_Iau_Chip > 嗳呀嗳。,87
,,,,草席𬇛眠床,,,,,,005_Tie_Suann_Kua_Iau_Chip > 嗳呀嗳。,87
,,,,眠床好𥅇目,,,,,,005_Tie_Suann_Kua_Iau_Chip > 嗳呀嗳。,87
,,,,交椅对竹篮,,,,,,005_Tie_Suann_Kua_Iau_Chip > 嗳呀嗳。,87
,,,,竹篮好纺纱,,,,,,005_Tie_Suann_Kua_Iau_Chip > 嗳呀嗳。,87
,,,,桥头一个老人会医𪸩,,,,,,005_Tie_Suann_Kua_Iau_Chip > 嗳呀嗳。,87
,,,,医𪸩断后步,,,,,,005_Tie_Suann_Kua_Iau_Chip > 嗳呀嗳。,87
,,,,港尾人烧墟,,,,,,005_Tie_Suann_Kua_Iau_Chip > 嗳呀嗳。,87
,,,,烧墟无黌痕,,,,,,005_Tie_Suann_Kua_Iau_Chip > 嗳呀嗳。,87
,,,,庵埔人造船,,,,,,005_Tie_Suann_Kua_Iau_Chip > 嗳呀嗳。,87
,,,,坐船匆匆走,,,,,,005_Tie_Suann_Kua_Iau_Chip > 嗳呀嗳。,87
,,,,翁阿痴会刮狗,,,,,,005_Tie_Suann_Kua_Iau_Chip > 嗳呀嗳。,87
,,,,刮狗刀路熟,,,,,,005_Tie_Suann_Kua_Iau_Chip > 嗳呀嗳。,87
,,,,池湖蔡隴人噴笛,,,,,,005_Tie_Suann_Kua_Iau_Chip > 嗳呀嗳。,87
,,,,噴笛真好听,,,,,,005_Tie_Suann_Kua_Iau_Chip > 嗳呀嗳。,87
,,,,翁厝口人做靴,,,,,,005_Tie_Suann_Kua_Iau_Chip > 嗳呀嗳。,87
,,,,做靴合人脚,,,,,,005_Tie_Suann_Kua_Iau_Chip > 嗳呀嗳。,87
,,,,府前人缝衫,,,,,,005_Tie_Suann_Kua_Iau_Chip > 嗳呀嗳。,87
,,,,缝衫唔凸共唔凹,,,,,,005_Tie_Suann_Kua_Iau_Chip > 嗳呀嗳。,87
,,,,三槽六哥卖粿汁,,,,,,005_Tie_Suann_Kua_Iau_Chip > 嗳呀嗳。,87
,,,,粿汁杳朥又香葱,,,,,,005_Tie_Suann_Kua_Iau_Chip > 嗳呀嗳。,87
,,,,仓目船哥会妆安,,,,,,005_Tie_Suann_Kua_Iau_Chip > 嗳呀嗳。,87
,,,,妆安假贤又假圣,,,,,,005_Tie_Suann_Kua_Iau_Chip > 嗳呀嗳。,87
,,,,泉州人磨镜,,,,,,005_Tie_Suann_Kua_Iau_Chip > 嗳呀嗳。,87
,,,,磨镜照人影,,,,,,005_Tie_Suann_Kua_Iau_Chip > 嗳呀嗳。,87
,,,,府前人卖包饼,,,,,,005_Tie_Suann_Kua_Iau_Chip > 嗳呀嗳。,87
,,,,包饼真香甜,,,,,,005_Tie_Suann_Kua_Iau_Chip > 嗳呀嗳。,87
,,,,桥头嫂卖私盐,,,,,,005_Tie_Suann_Kua_Iau_Chip > 嗳呀嗳。,87
,,,,私盐掺沙微,,,,,,005_Tie_Suann_Kua_Iau_Chip > 嗳呀嗳。,87
,,,,枫溪人舂缶,,,,,,005_Tie_Suann_Kua_Iau_Chip > 嗳呀嗳。,87
,,,,舂缶舂成釉,,,,,,005_Tie_Suann_Kua_Iau_Chip > 嗳呀嗳。,87
,,,,下市积德在卖饭,,,,,,005_Tie_Suann_Kua_Iau_Chip > 嗳呀嗳。,87
,,,,卖饭好人食,,,,,,005_Tie_Suann_Kua_Iau_Chip > 嗳呀嗳。,87
,,,,太平桥头人钉红皮展,,,,,,005_Tie_Suann_Kua_Iau_Chip > 嗳呀嗳。,87
,,,,皮展钉来真松,,,,,,005_Tie_Suann_Kua_Iau_Chip > 嗳呀嗳。,87
,,,,城頂人锯板,,,,,,005_Tie_Suann_Kua_Iau_Chip > 嗳呀嗳。,87
,,,,锯板锯𡱁崩,,,,,,005_Tie_Suann_Kua_Iau_Chip > 嗳呀嗳。,87
,,,,汕尾人打𪐻,,,,,,005_Tie_Suann_Kua_Iau_Chip > 嗳呀嗳。,87
,,,,打𪐻好挨粟,,,,,,005_Tie_Suann_Kua_Iau_Chip > 嗳呀嗳。,87
,,,,泉州人敷曲,,,,,,005_Tie_Suann_Kua_Iau_Chip > 嗳呀嗳。,87
,,,,敷曲要有声,,,,,,005_Tie_Suann_Kua_Iau_Chip > 嗳呀嗳。,87
,,,,埔尾阿娘仔在踏车,,,,,,005_Tie_Suann_Kua_Iau_Chip > 嗳呀嗳。,87
,,,,踏车伊唉声,,,,,,005_Tie_Suann_Kua_Iau_Chip > 嗳呀嗳。,87
,,,,实在是好听,,,,,,005_Tie_Suann_Kua_Iau_Chip > 嗳呀嗳。,87
,,,,火夜姑,,,,,,005_Tie_Suann_Kua_Iau_Chip > 火夜姑,87
,,,,跌落涂,,,,,,005_Tie_Suann_Kua_Iau_Chip > 火夜姑,87
,,,,金阿姊,,,,,,005_Tie_Suann_Kua_Iau_Chip > 火夜姑,87
,,,,抱阿奴,,,,,,005_Tie_Suann_Kua_Iau_Chip > 火夜姑,87
,,,,阿奴你勿哭,,,,,,005_Tie_Suann_Kua_Iau_Chip > 火夜姑,87
,,,,阿姊抱你来去后头砌宫灶,,,,,,005_Tie_Suann_Kua_Iau_Chip > 火夜姑,87
,,,,宫灶倾倾倒,,,,,,005_Tie_Suann_Kua_Iau_Chip > 火夜姑,87
,,,,撑着后头金狗母,,,,,,005_Tie_Suann_Kua_Iau_Chip > 火夜姑,87
,,,,狗母虎虎吠,,,,,,005_Tie_Suann_Kua_Iau_Chip > 火夜姑,87
,,,,撑着后头臭石蚝,,,,,,005_Tie_Suann_Kua_Iau_Chip > 火夜姑,87
,,,,石蚝哼哼喑,,,,,,005_Tie_Suann_Kua_Iau_Chip > 火夜姑,87
,,,,撑着后头金鷄翁,,,,,,005_Tie_Suann_Kua_Iau_Chip > 火夜姑,87
,,,,鷄翁嗯嗯啼,,,,,,005_Tie_Suann_Kua_Iau_Chip > 火夜姑,87
,,,,撑着后头阿姨,,,,,,005_Tie_Suann_Kua_Iau_Chip > 火夜姑,87
,,,,阿姨无米煮,,,,,,005_Tie_Suann_Kua_Iau_Chip > 火夜姑,87
,,,,煮牛简,,,,,,005_Tie_Suann_Kua_Iau_Chip > 火夜姑,87
,,,,无物配,,,,,,005_Tie_Suann_Kua_Iau_Chip > 火夜姑,87
,,,,配痱虫,,,,,,005_Tie_Suann_Kua_Iau_Chip > 火夜姑,87
,,,,蛆,,,,,,005_Tie_Suann_Kua_Iau_Chip > 火夜姑,88
,,,,蛆香剁,,,,,,005_Tie_Suann_Kua_Iau_Chip > 火夜姑,88
,,,,偷挾冊,,,,,,005_Tie_Suann_Kua_Iau_Chip > 火夜姑,88
,,,,冊香讀,,,,,,005_Tie_Suann_Kua_Iau_Chip > 火夜姑,88
,,,,偷磨墨,,,,,,005_Tie_Suann_Kua_Iau_Chip > 火夜姑,88
,,,,墨香磨,,,,,,005_Tie_Suann_Kua_Iau_Chip > 火夜姑,88
,,,,偷担籮,,,,,,005_Tie_Suann_Kua_Iau_Chip > 火夜姑,88
,,,,籮香担,,,,,,005_Tie_Suann_Kua_Iau_Chip > 火夜姑,88
,,,,偷收衫,,,,,,005_Tie_Suann_Kua_Iau_Chip > 火夜姑,88
,,,,衫香穿,,,,,,005_Tie_Suann_Kua_Iau_Chip > 火夜姑,88
,,,,惹父惹母生你无中用,,,,,,005_Tie_Suann_Kua_Iau_Chip > 火夜姑,88
,,,,一頂红轿四条須,,,,,,005_Tie_Suann_Kua_Iau_Chip > 一頂红轿四条須,89
,,,,阿姊要嫁穿红裘,,,,,,005_Tie_Suann_Kua_Iau_Chip > 一頂红轿四条須,89
,,,,媛噹媛,,,,,,005_Tie_Suann_Kua_Iau_Chip > 一頂红轿四条須,89
,,,,阿姊嫁了嫁地个,,,,,,005_Tie_Suann_Kua_Iau_Chip > 一頂红轿四条須,89
,,,,鬼仔你,,,,,,005_Tie_Suann_Kua_Iau_Chip > 一頂红轿四条須,89
,,,,水去担,,,,,,005_Tie_Suann_Kua_Iau_Chip > 一頂红轿四条須,89
,,,,飯去煮,,,,,,005_Tie_Suann_Kua_Iau_Chip > 一頂红轿四条須,89
,,,,阿姊嫁了正嫁你,,,,,,005_Tie_Suann_Kua_Iau_Chip > 一頂红轿四条須,89
,,,,一頂红轿四个脚,,,,,,005_Tie_Suann_Kua_Iau_Chip > 一頂红轿四条須,89
,,,,阿姊要嫁穿红衫,,,,,,005_Tie_Suann_Kua_Iau_Chip > 一頂红轿四条須,89
,,,,媛噹媛,,,,,,005_Tie_Suann_Kua_Iau_Chip > 一頂红轿四条須,89
,,,,阿姊嫁了嫁地个,,,,,,005_Tie_Suann_Kua_Iau_Chip > 一頂红轿四条須,89
,,,,鬼仔你,,,,,,005_Tie_Suann_Kua_Iau_Chip > 一頂红轿四条須,89
,,,,水去担,,,,,,005_Tie_Suann_Kua_Iau_Chip > 一頂红轿四条須,89
,,,,飯去煮,,,,,,005_Tie_Suann_Kua_Iau_Chip > 一頂红轿四条須,89
,,,,阿姊嫁了正嫁你,,,,,,005_Tie_Suann_Kua_Iau_Chip > 一頂红轿四条須,89
,,,,鸭仔会撑船,,,,,,005_Tie_Suann_Kua_Iau_Chip > 鸭仔会撑船,89
,,,,猫儿会掌处,,,,,,005_Tie_Suann_Kua_Iau_Chip > 鸭仔会撑船,89
,,,,狗仔会守門,,,,,,005_Tie_Suann_Kua_Iau_Chip > 鸭仔会撑船,89
,,,,公婆会惜孙,,,,,,005_Tie_Suann_Kua_Iau_Chip > 鸭仔会撑船,89
,,,,一家欢乐甜过糖,,,,,,005_Tie_Suann_Kua_Iau_Chip > 鸭仔会撑船,89
,,,,东畔落雨白纷纷,,,,,,005_Tie_Suann_Kua_Iau_Chip > 东畔落雨白纷纷,89
,,,,娘仔掣伞去等君,,,,,,005_Tie_Suann_Kua_Iau_Chip > 东畔落雨白纷纷,89
,,,,二人相共一枝伞,,,,,,005_Tie_Suann_Kua_Iau_Chip > 东畔落雨白纷纷,89
,,,,四,,,,,,005_Tie_Suann_Kua_Iau_Chip > 东畔落雨白纷纷,89
,,,,东畔落雨白披披,,,,,,005_Tie_Suann_Kua_Iau_Chip > 东畔落雨白纷纷,90
,,,,娘仔擎伞去等伊,,,,,,005_Tie_Suann_Kua_Iau_Chip > 东畔落雨白纷纷,90
,,,,二人相共一枝伞,,,,,,005_Tie_Suann_Kua_Iau_Chip > 东畔落雨白纷纷,90
,,,,四目相观笑嘻嘻,,,,,,005_Tie_Suann_Kua_Iau_Chip > 东畔落雨白纷纷,90
,,,,鷄蛤仔,,,,,,005_Tie_Suann_Kua_Iau_Chip > 鷄蛤仔,90
,,,,長拖拖,,,,,,005_Tie_Suann_Kua_Iau_Chip > 鷄蛤仔,90
,,,,三岁阿奴会唱歌,,,,,,005_Tie_Suann_Kua_Iau_Chip > 鷄蛤仔,90
,,,,免用父母教,,,,,,005_Tie_Suann_Kua_Iau_Chip > 鷄蛤仔,90
,,,,嘴舌伶俐无叮哇,,,,,,005_Tie_Suann_Kua_Iau_Chip > 鷄蛤仔,90
,,,,笑嘻嘻,,,,,,005_Tie_Suann_Kua_Iau_Chip > 笑嘻嘻,90
,,,,嘻嘻笑,,,,,,005_Tie_Suann_Kua_Iau_Chip > 笑嘻嘻,90
,,,,生意会發财,,,,,,005_Tie_Suann_Kua_Iau_Chip > 笑嘻嘻,90
,,,,秀才会考着,,,,,,005_Tie_Suann_Kua_Iau_Chip > 笑嘻嘻,90
,,,,老婆走上来,,,,,,005_Tie_Suann_Kua_Iau_Chip > 笑嘻嘻,90
,,,,猛猛窣仔叫,,,,,,005_Tie_Suann_Kua_Iau_Chip > 笑嘻嘻,90
,,,,叶埔蝉,,,,,,005_Tie_Suann_Kua_Iau_Chip > 叶埔蝉,90
,,,,叫匀匀,,,,,,005_Tie_Suann_Kua_Iau_Chip > 叶埔蝉,90
,,,,大个拚要衫,,,,,,005_Tie_Suann_Kua_Iau_Chip > 叶埔蝉,90
,,,,二个拚要裙,,,,,,005_Tie_Suann_Kua_Iau_Chip > 叶埔蝉,90
,,,,三个拚要槟榔鼓,,,,,,005_Tie_Suann_Kua_Iau_Chip > 叶埔蝉,90
,,,,四个拚要铜面盆,,,,,,005_Tie_Suann_Kua_Iau_Chip > 叶埔蝉,90
,,,,五个拚要,,,,,,005_Tie_Suann_Kua_Iau_Chip > 叶埔蝉,90
,,,,爹呀爹,,,,,,005_Tie_Suann_Kua_Iau_Chip > 叶埔蝉,90
,,,,我要妆田共妆車,,,,,,005_Tie_Suann_Kua_Iau_Chip > 叶埔蝉,90
,,,,我要罗裙十八幅,,,,,,005_Tie_Suann_Kua_Iau_Chip > 叶埔蝉,90
,,,,我要手器叮咙声,,,,,,005_Tie_Suann_Kua_Iau_Chip > 叶埔蝉,90
,,,,仔呀仔,,,,,,005_Tie_Suann_Kua_Iau_Chip > 叶埔蝉,90
,,,,你爹旦你知,,,,,,005_Tie_Suann_Kua_Iau_Chip > 叶埔蝉,90
,,,,你母当初无这个,,,,,,005_Tie_Suann_Kua_Iau_Chip > 叶埔蝉,90
,,,,烏布做衫白布补,,,,,,005_Tie_Suann_Kua_Iau_Chip > 叶埔蝉,90
,,,,烏布遮头随爹来,,,,,,005_Tie_Suann_Kua_Iau_Chip > 叶埔蝉,90
,,,,老狗你勿说短長,,,,,,005_Tie_Suann_Kua_Iau_Chip > 叶埔蝉,90
,,,,我无空手入你門,,,,,,005_Tie_Suann_Kua_Iau_Chip > 叶埔蝉,90
,,,,也有柴梳三个齿,,,,,,005_Tie_Suann_Kua_Iau_Chip > 叶埔蝉,90
,,,,也有个篮做嫁妆,,,,,,005_Tie_Suann_Kua_Iau_Chip > 叶埔蝉,90
,,,,伸伸收收一布袋,,,,,,005_Tie_Suann_Kua_Iau_Chip > 叶埔蝉,90
,,,,拖拖抽抽一眠床,,,,,,005_Tie_Suann_Kua_Iau_Chip > 叶埔蝉,90
,,,,正月桃花开,,,,,,005_Tie_Suann_Kua_Iau_Chip > 正月桃花开,91
,,,,娘呀有孕嗒喃泪,,,,,,005_Tie_Suann_Kua_Iau_Chip > 正月桃花开,91
,,,,君呀問娘要食乜,,,,,,005_Tie_Suann_Kua_Iau_Chip > 正月桃花开,91
,,,,要食螺仔腌芫荽,,,,,,005_Tie_Suann_Kua_Iau_Chip > 正月桃花开,91
,,,,二月人落秧,,,,,,005_Tie_Suann_Kua_Iau_Chip > 正月桃花开,91
,,,,娘呀有孕面带黄,,,,,,005_Tie_Suann_Kua_Iau_Chip > 正月桃花开,91
,,,,君呀問娘要食乜,,,,,,005_Tie_Suann_Kua_Iau_Chip > 正月桃花开,91
,,,,要食楊梅撞白糖,,,,,,005_Tie_Suann_Kua_Iau_Chip > 正月桃花开,91
,,,,三月人布田,,,,,,005_Tie_Suann_Kua_Iau_Chip > 正月桃花开,91
,,,,娘呀有孕面带紅,,,,,,005_Tie_Suann_Kua_Iau_Chip > 正月桃花开,91
,,,,君呀問娘要食乜,,,,,,005_Tie_Suann_Kua_Iau_Chip > 正月桃花开,91
,,,,要食薄餅卷糖葱,,,,,,005_Tie_Suann_Kua_Iau_Chip > 正月桃花开,91
,,,,四月人入夏,,,,,,005_Tie_Suann_Kua_Iau_Chip > 正月桃花开,91
,,,,娘呀有孕假做病,,,,,,005_Tie_Suann_Kua_Iau_Chip > 正月桃花开,91
,,,,君呀問娘要食乜,,,,,,005_Tie_Suann_Kua_Iau_Chip > 正月桃花开,91
,,,,要食吊瓜炒沙蝦,,,,,,005_Tie_Suann_Kua_Iau_Chip > 正月桃花开,91
,,,,五月斗龙船,,,,,,005_Tie_Suann_Kua_Iau_Chip > 正月桃花开,91
,,,,娘呀有孕笑吧哝,,,,,,005_Tie_Suann_Kua_Iau_Chip > 正月桃花开,91
,,,,君呀問娘要食乜,,,,,,005_Tie_Suann_Kua_Iau_Chip > 正月桃花开,91
,,,,要食鲇魚炆糯飯,,,,,,005_Tie_Suann_Kua_Iau_Chip > 正月桃花开,91
,,,,六月热毒时,,,,,,005_Tie_Suann_Kua_Iau_Chip > 正月桃花开,91
,,,,娘呀有孕笑嘴嗪,,,,,,005_Tie_Suann_Kua_Iau_Chip > 正月桃花开,91
,,,,君呀問娘要食乜,,,,,,005_Tie_Suann_Kua_Iau_Chip > 正月桃花开,91
,,,,要食枝尾双荔枝,,,,,,005_Tie_Suann_Kua_Iau_Chip > 正月桃花开,91
,,,,七月秋風来,,,,,,005_Tie_Suann_Kua_Iau_Chip > 正月桃花开,91
,,,,娘呀有孕笑嘚咳,,,,,,005_Tie_Suann_Kua_Iau_Chip > 正月桃花开,91
,,,,君呀問娘要食乜,,,,,,005_Tie_Suann_Kua_Iau_Chip > 正月桃花开,91
,,,,要食枝尾双苟梨,,,,,,005_Tie_Suann_Kua_Iau_Chip > 正月桃花开,91
,,,,八月是中秋,,,,,,005_Tie_Suann_Kua_Iau_Chip > 正月桃花开,91
,,,,娘呀有孕头无梳,,,,,,005_Tie_Suann_Kua_Iau_Chip > 正月桃花开,91
,,,,君呀問娘要食乜,,,,,,005_Tie_Suann_Kua_Iau_Chip > 正月桃花开,91
,,,,要食枝尾双石榴,,,,,,005_Tie_Suann_Kua_Iau_Chip > 正月桃花开,91
,,,,九月天疏朵,,,,,,005_Tie_Suann_Kua_Iau_Chip > 正月桃花开,91
,,,,娘呀有孕脱头毛,,,,,,005_Tie_Suann_Kua_Iau_Chip > 正月桃花开,91
,,,,君呀問娘要食乜,,,,,,005_Tie_Suann_Kua_Iau_Chip > 正月桃花开,91
,,,,要食枝尾双楊葡,,,,,,005_Tie_Suann_Kua_Iau_Chip > 正月桃花开,91
,,,,雨落落,,,,,,005_Tie_Suann_Kua_Iau_Chip > 雨落落,92
,,,,沃树枝,,,,,,005_Tie_Suann_Kua_Iau_Chip > 雨落落,92
,,,,无妨阿哥树下嗒,,,,,,005_Tie_Suann_Kua_Iau_Chip > 雨落落,92
,,,,褂衫破裂无人补,,,,,,005_Tie_Suann_Kua_Iau_Chip > 雨落落,92
,,,,紧紧孬娘来张治,,,,,,005_Tie_Suann_Kua_Iau_Chip > 雨落落,92
,,,,紧紧孬娘来破家,,,,,,005_Tie_Suann_Kua_Iau_Chip > 雨落落,92
,,,,三顿配我四斤红沙蟹,,,,,,005_Tie_Suann_Kua_Iau_Chip > 雨落落,92
,,,,三日四日紡粒纱,,,,,,005_Tie_Suann_Kua_Iau_Chip > 雨落落,92
,,,,輕輕打妨一下筐,,,,,,005_Tie_Suann_Kua_Iau_Chip > 雨落落,92
,,,,騎猪倒羊就来回,,,,,,005_Tie_Suann_Kua_Iau_Chip > 雨落落,92
,,,,手擎香爐咒重詛,,,,,,005_Tie_Suann_Kua_Iau_Chip > 雨落落,92
,,,,后日打妨手着癩,,,,,,005_Tie_Suann_Kua_Iau_Chip > 雨落落,92
,,,,輕輕打妨一拳头,,,,,,005_Tie_Suann_Kua_Iau_Chip > 雨落落,92
,,,,猛猛走来李厝投,,,,,,005_Tie_Suann_Kua_Iau_Chip > 雨落落,92
,,,,行到李厝个客厅,,,,,,005_Tie_Suann_Kua_Iau_Chip > 雨落落,92
,,,,許內狗仔吠三声,,,,,,005_Tie_Suann_Kua_Iau_Chip > 雨落落,92
,,,,阿爹伸头出来睇,,,,,,005_Tie_Suann_Kua_Iau_Chip > 雨落落,92
,,,,阿郎轉口叫阿爹,,,,,,005_Tie_Suann_Kua_Iau_Chip > 雨落落,92
,,,,阿爹轉口叫阿郎,,,,,,005_Tie_Suann_Kua_Iau_Chip > 雨落落,92
,,,,就命囝仔擎茶湯,,,,,,005_Tie_Suann_Kua_Iau_Chip > 雨落落,92
,,,,竹篙蜡蜡好嗼纱,,,,,,005_Tie_Suann_Kua_Iau_Chip > 雨落落,92
,,,,盖甌深深好冲茶,,,,,,005_Tie_Suann_Kua_Iau_Chip > 雨落落,92
,,,,借问客厅乜人客,,,,,,005_Tie_Suann_Kua_Iau_Chip > 雨落落,92
,,,,天是昨日打妨儕,,,,,,005_Tie_Suann_Kua_Iau_Chip > 雨落落,92
,,,,茶湯食了正开言,,,,,,005_Tie_Suann_Kua_Iau_Chip > 雨落落,92
,,,,唔中你女做儿婿,,,,,,005_Tie_Suann_Kua_Iau_Chip > 雨落落,92
,,,,三心二意忆别人,,,,,,005_Tie_Suann_Kua_Iau_Chip > 雨落落,92
,,,,稚瓜无瓤,,,,,,005_Tie_Suann_Kua_Iau_Chip > 雨落落,92
,,,,稚仔无肚腸,,,,,,005_Tie_Suann_Kua_Iau_Chip > 雨落落,92
,,,,稚仔食飯无向多,,,,,,005_Tie_Suann_Kua_Iau_Chip > 雨落落,92
,,,,稚仔想事怎有按向長,,,,,,005_Tie_Suann_Kua_Iau_Chip > 雨落落,92
,,,,后头种树种冬粉,,,,,,005_Tie_Suann_Kua_Iau_Chip > 雨落落,92
,,,,亲亲姨仔出来叫阿郎,,,,,,005_Tie_Suann_Kua_Iau_Chip > 雨落落,92
,,,,俺姊在家食到白如雪,,,,,,005_Tie_Suann_Kua_Iau_Chip > 雨落落,92
,,,,去到你家怎向黄,,,,,,005_Tie_Suann_Kua_Iau_Chip > 雨落落,92
,,,,你姊又会破我家,,,,,,005_Tie_Suann_Kua_Iau_Chip > 雨落落,92
,,,,破我桃李又奢生,,,,,,005_Tie_Suann_Kua_Iau_Chip > 雨落落,92
,,,,破我猫儿唔綴厝,,,,,,005_Tie_Suann_Kua_Iau_Chip > 雨落落,92
,,,,破我鸭母唔綴家,,,,,,005_Tie_Suann_Kua_Iau_Chip > 雨落落,92
,,,,我姊怎会破你家,,,,,,005_Tie_Suann_Kua_Iau_Chip > 雨落落,92
,,,,桃李老了就奢生,,,,,,005_Tie_Suann_Kua_Iau_Chip > 雨落落,92
,,,,猫儿无腿唔綴厝,,,,,,005_Tie_Suann_Kua_Iau_Chip > 雨落落,92
,,,,鸭母无粟唔綴家,,,,,,005_Tie_Suann_Kua_Iau_Chip > 雨落落,92
,,,,羙娘想食烏豆干,,,,,,005_Tie_Suann_Kua_Iau_Chip > 羙娘想食烏豆干,93
,,,,又要想食海底鳞,,,,,,005_Tie_Suann_Kua_Iau_Chip > 羙娘想食烏豆干,93
,,,,想食葡萄姜薯汤,,,,,,005_Tie_Suann_Kua_Iau_Chip > 羙娘想食烏豆干,93
,,,,想食青梅捶白糖,,,,,,005_Tie_Suann_Kua_Iau_Chip > 羙娘想食烏豆干,93
,,,,食到豆无种,,,,,,005_Tie_Suann_Kua_Iau_Chip > 羙娘想食烏豆干,93
,,,,鞄无靴,,,,,,005_Tie_Suann_Kua_Iau_Chip > 羙娘想食烏豆干,93
,,,,生无一仔见媽爸,,,,,,005_Tie_Suann_Kua_Iau_Chip > 羙娘想食烏豆干,93
,,,,羙娘想着心头酸,,,,,,005_Tie_Suann_Kua_Iau_Chip > 羙娘想食烏豆干,93
,,,,走入房内来梳妆,,,,,,005_Tie_Suann_Kua_Iau_Chip > 羙娘想食烏豆干,93
,,,,紧仔掠雅雅,,,,,,005_Tie_Suann_Kua_Iau_Chip > 羙娘想食烏豆干,93
,,,,后斗振撸長,,,,,,005_Tie_Suann_Kua_Iau_Chip > 羙娘想食烏豆干,93
,,,,揣个春蠓仔,,,,,,005_Tie_Suann_Kua_Iau_Chip > 羙娘想食烏豆干,93
,,,,走去入庙堂,,,,,,005_Tie_Suann_Kua_Iau_Chip > 羙娘想食烏豆干,93
,,,,王公坐聖聖,,,,,,005_Tie_Suann_Kua_Iau_Chip > 羙娘想食烏豆干,93
,,,,王母听定定,,,,,,005_Tie_Suann_Kua_Iau_Chip > 羙娘想食烏豆干,93
,,,,妾身名阿桃,,,,,,005_Tie_Suann_Kua_Iau_Chip > 羙娘想食烏豆干,93
,,,,嫁夫阿壮哥,,,,,,005_Tie_Suann_Kua_Iau_Chip > 羙娘想食烏豆干,93
,,,,瓶落酒,,,,,,005_Tie_Suann_Kua_Iau_Chip > 羙娘想食烏豆干,93
,,,,酒落麴,,,,,,005_Tie_Suann_Kua_Iau_Chip > 羙娘想食烏豆干,93
,,,,保贺男儿入肚腹,,,,,,005_Tie_Suann_Kua_Iau_Chip > 羙娘想食烏豆干,93
,,,,要如珍珠皮壳薄,,,,,,005_Tie_Suann_Kua_Iau_Chip > 羙娘想食烏豆干,93
,,,,又要聪明会入学,,,,,,005_Tie_Suann_Kua_Iau_Chip > 羙娘想食烏豆干,93
,,,,治宫听着就好笑,,,,,,005_Tie_Suann_Kua_Iau_Chip > 羙娘想食烏豆干,93
,,,,我做治宫十八年,,,,,,005_Tie_Suann_Kua_Iau_Chip > 羙娘想食烏豆干,93
,,,,唔曾见一妇人照多的,,,,,,005_Tie_Suann_Kua_Iau_Chip > 羙娘想食烏豆干,93
,,,,治宫伯,,,,,,005_Tie_Suann_Kua_Iau_Chip > 羙娘想食烏豆干,93
,,,,你勿笑,,,,,,005_Tie_Suann_Kua_Iau_Chip > 羙娘想食烏豆干,93
,,,,拜好老爺二个红粿給你朖,,,,,,005_Tie_Suann_Kua_Iau_Chip > 羙娘想食烏豆干,93
,,,,正月人游灯,,,,,,005_Tie_Suann_Kua_Iau_Chip > 正月人游灯,93
,,,,共娘担知人游灯,,,,,,005_Tie_Suann_Kua_Iau_Chip > 正月人游灯,93
,,,,共娘担知娘勿愚,,,,,,005_Tie_Suann_Kua_Iau_Chip > 正月人游灯,93
,,,,勿愚丁古如哳經,,,,,,005_Tie_Suann_Kua_Iau_Chip > 正月人游灯,93
,,,,二月人游山,,,,,,005_Tie_Suann_Kua_Iau_Chip > 正月人游灯,93
,,,,共娘担知人游山,,,,,,005_Tie_Suann_Kua_Iau_Chip > 正月人游灯,93
,,,,共娘担知娘勿愚,,,,,,005_Tie_Suann_Kua_Iau_Chip > 正月人游灯,93
,,,,勿愚丁古如唱歌,,,,,,005_Tie_Suann_Kua_Iau_Chip > 正月人游灯,93
,,,,三月三,,,,,,005_Tie_Suann_Kua_Iau_Chip > 正月人游灯,93
,,,,水缸无水我来担,,,,,,005_Tie_Suann_Kua_Iau_Chip > 正月人游灯,93
,,,,脚綝鞋屐我来洗,,,,,,005_Tie_Suann_Kua_Iau_Chip > 正月人游灯,93
,,,,洗了水尾掣来洗白衫,,,,,,005_Tie_Suann_Kua_Iau_Chip > 正月人游灯,93
,,,,四月四,,,,,,005_Tie_Suann_Kua_Iau_Chip > 正月人游灯,93
,,,,水缸无水我来戴,,,,,,005_Tie_Suann_Kua_Iau_Chip > 正月人游灯,93
,,,,脚綝鞋屐我来洗,,,,,,005_Tie_Suann_Kua_Iau_Chip > 正月人游灯,93
,,,,洗了水尾掣,,,,,,005_Tie_Suann_Kua_Iau_Chip > 正月人游灯,93
,,,,五月龙船鼓相催,,,,,,005_Tie_Suann_Kua_Iau_Chip > 正月人游灯,94
,,,,我呀畏妹如畏雷,,,,,,005_Tie_Suann_Kua_Iau_Chip > 正月人游灯,94
,,,,见着妹面冻冻薜,,,,,,005_Tie_Suann_Kua_Iau_Chip > 正月人游灯,94
,,,,魚肉成鈈食唔肥,,,,,,005_Tie_Suann_Kua_Iau_Chip > 正月人游灯,94
,,,,六月夜短日又長,,,,,,005_Tie_Suann_Kua_Iau_Chip > 正月人游灯,94
,,,,捶捶打打到天光,,,,,,005_Tie_Suann_Kua_Iau_Chip > 正月人游灯,94
,,,,捻颈礁头给我睡,,,,,,005_Tie_Suann_Kua_Iau_Chip > 正月人游灯,94
,,,,要捶要打明夜唔,,,,,,005_Tie_Suann_Kua_Iau_Chip > 正月人游灯,94
,,,,七月秋風来,,,,,,005_Tie_Suann_Kua_Iau_Chip > 正月人游灯,94
,,,,问娘裙衫做乜个,,,,,,005_Tie_Suann_Kua_Iau_Chip > 正月人游灯,94
,,,,是長是短我来做,,,,,,005_Tie_Suann_Kua_Iau_Chip > 正月人游灯,94
,,,,勿给堂上爹媳知,,,,,,005_Tie_Suann_Kua_Iau_Chip > 正月人游灯,94
,,,,八月是中秋,,,,,,005_Tie_Suann_Kua_Iau_Chip > 正月人游灯,94
,,,,娘仔愀愀头唔梳,,,,,,005_Tie_Suann_Kua_Iau_Chip > 正月人游灯,94
,,,,问娘你个愀乜事,,,,,,005_Tie_Suann_Kua_Iau_Chip > 正月人游灯,94
,,,,愀你唔知苔水洗目周,,,,,,005_Tie_Suann_Kua_Iau_Chip > 正月人游灯,94
,,,,九月天疏栾,,,,,,005_Tie_Suann_Kua_Iau_Chip > 正月人游灯,94
,,,,出门遇着一群无妹哥,,,,,,005_Tie_Suann_Kua_Iau_Chip > 正月人游灯,94
,,,,人人呾兄你有妹,,,,,,005_Tie_Suann_Kua_Iau_Chip > 正月人游灯,94
,,,,我今有妹輸过无,,,,,,005_Tie_Suann_Kua_Iau_Chip > 正月人游灯,94
,,,,十月人收冬,,,,,,005_Tie_Suann_Kua_Iau_Chip > 正月人游灯,94
,,,,弟呀罵兄唔是人,,,,,,005_Tie_Suann_Kua_Iau_Chip > 正月人游灯,94
,,,,当初若知兄畏妹,,,,,,005_Tie_Suann_Kua_Iau_Chip > 正月人游灯,94
,,,,何唔兄来做嫂嫂做翁,,,,,,005_Tie_Suann_Kua_Iau_Chip > 正月人游灯,94
,,,,十一月是节时,,,,,,005_Tie_Suann_Kua_Iau_Chip > 正月人游灯,94
,,,,娘仔愀愀唔搓粢,,,,,,005_Tie_Suann_Kua_Iau_Chip > 正月人游灯,94
,,,,阿娘畏冻勿早起,,,,,,005_Tie_Suann_Kua_Iau_Chip > 正月人游灯,94
,,,,代你緙粿共搓粢,,,,,,005_Tie_Suann_Kua_Iau_Chip > 正月人游灯,94
,,,,十二月人印龟,,,,,,005_Tie_Suann_Kua_Iau_Chip > 正月人游灯,94
,,,,娘仔愀愀嘴堵堵,,,,,,005_Tie_Suann_Kua_Iau_Chip > 正月人游灯,94
,,,,唔知娘仔愀乜事,,,,,,005_Tie_Suann_Kua_Iau_Chip > 正月人游灯,94
,,,,愀你唔来柳火灰,,,,,,005_Tie_Suann_Kua_Iau_Chip > 正月人游灯,94
,,,,翁龟妹奴煮饭共妹侯,,,,,,005_Tie_Suann_Kua_Iau_Chip > 正月人游灯,94
,,,,侯唔干,,,,,,005_Tie_Suann_Kua_Iau_Chip > 正月人游灯,94
,,,,乞妹霸,,,,,,005_Tie_Suann_Kua_Iau_Chip > 正月人游灯,94
,,,,我妹阿娘我唔敢,,,,,,005_Tie_Suann_Kua_Iau_Chip > 正月人游灯,94
,,,,下顿侯干干,,,,,,005_Tie_Suann_Kua_Iau_Chip > 正月人游灯,94
,,,,正月思君在外方,,,,,,005_Tie_Suann_Kua_Iau_Chip > 正月思君在外方,95
,,,,自君去后心头酸,,,,,,005_Tie_Suann_Kua_Iau_Chip > 正月思君在外方,95
,,,,自君去后相思病,,,,,,005_Tie_Suann_Kua_Iau_Chip > 正月思君在外方,95
,,,,相思病重蓄落床,,,,,,005_Tie_Suann_Kua_Iau_Chip > 正月思君在外方,95
,,,,二月初二三,,,,,,005_Tie_Suann_Kua_Iau_Chip > 正月思君在外方,95
,,,,日日思君床头伴,,,,,,005_Tie_Suann_Kua_Iau_Chip > 正月思君在外方,95
,,,,自君去后相思病,,,,,,005_Tie_Suann_Kua_Iau_Chip > 正月思君在外方,95
,,,,相思病重蓄洗衫,,,,,,005_Tie_Suann_Kua_Iau_Chip > 正月思君在外方,95
,,,,三月清明雨纷纷,,,,,,005_Tie_Suann_Kua_Iau_Chip > 正月思君在外方,95
,,,,路上行人成大群,,,,,,005_Tie_Suann_Kua_Iau_Chip > 正月思君在外方,95
,,,,人人祭扫上山去,,,,,,005_Tie_Suann_Kua_Iau_Chip > 正月思君在外方,95
,,,,唔见君家来拜坟,,,,,,005_Tie_Suann_Kua_Iau_Chip > 正月思君在外方,95
,,,,四月日头長,,,,,,005_Tie_Suann_Kua_Iau_Chip > 正月思君在外方,95
,,,,单身娘仔鼻头酸,,,,,,005_Tie_Suann_Kua_Iau_Chip > 正月思君在外方,95
,,,,思父思母有时候,,,,,,005_Tie_Suann_Kua_Iau_Chip > 正月思君在外方,95
,,,,思君思婿割断肠,,,,,,005_Tie_Suann_Kua_Iau_Chip > 正月思君在外方,95
,,,,五月扒龙船,,,,,,005_Tie_Suann_Kua_Iau_Chip > 正月思君在外方,95
,,,,溪中钲鼓闹纷纷,,,,,,005_Tie_Suann_Kua_Iau_Chip > 正月思君在外方,95
,,,,船头打鼓别人婿,,,,,,005_Tie_Suann_Kua_Iau_Chip > 正月思君在外方,95
,,,,船尾掠舵别人君,,,,,,005_Tie_Suann_Kua_Iau_Chip > 正月思君在外方,95
,,,,六月热毒时,,,,,,005_Tie_Suann_Kua_Iau_Chip > 正月思君在外方,95
,,,,手攀遮房立路边,,,,,,005_Tie_Suann_Kua_Iau_Chip > 正月思君在外方,95
,,,,头毛唔梳也唔掠,,,,,,005_Tie_Suann_Kua_Iau_Chip > 正月思君在外方,95
,,,,姑仔看着笑嘻嘻,,,,,,005_Tie_Suann_Kua_Iau_Chip > 正月思君在外方,95
,,,,阿姑你勿笑,,,,,,005_Tie_Suann_Kua_Iau_Chip > 正月思君在外方,95
,,,,等你嫁后去思君,,,,,,005_Tie_Suann_Kua_Iau_Chip > 正月思君在外方,95
,,,,你兄早来你早好,,,,,,005_Tie_Suann_Kua_Iau_Chip > 正月思君在外方,95
,,,,你兄早来你早抱孙,,,,,,005_Tie_Suann_Kua_Iau_Chip > 正月思君在外方,95
,,,,七月秋風返凉哩,,,,,,005_Tie_Suann_Kua_Iau_Chip > 正月思君在外方,95
,,,,要寄衣衫去給伊,,,,,,005_Tie_Suann_Kua_Iau_Chip > 正月思君在外方,95
,,,,要寄寒个又太早,,,,,,005_Tie_Suann_Kua_Iau_Chip > 正月思君在外方,95
,,,,要寄热个又过时,,,,,,005_Tie_Suann_Kua_Iau_Chip > 正月思君在外方,95
,,,,八月初九二十夜,,,,,,005_Tie_Suann_Kua_Iau_Chip > 正月思君在外方,95
,,,,月上月落二三更,,,,,,005_Tie_Suann_Kua_Iau_Chip > 正月思君在外方,95
,,,,一日三餐等三过,,,,,,005_Tie_Suann_Kua_Iau_Chip > 正月思君在外方,95
,,,,弓鞋踏破君唔回,,,,,,005_Tie_Suann_Kua_Iau_Chip > 正月思君在外方,95
,,,,九月寒又寒,,,,,,005_Tie_Suann_Kua_Iau_Chip > 正月思君在外方,95
,,,,开开箱仔拿被单,,,,,,005_Tie_Suann_Kua_Iau_Chip > 正月思君在外方,95
,,,,有緣夫君被来盖,,,,,,005_Tie_Suann_Kua_Iau_Chip > 正月思君在外方,95
,,,,无緣夫君被外寒,,,,,,005_Tie_Suann_Kua_Iau_Chip > 正月思君在外方,95
,,,,十月人收冬,,,,,,005_Tie_Suann_Kua_Iau_Chip > 正月思君在外方,95
,,,,园中青青是香葱,,,,,,005_Tie_Suann_Kua_Iau_Chip > 正月思君在外方,95
,,,,树上鸟声成双对,,,,,,005_Tie_Suann_Kua_Iau_Chip > 正月思君在外方,95
,,,,笑娘无君不成双,,,,,,005_Tie_Suann_Kua_Iau_Chip > 正月思君在外方,95
,,,,下頦靠床边,,,,,,005_Tie_Suann_Kua_Iau_Chip > 正月思君在外方,96
,,,,十二月是年边,,,,,,005_Tie_Suann_Kua_Iau_Chip > 正月思君在外方,96
,,,,收拾房舍来过年,,,,,,005_Tie_Suann_Kua_Iau_Chip > 正月思君在外方,96
,,,,廿九夜昏君就到,,,,,,005_Tie_Suann_Kua_Iau_Chip > 正月思君在外方,96
,,,,围爐食酒来过年,,,,,,005_Tie_Suann_Kua_Iau_Chip > 正月思君在外方,96
,,,,天光起来是新年,,,,,,005_Tie_Suann_Kua_Iau_Chip > 正月思君在外方,96
,,,,朋友相招去賺錢,,,,,,005_Tie_Suann_Kua_Iau_Chip > 正月思君在外方,96
,,,,衫褲扯紧无君去,,,,,,005_Tie_Suann_Kua_Iau_Chip > 正月思君在外方,96
,,,,忆得去年相思时,,,,,,005_Tie_Suann_Kua_Iau_Chip > 正月思君在外方,96
,,,,正月食茶食孔明葱,,,,,,005_Tie_Suann_Kua_Iau_Chip > 正月食茶食孔明葱,96
,,,,葱叶蒜叶請媒人,,,,,,005_Tie_Suann_Kua_Iau_Chip > 正月食茶食孔明葱,96
,,,,父母八丑娘也惜,,,,,,005_Tie_Suann_Kua_Iau_Chip > 正月食茶食孔明葱,96
,,,,郎仔清采是别人,,,,,,005_Tie_Suann_Kua_Iau_Chip > 正月食茶食孔明葱,96
,,,,二月食茶食煨瓜,,,,,,005_Tie_Suann_Kua_Iau_Chip > 正月食茶食孔明葱,96
,,,,无妨阿哥走脚皮,,,,,,005_Tie_Suann_Kua_Iau_Chip > 正月食茶食孔明葱,96
,,,,鷄啼五更春鸟叫,,,,,,005_Tie_Suann_Kua_Iau_Chip > 正月食茶食孔明葱,96
,,,,着去插翼赶鸟飞,,,,,,005_Tie_Suann_Kua_Iau_Chip > 正月食茶食孔明葱,96
,,,,三月食茶食吊瓜,,,,,,005_Tie_Suann_Kua_Iau_Chip > 正月食茶食孔明葱,96
,,,,吊瓜好食免刨皮,,,,,,005_Tie_Suann_Kua_Iau_Chip > 正月食茶食孔明葱,96
,,,,君是牛天鹦哥鸟,,,,,,005_Tie_Suann_Kua_Iau_Chip > 正月食茶食孔明葱,96
,,,,娘是佛前壮丹花,,,,,,005_Tie_Suann_Kua_Iau_Chip > 正月食茶食孔明葱,96
,,,,四月食茶应茶枝,,,,,,005_Tie_Suann_Kua_Iau_Chip > 正月食茶食孔明葱,96
,,,,应茶好食正是时,,,,,,005_Tie_Suann_Kua_Iau_Chip > 正月食茶食孔明葱,96
,,,,爹媽桌上交杯盏,,,,,,005_Tie_Suann_Kua_Iau_Chip > 正月食茶食孔明葱,96
,,,,双人帐内說因依,,,,,,005_Tie_Suann_Kua_Iau_Chip > 正月食茶食孔明葱,96
,,,,五月食茶食浮鳞,,,,,,005_Tie_Suann_Kua_Iau_Chip > 正月食茶食孔明葱,96
,,,,浮鳞煮羹滿鼎烟,,,,,,005_Tie_Suann_Kua_Iau_Chip > 正月食茶食孔明葱,96
,,,,兄弟三身同床盖,,,,,,005_Tie_Suann_Kua_Iau_Chip > 正月食茶食孔明葱,96
,,,,同桌食飯隔床眠,,,,,,005_Tie_Suann_Kua_Iau_Chip > 正月食茶食孔明葱,96
,,,,六月食茶食冬枫,,,,,,005_Tie_Suann_Kua_Iau_Chip > 正月食茶食孔明葱,96
,,,,冬枫煮羹滿鼎黄,,,,,,005_Tie_Suann_Kua_Iau_Chip > 正月食茶食孔明葱,96
,,,,劝君勿食更深酒,,,,,,005_Tie_Suann_Kua_Iau_Chip > 正月食茶食孔明葱,96
,,,,着踢着仆娘心酸,,,,,,005_Tie_Suann_Kua_Iau_Chip > 正月食茶食孔明葱,96
,,,,七月食茶芋糜心,,,,,,005_Tie_Suann_Kua_Iau_Chip > 正月食茶食孔明葱,96
,,,,擧个好妗喜人心,,,,,,005_Tie_Suann_Kua_Iau_Chip > 正月食茶食孔明葱,96
,,,,人来客去会接答,,,,,,005_Tie_Suann_Kua_Iau_Chip > 正月食茶食孔明葱,96
,,,,打金獅洗瓶头,,,,,,005_Tie_Suann_Kua_Iau_Chip > 正月食茶食孔明葱,97
,,,,九月食荣食甲蓝,,,,,,005_Tie_Suann_Kua_Iau_Chip > 正月食茶食孔明葱,97
,,,,上园斩羹下园担,,,,,,005_Tie_Suann_Kua_Iau_Chip > 正月食茶食孔明葱,97
,,,,君呀有娘娘有婿,,,,,,005_Tie_Suann_Kua_Iau_Chip > 正月食茶食孔明葱,97
,,,,想俺有緣食到担,,,,,,005_Tie_Suann_Kua_Iau_Chip > 正月食茶食孔明葱,97
,,,,十月食荣食大丛,,,,,,005_Tie_Suann_Kua_Iau_Chip > 正月食茶食孔明葱,97
,,,,大丛煮羹滿鼎香,,,,,,005_Tie_Suann_Kua_Iau_Chip > 正月食茶食孔明葱,97
,,,,君是苏州饒器碗,,,,,,005_Tie_Suann_Kua_Iau_Chip > 正月食茶食孔明葱,97
,,,,借人藏荣借人捧,,,,,,005_Tie_Suann_Kua_Iau_Chip > 正月食茶食孔明葱,97
,,,,十一月食荣食茼荷,,,,,,005_Tie_Suann_Kua_Iau_Chip > 正月食茶食孔明葱,97
,,,,茼荷煮羹滿鼎濃,,,,,,005_Tie_Suann_Kua_Iau_Chip > 正月食茶食孔明葱,97
,,,,君是主星娘是月,,,,,,005_Tie_Suann_Kua_Iau_Chip > 正月食茶食孔明葱,97
,,,,主星引月去斲桃,,,,,,005_Tie_Suann_Kua_Iau_Chip > 正月食茶食孔明葱,97
,,,,十二月食芜荽,,,,,,005_Tie_Suann_Kua_Iau_Chip > 正月食茶食孔明葱,97
,,,,長流溪水洗褶衣,,,,,,005_Tie_Suann_Kua_Iau_Chip > 正月食茶食孔明葱,97
,,,,刀砍人情也蓄断,,,,,,005_Tie_Suann_Kua_Iau_Chip > 正月食茶食孔明葱,97
,,,,斧破姻緣也蓄开,,,,,,005_Tie_Suann_Kua_Iau_Chip > 正月食茶食孔明葱,97
,,,,正月桃花开是先,,,,,,005_Tie_Suann_Kua_Iau_Chip > 正月桃花开是先,97
,,,,金鳳好花列二畔,,,,,,005_Tie_Suann_Kua_Iau_Chip > 正月桃花开是先,97
,,,,好花开在花园内,,,,,,005_Tie_Suann_Kua_Iau_Chip > 正月桃花开是先,97
,,,,园外桃花时时开,,,,,,005_Tie_Suann_Kua_Iau_Chip > 正月桃花开是先,97
,,,,二月桃花开是时,,,,,,005_Tie_Suann_Kua_Iau_Chip > 正月桃花开是先,97
,,,,金鳳好花列二边,,,,,,005_Tie_Suann_Kua_Iau_Chip > 正月桃花开是先,97
,,,,好花开在花园内,,,,,,005_Tie_Suann_Kua_Iau_Chip > 正月桃花开是先,97
,,,,园外开花看細姨,,,,,,005_Tie_Suann_Kua_Iau_Chip > 正月桃花开是先,97
,,,,三月雨水粗,,,,,,005_Tie_Suann_Kua_Iau_Chip > 正月桃花开是先,97
,,,,三阴雨水沃葫蘆,,,,,,005_Tie_Suann_Kua_Iau_Chip > 正月桃花开是先,97
,,,,好花开在花园内,,,,,,005_Tie_Suann_Kua_Iau_Chip > 正月桃花开是先,97
,,,,园外开花看細姑,,,,,,005_Tie_Suann_Kua_Iau_Chip > 正月桃花开是先,97
,,,,四月是梅天,,,,,,005_Tie_Suann_Kua_Iau_Chip > 正月桃花开是先,97
,,,,双人帳内說因依,,,,,,005_Tie_Suann_Kua_Iau_Chip > 正月桃花开是先,97
,,,,孳你六年蓄出息,,,,,,005_Tie_Suann_Kua_Iau_Chip > 正月桃花开是先,97
,,,,我心想要新孳妻,,,,,,005_Tie_Suann_Kua_Iau_Chip > 正月桃花开是先,97
,,,,五月热烘烘,,,,,,005_Tie_Suann_Kua_Iau_Chip > 正月桃花开是先,97
,,,,人人罵你唔是人,,,,,,005_Tie_Suann_Kua_Iau_Chip > 正月桃花开是先,97
,,,,人人问你未有𡚸,,,,,,005_Tie_Suann_Kua_Iau_Chip > 正月桃花开是先,97
,,,,你今有𡚸要双人,,,,,,005_Tie_Suann_Kua_Iau_Chip > 正月桃花开是先,97
,,,,多多唔論伊,,,,,,005_Tie_Suann_Kua_Iau_Chip > 正月桃花开是先,98
,,,,七月風雨游,,,,,,005_Tie_Suann_Kua_Iau_Chip > 正月桃花开是先,98
,,,,收拾房間孳細嫂,,,,,,005_Tie_Suann_Kua_Iau_Chip > 正月桃花开是先,98
,,,,今年此時孳,,,,,,005_Tie_Suann_Kua_Iau_Chip > 正月桃花开是先,98
,,,,明年此時抱男兒,,,,,,005_Tie_Suann_Kua_Iau_Chip > 正月桃花开是先,98
,,,,兒呀等你兒,,,,,,005_Tie_Suann_Kua_Iau_Chip > 正月桃花开是先,98
,,,,赤脚生仔唔值錢,,,,,,005_Tie_Suann_Kua_Iau_Chip > 正月桃花开是先,98
,,,,生着男仔是我個,,,,,,005_Tie_Suann_Kua_Iau_Chip > 正月桃花开是先,98
,,,,生着女仔我唔知,,,,,,005_Tie_Suann_Kua_Iau_Chip > 正月桃花开是先,98
,,,,八月金菊黃,,,,,,005_Tie_Suann_Kua_Iau_Chip > 正月桃花开是先,98
,,,,十七十八入君門,,,,,,005_Tie_Suann_Kua_Iau_Chip > 正月桃花开是先,98
,,,,共君生无男共女,,,,,,005_Tie_Suann_Kua_Iau_Chip > 正月桃花开是先,98
,,,,給君苦逐守空床,,,,,,005_Tie_Suann_Kua_Iau_Chip > 正月桃花开是先,98
,,,,九月菊花開返紅,,,,,,005_Tie_Suann_Kua_Iau_Chip > 正月桃花开是先,98
,,,,十七十八入君房,,,,,,005_Tie_Suann_Kua_Iau_Chip > 正月桃花开是先,98
,,,,共君生无男共女,,,,,,005_Tie_Suann_Kua_Iau_Chip > 正月桃花开是先,98
,,,,給君苦逐守空房,,,,,,005_Tie_Suann_Kua_Iau_Chip > 正月桃花开是先,98
,,,,十月人收冬,,,,,,005_Tie_Suann_Kua_Iau_Chip > 正月桃花开是先,98
,,,,娘仔趕雞到田中,,,,,,005_Tie_Suann_Kua_Iau_Chip > 正月桃花开是先,98
,,,,當初原是南桂樹,,,,,,005_Tie_Suann_Kua_Iau_Chip > 正月桃花开是先,98
,,,,今日看着是苦莉叢,,,,,,005_Tie_Suann_Kua_Iau_Chip > 正月桃花开是先,98
,,,,十一月是节時,,,,,,005_Tie_Suann_Kua_Iau_Chip > 正月桃花开是先,98
,,,,娘仔捧筐在厅边,,,,,,005_Tie_Suann_Kua_Iau_Chip > 正月桃花开是先,98
,,,,當初原是南桂樹,,,,,,005_Tie_Suann_Kua_Iau_Chip > 正月桃花开是先,98
,,,,今日看着是苦莉枝,,,,,,005_Tie_Suann_Kua_Iau_Chip > 正月桃花开是先,98
,,,,十二月是年边,,,,,,005_Tie_Suann_Kua_Iau_Chip > 正月桃花开是先,98
,,,,舂米做粿来过年,,,,,,005_Tie_Suann_Kua_Iau_Chip > 正月桃花开是先,98
,,,,夜昏入房給娘惱,,,,,,005_Tie_Suann_Kua_Iau_Chip > 正月桃花开是先,98
,,,,問娘惱惱是怎呢,,,,,,005_Tie_Suann_Kua_Iau_Chip > 正月桃花开是先,98
,,,,新人孳来在家中,,,,,,005_Tie_Suann_Kua_Iau_Chip > 正月桃花开是先,98
,,,,代你舂米共挨礱,,,,,,005_Tie_Suann_Kua_Iau_Chip > 正月桃花开是先,98
,,,,代你飼猪共飼狗,,,,,,005_Tie_Suann_Kua_Iau_Chip > 正月桃花开是先,98
,,,,自家工課免艰难,,,,,,005_Tie_Suann_Kua_Iau_Chip > 正月桃花开是先,98
,,,,自家工課重如山,,,,,,005_Tie_Suann_Kua_Iau_Chip > 正月桃花开是先,98
,,,,自家工課着去磨,,,,,,005_Tie_Suann_Kua_Iau_Chip > 正月桃花开是先,98
,,,,你姐快快着去卖,,,,,,005_Tie_Suann_Kua_Iau_Chip > 正月桃花开是先,98
,,,,卖了心正安,,,,,,005_Tie_Suann_Kua_Iau_Chip > 正月桃花开是先,98
,,,,君呀听着笑呵呵,,,,,,005_Tie_Suann_Kua_Iau_Chip > 正月桃花开是先,98
,,,,你看一瓦盖二槽,,,,,,005_Tie_Suann_Kua_Iau_Chip > 正月桃花开是先,98
,,,,唔信娘仔担梯看,,,,,,005_Tie_Suann_Kua_Iau_Chip > 正月桃花开是先,98
,,,,看看有共无,,,,,,005_Tie_Suann_Kua_Iau_Chip > 正月桃花开是先,98
,,,,蕉叶蕉叶蕉,,,,,,005_Tie_Suann_Kua_Iau_Chip > 蕉叶蕉叶蕉,99
,,,,蕉叶飞来贴阮墙,,,,,,005_Tie_Suann_Kua_Iau_Chip > 蕉叶蕉叶蕉,99
,,,,阮处好兄无好嫂,,,,,,005_Tie_Suann_Kua_Iau_Chip > 蕉叶蕉叶蕉,99
,,,,日日搬唆打小娘,,,,,,005_Tie_Suann_Kua_Iau_Chip > 蕉叶蕉叶蕉,99
,,,,枫叶枫叶枫,,,,,,005_Tie_Suann_Kua_Iau_Chip > 蕉叶蕉叶蕉,99
,,,,枫叶飞来贴阮门,,,,,,005_Tie_Suann_Kua_Iau_Chip > 蕉叶蕉叶蕉,99
,,,,阮处好兄无好嫂,,,,,,005_Tie_Suann_Kua_Iau_Chip > 蕉叶蕉叶蕉,99
,,,,日日搬唆打小郎,,,,,,005_Tie_Suann_Kua_Iau_Chip > 蕉叶蕉叶蕉,99
,,,,石榴开花做二格,,,,,,005_Tie_Suann_Kua_Iau_Chip > 石榴开花做二格,99
,,,,媳妇孥来着睇吓,,,,,,005_Tie_Suann_Kua_Iau_Chip > 石榴开花做二格,99
,,,,唔听阿媽敎,,,,,,005_Tie_Suann_Kua_Iau_Chip > 石榴开花做二格,99
,,,,頰溝掠了就来剩,,,,,,005_Tie_Suann_Kua_Iau_Chip > 石榴开花做二格,99
,,,,石榴开花做二抛,,,,,,005_Tie_Suann_Kua_Iau_Chip > 石榴开花做二格,99
,,,,媳妇孥来着敎賢,,,,,,005_Tie_Suann_Kua_Iau_Chip > 石榴开花做二格,99
,,,,唔听阿媽敎,,,,,,005_Tie_Suann_Kua_Iau_Chip > 石榴开花做二格,99
,,,,頰溝掠了就来逗,,,,,,005_Tie_Suann_Kua_Iau_Chip > 石榴开花做二格,99
,,,,共嫂挨聾共嫂舂,,,,,,005_Tie_Suann_Kua_Iau_Chip > 共嫂挨聾共嫂舂,100
,,,,給嫂掠糠滿頭瀝,,,,,,005_Tie_Suann_Kua_Iau_Chip > 共嫂挨聾共嫂舂,100
,,,,共嫂挨聾共嫂篩,,,,,,005_Tie_Suann_Kua_Iau_Chip > 共嫂挨聾共嫂舂,100
,,,,給嫂掠糠滿頭台,,,,,,005_Tie_Suann_Kua_Iau_Chip > 共嫂挨聾共嫂舂,100
,,,,後台亦有深河水,,,,,,005_Tie_Suann_Kua_Iau_Chip > 共嫂挨聾共嫂舂,100
,,,,跳落河水哭哀哀,,,,,,005_Tie_Suann_Kua_Iau_Chip > 共嫂挨聾共嫂舂,100
,,,,共君坐床頭,,,,,,005_Tie_Suann_Kua_Iau_Chip > 共君坐床頭,100
,,,,共君細眶目汁流,,,,,,005_Tie_Suann_Kua_Iau_Chip > 共君坐床頭,100
,,,,在家受盡兄嫂苦,,,,,,005_Tie_Suann_Kua_Iau_Chip > 共君坐床頭,100
,,,,受盡柴燒熨我頭,,,,,,005_Tie_Suann_Kua_Iau_Chip > 共君坐床頭,100
,,,,共君坐床邊,,,,,,005_Tie_Suann_Kua_Iau_Chip > 共君坐床頭,100
,,,,共君細眶垂垂啼,,,,,,005_Tie_Suann_Kua_Iau_Chip > 共君坐床頭,100
,,,,在家受盡兄嫂苦,,,,,,005_Tie_Suann_Kua_Iau_Chip > 共君坐床頭,100
,,,,受盡柴燒共鐵鉗,,,,,,005_Tie_Suann_Kua_Iau_Chip > 共君坐床頭,100
,,,,買苧買着安公毛,,,,,,005_Tie_Suann_Kua_Iau_Chip > 買苧買着安公毛,100
,,,,十披八接接到無,,,,,,005_Tie_Suann_Kua_Iau_Chip > 買苧買着安公毛,100
,,,,君呀唔知娘艱苦,,,,,,005_Tie_Suann_Kua_Iau_Chip > 買苧買着安公毛,100
,,,,長衫闊褲去敘桃,,,,,,005_Tie_Suann_Kua_Iau_Chip > 買苧買着安公毛,100
,,,,買苧買着安公須,,,,,,005_Tie_Suann_Kua_Iau_Chip > 買苧買着安公毛,100
,,,,十披八接接個裘,,,,,,005_Tie_Suann_Kua_Iau_Chip > 買苧買着安公毛,100
,,,,君呀唔知娘艱苦,,,,,,005_Tie_Suann_Kua_Iau_Chip > 買苧買着安公毛,100
,,,,長衫闊褲去風流,,,,,,005_Tie_Suann_Kua_Iau_Chip > 買苧買着安公毛,100
,,,,目仔朕朕看大家,,,,,,005_Tie_Suann_Kua_Iau_Chip > 新打洒斷白青書,101
,,,,新打酒瓶白賣賣,,,,,,005_Tie_Suann_Kua_Iau_Chip > 新打洒斷白青書,101
,,,,新掠猪仔唔食奔,,,,,,005_Tie_Suann_Kua_Iau_Chip > 新打洒斷白青書,101
,,,,新學新娘唔食飯,,,,,,005_Tie_Suann_Kua_Iau_Chip > 新打洒斷白青書,101
,,,,目仔朕朕看郎君,,,,,,005_Tie_Suann_Kua_Iau_Chip > 新打洒斷白青書,101
,,,,八月十五中秋夜,,,,,,005_Tie_Suann_Kua_Iau_Chip > 八月十五中秋夜,101
,,,,阿咂自細无阿妗,,,,,,005_Tie_Suann_Kua_Iau_Chip > 八月十五中秋夜,101
,,,,今夜乡中人鬧熱,,,,,,005_Tie_Suann_Kua_Iau_Chip > 八月十五中秋夜,101
,,,,无双弓鞋跟人爭,,,,,,005_Tie_Suann_Kua_Iau_Chip > 八月十五中秋夜,101
,,,,月娘光光好讀經,,,,,,005_Tie_Suann_Kua_Iau_Chip > 月娘光光好讀經,101
,,,,面盆养水养双龙,,,,,,005_Tie_Suann_Kua_Iau_Chip > 月娘光光好讀經,101
,,,,娘仔一心明如鏡,,,,,,005_Tie_Suann_Kua_Iau_Chip > 月娘光光好讀經,101
,,,,嫁給愚夫亦是窍,,,,,,005_Tie_Suann_Kua_Iau_Chip > 月娘光光好讀經,101
,,,,月娘光光好讀書,,,,,,005_Tie_Suann_Kua_Iau_Chip > 月娘光光好讀經,101
,,,,面盆养水养双魚,,,,,,005_Tie_Suann_Kua_Iau_Chip > 月娘光光好讀經,101
,,,,娘仔一心明如鏡,,,,,,005_Tie_Suann_Kua_Iau_Chip > 月娘光光好讀經,101
,,,,嫁給愚夫亦是薊,,,,,,005_Tie_Suann_Kua_Iau_Chip > 月娘光光好讀經,101
,,,,月娘光光好剔遜,,,,,,005_Tie_Suann_Kua_Iau_Chip > 月娘光光好讀經,101
,,,,海底光光好掠鱷,,,,,,005_Tie_Suann_Kua_Iau_Chip > 月娘光光好讀經,101
,,,,茶叶好食茶心苦,,,,,,005_Tie_Suann_Kua_Iau_Chip > 月娘光光好讀經,101
,,,,賢娘唔畏强大官,,,,,,005_Tie_Suann_Kua_Iau_Chip > 月娘光光好讀經,101
,,,,月娘光光好紡紗,,,,,,005_Tie_Suann_Kua_Iau_Chip > 月娘光光好讀經,101
,,,,海底光光好掠蝦,,,,,,005_Tie_Suann_Kua_Iau_Chip > 月娘光光好讀經,101
,,,,茶叶好食茶心苦,,,,,,005_Tie_Suann_Kua_Iau_Chip > 月娘光光好讀經,101
,,,,賢娘唔畏强大家,,,,,,005_Tie_Suann_Kua_Iau_Chip > 月娘光光好讀經,101
,,,,君臭猫脚,,,,,,005_Tie_Suann_Kua_Iau_Chip > 吊籃是吊籃,102
,,,,吊箕是吊箕,,,,,,005_Tie_Suann_Kua_Iau_Chip > 吊籃是吊籃,102
,,,,吊魚吊肉猫來攬,,,,,,005_Tie_Suann_Kua_Iau_Chip > 吊籃是吊籃,102
,,,,君哩罵娘唔收拾,,,,,,005_Tie_Suann_Kua_Iau_Chip > 吊籃是吊籃,102
,,,,娘哩罵君臭身尸,,,,,,005_Tie_Suann_Kua_Iau_Chip > 吊籃是吊籃,102
,,,,一叢松柏倒落坑,,,,,,005_Tie_Suann_Kua_Iau_Chip > 一叢松柏倒落坑,102
,,,,行孝媳婦敬大家,,,,,,005_Tie_Suann_Kua_Iau_Chip > 一叢松柏倒落坑,102
,,,,提起銀瓶溫燒酒,,,,,,005_Tie_Suann_Kua_Iau_Chip > 一叢松柏倒落坑,102
,,,,提起牙箸挾蝦生,,,,,,005_Tie_Suann_Kua_Iau_Chip > 一叢松柏倒落坑,102
,,,,一叢松柏倒落山,,,,,,005_Tie_Suann_Kua_Iau_Chip > 一叢松柏倒落坑,102
,,,,行孝媳婦敬大官,,,,,,005_Tie_Suann_Kua_Iau_Chip > 一叢松柏倒落坑,102
,,,,提起銀瓶溫燒酒,,,,,,005_Tie_Suann_Kua_Iau_Chip > 一叢松柏倒落坑,102
,,,,提起牙箸挾魚肝,,,,,,005_Tie_Suann_Kua_Iau_Chip > 一叢松柏倒落坑,102
,,,,一叢松柏倒落坑,,,,,,005_Tie_Suann_Kua_Iau_Chip > 一叢松柏倒落坑,102
,,,,阿二伊妯打大家,,,,,,005_Tie_Suann_Kua_Iau_Chip > 一叢松柏倒落坑,102
,,,,阿三伊妯來相劝,,,,,,005_Tie_Suann_Kua_Iau_Chip > 一叢松柏倒落坑,102
,,,,劝到展桃丟落坑,,,,,,005_Tie_Suann_Kua_Iau_Chip > 一叢松柏倒落坑,102
,,,,一叢松柏倒落山,,,,,,005_Tie_Suann_Kua_Iau_Chip > 一叢松柏倒落坑,102
,,,,阿二伊妯打大官,,,,,,005_Tie_Suann_Kua_Iau_Chip > 一叢松柏倒落坑,102
,,,,阿三伊妯來相劝,,,,,,005_Tie_Suann_Kua_Iau_Chip > 一叢松柏倒落坑,102
,,,,劝到展桃丟落山,,,,,,005_Tie_Suann_Kua_Iau_Chip > 一叢松柏倒落坑,102
,,,,一臼糙米落臼舂,,,,,,005_Tie_Suann_Kua_Iau_Chip > 一臼糙米落臼舂,102
,,,,俭俭食到人游灯,,,,,,005_Tie_Suann_Kua_Iau_Chip > 一臼糙米落臼舂,102
,,,,有食无食相忍耐,,,,,,005_Tie_Suann_Kua_Iau_Chip > 一臼糙米落臼舂,102
,,,,勿去母家說君劣,,,,,,005_Tie_Suann_Kua_Iau_Chip > 一臼糙米落臼舂,102
,,,,一臼糙米落臼捶,,,,,,005_Tie_Suann_Kua_Iau_Chip > 一臼糙米落臼舂,102
,,,,俭俭食到年頭开,,,,,,005_Tie_Suann_Kua_Iau_Chip > 一臼糙米落臼舂,102
,,,,有食无食相忍耐,,,,,,005_Tie_Suann_Kua_Iau_Chip > 一臼糙米落臼舂,102
,,,,勿去母家啼嗵泪,,,,,,005_Tie_Suann_Kua_Iau_Chip > 一臼糙米落臼舂,102
,,,,穿罗,,,,,,005_Tie_Suann_Kua_Iau_Chip > 日媚日出出,103
,,,,姊有花,,,,,,005_Tie_Suann_Kua_Iau_Chip > 日媚日出出,103
,,,,时时插,,,,,,005_Tie_Suann_Kua_Iau_Chip > 日媚日出出,103
,,,,妹无花,,,,,,005_Tie_Suann_Kua_Iau_Chip > 日媚日出出,103
,,,,等大哥,,,,,,005_Tie_Suann_Kua_Iau_Chip > 日媚日出出,103
,,,,大哥打来廿四双,,,,,,005_Tie_Suann_Kua_Iau_Chip > 日媚日出出,103
,,,,裴扮细妹嫁田中,,,,,,005_Tie_Suann_Kua_Iau_Chip > 日媚日出出,103
,,,,田中一窟水,,,,,,005_Tie_Suann_Kua_Iau_Chip > 日媚日出出,103
,,,,清幽幽,,,,,,005_Tie_Suann_Kua_Iau_Chip > 日媚日出出,103
,,,,也好洗白衫,,,,,,005_Tie_Suann_Kua_Iau_Chip > 日媚日出出,103
,,,,也好打乒沲,,,,,,005_Tie_Suann_Kua_Iau_Chip > 日媚日出出,103
,,,,大船駛来交甩欵,,,,,,005_Tie_Suann_Kua_Iau_Chip > 日媚日出出,103
,,,,船仔駛来插红旗,,,,,,005_Tie_Suann_Kua_Iau_Chip > 日媚日出出,103
,,,,大船寄書给父母,,,,,,005_Tie_Suann_Kua_Iau_Chip > 日媚日出出,103
,,,,船仔寄書给細姨,,,,,,005_Tie_Suann_Kua_Iau_Chip > 日媚日出出,103
,,,,細姨伸手来接書,,,,,,005_Tie_Suann_Kua_Iau_Chip > 日媚日出出,103
,,,,目汁流落滿衫裙,,,,,,005_Tie_Suann_Kua_Iau_Chip > 日媚日出出,103
,,,,十重八重流唔透,,,,,,005_Tie_Suann_Kua_Iau_Chip > 日媚日出出,103
,,,,流存一重好包書,,,,,,005_Tie_Suann_Kua_Iau_Chip > 日媚日出出,103
,,,,嫁仔嫁在溪向墘,,,,,,005_Tie_Suann_Kua_Iau_Chip > 嫁仔嫁在溪向墘·,103
,,,,无船无只怎得圆,,,,,,005_Tie_Suann_Kua_Iau_Chip > 嫁仔嫁在溪向墘·,103
,,,,金簪拔落做渡税,,,,,,005_Tie_Suann_Kua_Iau_Chip > 嫁仔嫁在溪向墘·,103
,,,,目汁流落满溪墘,,,,,,005_Tie_Suann_Kua_Iau_Chip > 嫁仔嫁在溪向墘·,103
,,,,嫁仔嫁在溪向畔,,,,,,005_Tie_Suann_Kua_Iau_Chip > 嫁仔嫁在溪向墘·,103
,,,,无船无只怎得来,,,,,,005_Tie_Suann_Kua_Iau_Chip > 嫁仔嫁在溪向墘·,103
,,,,金簪拔落做渡税,,,,,,005_Tie_Suann_Kua_Iau_Chip > 嫁仔嫁在溪向墘·,103
,,,,目汁流落满溪畔,,,,,,005_Tie_Suann_Kua_Iau_Chip > 嫁仔嫁在溪向墘·,103
,,,,正月人游灯,,,,,,005_Tie_Suann_Kua_Iau_Chip > 正月人游灯,103
,,,,佘郎骑馬去求亲,,,,,,005_Tie_Suann_Kua_Iau_Chip > 正月人游灯,103
,,,,我叫佘郎且回返,,,,,,005_Tie_Suann_Kua_Iau_Chip > 正月人游灯,103
,,,,等待二月人游神,,,,,,005_Tie_Suann_Kua_Iau_Chip > 正月人游灯,103
,,,,二月游神又游安,,,,,,005_Tie_Suann_Kua_Iau_Chip > 正月人游灯,103
,,,,佘郎骑馬上厅中,,,,,,005_Tie_Suann_Kua_Iau_Chip > 正月人游灯,103
,,,,我叫佘郎且回返,,,,,,005_Tie_Suann_Kua_Iau_Chip > 正月人游灯,103
,,,,等待三月人种田,,,,,,005_Tie_Suann_Kua_Iau_Chip > 正月人游灯,103
,,,,三月布田又下秧,,,,,,005_Tie_Suann_Kua_Iau_Chip > 正月人游灯,103
,,,,佘郎骑馬上厅堂,,,,,,005_Tie_Suann_Kua_Iau_Chip > 正月人游灯,103
,,,,我叫佘郎且回返,,,,,,005_Tie_Suann_Kua_Iau_Chip > 正月人游灯,103
,,,,等待四月办嫁妆,,,,,,005_Tie_Suann_Kua_Iau_Chip > 正月人游灯,103
,,,,四月九嫁令郎来,,,,,,005_Tie_Suann_Kua_Iau_Chip > 正月人游灯,103
,,,,同窗姊妹相告知,,,,,,005_Tie_Suann_Kua_Iau_Chip > 正月人游灯,103
,,,,三姆亲员郎零员,,,,,,005_Tie_Suann_Kua_Iau_Chip > 正月人游灯,103
,,,,三,,,,,,005_Tie_Suann_Kua_Iau_Chip > 正月人游灯,103
,,,,使会尽,,,,,,005_Tie_Suann_Kua_Iau_Chip > 正月人游灯,104
,,,,你妹烦愀千万年,,,,,,005_Tie_Suann_Kua_Iau_Chip > 正月人游灯,104
,,,,五月对节时,,,,,,005_Tie_Suann_Kua_Iau_Chip > 正月人游灯,104
,,,,人人食粽心欢喜,,,,,,005_Tie_Suann_Kua_Iau_Chip > 正月人游灯,104
,,,,三娘唔食哭啼啼,,,,,,005_Tie_Suann_Kua_Iau_Chip > 正月人游灯,104
,,,,六月热毒时,,,,,,005_Tie_Suann_Kua_Iau_Chip > 正月人游灯,104
,,,,提起痳筐续幼絲,,,,,,005_Tie_Suann_Kua_Iau_Chip > 正月人游灯,104
,,,,续起幼絲无我份,,,,,,005_Tie_Suann_Kua_Iau_Chip > 正月人游灯,104
,,,,织起脚布无我纚,,,,,,005_Tie_Suann_Kua_Iau_Chip > 正月人游灯,104
,,,,七月七火燃,,,,,,005_Tie_Suann_Kua_Iau_Chip > 正月人游灯,104
,,,,余郎骑馬去进香,,,,,,005_Tie_Suann_Kua_Iau_Chip > 正月人游灯,104
,,,,烟逐蝴蝶成双对,,,,,,005_Tie_Suann_Kua_Iau_Chip > 正月人游灯,104
,,,,心内忆着刘三娘,,,,,,005_Tie_Suann_Kua_Iau_Chip > 正月人游灯,104
,,,,八月是中秋,,,,,,005_Tie_Suann_Kua_Iau_Chip > 正月人游灯,104
,,,,余郎磨刀斩石榴,,,,,,005_Tie_Suann_Kua_Iau_Chip > 正月人游灯,104
,,,,石榴开花蕾結子,,,,,,005_Tie_Suann_Kua_Iau_Chip > 正月人游灯,104
,,,,余郎无𡚸不風流,,,,,,005_Tie_Suann_Kua_Iau_Chip > 正月人游灯,104
,,,,九月天疏杂,,,,,,005_Tie_Suann_Kua_Iau_Chip > 正月人游灯,104
,,,,余郎磨刀斩苦桃,,,,,,005_Tie_Suann_Kua_Iau_Chip > 正月人游灯,104
,,,,苦桃开花蕾結子,,,,,,005_Tie_Suann_Kua_Iau_Chip > 正月人游灯,104
,,,,余郎无𡚸不風騷,,,,,,005_Tie_Suann_Kua_Iau_Chip > 正月人游灯,104
,,,,十月人收冬,,,,,,005_Tie_Suann_Kua_Iau_Chip > 正月人游灯,104
,,,,余郎骑馬岨姑知,,,,,,005_Tie_Suann_Kua_Iau_Chip > 正月人游灯,104
,,,,阿孙今日零无𡚸,,,,,,005_Tie_Suann_Kua_Iau_Chip > 正月人游灯,104
,,,,要請阿姑做媒人,,,,,,005_Tie_Suann_Kua_Iau_Chip > 正月人游灯,104
,,,,余郎又岨阿姑劝得三娘返,,,,,,005_Tie_Suann_Kua_Iau_Chip > 正月人游灯,104
,,,,十两黄金阿姑个,,,,,,005_Tie_Suann_Kua_Iau_Chip > 正月人游灯,104
,,,,十一月手持雨傘去劝娘,,,,,,005_Tie_Suann_Kua_Iau_Chip > 正月人游灯,104
,,,,入門就共嫂相叫,,,,,,005_Tie_Suann_Kua_Iau_Chip > 正月人游灯,104
,,,,轉嘴就叫刘三娘,,,,,,005_Tie_Suann_Kua_Iau_Chip > 正月人游灯,104
,,,,三娘做伊假唔知,,,,,,005_Tie_Suann_Kua_Iau_Chip > 正月人游灯,104
,,,,姊妹借問亲戚何处来,,,,,,005_Tie_Suann_Kua_Iau_Chip > 正月人游灯,104
,,,,我是余家个媒人,,,,,,005_Tie_Suann_Kua_Iau_Chip > 正月人游灯,104
,,,,三娘听着面紅紅,,,,,,005_Tie_Suann_Kua_Iau_Chip > 正月人游灯,104
,,,,三娘說唔是余厝人,,,,,,005_Tie_Suann_Kua_Iau_Chip > 正月人游灯,104
,,,,阮孙生好字墨深,,,,,,005_Tie_Suann_Kua_Iau_Chip > 正月人游灯,104
,,,,阮孙吹箫会彈琴,,,,,,005_Tie_Suann_Kua_Iau_Chip > 正月人游灯,104
,,,,阮孙世事通通晓,,,,,,005_Tie_Suann_Kua_Iau_Chip > 正月人游灯,104
,,,,劝你三娘早回心,,,,,,005_Tie_Suann_Kua_Iau_Chip > 正月人游灯,104
,,,,阿姑你是唔知詳,,,,,,005_Tie_Suann_Kua_Iau_Chip > 正月人游灯,104
,,,,阿姑返去余厝言,,,,,,005_Tie_Suann_Kua_Iau_Chip > 正月人游灯,104
,,,,我哩愿嫁农民婿,,,,,,005_Tie_Suann_Kua_Iau_Chip > 正月人游灯,104
,,,,作田討食愈更强,,,,,,005_Tie_Suann_Kua_Iau_Chip > 正月人游灯,104
,,,,收阮大魚四人扛,,,,,,005_Tie_Suann_Kua_Iau_Chip > 正月人游灯,104
,,,,收阮雄鷄尾長長,,,,,,005_Tie_Suann_Kua_Iau_Chip > 正月人游灯,104
,,,,收阮龙蝦五百只,,,,,,005_Tie_Suann_Kua_Iau_Chip > 正月人游灯,104
,,,,收阮紅酒甜过糖,,,,,,005_Tie_Suann_Kua_Iau_Chip > 正月人游灯,104
,,,,收悉大魚地人知,,,,,,005_Tie_Suann_Kua_Iau_Chip > 正月人游灯,104
,,,,地人磨刀地人刨,,,,,,005_Tie_Suann_Kua_Iau_Chip > 正月人游灯,104
,,,,收阮大魚人人知,,,,,,005_Tie_Suann_Kua_Iau_Chip > 正月人游灯,104
,,,,大舅磨刀二舅刨,,,,,,005_Tie_Suann_Kua_Iau_Chip > 正月人游灯,104
,,,,大妗搬柴二妗燕,,,,,,005_Tie_Suann_Kua_Iau_Chip > 正月人游灯,104
,,,,燕到灶前无草埃,,,,,,005_Tie_Suann_Kua_Iau_Chip > 正月人游灯,104
,,,,收悉大魚如草痕,,,,,,005_Tie_Suann_Kua_Iau_Chip > 正月人游灯,104
,,,,收悉雄鷄如鹧鸪,,,,,,005_Tie_Suann_Kua_Iau_Chip > 正月人游灯,104
,,,,收悉龙蝦如蚱蜢,,,,,,005_Tie_Suann_Kua_Iau_Chip > 正月人游灯,104
,,,,收您紅酒如鮮奔,,,,,,005_Tie_Suann_Kua_Iau_Chip > 正月人游灯,104
,,,,十二月阿姑返回来,,,,,,005_Tie_Suann_Kua_Iau_Chip > 正月人游灯,104
,,,,就去呾分阿孙知,,,,,,005_Tie_Suann_Kua_Iau_Chip > 正月人游灯,104
,,,,三娘愿嫁八月婚,,,,,,005_Tie_Suann_Kua_Iau_Chip > 正月人游灯,104
,,,,一下鋼刀对娘腰,,,,,,005_Tie_Suann_Kua_Iau_Chip > 正月人游灯,105
,,,,二下鋼刀从項伤,,,,,,005_Tie_Suann_Kua_Iau_Chip > 正月人游灯,105
,,,,三下鋼刀杀死娘,,,,,,005_Tie_Suann_Kua_Iau_Chip > 正月人游灯,105
,,,,大兄心中就猜疑,,,,,,005_Tie_Suann_Kua_Iau_Chip > 正月人游灯,105
,,,,細妹向久未返来,,,,,,005_Tie_Suann_Kua_Iau_Chip > 正月人游灯,105
,,,,点鼓打到門脚曰,,,,,,005_Tie_Suann_Kua_Iau_Chip > 正月人游灯,105
,,,,分伊余家掠去刴,,,,,,005_Tie_Suann_Kua_Iau_Chip > 正月人游灯,105
,,,,大嫂出来哭啼啼,,,,,,005_Tie_Suann_Kua_Iau_Chip > 正月人游灯,105
,,,,問伊奈郎討命錢,,,,,,005_Tie_Suann_Kua_Iau_Chip > 正月人游灯,105
,,,,阮姑白白你杀死,,,,,,005_Tie_Suann_Kua_Iau_Chip > 正月人游灯,105
,,,,着賠阮金个結帶銀酒瓶,,,,,,005_Tie_Suann_Kua_Iau_Chip > 正月人游灯,105
,,,,正月剪春蘿,,,,,,005_Tie_Suann_Kua_Iau_Chip > 正月剪春蘿，四娘擒鷄去敖桃,105
,,,,四娘擒鷄去敖桃,,,,,,005_Tie_Suann_Kua_Iau_Chip > 正月剪春蘿，四娘擒鷄去敖桃,105
,,,,鷄唔見,,,,,,005_Tie_Suann_Kua_Iau_Chip > 正月剪春蘿，四娘擒鷄去敖桃,105
,,,,鴨又无,,,,,,005_Tie_Suann_Kua_Iau_Chip > 正月剪春蘿，四娘擒鷄去敖桃,105
,,,,后母苦打去投河,,,,,,005_Tie_Suann_Kua_Iau_Chip > 正月剪春蘿，四娘擒鷄去敖桃,105
,,,,去到河溪水清清,,,,,,005_Tie_Suann_Kua_Iau_Chip > 正月剪春蘿，四娘擒鷄去敖桃,105
,,,,嫂呀留姑歇一夜,,,,,,005_Tie_Suann_Kua_Iau_Chip > 正月剪春蘿，四娘擒鷄去敖桃,105
,,,,繳起罗裙給嫂看,,,,,,005_Tie_Suann_Kua_Iau_Chip > 正月剪春蘿，四娘擒鷄去敖桃,105
,,,,一畔紅虹,,,,,,005_Tie_Suann_Kua_Iau_Chip > 正月剪春蘿，四娘擒鷄去敖桃,105
,,,,一畔烏青,,,,,,005_Tie_Suann_Kua_Iau_Chip > 正月剪春蘿，四娘擒鷄去敖桃,105
,,,,紅虹数着五十双,,,,,,005_Tie_Suann_Kua_Iau_Chip > 正月剪春蘿，四娘擒鷄去敖桃,105
,,,,怨父怨母怨乜人,,,,,,005_Tie_Suann_Kua_Iau_Chip > 正月剪春蘿，四娘擒鷄去敖桃,105
,,,,怨你前母太早死,,,,,,005_Tie_Suann_Kua_Iau_Chip > 正月剪春蘿，四娘擒鷄去敖桃,105
,,,,怨你爹爹孳后人,,,,,,005_Tie_Suann_Kua_Iau_Chip > 正月剪春蘿，四娘擒鷄去敖桃,105
,,,,前母添飯一大甌,,,,,,005_Tie_Suann_Kua_Iau_Chip > 正月剪春蘿，四娘擒鷄去敖桃,105
,,,,后母添飯一匙头,,,,,,005_Tie_Suann_Kua_Iau_Chip > 正月剪春蘿，四娘擒鷄去敖桃,105
,,,,前母打仔將腨骨,,,,,,005_Tie_Suann_Kua_Iau_Chip > 正月剪春蘿，四娘擒鷄去敖桃,105
,,,,后母打仔將柴遭,,,,,,005_Tie_Suann_Kua_Iau_Chip > 正月剪春蘿，四娘擒鷄去敖桃,105
,,,,腨骨打仔漸漸化,,,,,,005_Tie_Suann_Kua_Iau_Chip > 正月剪春蘿，四娘擒鷄去敖桃,105
,,,,柴糟打仔如血鰻,,,,,,005_Tie_Suann_Kua_Iau_Chip > 正月剪春蘿，四娘擒鷄去敖桃,105
,,,,头毛挽断蓄發笋,,,,,,005_Tie_Suann_Kua_Iau_Chip > 正月剪春蘿，四娘擒鷄去敖桃,105
,,,,一肚言語怎得化,,,,,,005_Tie_Suann_Kua_Iau_Chip > 正月剪春蘿，四娘擒鷄去敖桃,105
,,,,四娘呀去溙水头,,,,,,005_Tie_Suann_Kua_Iau_Chip > 正月剪春蘿，四娘擒鷄去敖桃,105
,,,,弓鞋放落目汁流,,,,,,005_Tie_Suann_Kua_Iau_Chip > 正月剪春蘿，四娘擒鷄去敖桃,105
,,,,四娘受尽后母苦,,,,,,005_Tie_Suann_Kua_Iau_Chip > 正月剪春蘿，四娘擒鷄去敖桃,105
,,,,后母苦死无人留,,,,,,005_Tie_Suann_Kua_Iau_Chip > 正月剪春蘿，四娘擒鷄去敖桃,105
,,,,天頂一粒星,,,,,,005_Tie_Suann_Kua_Iau_Chip > 天頂一粒星,106
,,,,地下开書齋,,,,,,005_Tie_Suann_Kua_Iau_Chip > 天頂一粒星,106
,,,,書齋門未曾开,,,,,,005_Tie_Suann_Kua_Iau_Chip > 天頂一粒星,106
,,,,阿奴拚爱食油糕,,,,,,005_Tie_Suann_Kua_Iau_Chip > 天頂一粒星,106
,,,,油糕未曾熟,,,,,,005_Tie_Suann_Kua_Iau_Chip > 天頂一粒星,106
,,,,阿奴拚爱食猪肉,,,,,,005_Tie_Suann_Kua_Iau_Chip > 天頂一粒星,106
,,,,猪肉未曾割,,,,,,005_Tie_Suann_Kua_Iau_Chip > 天頂一粒星,106
,,,,阿奴拚爱食番蔔,,,,,,005_Tie_Suann_Kua_Iau_Chip > 天頂一粒星,106
,,,,番蔔未曾柳,,,,,,005_Tie_Suann_Kua_Iau_Chip > 天頂一粒星,106
,,,,阿奴拚爱食老爹三鍾酒,,,,,,005_Tie_Suann_Kua_Iau_Chip > 天頂一粒星,106
,,,,老爹一吓叱,,,,,,005_Tie_Suann_Kua_Iau_Chip > 天頂一粒星,106
,,,,扣掉鉢,,,,,,005_Tie_Suann_Kua_Iau_Chip > 天頂一粒星,106
,,,,鉢蓋驗,,,,,,005_Tie_Suann_Kua_Iau_Chip > 天頂一粒星,106
,,,,扣破甌,,,,,,005_Tie_Suann_Kua_Iau_Chip > 天頂一粒星,106
,,,,甌蓋缺,,,,,,005_Tie_Suann_Kua_Iau_Chip > 天頂一粒星,106
,,,,扣破飯鉢蒂,,,,,,005_Tie_Suann_Kua_Iau_Chip > 天頂一粒星,106
,,,,一油糕,,,,,,005_Tie_Suann_Kua_Iau_Chip > 拍球歌,106
,,,,二油囿,,,,,,005_Tie_Suann_Kua_Iau_Chip > 拍球歌,106
,,,,三头尖,,,,,,005_Tie_Suann_Kua_Iau_Chip > 拍球歌,106
,,,,四荣粿,,,,,,005_Tie_Suann_Kua_Iau_Chip > 拍球歌,106
,,,,五績粽,,,,,,005_Tie_Suann_Kua_Iau_Chip > 拍球歌,106
,,,,六甜粿,,,,,,005_Tie_Suann_Kua_Iau_Chip > 拍球歌,106
,,,,七搓馘,,,,,,005_Tie_Suann_Kua_Iau_Chip > 拍球歌,106
,,,,八酵粿,,,,,,005_Tie_Suann_Kua_Iau_Chip > 拍球歌,106
,,,,酵粿涂鹹空,,,,,,005_Tie_Suann_Kua_Iau_Chip > 拍球歌,106
,,,,糕粿踏步層,,,,,,005_Tie_Suann_Kua_Iau_Chip > 拍球歌,106
,,,,烏龟包甜馅,,,,,,005_Tie_Suann_Kua_Iau_Chip > 拍球歌,106
,,,,食了免分人,,,,,,005_Tie_Suann_Kua_Iau_Chip > 拍球歌,106
,,,,一塊分人哩过少,,,,,,005_Tie_Suann_Kua_Iau_Chip > 拍球歌,106
,,,,二塊分人哩唔甘,,,,,,005_Tie_Suann_Kua_Iau_Chip > 拍球歌,106
,,,,拍毬歌,,,,,,005_Tie_Suann_Kua_Iau_Chip > 一搭涂,107
,,,,一搭涂,,,,,,005_Tie_Suann_Kua_Iau_Chip > 一搭涂,107
,,,,二搭胸,,,,,,005_Tie_Suann_Kua_Iau_Chip > 一搭涂,107
,,,,三拍手,,,,,,005_Tie_Suann_Kua_Iau_Chip > 一搭涂,107
,,,,四脚正,,,,,,005_Tie_Suann_Kua_Iau_Chip > 一搭涂,107
,,,,鷄啄鼻,,,,,,005_Tie_Suann_Kua_Iau_Chip > 一搭涂,107
,,,,猴爪耳,,,,,,005_Tie_Suann_Kua_Iau_Chip > 一搭涂,107
,,,,鹦哥鬃,,,,,,005_Tie_Suann_Kua_Iau_Chip > 一搭涂,107
,,,,蟋蟀籠,,,,,,005_Tie_Suann_Kua_Iau_Chip > 一搭涂,107
,,,,补皮鞋,,,,,,005_Tie_Suann_Kua_Iau_Chip > 一搭涂,107
,,,,绣毯过来又一个,,,,,,005_Tie_Suann_Kua_Iau_Chip > 一搭涂,107
,,,,打铰刀,,,,,,005_Tie_Suann_Kua_Iau_Chip > 打铰刀,107
,,,,手捻螺,,,,,,005_Tie_Suann_Kua_Iau_Chip > 打铰刀,107
,,,,捻螺仔,,,,,,005_Tie_Suann_Kua_Iau_Chip > 打铰刀,107
,,,,在深河,,,,,,005_Tie_Suann_Kua_Iau_Chip > 打铰刀,107
,,,,深河深河深,,,,,,005_Tie_Suann_Kua_Iau_Chip > 打铰刀,107
,,,,一群姿娘来听琴,,,,,,005_Tie_Suann_Kua_Iau_Chip > 打铰刀,107
,,,,琴好听,,,,,,005_Tie_Suann_Kua_Iau_Chip > 打铰刀,107
,,,,南北扫客厅,,,,,,005_Tie_Suann_Kua_Iau_Chip > 打铰刀,107
,,,,三个三个蛋家媳,,,,,,005_Tie_Suann_Kua_Iau_Chip > 打铰刀,107
,,,,点火来赌錢,,,,,,005_Tie_Suann_Kua_Iau_Chip > 打铰刀,107
,,,,三个三个三,,,,,,005_Tie_Suann_Kua_Iau_Chip > 打铰刀,107
,,,,点火来种柑,,,,,,005_Tie_Suann_Kua_Iau_Chip > 打铰刀,107
,,,,种柑满树红,,,,,,005_Tie_Suann_Kua_Iau_Chip > 打铰刀,107
,,,,点火来换礱,,,,,,005_Tie_Suann_Kua_Iau_Chip > 打铰刀,107
,,,,换礱换米白,,,,,,005_Tie_Suann_Kua_Iau_Chip > 打铰刀,107
,,,,牵須牵大蝦,,,,,,005_Tie_Suann_Kua_Iau_Chip > 打铰刀,107
,,,,大蝦捻掉須,,,,,,005_Tie_Suann_Kua_Iau_Chip > 打铰刀,107
,,,,蝦仔炒香油,,,,,,005_Tie_Suann_Kua_Iau_Chip > 打铰刀,107
,,,,食𠳭貢貢香,,,,,,005_Tie_Suann_Kua_Iau_Chip > 打铰刀,107
,,,,百錢买巴閘,,,,,,005_Tie_Suann_Kua_Iau_Chip > 打铰刀,107
,,,,巴閘殊殊甜,,,,,,005_Tie_Suann_Kua_Iau_Chip > 打铰刀,107
,,,,百錢买弯镰,,,,,,005_Tie_Suann_Kua_Iau_Chip > 打铰刀,107
,,,,弯镰好割草,,,,,,005_Tie_Suann_Kua_Iau_Chip > 打铰刀,107
,,,,百錢买斥斗,,,,,,005_Tie_Suann_Kua_Iau_Chip > 打铰刀,107
