puj,puj_orig,poj,poj_orig,han,han_orig,en,en_orig,zh_TW,zh_CN,source,page_num
ai,Ái 1,,,哀,,Painful feelings; pity.,,,,008_A_Chinese_and_English_Vocabulary_in_the_Tie-chiu_Dialect,17
ai,Ái 1,,,埃,,Dust; sand.,,,,008_A_Chinese_and_English_Vocabulary_in_the_Tie-chiu_Dialect,17
ak,Ák 4,,,惡,,Wicked; sin.,,,,008_A_Chinese_and_English_Vocabulary_in_the_Tie-chiu_Dialect,17
am,Ám 1,,,𢊊,,A small thatched cottage; a small monastery.,,,,008_A_Chinese_and_English_Vocabulary_in_the_Tie-chiu_Dialect,17
am,Ám 1,,,菴,,A small thatched cottage; a small monastery.,,,,008_A_Chinese_and_English_Vocabulary_in_the_Tie-chiu_Dialect,17
an,Án 1,,,安,,Rest; tranquility.,,,,008_A_Chinese_and_English_Vocabulary_in_the_Tie-chiu_Dialect,18
an,Án 1,,,鞍,,A saddle.,,,,008_A_Chinese_and_English_Vocabulary_in_the_Tie-chiu_Dialect,18
ap,Áp 4,,,押,,To escort; control: collect.,,,,008_A_Chinese_and_English_Vocabulary_in_the_Tie-chiu_Dialect,18
ap,Áp 4,,,狎,,Too familiar with; to make light of.,,,,008_A_Chinese_and_English_Vocabulary_in_the_Tie-chiu_Dialect,18
at,Át 4,,,遏,,To forbid; hinder; cause to desist; to press down.,,,,008_A_Chinese_and_English_Vocabulary_in_the_Tie-chiu_Dialect,18
at,Át 4,,,抑,,To press down; cause to stop: an interrogative particle.,,,,008_A_Chinese_and_English_Vocabulary_in_the_Tie-chiu_Dialect,18
au,Au 1,,,歐,,To spit out; vomit.,,,,008_A_Chinese_and_English_Vocabulary_in_the_Tie-chiu_Dialect,18
au,Au 1,,,甌,,An earthen cup; bowl.,,,,008_A_Chinese_and_English_Vocabulary_in_the_Tie-chiu_Dialect,18
aù,Au 3-,,,奧,,Obscure; deep.,,,,008_A_Chinese_and_English_Vocabulary_in_the_Tie-chiu_Dialect,18
aù,Au 3-,,,懊,,Indignant; vexed; avaricious.,,,,008_A_Chinese_and_English_Vocabulary_in_the_Tie-chiu_Dialect,18
aú,Au 2,,,拗,,To seize and drag with the hand; to break; obstinate; perverse.,To sieze and drag with the hand; to break; obstinate; perverse.,,,008_A_Chinese_and_English_Vocabulary_in_the_Tie-chiu_Dialect,18
aú,Au 2,,,嘔,,To vomit; to nauseate; to spit.,,,,008_A_Chinese_and_English_Vocabulary_in_the_Tie-chiu_Dialect,18
aú,Au 2,,,毆,,To strike or beat; to wrangle; beat unjustly.,,,,008_A_Chinese_and_English_Vocabulary_in_the_Tie-chiu_Dialect,18
aû,Au -1,,,喉,,The throat.,,,,008_A_Chinese_and_English_Vocabulary_in_the_Tie-chiu_Dialect,18
aũ,Au -3,,,後,,After; behind.,,,,008_A_Chinese_and_English_Vocabulary_in_the_Tie-chiu_Dialect,18
a̍h,Á -4,,,鴨,,A duck.,,,,008_A_Chinese_and_English_Vocabulary_in_the_Tie-chiu_Dialect,17
a̍k,Ák -4,,,筪,,A kind of bamboo.,,,,008_A_Chinese_and_English_Vocabulary_in_the_Tie-chiu_Dialect,17
a̍p,Áp -4,,,匣,,A small box.,,,,008_A_Chinese_and_English_Vocabulary_in_the_Tie-chiu_Dialect,18
a̍p,Áp -4,,,㭱,,A cage.,,,,008_A_Chinese_and_English_Vocabulary_in_the_Tie-chiu_Dialect,18
a̍p,Áp -4,,,盒,,A cover; a platter or dish; to cover over.,,,,008_A_Chinese_and_English_Vocabulary_in_the_Tie-chiu_Dialect,18
ba̍k,Bák -4,,,木,,Wood.,,,,008_A_Chinese_and_English_Vocabulary_in_the_Tie-chiu_Dialect,18
ba̍k,Bák -4,,,墨,,Ink; black.,,,,008_A_Chinese_and_English_Vocabulary_in_the_Tie-chiu_Dialect,18
ba̍t,Bát -4,,,密,,Secret; silent.,,,,008_A_Chinese_and_English_Vocabulary_in_the_Tie-chiu_Dialect,19
beh,Be 4,,,麥,,Wheat.,,,,008_A_Chinese_and_English_Vocabulary_in_the_Tie-chiu_Dialect,19
biê,Bie -1,,,苗,,Sprouts; grain growing; off-spring.,,,,008_A_Chinese_and_English_Vocabulary_in_the_Tie-chiu_Dialect,19
biê,Bie -1,,,描,,To sketch or draw pictures.,,,,008_A_Chinese_and_English_Vocabulary_in_the_Tie-chiu_Dialect,19
biē,Bie 3,,,廟,,A temple.,,,,008_A_Chinese_and_English_Vocabulary_in_the_Tie-chiu_Dialect,19
biōu,Bio 3,,,妙,,Delicate; small; excellent.,,,,008_A_Chinese_and_English_Vocabulary_in_the_Tie-chiu_Dialect,19
bi̍h,Bi -4,,,篾,,Reeds for making baskets.,,,,008_A_Chinese_and_English_Vocabulary_in_the_Tie-chiu_Dialect,19
bi̍t,Bit -4,,,蜜,,Honey.,,,,008_A_Chinese_and_English_Vocabulary_in_the_Tie-chiu_Dialect,19
bo,Bó 1,,,帽,,A cap or hat.,,,,008_A_Chinese_and_English_Vocabulary_in_the_Tie-chiu_Dialect,19
bo,Bó 1,,,磨,,A millstone.,,,,008_A_Chinese_and_English_Vocabulary_in_the_Tie-chiu_Dialect,19
buah,Bua 4,,,砞,,To rub or brush in order to cleanse.,,,,008_A_Chinese_and_English_Vocabulary_in_the_Tie-chiu_Dialect,20
buah,Bua 4,,,撥,,To spread out; select; disperse; expel or reject.,,,,008_A_Chinese_and_English_Vocabulary_in_the_Tie-chiu_Dialect,20
buah,Bua 4,,,抹,,"To blot out, rub out.",,,,008_A_Chinese_and_English_Vocabulary_in_the_Tie-chiu_Dialect,20
buan,Buan 1,,,萬,,Ten thousand; all.,,,,008_A_Chinese_and_English_Vocabulary_in_the_Tie-chiu_Dialect,20
bue̍h,Bue -4,,,襪,,Stockings.,,,,008_A_Chinese_and_English_Vocabulary_in_the_Tie-chiu_Dialect,21
bun,Bun 1,,,蚊,,A flea; small insect.,,,,008_A_Chinese_and_English_Vocabulary_in_the_Tie-chiu_Dialect,21
bun,Bun 1,,,捫,,To touch with the hand; feel; to lay hold of; to shake.,,,,008_A_Chinese_and_English_Vocabulary_in_the_Tie-chiu_Dialect,21
buáng,Buang 2,,,罔,,A net; impeded; to deceive.,,,,008_A_Chinese_and_English_Vocabulary_in_the_Tie-chiu_Dialect,20
buáng,Buang 2,,,魍,,A water sprite or demon.,,,,008_A_Chinese_and_English_Vocabulary_in_the_Tie-chiu_Dialect,20
buáng,Buang 2,,,妄,,False; confused ; extravagant.,,,,008_A_Chinese_and_English_Vocabulary_in_the_Tie-chiu_Dialect,20
buâng,Buang -1,,,亡,,Lost; destroyed; dead.,,,,008_A_Chinese_and_English_Vocabulary_in_the_Tie-chiu_Dialect,20
buâng,Buang -1,,,忘,,To forget; disregard.,,,,008_A_Chinese_and_English_Vocabulary_in_the_Tie-chiu_Dialect,20
buãng,Buang -3,,,望,,Full moon.,,,,008_A_Chinese_and_English_Vocabulary_in_the_Tie-chiu_Dialect,20
báu,Bau 2,,,邜,,"A horary character, from 5 to 7 o'clock A.M.",,,,008_A_Chinese_and_English_Vocabulary_in_the_Tie-chiu_Dialect,19
báu,Bau 2,,,昴,,The name of a constellation.,,,,008_A_Chinese_and_English_Vocabulary_in_the_Tie-chiu_Dialect,19
bâi,Bai -1,,,眉,,The eyebrows.,,,,008_A_Chinese_and_English_Vocabulary_in_the_Tie-chiu_Dialect,18
bâi,Bai -1,,,楣,,Eaves of a house; the cross beam over a door.,,,,008_A_Chinese_and_English_Vocabulary_in_the_Tie-chiu_Dialect,18
bé,Be 2,,,馬,,A horse.,,,,008_A_Chinese_and_English_Vocabulary_in_the_Tie-chiu_Dialect,19
bí,Bi 2,,,米,,Rice.,,,,008_A_Chinese_and_English_Vocabulary_in_the_Tie-chiu_Dialect,19
bòi,Boi 3-,,,賣,,To sell.,,,,008_A_Chinese_and_English_Vocabulary_in_the_Tie-chiu_Dialect,19
bó,Bó 2,,,母,,A mother.,,,,008_A_Chinese_and_English_Vocabulary_in_the_Tie-chiu_Dialect,19
bó,Bó 2,,,姆,,An aged widow; a school-mistress; a midwife.,,,,008_A_Chinese_and_English_Vocabulary_in_the_Tie-chiu_Dialect,19
bó,Bó 2,,,牳,,The female of cattle.,,,,008_A_Chinese_and_English_Vocabulary_in_the_Tie-chiu_Dialect,19
bói,Boi 2,,,買,,To buy.,,,,008_A_Chinese_and_English_Vocabulary_in_the_Tie-chiu_Dialect,19
bóu,Bo 2,,,畆,,The Chinese acre of land.,,,,008_A_Chinese_and_English_Vocabulary_in_the_Tie-chiu_Dialect,19
bóu,Bo 2,,,𡚸,,A female.,,,,008_A_Chinese_and_English_Vocabulary_in_the_Tie-chiu_Dialect,19
bóu,Bo 2,,,牡,,The male of animals.,,,,008_A_Chinese_and_English_Vocabulary_in_the_Tie-chiu_Dialect,19
bô,Bó -1,,,無,,No; not.,,,,008_A_Chinese_and_English_Vocabulary_in_the_Tie-chiu_Dialect,19
bô,Bó -1,,,毋,,Do not; a prohibative particle.,,,,008_A_Chinese_and_English_Vocabulary_in_the_Tie-chiu_Dialect,19
bùe,Bue 3-,,,未,,Not; not yet.,,,,008_A_Chinese_and_English_Vocabulary_in_the_Tie-chiu_Dialect,21
bùn,Bun 3-,,,悶,,Grief; grieved.,,,,008_A_Chinese_and_English_Vocabulary_in_the_Tie-chiu_Dialect,21
bùn,Bun 3-,,,們,,A Particle added to nouns and pronouns to form the plural.,,,,008_A_Chinese_and_English_Vocabulary_in_the_Tie-chiu_Dialect,21
bú,Bu 2,,,侮,,Neglect; disrespect.,,,,008_A_Chinese_and_English_Vocabulary_in_the_Tie-chiu_Dialect,20
bú,Bu 2,,,㒇,,Affection; love; also used for contempt.,,,,008_A_Chinese_and_English_Vocabulary_in_the_Tie-chiu_Dialect,20
bú,Bu 2,,,撫,,To soothe; to hold; to keep down with the hand.,,,,008_A_Chinese_and_English_Vocabulary_in_the_Tie-chiu_Dialect,20
bú,Bu 2,,,憮,,Affection; love.,,,,008_A_Chinese_and_English_Vocabulary_in_the_Tie-chiu_Dialect,20
bú,Bu 2,,,舞,,Dancing; sleight of hand; tricks.,,,,008_A_Chinese_and_English_Vocabulary_in_the_Tie-chiu_Dialect,20
bú,Bu 2,,,武,,Warlike; military; a footstep.,,,,008_A_Chinese_and_English_Vocabulary_in_the_Tie-chiu_Dialect,20
bú,Bu 2,,,碔,,Name of a valuable stone.,,,,008_A_Chinese_and_English_Vocabulary_in_the_Tie-chiu_Dialect,20
bú,Bu 2,,,鵡,,A bird that can talk; a parrot.,,,,008_A_Chinese_and_English_Vocabulary_in_the_Tie-chiu_Dialect,20
búe,Bue 2,,,尾,,The tail; termination of.,,,,008_A_Chinese_and_English_Vocabulary_in_the_Tie-chiu_Dialect,21
bû,Bu -1,,,巫,,A sorcerer or enchanter; magic.,,,,008_A_Chinese_and_English_Vocabulary_in_the_Tie-chiu_Dialect,20
bû,Bu -1,,,誣,,To deceive; accuse falsely; superstitious.,,,,008_A_Chinese_and_English_Vocabulary_in_the_Tie-chiu_Dialect,20
bû,Bu -1,,,廡,,A shade; porch; a vacant house.,,,,008_A_Chinese_and_English_Vocabulary_in_the_Tie-chiu_Dialect,20
bû,Bu -1,,,膴,,Flesh dried without bones; fat; beautiful.,,,,008_A_Chinese_and_English_Vocabulary_in_the_Tie-chiu_Dialect,20
bû,Bu -1,,,蕪,,Overgrown with weeds or wood; shady; dirty.,,,,008_A_Chinese_and_English_Vocabulary_in_the_Tie-chiu_Dialect,20
bûa,Bua -1,,,磨,,To rub or grind; to oppress.,,,,008_A_Chinese_and_English_Vocabulary_in_the_Tie-chiu_Dialect,20
bûe,Bue -1,,,枚,,A small tree.,,,,008_A_Chinese_and_English_Vocabulary_in_the_Tie-chiu_Dialect,20
bûe,Bue -1,,,梅,,Name of a fruit; a prune.,,,,008_A_Chinese_and_English_Vocabulary_in_the_Tie-chiu_Dialect,20
bûe,Bue -1,,,媒,,A mediator in marriage affairs.,,,,008_A_Chinese_and_English_Vocabulary_in_the_Tie-chiu_Dialect,20
bûe,Bue -1,,,煤,,Coals; collection of soot.,,,,008_A_Chinese_and_English_Vocabulary_in_the_Tie-chiu_Dialect,20
bûn,Bun -1,,,文,,Literature; letters; ornamental; ornament.,,,,008_A_Chinese_and_English_Vocabulary_in_the_Tie-chiu_Dialect,21
bûn,Bun -1,,,旻,,An autumnal sky; pensive; melancholy.,,,,008_A_Chinese_and_English_Vocabulary_in_the_Tie-chiu_Dialect,21
bûn,Bun -1,,,紊,,Confusion.,,,,008_A_Chinese_and_English_Vocabulary_in_the_Tie-chiu_Dialect,21
bûn,Bun -1,,,紋,,Confusion.,,,,008_A_Chinese_and_English_Vocabulary_in_the_Tie-chiu_Dialect,21
bûn,Bun -1,,,汶,,Name of a river.,,,,008_A_Chinese_and_English_Vocabulary_in_the_Tie-chiu_Dialect,21
bī,Bi 3,,,未,,"A horary character, from 1 to 3 o'clock P.M.",,,,008_A_Chinese_and_English_Vocabulary_in_the_Tie-chiu_Dialect,19
bī,Bi 3,,,味,,Taste; scent; relish.,,,,008_A_Chinese_and_English_Vocabulary_in_the_Tie-chiu_Dialect,19
bī,Bi 3,,,汆,,To float on the surface of water; to swim.,,,,008_A_Chinese_and_English_Vocabulary_in_the_Tie-chiu_Dialect,19
bōu,Bo 3,,,戊,,An astronomical character; flourishing.,,,,008_A_Chinese_and_English_Vocabulary_in_the_Tie-chiu_Dialect,19
bũ,Bu -3,,,務,,To apply the mind and strength to any object; effort.,,,,008_A_Chinese_and_English_Vocabulary_in_the_Tie-chiu_Dialect,20
bũ,Bu -3,,,婺,,A widow who does not marry again.,,,,008_A_Chinese_and_English_Vocabulary_in_the_Tie-chiu_Dialect,20
bũ,Bu -3,,,𩥦,,To run with haste and precipitation; violent.,,,,008_A_Chinese_and_English_Vocabulary_in_the_Tie-chiu_Dialect,20
bũn,Bun -3,,,聞,,To hear.,,,,008_A_Chinese_and_English_Vocabulary_in_the_Tie-chiu_Dialect,21
bū,Bu 3,,,霧,,Mist; fog; vapor.,,,,008_A_Chinese_and_English_Vocabulary_in_the_Tie-chiu_Dialect,20
che,Che 1,,,齋,,To fast; cleanse the heart; abstinence; respect.,,,,008_A_Chinese_and_English_Vocabulary_in_the_Tie-chiu_Dialect,25
cheh,Che 4,,,職,,To control; manage; the control of; care of.,,,,008_A_Chinese_and_English_Vocabulary_in_the_Tie-chiu_Dialect,26
cheh,Che 4,,,責,,To reprove; chastise; to be wrong; to inquire; to sustain an office.,,,,008_A_Chinese_and_English_Vocabulary_in_the_Tie-chiu_Dialect,26
cheh,Che 4,,,勣,,Meritorious service.,,,,008_A_Chinese_and_English_Vocabulary_in_the_Tie-chiu_Dialect,26
cheh,Che 4,,,嘖,,To cry out loud; a tumultuous noise; a hissing.,,,,008_A_Chinese_and_English_Vocabulary_in_the_Tie-chiu_Dialect,26
cheh,Che 4,,,簀,,Mats; reeds; to collect.,,,,008_A_Chinese_and_English_Vocabulary_in_the_Tie-chiu_Dialect,26
cheh,Che 4,,,績,,Work performed; business; affair; meritorious deeds.,,,,008_A_Chinese_and_English_Vocabulary_in_the_Tie-chiu_Dialect,26
cheh,Che 4,,,仄,,Stooping; oblique.,,,,008_A_Chinese_and_English_Vocabulary_in_the_Tie-chiu_Dialect,26
cheh,Che 4,,,昃,,To descent; afternoon.,,,,008_A_Chinese_and_English_Vocabulary_in_the_Tie-chiu_Dialect,26
cheh,Che 4,,,窄,,Narrow; contracted.,,,,008_A_Chinese_and_English_Vocabulary_in_the_Tie-chiu_Dialect,26
cheh,Che 4,,,漬,,"To soak, to steep.",,,,008_A_Chinese_and_English_Vocabulary_in_the_Tie-chiu_Dialect,26
chek,Chek 4,,,叔,,An uncle; a common appellation of Chinese; Mr.,,,,008_A_Chinese_and_English_Vocabulary_in_the_Tie-chiu_Dialect,27
chek,Chek 4,,,則,,Then; therefore; in that case; a rule; pattern.,,,,008_A_Chinese_and_English_Vocabulary_in_the_Tie-chiu_Dialect,27
chek,Chek 4,,,嘖,,To cry out aloud; tumultuous; wrangling.,,,,008_A_Chinese_and_English_Vocabulary_in_the_Tie-chiu_Dialect,27
chek,Chek 4,,,漬,,To drench; dye; steep.,,,,008_A_Chinese_and_English_Vocabulary_in_the_Tie-chiu_Dialect,27
chek,Chek 4,,,積,,To accumulate; hoard up; gather together.,,,,008_A_Chinese_and_English_Vocabulary_in_the_Tie-chiu_Dialect,27
chek,Chek 4,,,稷,,Best grain; tho god of grain; the officer who presides over grain.,,,,008_A_Chinese_and_English_Vocabulary_in_the_Tie-chiu_Dialect,27
chek,Chek 4,,,燭,,A candle.,,,,008_A_Chinese_and_English_Vocabulary_in_the_Tie-chiu_Dialect,27
cheng,Cheng 1,,,征,,To go; to subjugate; conquer; punish.,,,,008_A_Chinese_and_English_Vocabulary_in_the_Tie-chiu_Dialect,27
cheng,Cheng 1,,,鍾,,A wine vessel; to collect; heavy.,,,,008_A_Chinese_and_English_Vocabulary_in_the_Tie-chiu_Dialect,27
cheng,Cheng 1,,,鐘,,A bell; a musical bell; tones of music.,,,,008_A_Chinese_and_English_Vocabulary_in_the_Tie-chiu_Dialect,27
cheng,Cheng 1,,,貞,,Chaste; pure; uncorrupted; a term in divination.,,,,008_A_Chinese_and_English_Vocabulary_in_the_Tie-chiu_Dialect,27
cheng,Cheng 1,,,偵,,To inquire; to spy; spy.,,,,008_A_Chinese_and_English_Vocabulary_in_the_Tie-chiu_Dialect,27
cheng,Cheng 1,,,楨,,Name of a wood.,,,,008_A_Chinese_and_English_Vocabulary_in_the_Tie-chiu_Dialect,27
cheng,Cheng 1,,,禎,,A favorable omen.,,,,008_A_Chinese_and_English_Vocabulary_in_the_Tie-chiu_Dialect,27
cheng,Cheng 1,,,精,,Fine; thin; subtile; unmixed; spiritual; essence; semen.,,,,008_A_Chinese_and_English_Vocabulary_in_the_Tie-chiu_Dialect,27
cheng,Cheng 1,,,睛,,Tho pupil of the eye.,,,,008_A_Chinese_and_English_Vocabulary_in_the_Tie-chiu_Dialect,27
cheng,Cheng 1,,,烝,,To heat; or boil; to send; a multitude.,,,,008_A_Chinese_and_English_Vocabulary_in_the_Tie-chiu_Dialect,27
cheng,Cheng 1,,,蒸,,To ascend as vapor; warm hot vapor.,,,,008_A_Chinese_and_English_Vocabulary_in_the_Tie-chiu_Dialect,27
cheng,Cheng 1,,,曾,,A particle denoting that anything is already past or done.,,,,008_A_Chinese_and_English_Vocabulary_in_the_Tie-chiu_Dialect,27
cheng,Cheng 1,,,僧,,Buddhist priests.,Budhist priests.,,,008_A_Chinese_and_English_Vocabulary_in_the_Tie-chiu_Dialect,27
cheng,Cheng 1,,,增,,To add; increase; many.,,,,008_A_Chinese_and_English_Vocabulary_in_the_Tie-chiu_Dialect,27
cheng,Cheng 1,,,憎,,To dislike; to hate.,,,,008_A_Chinese_and_English_Vocabulary_in_the_Tie-chiu_Dialect,27
cheng,Cheng 1,,,嘗,,"To taste; try, assay; already done; past.",,,,008_A_Chinese_and_English_Vocabulary_in_the_Tie-chiu_Dialect,27
cheng,Cheng 1,,,舂,,To beat as with a pestle; to pound.,,,,008_A_Chinese_and_English_Vocabulary_in_the_Tie-chiu_Dialect,27
cheng,Cheng 1,,,摏,,To beat; to rush against.,,,,008_A_Chinese_and_English_Vocabulary_in_the_Tie-chiu_Dialect,28
cheng,Cheng 1,,,樁,,A club or to strike; hit; to drive into the ground.,,,,008_A_Chinese_and_English_Vocabulary_in_the_Tie-chiu_Dialect,28
cheng,Cheng 1,,,箏,,A musical instrument made of reeds.,,,,008_A_Chinese_and_English_Vocabulary_in_the_Tie-chiu_Dialect,28
che̍k,Chek -4,,,一,,One; the first.,,,,008_A_Chinese_and_English_Vocabulary_in_the_Tie-chiu_Dialect,27
che̍k,Chek -4,,,澤,,Marshy; wet; softened; enriched.,,,,008_A_Chinese_and_English_Vocabulary_in_the_Tie-chiu_Dialect,27
cheⁿ,Chⁿe 1,,,爭,,To strive; wrangle.,,,,008_A_Chinese_and_English_Vocabulary_in_the_Tie-chiu_Dialect,26
chhe,Chʽe 1,,,差,,To send a messenger; a messenger.,,,,008_A_Chinese_and_English_Vocabulary_in_the_Tie-chiu_Dialect,26
chhe,Chʽe 1,,,乂,,A fork.,,,,008_A_Chinese_and_English_Vocabulary_in_the_Tie-chiu_Dialect,26
chheh,Chʽe 4,,,册,,A list; schedule; a book; a plan; to contrive.,,,,008_A_Chinese_and_English_Vocabulary_in_the_Tie-chiu_Dialect,26
chheh,Chʽe 4,,,策,,A device; stratagem; to scheme; a switch.,,,,008_A_Chinese_and_English_Vocabulary_in_the_Tie-chiu_Dialect,26
chhek,Chʽek 4,,,粟,,Paddy; a small grain used for distillation.,,,,008_A_Chinese_and_English_Vocabulary_in_the_Tie-chiu_Dialect,27
chhek,Chʽek 4,,,斥,,To break; lay open; expel; reprove; many.,,,,008_A_Chinese_and_English_Vocabulary_in_the_Tie-chiu_Dialect,27
chhek,Chʽek 4,,,側,,By the side of; oblique; depraved; perverted.,,,,008_A_Chinese_and_English_Vocabulary_in_the_Tie-chiu_Dialect,27
chhek,Chʽek 4,,,惻,,Acute pain.,,,,008_A_Chinese_and_English_Vocabulary_in_the_Tie-chiu_Dialect,27
chhek,Chʽek 4,,,測,,To measure or fathom; pure; clear.,,,,008_A_Chinese_and_English_Vocabulary_in_the_Tie-chiu_Dialect,27
chhek,Chʽek 4,,,戚,,Mournful; sorry; angry; relations; friends.,,,,008_A_Chinese_and_English_Vocabulary_in_the_Tie-chiu_Dialect,27
chhek,Chʽek 4,,,慼,,Grief; mourning.,,,,008_A_Chinese_and_English_Vocabulary_in_the_Tie-chiu_Dialect,27
chhek,Chʽek 4,,,膝,,The knees.,,,,008_A_Chinese_and_English_Vocabulary_in_the_Tie-chiu_Dialect,27
chheng,Chʽeng 1,,,橙,,Name of a tree; the orange tree.,,,,008_A_Chinese_and_English_Vocabulary_in_the_Tie-chiu_Dialect,28
chheⁿ,Chʽⁿe 1,,,靑,,A light green; azure; pale.,,,,008_A_Chinese_and_English_Vocabulary_in_the_Tie-chiu_Dialect,26
chheⁿ,Chʽⁿe 1,,,蜻,,Name of an insect.,,,,008_A_Chinese_and_English_Vocabulary_in_the_Tie-chiu_Dialect,26
chheⁿ,Chʽⁿe 1,,,星,,A star.,,,,008_A_Chinese_and_English_Vocabulary_in_the_Tie-chiu_Dialect,26
chheⁿ,Chʽⁿe 1,,,腥,,Raw meat; fat.,,,,008_A_Chinese_and_English_Vocabulary_in_the_Tie-chiu_Dialect,26
chheⁿ,Chʽⁿe 1,,,菁,,A kind of plant and flower.,,,,008_A_Chinese_and_English_Vocabulary_in_the_Tie-chiu_Dialect,26
chhi,Chʽi 1,,,懝,,Alarmed; apprehensive; to judge; intend.,,,,008_A_Chinese_and_English_Vocabulary_in_the_Tie-chiu_Dialect,30
chhi,Chʽi 1,,,妻,,A wife; an equal.,,,,008_A_Chinese_and_English_Vocabulary_in_the_Tie-chiu_Dialect,30
chhi,Chʽi 1,,,凄,,Intense cold.,,,,008_A_Chinese_and_English_Vocabulary_in_the_Tie-chiu_Dialect,30
chhi,Chʽi 1,,,悽,,Sorrow; commiseration; anger; indignation.,,,,008_A_Chinese_and_English_Vocabulary_in_the_Tie-chiu_Dialect,30
chhi,Chʽi 1,,,棲,,That on which a bird rests; a roost; a residence; to perch.,,,,008_A_Chinese_and_English_Vocabulary_in_the_Tie-chiu_Dialect,30
chhi,Chʽi 1,,,萋,,Exuberance of foliage.,,,,008_A_Chinese_and_English_Vocabulary_in_the_Tie-chiu_Dialect,30
chhi,Chʽi 1,,,痴,,Foolish; deranged.,,,,008_A_Chinese_and_English_Vocabulary_in_the_Tie-chiu_Dialect,30
chhi,Chʽi 1,,,恓,,Much grieved; sorry; angry.,,,,008_A_Chinese_and_English_Vocabulary_in_the_Tie-chiu_Dialect,30
chhi,Chʽi 1,,,栖,,Birds perched on trees; a roost; to rest; desist.,,,,008_A_Chinese_and_English_Vocabulary_in_the_Tie-chiu_Dialect,30
chhi,Chʽi 1,,,䲭,,A certain bird.,,,,008_A_Chinese_and_English_Vocabulary_in_the_Tie-chiu_Dialect,30
chhi,Chʽi 1,,,蚳,,A certain insect; a shell fish.,,,,008_A_Chinese_and_English_Vocabulary_in_the_Tie-chiu_Dialect,30
chhi,Chʽi 1,,,邸,,The court; residence for court visitors; an inn; at the bottom; fundamental.,,,,008_A_Chinese_and_English_Vocabulary_in_the_Tie-chiu_Dialect,30
chhi,Chʽi 1,,,蚩,,A worm; ugly; ignorant.,,,,008_A_Chinese_and_English_Vocabulary_in_the_Tie-chiu_Dialect,30
chhi,Chʽi 1,,,媸,,A worthless woman; ugly and lewd; foolish.,,,,008_A_Chinese_and_English_Vocabulary_in_the_Tie-chiu_Dialect,30
chhia,Chʽia 1,,,車,,A carriage.,,,,008_A_Chinese_and_English_Vocabulary_in_the_Tie-chiu_Dialect,31
chhia,Chʽia 1,,,奢,,Affluent; prodigal; wasteful.,,,,008_A_Chinese_and_English_Vocabulary_in_the_Tie-chiu_Dialect,31
chhia,Chʽia 1,,,賒,,To sell on credit; slow; remiss.,,,,008_A_Chinese_and_English_Vocabulary_in_the_Tie-chiu_Dialect,31
chhiah,Chʽia 4,,,赤,,Naked; flesh color; reddish; vermilion.,,,,008_A_Chinese_and_English_Vocabulary_in_the_Tie-chiu_Dialect,32
chhiak,Chʽiak 4,,,雀,,A sparrow; small birds.,,,,008_A_Chinese_and_English_Vocabulary_in_the_Tie-chiu_Dialect,32
chhiak,Chʽiak 4,,,鵲,,A fabled bird of joy.,,,,008_A_Chinese_and_English_Vocabulary_in_the_Tie-chiu_Dialect,32
chhiak,Chʽiak 4,,,綽,,Slow; leisurely.,,,,008_A_Chinese_and_English_Vocabulary_in_the_Tie-chiu_Dialect,32
chhiam,Chʽiam 1,,,簽,,Slips of bamboo for drawing lots; to sign or subscribe.,,,,008_A_Chinese_and_English_Vocabulary_in_the_Tie-chiu_Dialect,32
chhiang,Chʽiàng 1,,,昌,,Elegant; suitable; affluent; increasing.,,,,008_A_Chinese_and_English_Vocabulary_in_the_Tie-chiu_Dialect,33
chhiang,Chʽiàng 1,,,娼,,A prostitute.,,,,008_A_Chinese_and_English_Vocabulary_in_the_Tie-chiu_Dialect,33
chhiang,Chʽiàng 1,,,猖,,Wild and frightened; mad.,,,,008_A_Chinese_and_English_Vocabulary_in_the_Tie-chiu_Dialect,33
chhiang,Chʽiàng 1,,,菖,,A water plant; sedge.,,,,008_A_Chinese_and_English_Vocabulary_in_the_Tie-chiu_Dialect,33
chhiap,Chʽiap 4,,,妾,,A concubine; an inferior wife.,,,,008_A_Chinese_and_English_Vocabulary_in_the_Tie-chiu_Dialect,34
chhiap,Chʽiap 4,,,竊,,To steal; private; one's private opinion; to assume.,,,,008_A_Chinese_and_English_Vocabulary_in_the_Tie-chiu_Dialect,34
chhieh,Chʽie 4,,,尺,,A cubit.,,,,008_A_Chinese_and_English_Vocabulary_in_the_Tie-chiu_Dialect,34
chhien,Chʽien 1,,,遷,,To remove from one place to another; to change.,,,,008_A_Chinese_and_English_Vocabulary_in_the_Tie-chiu_Dialect,35
chhien,Chʽien 1,,,韆,,Rope swinging for amusement.,,,,008_A_Chinese_and_English_Vocabulary_in_the_Tie-chiu_Dialect,35
chhien,Chʽien 1,,,阡,,A road running north and south; a road through the fields; luxuriant.,,,,008_A_Chinese_and_English_Vocabulary_in_the_Tie-chiu_Dialect,35
chhiet,Chʽiet 4,,,切,,To cut; urgent; pressing; important; sincere; to spell words; the chief or important part of a thing in the whole.,,,,008_A_Chinese_and_English_Vocabulary_in_the_Tie-chiu_Dialect,35
chhie̍h,Chʽie -4,,,蓆,,A mat or carpet; large.,,,,008_A_Chinese_and_English_Vocabulary_in_the_Tie-chiu_Dialect,34
chhieⁿ,Chʽⁿie 1,,,鎗,,A spear; lance; a tripod; a wine vessel.,,,,008_A_Chinese_and_English_Vocabulary_in_the_Tie-chiu_Dialect,34
chhieⁿ,Chʽⁿie 1,,,匠,,A mechanic; artificer.,,,,008_A_Chinese_and_English_Vocabulary_in_the_Tie-chiu_Dialect,34
chhim,Chʽim 1,,,深,,"Deep—as water, color, &c.; very; extremely.",,,,008_A_Chinese_and_English_Vocabulary_in_the_Tie-chiu_Dialect,36
chhin,Chʽin 1,,,親,,Affection for; one's own; near relations; to kiss.,,,,008_A_Chinese_and_English_Vocabulary_in_the_Tie-chiu_Dialect,36
chhin,Chʽin 1,,,嚫,,To conver upon; bestow.,,,,008_A_Chinese_and_English_Vocabulary_in_the_Tie-chiu_Dialect,36
chhip,Chʽip 4,,,戢,,To store up and lay aside weapons; put a stop to war.,,,,008_A_Chinese_and_English_Vocabulary_in_the_Tie-chiu_Dialect,37
chhip,Chʽip 4,,,楫,,Trees in a forest; an oar.,,,,008_A_Chinese_and_English_Vocabulary_in_the_Tie-chiu_Dialect,37
chhip,Chʽip 4,,,緝,,To follow in close succession; come often.,,,,008_A_Chinese_and_English_Vocabulary_in_the_Tie-chiu_Dialect,37
chhip,Chʽip 4,,,輯,,To unite harmoniously; concord.,,,,008_A_Chinese_and_English_Vocabulary_in_the_Tie-chiu_Dialect,37
chhit,Chʽit 4,,,拭,,To dust; wipe; rub; cleanse.,,,,008_A_Chinese_and_English_Vocabulary_in_the_Tie-chiu_Dialect,37
chhiu,Chʽiu 1,,,瘳,,Convalescent; sudden removal of disease.,,,,008_A_Chinese_and_English_Vocabulary_in_the_Tie-chiu_Dialect,38
chhiu,Chʽiu 1,,,秋,,Autumn;,,,,008_A_Chinese_and_English_Vocabulary_in_the_Tie-chiu_Dialect,38
chhiu,Chʽiu 1,,,揪,,To seize; grasp; gather in the hand.,,,,008_A_Chinese_and_English_Vocabulary_in_the_Tie-chiu_Dialect,38
chhiu,Chʽiu 1,,,愀,,Disconsolate; to change the countenance.,,,,008_A_Chinese_and_English_Vocabulary_in_the_Tie-chiu_Dialect,38
chhiu,Chʽiu 1,,,鞦,,A wheel to sit on and turn around; a Chinese amusement.,,,,008_A_Chinese_and_English_Vocabulary_in_the_Tie-chiu_Dialect,38
chhiu,Chʽiu 1,,,鬚,,The beard.,,,,008_A_Chinese_and_English_Vocabulary_in_the_Tie-chiu_Dialect,38
chhiu,Chʽiu 1,,,樹,,A tree.,,,,008_A_Chinese_and_English_Vocabulary_in_the_Tie-chiu_Dialect,38
chhiàm,Chʽiam 3-,,,僣,,Erroneous; to overpass one's duty or sphere; to assume; usurp.,,,,008_A_Chinese_and_English_Vocabulary_in_the_Tie-chiu_Dialect,33
chhiàng,Chʽiàng 3-,,,倡,,A showy person; singing girl; seducer; to accord with.,,,,008_A_Chinese_and_English_Vocabulary_in_the_Tie-chiu_Dialect,33
chhiàng,Chʽiàng 3-,,,唱,,To recite; sing.,,,,008_A_Chinese_and_English_Vocabulary_in_the_Tie-chiu_Dialect,34
chhiá,Chʽia 2,,,且,,And; then; also.,,,,008_A_Chinese_and_English_Vocabulary_in_the_Tie-chiu_Dialect,31
chhiá,Chʽia 2,,,請,,To invite; inquire after.,,,,008_A_Chinese_and_English_Vocabulary_in_the_Tie-chiu_Dialect,32
chhiáng,Chʽiàng 2,,,厰,,An open shed.,,,,008_A_Chinese_and_English_Vocabulary_in_the_Tie-chiu_Dialect,33
chhiáng,Chʽiàng 2,,,氅,,A bird's wing; a garment made of feathers.,,,,008_A_Chinese_and_English_Vocabulary_in_the_Tie-chiu_Dialect,33
chhiâm,Chʽiam -1,,,潛,,To ford or pass through water; to enter deeply into.,,,,008_A_Chinese_and_English_Vocabulary_in_the_Tie-chiu_Dialect,32
chhiâm,Chʽiam -1,,,僉,,All; all united; to multitude.,,,,008_A_Chinese_and_English_Vocabulary_in_the_Tie-chiu_Dialect,32
chhiâng,Chʽiàng -1,,,腸,,Intestines; bowels; the seat of the affections.,,,,008_A_Chinese_and_English_Vocabulary_in_the_Tie-chiu_Dialect,33
chhiâng,Chʽiàng -1,,,嬙,,Female officers in the dynasty of Han.,,,,008_A_Chinese_and_English_Vocabulary_in_the_Tie-chiu_Dialect,33
chhiâng,Chʽiàng -1,,,長,,Long in time or space; a senior; superior.,,,,008_A_Chinese_and_English_Vocabulary_in_the_Tie-chiu_Dialect,33
chhiâng,Chʽiàng -1,,,萇,,Name of a plant.,,,,008_A_Chinese_and_English_Vocabulary_in_the_Tie-chiu_Dialect,33
chhiãm,Chʽiam -3,,,懺,,To repent; feel contrition.,,,,008_A_Chinese_and_English_Vocabulary_in_the_Tie-chiu_Dialect,33
chhiãm,Chʽiam -3,,,籤,,Slips of bamboo for drawing lots; used also as a permit or order.,,,,008_A_Chinese_and_English_Vocabulary_in_the_Tie-chiu_Dialect,33
chhiãm,Chʽiam -3,,,櫼,,Pointed; sharp; clever.,,,,008_A_Chinese_and_English_Vocabulary_in_the_Tie-chiu_Dialect,33
chhiè,Chʽie 3-,,,笑,,To laugh; deride.,,,,008_A_Chinese_and_English_Vocabulary_in_the_Tie-chiu_Dialect,34
chhién,Chʽien 2,,,淺,,Shallow; superficial; easy.,,,,008_A_Chinese_and_English_Vocabulary_in_the_Tie-chiu_Dialect,35
chhién,Chʽien 2,,,闡,,To open; spread out; manifest.,,,,008_A_Chinese_and_English_Vocabulary_in_the_Tie-chiu_Dialect,35
chhiéⁿ,Chʽⁿie 2,,,搶,,To seize by violence; to plunder.,,,,008_A_Chinese_and_English_Vocabulary_in_the_Tie-chiu_Dialect,34
chhiêⁿ,Chʽⁿie -1,,,墻,,A wall; that which defends.,,,,008_A_Chinese_and_English_Vocabulary_in_the_Tie-chiu_Dialect,34
chhiêⁿ,Chʽⁿie -1,,,牆,,A wall; that which defends.,,,,008_A_Chinese_and_English_Vocabulary_in_the_Tie-chiu_Dialect,34
chhiòu,Chʽio 3-,,,嘲,,To laugh; jest; ridicule.,,,,008_A_Chinese_and_English_Vocabulary_in_the_Tie-chiu_Dialect,37
chhióu,Chʽio 2,,,悄,,Mournful; anxious; privately.,,,,008_A_Chinese_and_English_Vocabulary_in_the_Tie-chiu_Dialect,37
chhióu,Chʽio 2,,,稍,,In a small quantity; rather; gradually; a granary; the royal domains.,,,,008_A_Chinese_and_English_Vocabulary_in_the_Tie-chiu_Dialect,37
chhióu,Chʽio 2,,,誚,,Vexation; anxiety; distress.,,,,008_A_Chinese_and_English_Vocabulary_in_the_Tie-chiu_Dialect,37
chhiôu,Chʽio -1,,,朝,,Court; a dynasty.,,,,008_A_Chinese_and_English_Vocabulary_in_the_Tie-chiu_Dialect,37
chhiú,Chʽiu 2,,,手,,The hand.,,,,008_A_Chinese_and_English_Vocabulary_in_the_Tie-chiu_Dialect,38
chhiú,Chʽiu 2,,,醜,,Deformed; hateful; shame; to hate; abhor.,,,,008_A_Chinese_and_English_Vocabulary_in_the_Tie-chiu_Dialect,38
chhiû,Chʽiu -1,,,囚,,To confine; imprison; a prison; a prisoner.,,,,008_A_Chinese_and_English_Vocabulary_in_the_Tie-chiu_Dialect,38
chhiû,Chʽiu -1,,,仇,,To oppose; to return like for like; an enemy; a rival.,,,,008_A_Chinese_and_English_Vocabulary_in_the_Tie-chiu_Dialect,38
chhiû,Chʽiu -1,,,售,,To sell; pay for.,,,,008_A_Chinese_and_English_Vocabulary_in_the_Tie-chiu_Dialect,38
chhiû,Chʽiu -1,,,雔,,To wrangle; to hate; an enemy; hatred.,,,,008_A_Chinese_and_English_Vocabulary_in_the_Tie-chiu_Dialect,38
chhiû,Chʽiu -1,,,犨,,A white cow; a cow lowing.,,,,008_A_Chinese_and_English_Vocabulary_in_the_Tie-chiu_Dialect,38
chhiû,Chʽiu -1,,,讐,,To oppose; retaliate; hate; an enemy.,,,,008_A_Chinese_and_English_Vocabulary_in_the_Tie-chiu_Dialect,38
chhiû,Chʽiu -1,,,酬,,To return the pledge or compliment in drinking; to recompense.,,,,008_A_Chinese_and_English_Vocabulary_in_the_Tie-chiu_Dialect,38
chhi̍t,Chʽit -4,,,七,,Seven.,,,,008_A_Chinese_and_English_Vocabulary_in_the_Tie-chiu_Dialect,37
chhiẽⁿ,Chʽⁿie -3,,,象,,An elephant.,,,,008_A_Chinese_and_English_Vocabulary_in_the_Tie-chiu_Dialect,35
chhiⁿ,Chʽⁿi 1,,,鮮,,Fresh; not tainted nor salted.,,,,008_A_Chinese_and_English_Vocabulary_in_the_Tie-chiu_Dialect,31
chhè,Chʽe 3-,,,厠,,To cleanse and put in order; a place which needs cleansing; a privy; filthy.,,,,008_A_Chinese_and_English_Vocabulary_in_the_Tie-chiu_Dialect,26
chhèng,Chʽeng 3-,,,銃,,Hollowed or bored; a gun; cannon.,,,,008_A_Chinese_and_English_Vocabulary_in_the_Tie-chiu_Dialect,28
chhèng,Chʽeng 3-,,,倩,,Good; excellent; beautiful; instead of.,,,,008_A_Chinese_and_English_Vocabulary_in_the_Tie-chiu_Dialect,28
chhèng,Chʽeng 3-,,,稱,,A title or appellation.,,,,008_A_Chinese_and_English_Vocabulary_in_the_Tie-chiu_Dialect,28
chhéng,Chʽeng 2,,,清,,Pure; clear; tranquil.,,,,008_A_Chinese_and_English_Vocabulary_in_the_Tie-chiu_Dialect,28
chhéng,Chʽeng 2,,,稱,,To measure; weigh; adjust; to denominate; to praise.,,,,008_A_Chinese_and_English_Vocabulary_in_the_Tie-chiu_Dialect,28
chhéⁿ,Chʽⁿe 2,,,惺,,"Fear; a tranquil, intelligent mind.",,,,008_A_Chinese_and_English_Vocabulary_in_the_Tie-chiu_Dialect,26
chhéⁿ,Chʽⁿe 2,,,醒,,"To awaken or arouse, as from sleep, intoxication or stupidity.",,,,008_A_Chinese_and_English_Vocabulary_in_the_Tie-chiu_Dialect,26
chhê,Chʽe -1,,,查,,To examine into; inquire; a float or raft.,,,,008_A_Chinese_and_English_Vocabulary_in_the_Tie-chiu_Dialect,26
chhêng,Chʽeng -1,,,情,,The passions; temper; disposition; circumstances.,,,,008_A_Chinese_and_English_Vocabulary_in_the_Tie-chiu_Dialect,28
chhì,Chʽi 3-,,,飼,,To feed; nourish.,,,,008_A_Chinese_and_English_Vocabulary_in_the_Tie-chiu_Dialect,30
chhì,Chʽi 3-,,,弒,,To murder a superior.,,,,008_A_Chinese_and_English_Vocabulary_in_the_Tie-chiu_Dialect,30
chhì,Chʽi 3-,,,試,,To try; test; examine; compare.,,,,008_A_Chinese_and_English_Vocabulary_in_the_Tie-chiu_Dialect,31
chhì,Chʽi 3-,,,莿,,A device; stratagem.,,,,008_A_Chinese_and_English_Vocabulary_in_the_Tie-chiu_Dialect,31
chhì,Chʽi 3-,,,妻,,To give to wife; to marry.,,,,008_A_Chinese_and_English_Vocabulary_in_the_Tie-chiu_Dialect,31
chhìn,Chʽin 3-,,,襯,,Inner garments; to give to; bestow a largess.,,,,008_A_Chinese_and_English_Vocabulary_in_the_Tie-chiu_Dialect,36
chhí,Chʽi 2,,,恥,,To be ashamed; shame.,,,,008_A_Chinese_and_English_Vocabulary_in_the_Tie-chiu_Dialect,30
chhí,Chʽi 2,,,侈,,Large; profuse; prodigal.,,,,008_A_Chinese_and_English_Vocabulary_in_the_Tie-chiu_Dialect,30
chhí,Chʽi 2,,,齒,,Teeth; the upper teeth.,,,,008_A_Chinese_and_English_Vocabulary_in_the_Tie-chiu_Dialect,30
chhím,Chʽim 2,,,寢,,To sleep; to rest; a sleeping room.,,,,008_A_Chinese_and_English_Vocabulary_in_the_Tie-chiu_Dialect,36
chhî,Chʽi -1,,,踟,,Hesitation; embarassment; irresolute.,,,,008_A_Chinese_and_English_Vocabulary_in_the_Tie-chiu_Dialect,30
chhî,Chʽi -1,,,齊,,Even; regular; complete; to adjust; regulate; all together.,,,,008_A_Chinese_and_English_Vocabulary_in_the_Tie-chiu_Dialect,30
chhî,Chʽi -1,,,㙈,,Name of a place.,,,,008_A_Chinese_and_English_Vocabulary_in_the_Tie-chiu_Dialect,30
chhî,Chʽi -1,,,箎,,Bamboo said to grow 1000 cubits high.,,,,008_A_Chinese_and_English_Vocabulary_in_the_Tie-chiu_Dialect,30
chhî,Chʽi -1,,,㓾,,Wounded skin.,,,,008_A_Chinese_and_English_Vocabulary_in_the_Tie-chiu_Dialect,30
chhî,Chʽi -1,,,墀,,Vestibule in front of a hall; a path to the hall.,,,,008_A_Chinese_and_English_Vocabulary_in_the_Tie-chiu_Dialect,30
chhî,Chʽi -1,,,遲,,Slow; dilatory.,,,,008_A_Chinese_and_English_Vocabulary_in_the_Tie-chiu_Dialect,30
chhî,Chʽi -1,,,池,,A pool; pond; ditch.,,,,008_A_Chinese_and_English_Vocabulary_in_the_Tie-chiu_Dialect,30
chhî,Chʽi -1,,,貤,,Degrees rising one above another; to advance.,,,,008_A_Chinese_and_English_Vocabulary_in_the_Tie-chiu_Dialect,30
chhî,Chʽi -1,,,馳,,To run at full speed; gallop; to propel.,,,,008_A_Chinese_and_English_Vocabulary_in_the_Tie-chiu_Dialect,30
chhîm,Chʽim -1,,,侵,,To advance gradually; to invade secretly; to seek for; to plunder.,,,,008_A_Chinese_and_English_Vocabulary_in_the_Tie-chiu_Dialect,35
chhîm,Chʽim -1,,,尋,,To search for.,,,,008_A_Chinese_and_English_Vocabulary_in_the_Tie-chiu_Dialect,36
chhîm,Chʽim -1,,,撏,,To take hold of; to draw.,,,,008_A_Chinese_and_English_Vocabulary_in_the_Tie-chiu_Dialect,36
chhîn,Chʽin -1,,,臣,,One who serves another; an officer under the Emperor.,,,,008_A_Chinese_and_English_Vocabulary_in_the_Tie-chiu_Dialect,36
chhîn,Chʽin -1,,,秦,,Title of the first universal monarch of China.,,,,008_A_Chinese_and_English_Vocabulary_in_the_Tie-chiu_Dialect,36
chhĩ,Chʽi -3,,,市,,Market place; street.,,,,008_A_Chinese_and_English_Vocabulary_in_the_Tie-chiu_Dialect,30
chi,Chi 1,,,卮,,A vessel to measure food or drink; a wine vessel.,,,,008_A_Chinese_and_English_Vocabulary_in_the_Tie-chiu_Dialect,28
chi,Chi 1,,,肢,,The limbs of the body.,,,,008_A_Chinese_and_English_Vocabulary_in_the_Tie-chiu_Dialect,28
chi,Chi 1,,,脂,,Fat animals; fatty substance; bones; to grease.,,,,008_A_Chinese_and_English_Vocabulary_in_the_Tie-chiu_Dialect,28
chi,Chi,,,黹,,"To embroider, adorn.",,,,008_A_Chinese_and_English_Vocabulary_in_the_Tie-chiu_Dialect,28
chi,Chi 1,,,齎,,To confer upon; bestow; supply; to store up.,,,,008_A_Chinese_and_English_Vocabulary_in_the_Tie-chiu_Dialect,28
chia,Chia 1,,,遮,,To cover over; to screen.,,,,008_A_Chinese_and_English_Vocabulary_in_the_Tie-chiu_Dialect,31
chiah,Chia 4,,,隻,,Single; a numeral of things which are single.,,,,008_A_Chinese_and_English_Vocabulary_in_the_Tie-chiu_Dialect,31
chiah,Chia 4,,,蹟,,A footstep; to tread in the footsteps of.,,,,008_A_Chinese_and_English_Vocabulary_in_the_Tie-chiu_Dialect,31
chiah,Chia 4,,,跡,,A trace; footstep; work of; examples for imitation.,,,,008_A_Chinese_and_English_Vocabulary_in_the_Tie-chiu_Dialect,31
chiah,Chia 4,,,迹,,A trace; footstep; work of; examples for imitation.,,,,008_A_Chinese_and_English_Vocabulary_in_the_Tie-chiu_Dialect,31
chiak,Chiak 4,,,爵,,A drinking cup; nobility; name of an office.,,,,008_A_Chinese_and_English_Vocabulary_in_the_Tie-chiu_Dialect,32
chiak,Chiak 4,,,嚼,,To bite; gnaw; chew.,,,,008_A_Chinese_and_English_Vocabulary_in_the_Tie-chiu_Dialect,32
chiak,Chiak 4,,,勺,,To take out with a spoon; a spoon.,,,,008_A_Chinese_and_English_Vocabulary_in_the_Tie-chiu_Dialect,32
chiak,Chiak 4,,,妁,,A mediator in marriage.,,,,008_A_Chinese_and_English_Vocabulary_in_the_Tie-chiu_Dialect,32
chiak,Chiak 4,,,灼,,To burn; to illumine.,,,,008_A_Chinese_and_English_Vocabulary_in_the_Tie-chiu_Dialect,32
chiak,Chiak 4,,,芍,,A medicine.,,,,008_A_Chinese_and_English_Vocabulary_in_the_Tie-chiu_Dialect,32
chiak,Chiak 4,,,酌,,To consult; deliberate.,,,,008_A_Chinese_and_English_Vocabulary_in_the_Tie-chiu_Dialect,32
chiak,Chiak 4,,,靮,,A bridle halter.,,,,008_A_Chinese_and_English_Vocabulary_in_the_Tie-chiu_Dialect,32
chiam,Chiam 1,,,尖,,Tapering; pointed; sharp; clever.,,,,008_A_Chinese_and_English_Vocabulary_in_the_Tie-chiu_Dialect,32
chiam,Chiam 1,,,詹,,Verbose; to examine into and give directions about.,,,,008_A_Chinese_and_English_Vocabulary_in_the_Tie-chiu_Dialect,32
chiam,Chiam 1,,,瞻,,To look up to with reverence.,,,,008_A_Chinese_and_English_Vocabulary_in_the_Tie-chiu_Dialect,32
chiam,Chiam 1,,,襜,,"A curtain, cover or screen; garments which hang down and cover the knees.",,,,008_A_Chinese_and_English_Vocabulary_in_the_Tie-chiu_Dialect,32
chiam,Chiam 1,,,贍,,Plentiful; to give; bestow on the poor.,,,,008_A_Chinese_and_English_Vocabulary_in_the_Tie-chiu_Dialect,32
chiang,Chiàng 1,,,將,,Take and do; to receive; a sign of the future.,,,,008_A_Chinese_and_English_Vocabulary_in_the_Tie-chiu_Dialect,33
chiang,Chiàng 1,,,嫜,,A husband's parents; to make obeisance to them.,,,,008_A_Chinese_and_English_Vocabulary_in_the_Tie-chiu_Dialect,33
chiang,Chiàng 1,,,彰,,Elegant composition; to manifest; exhibit.,,,,008_A_Chinese_and_English_Vocabulary_in_the_Tie-chiu_Dialect,33
chiang,Chiàng 1,,,暲,,Clear and bright.,,,,008_A_Chinese_and_English_Vocabulary_in_the_Tie-chiu_Dialect,33
chiang,Chiàng 1,,,漳,,Name of a stream.,,,,008_A_Chinese_and_English_Vocabulary_in_the_Tie-chiu_Dialect,33
chiang,Chiàng 1,,,璋,,A kind of sceptre made of chrysoprasus; a play thing.,,,,008_A_Chinese_and_English_Vocabulary_in_the_Tie-chiu_Dialect,33
chiang,Chiàng 1,,,麞,,A small species of deer.,,,,008_A_Chinese_and_English_Vocabulary_in_the_Tie-chiu_Dialect,33
chiap,Chiap 4,,,接,,To receive; connect; come in succession; to unite.,,,,008_A_Chinese_and_English_Vocabulary_in_the_Tie-chiu_Dialect,34
chia̍h,Chia -4,,,食,,To eat or drink; to retract; to endure an insult or injury.,,,,008_A_Chinese_and_English_Vocabulary_in_the_Tie-chiu_Dialect,31
chia̍p,Chiap -4,,,捷,,To obtain a victory; overcome; to complete; in haste.,,,,008_A_Chinese_and_English_Vocabulary_in_the_Tie-chiu_Dialect,34
chia̍p,Chiap -4,,,洽,,To blend with; instill gradually; to extend; saturated.,,,,008_A_Chinese_and_English_Vocabulary_in_the_Tie-chiu_Dialect,34
chiaⁿ,Chⁿia 1,,,晶,,Bright; luminous.,,,,008_A_Chinese_and_English_Vocabulary_in_the_Tie-chiu_Dialect,32
chiaⁿ,Chⁿia 1,,,正,,To rectify; put in order; to rule; execute laws; just at a given point of time.,,,,008_A_Chinese_and_English_Vocabulary_in_the_Tie-chiu_Dialect,32
chie,Chie 1,,,招,,To beckon; call by motion of the hand; to assume; ocnfess.,,,,008_A_Chinese_and_English_Vocabulary_in_the_Tie-chiu_Dialect,34
chie,Chie 1,,,樵,,Fuel; a woodcutter.,,,,008_A_Chinese_and_English_Vocabulary_in_the_Tie-chiu_Dialect,34
chie,Chie 1,,,蕉,,A plantain; banana.,,,,008_A_Chinese_and_English_Vocabulary_in_the_Tie-chiu_Dialect,34
chie,Chie 1,,,椒,,Pepper.,,,,008_A_Chinese_and_English_Vocabulary_in_the_Tie-chiu_Dialect,34
chieh,Chie 4,,,借,,To borrow or lend; to pretend; suppose.,,,,008_A_Chinese_and_English_Vocabulary_in_the_Tie-chiu_Dialect,34
chieh,Chie 4,,,質,,The substantialpart of; sincere; to realize; to substantiate.,,,,008_A_Chinese_and_English_Vocabulary_in_the_Tie-chiu_Dialect,34
chien,Chien 1,,,顫,,Trembling with cold; the head inclined to one side.,,,,008_A_Chinese_and_English_Vocabulary_in_the_Tie-chiu_Dialect,35
chien,Chien 1,,,鸇,,A certain bird of prey.,,,,008_A_Chinese_and_English_Vocabulary_in_the_Tie-chiu_Dialect,35
chien,Chien 1,,,箋,,To note down memorands.,,,,008_A_Chinese_and_English_Vocabulary_in_the_Tie-chiu_Dialect,35
chiet,Chiet 4,,,即,,That is; then; forthwith; urgent.,,,,008_A_Chinese_and_English_Vocabulary_in_the_Tie-chiu_Dialect,35
chie̍h,Chie -4,,,石,,A stone.,,,,008_A_Chinese_and_English_Vocabulary_in_the_Tie-chiu_Dialect,34
chieⁿ,Chⁿie 1,,,章,,A chapter; a prize essay; a complete piece.,,,,008_A_Chinese_and_English_Vocabulary_in_the_Tie-chiu_Dialect,34
chieⁿ,Chⁿie 1,,,樟,,The camphor tree.,,,,008_A_Chinese_and_English_Vocabulary_in_the_Tie-chiu_Dialect,34
chieⁿ,Chⁿie 1,,,漿,,Syrup; thick liquid; pus.,,,,008_A_Chinese_and_English_Vocabulary_in_the_Tie-chiu_Dialect,34
chih,Chi 4,,,摺,,To fold up; to destroy; a document sent to the Emperor.,,,,008_A_Chinese_and_English_Vocabulary_in_the_Tie-chiu_Dialect,30
chim,Chim 1,,,斟,,To pour out or into; to add; to deliberate.,,,,008_A_Chinese_and_English_Vocabulary_in_the_Tie-chiu_Dialect,35
chin,Chin 1,,,眞,,True; sincere; genuine; truth.,,,,008_A_Chinese_and_English_Vocabulary_in_the_Tie-chiu_Dialect,36
chin,Chin 1,,,津,,A ford or ferry; a creek; to ford; to moisten.,,,,008_A_Chinese_and_English_Vocabulary_in_the_Tie-chiu_Dialect,36
chin,Chin 1,,,薪,,Fuel; brambles; to collect fuel.,,,,008_A_Chinese_and_English_Vocabulary_in_the_Tie-chiu_Dialect,36
chin,Chin 1,,,榛,,Trees; brushwood; a small fruit like a chestnut.,,,,008_A_Chinese_and_English_Vocabulary_in_the_Tie-chiu_Dialect,36
chin,Chin 1,,,溱,,Affluence; at ease; many; a multitude.,,,,008_A_Chinese_and_English_Vocabulary_in_the_Tie-chiu_Dialect,36
chin,Chin 1,,,蓁,,Exuberant foliage; a great accumulation; many.,,,,008_A_Chinese_and_English_Vocabulary_in_the_Tie-chiu_Dialect,36
chin,Chin 1,,,臻,,To extend to the utmost limit; highest degree.,,,,008_A_Chinese_and_English_Vocabulary_in_the_Tie-chiu_Dialect,36
chit,Chit 4,,,織,,To weave.,,,,008_A_Chinese_and_English_Vocabulary_in_the_Tie-chiu_Dialect,37
chit,Chit 4,,,脊,,The spine; back; ridge of a house or mountain.,,,,008_A_Chinese_and_English_Vocabulary_in_the_Tie-chiu_Dialect,37
chit,Chit 4,,,瘠,,Lean; poor; to restrict.,,,,008_A_Chinese_and_English_Vocabulary_in_the_Tie-chiu_Dialect,37
chit,Chit 4,,,鶺,,A species of bird.,,,,008_A_Chinese_and_English_Vocabulary_in_the_Tie-chiu_Dialect,37
chit,Chit 4,,,析,,To split wood; to divide; to discriminate.,,,,008_A_Chinese_and_English_Vocabulary_in_the_Tie-chiu_Dialect,37
chiu,Chiu 1,,,周,,To provide for; to perform a circle; to complete; surround; a curve; circle.,,,,008_A_Chinese_and_English_Vocabulary_in_the_Tie-chiu_Dialect,37
chiu,Chiu 1,,,賙,,To bestow charity; relieve.,,,,008_A_Chinese_and_English_Vocabulary_in_the_Tie-chiu_Dialect,37
chiu,Chiu 1,,,週,,To turn or go around; circulate.,,,,008_A_Chinese_and_English_Vocabulary_in_the_Tie-chiu_Dialect,37
chiu,Chiu 1,,,州,,A province; a district.,,,,008_A_Chinese_and_English_Vocabulary_in_the_Tie-chiu_Dialect,38
chiu,Chiu 1,,,洲,,An island.,,,,008_A_Chinese_and_English_Vocabulary_in_the_Tie-chiu_Dialect,38
chiu,Chiu 1,,,舟,,A boat or vessel; to transfer.,,,,008_A_Chinese_and_English_Vocabulary_in_the_Tie-chiu_Dialect,38
chiu,Chiu 1,,,輈,,A certain pole in the fore part of a carriage.,,,,008_A_Chinese_and_English_Vocabulary_in_the_Tie-chiu_Dialect,38
chià,Chia 3-,,,炙,,To apply fire to; to broil; to dry; to approach near.,,,,008_A_Chinese_and_English_Vocabulary_in_the_Tie-chiu_Dialect,31
chià,Chia 3-,,,摭,,To drag; to draw into notice.,,,,008_A_Chinese_and_English_Vocabulary_in_the_Tie-chiu_Dialect,31
chià,Chia 3-,,,蔗,,Sugar cane.,,,,008_A_Chinese_and_English_Vocabulary_in_the_Tie-chiu_Dialect,31
chià,Chia 3-,,,鷓,,A partridge.,,,,008_A_Chinese_and_English_Vocabulary_in_the_Tie-chiu_Dialect,31
chià,Chia 3-,,,樜,,A species of mulberry.,,,,008_A_Chinese_and_English_Vocabulary_in_the_Tie-chiu_Dialect,31
chià,Chia 3-,,,柘,,A species of mulberry.,,,,008_A_Chinese_and_English_Vocabulary_in_the_Tie-chiu_Dialect,31
chià,Chia 3-,,,跖,,Lower part of the leg.,,,,008_A_Chinese_and_English_Vocabulary_in_the_Tie-chiu_Dialect,31
chiàm,Chiam 3-,,,占,,To prognosticate; divine; cast lots; to usurp.,,,,008_A_Chinese_and_English_Vocabulary_in_the_Tie-chiu_Dialect,32
chiàm,Chiam 3-,,,佔,,To see; look at; to usurp.,,,,008_A_Chinese_and_English_Vocabulary_in_the_Tie-chiu_Dialect,32
chiàm,Chiam 3-,,,趈,,To sit or stand still; stiff; dignified.,,,,008_A_Chinese_and_English_Vocabulary_in_the_Tie-chiu_Dialect,32
chiàng,Chiàng 3-,,,瘴,,"A distemper caused by pestilential vapors; a hot, feverish disease.",,,,008_A_Chinese_and_English_Vocabulary_in_the_Tie-chiu_Dialect,33
chiàng,Chiàng 3-,,,障,,A separating dike; to separate; divide.,,,,008_A_Chinese_and_English_Vocabulary_in_the_Tie-chiu_Dialect,33
chiàng,Chiàng 3-,,,將,,A general; captain.,,,,008_A_Chinese_and_English_Vocabulary_in_the_Tie-chiu_Dialect,33
chiàng,Chiàng 3-,,,獎,,To assist; praise; encourage.,,,,008_A_Chinese_and_English_Vocabulary_in_the_Tie-chiu_Dialect,33
chiàng,Chiàng 3-,,,傽,,Madly; blindly; to fall down.,,,,008_A_Chinese_and_English_Vocabulary_in_the_Tie-chiu_Dialect,33
chiàng,Chiàng 3-,,,悵,,Regret; disappointment.,,,,008_A_Chinese_and_English_Vocabulary_in_the_Tie-chiu_Dialect,33
chiàⁿ,Chⁿia 3-,,,正,,Upright; correct.,,,,008_A_Chinese_and_English_Vocabulary_in_the_Tie-chiu_Dialect,32
chiá,Chia 2,,,者,,A particle placed after verbs to denote the agent of the action.,,,,008_A_Chinese_and_English_Vocabulary_in_the_Tie-chiu_Dialect,31
chiá,Chia 2,,,赭,,Carnation color; red earth.,,,,008_A_Chinese_and_English_Vocabulary_in_the_Tie-chiu_Dialect,31
chiáng,Chiàng 2,,,長,,To increase by growth; to extend.,,,,008_A_Chinese_and_English_Vocabulary_in_the_Tie-chiu_Dialect,33
chiáⁿ,Chⁿia 2,,,整,,To repair; put in order; to adorn.,,,,008_A_Chinese_and_English_Vocabulary_in_the_Tie-chiu_Dialect,32
chiã,Chia -3,,,籍,,A list; register; book; to register.,,,,008_A_Chinese_and_English_Vocabulary_in_the_Tie-chiu_Dialect,31
chiã,Chia -3,,,藉,,To rely on; avail one's self of; to assist.,,,,008_A_Chinese_and_English_Vocabulary_in_the_Tie-chiu_Dialect,31
chiãm,Chiam -3,,,塹,,To arrange; spread out in order; ranks; army.,,,,008_A_Chinese_and_English_Vocabulary_in_the_Tie-chiu_Dialect,32
chiãm,Chiam -3,,,暫,,A short time; suddenly.,,,,008_A_Chinese_and_English_Vocabulary_in_the_Tie-chiu_Dialect,32
chiãm,Chiam -3,,,漸,,Gradually; to moisten; to dye; saturate.,,,,008_A_Chinese_and_English_Vocabulary_in_the_Tie-chiu_Dialect,32
chiãng,Chiàng -3,,,丈,,A measure of ten cubits; an aged man.,,,,008_A_Chinese_and_English_Vocabulary_in_the_Tie-chiu_Dialect,33
chiãng,Chiàng -3,,,仗,,"Weapons of war—as sword, spear, lance.",,,,008_A_Chinese_and_English_Vocabulary_in_the_Tie-chiu_Dialect,33
chiãng,Chiàng -3,,,杖,,A staff; a cudgel; to lean upon; hold; to beat with a staff; iron bar.,,,,008_A_Chinese_and_English_Vocabulary_in_the_Tie-chiu_Dialect,33
chiãng,Chiàng -3,,,匠,,A mechanic; artificer.,,,,008_A_Chinese_and_English_Vocabulary_in_the_Tie-chiu_Dialect,33
chiè,Chie 3-,,,照,,To illumine; take care of; according to; like as.,,,,008_A_Chinese_and_English_Vocabulary_in_the_Tie-chiu_Dialect,34
chiè,Chie 3-,,,譙,,To censure; blame; to ridicule.,,,,008_A_Chinese_and_English_Vocabulary_in_the_Tie-chiu_Dialect,34
chiè,Chie 3-,,,醮,,To burn incense of victims & pour out oblations; to complete; to invite to take wine.,,,,008_A_Chinese_and_English_Vocabulary_in_the_Tie-chiu_Dialect,34
chièn,Chien 3-,,,戰,,To fight; war; battle; to be struck with fear.,,,,008_A_Chinese_and_English_Vocabulary_in_the_Tie-chiu_Dialect,35
chièⁿ,Chⁿie 3-,,,醬,,"A kind of pickle; a mode of preserving meat, rice, &c.",,,,008_A_Chinese_and_English_Vocabulary_in_the_Tie-chiu_Dialect,34
chién,Chien 2,,,殄,,To end; terminate; destroy.,,,,008_A_Chinese_and_English_Vocabulary_in_the_Tie-chiu_Dialect,35
chién,Chien 2,,,畛,,A dike that serves as a path and a division of fields; to terminate; to announce.,,,,008_A_Chinese_and_English_Vocabulary_in_the_Tie-chiu_Dialect,35
chién,Chien 2,,,疹,,A disease that breaks out in pustules with fever; pox.,,,,008_A_Chinese_and_English_Vocabulary_in_the_Tie-chiu_Dialect,35
chién,Chien 2,,,紾,,Bent; perverse; to twist; single garments.,,,,008_A_Chinese_and_English_Vocabulary_in_the_Tie-chiu_Dialect,35
chién,Chien 2,,,袗,,A black garment; single raiment; garments with flowers.,,,,008_A_Chinese_and_English_Vocabulary_in_the_Tie-chiu_Dialect,35
chién,Chien 2,,,診,,To examine; try or verify.,,,,008_A_Chinese_and_English_Vocabulary_in_the_Tie-chiu_Dialect,35
chién,Chien 2,,,趁,,To walk briskly up to; to embrace an opportunity.,,,,008_A_Chinese_and_English_Vocabulary_in_the_Tie-chiu_Dialect,35
chién,Chien 2,,,俴,,Shallow; thin; thin metal.,,,,008_A_Chinese_and_English_Vocabulary_in_the_Tie-chiu_Dialect,35
chién,Chien 2,,,踐,,To tread upon; to talk in a certain path.,,,,008_A_Chinese_and_English_Vocabulary_in_the_Tie-chiu_Dialect,35
chién,Chien 2,,,餞,,To present with food or drink; to make a present.,,,,008_A_Chinese_and_English_Vocabulary_in_the_Tie-chiu_Dialect,35
chién,Chien 2,,,剪,,To cut with scissors; shear.,,,,008_A_Chinese_and_English_Vocabulary_in_the_Tie-chiu_Dialect,35
chién,Chien 2,,,翦,,Even and regular; scissors; to cut with scissors.,,,,008_A_Chinese_and_English_Vocabulary_in_the_Tie-chiu_Dialect,35
chién,Chien 2,,,燼,,The residue of what is consumed by fire; ashes.,,,,008_A_Chinese_and_English_Vocabulary_in_the_Tie-chiu_Dialect,35
chiéⁿ,Chⁿie 2,,,掌,,The palm of the hand; to strike with the hand; to rule; to grasp.,,,,008_A_Chinese_and_English_Vocabulary_in_the_Tie-chiu_Dialect,34
chiéⁿ,Chⁿie 2,,,槳,,An oar; a short oar.,,,,008_A_Chinese_and_English_Vocabulary_in_the_Tie-chiu_Dialect,34
chiòu,Chio 3-,,,詔,,To declare; promulgate; teach; a proclamation.,,,,008_A_Chinese_and_English_Vocabulary_in_the_Tie-chiu_Dialect,37
chióu,Chio 2,,,鳥,,A bird; fowl.,,,,008_A_Chinese_and_English_Vocabulary_in_the_Tie-chiu_Dialect,37
chiôu,Chio -1,,,昭,,Bright; splendid; light; to illumine.,,,,008_A_Chinese_and_English_Vocabulary_in_the_Tie-chiu_Dialect,36
chiôu,Chio -1,,,焦,,Burned; seared; vexatious; anxiety; distress.,,,,008_A_Chinese_and_English_Vocabulary_in_the_Tie-chiu_Dialect,36
chiôu,Chio -1,,,僬,,Clear discernment; having examined fully.,,,,008_A_Chinese_and_English_Vocabulary_in_the_Tie-chiu_Dialect,36
chiôu,Chio -1,,,噍,,To eat; chew; a hurried voice of tone.,,,,008_A_Chinese_and_English_Vocabulary_in_the_Tie-chiu_Dialect,36
chiôu,Chio -1,,,憔,,Lean from hunger and distress of mind.,,,,008_A_Chinese_and_English_Vocabulary_in_the_Tie-chiu_Dialect,37
chiôu,Chio -1,,,椎,,A bludgeon; club; hammer; mallet.,,,,008_A_Chinese_and_English_Vocabulary_in_the_Tie-chiu_Dialect,37
chiôu,Chio -1,,,釗,,Distant; to exert strength.,,,,008_A_Chinese_and_English_Vocabulary_in_the_Tie-chiu_Dialect,37
chiôu,Chio -1,,,朝,,Morning; to wait on the emperor or other high officers.,,,,008_A_Chinese_and_English_Vocabulary_in_the_Tie-chiu_Dialect,37
chiù,Chiu 3-,,,咒,,To curse; to rail.,,,,008_A_Chinese_and_English_Vocabulary_in_the_Tie-chiu_Dialect,38
chiú,Chiu 2,,,酒,,Wine; spirituous liquor.,,,,008_A_Chinese_and_English_Vocabulary_in_the_Tie-chiu_Dialect,38
chiú,Chiu 2,,,肘,,The fore arm; elbow; the muscles of the legs and arms.,,,,008_A_Chinese_and_English_Vocabulary_in_the_Tie-chiu_Dialect,38
chiũ,Chiu -3,,,就,,To go to; approach; immediately; then; to complete.,,,,008_A_Chinese_and_English_Vocabulary_in_the_Tie-chiu_Dialect,38
chi̍h,Chi -4,,,舌,,"The tongue; tongue of a bell, etc.",,,,008_A_Chinese_and_English_Vocabulary_in_the_Tie-chiu_Dialect,29
chi̍h,Chi -4,,,折,,To pull or break open or in pieces; to diminish; to decide; reprove.,,,,008_A_Chinese_and_English_Vocabulary_in_the_Tie-chiu_Dialect,30
chi̍h,Chi -4,,,析,,To split wood; to divide; discriminate.,,,,008_A_Chinese_and_English_Vocabulary_in_the_Tie-chiu_Dialect,30
chi̍h,Chi -4,,,淅,,To wash rice; name of a river and province.,,,,008_A_Chinese_and_English_Vocabulary_in_the_Tie-chiu_Dialect,30
chi̍p,Chip -4,,,集,,To collect; to mix.,,,,008_A_Chinese_and_English_Vocabulary_in_the_Tie-chiu_Dialect,37
chi̍p,Chip -4,,,執,,To take hold of; grasp; apprehend; persecute.,,,,008_A_Chinese_and_English_Vocabulary_in_the_Tie-chiu_Dialect,37
chi̍p,Chip -4,,,縶,,To tie; bind; fasten.,,,,008_A_Chinese_and_English_Vocabulary_in_the_Tie-chiu_Dialect,37
chi̍t,Chit -4,,,疾,,Urgent; vehement; to envy; to hate; disease; sick.,,,,008_A_Chinese_and_English_Vocabulary_in_the_Tie-chiu_Dialect,37
chi̍t,Chit -4,,,嫉,,Jealous; envy.,,,,008_A_Chinese_and_English_Vocabulary_in_the_Tie-chiu_Dialect,37
chi̍t,Chit -4,,,蒺,,A medicinal plant.,,,,008_A_Chinese_and_English_Vocabulary_in_the_Tie-chiu_Dialect,37
chiẽn,Chien -3,,,濺,,A rapid perturbed current.,A rapid purturbed current.,,,008_A_Chinese_and_English_Vocabulary_in_the_Tie-chiu_Dialect,35
chiẽⁿ,Chⁿie -3,,,上,,To ascend; go up; high.,,,,008_A_Chinese_and_English_Vocabulary_in_the_Tie-chiu_Dialect,34
chiẽⁿ,Chⁿie -3,,,𤻰,,To itch; the itch.,,,,008_A_Chinese_and_English_Vocabulary_in_the_Tie-chiu_Dialect,34
chiⁿ,Chⁿi 1,,,支,,"A branch; to branch out; to measure; the 12 divisions of time, of 2 hours each.",,,,008_A_Chinese_and_English_Vocabulary_in_the_Tie-chiu_Dialect,31
chiⁿ,Chⁿi 1,,,毡,,A carpet for a floor.,,,,008_A_Chinese_and_English_Vocabulary_in_the_Tie-chiu_Dialect,31
chiⁿ,Chⁿi 1,,,氈,,Cloth or felt made of hair.,,,,008_A_Chinese_and_English_Vocabulary_in_the_Tie-chiu_Dialect,31
chè,Che 3-,,,寨,,A camp; barracks; a sheep-fold.,,,,008_A_Chinese_and_English_Vocabulary_in_the_Tie-chiu_Dialect,26
chè,Che 3-,,,債,,To bear a burden; to be in debt; a debt.,,,,008_A_Chinese_and_English_Vocabulary_in_the_Tie-chiu_Dialect,26
chèng,Cheng 3-,,,衆,,The multitude; many.,,,,008_A_Chinese_and_English_Vocabulary_in_the_Tie-chiu_Dialect,28
chèng,Cheng 3-,,,政,,Government; laws; to rule.,,,,008_A_Chinese_and_English_Vocabulary_in_the_Tie-chiu_Dialect,28
chèng,Cheng 3-,,,症,,Sickness; a diseased state of body.,,,,008_A_Chinese_and_English_Vocabulary_in_the_Tie-chiu_Dialect,28
chèng,Cheng 3-,,,証,,To remonstrate; to prove; testify; substantiate.,,,,008_A_Chinese_and_English_Vocabulary_in_the_Tie-chiu_Dialect,28
chèng,Cheng 3-,,,證,,To testify; bear witness; evidence.,,,,008_A_Chinese_and_English_Vocabulary_in_the_Tie-chiu_Dialect,28
chèng,Cheng 3-,,,種,,Seed; sort; class.,,,,008_A_Chinese_and_English_Vocabulary_in_the_Tie-chiu_Dialect,28
ché,Che 2,,,這,,This.,,,,008_A_Chinese_and_English_Vocabulary_in_the_Tie-chiu_Dialect,26
ché,Che 2,,,赭,,Red earth; carnation color.,,,,008_A_Chinese_and_English_Vocabulary_in_the_Tie-chiu_Dialect,26
ché,Che 2,,,姐,,An older sister.,,,,008_A_Chinese_and_English_Vocabulary_in_the_Tie-chiu_Dialect,26
chéng,Cheng 2,,,腫,,To swell; a swelling; inflated.,,,,008_A_Chinese_and_English_Vocabulary_in_the_Tie-chiu_Dialect,28
chéng,Cheng 2,,,種,,To plant; sow.,,,,008_A_Chinese_and_English_Vocabulary_in_the_Tie-chiu_Dialect,28
chéⁿ,Chⁿe 2,,,井,,A well; spring; order; land divided into parts.,,,,008_A_Chinese_and_English_Vocabulary_in_the_Tie-chiu_Dialect,26
chéⁿ,Chⁿe 2,,,阱,,A pit; ditch; to fall into a pit.,,,,008_A_Chinese_and_English_Vocabulary_in_the_Tie-chiu_Dialect,26
chêⁿ,Chⁿe -1,,,晴,,Clear sky after rain.,,,,008_A_Chinese_and_English_Vocabulary_in_the_Tie-chiu_Dialect,26
chì,Chi 3-,,,制,,To cut and form; adjust; regulate; rule; make.,,,,008_A_Chinese_and_English_Vocabulary_in_the_Tie-chiu_Dialect,29
chì,Chi 3-,,,掣,,To hinder; embarrass.,,,,008_A_Chinese_and_English_Vocabulary_in_the_Tie-chiu_Dialect,29
chì,Chi 3-,,,製,,To make; fashion; regulate; decide.,,,,008_A_Chinese_and_English_Vocabulary_in_the_Tie-chiu_Dialect,29
chì,Chi 3-,,,幟,,A banner; pendant; to attach to.,,,,008_A_Chinese_and_English_Vocabulary_in_the_Tie-chiu_Dialect,29
chì,Chi 3-,,,熾,,A flame of fire; bright; splendor.,,,,008_A_Chinese_and_English_Vocabulary_in_the_Tie-chiu_Dialect,29
chì,Chi 3-,,,識,,An inscription; epitaph; to remember.,,,,008_A_Chinese_and_English_Vocabulary_in_the_Tie-chiu_Dialect,29
chì,Chi 3-,,,躓,,To stumble.,,,,008_A_Chinese_and_English_Vocabulary_in_the_Tie-chiu_Dialect,29
chì,Chi 3-,,,志,,The will; purpose.,,,,008_A_Chinese_and_English_Vocabulary_in_the_Tie-chiu_Dialect,29
chì,Chi 3-,,,誌,,Historical annals; to remember.,,,,008_A_Chinese_and_English_Vocabulary_in_the_Tie-chiu_Dialect,29
chì,Chi 3-,,,摯,,To grasp with the hand; to hurt; to offer a present.,,,,008_A_Chinese_and_English_Vocabulary_in_the_Tie-chiu_Dialect,29
chì,Chi 3-,,,縶,,To sew; tie or fasten together.,,,,008_A_Chinese_and_English_Vocabulary_in_the_Tie-chiu_Dialect,29
chì,Chi 3-,,,贄,,A present made being introduced to a superior.,,,,008_A_Chinese_and_English_Vocabulary_in_the_Tie-chiu_Dialect,29
chì,Chi 3-,,,至,,To go or come to; arrive at; extreme; best.,,,,008_A_Chinese_and_English_Vocabulary_in_the_Tie-chiu_Dialect,29
chì,Chi 3-,,,祭,,To carry human affairs before the gods; to sacrifice.,,,,008_A_Chinese_and_English_Vocabulary_in_the_Tie-chiu_Dialect,29
chì,Chi 3-,,,際,,A limit; a place where two things meet; interval.,,,,008_A_Chinese_and_English_Vocabulary_in_the_Tie-chiu_Dialect,29
chì,Chi 3-,,,劑,,To pare and clip; adjust; blend in due proportion.,,,,008_A_Chinese_and_English_Vocabulary_in_the_Tie-chiu_Dialect,29
chì,Chi 3-,,,擠,,To push; press upon; put in order.,,,,008_A_Chinese_and_English_Vocabulary_in_the_Tie-chiu_Dialect,29
chì,Chi 3-,,,濟,,Name of a river; to resist; help.,,,,008_A_Chinese_and_English_Vocabulary_in_the_Tie-chiu_Dialect,29
chì,Chi 3-,,,霽,,To stop raining; fair sky after rain.,,,,008_A_Chinese_and_English_Vocabulary_in_the_Tie-chiu_Dialect,29
chì,Chi 3-,,,晰,,Clear; bright.,,,,008_A_Chinese_and_English_Vocabulary_in_the_Tie-chiu_Dialect,29
chì,Chi 3-,,,瘛,,A disease of children.,,,,008_A_Chinese_and_English_Vocabulary_in_the_Tie-chiu_Dialect,29
chìm,Chim 3-,,,浸,,To soak into; to soak.,,,,008_A_Chinese_and_English_Vocabulary_in_the_Tie-chiu_Dialect,35
chìm,Chim 3-,,,𣹦,,To water; to drench to saturate; gradually,,,,008_A_Chinese_and_English_Vocabulary_in_the_Tie-chiu_Dialect,35
chìn,Chin 3-,,,進,,"To advance; to introduce; recommend, exert one's self.",,,,008_A_Chinese_and_English_Vocabulary_in_the_Tie-chiu_Dialect,36
chìn,Chin 3-,,,薦,,To introduce; recommend; pasture; grass.,,,,008_A_Chinese_and_English_Vocabulary_in_the_Tie-chiu_Dialect,36
chìn,Chin 3-,,,荐,,Grass; vegetables; pasture; to continue still as before.,,,,008_A_Chinese_and_English_Vocabulary_in_the_Tie-chiu_Dialect,36
chìn,Chin 3-,,,晋,,To increase; attach to; name of a Chinese dynasty.,,,,008_A_Chinese_and_English_Vocabulary_in_the_Tie-chiu_Dialect,36
chìn,Chin 3-,,,縉,,To attach to one; wrap around; carnation color; silk.,,,,008_A_Chinese_and_English_Vocabulary_in_the_Tie-chiu_Dialect,36
chìⁿ,Chⁿi 3-,,,擠,,To push; to press upon; to put in order.,,,,008_A_Chinese_and_English_Vocabulary_in_the_Tie-chiu_Dialect,31
chìⁿ,Chⁿi 3-,,,箭,,An arrow; small bamboo.,,,,008_A_Chinese_and_English_Vocabulary_in_the_Tie-chiu_Dialect,31
chí,Chi 2,,,旨,,"Excellent; the meaning or import of; will, purpose or decree.",,,,008_A_Chinese_and_English_Vocabulary_in_the_Tie-chiu_Dialect,28
chí,Chi 2,,,指,,To point with the finger; to refer to.,,,,008_A_Chinese_and_English_Vocabulary_in_the_Tie-chiu_Dialect,28
chí,Chi 2,,,詣,,To go in person.,,,,008_A_Chinese_and_English_Vocabulary_in_the_Tie-chiu_Dialect,28
chí,Chi 2,,,虀,,Variety of herbs blended together; broken; in confusion.,,,,008_A_Chinese_and_English_Vocabulary_in_the_Tie-chiu_Dialect,28
chí,Chi 2,,,止,,To stop; only.,,,,008_A_Chinese_and_English_Vocabulary_in_the_Tie-chiu_Dialect,29
chí,Chi 2,,,址,,Foundation.,,,,008_A_Chinese_and_English_Vocabulary_in_the_Tie-chiu_Dialect,29
chí,Chi 2,,,扯,,To pull or tear with the hand; drag; pull open.,,,,008_A_Chinese_and_English_Vocabulary_in_the_Tie-chiu_Dialect,29
chí,Chi 2,,,祉,,Happiness; felicity.,,,,008_A_Chinese_and_English_Vocabulary_in_the_Tie-chiu_Dialect,29
chí,Chi 2,,,芷,,A fragrant medicinal plant.,,,,008_A_Chinese_and_English_Vocabulary_in_the_Tie-chiu_Dialect,29
chí,Chi 2,,,趾,,A foundation; the toes.,,,,008_A_Chinese_and_English_Vocabulary_in_the_Tie-chiu_Dialect,29
chí,Chi 2,,,只,,Only; singly; this and no more; merely.,,,,008_A_Chinese_and_English_Vocabulary_in_the_Tie-chiu_Dialect,29
chí,Chi 2,,,枳,,A thorny wood of which hedges are made.,,,,008_A_Chinese_and_English_Vocabulary_in_the_Tie-chiu_Dialect,29
chí,Chi 2,,,咫,,"The ancient cubit, eight tenths of the present.",,,,008_A_Chinese_and_English_Vocabulary_in_the_Tie-chiu_Dialect,29
chí,Chi 2,,,紫,,A nankin color; red; brown.,,,,008_A_Chinese_and_English_Vocabulary_in_the_Tie-chiu_Dialect,29
chí,Chi 2,,,姊,,An older sister; a mistress.,,,,008_A_Chinese_and_English_Vocabulary_in_the_Tie-chiu_Dialect,29
chím,Chim 2,,,枕,,A post or block to fasten cattle or horses to.,,,,008_A_Chinese_and_English_Vocabulary_in_the_Tie-chiu_Dialect,35
chín,Chin 2,,,搢,,To insert; attach to; to introduce; to take.,,,,008_A_Chinese_and_English_Vocabulary_in_the_Tie-chiu_Dialect,36
chín,Chin 2,,,拯,,To deliver; draw out.,,,,008_A_Chinese_and_English_Vocabulary_in_the_Tie-chiu_Dialect,36
chín,Chin 2,,,侲,,Boys from ten to twelve years of age; good.,,,,008_A_Chinese_and_English_Vocabulary_in_the_Tie-chiu_Dialect,36
chín,Chin 2,,,娠,,To be pregnant; motion of the child in the womb.,,,,008_A_Chinese_and_English_Vocabulary_in_the_Tie-chiu_Dialect,36
chín,Chin 2,,,振,,To shake; excite; adjust; repair.,,,,008_A_Chinese_and_English_Vocabulary_in_the_Tie-chiu_Dialect,36
chín,Chin 2,,,賑,,Rich; to enrich; to supply the wants of; give to.,,,,008_A_Chinese_and_English_Vocabulary_in_the_Tie-chiu_Dialect,36
chín,Chin 2,,,震,,To shake; agitate; begin.,,,,008_A_Chinese_and_English_Vocabulary_in_the_Tie-chiu_Dialect,36
chíⁿ,Chⁿi 2,,,穉,,Young grain; young; small; tender.,,,,008_A_Chinese_and_English_Vocabulary_in_the_Tie-chiu_Dialect,31
chî,Chi -1,,,躋,,To ascend; climb a rugged hill.,,,,008_A_Chinese_and_English_Vocabulary_in_the_Tie-chiu_Dialect,28
chî,Chi -1,,,咥,,A loud laugh; laughing.,,,,008_A_Chinese_and_English_Vocabulary_in_the_Tie-chiu_Dialect,28
chîⁿ,Chⁿi -1,,,錢,,Wealth; copper coin; money.,,,,008_A_Chinese_and_English_Vocabulary_in_the_Tie-chiu_Dialect,31
chîⁿ,Chⁿi -1,,,瘵,,Disease; contagious distemper.,,,,008_A_Chinese_and_English_Vocabulary_in_the_Tie-chiu_Dialect,31
chĩ,Chi -3,,,已,,"A horary character, from 9 to 11 o'clock A.M.",,,,008_A_Chinese_and_English_Vocabulary_in_the_Tie-chiu_Dialect,29
chĩ,Chi -3,,,餂,,Sweet taste; excellent.,,,,008_A_Chinese_and_English_Vocabulary_in_the_Tie-chiu_Dialect,29
chĩ,Chi -3,,,舐,,To lick with the tongue.,,,,008_A_Chinese_and_English_Vocabulary_in_the_Tie-chiu_Dialect,29
chĩn,Chin -3,,,盡,,To exhaust; finish; entirely; the extreme point.,,,,008_A_Chinese_and_English_Vocabulary_in_the_Tie-chiu_Dialect,36
chẽng,Cheng -3,,,凈,,To wash; clean; pure.,,,,008_A_Chinese_and_English_Vocabulary_in_the_Tie-chiu_Dialect,28
chẽng,Cheng -3,,,睜,,To stare with displeasure; look with anger.,,,,008_A_Chinese_and_English_Vocabulary_in_the_Tie-chiu_Dialect,28
chẽng,Cheng -3,,,諍,,To remonstrate; dissuade.,,,,008_A_Chinese_and_English_Vocabulary_in_the_Tie-chiu_Dialect,28
chẽng,Cheng -3,,,凊,,Intense cold.,,,,008_A_Chinese_and_English_Vocabulary_in_the_Tie-chiu_Dialect,28
chẽng,Cheng -3,,,靖,,Clean; fine; careful thought; to plan; order.,,,,008_A_Chinese_and_English_Vocabulary_in_the_Tie-chiu_Dialect,28
chẽⁿ,Chⁿe -3,,,靜,,To judge; to be silent; quiet; stillness.,,,,008_A_Chinese_and_English_Vocabulary_in_the_Tie-chiu_Dialect,26
e,E 1,,,耶,,An interrogative particle.,,,,008_A_Chinese_and_English_Vocabulary_in_the_Tie-chiu_Dialect,47
eh,E 4,,,厄,,Knots of trees; to oppress; to be ill used; in distress.,,,,008_A_Chinese_and_English_Vocabulary_in_the_Tie-chiu_Dialect,48
eh,E 4,,,扼,,To seize with the hand; grasp; to pull.,,,,008_A_Chinese_and_English_Vocabulary_in_the_Tie-chiu_Dialect,48
eh,E 4,,,軛,,A yoke.,,,,008_A_Chinese_and_English_Vocabulary_in_the_Tie-chiu_Dialect,48
eng,Eng 1,,,英,,"Great talent and virtue; excellent; luxuriant; flourishing; English, England.",,,,008_A_Chinese_and_English_Vocabulary_in_the_Tie-chiu_Dialect,48
eng,Eng 1,,,鍈,,The sound of a bell.,,,,008_A_Chinese_and_English_Vocabulary_in_the_Tie-chiu_Dialect,48
eng,Eng 1,,,嬰,,A sucking child; a female infant; to add; to bind.,,,,008_A_Chinese_and_English_Vocabulary_in_the_Tie-chiu_Dialect,48
eng,Eng 1,,,孾,,A child.,,,,008_A_Chinese_and_English_Vocabulary_in_the_Tie-chiu_Dialect,48
eng,Eng 1,,,攖,,To take hold of with the fingers.,,,,008_A_Chinese_and_English_Vocabulary_in_the_Tie-chiu_Dialect,48
eng,Eng 1,,,櫻,,Name of a fruit; a cherry.,,,,008_A_Chinese_and_English_Vocabulary_in_the_Tie-chiu_Dialect,48
eng,Eng 1,,,癭,,A swelling in the neck.,,,,008_A_Chinese_and_English_Vocabulary_in_the_Tie-chiu_Dialect,48
eng,Eng 1,,,纓,,Strings or tassels; cap strings.,,,,008_A_Chinese_and_English_Vocabulary_in_the_Tie-chiu_Dialect,48
eng,Eng 1,,,鸚,,Name of a bird; a parrot.,,,,008_A_Chinese_and_English_Vocabulary_in_the_Tie-chiu_Dialect,48
eng,Eng 1,,,膺,,The breast; near related to; to sustain; to receive.,,,,008_A_Chinese_and_English_Vocabulary_in_the_Tie-chiu_Dialect,48
eng,Eng 1,,,鷹,,The eagle; hawk; falcon.,,,,008_A_Chinese_and_English_Vocabulary_in_the_Tie-chiu_Dialect,48
eng,Eng 1,,,鶯,,A certain bird; variegated feathers.,,,,008_A_Chinese_and_English_Vocabulary_in_the_Tie-chiu_Dialect,48
e̍k,Ek -4,,,懌,,Pleased; gratified.,,,,008_A_Chinese_and_English_Vocabulary_in_the_Tie-chiu_Dialect,48
e̍k,Ek -4,,,斁,,To open; to destroy; put an end to.,,,,008_A_Chinese_and_English_Vocabulary_in_the_Tie-chiu_Dialect,48
e̍k,Ek -4,,,繹,,To arrange; state or explain; proceed in order; to end.,,,,008_A_Chinese_and_English_Vocabulary_in_the_Tie-chiu_Dialect,48
e̍k,Ek -4,,,譯,,To translate; a translation.,,,,008_A_Chinese_and_English_Vocabulary_in_the_Tie-chiu_Dialect,48
e̍k,Ek -4,,,億,,"A hundred thousand; an immense, indefinite number.",,,,008_A_Chinese_and_English_Vocabulary_in_the_Tie-chiu_Dialect,48
e̍k,Ek -4,,,憶,,To remember; to consider.,,,,008_A_Chinese_and_English_Vocabulary_in_the_Tie-chiu_Dialect,48
e̍k,Ek -4,,,臆,,The breast; full; swelled out; puffed up.,,,,008_A_Chinese_and_English_Vocabulary_in_the_Tie-chiu_Dialect,48
e̍k,Ek -4,,,溢,,To overflow; inundate; a certain measure.,,,,008_A_Chinese_and_English_Vocabulary_in_the_Tie-chiu_Dialect,48
e̍k,Ek -4,,,鎰,,A certain quantity or weight; 20 or 30 ounces.,,,,008_A_Chinese_and_English_Vocabulary_in_the_Tie-chiu_Dialect,48
e̍k,Ek -4,,,掖,,To support or lead by the arm; the arm-pit.,,,,008_A_Chinese_and_English_Vocabulary_in_the_Tie-chiu_Dialect,48
e̍k,Ek -4,,,液,,Saliva or secretion from the nose; dregs.,,,,008_A_Chinese_and_English_Vocabulary_in_the_Tie-chiu_Dialect,48
e̍k,Ek -4,,,腋,,Under the arm; arm-pit; the side; near to one.,,,,008_A_Chinese_and_English_Vocabulary_in_the_Tie-chiu_Dialect,48
e̍k,Ek -4,,,弋,,An arrow with a string attached to it; to seize upon; to take possession of.,,,,008_A_Chinese_and_English_Vocabulary_in_the_Tie-chiu_Dialect,48
e̍k,Ek -4,,,弈,,"A chess-boad; to play chess, large; extensive; of long continuance.",,,,008_A_Chinese_and_English_Vocabulary_in_the_Tie-chiu_Dialect,48
e̍k,Ek -4,,,易,,Change; alteration; transmutation.,,,,008_A_Chinese_and_English_Vocabulary_in_the_Tie-chiu_Dialect,48
e̍k,Ek -4,,,翼,,The wings of a fowl.,,,,008_A_Chinese_and_English_Vocabulary_in_the_Tie-chiu_Dialect,48
gai,Gai 1,,,碍,,To impede; hinder; oppose; an impediment.,,,,008_A_Chinese_and_English_Vocabulary_in_the_Tie-chiu_Dialect,49
gai,Gai 1,,,礙,,To impede; hinder; oppose; an impediment.,,,,008_A_Chinese_and_English_Vocabulary_in_the_Tie-chiu_Dialect,49
gauh,Gau 4,,,樂,,Instrumental music.,,,,008_A_Chinese_and_English_Vocabulary_in_the_Tie-chiu_Dialect,49
ge,Ge 1,,,𡤫,,A woman affecting pretty airs.,,,,008_A_Chinese_and_English_Vocabulary_in_the_Tie-chiu_Dialect,49
ge̍k,Gek -4,,,玉,,A gem; a precious stone.,,,,008_A_Chinese_and_English_Vocabulary_in_the_Tie-chiu_Dialect,49
ge̍k,Gek -4,,,獄,,A prison; jail.,,,,008_A_Chinese_and_English_Vocabulary_in_the_Tie-chiu_Dialect,49
giâ,Gia -1,,,呀,,An interjection; tone of alarm.,,,,008_A_Chinese_and_English_Vocabulary_in_the_Tie-chiu_Dialect,49
giâ,Gia -1,,,訝,,To deem strange; express surprise; to receive a visitor.,,,,008_A_Chinese_and_English_Vocabulary_in_the_Tie-chiu_Dialect,49
giâ,Gia -1,,,迓,,To go forth to meet; to descend to.,,,,008_A_Chinese_and_English_Vocabulary_in_the_Tie-chiu_Dialect,49
gou,Go 1,,,悞,,Deceitful; false; erroneous; to err; fail; deceive; to lead astray.,,,,008_A_Chinese_and_English_Vocabulary_in_the_Tie-chiu_Dialect,49
gou,Go 1,,,誤,,Deceitful; false; erroneous; to err; fail; deceive; to lead astray.,,,,008_A_Chinese_and_English_Vocabulary_in_the_Tie-chiu_Dialect,49
gueh,Gue 4,,,月,,A moon; a month.,,,,008_A_Chinese_and_English_Vocabulary_in_the_Tie-chiu_Dialect,50
gê,Ge -1,,,牙,,A tooth; the incisor teeth.,,,,008_A_Chinese_and_English_Vocabulary_in_the_Tie-chiu_Dialect,49
gê,Ge -1,,,芽,,To bud forth; to begin; a bud; a germ.,,,,008_A_Chinese_and_English_Vocabulary_in_the_Tie-chiu_Dialect,49
gê,Ge -1,,,衙,,A civil or military court; a government office.,,,,008_A_Chinese_and_English_Vocabulary_in_the_Tie-chiu_Dialect,49
gî,Gi -1,,,疑,,To doubt; suspect; dislike; doubt; suspicion.,,,,008_A_Chinese_and_English_Vocabulary_in_the_Tie-chiu_Dialect,49
gô,Gó -1,,,鵝,,A goose.,,,,008_A_Chinese_and_English_Vocabulary_in_the_Tie-chiu_Dialect,49
gôi,Goi -1,,,倪,,An appellation of small children; to benefit; a limit.,,,,008_A_Chinese_and_English_Vocabulary_in_the_Tie-chiu_Dialect,49
gôu,Go -1,,,吳,,To talk loud; boast; a proper name.,,,,008_A_Chinese_and_English_Vocabulary_in_the_Tie-chiu_Dialect,49
gôu,Go -1,,,蜈,,A species of centipede.,,,,008_A_Chinese_and_English_Vocabulary_in_the_Tie-chiu_Dialect,49
gû,Gu -1,,,牛,,A cow; the bovine species.,,,,008_A_Chinese_and_English_Vocabulary_in_the_Tie-chiu_Dialect,49
gō,Gó 3,,,餓,,Hungry; hunger; famine.,,,,008_A_Chinese_and_English_Vocabulary_in_the_Tie-chiu_Dialect,49
gōi,Goi 3,,,藝,,Business or occupation of life; any art or craft; the polite arts.,,,,008_A_Chinese_and_English_Vocabulary_in_the_Tie-chiu_Dialect,49
gūa,Gua 3,,,外,,External; outside; over and above.,,,,008_A_Chinese_and_English_Vocabulary_in_the_Tie-chiu_Dialect,50
gṳ́,Gù 2,,,語,,Words; speech; discourse; to speak; tell; discuss.,,,,008_A_Chinese_and_English_Vocabulary_in_the_Tie-chiu_Dialect,49
gṳ̃,Gù -3,,,御,,To drive a horse and carriage; whatever is done by the emperor is designated by this word.,,,,008_A_Chinese_and_English_Vocabulary_in_the_Tie-chiu_Dialect,50
gṳ̃,Gù -3,,,禦,,To oppose; hinder; cause to stop; to sacrifice.,,,,008_A_Chinese_and_English_Vocabulary_in_the_Tie-chiu_Dialect,50
gṳ̃,Gù -3,,,馭,,A horse keeper or driver; a charioteer.,,,,008_A_Chinese_and_English_Vocabulary_in_the_Tie-chiu_Dialect,50
hak,Hák 4,,,壑,,A ditch; valley; creek; bed of a torrent; a pit.,,,,008_A_Chinese_and_English_Vocabulary_in_the_Tie-chiu_Dialect,50
hak,Hák 4,,,洫,,A ditch for water in a field; moat round a city; to overflow.,,,,008_A_Chinese_and_English_Vocabulary_in_the_Tie-chiu_Dialect,50
hak,Hák 4,,,涸,,Dried up; exhausted.,,,,008_A_Chinese_and_English_Vocabulary_in_the_Tie-chiu_Dialect,50
ham,Hám 1,,,酣,,Excited by wine but not drunken; cheerful.,,,,008_A_Chinese_and_English_Vocabulary_in_the_Tie-chiu_Dialect,51
han,Hán 1,,,看,,To watch; look after.,,,,008_A_Chinese_and_English_Vocabulary_in_the_Tie-chiu_Dialect,51
hap,Háp 4,,,𤸱,,Shortness of breath; disease of the throat; lameness.,,,,008_A_Chinese_and_English_Vocabulary_in_the_Tie-chiu_Dialect,51
hap,Háp 4,,,䐦,,Sleepy; desire to sleep.,,,,008_A_Chinese_and_English_Vocabulary_in_the_Tie-chiu_Dialect,51
hat,Hát 4,,,曷,,"Why? Why not? to intimidate, as by a sharp question.",,,,008_A_Chinese_and_English_Vocabulary_in_the_Tie-chiu_Dialect,52
hat,Hát 4,,,喝,,To thirst; a guttural sound; an angry exclamation.,,,,008_A_Chinese_and_English_Vocabulary_in_the_Tie-chiu_Dialect,52
hat,Hát 4,,,褐,,Hair cloth; coarse cloth; poor.,,,,008_A_Chinese_and_English_Vocabulary_in_the_Tie-chiu_Dialect,52
hat,Hát 4,,,謁,,To state; to declare; to petition; to visit a superior.,,,,008_A_Chinese_and_English_Vocabulary_in_the_Tie-chiu_Dialect,52
hat,Hát 4,,,害,,An interrogative particle; who? what? why?,,,,008_A_Chinese_and_English_Vocabulary_in_the_Tie-chiu_Dialect,52
hat,Hát 4,,,瞎,,Blind; ignorant.,,,,008_A_Chinese_and_English_Vocabulary_in_the_Tie-chiu_Dialect,52
hat,Hát 4,,,轄,,Noise of wheels; the iron at the end of an axle; to rule; regulate; authority.,,,,008_A_Chinese_and_English_Vocabulary_in_the_Tie-chiu_Dialect,52
hat,Hát 4,,,豁,,A valley; enlarge; liberal; to open and expand.,,,,008_A_Chinese_and_English_Vocabulary_in_the_Tie-chiu_Dialect,52
hau,Hau 1,,,昊,,Appearance of summer; brilliant.,,,,008_A_Chinese_and_English_Vocabulary_in_the_Tie-chiu_Dialect,52
hau,Hau 1,,,鴞,,"Name of a bird, not eatable and of unpleasant note.",,,,008_A_Chinese_and_English_Vocabulary_in_the_Tie-chiu_Dialect,52
hau,Hau 1,,,號,,The noise of weeping and crying; the roar of a tiger.,,,,008_A_Chinese_and_English_Vocabulary_in_the_Tie-chiu_Dialect,52
hau,Hau 1,,,饕,,Gluttonous; greedy; rapacious.,,,,008_A_Chinese_and_English_Vocabulary_in_the_Tie-chiu_Dialect,52
hau,Hau 1,,,顥,,Light and splendor of the sky; vast. numerous; happy.,,,,008_A_Chinese_and_English_Vocabulary_in_the_Tie-chiu_Dialect,52
ha̍h,Há -4,,,合,,To join; accord with; suit; united; agreeable to.,,,,008_A_Chinese_and_English_Vocabulary_in_the_Tie-chiu_Dialect,50
ha̍k,Hák -4,,,學,,To learn; receive instruction; to practice; a school.,,,,008_A_Chinese_and_English_Vocabulary_in_the_Tie-chiu_Dialect,50
ha̍p,Háp -4,,,盍,,Why? Why not?,,,,008_A_Chinese_and_English_Vocabulary_in_the_Tie-chiu_Dialect,51
he,He 1,,,嗄,,Hoarseness; change of voice.,,,,008_A_Chinese_and_English_Vocabulary_in_the_Tie-chiu_Dialect,52
hek,Hek 4,,,黑,,Black dark.,,,,008_A_Chinese_and_English_Vocabulary_in_the_Tie-chiu_Dialect,53
hek,Hek 4,,,赫,,Manifest; plain; clear; red hot; to burn; anger.,,,,008_A_Chinese_and_English_Vocabulary_in_the_Tie-chiu_Dialect,53
hek,Hek 4,,,嚇,,To threaten; the tone or voice of threatening.,,,,008_A_Chinese_and_English_Vocabulary_in_the_Tie-chiu_Dialect,53
hek,Hek 4,,,核,,The seed or kernel in fruit or grain; the nucleus.,,,,008_A_Chinese_and_English_Vocabulary_in_the_Tie-chiu_Dialect,53
hek,Hek 4,,,覈,,To investigate; put aside all glosses and ascertain the fact.,,,,008_A_Chinese_and_English_Vocabulary_in_the_Tie-chiu_Dialect,53
heng,Heng 1,,,興,,To rise; flourish; prosper; to set up; exalt; high.,,,,008_A_Chinese_and_English_Vocabulary_in_the_Tie-chiu_Dialect,53
heng,Heng 1,,,胸,,The breast; mind.,,,,008_A_Chinese_and_English_Vocabulary_in_the_Tie-chiu_Dialect,53
heng,Heng 1,,,享,,Pervading; going through with; success.,,,,008_A_Chinese_and_English_Vocabulary_in_the_Tie-chiu_Dialect,53
heng,Heng 1,,,馨,,Odors or spices; perfume.,,,,008_A_Chinese_and_English_Vocabulary_in_the_Tie-chiu_Dialect,53
hi,Hi 1,,,希,,To hope; expect; few; seldom; to stop; scatter.,,,,008_A_Chinese_and_English_Vocabulary_in_the_Tie-chiu_Dialect,53
hi,Hi 1,,,俙,,"To put on an honest face, when the heart is dishonest.",,,,008_A_Chinese_and_English_Vocabulary_in_the_Tie-chiu_Dialect,53
hi,Hi 1,,,唏,,To sigh or moan without shedding tears; to pant; snore.,,,,008_A_Chinese_and_English_Vocabulary_in_the_Tie-chiu_Dialect,53
hi,Hi 1,,,欷,,To sob; timid; snoring.,,,,008_A_Chinese_and_English_Vocabulary_in_the_Tie-chiu_Dialect,53
hi,Hi 1,,,稀,,Careless; remiss; few; scattered; apart.,,,,008_A_Chinese_and_English_Vocabulary_in_the_Tie-chiu_Dialect,53
hi,Hi 1,,,絺,,"A species of hemp or flax, or the cloth made from it.",,,,008_A_Chinese_and_English_Vocabulary_in_the_Tie-chiu_Dialect,53
hi,Hi 1,,,羲,,Name of the founder of the Chinese empire.,,,,008_A_Chinese_and_English_Vocabulary_in_the_Tie-chiu_Dialect,53
hi,Hi 1,,,犧,,Victims for sacrifice; pure; spotless.,,,,008_A_Chinese_and_English_Vocabulary_in_the_Tie-chiu_Dialect,53
hi,Hi 1,,,嘻,,The sound of social pleasure; laughing; a sigh; alas!,,,,008_A_Chinese_and_English_Vocabulary_in_the_Tie-chiu_Dialect,53
hi,Hi 1,,,嬉,,Handsome; to ramble for pleasure.,,,,008_A_Chinese_and_English_Vocabulary_in_the_Tie-chiu_Dialect,53
hi,Hi 1,,,熺,,The joyful light of the stars; to burn; purify; illumine.,,,,008_A_Chinese_and_English_Vocabulary_in_the_Tie-chiu_Dialect,53
hi,Hi 1,,,熹,,To apply fire to; to heat; hot; pervading as light.,,,,008_A_Chinese_and_English_Vocabulary_in_the_Tie-chiu_Dialect,53
hi,Hi 1,,,禧,,Felicitous; happy; to announce or pray to the gods.,,,,008_A_Chinese_and_English_Vocabulary_in_the_Tie-chiu_Dialect,54
hi,Hi 1,,,兮,,A tone of interrogation or admiration.,,,,008_A_Chinese_and_English_Vocabulary_in_the_Tie-chiu_Dialect,54
hi,Hi 1,,,頣,,The chin; side of the mouth; to feed; nourish; deep.,,,,008_A_Chinese_and_English_Vocabulary_in_the_Tie-chiu_Dialect,54
hi,Hi 1,,,熙,,Light; splendor; increasing; flourishing; to dry.,,,,008_A_Chinese_and_English_Vocabulary_in_the_Tie-chiu_Dialect,54
hi,Hi 1,,,醯,,Sour.,,,,008_A_Chinese_and_English_Vocabulary_in_the_Tie-chiu_Dialect,54
hia,Hia 1,,,靴,,Boots.,,,,008_A_Chinese_and_English_Vocabulary_in_the_Tie-chiu_Dialect,54
hiah,Hia 4,,,歇,,To desist; stop; rest; terminate.,,,,008_A_Chinese_and_English_Vocabulary_in_the_Tie-chiu_Dialect,54
hia̍h,Hia -4,,,額,,The forehead; front; an inscription.,,,,008_A_Chinese_and_English_Vocabulary_in_the_Tie-chiu_Dialect,54
hia̍h,Hia -4,,,役,,A servant; under officer; police runner.,,,,008_A_Chinese_and_English_Vocabulary_in_the_Tie-chiu_Dialect,54
hia̍p,Hiap -4,,,協,,Union; harmony; to unite.,,,,008_A_Chinese_and_English_Vocabulary_in_the_Tie-chiu_Dialect,55
hia̍p,Hiap -4,,,恊,,Fear; apprehension; to intimidate.,,,,008_A_Chinese_and_English_Vocabulary_in_the_Tie-chiu_Dialect,55
hia̍p,Hiap -4,,,脇,,The sides of the body; ribs; to gather together; to receive.,,,,008_A_Chinese_and_English_Vocabulary_in_the_Tie-chiu_Dialect,55
hia̍p,Hiap -4,,,脅,,The sides of the body; ribs; to gather together; to receive.,,,,008_A_Chinese_and_English_Vocabulary_in_the_Tie-chiu_Dialect,55
hia̍p,Hiap -4,,,夾,,To carry secretly; hold fast; grasp; by the side.,,,,008_A_Chinese_and_English_Vocabulary_in_the_Tie-chiu_Dialect,55
hia̍p,Hiap -4,,,俠,,Generous and disinterested; to labor for the good of others.,,,,008_A_Chinese_and_English_Vocabulary_in_the_Tie-chiu_Dialect,55
hia̍p,Hiap -4,,,挾,,To conceal; protect; carry under the arm; store up.,,,,008_A_Chinese_and_English_Vocabulary_in_the_Tie-chiu_Dialect,55
hia̍p,Hiap -4,,,梜,,Wooden rails; sticks used as nippers; variegated wood.,,,,008_A_Chinese_and_English_Vocabulary_in_the_Tie-chiu_Dialect,55
hia̍p,Hiap -4,,,浹,,To penetrate with moisture; enrich; to instil instructions.,,,,008_A_Chinese_and_English_Vocabulary_in_the_Tie-chiu_Dialect,55
hia̍p,Hiap -4,,,狹,,Narrow; confined on each side.,,,,008_A_Chinese_and_English_Vocabulary_in_the_Tie-chiu_Dialect,55
hia̍p,Hiap -4,,,蛺,,A small butterfly or moth.,,,,008_A_Chinese_and_English_Vocabulary_in_the_Tie-chiu_Dialect,55
hia̍p,Hiap -4,,,陜,,Confined; a narrow pass.,,,,008_A_Chinese_and_English_Vocabulary_in_the_Tie-chiu_Dialect,55
hia̍p,Hiap -4,,,叶,,To accord with; unite; to rhyme with.,,,,008_A_Chinese_and_English_Vocabulary_in_the_Tie-chiu_Dialect,55
hiaⁿ,Hⁿia 1,,,兄,,An older brother.,,,,008_A_Chinese_and_English_Vocabulary_in_the_Tie-chiu_Dialect,54
hien,Hien 1,,,現,,Manifestation; to manifest; exhibit; plain; clear.,,,,008_A_Chinese_and_English_Vocabulary_in_the_Tie-chiu_Dialect,56
hiet,Hiet 4,,,羯,,A strong violent sheep; a ram; to castrate.,,,,008_A_Chinese_and_English_Vocabulary_in_the_Tie-chiu_Dialect,56
hiet,Hiet 4,,,蝎,,A scorpion.,,,,008_A_Chinese_and_English_Vocabulary_in_the_Tie-chiu_Dialect,56
hie̍h,Hie -4,,,頁,,The head.,,,,008_A_Chinese_and_English_Vocabulary_in_the_Tie-chiu_Dialect,55
hie̍h,Hie -4,,,葉,,Leaves of trees; foliage.,,,,008_A_Chinese_and_English_Vocabulary_in_the_Tie-chiu_Dialect,55
hieⁿ,Hⁿie 1,,,香,,Incense; perfume.,,,,008_A_Chinese_and_English_Vocabulary_in_the_Tie-chiu_Dialect,55
him,Him 1,,,歆,,To desire; long for.,,,,008_A_Chinese_and_English_Vocabulary_in_the_Tie-chiu_Dialect,56
hiok,Hiok 4,,,郁,,Elegant; name of a place.,,,,008_A_Chinese_and_English_Vocabulary_in_the_Tie-chiu_Dialect,56
hiok,Hiok 4,,,勗,,To stimulate to exertion.,,,,008_A_Chinese_and_English_Vocabulary_in_the_Tie-chiu_Dialect,56
hiok,Hiok 4,,,馥,,Fragrant odoriferous effluvia.,,,,008_A_Chinese_and_English_Vocabulary_in_the_Tie-chiu_Dialect,56
hiok,Hiok 4,,,頊,,"Serious, attentive manner; gravity.",,,,008_A_Chinese_and_English_Vocabulary_in_the_Tie-chiu_Dialect,56
hiok,Hiok 4,,,毓,,To train up; educate; cause to grow.,,,,008_A_Chinese_and_English_Vocabulary_in_the_Tie-chiu_Dialect,56
hiok,Hiok 4,,,旭,,The light of morning; the rising sun.,,,,008_A_Chinese_and_English_Vocabulary_in_the_Tie-chiu_Dialect,56
hiong,Hiong 1,,,凶,,Great wickedness; evil; calamity; to ruin.,,,,008_A_Chinese_and_English_Vocabulary_in_the_Tie-chiu_Dialect,56
hiong,Hiong 1,,,兇,,Malevolent; cruel; fear.,,,,008_A_Chinese_and_English_Vocabulary_in_the_Tie-chiu_Dialect,56
hiong,Hiong 1,,,𨠯,,Drunk; in rage and mad with intoxication.,,,,008_A_Chinese_and_English_Vocabulary_in_the_Tie-chiu_Dialect,56
hiong,Hiong 1,,,匃,,The breast; thorax.,,,,008_A_Chinese_and_English_Vocabulary_in_the_Tie-chiu_Dialect,56
hiong,Hiong 1,,,洶,,Sound of water bubbling up from a spring or flowing fast.,,,,008_A_Chinese_and_English_Vocabulary_in_the_Tie-chiu_Dialect,56
hip,Hip 4,,,翕,,To unite together; harmonize; move; excite; abounding.,,,,008_A_Chinese_and_English_Vocabulary_in_the_Tie-chiu_Dialect,56
hip,Hip 4,,,噏,,To inhale; suck; drink.,,,,008_A_Chinese_and_English_Vocabulary_in_the_Tie-chiu_Dialect,57
hip,Hip 4,,,㩉,,"To strike, pull or drag.",,,,008_A_Chinese_and_English_Vocabulary_in_the_Tie-chiu_Dialect,57
hip,Hip 4,,,歙,,To snuff up the nose.,,,,008_A_Chinese_and_English_Vocabulary_in_the_Tie-chiu_Dialect,57
hiu,Hiu 1,,,休,,To cease; rest; repudiate; congratulate.,,,,008_A_Chinese_and_English_Vocabulary_in_the_Tie-chiu_Dialect,57
hiu,Hiu 1,,,咻,,To call to; to call in a confused manner; to mourn.,,,,008_A_Chinese_and_English_Vocabulary_in_the_Tie-chiu_Dialect,57
hiu,Hiu 1,,,㹯,,A certain animal said to devour tigers.,,,,008_A_Chinese_and_English_Vocabulary_in_the_Tie-chiu_Dialect,57
hiu,Hiu 1,,,鵂,,A certain ominous bird.,,,,008_A_Chinese_and_English_Vocabulary_in_the_Tie-chiu_Dialect,57
hiu,Hiu 1,,,幽,,Shady; hidden; deep recess; retirement.,,,,008_A_Chinese_and_English_Vocabulary_in_the_Tie-chiu_Dialect,57
hiu,Hiu 1,,,攸,,To travel on water; cheerful; remote; who or which.,,,,008_A_Chinese_and_English_Vocabulary_in_the_Tie-chiu_Dialect,57
hiu,Hiu 1,,,悠,,Mournful; thoughtful; alas! remote; vast; at leisure.,,,,008_A_Chinese_and_English_Vocabulary_in_the_Tie-chiu_Dialect,57
hiu,Hiu 1,,,麀,,A roe; a female deer.,,,,008_A_Chinese_and_English_Vocabulary_in_the_Tie-chiu_Dialect,57
hiàng,Hiàng 3-,,,向,,Towards; directed towards the object to which the mind or desire is directed.,,,,008_A_Chinese_and_English_Vocabulary_in_the_Tie-chiu_Dialect,55
hiàng,Hiàng 3-,,,餉,,Provisions for laborers or the army; duties paid to government.,,,,008_A_Chinese_and_English_Vocabulary_in_the_Tie-chiu_Dialect,55
hiàng,Hiàng 3-,,,嚮,,Over against; towards; to press on towards.,,,,008_A_Chinese_and_English_Vocabulary_in_the_Tie-chiu_Dialect,55
hiám,Hiam 2,,,獫,,A hound; dog of chase.,,,,008_A_Chinese_and_English_Vocabulary_in_the_Tie-chiu_Dialect,54
hiám,Hiam 2,,,險,,Difficult; dangerous; deep abyss; steep; lofty.,,,,008_A_Chinese_and_English_Vocabulary_in_the_Tie-chiu_Dialect,54
hiáng,Hiàng 2,,,享,,To enjoy; receive; accept; to offer to a superior.,,,,008_A_Chinese_and_English_Vocabulary_in_the_Tie-chiu_Dialect,55
hiáng,Hiàng 2,,,響,,Sound; noise; clamor; echo.,,,,008_A_Chinese_and_English_Vocabulary_in_the_Tie-chiu_Dialect,55
hiáng,Hiàng 2,,,饗,,To entertain a guest; to offer sacrifice.,,,,008_A_Chinese_and_English_Vocabulary_in_the_Tie-chiu_Dialect,55
hiâ,Hia -1,,,瑕,,A stone fracture; error; fault; rent; split; remote.,,,,008_A_Chinese_and_English_Vocabulary_in_the_Tie-chiu_Dialect,54
hiâ,Hia -1,,,瘕,,A chronic disease of the abdomen; worms.,,,,008_A_Chinese_and_English_Vocabulary_in_the_Tie-chiu_Dialect,54
hiâ,Hia -1,,,遐,,Distant; remote.,,,,008_A_Chinese_and_English_Vocabulary_in_the_Tie-chiu_Dialect,54
hiâ,Hia -1,,,霞,,A halo; vapor; fog; variegated clouds.,,,,008_A_Chinese_and_English_Vocabulary_in_the_Tie-chiu_Dialect,54
hiâm,Hiam -1,,,嫌,,Jealousy; suspicious; to displake.,,,,008_A_Chinese_and_English_Vocabulary_in_the_Tie-chiu_Dialect,54
hiâⁿ,Hⁿia -1,,,邢,,Name of a person and of a place.,,,,008_A_Chinese_and_English_Vocabulary_in_the_Tie-chiu_Dialect,54
hiã,Hia -3,,,下,,Below; inferior; to descend; cause to descend.,,,,008_A_Chinese_and_English_Vocabulary_in_the_Tie-chiu_Dialect,54
hiã,Hia -3,,,瓦,,Tiles; brick; earthernware.,,,,008_A_Chinese_and_English_Vocabulary_in_the_Tie-chiu_Dialect,54
hiã,Hia -3,,,暇,,At leisure; unoccupied.,,,,008_A_Chinese_and_English_Vocabulary_in_the_Tie-chiu_Dialect,54
hiã,Hia -3,,,蟻,,An ant; used for I.,,,,008_A_Chinese_and_English_Vocabulary_in_the_Tie-chiu_Dialect,54
hièn,Hien 3-,,,憲,,A ruler; officer; magistrate.,,,,008_A_Chinese_and_English_Vocabulary_in_the_Tie-chiu_Dialect,56
hièn,Hien 3-,,,獻,,To offer; present to a superior; to sacrifice.,,,,008_A_Chinese_and_English_Vocabulary_in_the_Tie-chiu_Dialect,56
hièn,Hien 3-,,,釁,,To smear with blood; fumigate; embalm; crime; wars; quarreling.,,,,008_A_Chinese_and_English_Vocabulary_in_the_Tie-chiu_Dialect,56
hièⁿ,Hⁿie 3-,,,鄕,,"A village; 12,500 families; former.",,,,008_A_Chinese_and_English_Vocabulary_in_the_Tie-chiu_Dialect,55
hién,Hien 2,,,顯,,Light; manifest; apparent; to illustrate; exhibit.,,,,008_A_Chinese_and_English_Vocabulary_in_the_Tie-chiu_Dialect,56
hiên,Hien -1,,,俔,,Like; to be compared to.,,,,008_A_Chinese_and_English_Vocabulary_in_the_Tie-chiu_Dialect,55
hiên,Hien -1,,,睍,,Small pretty eyes; staring; to look furtively.,,,,008_A_Chinese_and_English_Vocabulary_in_the_Tie-chiu_Dialect,55
hiên,Hien -1,,,賢,,A wise man; a sage; virtuous; worthy.,,,,008_A_Chinese_and_English_Vocabulary_in_the_Tie-chiu_Dialect,55
hiên,Hien -1,,,閑,,A barrier; fence; a fold; to protect; great.,,,,008_A_Chinese_and_English_Vocabulary_in_the_Tie-chiu_Dialect,55
hiên,Hien -1,,,閒,,Leisure; repose; unemployed; a crevice; interval.,,,,008_A_Chinese_and_English_Vocabulary_in_the_Tie-chiu_Dialect,55
hiên,Hien -1,,,嫺,,Elegant; accustomed to.,,,,008_A_Chinese_and_English_Vocabulary_in_the_Tie-chiu_Dialect,55
hiên,Hien -1,,,諠,,False irregular; clamorous.,,,,008_A_Chinese_and_English_Vocabulary_in_the_Tie-chiu_Dialect,55
hiên,Hien -1,,,𤣥,,Azure; the color of the sky; a dark sombre color.,,,,008_A_Chinese_and_English_Vocabulary_in_the_Tie-chiu_Dialect,55
hiên,Hien -1,,,伭,,The strings of a bow.,,,,008_A_Chinese_and_English_Vocabulary_in_the_Tie-chiu_Dialect,55
hiên,Hien -1,,,炫,,Luminous; splendid.,,,,008_A_Chinese_and_English_Vocabulary_in_the_Tie-chiu_Dialect,56
hiên,Hien -1,,,眩,,Eyes wandering about; disorderly; disrespectful.,,,,008_A_Chinese_and_English_Vocabulary_in_the_Tie-chiu_Dialect,56
hiên,Hien -1,,,衒,,Boasting; pedantic; offering for sale.,,,,008_A_Chinese_and_English_Vocabulary_in_the_Tie-chiu_Dialect,56
hióu,Hio 2,,,曉,,Light; clear; intelligent; morning; to understand.,,,,008_A_Chinese_and_English_Vocabulary_in_the_Tie-chiu_Dialect,56
hiông,Hiong -1,,,雄,,The male of fowls; bold; daring; violent.,,,,008_A_Chinese_and_English_Vocabulary_in_the_Tie-chiu_Dialect,56
hiôu,Hio -1,,,僥,,False; not genuine.,,,,008_A_Chinese_and_English_Vocabulary_in_the_Tie-chiu_Dialect,56
hiôu,Hio -1,,,徼,,"To go round, either to ward off, circumvent or obtain; to assume; a fence.",,,,008_A_Chinese_and_English_Vocabulary_in_the_Tie-chiu_Dialect,56
hiôu,Hio -1,,,邀,,To screen; invite; seek to obtain; to want.,,,,008_A_Chinese_and_English_Vocabulary_in_the_Tie-chiu_Dialect,56
hiôu,Hio -1,,,梟,,A bird said to be cruel to its parents; strong; wicket; to hang a man's head on a pole.,,,,008_A_Chinese_and_English_Vocabulary_in_the_Tie-chiu_Dialect,56
hiùⁿ,Hⁿiu 3-,,,復,,Again; to return; send back; to answer.,,,,008_A_Chinese_and_English_Vocabulary_in_the_Tie-chiu_Dialect,57
hiùⁿ,Hⁿiu 3-,,,臭,,A strong smell; offensive; to smell.,,,,008_A_Chinese_and_English_Vocabulary_in_the_Tie-chiu_Dialect,57
hiùⁿ,Hⁿiu 3-,,,嗅,,A strong smell; offensive; to smell.,,,,008_A_Chinese_and_English_Vocabulary_in_the_Tie-chiu_Dialect,57
hiúⁿ,Hⁿiu 2,,,朽,,Rotten wood; offensive smell; to fail; rot; be forgotten.,,,,008_A_Chinese_and_English_Vocabulary_in_the_Tie-chiu_Dialect,57
hiēn,Hien 3,,,絇,,An ornamental binding or sash; black; swift.,,,,008_A_Chinese_and_English_Vocabulary_in_the_Tie-chiu_Dialect,56
hng,ʼNg 1,,,方,,A place; region; a plan; means; a recipe.,,,,008_A_Chinese_and_English_Vocabulary_in_the_Tie-chiu_Dialect,126
hn̂g,ʼNg -1,,,園,,A garden; an enclosure.,,,,008_A_Chinese_and_English_Vocabulary_in_the_Tie-chiu_Dialect,126
hoi̍h,Hoi -4,,,蟹,,A crab; lobster.,,,,008_A_Chinese_and_English_Vocabulary_in_the_Tie-chiu_Dialect,58
hok,Hok 4,,,幅,,A roll; a piece of cloth or paper.,,,,008_A_Chinese_and_English_Vocabulary_in_the_Tie-chiu_Dialect,58
hok,Hok 4,,,福,,Divine protection; happiness; a blessing.,,,,008_A_Chinese_and_English_Vocabulary_in_the_Tie-chiu_Dialect,58
hok,Hok 4,,,蝠,,A flying animal; a snake.,,,,008_A_Chinese_and_English_Vocabulary_in_the_Tie-chiu_Dialect,58
hok,Hok 4,,,輻,,The axle of a carriage.,,,,008_A_Chinese_and_English_Vocabulary_in_the_Tie-chiu_Dialect,58
hok,Hok 4,,,蝮,,"Name of several insects and reptiles, as locusts, snakes.",,,,008_A_Chinese_and_English_Vocabulary_in_the_Tie-chiu_Dialect,58
hok,Hok 4,,,複,,Double garments.,,,,008_A_Chinese_and_English_Vocabulary_in_the_Tie-chiu_Dialect,58
hok,Hok 4,,,覆,,To subvert; ruin; defeat; to investigate; to overshadow and protect.,,,,008_A_Chinese_and_English_Vocabulary_in_the_Tie-chiu_Dialect,58
hong,Hong 1,,,𤇺,,Herbage shooting forth; a fine countenance; plump.,,,,008_A_Chinese_and_English_Vocabulary_in_the_Tie-chiu_Dialect,58
hong,Hong 1,,,夅,,To descend; submit; to cause to descend.,,,,008_A_Chinese_and_English_Vocabulary_in_the_Tie-chiu_Dialect,58
hong,Hong 1,,,峯,,The peak or summit of a mill.,,,,008_A_Chinese_and_English_Vocabulary_in_the_Tie-chiu_Dialect,58
hong,Hong 1,,,𤇺,,A hollow brick pyramid filled with combustables to be set on fire as a signal.,,,,008_A_Chinese_and_English_Vocabulary_in_the_Tie-chiu_Dialect,58
hong,Hong 1,,,鋒,,"The point of a weapon, pencil or tongue; van of an army.",,,,008_A_Chinese_and_English_Vocabulary_in_the_Tie-chiu_Dialect,58
hong,Hong 1,,,封,,That which is given by the emperor or received from him; to receive; grant.,,,,008_A_Chinese_and_English_Vocabulary_in_the_Tie-chiu_Dialect,58
hong,Hong 1,,,風,,Custom; temper; spirit; disposition; wind.,,,,008_A_Chinese_and_English_Vocabulary_in_the_Tie-chiu_Dialect,58
hong,Hong 1,,,瘋,,A kind of leprosy.,,,,008_A_Chinese_and_English_Vocabulary_in_the_Tie-chiu_Dialect,59
hong,Hong 1,,,豐,,Large numerous; affluent; exuberant; flourishing.,,,,008_A_Chinese_and_English_Vocabulary_in_the_Tie-chiu_Dialect,59
hong,Hong 1,,,轟,,The noise of carriages or of cannon.,,,,008_A_Chinese_and_English_Vocabulary_in_the_Tie-chiu_Dialect,59
ho̍h,Hó -4,,,鶴,,"A bird that flies high, resembling a stork.",,,,008_A_Chinese_and_English_Vocabulary_in_the_Tie-chiu_Dialect,57
ho̍k,Hok -4,,,伏,,To lie prostate on the face; hide; submit; secrete.,,,,008_A_Chinese_and_English_Vocabulary_in_the_Tie-chiu_Dialect,58
ho̍k,Hok -4,,,或,,Uncertain; perhaps; either; or; this or that.,,,,008_A_Chinese_and_English_Vocabulary_in_the_Tie-chiu_Dialect,58
ho̍k,Hok -4,,,域,,A boundary; a state; nation; the world; universe.,,,,008_A_Chinese_and_English_Vocabulary_in_the_Tie-chiu_Dialect,58
ho̍k,Hok -4,,,惑,,To delude; tempt; excite doubt; cause to err.,,,,008_A_Chinese_and_English_Vocabulary_in_the_Tie-chiu_Dialect,58
ho̍k,Hok -4,,,棫,,A bush of small thorny plants.,,,,008_A_Chinese_and_English_Vocabulary_in_the_Tie-chiu_Dialect,58
ho̍k,Hok -4,,,緎,,A seam; to seam.,,,,008_A_Chinese_and_English_Vocabulary_in_the_Tie-chiu_Dialect,58
ho̍k,Hok -4,,,閾,,The threshold of a door.,,,,008_A_Chinese_and_English_Vocabulary_in_the_Tie-chiu_Dialect,58
ho̍k,Hok -4,,,斛,,A measure containing ten tau; to measure.,,,,008_A_Chinese_and_English_Vocabulary_in_the_Tie-chiu_Dialect,58
ho̍k,Hok -4,,,服,,"The abdomen; substantial; rich; to serve, to wait on; endure.",,,,008_A_Chinese_and_English_Vocabulary_in_the_Tie-chiu_Dialect,58
ho̍k,Hok -4,,,復,,Again; to reiterate; restore; return.,,,,008_A_Chinese_and_English_Vocabulary_in_the_Tie-chiu_Dialect,58
ho̍k,Hok -4,,,愎,,Perverse; self-willed; resisting reproof.,,,,008_A_Chinese_and_English_Vocabulary_in_the_Tie-chiu_Dialect,58
hu,Hu 1,,,夫,,A respectful appellation; a husband; a wife; used to introduce a new subject.,,,,008_A_Chinese_and_English_Vocabulary_in_the_Tie-chiu_Dialect,59
hu,Hu 1,,,扶,,To assist; support; protect.,,,,008_A_Chinese_and_English_Vocabulary_in_the_Tie-chiu_Dialect,59
hu,Hu 1,,,砆,,A certain valuable stone.,,,,008_A_Chinese_and_English_Vocabulary_in_the_Tie-chiu_Dialect,59
hu,Hu 1,,,芙,,Name of a flower.,,,,008_A_Chinese_and_English_Vocabulary_in_the_Tie-chiu_Dialect,59
hu,Hu 1,,,鈇,,A kind of axe or hatchet.,,,,008_A_Chinese_and_English_Vocabulary_in_the_Tie-chiu_Dialect,59
hu,Hu 1,,,乎,,"A tone of interrogation, doubt or admiration.",,,,008_A_Chinese_and_English_Vocabulary_in_the_Tie-chiu_Dialect,59
hu,Hu 1,,,虖,,To call out; a tone of lamentation; a sigh.,,,,008_A_Chinese_and_English_Vocabulary_in_the_Tie-chiu_Dialect,60
hu,Hu 1,,,嘑,,To call out aloud; to speak angrily.,,,,008_A_Chinese_and_English_Vocabulary_in_the_Tie-chiu_Dialect,60
hu,Hu 1,,,嫭,,Handsome; good; to boast of beauty.,,,,008_A_Chinese_and_English_Vocabulary_in_the_Tie-chiu_Dialect,60
hu,Hu 1,,,罅,,"Cracked, as an earthen vessel; rent; a crevice.",,,,008_A_Chinese_and_English_Vocabulary_in_the_Tie-chiu_Dialect,60
hu,Hu 1,,,膚,,The skin; minced meat; beautiful; large.,,,,008_A_Chinese_and_English_Vocabulary_in_the_Tie-chiu_Dialect,60
hu,Hu 1,,,敷,,To state before a sovereign; to diffuse by imperial orders.,,,,008_A_Chinese_and_English_Vocabulary_in_the_Tie-chiu_Dialect,60
hu,Hu 1,,,孚,,Belief; trust; confidence; to hatch; nourish.,,,,008_A_Chinese_and_English_Vocabulary_in_the_Tie-chiu_Dialect,60
hu,Hu 1,,,俘,,To take; take in war; a prisoner.,,,,008_A_Chinese_and_English_Vocabulary_in_the_Tie-chiu_Dialect,60
hu,Hu 1,,,桴,,A raft; a certain beam in a house; a drumstick.,,,,008_A_Chinese_and_English_Vocabulary_in_the_Tie-chiu_Dialect,60
hu,Hu 1,,,傅,,To annex; anoint; insert names; arrange; collect; a tutor.,,,,008_A_Chinese_and_English_Vocabulary_in_the_Tie-chiu_Dialect,60
hu,Hu 1,,,腐,,Corrupted; rotten; broken; castrated.,,,,008_A_Chinese_and_English_Vocabulary_in_the_Tie-chiu_Dialect,60
huah,Hua 4,,,吪,,Gaping; to arouse; agitate; threaten; convert; false.,,,,008_A_Chinese_and_English_Vocabulary_in_the_Tie-chiu_Dialect,61
huah,Hwa 4,,,叱,,To threaten; to shout or hoot at; to order in a rough angry tone.,,,,008_A_Chinese_and_English_Vocabulary_in_the_Tie-chiu_Dialect,64
huan,Hwan 1,,,嚾,,To call to; to clamor in disputation.,,,,008_A_Chinese_and_English_Vocabulary_in_the_Tie-chiu_Dialect,65
huan,Hwan 1,,,懽,,Joy; joyful.,,,,008_A_Chinese_and_English_Vocabulary_in_the_Tie-chiu_Dialect,65
huan,Hwan 1,,,歡,,Joy; satisfaction; delight; pleased.,,,,008_A_Chinese_and_English_Vocabulary_in_the_Tie-chiu_Dialect,65
huan,Hwan 1,,,讙,,Clamor; vociferation; the voice of joy.,,,,008_A_Chinese_and_English_Vocabulary_in_the_Tie-chiu_Dialect,65
huan,Hwan 1,,,番,,To rebel; oppose; a time or turn; foreign.,,,,008_A_Chinese_and_English_Vocabulary_in_the_Tie-chiu_Dialect,65
huan,Hwan 1,,,幡,,A napkin or wiping-cloth; a streamer.,,,,008_A_Chinese_and_English_Vocabulary_in_the_Tie-chiu_Dialect,65
huan,Hwan 1,,,旛,,A long pendant streamer; a flag; banner.,,,,008_A_Chinese_and_English_Vocabulary_in_the_Tie-chiu_Dialect,66
huan,Hwan 1,,,燔,,To roast; flesh used in sacrifice.,,,,008_A_Chinese_and_English_Vocabulary_in_the_Tie-chiu_Dialect,66
huan,Hwan 1,,,繙,,To extend; widen; to translate.,,,,008_A_Chinese_and_English_Vocabulary_in_the_Tie-chiu_Dialect,66
huan,Hwan 1,,,翻,,To fly; to fly backwards.,,,,008_A_Chinese_and_English_Vocabulary_in_the_Tie-chiu_Dialect,66
huan,Hwan 1,,,蕃,,Luxuriant; exuberance; plenty.,,,,008_A_Chinese_and_English_Vocabulary_in_the_Tie-chiu_Dialect,66
huang,Hwang 1,,,風,,Wind; temper; feelings; to diffuse; scatter; haste.,,,,008_A_Chinese_and_English_Vocabulary_in_the_Tie-chiu_Dialect,66
huang,Hwang 1,,,方,,Square; regular; a region or place; then thereupon; connects cause & effect; a medical prescription; to compare.,,,,008_A_Chinese_and_English_Vocabulary_in_the_Tie-chiu_Dialect,66
huang,Hwang 1,,,芳,,Fragrant; agreeable; excellent.,,,,008_A_Chinese_and_English_Vocabulary_in_the_Tie-chiu_Dialect,67
huang,Hwang 1,,,髣,,Like; resembling.,,,,008_A_Chinese_and_English_Vocabulary_in_the_Tie-chiu_Dialect,67
huang,Hwang 1,,,𡧽,,Wide; vacant space; a place to dwell in.,,,,008_A_Chinese_and_English_Vocabulary_in_the_Tie-chiu_Dialect,67
huang,Hwang 1,,,慌,,Confused; forgetful; hurried; agitated.,,,,008_A_Chinese_and_English_Vocabulary_in_the_Tie-chiu_Dialect,67
huang,Hwang 1,,,荒,,Wild; empty; waste; barren; dearth; famine.,,,,008_A_Chinese_and_English_Vocabulary_in_the_Tie-chiu_Dialect,67
huang,Hwang 1,,,謊,,What is spoken in a dream; unreal; false; lying.,,,,008_A_Chinese_and_English_Vocabulary_in_the_Tie-chiu_Dialect,67
huang,Hwang 1,,,𩣇,,A horse running swiftly.,,,,008_A_Chinese_and_English_Vocabulary_in_the_Tie-chiu_Dialect,67
huang,Hwang 1,,,肓,,A certain part of the thorax.,,,,008_A_Chinese_and_English_Vocabulary_in_the_Tie-chiu_Dialect,67
huang,Hwang 1,,,封,,To seal or close any document; a seal; an envelope.,,,,008_A_Chinese_and_English_Vocabulary_in_the_Tie-chiu_Dialect,67
huap,Hwap 4,,,法,,A law; rule; pattern; means; punishment.,,,,008_A_Chinese_and_English_Vocabulary_in_the_Tie-chiu_Dialect,67
huat,Hwat 4,,,髮,,"Hair; beard; grass; vegetables, &c.",,,,008_A_Chinese_and_English_Vocabulary_in_the_Tie-chiu_Dialect,67
huat,Hwat 4,,,發,,To send forth; bring out; produce; to advance.,,,,008_A_Chinese_and_English_Vocabulary_in_the_Tie-chiu_Dialect,67
hua̍t,Hwat -4,,,伐,,To strike; punish; reduce to subjection; lay waste.,,,,008_A_Chinese_and_English_Vocabulary_in_the_Tie-chiu_Dialect,67
hua̍t,Hwat -4,,,閥,,Meritorious services; degrees of honor or reward.,,,,008_A_Chinese_and_English_Vocabulary_in_the_Tie-chiu_Dialect,67
hua̍t,Hwat -4,,,穴,,A cave; a hollow among rocks or in a mountain; to dig through.,,,,008_A_Chinese_and_English_Vocabulary_in_the_Tie-chiu_Dialect,67
hua̍t,Hwat -4,,,乏,,Destitute; to want; fail; to spoil; defect.,,,,008_A_Chinese_and_English_Vocabulary_in_the_Tie-chiu_Dialect,67
hua̍t,Hwat -4,,,罰,,To punish; punishment; to fine; forfeit.,,,,008_A_Chinese_and_English_Vocabulary_in_the_Tie-chiu_Dialect,67
huaⁿ,Hⁿwa 1,,,堘,,A dike or raised foot-path that divides fields of grain.,,,,008_A_Chinese_and_English_Vocabulary_in_the_Tie-chiu_Dialect,64
hue,Hue 1,,,花,,A flower; pleasure.,,,,008_A_Chinese_and_English_Vocabulary_in_the_Tie-chiu_Dialect,61
hue,Hue 1,,,灰,,Ashes; cinders; lime.,,,,008_A_Chinese_and_English_Vocabulary_in_the_Tie-chiu_Dialect,61
hueh,Hue 4,,,血,,Blood.,,,,008_A_Chinese_and_English_Vocabulary_in_the_Tie-chiu_Dialect,61
hui,Hui 1,,,揮,,Impetuous effort; to shake; scatter; sprinkle; to move with the hand.,,,,008_A_Chinese_and_English_Vocabulary_in_the_Tie-chiu_Dialect,61
hui,Hui 1,,,暉,,Luminous; splendid.,,,,008_A_Chinese_and_English_Vocabulary_in_the_Tie-chiu_Dialect,61
hui,Hui 1,,,翬,,To fly rapidly with a noise.,,,,008_A_Chinese_and_English_Vocabulary_in_the_Tie-chiu_Dialect,62
hui,Hui 1,,,輝,,Fire; light; splendor; to shine.,,,,008_A_Chinese_and_English_Vocabulary_in_the_Tie-chiu_Dialect,62
hui,Hui 1,,,非,,Wrong; shameless; low; not.,,,,008_A_Chinese_and_English_Vocabulary_in_the_Tie-chiu_Dialect,62
hui,Hui 1,,,扉,,Folding doors made of wood.,,,,008_A_Chinese_and_English_Vocabulary_in_the_Tie-chiu_Dialect,62
hui,Hui 1,,,騑,,The two outer horses in a coach of four.,,,,008_A_Chinese_and_English_Vocabulary_in_the_Tie-chiu_Dialect,62
hui,Hui 1,,,霏,,Rain and snow; sleet.,,,,008_A_Chinese_and_English_Vocabulary_in_the_Tie-chiu_Dialect,62
hui,Hui 1,,,妃,,Royal concubines.,,,,008_A_Chinese_and_English_Vocabulary_in_the_Tie-chiu_Dialect,62
hui,Hui 1,,,麾,,A banner with which signals are made; to make a signal; speed.,,,,008_A_Chinese_and_English_Vocabulary_in_the_Tie-chiu_Dialect,62
hun,Hun 1,,,馴,,A gentle horse; yielding; docile; benign; harmless.,,,,008_A_Chinese_and_English_Vocabulary_in_the_Tie-chiu_Dialect,63
hun,Hun 1,,,昏,,Twilight; obscure; indistinct;,,,,008_A_Chinese_and_English_Vocabulary_in_the_Tie-chiu_Dialect,63
hun,Hun 1,,,婚,,Marriage; the bride's relations; dowry.,,,,008_A_Chinese_and_English_Vocabulary_in_the_Tie-chiu_Dialect,63
hun,Hun 1,,,惛,,Intellectual darkness; confused ideas; forgetfulness.,,,,008_A_Chinese_and_English_Vocabulary_in_the_Tie-chiu_Dialect,63
hun,Hun 1,,,閽,,To shut the gate at evening; a porter.,,,,008_A_Chinese_and_English_Vocabulary_in_the_Tie-chiu_Dialect,63
hun,Hun 1,,,分,,To divide; distribute; give; a part; portion.,,,,008_A_Chinese_and_English_Vocabulary_in_the_Tie-chiu_Dialect,63
hun,Hun 1,,,吩,,To snort; rage.,,,,008_A_Chinese_and_English_Vocabulary_in_the_Tie-chiu_Dialect,63
hun,Hun 1,,,紛,,Many; confused; perplexed; hurry; bustle.,,,,008_A_Chinese_and_English_Vocabulary_in_the_Tie-chiu_Dialect,63
hun,Hun 1,,,芬,,A bud first opening; to develope; harmonious.,,,,008_A_Chinese_and_English_Vocabulary_in_the_Tie-chiu_Dialect,63
hun,Hun 1,,,鼢,,A field rat; a mole.,,,,008_A_Chinese_and_English_Vocabulary_in_the_Tie-chiu_Dialect,63
hun,Hun 1,,,葷,,"Odoriferous vegetables, as onions; strong meat.",,,,008_A_Chinese_and_English_Vocabulary_in_the_Tie-chiu_Dialect,63
hut,Hut 4,,,忽,,To forget; make light of; to do carelessly; suddenly; unexpectedly.,,,,008_A_Chinese_and_English_Vocabulary_in_the_Tie-chiu_Dialect,64
hut,Hut 4,,,惚,,To forget; make light of; to do carelessly; suddenly; unexpectedly.,,,,008_A_Chinese_and_English_Vocabulary_in_the_Tie-chiu_Dialect,64
hut,Hut 4,,,笏,,A flattened reed; ivory or stone used as a badge of office.,,,,008_A_Chinese_and_English_Vocabulary_in_the_Tie-chiu_Dialect,64
hut,Hut 4,,,弗,,A strong negative or prohibitative particle; no; not.,,,,008_A_Chinese_and_English_Vocabulary_in_the_Tie-chiu_Dialect,64
hut,Hut 4,,,咈,,To deny; refuse; oppose; perverse.,,,,008_A_Chinese_and_English_Vocabulary_in_the_Tie-chiu_Dialect,64
hut,Hut 4,,,彿,,Resembling; an image or likeness.,,,,008_A_Chinese_and_English_Vocabulary_in_the_Tie-chiu_Dialect,64
hut,Hut 4,,,怫,,Mournful; sorry; disquietude of mine; anger.,,,,008_A_Chinese_and_English_Vocabulary_in_the_Tie-chiu_Dialect,64
hut,Hut 4,,,拂,,To brush or wipe; to wave; to oppose; perverse.,,,,008_A_Chinese_and_English_Vocabulary_in_the_Tie-chiu_Dialect,64
hut,Hut 4,,,沸,,To sprinkle with water; water bubbling up.,,,,008_A_Chinese_and_English_Vocabulary_in_the_Tie-chiu_Dialect,64
hut,Hut 4,,,𥘬,,To wash or bathe as a religious ceremony to drive away calamity and obtain happiness.,,,,008_A_Chinese_and_English_Vocabulary_in_the_Tie-chiu_Dialect,64
hut,Hut 4,,,紼,,Silk; raveled; disordered.,,,,008_A_Chinese_and_English_Vocabulary_in_the_Tie-chiu_Dialect,64
hut,Hut 4,,,艴,,An angry appearance; excess of color or show.,,,,008_A_Chinese_and_English_Vocabulary_in_the_Tie-chiu_Dialect,64
hut,Hut 4,,,髴,,Like; resembling; ornaments of a headdress; disheveled hair.,,,,008_A_Chinese_and_English_Vocabulary_in_the_Tie-chiu_Dialect,64
huàn,Hwan 3-,,,奐,,Large; easy; slow; colored; variegated.,,,,008_A_Chinese_and_English_Vocabulary_in_the_Tie-chiu_Dialect,66
huàn,Hwan 3-,,,喚,,To call; to order; denominate.,,,,008_A_Chinese_and_English_Vocabulary_in_the_Tie-chiu_Dialect,66
huàn,Hwan 3-,,,換,,To exchange; to remove from one place to another.,,,,008_A_Chinese_and_English_Vocabulary_in_the_Tie-chiu_Dialect,66
huàn,Hwan 3-,,,渙,,Name of a river; spread out; scattered.,,,,008_A_Chinese_and_English_Vocabulary_in_the_Tie-chiu_Dialect,66
huàn,Hwan 3-,,,煥,,Light of fire; clear; bright.,,,,008_A_Chinese_and_English_Vocabulary_in_the_Tie-chiu_Dialect,66
huàn,Hwan 3-,,,販,,To traffic; buy and sell.,,,,008_A_Chinese_and_English_Vocabulary_in_the_Tie-chiu_Dialect,66
huàn,Hwan 3-,,,幻,,Artifice; craft; fraud; magic arts; visionary appearance.,,,,008_A_Chinese_and_English_Vocabulary_in_the_Tie-chiu_Dialect,66
huàng,Hwang 3-,,,放,,To reject; send away; let loose; lay down; dissipated; to imitate.,,,,008_A_Chinese_and_English_Vocabulary_in_the_Tie-chiu_Dialect,67
huàng,Hwang 3-,,,倣,,To imitate; copy; in imitation of; according to.,,,,008_A_Chinese_and_English_Vocabulary_in_the_Tie-chiu_Dialect,67
huán,Hwan 2,,,反,,To turn back; return; contrary; on the contrary; rebel.,,,,008_A_Chinese_and_English_Vocabulary_in_the_Tie-chiu_Dialect,66
huán,Hwan 2,,,畈,,A field; cultivated land.,,,,008_A_Chinese_and_English_Vocabulary_in_the_Tie-chiu_Dialect,66
huán,Hwan 2,,,返,,To return; come back; revert; cause to revert.,,,,008_A_Chinese_and_English_Vocabulary_in_the_Tie-chiu_Dialect,66
huán,Hwan 2,,,飯,,A meal; rice; food.,,,,008_A_Chinese_and_English_Vocabulary_in_the_Tie-chiu_Dialect,66
huáng,Hwang 2,,,坊,,A street; shop; tavern; to guard against; oppose; an impediment.,,,,008_A_Chinese_and_English_Vocabulary_in_the_Tie-chiu_Dialect,67
huáng,Hwang 2,,,彷,,An agitated state; indistinct; doubtful; similar.,,,,008_A_Chinese_and_English_Vocabulary_in_the_Tie-chiu_Dialect,67
huáng,Hwang 2,,,訪,,To inquire; examine; consult; ask advice; to see.,,,,008_A_Chinese_and_English_Vocabulary_in_the_Tie-chiu_Dialect,67
huáng,Hwang 2,,,恍,,Confused; unsettled; agitated; hurried.,,,,008_A_Chinese_and_English_Vocabulary_in_the_Tie-chiu_Dialect,67
huâi,Hwai -1,,,懷,,"To cherish or contain in the mind, mouth, womb, &c.; thoughts.",,,,008_A_Chinese_and_English_Vocabulary_in_the_Tie-chiu_Dialect,64
huâi,Hwai -1,,,淮,,Name of a large river in central China.,,,,008_A_Chinese_and_English_Vocabulary_in_the_Tie-chiu_Dialect,65
huâi,Hwai -1,,,槐,,Name of a certain wood; name of an animal.,,,,008_A_Chinese_and_English_Vocabulary_in_the_Tie-chiu_Dialect,65
huân,Hwan -1,,,繁,,Multitudinous; numerous; affairs that press upon and weary a person.,,,,008_A_Chinese_and_English_Vocabulary_in_the_Tie-chiu_Dialect,65
huân,Hwan -1,,,蘩,,A certain edible plant.,,,,008_A_Chinese_and_English_Vocabulary_in_the_Tie-chiu_Dialect,65
huân,Hwan -1,,,樊,,Hemmed in; unable to proceed; mixed; confused.,,,,008_A_Chinese_and_English_Vocabulary_in_the_Tie-chiu_Dialect,65
huân,Hwan -1,,,𥖎,,"Alum; also applied to other stones, as blue vitriol, &c.",,,,008_A_Chinese_and_English_Vocabulary_in_the_Tie-chiu_Dialect,65
huân,Hwan -1,,,煩,,Excessively occupied; troubled; troublesome; to trouble.,,,,008_A_Chinese_and_English_Vocabulary_in_the_Tie-chiu_Dialect,65
huân,Hwan -1,,,圜,,Round; globular; complete; to surround; circulate.,,,,008_A_Chinese_and_English_Vocabulary_in_the_Tie-chiu_Dialect,65
huân,Hwan -1,,,嬛,,Sorrowful; without posterity; a female slave.,,,,008_A_Chinese_and_English_Vocabulary_in_the_Tie-chiu_Dialect,65
huân,Hwan -1,,,寰,,The royal domain; the wall that surrounds the palace.,,,,008_A_Chinese_and_English_Vocabulary_in_the_Tie-chiu_Dialect,65
huân,Hwan -1,,,𡑡,,A ring or circle; to surround; enclose.,,,,008_A_Chinese_and_English_Vocabulary_in_the_Tie-chiu_Dialect,65
huân,Hwan -1,,,環,,A ring or circle; to surround; enclose.,,,,008_A_Chinese_and_English_Vocabulary_in_the_Tie-chiu_Dialect,65
huân,Hwan -1,,,還,,To return to; give or pay back; still; yet; even till now.,,,,008_A_Chinese_and_English_Vocabulary_in_the_Tie-chiu_Dialect,65
huân,Hwan -1,,,鐶,,A ring.,,,,008_A_Chinese_and_English_Vocabulary_in_the_Tie-chiu_Dialect,65
huân,Hwan -1,,,闤,,A market-place; a wall surrounding a market.,,,,008_A_Chinese_and_English_Vocabulary_in_the_Tie-chiu_Dialect,65
huân,Hwan -1,,,垣,,A low wall.,,,,008_A_Chinese_and_English_Vocabulary_in_the_Tie-chiu_Dialect,65
huân,Hwan -1,,,桓,,Inscriptions or titles of honor applied to the deceased.,,,,008_A_Chinese_and_English_Vocabulary_in_the_Tie-chiu_Dialect,65
huâng,Hwang -1,,,妨,,To impede; injure; impediment; injury; subjection.,,,,008_A_Chinese_and_English_Vocabulary_in_the_Tie-chiu_Dialect,66
huâng,Hwang -1,,,防,,A like; boundary; to keep off; guard against; prohibit.,,,,008_A_Chinese_and_English_Vocabulary_in_the_Tie-chiu_Dialect,66
huâng,Hwang -1,,,皇,,A title of dignity applied to heaven and sovereigns; royal.,,,,008_A_Chinese_and_English_Vocabulary_in_the_Tie-chiu_Dialect,66
huâng,Hwang -1,,,凰,,An imaginary bird; ominous of peace.,,,,008_A_Chinese_and_English_Vocabulary_in_the_Tie-chiu_Dialect,66
huâng,Hwang -1,,,徨,,Uncertainty; indecision; going backwards and forwards.,,,,008_A_Chinese_and_English_Vocabulary_in_the_Tie-chiu_Dialect,66
huâng,Hwang -1,,,惶,,Fear; apprehension; alarm.,,,,008_A_Chinese_and_English_Vocabulary_in_the_Tie-chiu_Dialect,66
huâng,Hwang -1,,,煌,,Light; luminous; splendid; a great fire.,,,,008_A_Chinese_and_English_Vocabulary_in_the_Tie-chiu_Dialect,66
huâng,Hwang -1,,,蝗,,A locust.,,,,008_A_Chinese_and_English_Vocabulary_in_the_Tie-chiu_Dialect,66
huâng,Hwang -1,,,遑,,Unoccupied; at leisure; pressed; urged.,,,,008_A_Chinese_and_English_Vocabulary_in_the_Tie-chiu_Dialect,66
huâng,Hwang -1,,,隍,,Empty; a ditch round a city wall.,,,,008_A_Chinese_and_English_Vocabulary_in_the_Tie-chiu_Dialect,66
huâng,Hwang -1,,,黃,,Yellow.,,,,008_A_Chinese_and_English_Vocabulary_in_the_Tie-chiu_Dialect,66
huâng,Hwang -1,,,潢,,A lake; an accumulation of water.,,,,008_A_Chinese_and_English_Vocabulary_in_the_Tie-chiu_Dialect,66
huâng,Hwang -1,,,璜,,"A certain stone sceptre, called a half-sceptre.",,,,008_A_Chinese_and_English_Vocabulary_in_the_Tie-chiu_Dialect,66
huâng,Hwang -1,,,簧,,An ancient musical reed.,,,,008_A_Chinese_and_English_Vocabulary_in_the_Tie-chiu_Dialect,66
huâng,Hwang -1,,,衡,,A balance; measure; to weigh or measure; transverse.,,,,008_A_Chinese_and_English_Vocabulary_in_the_Tie-chiu_Dialect,66
huãi,Hwai -3,,,壞,,To spoil; ruin; injure; to go to ruin.,,,,008_A_Chinese_and_English_Vocabulary_in_the_Tie-chiu_Dialect,65
huãn,Hwan -3,,,宦,,A servant of the crown; a eunuch of the palace; a servant.,,,,008_A_Chinese_and_English_Vocabulary_in_the_Tie-chiu_Dialect,66
hu̍t,Hut -4,,,佛,,Buddha; examine; to turn aside; unreasonable; great.,,,,008_A_Chinese_and_English_Vocabulary_in_the_Tie-chiu_Dialect,64
hu̍t,Hut -4,,,核,,"The kernel, seed or stone in fruit; the truth or verity.",,,,008_A_Chinese_and_English_Vocabulary_in_the_Tie-chiu_Dialect,64
hài,Hai 3-,,,害,,To injure; be injurious; hurtful; calamitous.,,,,008_A_Chinese_and_English_Vocabulary_in_the_Tie-chiu_Dialect,50
hàm,Hám 3-,,,喊,,To call aloud.,,,,008_A_Chinese_and_English_Vocabulary_in_the_Tie-chiu_Dialect,51
hàn,Hán 3-,,,漢,,Name of an ancient Chinese dynasty; name of a river.,,,,008_A_Chinese_and_English_Vocabulary_in_the_Tie-chiu_Dialect,51
hàng,Háng 3-,,,巷,,"A public path, lane or street.",,,,008_A_Chinese_and_English_Vocabulary_in_the_Tie-chiu_Dialect,51
hàu,Hau 3-,,,好,,To desire.,,,,008_A_Chinese_and_English_Vocabulary_in_the_Tie-chiu_Dialect,52
hàu,Hau 3-,,,孝,,"Filial regard, obedience and service from children to parents.",,,,008_A_Chinese_and_English_Vocabulary_in_the_Tie-chiu_Dialect,52
hái,Hai 2,,,海,,The sea; an arm of the sea.,,,,008_A_Chinese_and_English_Vocabulary_in_the_Tie-chiu_Dialect,50
hái,Hai 2,,,醢,,Minced meat preserved in some liquor.,,,,008_A_Chinese_and_English_Vocabulary_in_the_Tie-chiu_Dialect,50
hái,Hai 2,,,駭,,"Suddenly alarmed, agitated; surprised; to sound an alarm.",,,,008_A_Chinese_and_English_Vocabulary_in_the_Tie-chiu_Dialect,50
hán,Hán 2,,,扞,,A shield; to shield; keep off; oppose; desist.,,,,008_A_Chinese_and_English_Vocabulary_in_the_Tie-chiu_Dialect,51
hán,Hán 2,,,罕,,Infrequent; rare; seldom.,,,,008_A_Chinese_and_English_Vocabulary_in_the_Tie-chiu_Dialect,51
hán,Hán 2,,,閈,,A door or gate; a lane; to shut or close.,,,,008_A_Chinese_and_English_Vocabulary_in_the_Tie-chiu_Dialect,51
hán,Hán 2,,,僩,,"A martial, commanding appearance.",,,,008_A_Chinese_and_English_Vocabulary_in_the_Tie-chiu_Dialect,51
hán,Hán 2,,,悍,,Ardent disposition; energy; fierce.,,,,008_A_Chinese_and_English_Vocabulary_in_the_Tie-chiu_Dialect,51
hán,Hán 2,,,捍,,To grasp; lift up; shake; to drive away; resist.,,,,008_A_Chinese_and_English_Vocabulary_in_the_Tie-chiu_Dialect,51
hán,Hán 2,,,稈,,Stubble; straw; dry stalks of grain.,,,,008_A_Chinese_and_English_Vocabulary_in_the_Tie-chiu_Dialect,51
háu,Hau 2,,,哮,,Calling out; a loud cry; roar of animals.,,,,008_A_Chinese_and_English_Vocabulary_in_the_Tie-chiu_Dialect,52
háu,Hau 2,,,吼,,The voice of any animal.,,,,008_A_Chinese_and_English_Vocabulary_in_the_Tie-chiu_Dialect,52
háu,Hau 2,,,唬,,The roar like a tiger; to intimidate.,,,,008_A_Chinese_and_English_Vocabulary_in_the_Tie-chiu_Dialect,52
háu,Hau 2,,,浩,,A deluge of water; vast; abundant; overflowing.,,,,008_A_Chinese_and_English_Vocabulary_in_the_Tie-chiu_Dialect,52
hâi,Hai -1,,,咳,,To cough; laughing of an infant; an infant.,,,,008_A_Chinese_and_English_Vocabulary_in_the_Tie-chiu_Dialect,50
hâi,Hai -1,,,孩,,A small child.,,,,008_A_Chinese_and_English_Vocabulary_in_the_Tie-chiu_Dialect,50
hâi,Hai -1,,,欬,,To belch from the stomach; cough; to call out aloud.,,,,008_A_Chinese_and_English_Vocabulary_in_the_Tie-chiu_Dialect,50
hâi,Hai -1,,,胲,,The great toe; to prepare.,,,,008_A_Chinese_and_English_Vocabulary_in_the_Tie-chiu_Dialect,50
hâi,Hai -1,,,骸,,The bones of the body; the body.,,,,008_A_Chinese_and_English_Vocabulary_in_the_Tie-chiu_Dialect,50
hâi,Hai -1,,,諧,,To pair with; agree; harmony; peace.,,,,008_A_Chinese_and_English_Vocabulary_in_the_Tie-chiu_Dialect,50
hâm,Hám -1,,,咸,,All; the whole number; completely.,,,,008_A_Chinese_and_English_Vocabulary_in_the_Tie-chiu_Dialect,50
hâm,Hám -1,,,諴,,Union; harmony; sincere; cordiality; to excite.,,,,008_A_Chinese_and_English_Vocabulary_in_the_Tie-chiu_Dialect,50
hâm,Hám -1,,,函,,To contain; enfold; an envelope; a letter.,,,,008_A_Chinese_and_English_Vocabulary_in_the_Tie-chiu_Dialect,50
hâm,Hám -1,,,涵,,To steep or soak in water; to contain.,,,,008_A_Chinese_and_English_Vocabulary_in_the_Tie-chiu_Dialect,50
hâm,Hám -1,,,啣,,To contain or carry in the mouth; to sustain; receive.,,,,008_A_Chinese_and_English_Vocabulary_in_the_Tie-chiu_Dialect,50
hâm,Hám -1,,,銜,,To contain in the mouth; a horse's bit; to guide; control.,,,,008_A_Chinese_and_English_Vocabulary_in_the_Tie-chiu_Dialect,50
hâm,Hám -1,,,含,,To hold in the mouth; to restrain; endure; forbear.,,,,008_A_Chinese_and_English_Vocabulary_in_the_Tie-chiu_Dialect,51
hâm,Hám -1,,,頷,,The jaws; chin.,,,,008_A_Chinese_and_English_Vocabulary_in_the_Tie-chiu_Dialect,51
hâm,Hám -1,,,蚶,,Name of an insect.,,,,008_A_Chinese_and_English_Vocabulary_in_the_Tie-chiu_Dialect,51
hân,Hán -1,,,寒,,Cold; winter; poor; solitary.,,,,008_A_Chinese_and_English_Vocabulary_in_the_Tie-chiu_Dialect,51
hân,Hán -1,,,翰,,Wings of a bird; ornaments; a pencil; quill; high; white.,,,,008_A_Chinese_and_English_Vocabulary_in_the_Tie-chiu_Dialect,51
hân,Hán -1,,,韓,,A wall round a well; name of an ancient state.,,,,008_A_Chinese_and_English_Vocabulary_in_the_Tie-chiu_Dialect,51
hâng,Háng -1,,,行,,A street; a factory; a storehouse; a kind or sort.,,,,008_A_Chinese_and_English_Vocabulary_in_the_Tie-chiu_Dialect,51
hâng,Háng -1,,,降,,To yield; submit; be conquered.,,,,008_A_Chinese_and_English_Vocabulary_in_the_Tie-chiu_Dialect,51
hâng,Háng -1,,,杭,,Name of a place.,,,,008_A_Chinese_and_English_Vocabulary_in_the_Tie-chiu_Dialect,51
hâng,Háng -1,,,航,,A boat or ship; to sail in a boat or ship.,,,,008_A_Chinese_and_English_Vocabulary_in_the_Tie-chiu_Dialect,51
hâng,Háng -1,,,項,,The back of the neck; large; a sort; species; item.,,,,008_A_Chinese_and_English_Vocabulary_in_the_Tie-chiu_Dialect,51
hâu,Hau -1,,,毫,,A small hair or down; small; very little.,,,,008_A_Chinese_and_English_Vocabulary_in_the_Tie-chiu_Dialect,52
hâu,Hau -1,,,豪,,A small hair or down; small; very little.,,,,008_A_Chinese_and_English_Vocabulary_in_the_Tie-chiu_Dialect,52
hâu,Hau -1,,,豪,,Eminent talents and virtue; great superiority; chief.,,,,008_A_Chinese_and_English_Vocabulary_in_the_Tie-chiu_Dialect,52
hâu,Hau -1,,,濠,,A ditch round a city wall; name of a river and province.,,,,008_A_Chinese_and_English_Vocabulary_in_the_Tie-chiu_Dialect,52
hãi,Hai -3,,,械,,"Weapons - as lance, spear, &c.; manacles.",,,,008_A_Chinese_and_English_Vocabulary_in_the_Tie-chiu_Dialect,50
hãi,Hai -3,,,亥,,"The last of the 12 horary characters, from 9 to 11 P.M.",,,,008_A_Chinese_and_English_Vocabulary_in_the_Tie-chiu_Dialect,50
hãi,Hai -3,,,懈,,The heart loose and inattentive; remiss; careless;,,,,008_A_Chinese_and_English_Vocabulary_in_the_Tie-chiu_Dialect,50
hãi,Hai -3,,,邂,,To meet without appointment; accidentally; pleased.,,,,008_A_Chinese_and_English_Vocabulary_in_the_Tie-chiu_Dialect,50
hãm,Hám -3,,,憾,,"To feel indignation, resentment or regret.",,,,008_A_Chinese_and_English_Vocabulary_in_the_Tie-chiu_Dialect,51
hãn,Hán -3,,,旱,,Drought; want of rain.,,,,008_A_Chinese_and_English_Vocabulary_in_the_Tie-chiu_Dialect,51
hãn,Hán -3,,,趕,,To pursue after.,,,,008_A_Chinese_and_English_Vocabulary_in_the_Tie-chiu_Dialect,51
hãn,Hán -3,,,拫,,To lead or drag along by force; to oppose.,,,,008_A_Chinese_and_English_Vocabulary_in_the_Tie-chiu_Dialect,51
hãn,Hán -3,,,限,,To impede; to limit; to set a time; a limit.,,,,008_A_Chinese_and_English_Vocabulary_in_the_Tie-chiu_Dialect,51
hãu,Hau -3,,,校,,To compare; examine; a public school.,,,,008_A_Chinese_and_English_Vocabulary_in_the_Tie-chiu_Dialect,52
hãu,Hau -3,,,傚,,To imitate; to regard as a law or rule.,,,,008_A_Chinese_and_English_Vocabulary_in_the_Tie-chiu_Dialect,52
héng,Heng 2,,,悻,,Anger; vexation; very.,,,,008_A_Chinese_and_English_Vocabulary_in_the_Tie-chiu_Dialect,53
hê,He -1,,,蝦,,Lobsters; prawns; shrimps the cancer species.,,,,008_A_Chinese_and_English_Vocabulary_in_the_Tie-chiu_Dialect,52
hêng,Heng -1,,,刑,,Punishment; to punish; a law.,,,,008_A_Chinese_and_English_Vocabulary_in_the_Tie-chiu_Dialect,53
hêng,Heng -1,,,型,,To mould; a mould; pattern; example.,,,,008_A_Chinese_and_English_Vocabulary_in_the_Tie-chiu_Dialect,53
hêng,Heng -1,,,形,,Form; figure; bodily shape; that which is visible.,,,,008_A_Chinese_and_English_Vocabulary_in_the_Tie-chiu_Dialect,53
hêng,Heng -1,,,恆,,Constant; perpetual; unchanging.,,,,008_A_Chinese_and_English_Vocabulary_in_the_Tie-chiu_Dialect,53
hêng,Heng -1,,,行,,To act; do; perform.,,,,008_A_Chinese_and_English_Vocabulary_in_the_Tie-chiu_Dialect,53
hì,Hi 3-,,,戲,,A theatrical exhibition; to play or trifle with; to mock.,,,,008_A_Chinese_and_English_Vocabulary_in_the_Tie-chiu_Dialect,54
hí,Hi 2,,,喜,,To be pleased; rejoice; to give joy to; to desire.,,,,008_A_Chinese_and_English_Vocabulary_in_the_Tie-chiu_Dialect,54
hî,Hi -1,,,奚,,How? why? a servant.,,,,008_A_Chinese_and_English_Vocabulary_in_the_Tie-chiu_Dialect,53
hî,Hi -1,,,徯,,To wait; stop with expectation.,,,,008_A_Chinese_and_English_Vocabulary_in_the_Tie-chiu_Dialect,53
hîm,Him -1,,,熊,,A bear.,,,,008_A_Chinese_and_English_Vocabulary_in_the_Tie-chiu_Dialect,56
hîⁿ,Hⁿi -1,,,弦,,The string of a bow or of a musical instrument.,,,,008_A_Chinese_and_English_Vocabulary_in_the_Tie-chiu_Dialect,54
hîⁿ,Hⁿi -1,,,絃,,Strings of a music instrument.,,,,008_A_Chinese_and_English_Vocabulary_in_the_Tie-chiu_Dialect,54
hò,Hó 3-,,,耗,,To injure; diminish; spoilt; confused.,,,,008_A_Chinese_and_English_Vocabulary_in_the_Tie-chiu_Dialect,57
hò,Hó 3-,,,訛,,False; to spread a false report; to excite.,,,,008_A_Chinese_and_English_Vocabulary_in_the_Tie-chiu_Dialect,57
hòng,Hong 3-,,,諷,,To recite; compare and satirise; poignant allusions; satire.,,,,008_A_Chinese_and_English_Vocabulary_in_the_Tie-chiu_Dialect,59
hòng,Hong 3-,,,哄,,Voice of a crowd; to cheat; beguile; deceive.,,,,008_A_Chinese_and_English_Vocabulary_in_the_Tie-chiu_Dialect,59
hòng,Hong 3-,,,閧,,To fight; the noise of fighting.,,,,008_A_Chinese_and_English_Vocabulary_in_the_Tie-chiu_Dialect,59
hó,Hó 2,,,好,,Good.,,,,008_A_Chinese_and_English_Vocabulary_in_the_Tie-chiu_Dialect,57
hóng,Hong 2,,,蚌,,An oyster from which pearls are procured.,,,,008_A_Chinese_and_English_Vocabulary_in_the_Tie-chiu_Dialect,59
hóng,Hong 2,,,俸,,The salary of government officers.,,,,008_A_Chinese_and_English_Vocabulary_in_the_Tie-chiu_Dialect,59
hóng,Hong 2,,,棒,,A staff; club.,,,,008_A_Chinese_and_English_Vocabulary_in_the_Tie-chiu_Dialect,59
hóuⁿ,Hⁿo 2,,,虎,,A tiger.,,,,008_A_Chinese_and_English_Vocabulary_in_the_Tie-chiu_Dialect,57
hóuⁿ,Hⁿo 2,,,否,,No; not; not so.,,,,008_A_Chinese_and_English_Vocabulary_in_the_Tie-chiu_Dialect,57
hô,Hó -1,,,何,,Which? who? what? how?,,,,008_A_Chinese_and_English_Vocabulary_in_the_Tie-chiu_Dialect,57
hô,Hó -1,,,河,,A river.,,,,008_A_Chinese_and_English_Vocabulary_in_the_Tie-chiu_Dialect,57
hông,Hong -1,,,弘,,The sound of a bow string; great; large; to enlarge.,,,,008_A_Chinese_and_English_Vocabulary_in_the_Tie-chiu_Dialect,58
hông,Hong -1,,,泓,,Deep; clear; profound.,,,,008_A_Chinese_and_English_Vocabulary_in_the_Tie-chiu_Dialect,58
hông,Hong -1,,,宏,,Rest; repose; the echo in a large house; vast; large.,,,,008_A_Chinese_and_English_Vocabulary_in_the_Tie-chiu_Dialect,58
hông,Hong -1,,,閎,,The gate of a street or lane; the bar of a gate; wide; great.,,,,008_A_Chinese_and_English_Vocabulary_in_the_Tie-chiu_Dialect,58
hông,Hong -1,,,洪,,A deluge; great; vast.,,,,008_A_Chinese_and_English_Vocabulary_in_the_Tie-chiu_Dialect,58
hông,Hong -1,,,烘,,The flame of a torch.,,,,008_A_Chinese_and_English_Vocabulary_in_the_Tie-chiu_Dialect,58
hông,Hong -1,,,鴻,,Name of a bird similar to a goose; vast; large.,,,,008_A_Chinese_and_English_Vocabulary_in_the_Tie-chiu_Dialect,58
hông,Hong -1,,,逢,,"To meet with; to occur; to run against; great, wide; to happen.",,,,008_A_Chinese_and_English_Vocabulary_in_the_Tie-chiu_Dialect,59
hôu,Ho -1,,,侯,,A prince; viceroy.,,,,008_A_Chinese_and_English_Vocabulary_in_the_Tie-chiu_Dialect,57
hôu,Ho -1,,,䙈,,A small garment.,,,,008_A_Chinese_and_English_Vocabulary_in_the_Tie-chiu_Dialect,57
hôu,Ho -1,,,餱,,Dry provisions; food previously dressed.,,,,008_A_Chinese_and_English_Vocabulary_in_the_Tie-chiu_Dialect,57
hõ,Hó -3,,,和,,To respond; modify; cause to unite.,,,,008_A_Chinese_and_English_Vocabulary_in_the_Tie-chiu_Dialect,57
hõng,Hong -3,,,菶,,Copious; luxuriant; substantial.,,,,008_A_Chinese_and_English_Vocabulary_in_the_Tie-chiu_Dialect,59
hõng,Hong -3,,,奉,,To receive or offer in a respectful manner.,,,,008_A_Chinese_and_English_Vocabulary_in_the_Tie-chiu_Dialect,59
hõng,Hong -3,,,捧,,To offer up with both hands; to receive in both hands.,,,,008_A_Chinese_and_English_Vocabulary_in_the_Tie-chiu_Dialect,59
hõng,Hong -3,,,鳳,,An imaginary bird of good omen; a divine bird.,,,,008_A_Chinese_and_English_Vocabulary_in_the_Tie-chiu_Dialect,59
hõu,Ho -3,,,戶,,A door; a family; to protect; chief.,,,,008_A_Chinese_and_English_Vocabulary_in_the_Tie-chiu_Dialect,57
hõu,Ho -3,,,戽,,To take out with the hand or with a ladle; a ladle.,,,,008_A_Chinese_and_English_Vocabulary_in_the_Tie-chiu_Dialect,57
hõu,Ho -3,,,后,,A prince; a queen; to succeed to; after,,,,008_A_Chinese_and_English_Vocabulary_in_the_Tie-chiu_Dialect,57
hõu,Ho -3,,,逅,,To meet by accident; gratified; insincere.,,,,008_A_Chinese_and_English_Vocabulary_in_the_Tie-chiu_Dialect,57
hõu,Ho -3,,,雨,,Rain,,,,008_A_Chinese_and_English_Vocabulary_in_the_Tie-chiu_Dialect,57
hù,Hu 3-,,,弣,,The middle part of a bow which is taken in the hand.,,,,008_A_Chinese_and_English_Vocabulary_in_the_Tie-chiu_Dialect,60
hù,Hu 3-,,,訃,,To announce the death of a person; to go hastily.,,,,008_A_Chinese_and_English_Vocabulary_in_the_Tie-chiu_Dialect,60
hù,Hu 3-,,,赴,,To go to in person; to go speedily.,,,,008_A_Chinese_and_English_Vocabulary_in_the_Tie-chiu_Dialect,60
hù,Hu 3-,,,付,,To offer; to give; deliver to.,,,,008_A_Chinese_and_English_Vocabulary_in_the_Tie-chiu_Dialect,60
hù,Hu 3-,,,咐,,To blow with the breath; to caution; to charge.,,,,008_A_Chinese_and_English_Vocabulary_in_the_Tie-chiu_Dialect,60
hù,Hu 3-,,,副,,A second; an assistant; to assist; examine; inform; a suit of things.,,,,008_A_Chinese_and_English_Vocabulary_in_the_Tie-chiu_Dialect,60
hù,Hu 3-,,,賦,,To exact; receive; give; to disturb; diffuse.,,,,008_A_Chinese_and_English_Vocabulary_in_the_Tie-chiu_Dialect,60
hùam,Hwam 3-,,,汎,,To float; be driven about; levity.,,,,008_A_Chinese_and_English_Vocabulary_in_the_Tie-chiu_Dialect,65
hùam,Hwam 3-,,,氾,,To overflow; inundate; unsettled; agitated.,,,,008_A_Chinese_and_English_Vocabulary_in_the_Tie-chiu_Dialect,65
hùam,Hwam 3-,,,泛,,To float; flow down a stream; to overflow.,,,,008_A_Chinese_and_English_Vocabulary_in_the_Tie-chiu_Dialect,65
hùe,Hue 3-,,,化,,Change; mutation; to transform; reform.,,,,008_A_Chinese_and_English_Vocabulary_in_the_Tie-chiu_Dialect,61
hùe,Hue 3-,,,貨,,Articles of commerce; goods; to sell; bribe; expend.,,,,008_A_Chinese_and_English_Vocabulary_in_the_Tie-chiu_Dialect,61
hùe,Hue 3-,,,悔,,To be indignant; regret; repent; repentance.,,,,008_A_Chinese_and_English_Vocabulary_in_the_Tie-chiu_Dialect,61
hùe,Hue 3-,,,晦,,Last quarter of the moon; foggy; dim; obscure; evening.,,,,008_A_Chinese_and_English_Vocabulary_in_the_Tie-chiu_Dialect,61
hùe,Hue 3-,,,誨,,To instruct; admonish; induce; instruction.,,,,008_A_Chinese_and_English_Vocabulary_in_the_Tie-chiu_Dialect,61
hùi,Hui 3-,,,肺,,The lungs; the mental viscera.,,,,008_A_Chinese_and_English_Vocabulary_in_the_Tie-chiu_Dialect,62
hùi,Hui 3-,,,費,,To scatter wealth; expend; liberal; expense; waste; to hurt; injure.,,,,008_A_Chinese_and_English_Vocabulary_in_the_Tie-chiu_Dialect,62
hùi,Hui 3-,,,廢,,To fall to ruins; to fail; to annul; lay aside.,,,,008_A_Chinese_and_English_Vocabulary_in_the_Tie-chiu_Dialect,62
hùi,Hui 3-,,,諱,,To shun; avoid; dread; the name of a deceased person.,,,,008_A_Chinese_and_English_Vocabulary_in_the_Tie-chiu_Dialect,62
hùn,Hun 3-,,,訓,,To instruct; exhort; explain; instruction; doctrine.,,,,008_A_Chinese_and_English_Vocabulary_in_the_Tie-chiu_Dialect,63
hùn,Hun 3-,,,奮,,Impetuous effort; to excite; to press forward to.,,,,008_A_Chinese_and_English_Vocabulary_in_the_Tie-chiu_Dialect,63
hú,Hu 2,,,府,,A book-store; a study; to collect; a place to meet in; the officers of the treasury; an officer.,,,,008_A_Chinese_and_English_Vocabulary_in_the_Tie-chiu_Dialect,60
hú,Hu 2,,,俯,,"To stoop the head and bend forward, to condescend.",,,,008_A_Chinese_and_English_Vocabulary_in_the_Tie-chiu_Dialect,60
hú,Hu 2,,,腑,,"The viscera; heart, lungs, liver, stomach, &c.",,,,008_A_Chinese_and_English_Vocabulary_in_the_Tie-chiu_Dialect,60
hú,Hu 2,,,釜,,A vase without feet; a vessel to measure with.,,,,008_A_Chinese_and_English_Vocabulary_in_the_Tie-chiu_Dialect,60
hú,Hu 2,,,黼,,Black and white; variegated; embroidered.,,,,008_A_Chinese_and_English_Vocabulary_in_the_Tie-chiu_Dialect,60
húe,Hue 2,,,火,,Fire; heat; to burn.,,,,008_A_Chinese_and_English_Vocabulary_in_the_Tie-chiu_Dialect,61
húe,Hue 2,,,伙,,A comrade; messmate.,,,,008_A_Chinese_and_English_Vocabulary_in_the_Tie-chiu_Dialect,61
húe,Hue 2,,,夥,,Many; a company; partners.,,,,008_A_Chinese_and_English_Vocabulary_in_the_Tie-chiu_Dialect,61
húi,Hui 2,,,匪,,Not; not right; vagabonds; banditti.,,,,008_A_Chinese_and_English_Vocabulary_in_the_Tie-chiu_Dialect,62
húi,Hui 2,,,悱,,Endeavoring to speak out but unable.,,,,008_A_Chinese_and_English_Vocabulary_in_the_Tie-chiu_Dialect,62
húi,Hui 2,,,棐,,Name of a beautiful wood.,,,,008_A_Chinese_and_English_Vocabulary_in_the_Tie-chiu_Dialect,62
húi,Hui 2,,,斐,,Streaks or veins; variegated; fine and delicate.,,,,008_A_Chinese_and_English_Vocabulary_in_the_Tie-chiu_Dialect,62
húi,Hui 2,,,翡,,A small bird with reddish feathers.,,,,008_A_Chinese_and_English_Vocabulary_in_the_Tie-chiu_Dialect,62
húi,Hui 2,,,腓,,The calf of the leg; disease; change; to shun.,,,,008_A_Chinese_and_English_Vocabulary_in_the_Tie-chiu_Dialect,62
húi,Hui 2,,,菲,,Name of a vegetable; fasting; straw sandals.,,,,008_A_Chinese_and_English_Vocabulary_in_the_Tie-chiu_Dialect,62
húi,Hui 2,,,蜚,,"Name of a disagreeable insect which destroys clothes, grain, furniture, &c.",,,,008_A_Chinese_and_English_Vocabulary_in_the_Tie-chiu_Dialect,62
húi,Hui 2,,,誹,,To speak against; slander.,,,,008_A_Chinese_and_English_Vocabulary_in_the_Tie-chiu_Dialect,62
húi,Hui 2,,,卉,,Plants; herbs; trees; thirty.,,,,008_A_Chinese_and_English_Vocabulary_in_the_Tie-chiu_Dialect,62
húi,Hui 2,,,虺,,A long snake; a man's name.,,,,008_A_Chinese_and_English_Vocabulary_in_the_Tie-chiu_Dialect,62
húi,Hui 2,,,燬,,Fire; a blaze.,,,,008_A_Chinese_and_English_Vocabulary_in_the_Tie-chiu_Dialect,62
húi,Hui 2,,,毀,,To break in pieces; to ruin or be ruined; to slander; vilify.,,,,008_A_Chinese_and_English_Vocabulary_in_the_Tie-chiu_Dialect,62
húi,Hui 2,,,䛼,,To break in pieces; to ruin or be ruined; to slander; vilify.,,,,008_A_Chinese_and_English_Vocabulary_in_the_Tie-chiu_Dialect,62
hún,Hun 2,,,憤,,Angry vexed; indignation; anger; resentment; zeal; cruel.,,,,008_A_Chinese_and_English_Vocabulary_in_the_Tie-chiu_Dialect,63
hún,Hun 2,,,忿,,Angry vexed; indignation; anger; resentment; zeal; cruel.,,,,008_A_Chinese_and_English_Vocabulary_in_the_Tie-chiu_Dialect,63
hún,Hun 2,,,粉,,Meal; flour; dust; powder for the face; to apply a color.,,,,008_A_Chinese_and_English_Vocabulary_in_the_Tie-chiu_Dialect,63
hún,Hun 2,,,朌,,A large or numerous appearance; to distribute.,,,,008_A_Chinese_and_English_Vocabulary_in_the_Tie-chiu_Dialect,63
hún,Hun 2,,,惲,,To plan; deliberate; sincere; faitful.,,,,008_A_Chinese_and_English_Vocabulary_in_the_Tie-chiu_Dialect,63
hû,Hu -1,,,符,,To correspond; fit; to be credible; a book; charms.,,,,008_A_Chinese_and_English_Vocabulary_in_the_Tie-chiu_Dialect,59
hû,Hu -1,,,互,,Fitting into each other; mutual; reciprocal.,,,,008_A_Chinese_and_English_Vocabulary_in_the_Tie-chiu_Dialect,59
hû,Hu -1,,,胡,,An interrogative particle; how? why? remote; pepper.,,,,008_A_Chinese_and_English_Vocabulary_in_the_Tie-chiu_Dialect,59
hû,Hu -1,,,楜,,Pepper.,,,,008_A_Chinese_and_English_Vocabulary_in_the_Tie-chiu_Dialect,59
hû,Hu -1,,,湖,,A lake.,,,,008_A_Chinese_and_English_Vocabulary_in_the_Tie-chiu_Dialect,59
hû,Hu -1,,,猢,,An animal resembling a monkey.,,,,008_A_Chinese_and_English_Vocabulary_in_the_Tie-chiu_Dialect,59
hû,Hu -1,,,瑚,,Coral.,,,,008_A_Chinese_and_English_Vocabulary_in_the_Tie-chiu_Dialect,59
hû,Hu -1,,,糊,,Paste; to paste; daub; confused; stupid.,,,,008_A_Chinese_and_English_Vocabulary_in_the_Tie-chiu_Dialect,59
hû,Hu -1,,,葫,,A gourd or melon.,,,,008_A_Chinese_and_English_Vocabulary_in_the_Tie-chiu_Dialect,59
hû,Hu -1,,,蝴,,A butterfly.,,,,008_A_Chinese_and_English_Vocabulary_in_the_Tie-chiu_Dialect,59
hû,Hu -1,,,餬,,Food; gruel; congee; to depend on others for food.,,,,008_A_Chinese_and_English_Vocabulary_in_the_Tie-chiu_Dialect,59
hû,Hu -1,,,鳬,,A wild duck.,,,,008_A_Chinese_and_English_Vocabulary_in_the_Tie-chiu_Dialect,59
hû,Hu -1,,,怙,,To lean upon; support or be supported; a mother.,,,,008_A_Chinese_and_English_Vocabulary_in_the_Tie-chiu_Dialect,59
hû,Hu -1,,,壺,,"A cup or pot for wine, tea &c.; name of an office.",,,,008_A_Chinese_and_English_Vocabulary_in_the_Tie-chiu_Dialect,59
hû,Hu -1,,,狐,,An animal possessed by demons; suspicious.,,,,008_A_Chinese_and_English_Vocabulary_in_the_Tie-chiu_Dialect,59
hûa,Hwa -1,,,禾,,Wheat; grain of any kind.,,,,008_A_Chinese_and_English_Vocabulary_in_the_Tie-chiu_Dialect,64
hûa,Hwa -1,,,和,,Mild; harmonious; harmony; peace; to accompany; unite with; together.,,,,008_A_Chinese_and_English_Vocabulary_in_the_Tie-chiu_Dialect,64
hûa,Hwa -1,,,華,,Flowers; elegant; adorned with virtue; splendor.,,,,008_A_Chinese_and_English_Vocabulary_in_the_Tie-chiu_Dialect,64
hûa,Hwa -1,,,嘩,,Excessive talking; clamorous.,,,,008_A_Chinese_and_English_Vocabulary_in_the_Tie-chiu_Dialect,64
hûa,Hwa -1,,,譁,,Excessive talking; clamorous.,,,,008_A_Chinese_and_English_Vocabulary_in_the_Tie-chiu_Dialect,64
hûa,Hwa -1,,,驊,,A fine horse.,,,,008_A_Chinese_and_English_Vocabulary_in_the_Tie-chiu_Dialect,64
hûam,Hwam -1,,,凡,,All; commonly; whoever; whatever.,,,,008_A_Chinese_and_English_Vocabulary_in_the_Tie-chiu_Dialect,65
hûam,Hwam -1,,,梵,,Retirement; recitative.,,,,008_A_Chinese_and_English_Vocabulary_in_the_Tie-chiu_Dialect,65
hûaⁿ,Hⁿwa -1,,,鼾,,Snoring; hard breathing in sleep.,,,,008_A_Chinese_and_English_Vocabulary_in_the_Tie-chiu_Dialect,64
hûe,Hue -1,,,囘,,To revolve; turn around; return; curved; a chapter or section.,,,,008_A_Chinese_and_English_Vocabulary_in_the_Tie-chiu_Dialect,61
hûe,Hue -1,,,徊,,Pacing back and forth in suspense or hesitation; irresolute; undetermined.,,,,008_A_Chinese_and_English_Vocabulary_in_the_Tie-chiu_Dialect,61
hûe,Hue -1,,,廻,,To bend; turn around; irresolute; unsettled.,,,,008_A_Chinese_and_English_Vocabulary_in_the_Tie-chiu_Dialect,61
hûe,Hue -1,,,洄,,An eddy; running back.,,,,008_A_Chinese_and_English_Vocabulary_in_the_Tie-chiu_Dialect,61
hûe,Hue -1,,,茴,,Fragrant plants; a medicinal plant.,,,,008_A_Chinese_and_English_Vocabulary_in_the_Tie-chiu_Dialect,61
hûeⁿ,Hⁿue -1,,,橫,,A cross-bar; cross-wise; perverse; unreasonable.,,,,008_A_Chinese_and_English_Vocabulary_in_the_Tie-chiu_Dialect,61
hûi,Hui -1,,,缶,,A vessel of earthern-ware; a jar or basin.,,,,008_A_Chinese_and_English_Vocabulary_in_the_Tie-chiu_Dialect,61
hûiⁿ,Hⁿui -1,,,懸,,"To suspend, physically or morally.",,,,008_A_Chinese_and_English_Vocabulary_in_the_Tie-chiu_Dialect,62
hûn,Hun -1,,,雲,,Clouds; fog.,,,,008_A_Chinese_and_English_Vocabulary_in_the_Tie-chiu_Dialect,62
hûn,Hun -1,,,焚,,To burn; consume by fire.,,,,008_A_Chinese_and_English_Vocabulary_in_the_Tie-chiu_Dialect,63
hûn,Hun -1,,,渾,,Water and mud; foul; confused; foolish; the whole.,,,,008_A_Chinese_and_English_Vocabulary_in_the_Tie-chiu_Dialect,63
hûn,Hun -1,,,痕,,A wrinkle in the flesh; a cut; a sore.,,,,008_A_Chinese_and_English_Vocabulary_in_the_Tie-chiu_Dialect,63
hûn,Hun -1,,,魂,,The spirit; soul; the spiritual part of Iang.,,,,008_A_Chinese_and_English_Vocabulary_in_the_Tie-chiu_Dialect,63
hām,Hám 3,,,陷,,To fall down; sink; to be ruined; to ruin or injure.,,,,008_A_Chinese_and_English_Vocabulary_in_the_Tie-chiu_Dialect,51
hām,Hám 3,,,撼,,To shake; to move.,,,,008_A_Chinese_and_English_Vocabulary_in_the_Tie-chiu_Dialect,51
hāu,Hau 3,,,候,,To wait for; to inquire; expect.,,,,008_A_Chinese_and_English_Vocabulary_in_the_Tie-chiu_Dialect,52
hāu,Hau 3,,,鱟,,The king crab.,,,,008_A_Chinese_and_English_Vocabulary_in_the_Tie-chiu_Dialect,52
hāu,Hau 3,,,効,,To apply one's strength in obedience to some order or in imitation of a pattern; to aim.,,,,008_A_Chinese_and_English_Vocabulary_in_the_Tie-chiu_Dialect,52
hāu,Hau 3,,,效,,Like; to learn of; imitate; effort; merit; efficacious.,,,,008_A_Chinese_and_English_Vocabulary_in_the_Tie-chiu_Dialect,52
hē,He 3,,,夏,,Summer; name of an ancient Chinese dynasty.,,,,008_A_Chinese_and_English_Vocabulary_in_the_Tie-chiu_Dialect,52
hē,He 3,,,厦,,A piazza; side apartment of a house.,,,,008_A_Chinese_and_English_Vocabulary_in_the_Tie-chiu_Dialect,52
hĩ,Hi -3,,,携,,To lead by the hand; to take up.,,,,008_A_Chinese_and_English_Vocabulary_in_the_Tie-chiu_Dialect,54
hĩ,Hi -3,,,繫,,To connect or be connected; to follow in succession; related to; to bind or tie.,,,,008_A_Chinese_and_English_Vocabulary_in_the_Tie-chiu_Dialect,54
hĩ,Hi -3,,,係,,Is; am; to bind; connect; succeed to.,,,,008_A_Chinese_and_English_Vocabulary_in_the_Tie-chiu_Dialect,54
hĩ,Hi -3,,,曵,,To trail; an easy leisurely gait; to drag the heel.,,,,008_A_Chinese_and_English_Vocabulary_in_the_Tie-chiu_Dialect,54
hĩ,Hi -3,,,拽,,To lead; draw; pull.,,,,008_A_Chinese_and_English_Vocabulary_in_the_Tie-chiu_Dialect,54
hĩⁿ,Hⁿi -3,,,耳,,"The ear; an ear or handle of a cup, pitcher, etc.",,,,008_A_Chinese_and_English_Vocabulary_in_the_Tie-chiu_Dialect,54
hō,Hó 3,,,賀,,To congratulate; to carry a burden; to bear.,,,,008_A_Chinese_and_English_Vocabulary_in_the_Tie-chiu_Dialect,57
hō,Hó 3,,,號,,A title; signature; appellation; trumpet; to cry.,,,,008_A_Chinese_and_English_Vocabulary_in_the_Tie-chiu_Dialect,57
hũ,Hu -3,,,負,,To bear on the back; to turn the back upon; ungrateful; to fail; render nugatory.,,,,008_A_Chinese_and_English_Vocabulary_in_the_Tie-chiu_Dialect,60
hũ,Hu -3,,,阜,,A mound of earth; a hill; large; abundant.,,,,008_A_Chinese_and_English_Vocabulary_in_the_Tie-chiu_Dialect,60
hũ,Hu -3,,,煦,,To boil; to heat; genial warmth; kind.,,,,008_A_Chinese_and_English_Vocabulary_in_the_Tie-chiu_Dialect,60
hũ,Hu -3,,,婦,,A married woman; a wife; a woman; beautiful.,,,,008_A_Chinese_and_English_Vocabulary_in_the_Tie-chiu_Dialect,60
hũ,Hu -3,,,拊,,To apply the hand to; to beat; strike; a handle.,,,,008_A_Chinese_and_English_Vocabulary_in_the_Tie-chiu_Dialect,60
hũ,Hu -3,,,附,,"To be near to; lean against; to annex; to attach to, as to a party.",,,,008_A_Chinese_and_English_Vocabulary_in_the_Tie-chiu_Dialect,60
hũ,Hu -3,,,駙,,An assistant horse.,,,,008_A_Chinese_and_English_Vocabulary_in_the_Tie-chiu_Dialect,60
hũ,Hu -3,,,矱,,A marking line; to measure; adjust with a line.,,,,008_A_Chinese_and_English_Vocabulary_in_the_Tie-chiu_Dialect,60
hũ,Hu -3,,,穫,,To cut down and gather in grain.,,,,008_A_Chinese_and_English_Vocabulary_in_the_Tie-chiu_Dialect,60
hũ,Hu -3,,,護,,"To watch over, assist and guard; name of an office.",,,,008_A_Chinese_and_English_Vocabulary_in_the_Tie-chiu_Dialect,60
hũ,Hu -3,,,鑊,,An iron boiler without feet.,,,,008_A_Chinese_and_English_Vocabulary_in_the_Tie-chiu_Dialect,60
hũ,Hu -3,,,輔,,The jaw bones; to assist; support.,,,,008_A_Chinese_and_English_Vocabulary_in_the_Tie-chiu_Dialect,60
hũa,Hwa -3,,,禍,,Evil; calamity; curse from the gods; to afflict; destroy.,,,,008_A_Chinese_and_English_Vocabulary_in_the_Tie-chiu_Dialect,64
hũam,Hwam -3,,,患,,Vice; evil; calamity; grief.,,,,008_A_Chinese_and_English_Vocabulary_in_the_Tie-chiu_Dialect,65
hũam,Hwam -3,,,犯,,To offend; violate; invade an offender; criminal.,,,,008_A_Chinese_and_English_Vocabulary_in_the_Tie-chiu_Dialect,65
hũam,Hwam -3,,,笵,,A mould; rule; law.,,,,008_A_Chinese_and_English_Vocabulary_in_the_Tie-chiu_Dialect,65
hũam,Hwam -3,,,范,,Herbage; grass.,,,,008_A_Chinese_and_English_Vocabulary_in_the_Tie-chiu_Dialect,65
hũam,Hwam -3,,,範,,A pattern; rule; mould; string and careful discipline.,,,,008_A_Chinese_and_English_Vocabulary_in_the_Tie-chiu_Dialect,65
hũe,Hue -3,,,會,,"To assemble; associate; an association; to understand, a Church.",,,,008_A_Chinese_and_English_Vocabulary_in_the_Tie-chiu_Dialect,61
hũi,Hui -3,,,彗,,A comet; name of a plant.,,,,008_A_Chinese_and_English_Vocabulary_in_the_Tie-chiu_Dialect,62
hũi,Hui -3,,,嘒,,"Small; delicate; a soft, harmonious sound; clear; bright.",,,,008_A_Chinese_and_English_Vocabulary_in_the_Tie-chiu_Dialect,62
hũi,Hui -3,,,慧,,Intelligent; clever; ingenious.,,,,008_A_Chinese_and_English_Vocabulary_in_the_Tie-chiu_Dialect,62
hũi,Hui -3,,,惠,,Benevolence; kind; to bestow largesses; to show tenderness to the people.,,,,008_A_Chinese_and_English_Vocabulary_in_the_Tie-chiu_Dialect,62
hũi,Hui -3,,,繐,,"A kind of fine, open, cool cloth; cloth used in mourning.",,,,008_A_Chinese_and_English_Vocabulary_in_the_Tie-chiu_Dialect,62
hũi,Hui -3,,,蕙,,A certain fragrant plant which grows in marshes.,,,,008_A_Chinese_and_English_Vocabulary_in_the_Tie-chiu_Dialect,62
hũn,Hun -3,,,混,,Confused and in disorder; foul; dull.,,,,008_A_Chinese_and_English_Vocabulary_in_the_Tie-chiu_Dialect,63
hũn,Hun -3,,,溷,,Muddy water; unclean; impure; a privy.,,,,008_A_Chinese_and_English_Vocabulary_in_the_Tie-chiu_Dialect,63
hṳ,Hù 1,,,虛,,Empty; vacant; unmeaning.,,,,008_A_Chinese_and_English_Vocabulary_in_the_Tie-chiu_Dialect,61
hṳ,Hù 1,,,噓,,To blow; breath gently; recommend; speak in favor of.,,,,008_A_Chinese_and_English_Vocabulary_in_the_Tie-chiu_Dialect,61
hṳn,Hùn 1,,,殷,,Diligent; flourishing; right; name of an ancient dynasty.,,,,008_A_Chinese_and_English_Vocabulary_in_the_Tie-chiu_Dialect,63
hṳn,Hùn 1,,,慇,,Mournful; careful.,,,,008_A_Chinese_and_English_Vocabulary_in_the_Tie-chiu_Dialect,63
hṳn,Hùn 1,,,忻,,Joy; delight; to be pleased; to rejoice.,,,,008_A_Chinese_and_English_Vocabulary_in_the_Tie-chiu_Dialect,63
hṳn,Hùn 1,,,欣,,Joy; delight; to be pleased; to rejoice.,,,,008_A_Chinese_and_English_Vocabulary_in_the_Tie-chiu_Dialect,63
hṳn,Hùn 1,,,惞,,Joy; delight; to be pleased; to rejoice.,,,,008_A_Chinese_and_English_Vocabulary_in_the_Tie-chiu_Dialect,63
hṳn,Hùn 1,,,掀,,To pull or drag about; to lay hold of; grasp.,,,,008_A_Chinese_and_English_Vocabulary_in_the_Tie-chiu_Dialect,63
hṳn,Hùn 1,,,軒,,A carriage; the high front of a carriage; play; enjoyment.,,,,008_A_Chinese_and_English_Vocabulary_in_the_Tie-chiu_Dialect,63
hṳn,Hùn 1,,,熏,,Vapor; fumes; steam; to give offence to.,,,,008_A_Chinese_and_English_Vocabulary_in_the_Tie-chiu_Dialect,63
hṳn,Hùn 1,,,勳,,Well-deserving; loyal; meritorious.,,,,008_A_Chinese_and_English_Vocabulary_in_the_Tie-chiu_Dialect,63
hṳn,Hùn 1,,,壎,,A certain instrument of music.,,,,008_A_Chinese_and_English_Vocabulary_in_the_Tie-chiu_Dialect,63
hṳn,Hùn 1,,,燻,,To fumigate; to evaporate; apply fire to.,,,,008_A_Chinese_and_English_Vocabulary_in_the_Tie-chiu_Dialect,63
hṳn,Hùn 1,,,薰,,Fragrance of plants; fragrant plants.,,,,008_A_Chinese_and_English_Vocabulary_in_the_Tie-chiu_Dialect,64
hṳ́,Hù 2,,,翊,,To flap the wings; to assist,,,,008_A_Chinese_and_English_Vocabulary_in_the_Tie-chiu_Dialect,61
hṳ́,Hù 2,,,詡,,Boasting talk; to speak clearly and boldly; wide spreading.,,,,008_A_Chinese_and_English_Vocabulary_in_the_Tie-chiu_Dialect,61
hṳ́,Hù 2,,,許,,To accede to; grant; permit; to promise; give.,,,,008_A_Chinese_and_English_Vocabulary_in_the_Tie-chiu_Dialect,61
hṳ́n,Hùn 2,,,很,,Disobedient; quarrelsome.,,,,008_A_Chinese_and_English_Vocabulary_in_the_Tie-chiu_Dialect,64
hṳ́n,Hùn 2,,,狠,,Sign of the superlative degree; very.,,,,008_A_Chinese_and_English_Vocabulary_in_the_Tie-chiu_Dialect,64
hṳ̂,Hù -1,,,魚,,A fish.,,,,008_A_Chinese_and_English_Vocabulary_in_the_Tie-chiu_Dialect,61
hṳ̂,Hù -1,,,漁,,To fish; catch fish.,,,,008_A_Chinese_and_English_Vocabulary_in_the_Tie-chiu_Dialect,61
hṳ̃n,Hùn -3,,,恨,,Indignation; anger; regret; repentance.,,,,008_A_Chinese_and_English_Vocabulary_in_the_Tie-chiu_Dialect,64
hẽng,Heng -3,,,幸,,Fortunate; lucky; happy.,,,,008_A_Chinese_and_English_Vocabulary_in_the_Tie-chiu_Dialect,53
hẽng,Heng -3,,,倖,,To be unremitting in the pursuit of gain.,,,,008_A_Chinese_and_English_Vocabulary_in_the_Tie-chiu_Dialect,53
hẽng,Heng -3,,,行,,Actions; conduct.,,,,008_A_Chinese_and_English_Vocabulary_in_the_Tie-chiu_Dialect,53
hẽng,Heng -3,,,杏,,A sour plum; an almond tree.,,,,008_A_Chinese_and_English_Vocabulary_in_the_Tie-chiu_Dialect,53
i,I 1,,,於,,In; on; place where; to.,,,,008_A_Chinese_and_English_Vocabulary_in_the_Tie-chiu_Dialect,68
i,I 1,,,衣,,Clothes; a cover; clothes for the upper part of the body.,,,,008_A_Chinese_and_English_Vocabulary_in_the_Tie-chiu_Dialect,68
i,I 1,,,依,,To rely on; trust to; according to; comparison.,,,,008_A_Chinese_and_English_Vocabulary_in_the_Tie-chiu_Dialect,68
i,I 1,,,伊,,He; she; it; they; a person or thing.,,,,008_A_Chinese_and_English_Vocabulary_in_the_Tie-chiu_Dialect,68
i,I 1,,,咿,,Violent laughter.,,,,008_A_Chinese_and_English_Vocabulary_in_the_Tie-chiu_Dialect,68
i,I 1,,,噫,,Alas! Ah! Oh!,,,,008_A_Chinese_and_English_Vocabulary_in_the_Tie-chiu_Dialect,68
ia,Ia 1,,,亦,,Also; moreover.,,,,008_A_Chinese_and_English_Vocabulary_in_the_Tie-chiu_Dialect,68
iah,Ia 4,,,益,,To add; increase; benefit; beneficial; abundant.,,,,008_A_Chinese_and_English_Vocabulary_in_the_Tie-chiu_Dialect,69
iak,Yiak 4,,,龠,,A musical instrument with three tables; a certain measure.,,,,008_A_Chinese_and_English_Vocabulary_in_the_Tie-chiu_Dialect,190
iak,Yiak 4,,,籲,,A musical instrument with three tables; a certain measure.,,,,008_A_Chinese_and_English_Vocabulary_in_the_Tie-chiu_Dialect,190
iak,Yiak 4,,,鑰,,A lock; bolt to a door.,,,,008_A_Chinese_and_English_Vocabulary_in_the_Tie-chiu_Dialect,190
iak,Yiak 4,,,瀹,,To boil; soup made of flesh and herbs.,,,,008_A_Chinese_and_English_Vocabulary_in_the_Tie-chiu_Dialect,190
iak,Yiak 4,,,躍,,To skip; leap; dance; frisk about in joy.,,,,008_A_Chinese_and_English_Vocabulary_in_the_Tie-chiu_Dialect,190
iak,Yiak 4,,,鑠,,To fuse metals; to urge; impel; shining; bright.,,,,008_A_Chinese_and_English_Vocabulary_in_the_Tie-chiu_Dialect,190
iak,Yiak 4,,,爍,,To fuse metals; to urge; impel; shining; bright.,,,,008_A_Chinese_and_English_Vocabulary_in_the_Tie-chiu_Dialect,190
iam,Iam 1,,,奄,,To cover over a shelter.,,,,008_A_Chinese_and_English_Vocabulary_in_the_Tie-chiu_Dialect,69
iam,Iam 1,,,俺,,I; me; great.,,,,008_A_Chinese_and_English_Vocabulary_in_the_Tie-chiu_Dialect,69
iam,Iam 1,,,淹,,To merge or soak in water; to detain; impede.,,,,008_A_Chinese_and_English_Vocabulary_in_the_Tie-chiu_Dialect,69
iam,Iam 1,,,閹,,Doorkeepers of the royal harem; an eunuch.,,,,008_A_Chinese_and_English_Vocabulary_in_the_Tie-chiu_Dialect,69
iam,Iam 1,,,鵪,,A quail.,,,,008_A_Chinese_and_English_Vocabulary_in_the_Tie-chiu_Dialect,69
iam,Iam 1,,,饜,,Satiated; fastidious.,,,,008_A_Chinese_and_English_Vocabulary_in_the_Tie-chiu_Dialect,69
iang,Iàng 1,,,央,,In the middle; divided in the middle; wide.,,,,008_A_Chinese_and_English_Vocabulary_in_the_Tie-chiu_Dialect,70
iang,Iàng 1,,,殃,,Fault; punishment; calamity; ruin.,,,,008_A_Chinese_and_English_Vocabulary_in_the_Tie-chiu_Dialect,70
iang,Iàng 1,,,泱,,"Wide spread; vast; tossed about; as clouds, waves, &c.",,,,008_A_Chinese_and_English_Vocabulary_in_the_Tie-chiu_Dialect,70
iang,Iàng 1,,,鞅,,Part of a bridle which hangs below the neck; violent.,,,,008_A_Chinese_and_English_Vocabulary_in_the_Tie-chiu_Dialect,70
iap,Iap 4,,,壓,,To throw down; crush; oppress; to guard; keep down.,,,,008_A_Chinese_and_English_Vocabulary_in_the_Tie-chiu_Dialect,70
ia̍h,Ia -4,,,易,,Change; transmutation; name of one of the 5 classics.,,,,008_A_Chinese_and_English_Vocabulary_in_the_Tie-chiu_Dialect,69
ia̍h,Ia -4,,,馹,,A fleet horse; a post horse.,,,,008_A_Chinese_and_English_Vocabulary_in_the_Tie-chiu_Dialect,69
ia̍h,Ia -4,,,驛,,A post; government despatch; to applaud.,,,,008_A_Chinese_and_English_Vocabulary_in_the_Tie-chiu_Dialect,69
ie,Ie 1,,,腰,,The loins; waist.,,,,008_A_Chinese_and_English_Vocabulary_in_the_Tie-chiu_Dialect,70
ieh,Ie 4,,,約,,A treaty; contract; agreement.,,,,008_A_Chinese_and_English_Vocabulary_in_the_Tie-chiu_Dialect,70
ien,Yien 1,,,焉,,A closing particle denoting settled opinion; thought completed.,,,,008_A_Chinese_and_English_Vocabulary_in_the_Tie-chiu_Dialect,190
ien,Yien 1,,,嫣,,Handsome; smiling; pleasing.,,,,008_A_Chinese_and_English_Vocabulary_in_the_Tie-chiu_Dialect,190
ien,Yien 1,,,燕,,A swallow; rest; repose; alone.,,,,008_A_Chinese_and_English_Vocabulary_in_the_Tie-chiu_Dialect,190
ien,Yien 1,,,鳶,,A bird of prey whose cry indicated wind.,,,,008_A_Chinese_and_English_Vocabulary_in_the_Tie-chiu_Dialect,190
ie̍h,Ie -4,,,藥,,Medicine.,,,,008_A_Chinese_and_English_Vocabulary_in_the_Tie-chiu_Dialect,70
ieⁿ,Iⁿe 1,,,楊,,Name of a tree; a wide spreading tree.,,,,008_A_Chinese_and_English_Vocabulary_in_the_Tie-chiu_Dialect,70
ieⁿ,Iⁿe 1,,,鴦,,The female of a certain bird famed for conjugal fidelity.,,,,008_A_Chinese_and_English_Vocabulary_in_the_Tie-chiu_Dialect,70
im,Im 1,,,瘖,,Dumb; a disease which disables from speaking.,,,,008_A_Chinese_and_English_Vocabulary_in_the_Tie-chiu_Dialect,71
im,Im 1,,,陰,,Obscure; the opaque; inferior or female in nature.,,,,008_A_Chinese_and_English_Vocabulary_in_the_Tie-chiu_Dialect,71
in,In 1,,,因,,Because; for the sake of; on account of; as formerly.,,,,008_A_Chinese_and_English_Vocabulary_in_the_Tie-chiu_Dialect,71
in,In 1,,,姻,,A bride; the families of the bride and bridegroom.,,,,008_A_Chinese_and_English_Vocabulary_in_the_Tie-chiu_Dialect,71
in,In 1,,,烟,,Smoke; igneous vapor; fog.,,,,008_A_Chinese_and_English_Vocabulary_in_the_Tie-chiu_Dialect,71
in,In 1,,,絪,,Hemp; warm genial air.,,,,008_A_Chinese_and_English_Vocabulary_in_the_Tie-chiu_Dialect,71
in,In 1,,,胭,,The throat; to swallow down.,,,,008_A_Chinese_and_English_Vocabulary_in_the_Tie-chiu_Dialect,71
in,In 1,,,氤,,Warm genial air or vapour; the generative stimulus.,,,,008_A_Chinese_and_English_Vocabulary_in_the_Tie-chiu_Dialect,71
in,In 1,,,湮,,To fall; to be drowned or lost in the water.,,,,008_A_Chinese_and_English_Vocabulary_in_the_Tie-chiu_Dialect,71
in,In 1,,,甄,,To form or burn earthen ware; examine; illustrate.,,,,008_A_Chinese_and_English_Vocabulary_in_the_Tie-chiu_Dialect,71
in,In 1,,,禋,,A. clean pure sacrifice.,,,,008_A_Chinese_and_English_Vocabulary_in_the_Tie-chiu_Dialect,71
in,In 1,,,薽,,Name of a plant; a lily.,,,,008_A_Chinese_and_English_Vocabulary_in_the_Tie-chiu_Dialect,71
in,In,,,舁,,To lift up; to bear.,,,,008_A_Chinese_and_English_Vocabulary_in_the_Tie-chiu_Dialect,71
iong,Iong 1,,,噰,,Notes of birds; harmonious sounds.,,,,008_A_Chinese_and_English_Vocabulary_in_the_Tie-chiu_Dialect,72
iong,Iong 1,,,饔,,Dressed food; to cook a morning meal; harmony.,,,,008_A_Chinese_and_English_Vocabulary_in_the_Tie-chiu_Dialect,72
iong,Iong 1,,,雍,,Harmony; to assist; collect together.,,,,008_A_Chinese_and_English_Vocabulary_in_the_Tie-chiu_Dialect,72
iong,Iong 1,,,邕,,Harmony; to assist; collect together.,,,,008_A_Chinese_and_English_Vocabulary_in_the_Tie-chiu_Dialect,72
iong,Iong 1,,,雝,,Name of a small bird; harmonious notes or sounds.,,,,008_A_Chinese_and_English_Vocabulary_in_the_Tie-chiu_Dialect,73
iong,Iong 1,,,癰,,A swelling; large offensive sore; an ulcer.,,,,008_A_Chinese_and_English_Vocabulary_in_the_Tie-chiu_Dialect,73
iong,Iong 1,,,喁,,A gaping appearance.,,,,008_A_Chinese_and_English_Vocabulary_in_the_Tie-chiu_Dialect,73
iong,Iong 1,,,顒,,"A commanding, dignified, benevolent appearance.",,,,008_A_Chinese_and_English_Vocabulary_in_the_Tie-chiu_Dialect,73
iou,Io 1,,,夭,,Feeble; winning; luxuriant.,,,,008_A_Chinese_and_English_Vocabulary_in_the_Tie-chiu_Dialect,72
iou,Io 1,,,妖,,Strange; superhuman; elves; fairies; an omen.,,,,008_A_Chinese_and_English_Vocabulary_in_the_Tie-chiu_Dialect,72
iou,Io 1,,,殀,,To die early; short lived; to kill the young.,,,,008_A_Chinese_and_English_Vocabulary_in_the_Tie-chiu_Dialect,72
iou,Io 1,,,祅,,Things produced out of the proper season or in an unnatural manner.,,,,008_A_Chinese_and_English_Vocabulary_in_the_Tie-chiu_Dialect,72
io̍k,Yok -4,,,欲,,To breathe after; desire; covet; lust.,,,,008_A_Chinese_and_English_Vocabulary_in_the_Tie-chiu_Dialect,190
io̍k,Yok -4,,,浴,,To bathe in a stream; to bathe.,,,,008_A_Chinese_and_English_Vocabulary_in_the_Tie-chiu_Dialect,190
io̍k,Yok -4,,,慾,,To lust after; desire inordinately; passion.,,,,008_A_Chinese_and_English_Vocabulary_in_the_Tie-chiu_Dialect,190
io̍k,Yok -4,,,育,,To bear; nourish; train up; to grow.,,,,008_A_Chinese_and_English_Vocabulary_in_the_Tie-chiu_Dialect,190
io̍k,Yok -4,,,鬻,,Gruel; natural food; to nourish; to sell.,,,,008_A_Chinese_and_English_Vocabulary_in_the_Tie-chiu_Dialect,190
io̍k,Yok -4,,,煜,,Shining; resplendent; moral lustre.,,,,008_A_Chinese_and_English_Vocabulary_in_the_Tie-chiu_Dialect,190
ip,Ip 4,,,邑,,A city; a place where many dwell together.,,,,008_A_Chinese_and_English_Vocabulary_in_the_Tie-chiu_Dialect,73
ip,Ip 4,,,唈,,Panting; palpitation of the heart; short breathing.,,,,008_A_Chinese_and_English_Vocabulary_in_the_Tie-chiu_Dialect,73
ip,Ip 4,,,挹,,To remove out of one vessel into another; to pour out into.,,,,008_A_Chinese_and_English_Vocabulary_in_the_Tie-chiu_Dialect,73
ip,Ip 4,,,浥,,Wet; damp; dewy; water running down.,,,,008_A_Chinese_and_English_Vocabulary_in_the_Tie-chiu_Dialect,73
ip,Ip 4,,,揖,,To raise the folded hands and make a bow; to resign.,,,,008_A_Chinese_and_English_Vocabulary_in_the_Tie-chiu_Dialect,73
it,It 4,,,乙,,Bent; curved; one of the characters of the cycle; one.,,,,008_A_Chinese_and_English_Vocabulary_in_the_Tie-chiu_Dialect,73
it,It 4,,,一,,One; a; at once; as soon as; the whole; to unite.,,,,008_A_Chinese_and_English_Vocabulary_in_the_Tie-chiu_Dialect,73
it,It 4,,,壹,,One; a; at once; as soon as; the whole; to unite.,,,,008_A_Chinese_and_English_Vocabulary_in_the_Tie-chiu_Dialect,73
iu,Iu 1,,,憂,,Grief; sorrow; mournful; sad; sick.,,,,008_A_Chinese_and_English_Vocabulary_in_the_Tie-chiu_Dialect,74
iu,Iu 1,,,優,,Abundant; affluent; luxurious ease; to trifle with.,,,,008_A_Chinese_and_English_Vocabulary_in_the_Tie-chiu_Dialect,74
iu,Iu 1,,,耰,,A sort of harrow.,,,,008_A_Chinese_and_English_Vocabulary_in_the_Tie-chiu_Dialect,74
iàm,Iam 3-,,,厭,,To restrain; repress; subject; injure; obedient; iunited.,,,,008_A_Chinese_and_English_Vocabulary_in_the_Tie-chiu_Dialect,69
iàm,Iam 3-,,,嚈,,Satiated; to satisfy; to uncover; to dislike; hate; composed; steady.,,,,008_A_Chinese_and_English_Vocabulary_in_the_Tie-chiu_Dialect,69
iàng,Iàng 3-,,,映,,Clear; shining openly; the sun just past noon.,,,,008_A_Chinese_and_English_Vocabulary_in_the_Tie-chiu_Dialect,70
iàng,Iàng 3-,,,眏,,To look; see; dullness of sight.,,,,008_A_Chinese_and_English_Vocabulary_in_the_Tie-chiu_Dialect,70
iá,Ia 2,,,也,,A final particle; also placed after an important word in the middle of a sentence.,,,,008_A_Chinese_and_English_Vocabulary_in_the_Tie-chiu_Dialect,68
iá,Ia 2,,,野,,Wilderness; wide extended.,,,,008_A_Chinese_and_English_Vocabulary_in_the_Tie-chiu_Dialect,68
iá,Ia 2,,,冶,,To melt; fuse metals; an artist who fuses metals.,,,,008_A_Chinese_and_English_Vocabulary_in_the_Tie-chiu_Dialect,69
iám,Iam 2,,,弇,,To screen; shade; obscure.,,,,008_A_Chinese_and_English_Vocabulary_in_the_Tie-chiu_Dialect,69
iám,Iam 2,,,揜,,To gather together under a shelter; to screen; soothe.,,,,008_A_Chinese_and_English_Vocabulary_in_the_Tie-chiu_Dialect,69
iám,Iam 2,,,掩,,To gather together under a shelter; to screen; soothe.,,,,008_A_Chinese_and_English_Vocabulary_in_the_Tie-chiu_Dialect,69
iám,Iam 2,,,偃,,To case; cause to cease; to lie down; to rest.,,,,008_A_Chinese_and_English_Vocabulary_in_the_Tie-chiu_Dialect,69
iám,Iam 2,,,揠,,To pluck up; eradicate; to force.,,,,008_A_Chinese_and_English_Vocabulary_in_the_Tie-chiu_Dialect,69
iáng,Iàng 2,,,養,,To eat; nourish or take care of one's self.,,,,008_A_Chinese_and_English_Vocabulary_in_the_Tie-chiu_Dialect,70
iáⁿ,Iⁿa 2,,,影,,Shadow; proof; truth.,,,,008_A_Chinese_and_English_Vocabulary_in_the_Tie-chiu_Dialect,69
iâ,Ia -1,,,爺,,"A title of respect applied to kings, nobles, &c.",,,,008_A_Chinese_and_English_Vocabulary_in_the_Tie-chiu_Dialect,68
iâm,Iam -1,,,𥂁,,Salt. salted.,,,,008_A_Chinese_and_English_Vocabulary_in_the_Tie-chiu_Dialect,69
iâm,Iam -1,,,扊,,A bolt of a door.,,,,008_A_Chinese_and_English_Vocabulary_in_the_Tie-chiu_Dialect,69
iâm,Iam -1,,,炎,,Flame of fire; hot luminous; glorious.,,,,008_A_Chinese_and_English_Vocabulary_in_the_Tie-chiu_Dialect,69
iâm,Iam -1,,,焰,,Flame of fire; hot luminous; glorious.,,,,008_A_Chinese_and_English_Vocabulary_in_the_Tie-chiu_Dialect,69
iâm,Iam -1,,,豓,,Handsome; good; large; variegated; self-indulgent; dissipated.,,,,008_A_Chinese_and_English_Vocabulary_in_the_Tie-chiu_Dialect,69
iâm,Iam -1,,,灔,,Handsome; good; large; variegated; self-indulgent; dissipated.,,,,008_A_Chinese_and_English_Vocabulary_in_the_Tie-chiu_Dialect,69
iâng,Iàng -1,,,佯,,False; pretended; to feign.,,,,008_A_Chinese_and_English_Vocabulary_in_the_Tie-chiu_Dialect,69
iâng,Iàng -1,,,徉,,To stray; saunter.,,,,008_A_Chinese_and_English_Vocabulary_in_the_Tie-chiu_Dialect,69
iâng,Iàng -1,,,揚,,To spread out or abroad; to extend the fame of.,,,,008_A_Chinese_and_English_Vocabulary_in_the_Tie-chiu_Dialect,69
iâng,Iàng -1,,,暘,,Clear; bright; to dry in the sun.,,,,008_A_Chinese_and_English_Vocabulary_in_the_Tie-chiu_Dialect,69
iâng,Iàng -1,,,楊,,Name of a tree; a wide spreading tree.,,,,008_A_Chinese_and_English_Vocabulary_in_the_Tie-chiu_Dialect,69
iâng,Iàng -1,,,煬,,A blazing fire; to roast; to fuse metals.,,,,008_A_Chinese_and_English_Vocabulary_in_the_Tie-chiu_Dialect,69
iâng,Iàng -1,,,瘍,,Sores on the head; a wound.,,,,008_A_Chinese_and_English_Vocabulary_in_the_Tie-chiu_Dialect,70
iâng,Iàng -1,,,陽,,The superior or male principle in nature; the sun.,,,,008_A_Chinese_and_English_Vocabulary_in_the_Tie-chiu_Dialect,70
iâng,Iàng -1,,,颺,,Driven or fanned by the wind.,,,,008_A_Chinese_and_English_Vocabulary_in_the_Tie-chiu_Dialect,70
iâⁿ,Iⁿa -1,,,營,,An intrenchment; a camp.,,,,008_A_Chinese_and_English_Vocabulary_in_the_Tie-chiu_Dialect,69
iâⁿ,Iⁿa -1,,,贏,,Rich; powerful; to overcome; conquer; surpass.,,,,008_A_Chinese_and_English_Vocabulary_in_the_Tie-chiu_Dialect,69
iãng,Iàng -3,,,恙,,Sorrow; disease; complaint.,,,,008_A_Chinese_and_English_Vocabulary_in_the_Tie-chiu_Dialect,70
iãng,Iàng -3,,,養,,To feed; nourish; bring up.,,,,008_A_Chinese_and_English_Vocabulary_in_the_Tie-chiu_Dialect,70
iãng,Iàng -3,,,癢,,To itch; the itch.,,,,008_A_Chinese_and_English_Vocabulary_in_the_Tie-chiu_Dialect,70
ièn,Yien 3-,,,燕,,To entertain a guest; to eat and drink.,,,,008_A_Chinese_and_English_Vocabulary_in_the_Tie-chiu_Dialect,190
ién,Yien 2,,,遠,,Remote in time or place.,,,,008_A_Chinese_and_English_Vocabulary_in_the_Tie-chiu_Dialect,190
iê,Ie -1,,,窰,,A pottery; furnace to burn earthen ware.,,,,008_A_Chinese_and_English_Vocabulary_in_the_Tie-chiu_Dialect,70
iê,Ie -1,,,陶,,A potter; a furnace; agreeable; complying; to expel.,,,,008_A_Chinese_and_English_Vocabulary_in_the_Tie-chiu_Dialect,70
iê,Ie -1,,,姚,,Beautiful; elegant; lightsome.,,,,008_A_Chinese_and_English_Vocabulary_in_the_Tie-chiu_Dialect,70
iên,Yien -1,,,涎,,Flowing of water; continued succession; saliva.,,,,008_A_Chinese_and_English_Vocabulary_in_the_Tie-chiu_Dialect,190
iên,Yien -1,,,筵,,A mat to sit upon; a feast; entertainment.,,,,008_A_Chinese_and_English_Vocabulary_in_the_Tie-chiu_Dialect,190
iên,Yien -1,,,莚,,Creeping plants; spreading far and wide; protracted.,,,,008_A_Chinese_and_English_Vocabulary_in_the_Tie-chiu_Dialect,190
iên,Yien -1,,,蜒,,Name of certain insects.,,,,008_A_Chinese_and_English_Vocabulary_in_the_Tie-chiu_Dialect,190
iêⁿ,Iⁿe -1,,,羊,,A sheep or goat.,,,,008_A_Chinese_and_English_Vocabulary_in_the_Tie-chiu_Dialect,70
iêⁿ,Iⁿe -1,,,洋,,The ocean; vast; abundant.,,,,008_A_Chinese_and_English_Vocabulary_in_the_Tie-chiu_Dialect,70
iêⁿ,Iⁿe -1,,,痒,,Diseased; an ulcer; a scab; to itch.,,,,008_A_Chinese_and_English_Vocabulary_in_the_Tie-chiu_Dialect,70
iêⁿ,Iⁿe -1,,,鎔,,To fuse metals; melt; a mould.,,,,008_A_Chinese_and_English_Vocabulary_in_the_Tie-chiu_Dialect,70
iêⁿ,Iⁿe -1,,,融,,Steam or vapor rising; clear; bright; knowledge.,,,,008_A_Chinese_and_English_Vocabulary_in_the_Tie-chiu_Dialect,70
iòng,Iong 3-,,,咏,,To sing; recite; chant.,,,,008_A_Chinese_and_English_Vocabulary_in_the_Tie-chiu_Dialect,73
iòng,Iong 3-,,,詠,,To sing; recite; chant.,,,,008_A_Chinese_and_English_Vocabulary_in_the_Tie-chiu_Dialect,73
iòng,Iong 3-,,,壅,,To stop up; prevent information; to add to.,,,,008_A_Chinese_and_English_Vocabulary_in_the_Tie-chiu_Dialect,73
iòng,Iong 3-,,,擁,,To grasp; embrace; carry; crowd around.,,,,008_A_Chinese_and_English_Vocabulary_in_the_Tie-chiu_Dialect,73
iòu,Io 3-,,,要,,To require; desire; requisite; important.,,,,008_A_Chinese_and_English_Vocabulary_in_the_Tie-chiu_Dialect,72
ióng,Iong 2,,,永,,Perpetual; eternal; distant; always.,,,,008_A_Chinese_and_English_Vocabulary_in_the_Tie-chiu_Dialect,73
ióng,Iong 2,,,泳,,Always flowing; to dive and walk about under water.,,,,008_A_Chinese_and_English_Vocabulary_in_the_Tie-chiu_Dialect,73
ióng,Iong 2,,,甬,,To issue forth; pass through; containing; constant.,,,,008_A_Chinese_and_English_Vocabulary_in_the_Tie-chiu_Dialect,73
ióng,Iong 2,,,俑,,A wooden image buried with a dead person as his attendant or servant.,,,,008_A_Chinese_and_English_Vocabulary_in_the_Tie-chiu_Dialect,73
ióng,Iong 2,,,湧,,To bubble up as water from a spring.,,,,008_A_Chinese_and_English_Vocabulary_in_the_Tie-chiu_Dialect,73
ióng,Iong 2,,,勇,,Strong; brave; resolute; decided; to exert one's self.,,,,008_A_Chinese_and_English_Vocabulary_in_the_Tie-chiu_Dialect,73
ióng,Iong 2,,,踴,,"To leap or skip in zeal or joy,",,,,008_A_Chinese_and_English_Vocabulary_in_the_Tie-chiu_Dialect,73
ióng,Iong 2,,,踊,,"To leap or skip in zeal or joy,",,,,008_A_Chinese_and_English_Vocabulary_in_the_Tie-chiu_Dialect,73
ióu,Io 2,,,窈,,Deep; profound; retired; tranquil.,,,,008_A_Chinese_and_English_Vocabulary_in_the_Tie-chiu_Dialect,72
ióu,Io 2,,,夭,,Calamity; untimely death.,,,,008_A_Chinese_and_English_Vocabulary_in_the_Tie-chiu_Dialect,72
ióu,Io 2,,,舀,,To remove a liquid from one vessel to another; to lade or dip out.,,,,008_A_Chinese_and_English_Vocabulary_in_the_Tie-chiu_Dialect,72
iông,Iong -1,,,容,,"Allow permit, yield to contain; bear with; endure; countenance; manner.",,,,008_A_Chinese_and_English_Vocabulary_in_the_Tie-chiu_Dialect,72
iông,Iong -1,,,榕,,The banian tree.,,,,008_A_Chinese_and_English_Vocabulary_in_the_Tie-chiu_Dialect,72
iông,Iong -1,,,溶,,To fill; to contain; gentle flow; ease; leisure.,,,,008_A_Chinese_and_English_Vocabulary_in_the_Tie-chiu_Dialect,72
iông,Iong -1,,,蓉,,A certain plant whose flowers are said to change their color thrice a day.,,,,008_A_Chinese_and_English_Vocabulary_in_the_Tie-chiu_Dialect,72
iông,Iong -1,,,塋,,A grave or tomb.,,,,008_A_Chinese_and_English_Vocabulary_in_the_Tie-chiu_Dialect,72
iông,Iong -1,,,嫈,,Careful; attentive; good looking.,,,,008_A_Chinese_and_English_Vocabulary_in_the_Tie-chiu_Dialect,72
iông,Iong -1,,,榮,,To honor; rank; glory; beams under the eaves of a house.,,,,008_A_Chinese_and_English_Vocabulary_in_the_Tie-chiu_Dialect,72
iông,Iong -1,,,熒,,An illuminated house; name of a star and of a plant.,,,,008_A_Chinese_and_English_Vocabulary_in_the_Tie-chiu_Dialect,72
iông,Iong -1,,,瑩,,Lustre of gems; bright; clear perceptions.,,,,008_A_Chinese_and_English_Vocabulary_in_the_Tie-chiu_Dialect,72
iông,Iong -1,,,縈,,To wind or roll up.,,,,008_A_Chinese_and_English_Vocabulary_in_the_Tie-chiu_Dialect,72
iông,Iong -1,,,罃,,An earthern pitcher or vessel with a long neck.,,,,008_A_Chinese_and_English_Vocabulary_in_the_Tie-chiu_Dialect,72
iông,Iong -1,,,螢,,A fire fly; glow worm.,,,,008_A_Chinese_and_English_Vocabulary_in_the_Tie-chiu_Dialect,72
iông,Iong -1,,,𤌌,,A deep lake; marshy ground.,,,,008_A_Chinese_and_English_Vocabulary_in_the_Tie-chiu_Dialect,72
iông,Iong -1,,,營,,To explain and discuss; a camp.,,,,008_A_Chinese_and_English_Vocabulary_in_the_Tie-chiu_Dialect,72
iông,Iong -1,,,庸,,Constant; ordinary; simple; cordial; agreeing.,,,,008_A_Chinese_and_English_Vocabulary_in_the_Tie-chiu_Dialect,72
iông,Iong -1,,,傭,,To hire; to serve for hire; equal; impartial; to do.,,,,008_A_Chinese_and_English_Vocabulary_in_the_Tie-chiu_Dialect,72
iông,Iong -1,,,墉,,A small city; a wall; to make a mud wall.,,,,008_A_Chinese_and_English_Vocabulary_in_the_Tie-chiu_Dialect,72
iông,Iong -1,,,慵,,Indolent; lazy.,,,,008_A_Chinese_and_English_Vocabulary_in_the_Tie-chiu_Dialect,72
iông,Iong -1,,,盈,,Full; overflowing; complete.,,,,008_A_Chinese_and_English_Vocabulary_in_the_Tie-chiu_Dialect,72
iôu,Io -1,,,䍃,,Earthen ware; a pitcher; to move; agitate; shake.,,,,008_A_Chinese_and_English_Vocabulary_in_the_Tie-chiu_Dialect,71
iôu,Io -1,,,徭,,To serve; perform service for government.,,,,008_A_Chinese_and_English_Vocabulary_in_the_Tie-chiu_Dialect,71
iôu,Io -1,,,愮,,Deflected; depraved; to seduce; impose upon.,,,,008_A_Chinese_and_English_Vocabulary_in_the_Tie-chiu_Dialect,71
iôu,Io -1,,,搖,,To shake; wave; agitate.,,,,008_A_Chinese_and_English_Vocabulary_in_the_Tie-chiu_Dialect,71
iôu,Io -1,,,猺,,A species of dog.,,,,008_A_Chinese_and_English_Vocabulary_in_the_Tie-chiu_Dialect,71
iôu,Io -1,,,瑤,,A certain valuable stone.,,,,008_A_Chinese_and_English_Vocabulary_in_the_Tie-chiu_Dialect,71
iôu,Io -1,,,謠,,To sing songs or ballads; to slander by idle stories.,,,,008_A_Chinese_and_English_Vocabulary_in_the_Tie-chiu_Dialect,71
iôu,Io -1,,,𧽎,,To walk; go.,,,,008_A_Chinese_and_English_Vocabulary_in_the_Tie-chiu_Dialect,71
iôu,Io -1,,,遙,,Remote; distant.,,,,008_A_Chinese_and_English_Vocabulary_in_the_Tie-chiu_Dialect,71
iôu,Io -1,,,窑,,"A pottery an empty; retired, silent place.",,,,008_A_Chinese_and_English_Vocabulary_in_the_Tie-chiu_Dialect,72
iôu,Io -1,,,颻,,The wind shaking or agitating anything.,,,,008_A_Chinese_and_English_Vocabulary_in_the_Tie-chiu_Dialect,72
iõu,Io -3,,,曜,,Light and splendor of the sun.,,,,008_A_Chinese_and_English_Vocabulary_in_the_Tie-chiu_Dialect,72
iõu,Io -3,,,耀,,To shine upon; dart forth rays; luminous.,,,,008_A_Chinese_and_English_Vocabulary_in_the_Tie-chiu_Dialect,72
iù,Iu 3-,,,柚,,The pumelo.,,,,008_A_Chinese_and_English_Vocabulary_in_the_Tie-chiu_Dialect,74
iù,Iu 3-,,,又,,More; moreover; again.,,,,008_A_Chinese_and_English_Vocabulary_in_the_Tie-chiu_Dialect,74
iùⁿ,Iⁿu 3-,,,幼,,Young and slender; small; tender affection; fine.,,,,008_A_Chinese_and_English_Vocabulary_in_the_Tie-chiu_Dialect,74
iú,Iu 2,,,友,,An associate; friend; friendly; to love as brothers.,,,,008_A_Chinese_and_English_Vocabulary_in_the_Tie-chiu_Dialect,74
iú,Iu 2,,,酉,,"Matured; finished; satiated; old; the eight moon; horary character, from 5 to 7 P.M.",,,,008_A_Chinese_and_English_Vocabulary_in_the_Tie-chiu_Dialect,74
iú,Iu 2,,,莠,,Weeds; tares.,,,,008_A_Chinese_and_English_Vocabulary_in_the_Tie-chiu_Dialect,74
iú,Iu 2,,,誘,,To mislead; seduce; tempt; to induce.,,,,008_A_Chinese_and_English_Vocabulary_in_the_Tie-chiu_Dialect,74
iú,Iu 2,,,牖,,A latticed window; to lead; conduct the way.,,,,008_A_Chinese_and_English_Vocabulary_in_the_Tie-chiu_Dialect,74
iú,Iu 2,,,肘,,The fore arm; elbow; the muscle of the legs and arm.,,,,008_A_Chinese_and_English_Vocabulary_in_the_Tie-chiu_Dialect,74
iû,Iu -1,,,繇,,From; by or through; by means of; to let.,,,,008_A_Chinese_and_English_Vocabulary_in_the_Tie-chiu_Dialect,73
iû,Iu -1,,,由,,From; by or through; by means of; to let.,,,,008_A_Chinese_and_English_Vocabulary_in_the_Tie-chiu_Dialect,73
iû,Iu -1,,,油,,Oil; lard; greasy oily extracts.,,,,008_A_Chinese_and_English_Vocabulary_in_the_Tie-chiu_Dialect,73
iû,Iu -1,,,游,,To flow; float; go from home; to ramble for amusement.,,,,008_A_Chinese_and_English_Vocabulary_in_the_Tie-chiu_Dialect,74
iû,Iu -1,,,蝣,,Name of an insect.,,,,008_A_Chinese_and_English_Vocabulary_in_the_Tie-chiu_Dialect,74
iû,Iu -1,,,遊,,To saunter; roam; to go aboard with companions.,,,,008_A_Chinese_and_English_Vocabulary_in_the_Tie-chiu_Dialect,74
iû,Iu -1,,,尤,,Very; still more; singular; strange.,,,,008_A_Chinese_and_English_Vocabulary_in_the_Tie-chiu_Dialect,74
iû,Iu -1,,,疣,,A swelling; accumulation of muscular substance.,,,,008_A_Chinese_and_English_Vocabulary_in_the_Tie-chiu_Dialect,74
iû,Iu -1,,,蚘,,Long worms found in human intenstines.,,,,008_A_Chinese_and_English_Vocabulary_in_the_Tie-chiu_Dialect,74
iû,Iu -1,,,酋,,A kind of Chinese liquor; hot; valiant.,,,,008_A_Chinese_and_English_Vocabulary_in_the_Tie-chiu_Dialect,74
iû,Iu -1,,,偤,,To stand by and wait upon; attendant.,,,,008_A_Chinese_and_English_Vocabulary_in_the_Tie-chiu_Dialect,74
iû,Iu -1,,,猷,,To plan; scheme; delineate; a path; road; virtue.,,,,008_A_Chinese_and_English_Vocabulary_in_the_Tie-chiu_Dialect,74
iû,Iu -1,,,猶,,Like; similar; perhaps; even; still; doubtful.,,,,008_A_Chinese_and_English_Vocabulary_in_the_Tie-chiu_Dialect,74
iû,Iu -1,,,蕕,,Stinking plants; rotten wood.,,,,008_A_Chinese_and_English_Vocabulary_in_the_Tie-chiu_Dialect,74
iû,Iu -1,,,褏,,Rest; enjoyment; affluence; elegantly adorned.,,,,008_A_Chinese_and_English_Vocabulary_in_the_Tie-chiu_Dialect,74
iû,Iu -1,,,郵,,A post office; place for relay of post horses; a cottage in a field.,,,,008_A_Chinese_and_English_Vocabulary_in_the_Tie-chiu_Dialect,74
iēⁿ,Iⁿe 3,,,樣,,A pattern; fashion; manner; way. mode.,,,,008_A_Chinese_and_English_Vocabulary_in_the_Tie-chiu_Dialect,70
iũ,Iu -3,,,右,,The right hand or side; honor; to honor; assist; good.,,,,008_A_Chinese_and_English_Vocabulary_in_the_Tie-chiu_Dialect,74
iũ,Iu -3,,,佑,,To aid; help; protect.,,,,008_A_Chinese_and_English_Vocabulary_in_the_Tie-chiu_Dialect,74
iũ,Iu -3,,,祐,,Divine protection or assistance; help from the gods.,,,,008_A_Chinese_and_English_Vocabulary_in_the_Tie-chiu_Dialect,74
iũ,Iu -3,,,侑,,To assist; accompany; give mutually.,,,,008_A_Chinese_and_English_Vocabulary_in_the_Tie-chiu_Dialect,74
iũ,Iu -3,,,囿,,A garden enclosed; a park; aviary or menagerie.,,,,008_A_Chinese_and_English_Vocabulary_in_the_Tie-chiu_Dialect,74
iũ,Iu -3,,,宥,,To be indulgent to; relax; to assist; advise and encourage.,,,,008_A_Chinese_and_English_Vocabulary_in_the_Tie-chiu_Dialect,74
iũ,Iu -3,,,洧,,Name of a river; a garden with a pool.,,,,008_A_Chinese_and_English_Vocabulary_in_the_Tie-chiu_Dialect,74
iũ,Iu -3,,,賄,,To make presents; to bribe.,,,,008_A_Chinese_and_English_Vocabulary_in_the_Tie-chiu_Dialect,74
i̍t,It -4,,,佾,,A band of eight musicians employed in sacrificing to ancestors.,,,,008_A_Chinese_and_English_Vocabulary_in_the_Tie-chiu_Dialect,73
i̍t,It -4,,,逸,,Unrestrained; to run to excess; luxurious ease; idle.,,,,008_A_Chinese_and_English_Vocabulary_in_the_Tie-chiu_Dialect,73
i̍t,It -4,,,佚,,Ease; rest; repose; retirement; to omit; neglect.,,,,008_A_Chinese_and_English_Vocabulary_in_the_Tie-chiu_Dialect,73
i̍t,It -4,,,泆,,To overflow; excess; licentious; dissipated.,,,,008_A_Chinese_and_English_Vocabulary_in_the_Tie-chiu_Dialect,73
iẽn,Yien -3,,,胤,,A continued line of posterity and inheritance; custom.,,,,008_A_Chinese_and_English_Vocabulary_in_the_Tie-chiu_Dialect,190
iẽn,Yien -3,,,延,,Long~~~~(;) protracted; slow; remote; to spread far.,,,,008_A_Chinese_and_English_Vocabulary_in_the_Tie-chiu_Dialect,190
iẽn,Yien -3,,,埏,,A limit or boundary.,,,,008_A_Chinese_and_English_Vocabulary_in_the_Tie-chiu_Dialect,190
iẽn,Yien -3,,,衍,,Overflowing; wide spreading; prolix; diffuse.,,,,008_A_Chinese_and_English_Vocabulary_in_the_Tie-chiu_Dialect,190
iẽn,Yien -3,,,羨,,Covetous; desire; to desire; ardently; excess; praise.,,,,008_A_Chinese_and_English_Vocabulary_in_the_Tie-chiu_Dialect,190
iẽn,Yien -3,,,爰,,Slow; mournful; to remove; to lead.,,,,008_A_Chinese_and_English_Vocabulary_in_the_Tie-chiu_Dialect,190
iẽn,Yien -3,,,媛,,A beautiful woman who draws admirers; to seduce.,,,,008_A_Chinese_and_English_Vocabulary_in_the_Tie-chiu_Dialect,190
iẽn,Yien -3,,,援,,To lead; draw; rescue; save; assist; elevate.,,,,008_A_Chinese_and_English_Vocabulary_in_the_Tie-chiu_Dialect,190
iẽn,Yien -3,,,遠,,To remove to a distance; to put away; to regard as remote.,,,,008_A_Chinese_and_English_Vocabulary_in_the_Tie-chiu_Dialect,190
jia̍k,Jiak -4,,,若,,If; as; such as.,,,,008_A_Chinese_and_English_Vocabulary_in_the_Tie-chiu_Dialect,75
jia̍k,Jiak -4,,,弱,,Weak; feeble; pliant.,,,,008_A_Chinese_and_English_Vocabulary_in_the_Tie-chiu_Dialect,75
jim,Jim 1,,,任,,"Trust committed to a person, to sustain; serve; be able to choose, a duty, a burden.",,,,008_A_Chinese_and_English_Vocabulary_in_the_Tie-chiu_Dialect,75
jiá,Jia 2,,,惹,,To excite; provoke; stir up; induce; cause.,,,,008_A_Chinese_and_English_Vocabulary_in_the_Tie-chiu_Dialect,75
jiám,Jiam 2,,,冉,,To walk; advance; invade; name of a disciple of Confucius.,,,,008_A_Chinese_and_English_Vocabulary_in_the_Tie-chiu_Dialect,75
jiám,Jiam 2,,,苒,,Luxuriant growth of plants.,,,,008_A_Chinese_and_English_Vocabulary_in_the_Tie-chiu_Dialect,75
jiám,Jiam 2,,,髯,,Whiskers; beard on the side of the face.,,,,008_A_Chinese_and_English_Vocabulary_in_the_Tie-chiu_Dialect,75
jiám,Jiam 2,,,染,,To dye; imbue; infect.,,,,008_A_Chinese_and_English_Vocabulary_in_the_Tie-chiu_Dialect,75
jiáng,Jiàng 2,,,嚷,,Noise of many voices; wrangling; clamor.,,,,008_A_Chinese_and_English_Vocabulary_in_the_Tie-chiu_Dialect,75
jiáng,Jiàng 2,,,壤,,"Soft, good soil; earth; a boundary; abundant.",,,,008_A_Chinese_and_English_Vocabulary_in_the_Tie-chiu_Dialect,75
jiáng,Jiàng 2,,,攘,,To seize; reject; cause trouble to; to stop.,,,,008_A_Chinese_and_English_Vocabulary_in_the_Tie-chiu_Dialect,75
jiãng,Jiàng -3,,,讓,,Yielding; complaisant; to give place to.,,,,008_A_Chinese_and_English_Vocabulary_in_the_Tie-chiu_Dialect,75
jiê,Jie -1,,,橈,,An oar; paddle.,,,,008_A_Chinese_and_English_Vocabulary_in_the_Tie-chiu_Dialect,75
jiên,Jien -1,,,然,,Yes; even so; thus; but; notwithstanding.,,,,008_A_Chinese_and_English_Vocabulary_in_the_Tie-chiu_Dialect,75
jiên,Jien -1,,,燃,,To kindle; set fire to; to boil slowly; simmer.,,,,008_A_Chinese_and_English_Vocabulary_in_the_Tie-chiu_Dialect,75
jiòu,Jio 3-,,,抓,,To scratch gently; tickle; cajole.,,,,008_A_Chinese_and_English_Vocabulary_in_the_Tie-chiu_Dialect,76
jiòu,Jio 3-,,,皺,,A wrinkled face; frowning eyebrows.,,,,008_A_Chinese_and_English_Vocabulary_in_the_Tie-chiu_Dialect,76
jiòu,Jio 3-,,,縐,,A kind of Chinese crape.,,,,008_A_Chinese_and_English_Vocabulary_in_the_Tie-chiu_Dialect,76
jiòu,Jio 3-,,,繞,,To surround; go round; wind round.,,,,008_A_Chinese_and_English_Vocabulary_in_the_Tie-chiu_Dialect,76
jiòu,Jio 3-,,,遶,,To surround; go round; wind round.,,,,008_A_Chinese_and_English_Vocabulary_in_the_Tie-chiu_Dialect,76
jióu,Jio 2,,,爪,,Claws; finger nails; to claw; scratch.,,,,008_A_Chinese_and_English_Vocabulary_in_the_Tie-chiu_Dialect,76
jióu,Jio 2,,,沼,,A pool; fountain.,,,,008_A_Chinese_and_English_Vocabulary_in_the_Tie-chiu_Dialect,76
jióu,Jio 2,,,擾,,To agitate; trouble; confusion; to soothe; nourish.,,,,008_A_Chinese_and_English_Vocabulary_in_the_Tie-chiu_Dialect,76
jiôu,Jio -1,,,嬈,,Pleasing; fascinating; flattering; troublesome.,Pleasing; facinating; flattering; troublesome.,,,008_A_Chinese_and_English_Vocabulary_in_the_Tie-chiu_Dialect,76
jiôu,Jio -1,,,饒,,Plenty of provisions; abundant; affluent; overplus; to spare; excuse.,,,,008_A_Chinese_and_English_Vocabulary_in_the_Tie-chiu_Dialect,76
jiû,Jiu -1,,,柔,,Flexible; yielding; mild and tender; young plants.,,,,008_A_Chinese_and_English_Vocabulary_in_the_Tie-chiu_Dialect,76
jiû,Jiu -1,,,揉,,To bend; twist; to work.,,,,008_A_Chinese_and_English_Vocabulary_in_the_Tie-chiu_Dialect,76
jiû,Jiu -1,,,揉,,To tan leather.,,,,008_A_Chinese_and_English_Vocabulary_in_the_Tie-chiu_Dialect,77
jiû,Jiu -1,,,皮,,To tan leather.,,,,008_A_Chinese_and_English_Vocabulary_in_the_Tie-chiu_Dialect,77
jiē,Jie 3,,,尿,,Urine.,,,,008_A_Chinese_and_English_Vocabulary_in_the_Tie-chiu_Dialect,75
ji̍h,Ji -4,,,廿,,Twenty.,,,,008_A_Chinese_and_English_Vocabulary_in_the_Tie-chiu_Dialect,75
ji̍p,Jip -4,,,入,,To enter; entering.,,,,008_A_Chinese_and_English_Vocabulary_in_the_Tie-chiu_Dialect,76
ji̍t,Jit -4,,,日,,The sun; day.,,,,008_A_Chinese_and_English_Vocabulary_in_the_Tie-chiu_Dialect,76
jo̍k,Jok -4,,,辱,,To disgrace; degrade; insult; debauch; defile.,,,,008_A_Chinese_and_English_Vocabulary_in_the_Tie-chiu_Dialect,77
jo̍k,Jok -4,,,蓐,,"Shoots from an apparently dead stalk, rush; straw; thick.",,,,008_A_Chinese_and_English_Vocabulary_in_the_Tie-chiu_Dialect,77
jo̍k,Jok -4,,,褥,,A mat; mattress; couch.,A mat; matress; couch.,,,008_A_Chinese_and_English_Vocabulary_in_the_Tie-chiu_Dialect,77
jo̍k,Jok -4,,,𣯋,,A mat; mattress; couch.,A mat; matress; couch.,,,008_A_Chinese_and_English_Vocabulary_in_the_Tie-chiu_Dialect,77
jua̍h,Jua -4,,,熱,,Hot; heat; ardent.,,,,008_A_Chinese_and_English_Vocabulary_in_the_Tie-chiu_Dialect,78
jua̍h,Jua -4,,,爇,,To burn; blaze; set on a blaze.,,,,008_A_Chinese_and_English_Vocabulary_in_the_Tie-chiu_Dialect,78
jua̍t,Juat -4,,,悅,,Pleased; happy; to delight.,,,,008_A_Chinese_and_English_Vocabulary_in_the_Tie-chiu_Dialect,78
juán,Juan 2,,,纂,,Scarlet silk; to collect; arrange; abstract and form a compendium of; hand down.,,,,008_A_Chinese_and_English_Vocabulary_in_the_Tie-chiu_Dialect,78
jêng,Jeng -1,,,仍,,According to; in consequence and in imitation of; again.,,,,008_A_Chinese_and_English_Vocabulary_in_the_Tie-chiu_Dialect,75
jêng,Jeng -1,,,陾,,Many; a multitude; the noise of beating a mud wall.,,,,008_A_Chinese_and_English_Vocabulary_in_the_Tie-chiu_Dialect,75
jím,Jim 2,,,刃,,A sharp pointed weapon or knife; edge; strong.,,,,008_A_Chinese_and_English_Vocabulary_in_the_Tie-chiu_Dialect,75
jím,Jim 2,,,仞,,"A measure of eight cubits, to measure depth.",,,,008_A_Chinese_and_English_Vocabulary_in_the_Tie-chiu_Dialect,75
jím,Jim 2,,,忍,,Fortitude; patience; to bear; forbear; patient.,,,,008_A_Chinese_and_English_Vocabulary_in_the_Tie-chiu_Dialect,76
jím,Jim 2,,,牣,,A good sword; filled; crammed; overflown.,,,,008_A_Chinese_and_English_Vocabulary_in_the_Tie-chiu_Dialect,76
jím,Jim 2,,,肕,,Muscular flesh; tendons.,,,,008_A_Chinese_and_English_Vocabulary_in_the_Tie-chiu_Dialect,76
jím,Jim 2,,,訒,,To think; consider.,,,,008_A_Chinese_and_English_Vocabulary_in_the_Tie-chiu_Dialect,76
jím,Jim 2,,,軔,,Apparatus for stopping a wheel; to impede; stop.,Aparatus for stopping a wheel; to impede; stop.,,,008_A_Chinese_and_English_Vocabulary_in_the_Tie-chiu_Dialect,76
jím,Jim 2,,,恁,,Satiated; an entertainment; thoroughly cooked.,,,,008_A_Chinese_and_English_Vocabulary_in_the_Tie-chiu_Dialect,76
jím,Jim 2,,,餁,,Satiated; an entertainment; thoroughly cooked.,,,,008_A_Chinese_and_English_Vocabulary_in_the_Tie-chiu_Dialect,76
jím,Jim 2,,,荏,,A large kind of pulse; flexible; gradual progress.,,,,008_A_Chinese_and_English_Vocabulary_in_the_Tie-chiu_Dialect,76
jím,Jim 2,,,衽,,The front part of a garment which hangs down or laps over.,,,,008_A_Chinese_and_English_Vocabulary_in_the_Tie-chiu_Dialect,76
jím,Jim 2,,,賃,,To pay for a loan; rent; hire.,,,,008_A_Chinese_and_English_Vocabulary_in_the_Tie-chiu_Dialect,76
jî,Ji -1,,,兒,,A child; infant; a boy.,,,,008_A_Chinese_and_English_Vocabulary_in_the_Tie-chiu_Dialect,75
jîm,Jim -1,,,壬,,"One of the ten astronomical characters of the cycle; to be responsible for, to bear.",,,,008_A_Chinese_and_English_Vocabulary_in_the_Tie-chiu_Dialect,75
jîn,Jin -1,,,仁,,"Benevolence; charity; virtue the seed, kernel or stone of fruit; the pupil of the eye.",,,,008_A_Chinese_and_English_Vocabulary_in_the_Tie-chiu_Dialect,76
jîn,Jin -1,,,人,,A human being; man or woman.,,,,008_A_Chinese_and_English_Vocabulary_in_the_Tie-chiu_Dialect,76
jóng,Jong 2,,,氄,,Fine hair; fur or down; warm and soft.,,,,008_A_Chinese_and_English_Vocabulary_in_the_Tie-chiu_Dialect,77
jông,Jong -1,,,戎,,A military weapon or carriage; large; thou; you.,,,,008_A_Chinese_and_English_Vocabulary_in_the_Tie-chiu_Dialect,77
jông,Jong -1,,,絨,,Fine cloth; woolen cloth.,,,,008_A_Chinese_and_English_Vocabulary_in_the_Tie-chiu_Dialect,77
jông,Jong -1,,,茸,,Plants shooting up or growing thick; crowded.,,,,008_A_Chinese_and_English_Vocabulary_in_the_Tie-chiu_Dialect,77
jông,Jong -1,,,𣯏,,Mixed; confused; base; degenerated.,,,,008_A_Chinese_and_English_Vocabulary_in_the_Tie-chiu_Dialect,77
jú,Ju 2,,,乳,,Milk; to breast; tender; soft.,,,,008_A_Chinese_and_English_Vocabulary_in_the_Tie-chiu_Dialect,77
jú,Ju 2,,,愈,,To overcome; heal disease; to advance; still more; better.,,,,008_A_Chinese_and_English_Vocabulary_in_the_Tie-chiu_Dialect,77
jú,Ju 2,,,庾,,A stack of grain or storehouse in the fields; abundant; affluent.,,,,008_A_Chinese_and_English_Vocabulary_in_the_Tie-chiu_Dialect,77
júi,Jui 2,,,唯,,To answer; assent; yes; but; only; who?,,,,008_A_Chinese_and_English_Vocabulary_in_the_Tie-chiu_Dialect,78
jún,Jun 2,,,允,,Sincerely; honestly; faithful; to assent; promise.,,,,008_A_Chinese_and_English_Vocabulary_in_the_Tie-chiu_Dialect,78
jún,Jun 2,,,吮,,To suck; to lick.,,,,008_A_Chinese_and_English_Vocabulary_in_the_Tie-chiu_Dialect,78
jún,Jun 2,,,狁,,An opprobrious epithet.,,,,008_A_Chinese_and_English_Vocabulary_in_the_Tie-chiu_Dialect,78
jû,Ju -1,,,如,,As; like; according to; if; to go.,,,,008_A_Chinese_and_English_Vocabulary_in_the_Tie-chiu_Dialect,77
jû,Ju -1,,,筎,,The bark of bamboo; a sort of medicine.,,,,008_A_Chinese_and_English_Vocabulary_in_the_Tie-chiu_Dialect,77
jû,Ju -1,,,茹,,Plants whose roots entangle with each other; soft; flexible; to covet; eat greedily.,,,,008_A_Chinese_and_English_Vocabulary_in_the_Tie-chiu_Dialect,77
jû,Ju -1,,,臾,,A moment; an instant.,,,,008_A_Chinese_and_English_Vocabulary_in_the_Tie-chiu_Dialect,77
jû,Ju -1,,,腴,,Big-bellied; soft; flabby; fat; entrails.,,,,008_A_Chinese_and_English_Vocabulary_in_the_Tie-chiu_Dialect,77
jû,Ju -1,,,萸,,A certain medical plant.,,,,008_A_Chinese_and_English_Vocabulary_in_the_Tie-chiu_Dialect,77
jû,Ju -1,,,俞,,To answer; assent; yes; well; still more.,,,,008_A_Chinese_and_English_Vocabulary_in_the_Tie-chiu_Dialect,77
jû,Ju -1,,,愉,,To please; be pleased; joy; gratification; luxurious.,,,,008_A_Chinese_and_English_Vocabulary_in_the_Tie-chiu_Dialect,77
jû,Ju -1,,,腧,,The back; loins.,,,,008_A_Chinese_and_English_Vocabulary_in_the_Tie-chiu_Dialect,77
jû,Ju -1,,,窬,,To bore or open a small hole or aperture; ;a small hole in the wall.,,,,008_A_Chinese_and_English_Vocabulary_in_the_Tie-chiu_Dialect,77
jû,Ju -1,,,踰,,To pass over; exceed; advance; distant.,,,,008_A_Chinese_and_English_Vocabulary_in_the_Tie-chiu_Dialect,77
jû,Ju -1,,,逾,,To pass over; exceed; advance; distant.,,,,008_A_Chinese_and_English_Vocabulary_in_the_Tie-chiu_Dialect,77
jû,Ju -1,,,儒,,A scholar; the literati.,,,,008_A_Chinese_and_English_Vocabulary_in_the_Tie-chiu_Dialect,77
jû,Ju -1,,,孺,,An infant at the breast; to attach to; pertain to.,,,,008_A_Chinese_and_English_Vocabulary_in_the_Tie-chiu_Dialect,77
jû,Ju -1,,,薷,,Name of an herb and of a medicine.,,,,008_A_Chinese_and_English_Vocabulary_in_the_Tie-chiu_Dialect,77
jûi,Jui -1,,,遺,,To leave; hand down; leave by will; to reject; base.,,,,008_A_Chinese_and_English_Vocabulary_in_the_Tie-chiu_Dialect,78
jûi,Jui -1,,,帷,,A curtain; a tent.,,,,008_A_Chinese_and_English_Vocabulary_in_the_Tie-chiu_Dialect,78
jûi,Jui -1,,,惟,,To think; consider; plan; to be; is; but; only.,,,,008_A_Chinese_and_English_Vocabulary_in_the_Tie-chiu_Dialect,78
jûi,Jui -1,,,維,,"To be connected, pertain or belong to; to consider.",,,,008_A_Chinese_and_English_Vocabulary_in_the_Tie-chiu_Dialect,78
jēng,Jeng 3,,,媵,,A concubine; maid servant.,,,,008_A_Chinese_and_English_Vocabulary_in_the_Tie-chiu_Dialect,75
jĩm,Jim -3,,,壬,,To take upon one's self; to undertake.,,,,008_A_Chinese_and_English_Vocabulary_in_the_Tie-chiu_Dialect,76
jĩm,Jim -3,,,妊,,Conception; pregnant; to become pregnant.,,,,008_A_Chinese_and_English_Vocabulary_in_the_Tie-chiu_Dialect,76
jĩm,Jim -3,,,姙,,Conception; pregnant; to become pregnant.,,,,008_A_Chinese_and_English_Vocabulary_in_the_Tie-chiu_Dialect,76
jī,Ji 3,,,字,,A word; character; a title; to produce; love; a letter.,,,,008_A_Chinese_and_English_Vocabulary_in_the_Tie-chiu_Dialect,75
jī,Ji 3,,,寺,,Chambers or courts of public officers; an eunuch.,,,,008_A_Chinese_and_English_Vocabulary_in_the_Tie-chiu_Dialect,75
jī,Ji 3,,,鉺,,A hook; a barb.,,,,008_A_Chinese_and_English_Vocabulary_in_the_Tie-chiu_Dialect,75
jī,Ji 3,,,餌,,A bait; temptation; seduction.,,,,008_A_Chinese_and_English_Vocabulary_in_the_Tie-chiu_Dialect,75
jīn,Jin 3,,,認,,To know; distinguished; recognise; to acknowledge.,,,,008_A_Chinese_and_English_Vocabulary_in_the_Tie-chiu_Dialect,76
jũ,Ju -3,,,喻,,To manifest; declare; instruct; proclaim.,,,,008_A_Chinese_and_English_Vocabulary_in_the_Tie-chiu_Dialect,77
jũ,Ju -3,,,諭,,An edict; order; mandates; to declare; command.,,,,008_A_Chinese_and_English_Vocabulary_in_the_Tie-chiu_Dialect,77
jũ,Ju -3,,,覦,,To desire; covet; look at; to attain.,,,,008_A_Chinese_and_English_Vocabulary_in_the_Tie-chiu_Dialect,77
jũ,Ju -3,,,諛,,Flattery; adulation; to flatter.,,,,008_A_Chinese_and_English_Vocabulary_in_the_Tie-chiu_Dialect,77
jũ,Ju -3,,,裕,,Plenty; affluent; generous; indulgent.,,,,008_A_Chinese_and_English_Vocabulary_in_the_Tie-chiu_Dialect,77
jũ,Ju -3,,,龥,,To cry out in distress; to invoke with importunity.,,,,008_A_Chinese_and_English_Vocabulary_in_the_Tie-chiu_Dialect,78
jũe,Jue -3,,,睿,,Profound intelligence; perspicacity; clear perception.,,,,008_A_Chinese_and_English_Vocabulary_in_the_Tie-chiu_Dialect,78
jũe,Jue -3,,,銳,,Sharp-pointed; keen.,,,,008_A_Chinese_and_English_Vocabulary_in_the_Tie-chiu_Dialect,78
jũn,Jun -3,,,潤,,To enrich with rain or moisture; to instil; to benefit; riches.,,,,008_A_Chinese_and_English_Vocabulary_in_the_Tie-chiu_Dialect,78
jūe,Jue 3,,,枘,,The pointed end of a wooden handle fitted to enter the iron socket.,,,,008_A_Chinese_and_English_Vocabulary_in_the_Tie-chiu_Dialect,78
jūe,Jue 3,,,芮,,Soft; flexible; plants growing; shore; bank.,,,,008_A_Chinese_and_English_Vocabulary_in_the_Tie-chiu_Dialect,78
jūn,Jun 3,,,閏,,Intercalary; to add; or throw in.,,,,008_A_Chinese_and_English_Vocabulary_in_the_Tie-chiu_Dialect,78
jṳ́,Jù 2,,,耳,,The ear; handle to a cup; an euphonic and emphatic particle.,,,,008_A_Chinese_and_English_Vocabulary_in_the_Tie-chiu_Dialect,78
jṳ́,Jù 2,,,爾,,An euphonic and emphatic particle; thou; you; your.,,,,008_A_Chinese_and_English_Vocabulary_in_the_Tie-chiu_Dialect,78
jṳ́,Jù 2,,,璽,,A seal; a stamp.,,,,008_A_Chinese_and_English_Vocabulary_in_the_Tie-chiu_Dialect,78
jṳ́,Jù 2,,,邇,,Near; at hand.,,,,008_A_Chinese_and_English_Vocabulary_in_the_Tie-chiu_Dialect,78
jṳ̂,Jù -1,,,而,,"And; as; but,",,,,008_A_Chinese_and_English_Vocabulary_in_the_Tie-chiu_Dialect,78
jṳ̃,Jù -3,,,貳,,Two; both; to divide; double-minded.,,,,008_A_Chinese_and_English_Vocabulary_in_the_Tie-chiu_Dialect,78
jṳ̃,Jù -3,,,膩,,Fat; glossy; smooth; congealed.,,,,008_A_Chinese_and_English_Vocabulary_in_the_Tie-chiu_Dialect,78
jṳ̃,Jù -3,,,刵,,To cut off the ears.,,,,008_A_Chinese_and_English_Vocabulary_in_the_Tie-chiu_Dialect,78
jṳ̃,Jù -3,,,字,,A title.,,,,008_A_Chinese_and_English_Vocabulary_in_the_Tie-chiu_Dialect,78
ka,Ká 1,,,鉸,,A hinge or joint; an instrument that turns on a hinge.,,,,008_A_Chinese_and_English_Vocabulary_in_the_Tie-chiu_Dialect,78
ka,Ká 1,,,嫪,,An excessive desire for or love to; hankering.,,,,008_A_Chinese_and_English_Vocabulary_in_the_Tie-chiu_Dialect,79
ka,Ká 1,,,膠,,Glue; to glue; adhere firmly; pertinacious; bigoted.,,,,008_A_Chinese_and_English_Vocabulary_in_the_Tie-chiu_Dialect,79
kah,Ká 4,,,甲,,"Armor; coat or mail; finger nails; scales of fish, &c.; an astronomical character.",,,,008_A_Chinese_and_English_Vocabulary_in_the_Tie-chiu_Dialect,79
kah,Ká 4,,,呷,,To inhale; to swallow.,,,,008_A_Chinese_and_English_Vocabulary_in_the_Tie-chiu_Dialect,79
kah,Ká 4,,,舺,,A certain kind of boat.,,,,008_A_Chinese_and_English_Vocabulary_in_the_Tie-chiu_Dialect,79
kai,Kai 1,,,皆,,All; taken together; collectively; all the proceeding circumstances or things.,,,,008_A_Chinese_and_English_Vocabulary_in_the_Tie-chiu_Dialect,79
kai,Kai 1,,,偕,,With; together with; united.,,,,008_A_Chinese_and_English_Vocabulary_in_the_Tie-chiu_Dialect,79
kai,Kai 1,,,喈,,Voices or songs of birds.,,,,008_A_Chinese_and_English_Vocabulary_in_the_Tie-chiu_Dialect,79
kai,Kai 1,,,楷,,A pattern; example; mould; rule; straight and comely.,,,,008_A_Chinese_and_English_Vocabulary_in_the_Tie-chiu_Dialect,79
kai,Kai 1,,,該,,Ought; should; proper; the person place or thing referred to.,Ought; should; proper; the person place or thing refered to.,,,008_A_Chinese_and_English_Vocabulary_in_the_Tie-chiu_Dialect,79
kak,Kák 4,,,角,,A horn; corner; quarter; division; to push with the horn.,,,,008_A_Chinese_and_English_Vocabulary_in_the_Tie-chiu_Dialect,80
kak,Kák 4,,,桷,,"Name of a wood; a handle, club, mallet; to beat; examine.",,,,008_A_Chinese_and_English_Vocabulary_in_the_Tie-chiu_Dialect,80
kak,Kák 4,,,覺,,To be roused; excited; to take notice; to perceive what was unknown before.,,,,008_A_Chinese_and_English_Vocabulary_in_the_Tie-chiu_Dialect,80
kam,Kám 1,,,甘,,Sweet; pleasant; agreeable; voluntary; flattering.,,,,008_A_Chinese_and_English_Vocabulary_in_the_Tie-chiu_Dialect,80
kam,Kám 1,,,泔,,A decoction; rice-water.,,,,008_A_Chinese_and_English_Vocabulary_in_the_Tie-chiu_Dialect,80
kam,Kám 1,,,疳,,A disease of children from eating sweet; venereal sores.,,,,008_A_Chinese_and_English_Vocabulary_in_the_Tie-chiu_Dialect,80
kam,Kám 1,,,紺,,Purple color; a kind of purple colored silk.,,,,008_A_Chinese_and_English_Vocabulary_in_the_Tie-chiu_Dialect,81
kam,Kám 1,,,苷,,Liquorice plant.,,,,008_A_Chinese_and_English_Vocabulary_in_the_Tie-chiu_Dialect,81
kam,Kám 1,,,邯,,Plenty; abundance; name of a place and of a river.,,,,008_A_Chinese_and_English_Vocabulary_in_the_Tie-chiu_Dialect,81
kam,Kám 1,,,監,,A jail or prison.,,,,008_A_Chinese_and_English_Vocabulary_in_the_Tie-chiu_Dialect,81
kang,Káng 1,,,工,,Work; art; craft; a workman; artificer.,,,,008_A_Chinese_and_English_Vocabulary_in_the_Tie-chiu_Dialect,82
kang,Káng 1,,,江,,A large river.,,,,008_A_Chinese_and_English_Vocabulary_in_the_Tie-chiu_Dialect,82
kang,Káng 1,,,岡,,The ridge of a mountain; top of a hill.,,,,008_A_Chinese_and_English_Vocabulary_in_the_Tie-chiu_Dialect,82
kang,Káng 1,,,崗,,The ridge of a mountain; top of a hill.,,,,008_A_Chinese_and_English_Vocabulary_in_the_Tie-chiu_Dialect,82
kang,Káng 1,,,剛,,Hard; firm; stiff; strength; fortitude; violence; recently.,,,,008_A_Chinese_and_English_Vocabulary_in_the_Tie-chiu_Dialect,82
kang,Káng 1,,,綱,,"The cord to draw up a net; that which regulates, controls or draws together, as prince, father, or husband.",,,,008_A_Chinese_and_English_Vocabulary_in_the_Tie-chiu_Dialect,82
kang,Káng 1,,,罡,,Name of a star; ursa major.,,,,008_A_Chinese_and_English_Vocabulary_in_the_Tie-chiu_Dialect,82
kang,Káng 1,,,釭,,An urn.,,,,008_A_Chinese_and_English_Vocabulary_in_the_Tie-chiu_Dialect,82
kat,Kát 4,,,結,,To tie; bind; collect together; to contract; a contract; bond; to produce.,,,,008_A_Chinese_and_English_Vocabulary_in_the_Tie-chiu_Dialect,83
kau,Kau 1,,,高,,Lofty; eminent; a high degree of.,,,,008_A_Chinese_and_English_Vocabulary_in_the_Tie-chiu_Dialect,83
kau,Kau 1,,,篙,,A pole for propelling boats.,,,,008_A_Chinese_and_English_Vocabulary_in_the_Tie-chiu_Dialect,83
kau,Kau 1,,,交,,To unite; connect; deliver over to; to exchange; intercourse; trade.,,,,008_A_Chinese_and_English_Vocabulary_in_the_Tie-chiu_Dialect,83
kau,Kau 1,,,筊,,Name of a musical reed; rope made of bamboos.,,,,008_A_Chinese_and_English_Vocabulary_in_the_Tie-chiu_Dialect,83
kau,Kau 1,,,蛟,,A kind of crocodile said to weigh 2000 catties.,,,,008_A_Chinese_and_English_Vocabulary_in_the_Tie-chiu_Dialect,83
kau,Kau 1,,,郊,,Common or waste land outside a city; region.,,,,008_A_Chinese_and_English_Vocabulary_in_the_Tie-chiu_Dialect,83
kau,Kau 1,,,鮫,,A species of dog fish.,,,,008_A_Chinese_and_English_Vocabulary_in_the_Tie-chiu_Dialect,83
kau,Kau 1,,,勾,,A hook; to hook; entice; to mark off and reject; a sentence.,,,,008_A_Chinese_and_English_Vocabulary_in_the_Tie-chiu_Dialect,83
kau,Kau 1,,,鈎,,A hook; a sickle; kind of spear; to hook; induce; drag.,,,,008_A_Chinese_and_English_Vocabulary_in_the_Tie-chiu_Dialect,83
kau,Kau 1,,,羔,,A lamb.,,,,008_A_Chinese_and_English_Vocabulary_in_the_Tie-chiu_Dialect,83
kau,Kau 1,,,臯,,To proclaim from the house-top; high; to sing; drawl.,,,,008_A_Chinese_and_English_Vocabulary_in_the_Tie-chiu_Dialect,83
kau,Kau 1,,,橰,,A machine for drawing water; name of a wood.,,,,008_A_Chinese_and_English_Vocabulary_in_the_Tie-chiu_Dialect,83
kau,Kau 1,,,溝,,A ditch; moat.,,,,008_A_Chinese_and_English_Vocabulary_in_the_Tie-chiu_Dialect,83
kaⁿ,Kⁿá 1,,,柑,,An orange; a bit or bridle.,,,,008_A_Chinese_and_English_Vocabulary_in_the_Tie-chiu_Dialect,79
ke,Ke 1,,,枷,,A flail; a wooden collar for criminals; shelves; cupboard.,,,,008_A_Chinese_and_English_Vocabulary_in_the_Tie-chiu_Dialect,84
ke,Ke 1,,,家,,A house; family; to dwell; a scholar of celebrity.,,,,008_A_Chinese_and_English_Vocabulary_in_the_Tie-chiu_Dialect,84
ke,Ke 1,,,加,,To add to; increase; confer; inflict; to charge.,,,,008_A_Chinese_and_English_Vocabulary_in_the_Tie-chiu_Dialect,84
ke,Ke 1,,,伽,,A budhist god; a dragon.,,,,008_A_Chinese_and_English_Vocabulary_in_the_Tie-chiu_Dialect,84
ke,Ke 1,,,袈,,Priests' clothes.,,,,008_A_Chinese_and_English_Vocabulary_in_the_Tie-chiu_Dialect,84
keh,Ke 4,,,客,,A guest; stranger; customer.,,,,008_A_Chinese_and_English_Vocabulary_in_the_Tie-chiu_Dialect,85
keh,Ke 4,,,喀,,A cough; retch; vomit.,,,,008_A_Chinese_and_English_Vocabulary_in_the_Tie-chiu_Dialect,85
kek,Kek 4,,,殛,,To criminate; punish; reject; to kill; leave to perish.,,,,008_A_Chinese_and_English_Vocabulary_in_the_Tie-chiu_Dialect,85
kek,Kek 4,,,棘,,Brambles; a hedge; fence.,,,,008_A_Chinese_and_English_Vocabulary_in_the_Tie-chiu_Dialect,85
kek,Kek 4,,,戟,,A spear with several points; a halberd.,,,,008_A_Chinese_and_English_Vocabulary_in_the_Tie-chiu_Dialect,85
kek,Kek 4,,,革,,Untanned skins; to take off; reject; degrade from office; a bridle.,,,,008_A_Chinese_and_English_Vocabulary_in_the_Tie-chiu_Dialect,85
kek,Kek 4,,,格,,To come or extend to; excite; rectify; a limit; rule.,,,,008_A_Chinese_and_English_Vocabulary_in_the_Tie-chiu_Dialect,85
kek,Kek 4,,,菊,,Name of a plant.,,,,008_A_Chinese_and_English_Vocabulary_in_the_Tie-chiu_Dialect,85
kek,Kek 4,,,檄,,A government order written on a small board; haste.,,,,008_A_Chinese_and_English_Vocabulary_in_the_Tie-chiu_Dialect,85
kek,Kek 4,,,激,,To excite; stir up; excitement.,,,,008_A_Chinese_and_English_Vocabulary_in_the_Tie-chiu_Dialect,85
kek,Kek 4,,,鬲,,An earthen vase or urn; a partition between.,,,,008_A_Chinese_and_English_Vocabulary_in_the_Tie-chiu_Dialect,85
kek,Kek 4,,,翮,,Wings of a bird spread out.,,,,008_A_Chinese_and_English_Vocabulary_in_the_Tie-chiu_Dialect,86
keng,Keng 1,,,宮,,Palace; inner apartments; a wall; a note in music.,,,,008_A_Chinese_and_English_Vocabulary_in_the_Tie-chiu_Dialect,86
keng,Keng,,,莖,,Classical books; what is excellent; rules; laws; to manage; to pass through.,,,,008_A_Chinese_and_English_Vocabulary_in_the_Tie-chiu_Dialect,86
keng,Keng 1,,,經,,Classical books; what is excellent; rules; laws; to manage; to pass through.,,,,008_A_Chinese_and_English_Vocabulary_in_the_Tie-chiu_Dialect,86
keng,Keng,,,𦮨,,The stem of plants; handle of a sword or spear.,,,,008_A_Chinese_and_English_Vocabulary_in_the_Tie-chiu_Dialect,86
keng,Keng 1,,,莖,,The stem of plants; handle of a sword or spear.,,,,008_A_Chinese_and_English_Vocabulary_in_the_Tie-chiu_Dialect,86
keng,Keng 1,,,弓,,"A bow; cover of a carriage; a land measure, 8 cubits.",,,,008_A_Chinese_and_English_Vocabulary_in_the_Tie-chiu_Dialect,86
keng,Keng 1,,,芎,,A fragrant medicinal plant.,,,,008_A_Chinese_and_English_Vocabulary_in_the_Tie-chiu_Dialect,86
keng,Keng 1,,,矜,,Handle of a spear; to compassionate; respectful; conceited.,,,,008_A_Chinese_and_English_Vocabulary_in_the_Tie-chiu_Dialect,86
keng,Keng 1,,,荆,,A thorny bush; to punish.,,,,008_A_Chinese_and_English_Vocabulary_in_the_Tie-chiu_Dialect,86
keng,Keng 1,,,更,,To change; alteration; still move.,,,,008_A_Chinese_and_English_Vocabulary_in_the_Tie-chiu_Dialect,86
keng,Keng 1,,,供,,To place; arrange; give; declare; give evidence.,,,,008_A_Chinese_and_English_Vocabulary_in_the_Tie-chiu_Dialect,86
keng,Keng 1,,,賡,,Again; to respond to; continue in succession.,,,,008_A_Chinese_and_English_Vocabulary_in_the_Tie-chiu_Dialect,86
ke̍h,Ke -4,,,膈,,The breast; chest; stoppage in the chest or stomach.,,,,008_A_Chinese_and_English_Vocabulary_in_the_Tie-chiu_Dialect,85
ke̍h,Ke -4,,,隔,,A partition; something that comes between; to separate.,,,,008_A_Chinese_and_English_Vocabulary_in_the_Tie-chiu_Dialect,85
ke̍k,Kek -4,,,局,,Restricted; cramped; confused; guarded; to crouch.,,,,008_A_Chinese_and_English_Vocabulary_in_the_Tie-chiu_Dialect,85
ke̍k,Kek -4,,,侷,,Restricted; cramped; confused; guarded; to crouch.,,,,008_A_Chinese_and_English_Vocabulary_in_the_Tie-chiu_Dialect,85
ke̍k,Kek -4,,,梮,,A carriage for provisions; sharp points under shoes to prevent slipping.,,,,008_A_Chinese_and_English_Vocabulary_in_the_Tie-chiu_Dialect,85
ke̍k,Kek -4,,,極,,The extreme point or degree; to carry to the utmost; exhausted.,,,,008_A_Chinese_and_English_Vocabulary_in_the_Tie-chiu_Dialect,85
keⁿ,Kⁿe 1,,,畊,,To plough; cultivate the ground; employ diligent effort.,,,,008_A_Chinese_and_English_Vocabulary_in_the_Tie-chiu_Dialect,85
keⁿ,Kⁿe 1,,,耕,,To plough; cultivate the ground; employ diligent effort.,,,,008_A_Chinese_and_English_Vocabulary_in_the_Tie-chiu_Dialect,85
keⁿ,Kⁿe 1,,,羮,,Soup; broth.,,,,008_A_Chinese_and_English_Vocabulary_in_the_Tie-chiu_Dialect,85
keⁿ,Kⁿe 1,,,更,,A watch of the night.,,,,008_A_Chinese_and_English_Vocabulary_in_the_Tie-chiu_Dialect,85
keⁿ,Kⁿe 1,,,庚,,A horary character; the age of a person; to alter; a path.,,,,008_A_Chinese_and_English_Vocabulary_in_the_Tie-chiu_Dialect,85
keⁿ,Kⁿe 1,,,鶊,,Name of a bird.,,,,008_A_Chinese_and_English_Vocabulary_in_the_Tie-chiu_Dialect,85
khai,Kʽai 1,,,開,,To open; unloose; separate from; to begin.,,,,008_A_Chinese_and_English_Vocabulary_in_the_Tie-chiu_Dialect,80
kham,Kʽám 1,,,堪,,To sustain; be adequate to; worthy; tolerable.,,,,008_A_Chinese_and_English_Vocabulary_in_the_Tie-chiu_Dialect,81
kham,Kʽám 1,,,龕,,To receive; contain; overcome; a temple; a niche in the wall for idols.,,,,008_A_Chinese_and_English_Vocabulary_in_the_Tie-chiu_Dialect,81
khan,Kʽán 1,,,牽,,To lead; pull; drag; connect; confined to.,,,,008_A_Chinese_and_English_Vocabulary_in_the_Tie-chiu_Dialect,82
khan,Kʽán 1,,,刋,,To cut; carve; engrave; to hew; to fell.,,,,008_A_Chinese_and_English_Vocabulary_in_the_Tie-chiu_Dialect,82
khan,Kʽán 1,,,衎,,Joy; rejoicing; feasting; ease; settled; sincere.,,,,008_A_Chinese_and_English_Vocabulary_in_the_Tie-chiu_Dialect,82
khang,Kʽáng 1,,,康,,Repose; joy; felicity; excellent; blessed; a road.,,,,008_A_Chinese_and_English_Vocabulary_in_the_Tie-chiu_Dialect,82
khang,Kʽáng 1,,,慷,,Firm; elevated; energetic; strong; healthy.,,,,008_A_Chinese_and_English_Vocabulary_in_the_Tie-chiu_Dialect,82
khang,Kʽáng 1,,,糠,,Chaff.,,,,008_A_Chinese_and_English_Vocabulary_in_the_Tie-chiu_Dialect,82
khang,Kʽáng 1,,,匡,,Square; right; to rectify; assist; deliver.,,,,008_A_Chinese_and_English_Vocabulary_in_the_Tie-chiu_Dialect,82
khang,Kʽáng 1,,,空,,Vacant; empty; exhausted; poor; to empty.,,,,008_A_Chinese_and_English_Vocabulary_in_the_Tie-chiu_Dialect,82
khap,Kʽáp 4,,,恰,,Seasonably; just at the time; fortunately; exactly.,,,,008_A_Chinese_and_English_Vocabulary_in_the_Tie-chiu_Dialect,83
khap,Kʽáp 4,,,祫,,A sacrifice to ancestors which unites them all together.,,,,008_A_Chinese_and_English_Vocabulary_in_the_Tie-chiu_Dialect,83
khap,Kʽáp 4,,,蛤,,A frog.,,,,008_A_Chinese_and_English_Vocabulary_in_the_Tie-chiu_Dialect,83
khap,Kʽáp 4,,,閤,,A side door; small inner door.,,,,008_A_Chinese_and_English_Vocabulary_in_the_Tie-chiu_Dialect,83
khap,Kʽáp 4,,,鴿,,A pidgeon; also a gourd; dove.,,,,008_A_Chinese_and_English_Vocabulary_in_the_Tie-chiu_Dialect,83
khap,Kʽáp 4,,,盍,,To cover over.,,,,008_A_Chinese_and_English_Vocabulary_in_the_Tie-chiu_Dialect,83
khap,Kʽáp 4,,,瞌,,Sleepy; eyes closed.,,,,008_A_Chinese_and_English_Vocabulary_in_the_Tie-chiu_Dialect,83
khap,Kʽáp 4,,,磕,,Two stones striking against each other; to kneel and s trike the head on the ground.,,,,008_A_Chinese_and_English_Vocabulary_in_the_Tie-chiu_Dialect,83
khap,Kʽáp 4,,,闔,,A door; to shut; a whole family; all together; why not?,,,,008_A_Chinese_and_English_Vocabulary_in_the_Tie-chiu_Dialect,83
khat,Kʽát 4,,,剋,,To overcome; injure; kill; to repress; to insist upon; urgent.,,,,008_A_Chinese_and_English_Vocabulary_in_the_Tie-chiu_Dialect,83
khat,Kʽát 4,,,勀,,Great effort; to force one's self to; to be adequate for.,,,,008_A_Chinese_and_English_Vocabulary_in_the_Tie-chiu_Dialect,83
khat,Kʽát 4,,,尅,,To cut; engrave; carve; peel; to use harshly.,,,,008_A_Chinese_and_English_Vocabulary_in_the_Tie-chiu_Dialect,83
khau,Kʽau 1,,,䰗,,To cast lots; to choose by writing names on slips of paper and drawing them out.,,,,008_A_Chinese_and_English_Vocabulary_in_the_Tie-chiu_Dialect,84
khau,Kʽau 1,,,鬮,,To cast lots; to choose by writing names on slips of paper and drawing them out.,,,,008_A_Chinese_and_English_Vocabulary_in_the_Tie-chiu_Dialect,84
kha̍k,Kʽák -4,,,隺,,Aspiring; ardent; high toned.,,,,008_A_Chinese_and_English_Vocabulary_in_the_Tie-chiu_Dialect,80
kha̍k,Kʽák -4,,,確,,Certainly; surely; indeed; the strict truth.,,,,008_A_Chinese_and_English_Vocabulary_in_the_Tie-chiu_Dialect,80
kha̍k,Kʽák -4,,,霍,,Celerity; speed; alacrity; cheerfulness.,,,,008_A_Chinese_and_English_Vocabulary_in_the_Tie-chiu_Dialect,80
kha̍k,Kʽák -4,,,藿,,Pulse; a fragrant plant.,,,,008_A_Chinese_and_English_Vocabulary_in_the_Tie-chiu_Dialect,80
kha̍k,Kʽák -4,,,壳,,Thin skin of anything; empty and hollow; bark; a shell.,,,,008_A_Chinese_and_English_Vocabulary_in_the_Tie-chiu_Dialect,80
kha̍k,Kʽák -4,,,殼,,Thin skin of anything; empty and hollow; bark; a shell.,,,,008_A_Chinese_and_English_Vocabulary_in_the_Tie-chiu_Dialect,80
kha̍k,Kʽák -4,,,慤,,Sincere; faithful; virtuous.,,,,008_A_Chinese_and_English_Vocabulary_in_the_Tie-chiu_Dialect,80
kha̍k,Kʽák -4,,,戞,,A long spear or lance; usual; ordinary; stammering.,,,,008_A_Chinese_and_English_Vocabulary_in_the_Tie-chiu_Dialect,80
kha̍k,Kʽák -4,,,恪,,Veneration and respect; commanding respect.,,,,008_A_Chinese_and_English_Vocabulary_in_the_Tie-chiu_Dialect,80
kha̍k,Kʽák -4,,,麯,,A ferment for making spirits.,,,,008_A_Chinese_and_English_Vocabulary_in_the_Tie-chiu_Dialect,80
khek,Kʽek 4,,,刻,,To cut; engrave; carve; peel; to use harshly.,,,,008_A_Chinese_and_English_Vocabulary_in_the_Tie-chiu_Dialect,86
khek,Kʽek 4,,,擊,,To strike; knock; beat; to rouse; excite; attack; kill.,,,,008_A_Chinese_and_English_Vocabulary_in_the_Tie-chiu_Dialect,86
kheng,Kʽeng 1,,,扃,,The bar of a door; to bolt a door.,,,,008_A_Chinese_and_English_Vocabulary_in_the_Tie-chiu_Dialect,86
kheng,Kʽeng 1,,,兢,,Attentive; cautious; respectful; anxious; alarm.,,,,008_A_Chinese_and_English_Vocabulary_in_the_Tie-chiu_Dialect,86
kheng,Kʽeng 1,,,卿,,A title conferred on high officers; a prince.,,,,008_A_Chinese_and_English_Vocabulary_in_the_Tie-chiu_Dialect,86
kheng,Kʽeng 1,,,筐,,A basket.,,,,008_A_Chinese_and_English_Vocabulary_in_the_Tie-chiu_Dialect,86
kheng,Kʽeng 1,,,硜,,Noise of stones dashing against each other; mean.,,,,008_A_Chinese_and_English_Vocabulary_in_the_Tie-chiu_Dialect,86
kheⁿ,Kʽⁿe 1,,,坑,,A pit; cave; den; to put into a pit.,,,,008_A_Chinese_and_English_Vocabulary_in_the_Tie-chiu_Dialect,85
khi,Kʽi 1,,,欺,,To deceive; impose upon; insult; deceive one's self; to slant; to tip.,,,,008_A_Chinese_and_English_Vocabulary_in_the_Tie-chiu_Dialect,88
khi,Kʽi 1,,,谿,,A valley with a stream running through it.,,,,008_A_Chinese_and_English_Vocabulary_in_the_Tie-chiu_Dialect,88
khi,Kʽi 1,,,蹊,,A road; a path.,,,,008_A_Chinese_and_English_Vocabulary_in_the_Tie-chiu_Dialect,88
khi,Kʽi 1,,,崎,,Mountainous path; dangerously precipice; dangerous.,,,,008_A_Chinese_and_English_Vocabulary_in_the_Tie-chiu_Dialect,88
khi,Kʽi 1,,,踦,,Incomplete; single; with but one foot.,,,,008_A_Chinese_and_English_Vocabulary_in_the_Tie-chiu_Dialect,88
khia,Kʽia 1,,,騎,,To stride; to ride on the back of an animal; a rider.,,,,008_A_Chinese_and_English_Vocabulary_in_the_Tie-chiu_Dialect,89
khiah,Kʽia 4,,,隙,,A crevice; interstice; a cause; time of leisure.,,,,008_A_Chinese_and_English_Vocabulary_in_the_Tie-chiu_Dialect,89
khiak,Kʽiak 4,,,怯,,Cowardly; timid; weak.,,,,008_A_Chinese_and_English_Vocabulary_in_the_Tie-chiu_Dialect,89
khiak,Kʽiak 4,,,𨚫,,Behold; denotes certainty and surprise; to refuse; thro away; really; truly; therefore.,,,,008_A_Chinese_and_English_Vocabulary_in_the_Tie-chiu_Dialect,89
khiak,Kʽiak 4,,,郤,,Behold; denotes certainty and surprise; to refuse; thro away; really; truly; therefore.,,,,008_A_Chinese_and_English_Vocabulary_in_the_Tie-chiu_Dialect,89
khiam,Kʽiam 1,,,謙,,Respectful; yielding; humble; quiet.,,,,008_A_Chinese_and_English_Vocabulary_in_the_Tie-chiu_Dialect,90
khien,Kʽien 1,,,騫,,"A girth for a horse; to fail, failure; disgraced.",,,,008_A_Chinese_and_English_Vocabulary_in_the_Tie-chiu_Dialect,91
khien,Kʽien 1,,,愆,,Error; transgression; excess; failure; disease.,,,,008_A_Chinese_and_English_Vocabulary_in_the_Tie-chiu_Dialect,91
khien,Kʽien 1,,,虔,,Firm; respectful; sincere; veneration; pious feeling.,,,,008_A_Chinese_and_English_Vocabulary_in_the_Tie-chiu_Dialect,91
khiet,Kʽiet 4,,,孑,,Single; one; only; a remnant; short; behind.,,,,008_A_Chinese_and_English_Vocabulary_in_the_Tie-chiu_Dialect,92
khiet,Kʽiet 4,,,厥,,An engine to throw stones; he; she; it; his hers; its.,,,,008_A_Chinese_and_English_Vocabulary_in_the_Tie-chiu_Dialect,92
khiet,Kʽiet 4,,,譎,,False; intriguing; crafty; to impose upon.,,,,008_A_Chinese_and_English_Vocabulary_in_the_Tie-chiu_Dialect,92
khiet,Kʽiet 4,,,喫,,To eat; drink; receive an impression; to bear with.,,,,008_A_Chinese_and_English_Vocabulary_in_the_Tie-chiu_Dialect,92
khiet,Kʽiet 4,,,楔,,The two side posts of a door; a pillar; name of a wood.,,,,008_A_Chinese_and_English_Vocabulary_in_the_Tie-chiu_Dialect,92
khiet,Kʽiet 4,,,恝,,Without sorrow; dismissing whatever annoys.,,,,008_A_Chinese_and_English_Vocabulary_in_the_Tie-chiu_Dialect,92
khiet,Kʽiet 4,,,挈,,To take hold of with the hand; support; adjust.,,,,008_A_Chinese_and_English_Vocabulary_in_the_Tie-chiu_Dialect,92
khiet,Kʽiet 4,,,𪗾,,Noise of the teeth gnashing or grinding on each other.,,,,008_A_Chinese_and_English_Vocabulary_in_the_Tie-chiu_Dialect,92
khiet,Kʽiet 4,,,攫,,To take hold of; grasp.,,,,008_A_Chinese_and_English_Vocabulary_in_the_Tie-chiu_Dialect,92
khiet,Kʽiet 4,,,躩,,"A short, quick, respectful step.",,,,008_A_Chinese_and_English_Vocabulary_in_the_Tie-chiu_Dialect,92
khieⁿ,Kʽⁿie 1,,,腔,,Tunes of songs; empty; puffed up.,,,,008_A_Chinese_and_English_Vocabulary_in_the_Tie-chiu_Dialect,91
khim,Kʽim 1,,,欽,,Imperial; majestic; respect.,,,,008_A_Chinese_and_English_Vocabulary_in_the_Tie-chiu_Dialect,92
khim,Kʽim 1,,,衾,,A large coverlet; a covering; a shroud.,,,,008_A_Chinese_and_English_Vocabulary_in_the_Tie-chiu_Dialect,92
khim,Kʽim 1,,,衿,,A small girdle or string; to fasten clothes; the collar.,,,,008_A_Chinese_and_English_Vocabulary_in_the_Tie-chiu_Dialect,92
khin,Kʽin 1,,,輕,,Light; of little consequence; to despise.,,,,008_A_Chinese_and_English_Vocabulary_in_the_Tie-chiu_Dialect,93
khiok,Kʽiok 4,,,克,,Able; adequate; to sustain; subdue; repress.,,,,008_A_Chinese_and_English_Vocabulary_in_the_Tie-chiu_Dialect,93
khiok,Kʽiok 4,,,曲,,Crooked; bent down; oppressed; accused falsely.,,,,008_A_Chinese_and_English_Vocabulary_in_the_Tie-chiu_Dialect,93
khiong,Kʽiong 1-,,,蛩,,Name of an insect; mournful.,,,,008_A_Chinese_and_English_Vocabulary_in_the_Tie-chiu_Dialect,94
khiong,Kʽiong 1,,,穹,,"Lofty and vast, as the canopy of heaven; to deprive of entrace.",,,,008_A_Chinese_and_English_Vocabulary_in_the_Tie-chiu_Dialect,94
khiou,Kʽio 1,,,㪣,,To beat or strike as a drum; a stout club or cudgel.,,,,008_A_Chinese_and_English_Vocabulary_in_the_Tie-chiu_Dialect,93
khip,Kʽip 4,,,吸,,To draw in the breath; inhale; to drink.,,,,008_A_Chinese_and_English_Vocabulary_in_the_Tie-chiu_Dialect,94
khip,Kʽip 4,,,扱,,To take; receive; obtain; draw; lead; to courtesy or bow.,,,,008_A_Chinese_and_English_Vocabulary_in_the_Tie-chiu_Dialect,94
khip,Kʽip 4,,,汲,,To draw water from a well; to draw; lead; drag; laborious.,,,,008_A_Chinese_and_English_Vocabulary_in_the_Tie-chiu_Dialect,94
khip,Kʽip 4,,,笈,,A box for containing one's books.,,,,008_A_Chinese_and_English_Vocabulary_in_the_Tie-chiu_Dialect,94
khip,Kʽip 4,,,級,,Regular series; steps; degrees; classed; assorted; numeral of heads decapitated.,,,,008_A_Chinese_and_English_Vocabulary_in_the_Tie-chiu_Dialect,94
khip,Kʽip 4,,,泣,,To weep; shed tears silently.,,,,008_A_Chinese_and_English_Vocabulary_in_the_Tie-chiu_Dialect,94
khit,Kʽit 4,,,詰,,To interrogate; investigate; question with authority; to prohibit; reprove.,,,,008_A_Chinese_and_English_Vocabulary_in_the_Tie-chiu_Dialect,94
khiu,Kʽiu 1,,,丘,,A mound; hill; an area; hollow space; valley; great.,,,,008_A_Chinese_and_English_Vocabulary_in_the_Tie-chiu_Dialect,95
khiu,Kʽiu 1,,,坵,,A mound; hill; an area; hollow space; valley; great.,,,,008_A_Chinese_and_English_Vocabulary_in_the_Tie-chiu_Dialect,95
khiu,Kʽiu 1,,,蚯,,A worm.,,,,008_A_Chinese_and_English_Vocabulary_in_the_Tie-chiu_Dialect,95
khiu,Kʽiu 1,,,虬,,An animal of the lizard or dragon kind having a horn.,,,,008_A_Chinese_and_English_Vocabulary_in_the_Tie-chiu_Dialect,95
khiu,Kʽiu 1,,,鳩,,Name of a bird of the pidgeon species; to congregate; to rest.,,,,008_A_Chinese_and_English_Vocabulary_in_the_Tie-chiu_Dialect,95
khiàm,Kʽiam 3-,,,欠,,Want; insufficiency; to owe; be deficient.,,,,008_A_Chinese_and_English_Vocabulary_in_the_Tie-chiu_Dialect,90
khiám,Kʽiam 2,,,嗛,,Deficiency; failure; a bird's craw; contents of the mouth.,,,,008_A_Chinese_and_English_Vocabulary_in_the_Tie-chiu_Dialect,90
khiám,Kʽiam 2,,,慊,,Indignation; dissatisfied; cherishing ill-will to.,,,,008_A_Chinese_and_English_Vocabulary_in_the_Tie-chiu_Dialect,90
khiám,Kʽiam 2,,,歉,,Deficiency; debt; to covet; not satisfied.,,,,008_A_Chinese_and_English_Vocabulary_in_the_Tie-chiu_Dialect,90
khiâm,Kʽiam -1,,,箝,,To lock; shut and fasten; a lock; nippers.,,,,008_A_Chinese_and_English_Vocabulary_in_the_Tie-chiu_Dialect,90
khiâm,Kʽiam -1,,,鉗,,Tongs; pincers; forceps; to pinch; gripe; injure.,,,,008_A_Chinese_and_English_Vocabulary_in_the_Tie-chiu_Dialect,90
khiâm,Kʽiam -1,,,緘,,"To bind with cords; close or fold up, as a letter; an envelope.",,,,008_A_Chinese_and_English_Vocabulary_in_the_Tie-chiu_Dialect,90
khiâng,Kʽiàng -1,,,強,,Strong; violent; obstinate; overbearing; an overplus.,,,,008_A_Chinese_and_English_Vocabulary_in_the_Tie-chiu_Dialect,90
khiãm,Kʽiam -3,,,儉,,Economical; sparing; niggardly.,,,,008_A_Chinese_and_English_Vocabulary_in_the_Tie-chiu_Dialect,90
khién,Kʽien 2,,,遣,,To send; commission; put away; reject; give liberty.,,,,008_A_Chinese_and_English_Vocabulary_in_the_Tie-chiu_Dialect,91
khién,Kʽien 2,,,繾,,Inseparably attached.,,,,008_A_Chinese_and_English_Vocabulary_in_the_Tie-chiu_Dialect,91
khién,Kʽien 2,,,譴,,To reprehend; blame; to scold.,,,,008_A_Chinese_and_English_Vocabulary_in_the_Tie-chiu_Dialect,91
khién,Kʽien 2,,,褰,,Garments that reach to the feet; to lift up the garments when stepping in water.,,,,008_A_Chinese_and_English_Vocabulary_in_the_Tie-chiu_Dialect,92
khién,Kʽien 2,,,蹇,,Lame; sick; crooked; stammering; difficult.,,,,008_A_Chinese_and_English_Vocabulary_in_the_Tie-chiu_Dialect,92
khién,Kʽien 2,,,畎,,A small stream; a watercourse in a field; to diffuse.,,,,008_A_Chinese_and_English_Vocabulary_in_the_Tie-chiu_Dialect,92
khiên,Kʽien -1,,,乾,,Heaven; firm; diligent; advancing; dry.,,,,008_A_Chinese_and_English_Vocabulary_in_the_Tie-chiu_Dialect,91
khiên,Kʽien -1,,,拳,,The fist; to grasp and hold fast; roll up; boxing.,,,,008_A_Chinese_and_English_Vocabulary_in_the_Tie-chiu_Dialect,91
khiòu,Kʽio 3-,,,竅,,A cavity; interstice; aperture; orifice; fit time.,A cavity; interstice; apperture; orifice; fit time.,,,008_A_Chinese_and_English_Vocabulary_in_the_Tie-chiu_Dialect,93
khióng,Kʽiong 2,,,恐,,Fear; suspicion; anxious thought; to suppose; reckon.,,,,008_A_Chinese_and_English_Vocabulary_in_the_Tie-chiu_Dialect,94
khióng,Kʽiong 2,,,鞏,,To bind fast; maintain firmly; well secured; to dry.,,,,008_A_Chinese_and_English_Vocabulary_in_the_Tie-chiu_Dialect,94
khióu,Kʽio 2,,,蹻,,To raise the feet and walk or climb high.,,,,008_A_Chinese_and_English_Vocabulary_in_the_Tie-chiu_Dialect,93
khiông,Kʽiong -1,,,窮,,To the last degree; to exhaust; impoverish; poor; the utmost.,,,,008_A_Chinese_and_English_Vocabulary_in_the_Tie-chiu_Dialect,93
khiông,Kʽiong -1,,,卭,,Labor; weariness; sickness; name of a place.,,,,008_A_Chinese_and_English_Vocabulary_in_the_Tie-chiu_Dialect,94
khiôu,Kʽio -1,,,磽,,"Stony, stiff, barren land.",,,,008_A_Chinese_and_English_Vocabulary_in_the_Tie-chiu_Dialect,93
khiôu,Kʽio -1,,,翹,,Long feathers of a tail; numerous; to elevate; excite.,,,,008_A_Chinese_and_English_Vocabulary_in_the_Tie-chiu_Dialect,93
khiôu,Kʽio -1,,,蹺,,A strong martial appearance; prancing; to climb.,,,,008_A_Chinese_and_English_Vocabulary_in_the_Tie-chiu_Dialect,93
khiôu,Kʽio -1,,,喬,,High; curved; bent; proud; idle and dissipated.,,,,008_A_Chinese_and_English_Vocabulary_in_the_Tie-chiu_Dialect,93
khiû,Kʽiu -1,,,求,,To search for; endeavor to obtain; beg; intreat; pray.,,,,008_A_Chinese_and_English_Vocabulary_in_the_Tie-chiu_Dialect,95
khiû,Kʽiu -1,,,裘,,Skin garments.,,,,008_A_Chinese_and_English_Vocabulary_in_the_Tie-chiu_Dialect,95
khiû,Kʽiu -1,,,賕,,To bribe; to pervert justice for money.,,,,008_A_Chinese_and_English_Vocabulary_in_the_Tie-chiu_Dialect,95
khiû,Kʽiu -1,,,逑,,To pair; join; court or seek for in marriage; urgent.,,,,008_A_Chinese_and_English_Vocabulary_in_the_Tie-chiu_Dialect,95
kho,Kʽó 1,,,戈,,A spear or lance.,,,,008_A_Chinese_and_English_Vocabulary_in_the_Tie-chiu_Dialect,97
kho,Kʽó 1,,,渦,,To flow back; flow round; return.,,,,008_A_Chinese_and_English_Vocabulary_in_the_Tie-chiu_Dialect,97
kho,Kʽó 1,,,呵,,To interrogate; reprehend; blame; to yawn.,,,,008_A_Chinese_and_English_Vocabulary_in_the_Tie-chiu_Dialect,97
kho,Kʽó 1,,,坷,,Uneven; rugged; unfortunate; unsuccessful.,,,,008_A_Chinese_and_English_Vocabulary_in_the_Tie-chiu_Dialect,97
kho,Kʽó 1,,,柯,,Name of a wood; stalk of a plant; handle of an axe; means of effecting.,,,,008_A_Chinese_and_English_Vocabulary_in_the_Tie-chiu_Dialect,97
kho,Kʽó 1,,,疴,,Disease; sickness.,,,,008_A_Chinese_and_English_Vocabulary_in_the_Tie-chiu_Dialect,97
kho,Kʽó 1,,,苛,,Small; petty; troublesome; to reprehend; trouble; anger.,,,,008_A_Chinese_and_English_Vocabulary_in_the_Tie-chiu_Dialect,97
kho,Kʽó 1,,,軻,,An axle with wheels on it.,,,,008_A_Chinese_and_English_Vocabulary_in_the_Tie-chiu_Dialect,97
khok,Kʽok 4,,,梏,,Manacles; a collar for the neck; correct conduct.,,,,008_A_Chinese_and_English_Vocabulary_in_the_Tie-chiu_Dialect,98
khok,Kʽok 4,,,酷,,"Generous wine; hard hearted, as from wine; cruel.",,,,008_A_Chinese_and_English_Vocabulary_in_the_Tie-chiu_Dialect,98
khok,Kʽok 4,,,鵠,,A leather mark to shoot at; a water fowl; goose.,,,,008_A_Chinese_and_English_Vocabulary_in_the_Tie-chiu_Dialect,98
khok,Kʽok 4,,,嚳,,A hurried enunciation; to give information.,,,,008_A_Chinese_and_English_Vocabulary_in_the_Tie-chiu_Dialect,98
khok,Kʽok 4,,,哭,,To weep and cry aloud.,,,,008_A_Chinese_and_English_Vocabulary_in_the_Tie-chiu_Dialect,98
khok,Kʽok 4,,,觳,,A cup; a quiver; a small vessel; thin; a bludgeon; to rush against; trembling.,,,,008_A_Chinese_and_English_Vocabulary_in_the_Tie-chiu_Dialect,98
khong,Kʽong 1,,,空,,The firmament; great; wide; vacant; exhausted; poor; clearness of mind; abstraction.,,,,008_A_Chinese_and_English_Vocabulary_in_the_Tie-chiu_Dialect,98
khong,Kʽong 1,,,倥,,Ignorant; rude; hurry; urgent; weary.,,,,008_A_Chinese_and_English_Vocabulary_in_the_Tie-chiu_Dialect,98
khong,Kʽong 1,,,悾,,Unable to attain one's purpose; dissatisfied; ignorant; simple.,,,,008_A_Chinese_and_English_Vocabulary_in_the_Tie-chiu_Dialect,98
khong,Kʽong 1,,,朐,,Empty within; filled with wind; vain; ostentatious.,,,,008_A_Chinese_and_English_Vocabulary_in_the_Tie-chiu_Dialect,98
khu,Kʽu 1,,,區,,To discriminate; a place to lay up anything; a room; to class; a boundary.,,,,008_A_Chinese_and_English_Vocabulary_in_the_Tie-chiu_Dialect,99
khu,Kʽu 1,,,傴,,Bent forward in respect; hunch backed.,,,,008_A_Chinese_and_English_Vocabulary_in_the_Tie-chiu_Dialect,99
khu,Kʽu 1,,,嶇,,"Rugged; an abrupt, peaked mountain.",,,,008_A_Chinese_and_English_Vocabulary_in_the_Tie-chiu_Dialect,99
khu,Kʽu 1,,,摳,,To lift up with the hand; to feel; to strike;,,,,008_A_Chinese_and_English_Vocabulary_in_the_Tie-chiu_Dialect,99
khu,Kʽu 1,,,樞,,A hinge; centre of motion; central; indispensable.,,,,008_A_Chinese_and_English_Vocabulary_in_the_Tie-chiu_Dialect,99
khu,Kʽu 1,,,𨄅,,To walk lame; an uneven path.,,,,008_A_Chinese_and_English_Vocabulary_in_the_Tie-chiu_Dialect,99
khu,Kʽu 1,,,軀,,The body.,,,,008_A_Chinese_and_English_Vocabulary_in_the_Tie-chiu_Dialect,99
khu,Kʽu 1,,,驅,,To drive; drive away; go before; a forerunner.,,,,008_A_Chinese_and_English_Vocabulary_in_the_Tie-chiu_Dialect,99
khu,Kʽu 1,,,祛,,"To expel; drive away, as any noxious influences.",,,,008_A_Chinese_and_English_Vocabulary_in_the_Tie-chiu_Dialect,99
khu,Kʽu 1,,,袪,,The sleeve of a garment; the cuff.,,,,008_A_Chinese_and_English_Vocabulary_in_the_Tie-chiu_Dialect,99
khua,Kʽwa 1,,,刳,,To cut asunder; rip open; divide; kill.,,,,008_A_Chinese_and_English_Vocabulary_in_the_Tie-chiu_Dialect,104
khua,Kʽwa 1,,,胯,,The legs or thighs.,,,,008_A_Chinese_and_English_Vocabulary_in_the_Tie-chiu_Dialect,104
khua,Kʽwa 1,,,袴,,Pantaloons.,,,,008_A_Chinese_and_English_Vocabulary_in_the_Tie-chiu_Dialect,104
khua,Kʽwa 1,,,誇,,To boast; vaunt; large.,,,,008_A_Chinese_and_English_Vocabulary_in_the_Tie-chiu_Dialect,104
khua,Kʽwa 1,,,跨,,To pass over; surpass; to stride over.,,,,008_A_Chinese_and_English_Vocabulary_in_the_Tie-chiu_Dialect,104
khuah,Kʽwa 4,,,渴,,Thirsty; anxious to obtain or effect.,,,,008_A_Chinese_and_English_Vocabulary_in_the_Tie-chiu_Dialect,104
khuah,Kʽwa 4,,,闊,,Open; wide; broad; distant; perverse; painful.,,,,008_A_Chinese_and_English_Vocabulary_in_the_Tie-chiu_Dialect,104
khuak,Kʽwak 4,,,擴,,To stretch out; enlarge; to pound; beat.,,,,008_A_Chinese_and_English_Vocabulary_in_the_Tie-chiu_Dialect,105
khuan,Kʽwan 1,,,寛,,Broad; large; easy; generous; forgiving; to enlarge.,,,,008_A_Chinese_and_English_Vocabulary_in_the_Tie-chiu_Dialect,105
khuan,Kʽwan 1,,,圈,,A coop or pen; a prison; a small circle; to encircle.,,,,008_A_Chinese_and_English_Vocabulary_in_the_Tie-chiu_Dialect,105
khuang,Kʽwang 1,,,耾,,Deaf; a noise in the ear; a great noise.,,,,008_A_Chinese_and_English_Vocabulary_in_the_Tie-chiu_Dialect,106
khuang,Kʽwang 1,,,肱,,The upper part of the arm; name of a country.,,,,008_A_Chinese_and_English_Vocabulary_in_the_Tie-chiu_Dialect,106
khuang,Kʽwang 1,,,眶,,The eye ball; margin of the eye.,,,,008_A_Chinese_and_English_Vocabulary_in_the_Tie-chiu_Dialect,106
khueh,Kʽue 4,,,闕,,Empty; defective; wanting; disrespectful.,,,,008_A_Chinese_and_English_Vocabulary_in_the_Tie-chiu_Dialect,100
khueh,Kʽue 4,,,缺,,Broken off; deficiency; want; a vacancy.,,,,008_A_Chinese_and_English_Vocabulary_in_the_Tie-chiu_Dialect,100
khui,Kʽui 1,,,虧,,Failure; deficiency; diminution; to injure; give trouble.,,,,008_A_Chinese_and_English_Vocabulary_in_the_Tie-chiu_Dialect,101
khui,Kʽui 1,,,開,,To open; unfold; spread open.,,,,008_A_Chinese_and_English_Vocabulary_in_the_Tie-chiu_Dialect,101
khui̍h,Kʽui -4,,,愧,,Shame; ashamed; abashen.,,,,008_A_Chinese_and_English_Vocabulary_in_the_Tie-chiu_Dialect,101
khun,Kʽun 1,,,坤,,The earth; inferior; submissive.,,,,008_A_Chinese_and_English_Vocabulary_in_the_Tie-chiu_Dialect,102
khun,Kʽun 1,,,昆,,An elder brother; to take precedence; altogether.,,,,008_A_Chinese_and_English_Vocabulary_in_the_Tie-chiu_Dialect,102
khun,Kʽun 1,,,崑,,A fabulous mountain in central Asia.,,,,008_A_Chinese_and_English_Vocabulary_in_the_Tie-chiu_Dialect,102
khun,Kʽun 1,,,鯤,,The spawn of fish; a very large fish.,,,,008_A_Chinese_and_English_Vocabulary_in_the_Tie-chiu_Dialect,102
khun,Kʽun 1,,,髡,,To cut or shave off the hair; a leafless tree.,,,,008_A_Chinese_and_English_Vocabulary_in_the_Tie-chiu_Dialect,102
khut,Kʽut 4,,,屈,,Bent; to stoop; to submit; to cause to stoop; to oppress.,,,,008_A_Chinese_and_English_Vocabulary_in_the_Tie-chiu_Dialect,103
khut,Kʽut 4,,,堀,,A den; a cavern.,,,,008_A_Chinese_and_English_Vocabulary_in_the_Tie-chiu_Dialect,103
khut,Kʽut 4,,,窟,,A cavern dug for a dwelling; a hole in the ground.,,,,008_A_Chinese_and_English_Vocabulary_in_the_Tie-chiu_Dialect,103
khuài,Kʽwai 3-,,,快,,Flow of soul; joy; cheerfulness; speed.,,,,008_A_Chinese_and_English_Vocabulary_in_the_Tie-chiu_Dialect,104
khuàng,Kʽwang 3-,,,况,,More; further; still more.,,,,008_A_Chinese_and_English_Vocabulary_in_the_Tie-chiu_Dialect,106
khuàng,Kʽwang 3-,,,貺,,To confer upon; bestow; give to.,,,,008_A_Chinese_and_English_Vocabulary_in_the_Tie-chiu_Dialect,106
khuàng,Kʽwang 3-,,,誑,,Levity of speech; to seduce by lying speeches.,,,,008_A_Chinese_and_English_Vocabulary_in_the_Tie-chiu_Dialect,106
khuàng,Kʽwang 3-,,,壙,,A cave; grave; a desolate wilderness; extensive region.,,,,008_A_Chinese_and_English_Vocabulary_in_the_Tie-chiu_Dialect,106
khuàng,Kʽwang 3-,,,曠,,Clear; bright; empty; vacant; distant; of long duration.,,,,008_A_Chinese_and_English_Vocabulary_in_the_Tie-chiu_Dialect,106
khuàng,Kʽwang 3-,,,矌,,A colorless; lifeless eye; to stare; gaze.,,,,008_A_Chinese_and_English_Vocabulary_in_the_Tie-chiu_Dialect,106
khuàng,Kʽwang 3-,,,纊,,"Raw silk; silk in a confused state, not formed into threads.",,,,008_A_Chinese_and_English_Vocabulary_in_the_Tie-chiu_Dialect,106
khuán,Kʽwan 2,,,款,,Sincerely; affectionate; singleness of intention; to seek.,,,,008_A_Chinese_and_English_Vocabulary_in_the_Tie-chiu_Dialect,105
khuán,Kʽwan 2,,,欵,,Sincerely; affectionate; singleness of intention; to seek.,,,,008_A_Chinese_and_English_Vocabulary_in_the_Tie-chiu_Dialect,105
khuáng,Kʽwang 2,,,頃,,A moment; short time; timid.,,,,008_A_Chinese_and_English_Vocabulary_in_the_Tie-chiu_Dialect,106
khuân,Kʽwan -1,,,權,,Power; authority; circumstances which influence on.,,,,008_A_Chinese_and_English_Vocabulary_in_the_Tie-chiu_Dialect,105
khuâng,Kʽwang -1,,,狂,,Mad; foolish; ambitious; insanity.,,,,008_A_Chinese_and_English_Vocabulary_in_the_Tie-chiu_Dialect,106
khuâng,Kʽwang -1,,,煢,,Desolate; alone; sorrowful; having none to depend on.,,,,008_A_Chinese_and_English_Vocabulary_in_the_Tie-chiu_Dialect,106
khuâng,Kʽwang -1,,,瓊,,A flesh colored gem; a beautiful stone.,,,,008_A_Chinese_and_English_Vocabulary_in_the_Tie-chiu_Dialect,106
khuâng,Kʽwang -1,,,傾,,Indirect; sideways; aslant; overturned; thrown down.,,,,008_A_Chinese_and_English_Vocabulary_in_the_Tie-chiu_Dialect,106
khài,Kʽai 3-,,,嘅,,To sigh; lament.,,,,008_A_Chinese_and_English_Vocabulary_in_the_Tie-chiu_Dialect,80
khài,Kʽai 3-,,,慨,,Magnanimous; generous; high minded.,,,,008_A_Chinese_and_English_Vocabulary_in_the_Tie-chiu_Dialect,80
khài,Kʽai 3-,,,槪,,To level; adjust; a leveler; in general.,,,,008_A_Chinese_and_English_Vocabulary_in_the_Tie-chiu_Dialect,80
khài,Kʽai 3-,,,漑,,Rolling towards; to. cleanse or wash with water.,,,,008_A_Chinese_and_English_Vocabulary_in_the_Tie-chiu_Dialect,80
khài,Kʽai 3-,,,曁,,"With; and; the termination, end, or extreme degree of.",,,,008_A_Chinese_and_English_Vocabulary_in_the_Tie-chiu_Dialect,80
khàm,Kʽám 3-,,,勘,,To investigate carefully; to try; judge; to be able for.,,,,008_A_Chinese_and_English_Vocabulary_in_the_Tie-chiu_Dialect,81
khàng,Kʽáng 3-,,,侃,,Faithful; plain; unceremonious.,,,,008_A_Chinese_and_English_Vocabulary_in_the_Tie-chiu_Dialect,82
khàng,Kʽáng 3-,,,亢,,The neck; throat; strong; to shelter; oppose; attack.,,,,008_A_Chinese_and_English_Vocabulary_in_the_Tie-chiu_Dialect,82
khàng,Kʽáng 3-,,,伉,,To pair; match; a pair; to oppose; honest; blunt.,,,,008_A_Chinese_and_English_Vocabulary_in_the_Tie-chiu_Dialect,82
khàng,Kʽáng 3-,,,忼,,High toned; aspiring; magnanimous; roused; to sigh.,,,,008_A_Chinese_and_English_Vocabulary_in_the_Tie-chiu_Dialect,82
khàng,Kʽáng 3-,,,抗,,To raise with the hand; to shield; resist; oppose.,,,,008_A_Chinese_and_English_Vocabulary_in_the_Tie-chiu_Dialect,82
khàng,Kʽáng 3-,,,炕,,To dry; dry hot.,,,,008_A_Chinese_and_English_Vocabulary_in_the_Tie-chiu_Dialect,82
khàu,Kʽau 3-,,,哭,,To cry; lament; weep.,,,,008_A_Chinese_and_English_Vocabulary_in_the_Tie-chiu_Dialect,84
khàu,Kʽau 3-,,,犒,,To confer rewards or honors especially on the army.,,,,008_A_Chinese_and_English_Vocabulary_in_the_Tie-chiu_Dialect,84
khàu,Kʽau 3-,,,叩,,To strike; knock; discuss; ask; bow the head to the ground.,,,,008_A_Chinese_and_English_Vocabulary_in_the_Tie-chiu_Dialect,84
khái,Kʽai 2,,,凱,,Good; excellent; victory; peace and joy.,,,,008_A_Chinese_and_English_Vocabulary_in_the_Tie-chiu_Dialect,80
khái,Kʽai 2,,,愷,,Good; excellent; victory; peace and joy.,,,,008_A_Chinese_and_English_Vocabulary_in_the_Tie-chiu_Dialect,80
khái,Kʽai 2,,,剴,,A large sickle or hook; to grind; assiduously.,,,,008_A_Chinese_and_English_Vocabulary_in_the_Tie-chiu_Dialect,80
khái,Kʽai 2,,,覬,,To hope for; desire; covet; fortunate; lucky.,,,,008_A_Chinese_and_English_Vocabulary_in_the_Tie-chiu_Dialect,80
khái,Kʽai 2,,,鎧,,A coat of mail; armor.,,,,008_A_Chinese_and_English_Vocabulary_in_the_Tie-chiu_Dialect,80
khám,Kʽám 2,,,戡,,To pierce; overcome; kill.,,,,008_A_Chinese_and_English_Vocabulary_in_the_Tie-chiu_Dialect,81
khám,Kʽám 2,,,闞,,To look with desire or expectation; to view.,,,,008_A_Chinese_and_English_Vocabulary_in_the_Tie-chiu_Dialect,81
khám,Kʽám 2,,,坎,,A pit or dangerous place; to fall into a pit; to dig a pit.,,,,008_A_Chinese_and_English_Vocabulary_in_the_Tie-chiu_Dialect,81
khám,Kʽám 2,,,砍,,"To cut off, or down; to chop.",,,,008_A_Chinese_and_English_Vocabulary_in_the_Tie-chiu_Dialect,81
kháu,Kʽau 2,,,口,,The mouth; entrance; narrow passage; speech; a numeral.,,,,008_A_Chinese_and_English_Vocabulary_in_the_Tie-chiu_Dialect,84
kháu,Kʽau 2,,,攷,,Aged; a deceased father; terminated; to question; to examine.,,,,008_A_Chinese_and_English_Vocabulary_in_the_Tie-chiu_Dialect,84
kháu,Kʽau 2,,,考,,Aged; a deceased father; terminated; to question; to examine.,,,,008_A_Chinese_and_English_Vocabulary_in_the_Tie-chiu_Dialect,84
kháu,Kʽau 2,,,拷,,To examine; inflict torture; to extort confession.,,,,008_A_Chinese_and_English_Vocabulary_in_the_Tie-chiu_Dialect,84
khèng,Kʽeng 3-,,,磬,,The sound of a sonorous stone; to suspend.,,,,008_A_Chinese_and_English_Vocabulary_in_the_Tie-chiu_Dialect,86
khèng,Kʽeng 3-,,,罄,,Empty; exhausted; to exhaust.,,,,008_A_Chinese_and_English_Vocabulary_in_the_Tie-chiu_Dialect,86
khèng,Kʽeng 3-,,,慶,,To congratulate; good; happy.,,,,008_A_Chinese_and_English_Vocabulary_in_the_Tie-chiu_Dialect,86
khéng,Kʽeng 2,,,肯,,Willing; pleased.,,,,008_A_Chinese_and_English_Vocabulary_in_the_Tie-chiu_Dialect,86
khêng,Kʽeng -1,,,擎,,To raise or lift up with the land; to lift high.,,,,008_A_Chinese_and_English_Vocabulary_in_the_Tie-chiu_Dialect,86
khêng,Kʽeng -1,,,鯨,,A large fish; a sea monster.,,,,008_A_Chinese_and_English_Vocabulary_in_the_Tie-chiu_Dialect,86
khí,Kʽi 2,,,起,,To rise; to raise; lift up; to begin.,,,,008_A_Chinese_and_English_Vocabulary_in_the_Tie-chiu_Dialect,89
khí,Kʽi 2,,,啟,,To open; explain; inform; instruct; distinguish.,,,,008_A_Chinese_and_English_Vocabulary_in_the_Tie-chiu_Dialect,89
khí,Kʽi 2,,,𣘼,,An ensign of authority; a spear carried by a forerunner.,,,,008_A_Chinese_and_English_Vocabulary_in_the_Tie-chiu_Dialect,89
khî,Kʽi -1,,,奇,,Strange; wonderful; mysterious; to wonder.,,,,008_A_Chinese_and_English_Vocabulary_in_the_Tie-chiu_Dialect,88
khî,Kʽi -1,,,畸,,Small pieces of waste land; surplus;,,,,008_A_Chinese_and_English_Vocabulary_in_the_Tie-chiu_Dialect,88
khî,Kʽi -1,,,琦,,A certain precious stone; fond of play.,,,,008_A_Chinese_and_English_Vocabulary_in_the_Tie-chiu_Dialect,88
khî,Kʽi -1,,,綺,,Variegated; striped with different colors.,,,,008_A_Chinese_and_English_Vocabulary_in_the_Tie-chiu_Dialect,88
khî,Kʽi -1,,,其,,He; she; it; they; his; its; any one; the; that.,,,,008_A_Chinese_and_English_Vocabulary_in_the_Tie-chiu_Dialect,88
khî,Kʽi -1,,,期,,An appointed time; to expect.,,,,008_A_Chinese_and_English_Vocabulary_in_the_Tie-chiu_Dialect,88
khî,Kʽi -1,,,蜞,,"Name of a shelf fish, similar to a crab, not eatable.",,,,008_A_Chinese_and_English_Vocabulary_in_the_Tie-chiu_Dialect,88
khî,Kʽi -1,,,麒,,A fabulous male animal which appears on the birth of great sages.,,,,008_A_Chinese_and_English_Vocabulary_in_the_Tie-chiu_Dialect,88
khî,Kʽi -1,,,圻,,"A limit; boundary, 1000 li around the royal abode.",,,,008_A_Chinese_and_English_Vocabulary_in_the_Tie-chiu_Dialect,88
khî,Kʽi -1,,,祈,,To pray; invoke; supplicate of the gods; beg.,,,,008_A_Chinese_and_English_Vocabulary_in_the_Tie-chiu_Dialect,88
khî,Kʽi -1,,,祗,,The soul which animates the earth; the earth; respect; awe.,,,,008_A_Chinese_and_English_Vocabulary_in_the_Tie-chiu_Dialect,88
khî,Kʽi -1,,,祁,,Affluent; abundant; numerous; great; at ease.,,,,008_A_Chinese_and_English_Vocabulary_in_the_Tie-chiu_Dialect,88
khî,Kʽi -1,,,耆,,Aged; sixty years old; to direct; adjust.,,,,008_A_Chinese_and_English_Vocabulary_in_the_Tie-chiu_Dialect,88
khîm,Kʽim -1,,,琴,,A stringed instrument of music; to restrain.,,,,008_A_Chinese_and_English_Vocabulary_in_the_Tie-chiu_Dialect,92
khîm,Kʽim -1,,,襟,,The parts of a garment which fold over or overlap.,,,,008_A_Chinese_and_English_Vocabulary_in_the_Tie-chiu_Dialect,92
khîm,Kʽim -1,,,禽,,A fowl; feathered animal with two feet.,,,,008_A_Chinese_and_English_Vocabulary_in_the_Tie-chiu_Dialect,92
khîm,Kʽim -1,,,擒,,To seize; take alive; take prisoner.,To sieze; take alive; take prisoner.,,,008_A_Chinese_and_English_Vocabulary_in_the_Tie-chiu_Dialect,92
khòi,Kʽoi 3-,,,契,,A written agreement; bond; deed; to unite; mournful.,,,,008_A_Chinese_and_English_Vocabulary_in_the_Tie-chiu_Dialect,97
khòng,Kʽong 3-,,,控,,To draw or pull with the hand; to hold back; strike.,,,,008_A_Chinese_and_English_Vocabulary_in_the_Tie-chiu_Dialect,98
khòu,Kʽo 3-,,,庫,,A storehouse; treasury.,,,,008_A_Chinese_and_English_Vocabulary_in_the_Tie-chiu_Dialect,96
khòu,Kʽo 3-,,,褲,,Pantaloons.,,,,008_A_Chinese_and_English_Vocabulary_in_the_Tie-chiu_Dialect,96
khòu,Kʽo 3-,,,𡨥,,Pirates; robbers; to plunder; pillage.,,,,008_A_Chinese_and_English_Vocabulary_in_the_Tie-chiu_Dialect,96
khòu,Kʽo 3-,,,𦸅,,A nutmeg; a certain medicine.,,,,008_A_Chinese_and_English_Vocabulary_in_the_Tie-chiu_Dialect,96
khó,Kʽó 2,,,可,,May; can; fit; competent; proper; worthy.,,,,008_A_Chinese_and_English_Vocabulary_in_the_Tie-chiu_Dialect,97
khó,Kʽó 2,,,哿,,Excellent; to commend; may; can; ornaments.,,,,008_A_Chinese_and_English_Vocabulary_in_the_Tie-chiu_Dialect,97
khóng,Kʽong 2,,,孔,,An orifice; aperture; vacuum; great; very; high.,,,,008_A_Chinese_and_English_Vocabulary_in_the_Tie-chiu_Dialect,98
khóu,Kʽo 2,,,苦,,Bitter; unpleasant; distressing; urgent; to dislike.,,,,008_A_Chinese_and_English_Vocabulary_in_the_Tie-chiu_Dialect,96
khóu,Kʽo 2,,,楛,,A wood of which shafts of arrows and spears are made; bad; weak.,,,,008_A_Chinese_and_English_Vocabulary_in_the_Tie-chiu_Dialect,96
khôi,Kʽoi -1,,,溪,,A stream; river.,,,,008_A_Chinese_and_English_Vocabulary_in_the_Tie-chiu_Dialect,97
khùa,Kʽwa 3-,,,挂,,To suspend; hang up.,,,,008_A_Chinese_and_English_Vocabulary_in_the_Tie-chiu_Dialect,104
khùa,Kʽwa 3-,,,掛,,To suspend; hang upon; anxious.,,,,008_A_Chinese_and_English_Vocabulary_in_the_Tie-chiu_Dialect,104
khùa,Kʽwa 3-,,,罣,,An impediment; a net; to impede; fall into a net.,,,,008_A_Chinese_and_English_Vocabulary_in_the_Tie-chiu_Dialect,104
khùe,Kʽue 3-,,,卦,,Divination; prognostic; to divine by lines.,,,,008_A_Chinese_and_English_Vocabulary_in_the_Tie-chiu_Dialect,100
khùe,Kʽue 3-,,,課,,To essay; make trial; deliberate; plan; a task; tax.,,,,008_A_Chinese_and_English_Vocabulary_in_the_Tie-chiu_Dialect,100
khùn,Kʽun 3-,,,困,,Fatigued; exhausted; poor; weak; to weary; repress.,,,,008_A_Chinese_and_English_Vocabulary_in_the_Tie-chiu_Dialect,102
khú,Kʽu 2,,,罟,,A net for fish or animals;,,,,008_A_Chinese_and_English_Vocabulary_in_the_Tie-chiu_Dialect,99
khúi,Kʽui 2,,,宄,,Traitorous plots formed by external banditti.,,,,008_A_Chinese_and_English_Vocabulary_in_the_Tie-chiu_Dialect,101
khúi,Kʽui 2,,,軌,,The rut of a wheel; a law; rule.,,,,008_A_Chinese_and_English_Vocabulary_in_the_Tie-chiu_Dialect,101
khúi,Kʽui 2,,,詭,,To reprimand; to deceive; impose upon; perverse.,,,,008_A_Chinese_and_English_Vocabulary_in_the_Tie-chiu_Dialect,101
khúi,Kʽui 2,,,晷,,A dial; a gnomon to show the sun's declination.,,,,008_A_Chinese_and_English_Vocabulary_in_the_Tie-chiu_Dialect,101
khúi,Kʽui 2,,,簋,,A square vessel to contain grain used in sacrifice.,,,,008_A_Chinese_and_English_Vocabulary_in_the_Tie-chiu_Dialect,101
khún,Kʽun 2,,,囷,,A round granary; a place to collect grain.,,,,008_A_Chinese_and_English_Vocabulary_in_the_Tie-chiu_Dialect,102
khún,Kʽun 2,,,捆,,To beat and bind; to make firm; well made.,,,,008_A_Chinese_and_English_Vocabulary_in_the_Tie-chiu_Dialect,102
khún,Kʽun 2,,,梱,,The two sideposts of a door or gate; to finish; close.,,,,008_A_Chinese_and_English_Vocabulary_in_the_Tie-chiu_Dialect,102
khún,Kʽun 2,,,綑,,To tie up; bind; weave.,,,,008_A_Chinese_and_English_Vocabulary_in_the_Tie-chiu_Dialect,102
khún,Kʽun 2,,,閫,,Posts of a gate; apartments for the women.,,,,008_A_Chinese_and_English_Vocabulary_in_the_Tie-chiu_Dialect,102
khún,Kʽun 2,,,麕,,A species of deer very timid.,,,,008_A_Chinese_and_English_Vocabulary_in_the_Tie-chiu_Dialect,102
khún,Kʽun 2,,,窘,,Pressed by poverty or want; embarrassed; enfeebled.,,,,008_A_Chinese_and_English_Vocabulary_in_the_Tie-chiu_Dialect,102
khûe,Kʽue -1,,,科,,A class; series; order; rank; a line.,,,,008_A_Chinese_and_English_Vocabulary_in_the_Tie-chiu_Dialect,100
khûe,Kʽue -1,,,魁,,The. chief; head; great.,,,,008_A_Chinese_and_English_Vocabulary_in_the_Tie-chiu_Dialect,100
khûe,Kʽue -1,,,恢,,Great; greatness of mind; to enlarge.,,,,008_A_Chinese_and_English_Vocabulary_in_the_Tie-chiu_Dialect,100
khûe,Kʽue -1,,,盔,,A vessel for rice; any vessel; a helmet.,,,,008_A_Chinese_and_English_Vocabulary_in_the_Tie-chiu_Dialect,100
khûe,Kʽue -1,,,詼,,To jest; trifle with; seduce.,,,,008_A_Chinese_and_English_Vocabulary_in_the_Tie-chiu_Dialect,100
khûi,Kʽui -1,,,撅,,To lift up the garments when fording water.,,,,008_A_Chinese_and_English_Vocabulary_in_the_Tie-chiu_Dialect,101
khûi,Kʽui -1,,,蹶,,To walk fast; speedy motion; stumble; to step.,,,,008_A_Chinese_and_English_Vocabulary_in_the_Tie-chiu_Dialect,101
khûi,Kʽui -1,,,揆,,To guess; conjecture; to examine; conclude.,,,,008_A_Chinese_and_English_Vocabulary_in_the_Tie-chiu_Dialect,101
khûi,Kʽui -1,,,暌,,In opposition to; over against; distant.,,,,008_A_Chinese_and_English_Vocabulary_in_the_Tie-chiu_Dialect,101
khûi,Kʽui -1,,,睽,,To stare; look with displeasure; cast down.,,,,008_A_Chinese_and_English_Vocabulary_in_the_Tie-chiu_Dialect,101
khûi,Kʽui -1,,,葵,,The malva or mallows; a variety of the hibiscus.,,,,008_A_Chinese_and_English_Vocabulary_in_the_Tie-chiu_Dialect,101
khûi,Kʽui -1,,,騤,,A majestic horse; strong; violent; indefatigable.,,,,008_A_Chinese_and_English_Vocabulary_in_the_Tie-chiu_Dialect,101
khûi,Kʽui -1,,,馗,,The cheek or jaw bones; a road diverging in nine direction.,,,,008_A_Chinese_and_English_Vocabulary_in_the_Tie-chiu_Dialect,101
khûi,Kʽui -1,,,逵,,The cheek or jaw bones; a road diverging in nine direction.,,,,008_A_Chinese_and_English_Vocabulary_in_the_Tie-chiu_Dialect,101
khûn,Kʽun -1,,,群,,A flock of sheep; a company of persons; to accord.,,,,008_A_Chinese_and_English_Vocabulary_in_the_Tie-chiu_Dialect,102
khĩ,Kʽi -3,,,器,,A vessel; instrument; utensil; talent.,,,,008_A_Chinese_and_English_Vocabulary_in_the_Tie-chiu_Dialect,89
khĩ,Kʽi -3,,,氣,,Breath; animal life; any subtle fluid; spirit or temper; feelings; ethereal; primary substance.,,,,008_A_Chinese_and_English_Vocabulary_in_the_Tie-chiu_Dialect,89
khĩ,Kʽi -3,,,餼,,"Provisions; grain for cattle, for presents or offerings.",,,,008_A_Chinese_and_English_Vocabulary_in_the_Tie-chiu_Dialect,89
khĩ,Kʽi -3,,,亟,,Haste; speed; promptly.,,,,008_A_Chinese_and_English_Vocabulary_in_the_Tie-chiu_Dialect,89
khĩ,Kʽi -3,,,棄,,To break off; forget; reject; give up; refuse.,,,,008_A_Chinese_and_English_Vocabulary_in_the_Tie-chiu_Dialect,89
khũ,Kʽu -3,,,臼,,A mortar for pounding rice or other things.,,,,008_A_Chinese_and_English_Vocabulary_in_the_Tie-chiu_Dialect,99
khṳ̀,Kʽù 3-,,,去,,To go; going; to put away; reject; cut off.,,,,008_A_Chinese_and_English_Vocabulary_in_the_Tie-chiu_Dialect,100
khṳ́n,Kʽùn 2,,,墾,,"To use effort, as in ploughing; to break; wound.",,,,008_A_Chinese_and_English_Vocabulary_in_the_Tie-chiu_Dialect,103
khṳ́n,Kʽùn 2,,,懇,,Sincerely; earnestly; to beg or seek earnestly.,,,,008_A_Chinese_and_English_Vocabulary_in_the_Tie-chiu_Dialect,103
khṳ̂,Kʽù -1,,,瞿,,Distrustful; timid; alarmed; anxious look; to stare.,,,,008_A_Chinese_and_English_Vocabulary_in_the_Tie-chiu_Dialect,100
khṳ̂,Kʽù -1,,,衢,,A street; thoroughfare.,,,,008_A_Chinese_and_English_Vocabulary_in_the_Tie-chiu_Dialect,100
khṳ̂,Kʽù -1,,,渠,,A gutter; large; gradual; name of a river.,,,,008_A_Chinese_and_English_Vocabulary_in_the_Tie-chiu_Dialect,100
khṳ̂n,Kʽùn -1,,,勤,,Diligent; laborious; to pay careful attention.,,,,008_A_Chinese_and_English_Vocabulary_in_the_Tie-chiu_Dialect,103
khṳ̂n,Kʽùn -1,,,懃,,Oppressed by circumstances.,,,,008_A_Chinese_and_English_Vocabulary_in_the_Tie-chiu_Dialect,103
khṳ̂n,Kʽùn -1,,,芹,,Name of a water plant; a vegetable much esteemed.,,,,008_A_Chinese_and_English_Vocabulary_in_the_Tie-chiu_Dialect,103
khẽng,Kʽeng -3,,,虹,,A rainbow.,,,,008_A_Chinese_and_English_Vocabulary_in_the_Tie-chiu_Dialect,86
ki,Ki 1,,,幾,,Nearly; rather.,,,,008_A_Chinese_and_English_Vocabulary_in_the_Tie-chiu_Dialect,87
ki,Ki 1,,,機,,The springs of action; causes; changes or permutations.,,,,008_A_Chinese_and_English_Vocabulary_in_the_Tie-chiu_Dialect,87
ki,Ki 1,,,㙨,,A limit; boundary; the royal domain of 1000 li,,,,008_A_Chinese_and_English_Vocabulary_in_the_Tie-chiu_Dialect,87
ki,Ki 1,,,畿,,A limit; boundary; the royal domain of 1000 li,,,,008_A_Chinese_and_English_Vocabulary_in_the_Tie-chiu_Dialect,87
ki,Ki 1,,,璣,,Name of a speculum; name of a star.,,,,008_A_Chinese_and_English_Vocabulary_in_the_Tie-chiu_Dialect,87
ki,Ki 1,,,磯,,An impediment; stumbling block; to rub or excite.,,,,008_A_Chinese_and_English_Vocabulary_in_the_Tie-chiu_Dialect,87
ki,Ki 1,,,譏,,To slander; ridicule; reprehend; examine & report.,,,,008_A_Chinese_and_English_Vocabulary_in_the_Tie-chiu_Dialect,87
ki,Ki 1,,,饑,,Dearth; famine; want; hunger.,,,,008_A_Chinese_and_English_Vocabulary_in_the_Tie-chiu_Dialect,87
ki,Ki 1,,,飢,,Dearth; famine; want; hunger.,,,,008_A_Chinese_and_English_Vocabulary_in_the_Tie-chiu_Dialect,87
ki,Ki 1,,,肌,,"An animal or human body, including flesh & bones.",,,,008_A_Chinese_and_English_Vocabulary_in_the_Tie-chiu_Dialect,87
ki,Ki 1,,,基,,Foundation; commencement; to commence.,,,,008_A_Chinese_and_English_Vocabulary_in_the_Tie-chiu_Dialect,87
ki,Ki 1,,,期,,"A year, day or month completed.",,,,008_A_Chinese_and_English_Vocabulary_in_the_Tie-chiu_Dialect,87
ki,Ki 1,,,箕,,A sieve or winnowing basket; a constellation.,,,,008_A_Chinese_and_English_Vocabulary_in_the_Tie-chiu_Dialect,87
ki,Ki 1,,,綦,,"Strict; important; ornamented; variegated, strings for shoes or caps.",,,,008_A_Chinese_and_English_Vocabulary_in_the_Tie-chiu_Dialect,87
ki,Ki 1,,,枝,,A branch of a tree; joint of a finger; to branch out.,,,,008_A_Chinese_and_English_Vocabulary_in_the_Tie-chiu_Dialect,87
ki,Ki 1,,,姬,,A concubine; king's wife; a handsome woman.,,,,008_A_Chinese_and_English_Vocabulary_in_the_Tie-chiu_Dialect,87
ki,Ki 1,,,稽,,To examine into; compare; arrange; deliberate; to detain.,,,,008_A_Chinese_and_English_Vocabulary_in_the_Tie-chiu_Dialect,87
ki,Ki 1,,,笄,,A kind of bamboo.,,,,008_A_Chinese_and_English_Vocabulary_in_the_Tie-chiu_Dialect,87
kia,Kiá 1,,,脚,,To foot; foundation; bottom of anything.,,,,008_A_Chinese_and_English_Vocabulary_in_the_Tie-chiu_Dialect,79
kia,Kia 1,,,佳,,Excellent; beautiful.,,,,008_A_Chinese_and_English_Vocabulary_in_the_Tie-chiu_Dialect,89
kia,Kia 1,,,嘉,,Good; excellent; to commend; be pleased.,,,,008_A_Chinese_and_English_Vocabulary_in_the_Tie-chiu_Dialect,89
kia,Kia 1,,,袈,,Cloth; hair cloth; camlet.,,,,008_A_Chinese_and_English_Vocabulary_in_the_Tie-chiu_Dialect,89
kia,Kia 1,,,葭,,A reed for a musical pipe.,,,,008_A_Chinese_and_English_Vocabulary_in_the_Tie-chiu_Dialect,89
kia,Kia 1,,,豭,,A boar.,,,,008_A_Chinese_and_English_Vocabulary_in_the_Tie-chiu_Dialect,89
kiam,Kiam 1,,,兼,,"Together with; to connect, and; also.",,,,008_A_Chinese_and_English_Vocabulary_in_the_Tie-chiu_Dialect,90
kiam,Kiam 1,,,蒹,,Name of a plant.,,,,008_A_Chinese_and_English_Vocabulary_in_the_Tie-chiu_Dialect,90
kiang,Kiàng 1,,,畺,,A boundary; limit; to draw a limit.,,,,008_A_Chinese_and_English_Vocabulary_in_the_Tie-chiu_Dialect,90
kiang,Kiàng 1,,,僵,,To lie down; stretched out; prostate.,,,,008_A_Chinese_and_English_Vocabulary_in_the_Tie-chiu_Dialect,90
kiang,Kiàng 1,,,殭,,Remaining uncorrupted after death.,,,,008_A_Chinese_and_English_Vocabulary_in_the_Tie-chiu_Dialect,90
kiang,Kiàng 1,,,韁,,A bridle or halter,,,,008_A_Chinese_and_English_Vocabulary_in_the_Tie-chiu_Dialect,90
kiang,Kiàng 1,,,疆,,A limit; boundary; to fix a boundary.,,,,008_A_Chinese_and_English_Vocabulary_in_the_Tie-chiu_Dialect,90
kiang,Kiàng 1,,,姜,,A famous surname.,,,,008_A_Chinese_and_English_Vocabulary_in_the_Tie-chiu_Dialect,90
kiang,Kiàng 1,,,羗,,Western barbarians; shepherds; contrary; violent; gay.,,,,008_A_Chinese_and_English_Vocabulary_in_the_Tie-chiu_Dialect,90
kiap,Kiap 4,,,峽,,Mountains joining at the top forming a cover below.,,,,008_A_Chinese_and_English_Vocabulary_in_the_Tie-chiu_Dialect,90
kiap,Kiap 4,,,筴,,Slips of bamboo for writing on or for divination.,,,,008_A_Chinese_and_English_Vocabulary_in_the_Tie-chiu_Dialect,90
kiap,Kiap 4,,,頰,,The side of the face; jaw.,,,,008_A_Chinese_and_English_Vocabulary_in_the_Tie-chiu_Dialect,90
kiap,Kiap 4,,,鋏,,Nippers or tongs used by smelters; a kind of sword.,,,,008_A_Chinese_and_English_Vocabulary_in_the_Tie-chiu_Dialect,90
kiap,Kiap 4,,,愜,,Joyful; happy; prosperous.,,,,008_A_Chinese_and_English_Vocabulary_in_the_Tie-chiu_Dialect,90
kiap,Kiap 4,,,篋,,A basket or vessel to contain things.,,,,008_A_Chinese_and_English_Vocabulary_in_the_Tie-chiu_Dialect,91
kiap,Kiap 4,,,刼,,To take by violence; plunder; rob; a Budhist cycle.,,,,008_A_Chinese_and_English_Vocabulary_in_the_Tie-chiu_Dialect,91
kia̍h,Kia -4,,,屐,,A kind of wooden clog or shoe.,,,,008_A_Chinese_and_English_Vocabulary_in_the_Tie-chiu_Dialect,89
kia̍h,Kia -4,,,劇,,A great degree; difficult; distressing; to play; trifle.,,,,008_A_Chinese_and_English_Vocabulary_in_the_Tie-chiu_Dialect,89
kia̍h,Kia -4,,,揭,,To raise or lift up; bear; to be answerable for; to open.,,,,008_A_Chinese_and_English_Vocabulary_in_the_Tie-chiu_Dialect,89
kiaⁿ,Kⁿia 1,,,驚,,To alarm; surprise; affright; excite; rouse.,,,,008_A_Chinese_and_English_Vocabulary_in_the_Tie-chiu_Dialect,89
kiaⁿ,Kⁿia 1,,,經,,Authorised; rules; laws; classics; excellent.,,,,008_A_Chinese_and_English_Vocabulary_in_the_Tie-chiu_Dialect,89
kiaⁿ,Kⁿia 1,,,京,,A capital city; great; lofty; eminent.,,,,008_A_Chinese_and_English_Vocabulary_in_the_Tie-chiu_Dialect,89
kien,Kien 1,,,堅,,To establish; strenthen; confirm; solid; firm; determined.,To stablish; strenthen; confirm; solid; firm; determined.,,,008_A_Chinese_and_English_Vocabulary_in_the_Tie-chiu_Dialect,91
kien,Kien 1,,,慳,,Sparing; parsimonious.,,,,008_A_Chinese_and_English_Vocabulary_in_the_Tie-chiu_Dialect,91
kien,Kien 1,,,鏗,,A ringing sound; to strike against.,,,,008_A_Chinese_and_English_Vocabulary_in_the_Tie-chiu_Dialect,91
kien,Kien 1,,,娟,,Beautiful; pleasing; excellent; sprightly.,,,,008_A_Chinese_and_English_Vocabulary_in_the_Tie-chiu_Dialect,91
kien,Kien 1,,,悁,,Angry; impetuous; hasty; mournful; anxious; sorry.,,,,008_A_Chinese_and_English_Vocabulary_in_the_Tie-chiu_Dialect,91
kien,Kien 1,,,捐,,To reject; put away; give up one's own for another.,,,,008_A_Chinese_and_English_Vocabulary_in_the_Tie-chiu_Dialect,91
kien,Kien 1,,,涓,,A small stream gradually increasing; to choose; purify.,,,,008_A_Chinese_and_English_Vocabulary_in_the_Tie-chiu_Dialect,91
kiet,Kiet 4,,,絜,,Clean; pure; to adjust; measure; restrict.,,,,008_A_Chinese_and_English_Vocabulary_in_the_Tie-chiu_Dialect,92
kiet,Kiet 4,,,潔,,Pure; clear; clean.,,,,008_A_Chinese_and_English_Vocabulary_in_the_Tie-chiu_Dialect,92
kie̍t,Kiet -4,,,竭,,To try to the utmost; to exhaust; destroy; the highest degree.,,,,008_A_Chinese_and_English_Vocabulary_in_the_Tie-chiu_Dialect,92
kie̍t,Kiet -4,,,桀,,Cruel; fierce; murderous; banditti.,,,,008_A_Chinese_and_English_Vocabulary_in_the_Tie-chiu_Dialect,92
kie̍t,Kiet -4,,,傑,,Eminent virtue and talents; proud.,,,,008_A_Chinese_and_English_Vocabulary_in_the_Tie-chiu_Dialect,92
kih,Ki 4,,,砌,,Stone steps or stairs.,,,,008_A_Chinese_and_English_Vocabulary_in_the_Tie-chiu_Dialect,88
kiok,Kiok 4,,,掬,,To take hold of with both hands; a double handful.,,,,008_A_Chinese_and_English_Vocabulary_in_the_Tie-chiu_Dialect,93
kiok,Kiok 4,,,鞠,,To bear; train up; small; young; an awl; to investigate fully; exhaust a subject; to question a criminal.,,,,008_A_Chinese_and_English_Vocabulary_in_the_Tie-chiu_Dialect,93
kiok,Kiok 4,,,跼,,To bear; train up; small; young; an awl; to investigate fully; exhaust a subject; to question a criminal.,,,,008_A_Chinese_and_English_Vocabulary_in_the_Tie-chiu_Dialect,93
kiok,Kiok 4,,,鞫,,To bear; train up; small; young; an awl; to investigate fully; exhaust a subject; to question a criminal.,,,,008_A_Chinese_and_English_Vocabulary_in_the_Tie-chiu_Dialect,93
kiok,Kiok 4,,,麴,,A ferment for making vinegar; mother.,,,,008_A_Chinese_and_English_Vocabulary_in_the_Tie-chiu_Dialect,93
kiong,Kiong 1,,,躬,,The body; one's own person or self.,,,,008_A_Chinese_and_English_Vocabulary_in_the_Tie-chiu_Dialect,93
kiou,Kio 1,,,嘐,,Boasting; alarm or surprise; the crowing of a cook.,,,,008_A_Chinese_and_English_Vocabulary_in_the_Tie-chiu_Dialect,93
kiou,Kio 1,,,嬌,,Delicate tender; elegant; to bring up delicately.,,,,008_A_Chinese_and_English_Vocabulary_in_the_Tie-chiu_Dialect,93
kiou,Kio 1,,,驕,,A wild horse; ungovernable; proud; self confident.,,,,008_A_Chinese_and_English_Vocabulary_in_the_Tie-chiu_Dialect,93
kip,Kip 4,,,急,,Urgent; pressing; without resource; anxious; embarrassed.,,,,008_A_Chinese_and_English_Vocabulary_in_the_Tie-chiu_Dialect,94
kip,Kip 4,,,給,,To give; supply; provide; to give opportunity.,,,,008_A_Chinese_and_English_Vocabulary_in_the_Tie-chiu_Dialect,94
kip,Kip 4,,,跲,,For; instead of; to stumble.,,,,008_A_Chinese_and_English_Vocabulary_in_the_Tie-chiu_Dialect,94
kit,Kit 4,,,吉,,Good; happy; fortunate; lucky; happiness.,,,,008_A_Chinese_and_English_Vocabulary_in_the_Tie-chiu_Dialect,94
kit,Kit 4,,,劼,,Endeavor; effort; firm; determined.,,,,008_A_Chinese_and_English_Vocabulary_in_the_Tie-chiu_Dialect,94
kit,Kit 4,,,拮,,To urge; perplex; embarrassed; distressed.,,,,008_A_Chinese_and_English_Vocabulary_in_the_Tie-chiu_Dialect,94
kit,Kit 4,,,桔,,A species of orange; the mandarin orange.,,,,008_A_Chinese_and_English_Vocabulary_in_the_Tie-chiu_Dialect,94
kit,Kit 4,,,碣,,A rock standing alone in the sea; a stone tablet.,,,,008_A_Chinese_and_English_Vocabulary_in_the_Tie-chiu_Dialect,94
kit,Kit 4,,,橘,,Name of a fruit of the orange species.,,,,008_A_Chinese_and_English_Vocabulary_in_the_Tie-chiu_Dialect,94
kià,Kiá 3-,,,扣,,To strike; to knock; strike out; deduct.,,,,008_A_Chinese_and_English_Vocabulary_in_the_Tie-chiu_Dialect,79
kiàm,Kiam 3-,,,劍,,A double edged or pointed sword.,,,,008_A_Chinese_and_English_Vocabulary_in_the_Tie-chiu_Dialect,90
kiàm,Kiam 3-,,,劒,,A double edged or pointed sword.,,,,008_A_Chinese_and_English_Vocabulary_in_the_Tie-chiu_Dialect,90
kiàⁿ,Kⁿia 3-,,,鏡,,A mirror; clear; bright.,,,,008_A_Chinese_and_English_Vocabulary_in_the_Tie-chiu_Dialect,89
kiá,Kiá 2,,,豈,,How? implying the opposite or a denial of a proposition.,,,,008_A_Chinese_and_English_Vocabulary_in_the_Tie-chiu_Dialect,79
kiá,Kiá 2,,,巧,,Skill; ingenuity; skillful; craft; artifice; a genius.,,,,008_A_Chinese_and_English_Vocabulary_in_the_Tie-chiu_Dialect,79
kiá,Kia 2,,,賈,,To buy and sell; a merchant.,,,,008_A_Chinese_and_English_Vocabulary_in_the_Tie-chiu_Dialect,89
kiám,Kiam 2,,,撿,,To gather and bind up; to restrict; restrain; search.,,,,008_A_Chinese_and_English_Vocabulary_in_the_Tie-chiu_Dialect,90
kiám,Kiam 2,,,檢,,Envelope of an official letter; to sort; arrange; compose; title of a book.,,,,008_A_Chinese_and_English_Vocabulary_in_the_Tie-chiu_Dialect,90
kiám,Kiam 2,,,减,,To diminish; injure; break off a part.,,,,008_A_Chinese_and_English_Vocabulary_in_the_Tie-chiu_Dialect,90
kiáng,Kiàng 2,,,強,,To force one's self to do; to use force.,,,,008_A_Chinese_and_English_Vocabulary_in_the_Tie-chiu_Dialect,90
kiáng,Kiàng 2,,,襁,,The cloth used by females to bind infants on their back.,,,,008_A_Chinese_and_English_Vocabulary_in_the_Tie-chiu_Dialect,90
kiáⁿ,Kⁿia 2,,,子,,A child; son; a diminutive appellation; also an honorable appellation.,,,,008_A_Chinese_and_English_Vocabulary_in_the_Tie-chiu_Dialect,89
kiâm,Kiam -1,,,鹹,,A salt taste; salted.,,,,008_A_Chinese_and_English_Vocabulary_in_the_Tie-chiu_Dialect,89
kiâⁿ,Kⁿia -1,,,行,,To walk; do; perform; practice; carry into effect.,,,,008_A_Chinese_and_English_Vocabulary_in_the_Tie-chiu_Dialect,89
kiã,Kia -3,,,寄,,To give in charge to another; to send to another.,,,,008_A_Chinese_and_English_Vocabulary_in_the_Tie-chiu_Dialect,89
kiãⁿ,Kⁿia -3,,,件,,An item; a numeral of things.,,,,008_A_Chinese_and_English_Vocabulary_in_the_Tie-chiu_Dialect,89
kiè,Kie 3-,,,呌,,To call; name; cry out; call aloud,,,,008_A_Chinese_and_English_Vocabulary_in_the_Tie-chiu_Dialect,91
kièn,Kien 3-,,,見,,To see; observe; seeing; finding that; to manifest; forms the passive of verbs,,,,008_A_Chinese_and_English_Vocabulary_in_the_Tie-chiu_Dialect,91
kiê,Kie -1,,,橋,,A bridge; a carriage; proud; insolent,,,,008_A_Chinese_and_English_Vocabulary_in_the_Tie-chiu_Dialect,91
kiê,Kie -1,,,蕎,,Name of a place.,,,,008_A_Chinese_and_English_Vocabulary_in_the_Tie-chiu_Dialect,91
kiê,Kie -1,,,痂,,A scab on a wound.,,,,008_A_Chinese_and_English_Vocabulary_in_the_Tie-chiu_Dialect,91
kiê,Kie -1,,,茄,,A medicinal plant.,,,,008_A_Chinese_and_English_Vocabulary_in_the_Tie-chiu_Dialect,91
kiêⁿ,Kⁿie -1,,,韁,,A bridle or halter.,,,,008_A_Chinese_and_English_Vocabulary_in_the_Tie-chiu_Dialect,91
kiêⁿ,Kⁿie -1,,,薑,,Ginger.,,,,008_A_Chinese_and_English_Vocabulary_in_the_Tie-chiu_Dialect,91
kiêⁿ,Kⁿie -1,,,羌,,Ginger.,,,,008_A_Chinese_and_English_Vocabulary_in_the_Tie-chiu_Dialect,91
kiòng,Kiong 3-,,,共,,To give or supply with.,,,,008_A_Chinese_and_English_Vocabulary_in_the_Tie-chiu_Dialect,93
kióng,Kiong 2,,,㓋,,Congealed; coagulated.,,,,008_A_Chinese_and_English_Vocabulary_in_the_Tie-chiu_Dialect,93
kióng,Kiong 2,,,拱,,"To raise the hands united, as in salutation; to take with both hands.",,,,008_A_Chinese_and_English_Vocabulary_in_the_Tie-chiu_Dialect,93
kióng,Kiong 2,,,龔,,To give; present to; supply with; respectful.,,,,008_A_Chinese_and_English_Vocabulary_in_the_Tie-chiu_Dialect,93
kióu,Kio 2,,,噭,,To call out loud; a vociferating noise.,,,,008_A_Chinese_and_English_Vocabulary_in_the_Tie-chiu_Dialect,93
kióu,Kio 2,,,繳,,To deliver up; give to a superior; a wrapper.,,,,008_A_Chinese_and_English_Vocabulary_in_the_Tie-chiu_Dialect,93
kióu,Kio 2,,,敿,,To bind together.,,,,008_A_Chinese_and_English_Vocabulary_in_the_Tie-chiu_Dialect,93
kióu,Kio 2,,,矯,,To straighten; rectify; also used for false; assuming.,,,,008_A_Chinese_and_English_Vocabulary_in_the_Tie-chiu_Dialect,93
kiông,Kiong -1,,,恭,,"Serious, respectful; reverential; affable; cordial.",,,,008_A_Chinese_and_English_Vocabulary_in_the_Tie-chiu_Dialect,93
kiù,Kiu 3-,,,究,,To search; device; investigate; to push to the utmost; finally; to hate.,,,,008_A_Chinese_and_English_Vocabulary_in_the_Tie-chiu_Dialect,95
kiù,Kiu 3-,,,救,,To assist; protect; rescue; save; to prohibit; prevent.,,,,008_A_Chinese_and_English_Vocabulary_in_the_Tie-chiu_Dialect,95
kiú,Kiu 2,,,玖,,A precious stone of inferior value and black color; nine.,,,,008_A_Chinese_and_English_Vocabulary_in_the_Tie-chiu_Dialect,94
kiú,Kiu 2,,,紏,,A threefold cord; to combine; head a conspiracy; to examine into; prohibit.,,,,008_A_Chinese_and_English_Vocabulary_in_the_Tie-chiu_Dialect,94
kiú,Kiu 2,,,赳,,Possessing talents and strength; martial.,,,,008_A_Chinese_and_English_Vocabulary_in_the_Tie-chiu_Dialect,94
kiú,Kiu 2,,,晷,,A dial; a gnomon to show the declination of the sun; a day.,,,,008_A_Chinese_and_English_Vocabulary_in_the_Tie-chiu_Dialect,94
kiû,Kiu -1,,,球,,A sonorous stone; a globe; a sphere.,,,,008_A_Chinese_and_English_Vocabulary_in_the_Tie-chiu_Dialect,94
kiû,Kiu -1,,,毬,,A ball to play with; a kind of silk or cloth; staff; lamp.,,,,008_A_Chinese_and_English_Vocabulary_in_the_Tie-chiu_Dialect,94
kiû,Kiu -1,,,絿,,Hurried; pressed; urgent; precipitate.,,,,008_A_Chinese_and_English_Vocabulary_in_the_Tie-chiu_Dialect,94
kiē,Kie 3,,,轎,,A sedan chair carried on men's shoulders; a carriage.,,,,008_A_Chinese_and_English_Vocabulary_in_the_Tie-chiu_Dialect,91
kiēn,Kien 3,,,絹,,Fine silk; a net.,,,,008_A_Chinese_and_English_Vocabulary_in_the_Tie-chiu_Dialect,91
kiũ,Kiu -3,,,柩,,A body laid in its coffin.,,,,008_A_Chinese_and_English_Vocabulary_in_the_Tie-chiu_Dialect,94
kiũ,Kiu -3,,,疚,,Poor and diseased; chronic disease; perverse.,,,,008_A_Chinese_and_English_Vocabulary_in_the_Tie-chiu_Dialect,95
kiũ,Kiu -3,,,咎,,"Error; crime; quarrel, to hate wickedness; to judgements of heaven; hate.",,,,008_A_Chinese_and_English_Vocabulary_in_the_Tie-chiu_Dialect,95
kiũ,Kiu -3,,,鼛,,A large drum twelve cubits long; to beat a drum.,,,,008_A_Chinese_and_English_Vocabulary_in_the_Tie-chiu_Dialect,95
ki̍p,Kip -4,,,及,,To extend to; have reference to; connect with; concerning; and; at; to.,,,,008_A_Chinese_and_English_Vocabulary_in_the_Tie-chiu_Dialect,94
kiẽn,Kien -3,,,建,,To establish laws; to erect; build; establish.,,,,008_A_Chinese_and_English_Vocabulary_in_the_Tie-chiu_Dialect,91
kiẽn,Kien -3,,,健,,Strong; indefatigable; difficult.,,,,008_A_Chinese_and_English_Vocabulary_in_the_Tie-chiu_Dialect,91
kiẽn,Kien -3,,,蠲,,Clear; pure; bright; to illustrate; remit; haste.,,,,008_A_Chinese_and_English_Vocabulary_in_the_Tie-chiu_Dialect,91
kng,Kᵘng 1,,,扛,,To bear; to carry on a pole; the poles of a sedan chair.,,,,008_A_Chinese_and_English_Vocabulary_in_the_Tie-chiu_Dialect,103
kng,Kᵘng 1,,,缸,,An earthenware vessel; an urn for the dead.,,,,008_A_Chinese_and_English_Vocabulary_in_the_Tie-chiu_Dialect,103
kng,Kᵘng 1,,,糠,,Chaff; husk; fond of pleasure and remiss in duty.,,,,008_A_Chinese_and_English_Vocabulary_in_the_Tie-chiu_Dialect,103
kng,Kᵘng 1,,,綱,,Refined iron; steel.,,,,008_A_Chinese_and_English_Vocabulary_in_the_Tie-chiu_Dialect,103
ko,Kó 1,,,歌,,To sing; recite in a musical tone; play on an instrument.,,,,008_A_Chinese_and_English_Vocabulary_in_the_Tie-chiu_Dialect,96
ko,Kó 1,,,竿,,A reed; cane; rod; staff; stick of bamboo.,,,,008_A_Chinese_and_English_Vocabulary_in_the_Tie-chiu_Dialect,96
ko,Kó 1,,,哥,,An elder brother used also by equals to each other.,,,,008_A_Chinese_and_English_Vocabulary_in_the_Tie-chiu_Dialect,96
ko,Kó 1,,,𪃿,,A goose.,,,,008_A_Chinese_and_English_Vocabulary_in_the_Tie-chiu_Dialect,96
ko,Kó 1,,,膏,,Fat; lard; greasy; rich food; rich favors.,,,,008_A_Chinese_and_English_Vocabulary_in_the_Tie-chiu_Dialect,96
ko,Kó 1,,,糕,,A kind of pudding; dumpling; cake; bait.,,,,008_A_Chinese_and_English_Vocabulary_in_the_Tie-chiu_Dialect,96
koh,Kó 4,,,閣,,A screen before a door; a case or press in which to lay up provisions; a gallery; council chamber.,,,,008_A_Chinese_and_English_Vocabulary_in_the_Tie-chiu_Dialect,96
koh,Kó 4,,,擱,,A screen before a door; a case or press in which to lay up provisions; a gallery; council chamber.,,,,008_A_Chinese_and_English_Vocabulary_in_the_Tie-chiu_Dialect,96
koi,Koi 1,,,街,,A street; path; market.,,,,008_A_Chinese_and_English_Vocabulary_in_the_Tie-chiu_Dialect,97
koi,Koi 1,,,雞,,A fowl; the fowl genus.,,,,008_A_Chinese_and_English_Vocabulary_in_the_Tie-chiu_Dialect,97
koi,Koi 1,,,鷄,,A fowl; the fowl genus.,,,,008_A_Chinese_and_English_Vocabulary_in_the_Tie-chiu_Dialect,97
koi,Koi 1,,,堦,,To rub with the hand; to dust.,,,,008_A_Chinese_and_English_Vocabulary_in_the_Tie-chiu_Dialect,97
koi,Koi 1,,,階,,Stairs; steps; degrees; rank.,,,,008_A_Chinese_and_English_Vocabulary_in_the_Tie-chiu_Dialect,97
koiⁿ,Kⁿoi 1,,,肩,,The shoulders; back.,,,,008_A_Chinese_and_English_Vocabulary_in_the_Tie-chiu_Dialect,97
koiⁿ,Kⁿoi 1,,,間,,A house; room; tenement.,,,,008_A_Chinese_and_English_Vocabulary_in_the_Tie-chiu_Dialect,97
kok,Kok 4,,,國,,A nation; country; kingdom.,,,,008_A_Chinese_and_English_Vocabulary_in_the_Tie-chiu_Dialect,97
kok,Kok 4,,,嘓,,Chattering; troublesome loquacity.,,,,008_A_Chinese_and_English_Vocabulary_in_the_Tie-chiu_Dialect,97
kok,Kok 4,,,幗,,A woman's head-dress; a cap.,,,,008_A_Chinese_and_English_Vocabulary_in_the_Tie-chiu_Dialect,97
kok,Kok 4,,,咯,,Cackling of a fowl; coughing; wrangling.,,,,008_A_Chinese_and_English_Vocabulary_in_the_Tie-chiu_Dialect,97
kok,Kok 4,,,谷,,The channel of a stream; a valley; a cavern.,,,,008_A_Chinese_and_English_Vocabulary_in_the_Tie-chiu_Dialect,98
kok,Kok 4,,,綌,,Coarse hempen cloth.,,,,008_A_Chinese_and_English_Vocabulary_in_the_Tie-chiu_Dialect,98
kok,Kok 4,,,穀,,Grain of all sorts; real; good; substantial; wealthy.,,,,008_A_Chinese_and_English_Vocabulary_in_the_Tie-chiu_Dialect,98
kong,Kong 1,,,功,,Meritorious service; merit; praise; service; work.,,,,008_A_Chinese_and_English_Vocabulary_in_the_Tie-chiu_Dialect,98
kong,Kong 1,,,攻,,To attack; assault; rouse; apply closely to; put in order.,,,,008_A_Chinese_and_English_Vocabulary_in_the_Tie-chiu_Dialect,98
kong,Kong 1,,,公,,Public; not selfish; just; a title of nobility; male.,,,,008_A_Chinese_and_English_Vocabulary_in_the_Tie-chiu_Dialect,98
kong,Kong 1,,,蚣,,A poisonous insect; a medicine made of the centipede.,,,,008_A_Chinese_and_English_Vocabulary_in_the_Tie-chiu_Dialect,98
kou,Ko 1,,,姑,,A father's sister; a husband's mother and sisters.,,,,008_A_Chinese_and_English_Vocabulary_in_the_Tie-chiu_Dialect,95
kou,Ko 1,,,枯,,Rotten wood; a dead tree; decayed; putrid.,,,,008_A_Chinese_and_English_Vocabulary_in_the_Tie-chiu_Dialect,95
kou,Ko 1,,,沽,,Name of a river; to buy; sell; abridge; retrench.,,,,008_A_Chinese_and_English_Vocabulary_in_the_Tie-chiu_Dialect,95
kou,Ko 1,,,骷,,"Bones of the knee, loins and shoulder.",,,,008_A_Chinese_and_English_Vocabulary_in_the_Tie-chiu_Dialect,95
kou,Ko 1,,,鴣,,A partridge.,,,,008_A_Chinese_and_English_Vocabulary_in_the_Tie-chiu_Dialect,95
kou,Ko 1,,,孤,,Fatherless; an orphan; alone; destitute; poor.,,,,008_A_Chinese_and_English_Vocabulary_in_the_Tie-chiu_Dialect,95
kou,Ko 1,,,菰,,Name of a plant.,,,,008_A_Chinese_and_English_Vocabulary_in_the_Tie-chiu_Dialect,95
kou,Ko 1,,,觚,,A wine cup; a rule of law; a title of office.,,,,008_A_Chinese_and_English_Vocabulary_in_the_Tie-chiu_Dialect,95
ko̍k,Kok -4,,,峪,,A pool of water in a valley.,,,,008_A_Chinese_and_English_Vocabulary_in_the_Tie-chiu_Dialect,97
ku,Ku 1,,,俱,,All; together; prepared.,,,,008_A_Chinese_and_English_Vocabulary_in_the_Tie-chiu_Dialect,98
ku,Ku 1,,,舊,,Old; not new; a long time; formerly.,,,,008_A_Chinese_and_English_Vocabulary_in_the_Tie-chiu_Dialect,98
kuah,Kwa 4,,,割,,To cut; cut off; divide; wound; injure.,,,,008_A_Chinese_and_English_Vocabulary_in_the_Tie-chiu_Dialect,104
kuah,Kwa 4,,,葛,,Creeping plants; plants of which thin cloth is made.,,,,008_A_Chinese_and_English_Vocabulary_in_the_Tie-chiu_Dialect,104
kuai,Kwai 1,,,乖,,To turn the back upon; perverse; wicked; strange.,,,,008_A_Chinese_and_English_Vocabulary_in_the_Tie-chiu_Dialect,104
kuai,Kwai 1,,,劊,,To cut or break asunder.,,,,008_A_Chinese_and_English_Vocabulary_in_the_Tie-chiu_Dialect,104
kuak,Kwak 4,,,槨,,The external coffin used by Chinese.,,,,008_A_Chinese_and_English_Vocabulary_in_the_Tie-chiu_Dialect,104
kuak,Kwak 4,,,鵙,,Name of a water bird.,,,,008_A_Chinese_and_English_Vocabulary_in_the_Tie-chiu_Dialect,104
kuak,Kwak 4,,,蛞,,Name of an insect.,,,,008_A_Chinese_and_English_Vocabulary_in_the_Tie-chiu_Dialect,105
kuan,Kwan 1,,,觀,,To look; observe; to manifest; external appearance.,,,,008_A_Chinese_and_English_Vocabulary_in_the_Tie-chiu_Dialect,105
kuan,Kwan 1,,,鰥,,A large fish; a bachelor; widower; few.,,,,008_A_Chinese_and_English_Vocabulary_in_the_Tie-chiu_Dialect,105
kuan,Kwan 1,,,祼,,To pour out an oblation; to pour out wine for a guest.,,,,008_A_Chinese_and_English_Vocabulary_in_the_Tie-chiu_Dialect,105
kuan,Kwan 1,,,關,,To bar a door; fasten; a bolt; a limit; consequence; a custom house.,,,,008_A_Chinese_and_English_Vocabulary_in_the_Tie-chiu_Dialect,105
kuan,Kwan 1,,,冠,,A cap.,,,,008_A_Chinese_and_English_Vocabulary_in_the_Tie-chiu_Dialect,105
kuang,Kwang 1,,,光,,Light; splendor; shining; barely; only.,,,,008_A_Chinese_and_English_Vocabulary_in_the_Tie-chiu_Dialect,106
kuang,Kwang 1,,,桄,,A utensil used in weaving; a timber at the head of a boat.,,,,008_A_Chinese_and_English_Vocabulary_in_the_Tie-chiu_Dialect,106
kuang,Kwang 1,,,胱,,The urinary vessels; the bladder.,,,,008_A_Chinese_and_English_Vocabulary_in_the_Tie-chiu_Dialect,106
kuang,Kwang 1,,,觥,,A wine cup made of horn; crooked; large.,,,,008_A_Chinese_and_English_Vocabulary_in_the_Tie-chiu_Dialect,106
kuannh,Kⁿwa 4,,,汗,,Sweat.,,,,008_A_Chinese_and_English_Vocabulary_in_the_Tie-chiu_Dialect,104
kuat,Kwat 4,,,决,,To decide; determine; fixed; intention; to open; spread out.,,,,008_A_Chinese_and_English_Vocabulary_in_the_Tie-chiu_Dialect,106
kuat,Kwat 4,,,抉,,"To pluck; snatch; to pull, as a bow string.",,,,008_A_Chinese_and_English_Vocabulary_in_the_Tie-chiu_Dialect,106
kuat,Kwat 4,,,訣,,Parting words; farewell; a rule or percept; secrets of any craft.,,,,008_A_Chinese_and_English_Vocabulary_in_the_Tie-chiu_Dialect,106
kuat,Kwat 4,,,鴃,,Fleet; swift; a frisking colt.,,,,008_A_Chinese_and_English_Vocabulary_in_the_Tie-chiu_Dialect,106
kuat,Kwat 4,,,刮,,To rub off; pare off; scrape; press.,,,,008_A_Chinese_and_English_Vocabulary_in_the_Tie-chiu_Dialect,106
kuat,Kwat 4,,,括,,To enclose; bundle or bind up; embrace; impede.,,,,008_A_Chinese_and_English_Vocabulary_in_the_Tie-chiu_Dialect,106
kuat,Kwat 4,,,适,,Fleet; hasty; a man's name.,,,,008_A_Chinese_and_English_Vocabulary_in_the_Tie-chiu_Dialect,106
kuaⁿ,Kⁿwa 1,,,官,,An officer of government; a court.,,,,008_A_Chinese_and_English_Vocabulary_in_the_Tie-chiu_Dialect,104
kuaⁿ,Kⁿwa 1,,,棺,,To close; shut up; a coffin.,,,,008_A_Chinese_and_English_Vocabulary_in_the_Tie-chiu_Dialect,104
kuaⁿ,Kⁿwa 1,,,肝,,The liver.,,,,008_A_Chinese_and_English_Vocabulary_in_the_Tie-chiu_Dialect,104
kue,Kue 1,,,瓜,,A cucumber; melon; the cucumis genus.,,,,008_A_Chinese_and_English_Vocabulary_in_the_Tie-chiu_Dialect,100
kueh,Kue 4,,,郭,,Waste land outside of cities.,,,,008_A_Chinese_and_English_Vocabulary_in_the_Tie-chiu_Dialect,100
kui,Kui 1,,,圭,,A gem or sceptre carried by officers as a badge of authority.,,,,008_A_Chinese_and_English_Vocabulary_in_the_Tie-chiu_Dialect,100
kui,Kui 1,,,奎,,Between the legs; striding.,,,,008_A_Chinese_and_English_Vocabulary_in_the_Tie-chiu_Dialect,100
kui,Kui 1,,,跬,,A pace or step; to step with one foot.,,,,008_A_Chinese_and_English_Vocabulary_in_the_Tie-chiu_Dialect,100
kui,Kui 1,,,閨,,Solitary apartments for women and children.,,,,008_A_Chinese_and_English_Vocabulary_in_the_Tie-chiu_Dialect,100
kui,Kui 1,,,規,,Compasses; a rule; custom; to rule; regulate; to play.,,,,008_A_Chinese_and_English_Vocabulary_in_the_Tie-chiu_Dialect,101
kui,Kui 1,,,窺,,To spy; look; peep out of a cavern.,,,,008_A_Chinese_and_English_Vocabulary_in_the_Tie-chiu_Dialect,101
kui,Kui 1,,,闚,,To peep out at a door; to spy; observe narrowly.,,,,008_A_Chinese_and_English_Vocabulary_in_the_Tie-chiu_Dialect,101
kui,Kui 1,,,歸,,To return; go back; to attach one's self to; to send back.,,,,008_A_Chinese_and_English_Vocabulary_in_the_Tie-chiu_Dialect,101
kun,Kun 1,,,軍,,"Many persons; an army; 12,500 men.",,,,008_A_Chinese_and_English_Vocabulary_in_the_Tie-chiu_Dialect,102
kun,Kun 1,,,君,,A chief; prince; king; to rule; honorable; virtuous.,,,,008_A_Chinese_and_English_Vocabulary_in_the_Tie-chiu_Dialect,102
kut,Kut 4,,,骨,,A bone; hard and smooth parts of the body; fibres of plants.,,,,008_A_Chinese_and_English_Vocabulary_in_the_Tie-chiu_Dialect,103
kut,Kut 4,,,猾,,Artful; crafty; tricky; deceitful; to gnaw.,,,,008_A_Chinese_and_English_Vocabulary_in_the_Tie-chiu_Dialect,103
kut,Kut,,,汨,,Flowing along; waves; agitated; confusion.,,,,008_A_Chinese_and_English_Vocabulary_in_the_Tie-chiu_Dialect,103
kut,Kut 4,,,汩,,Flowing along; waves; agitated; confusion.,,,,008_A_Chinese_and_English_Vocabulary_in_the_Tie-chiu_Dialect,103
kuài,Kwai 3-,,,獪,,Artful; crafty; fraudulent; causing disturbance.,,,,008_A_Chinese_and_English_Vocabulary_in_the_Tie-chiu_Dialect,104
kuài,Kwai 3-,,,繪,,To draw pictures; to embroider; adorn with different colors.,,,,008_A_Chinese_and_English_Vocabulary_in_the_Tie-chiu_Dialect,104
kuài,Kwai 3-,,,膾,,To cut or mince; very fine; minced meat or fish.,,,,008_A_Chinese_and_English_Vocabulary_in_the_Tie-chiu_Dialect,104
kuài,Kwai 3-,,,蒯,,A certain kind of grass or rush for making cords.,,,,008_A_Chinese_and_English_Vocabulary_in_the_Tie-chiu_Dialect,104
kuài,Kwai 3-,,,怪,,Strange; monstrous; fairies; to deem strange.,,,,008_A_Chinese_and_English_Vocabulary_in_the_Tie-chiu_Dialect,104
kuàn,Kwan 3-,,,貫,,To connect or string together; to pass through; involve.,,,,008_A_Chinese_and_English_Vocabulary_in_the_Tie-chiu_Dialect,105
kuàn,Kwan 3-,,,慣,,Accustomed to; practiced in; having had experience of.,,,,008_A_Chinese_and_English_Vocabulary_in_the_Tie-chiu_Dialect,105
kuàn,Kwan 3-,,,冠,,"To cap or put a cap on the head, as at the age of twenty.",,,,008_A_Chinese_and_English_Vocabulary_in_the_Tie-chiu_Dialect,105
kuàn,Kwan 3-,,,券,,A. bond; deed of contract; a check; evidence.,,,,008_A_Chinese_and_English_Vocabulary_in_the_Tie-chiu_Dialect,105
kuàn,Kwan 3-,,,眷,,To look to with regard; a family; near relation.,,,,008_A_Chinese_and_English_Vocabulary_in_the_Tie-chiu_Dialect,105
kuàn,Kwan 3-,,,慻,,To turn round and look back.,,,,008_A_Chinese_and_English_Vocabulary_in_the_Tie-chiu_Dialect,105
kuàn,Kwan 3-,,,惓,,Diligent; earnest; serious; mournful; to desist.,,,,008_A_Chinese_and_English_Vocabulary_in_the_Tie-chiu_Dialect,105
kuàn,Kwan 3-,,,灌,,To flow to one place; to drink; pour out a libation; growing.,,,,008_A_Chinese_and_English_Vocabulary_in_the_Tie-chiu_Dialect,105
kuàn,Kwan 3-,,,爟,,To kindle fire; to heat; fire flaming up; a fireman.,,,,008_A_Chinese_and_English_Vocabulary_in_the_Tie-chiu_Dialect,105
kuàn,Kwan 3-,,,礶,,A jar; mug; vessel for water; wine or oil; a tea caddy.,,,,008_A_Chinese_and_English_Vocabulary_in_the_Tie-chiu_Dialect,105
kuàn,Kwan 3-,,,罐,,A jar; mug; vessel for water; wine or oil; a tea caddy.,,,,008_A_Chinese_and_English_Vocabulary_in_the_Tie-chiu_Dialect,105
kuàn,Kwan 3-,,,鸛,,A certain water fowl which sings at the approach of rain.,,,,008_A_Chinese_and_English_Vocabulary_in_the_Tie-chiu_Dialect,105
kuàng,Kwang 3-,,,怳,,Mad; wild; confused; disconcerted.,,,,008_A_Chinese_and_English_Vocabulary_in_the_Tie-chiu_Dialect,106
kuái,Kwai 2,,,拐,,To swindle; kidnap; to steal women and children.,,,,008_A_Chinese_and_English_Vocabulary_in_the_Tie-chiu_Dialect,104
kuái,Kwai 2,,,柺,,An old man's staff.,,,,008_A_Chinese_and_English_Vocabulary_in_the_Tie-chiu_Dialect,104
kuán,Kwan 2,,,管,,A rule; control; guide; writing; a pencil; reed.,,,,008_A_Chinese_and_English_Vocabulary_in_the_Tie-chiu_Dialect,105
kuán,Kwan 2,,,倌,,A charioteer; inferior officer.,,,,008_A_Chinese_and_English_Vocabulary_in_the_Tie-chiu_Dialect,105
kuán,Kwan 2,,,菅,,Rushes and reeds fit for making mats and thatch.,,,,008_A_Chinese_and_English_Vocabulary_in_the_Tie-chiu_Dialect,105
kuán,Kwan 2,,,館,,An inn; public hall; exchange; school; to lodge.,,,,008_A_Chinese_and_English_Vocabulary_in_the_Tie-chiu_Dialect,105
kuán,Kwan 2,,,舘,,An inn; public hall; exchange; school; to lodge.,,,,008_A_Chinese_and_English_Vocabulary_in_the_Tie-chiu_Dialect,105
kuán,Kwan 2,,,逭,,To exchange; turn pace; walk; go or run; away.,,,,008_A_Chinese_and_English_Vocabulary_in_the_Tie-chiu_Dialect,105
kuán,Kwan 2,,,捲,,Robust; the fist; to roll up.,,,,008_A_Chinese_and_English_Vocabulary_in_the_Tie-chiu_Dialect,105
kuán,Kwan 2,,,綣,,To bind as with a silk cord; strong attachment.,,,,008_A_Chinese_and_English_Vocabulary_in_the_Tie-chiu_Dialect,105
kuán,Kwan 2,,,盥,,To wash the hands; to wash in a tub.,,,,008_A_Chinese_and_English_Vocabulary_in_the_Tie-chiu_Dialect,105
kuáng,Kwang 2,,,廣,,Large; wide; extensive; widely; to widen.,,,,008_A_Chinese_and_English_Vocabulary_in_the_Tie-chiu_Dialect,106
kuáng,Kwang 2,,,耿,,To see; light; a surname; large pendant ears.,,,,008_A_Chinese_and_English_Vocabulary_in_the_Tie-chiu_Dialect,106
kuáng,Kwang 2,,,褧,,A single; external garment.,,,,008_A_Chinese_and_English_Vocabulary_in_the_Tie-chiu_Dialect,106
kuáng,Kwang 2,,,絅,,To lead or drag impetuously; a single garment.,,,,008_A_Chinese_and_English_Vocabulary_in_the_Tie-chiu_Dialect,106
kuãn,Kwan -3,,,倦,,To desist from labor; idle; fatigue; lassitude.,,,,008_A_Chinese_and_English_Vocabulary_in_the_Tie-chiu_Dialect,105
ku̍t,Kut -4,,,崛,,A solitary mountain-top standing out singly.,,,,008_A_Chinese_and_English_Vocabulary_in_the_Tie-chiu_Dialect,103
ku̍t,Kut -4,,,掘,,To dig into the ground; to hollow out; to spread out.,,,,008_A_Chinese_and_English_Vocabulary_in_the_Tie-chiu_Dialect,103
ku̍t,Kut -4,,,滑,,Smooth; slippery; sharp; soap-stone.,,,,008_A_Chinese_and_English_Vocabulary_in_the_Tie-chiu_Dialect,103
kà,Ká 3-,,,教,,To teach; instruct; instruction; doctrine; percept.,,,,008_A_Chinese_and_English_Vocabulary_in_the_Tie-chiu_Dialect,79
kà,Ká 3-,,,較,,To compare; a general view or statement of.,,,,008_A_Chinese_and_English_Vocabulary_in_the_Tie-chiu_Dialect,79
kài,Kai 3-,,,介,,To assist; attend upon; great; firm; a boundary; only; single.,,,,008_A_Chinese_and_English_Vocabulary_in_the_Tie-chiu_Dialect,79
kài,Kai 3-,,,价,,Great; good; to assist.,,,,008_A_Chinese_and_English_Vocabulary_in_the_Tie-chiu_Dialect,79
kài,Kai 3-,,,疥,,To scratch; a scratch; a mere trifling sore or matter.,,,,008_A_Chinese_and_English_Vocabulary_in_the_Tie-chiu_Dialect,79
kài,Kai 3-,,,界,,A boundary or limit; to limit; draw a line of separation.,,,,008_A_Chinese_and_English_Vocabulary_in_the_Tie-chiu_Dialect,79
kài,Kai 3-,,,芥,,Mustard plant or seed; small; trifling.,,,,008_A_Chinese_and_English_Vocabulary_in_the_Tie-chiu_Dialect,79
kài,Kai 3-,,,戒,,To warn; prohibit; to guard against; percepts; a limit.,,,,008_A_Chinese_and_English_Vocabulary_in_the_Tie-chiu_Dialect,79
kài,Kai 3-,,,誡,,Commands; percepts; orders; to command; forbid.,,,,008_A_Chinese_and_English_Vocabulary_in_the_Tie-chiu_Dialect,79
kài,Kai 3-,,,盖,,To cover; screen; protect; a c over; for; because.,,,,008_A_Chinese_and_English_Vocabulary_in_the_Tie-chiu_Dialect,80
kài,Kai 3-,,,蓋,,To cover; screen; protect; a c over; for; because.,,,,008_A_Chinese_and_English_Vocabulary_in_the_Tie-chiu_Dialect,80
kài,Kai 3-,,,屆,,A fixed or appointed time; utmost limit.,,,,008_A_Chinese_and_English_Vocabulary_in_the_Tie-chiu_Dialect,80
kài,Kai 3-,,,丐,,To beg; take; give.,,,,008_A_Chinese_and_English_Vocabulary_in_the_Tie-chiu_Dialect,80
kàm,Kám 3-,,,監,,To oversee; control; an overseer; inspector; an eunuch.,,,,008_A_Chinese_and_English_Vocabulary_in_the_Tie-chiu_Dialect,81
kàm,Kám 3-,,,鑑,,A mirror; a percept or warning; to see.,,,,008_A_Chinese_and_English_Vocabulary_in_the_Tie-chiu_Dialect,81
kàm,Kám 3-,,,鑒,,A mirror; a percept or warning; to see.,,,,008_A_Chinese_and_English_Vocabulary_in_the_Tie-chiu_Dialect,81
kàm,Kám 3-,,,噤,,To stop the mouth; refrain or be prohibited to speak.,,,,008_A_Chinese_and_English_Vocabulary_in_the_Tie-chiu_Dialect,81
kàn,Kán 3-,,,諫,,To remonstrate; reprove a superior or a prince.,,,,008_A_Chinese_and_English_Vocabulary_in_the_Tie-chiu_Dialect,81
kàn,Kán 3-,,,𡼏,,Water running between two mountains; a stream in a valley.,,,,008_A_Chinese_and_English_Vocabulary_in_the_Tie-chiu_Dialect,81
kàn,Kán 3-,,,㵎,,Water running between two mountains; a stream in a valley.,,,,008_A_Chinese_and_English_Vocabulary_in_the_Tie-chiu_Dialect,81
kàn,Kán 3-,,,𧒄,,A kind of shell fish.,,,,008_A_Chinese_and_English_Vocabulary_in_the_Tie-chiu_Dialect,82
kàn,Kán 3-,,,幹,,Stem of a plant; original substance; business; affair.,,,,008_A_Chinese_and_English_Vocabulary_in_the_Tie-chiu_Dialect,82
kàn,Kán 3-,,,澣,,To wash clothes; ten days.,,,,008_A_Chinese_and_English_Vocabulary_in_the_Tie-chiu_Dialect,82
kàn,Kán 3-,,,簳,,Small bamboo.,,,,008_A_Chinese_and_English_Vocabulary_in_the_Tie-chiu_Dialect,82
kàn,Kán 3-,,,𦼮,,Herbs; plants; the stem of grain.,,,,008_A_Chinese_and_English_Vocabulary_in_the_Tie-chiu_Dialect,82
kàng,Káng 3-,,,洚,,Flowing in an irregular course or out of the channal.,,,,008_A_Chinese_and_English_Vocabulary_in_the_Tie-chiu_Dialect,82
kàng,Káng 3-,,,絳,,Deep red; crimson.,,,,008_A_Chinese_and_English_Vocabulary_in_the_Tie-chiu_Dialect,82
kàng,Káng 3-,,,降,,To descend; cause to descend; degrade; subdue.,,,,008_A_Chinese_and_English_Vocabulary_in_the_Tie-chiu_Dialect,82
kàu,Kau 3-,,,告,,To tell; inform; to order; to intreat; to accuse.,,,,008_A_Chinese_and_English_Vocabulary_in_the_Tie-chiu_Dialect,84
kàu,Kau 3-,,,誥,,To command; to give directions; proclaim by writing.,,,,008_A_Chinese_and_English_Vocabulary_in_the_Tie-chiu_Dialect,84
kàu,Kau 3-,,,到,,To arrive at; extend to; reach to; full amount.,,,,008_A_Chinese_and_English_Vocabulary_in_the_Tie-chiu_Dialect,84
kàⁿ,Kⁿá 3-,,,酵,,Yeast; leaven; a fermenting substance.,,,,008_A_Chinese_and_English_Vocabulary_in_the_Tie-chiu_Dialect,79
ká,Ká 2,,,絞,,To wrap around; twist; to strangle; a string or sash.,,,,008_A_Chinese_and_English_Vocabulary_in_the_Tie-chiu_Dialect,79
ká,Ká 2,,,攪,,To stir up; excite; shake.,,,,008_A_Chinese_and_English_Vocabulary_in_the_Tie-chiu_Dialect,79
kám,Kám 2,,,感,,To move; rouse; excite indignation; thanks.,,,,008_A_Chinese_and_English_Vocabulary_in_the_Tie-chiu_Dialect,81
kán,Kán 2,,,艱,,Difficult; distressing; dangerous.,,,,008_A_Chinese_and_English_Vocabulary_in_the_Tie-chiu_Dialect,81
kán,Kán 2,,,簡,,An official writing; to review; diminish; negligent; sincere.,,,,008_A_Chinese_and_English_Vocabulary_in_the_Tie-chiu_Dialect,81
kán,Kán 2,,,𨰝,,A military weapon.,,,,008_A_Chinese_and_English_Vocabulary_in_the_Tie-chiu_Dialect,81
kán,Kán 2,,,鹼,,A kind of lye or soap.,,,,008_A_Chinese_and_English_Vocabulary_in_the_Tie-chiu_Dialect,81
kán,Kán 2,,,囝,,A son or child.,,,,008_A_Chinese_and_English_Vocabulary_in_the_Tie-chiu_Dialect,81
kán,Kán 2,,,揀,,To choose; select; discriminate.,,,,008_A_Chinese_and_English_Vocabulary_in_the_Tie-chiu_Dialect,81
káng,Káng 2,,,講,,To speak; talk; discourse; explain; explanation.,,,,008_A_Chinese_and_English_Vocabulary_in_the_Tie-chiu_Dialect,82
káng,Káng 2,,,港,,Streams; canals; arms of the sea.,,,,008_A_Chinese_and_English_Vocabulary_in_the_Tie-chiu_Dialect,82
káu,Kau 2,,,狗,,A dog; a mean person.,,,,008_A_Chinese_and_English_Vocabulary_in_the_Tie-chiu_Dialect,83
káu,Kau 2,,,犬,,A dog; a mean person.,,,,008_A_Chinese_and_English_Vocabulary_in_the_Tie-chiu_Dialect,83
káu,Kau 2,,,攪,,To throw into disorder or confusion; to trouble the mind.,,,,008_A_Chinese_and_English_Vocabulary_in_the_Tie-chiu_Dialect,83
káu,Kau 2,,,狡,,An animal resembling a dog; crafty; perverse; disorderly.,,,,008_A_Chinese_and_English_Vocabulary_in_the_Tie-chiu_Dialect,83
káu,Kau 2,,,皎,,White like the moon.,,,,008_A_Chinese_and_English_Vocabulary_in_the_Tie-chiu_Dialect,84
káu,Kau 2,,,絞,,To wrap round; twist; strangle.,,,,008_A_Chinese_and_English_Vocabulary_in_the_Tie-chiu_Dialect,84
káu,Kau 2,,,皦,,Clear; bright; white and luminous.,,,,008_A_Chinese_and_English_Vocabulary_in_the_Tie-chiu_Dialect,84
káu,Kau 2,,,皓,,Pure; white; unspotted; refulgence.,,,,008_A_Chinese_and_English_Vocabulary_in_the_Tie-chiu_Dialect,84
káu,Kau 2,,,杲,,The rising sun; clear; bright; eminent.,,,,008_A_Chinese_and_English_Vocabulary_in_the_Tie-chiu_Dialect,84
káu,Kau 2,,,槁,,Rotten wood; dried fish.,,,,008_A_Chinese_and_English_Vocabulary_in_the_Tie-chiu_Dialect,84
káu,Kau 2,,,縞,,Plain white silk.,,,,008_A_Chinese_and_English_Vocabulary_in_the_Tie-chiu_Dialect,84
káu,Kau 2,,,燺,,Dry; destitute of water.,,,,008_A_Chinese_and_English_Vocabulary_in_the_Tie-chiu_Dialect,84
káu,Kau 2,,,藁,,Straw; thatch; tablets on which government orders are written.,,,,008_A_Chinese_and_English_Vocabulary_in_the_Tie-chiu_Dialect,84
káu,Kau 2,,,九,,Nine.,,,,008_A_Chinese_and_English_Vocabulary_in_the_Tie-chiu_Dialect,84
káu,Kau 2,,,玖,,A black colored stone.,,,,008_A_Chinese_and_English_Vocabulary_in_the_Tie-chiu_Dialect,84
káⁿ,Kⁿá 2,,,敢,,To be daring or bold; rash; to presume.,,,,008_A_Chinese_and_English_Vocabulary_in_the_Tie-chiu_Dialect,79
kâi,Kai -1,,,個,,An individual; one.,,,,008_A_Chinese_and_English_Vocabulary_in_the_Tie-chiu_Dialect,79
kâi,Kai -1,,,箇,,An individual; one.,,,,008_A_Chinese_and_English_Vocabulary_in_the_Tie-chiu_Dialect,79
kân,Kán -1,,,干,,A shield; to fend off; to oppose; offend against; crime; a boundary; exposed to.,,,,008_A_Chinese_and_English_Vocabulary_in_the_Tie-chiu_Dialect,81
kân,Kán -1,,,奸,,Immoral; improper; clandestine; fraudulent; corrupt.,,,,008_A_Chinese_and_English_Vocabulary_in_the_Tie-chiu_Dialect,81
kân,Kán -1,,,杆,,Name of a wood; a post; club; stick; staff.,,,,008_A_Chinese_and_English_Vocabulary_in_the_Tie-chiu_Dialect,81
kân,Kán -1,,,玕,,A certain valuable stone.,,,,008_A_Chinese_and_English_Vocabulary_in_the_Tie-chiu_Dialect,81
kân,Kán -1,,,訐,,To charge with crime face to face; to bring to light clandestine proceeding.,,,,008_A_Chinese_and_English_Vocabulary_in_the_Tie-chiu_Dialect,81
kân,Kán -1,,,乾,,Dry; dried up.,,,,008_A_Chinese_and_English_Vocabulary_in_the_Tie-chiu_Dialect,81
kân,Kán -1,,,閒,,Between; a space either of time or place; in the midst of; empty; unoccupied.,,,,008_A_Chinese_and_English_Vocabulary_in_the_Tie-chiu_Dialect,81
kân,Kán -1,,,間,,Between; a space either of time or place; in the midst of; empty; unoccupied.,,,,008_A_Chinese_and_English_Vocabulary_in_the_Tie-chiu_Dialect,81
kân,Kán -1,,,癇,,"Convulsions, fits; epileptic fits.",,,,008_A_Chinese_and_English_Vocabulary_in_the_Tie-chiu_Dialect,81
kân,Kán -1,,,姦,,Fornication; adultery; unprincipled intrigues or plots.,,,,008_A_Chinese_and_English_Vocabulary_in_the_Tie-chiu_Dialect,81
kâu,Kau -1,,,猴,,The monkey species; name of a fruit.,,,,008_A_Chinese_and_English_Vocabulary_in_the_Tie-chiu_Dialect,83
kã,Ká -3,,,咬,,The voice of birds; moaning or crying in distress; bite.,,,,008_A_Chinese_and_English_Vocabulary_in_the_Tie-chiu_Dialect,79
kã,Ká -3,,,齩,,To bite or gnaw.,,,,008_A_Chinese_and_English_Vocabulary_in_the_Tie-chiu_Dialect,79
kãu,Kau -3,,,厚,,Thick; large; abundant; liberal; generous.,,,,008_A_Chinese_and_English_Vocabulary_in_the_Tie-chiu_Dialect,84
kè,Ke 3-,,,嫁,,"To marry or be married, applied to the woman; to take a husband.",,,,008_A_Chinese_and_English_Vocabulary_in_the_Tie-chiu_Dialect,84
kè,Ke 3-,,,稼,,To sow grain; to plant.,,,,008_A_Chinese_and_English_Vocabulary_in_the_Tie-chiu_Dialect,84
kè,Ke 3-,,,架,,A stand or frame; a case for books or other things.,,,,008_A_Chinese_and_English_Vocabulary_in_the_Tie-chiu_Dialect,84
kè,Ke 3-,,,駕,,To ride on; to sit in; a carriage with horses; to ascend; Sir.,,,,008_A_Chinese_and_English_Vocabulary_in_the_Tie-chiu_Dialect,85
kè,Ke 3-,,,價,,The price or value of a thing; to sell.,,,,008_A_Chinese_and_English_Vocabulary_in_the_Tie-chiu_Dialect,85
kèng,Keng 3-,,,敬,,Attentive; respectful; to reverence; worship.,,,,008_A_Chinese_and_English_Vocabulary_in_the_Tie-chiu_Dialect,86
kèⁿ,Kⁿe 3-,,,徑,,A narrow path; bye path; straight forward; hasty; to go.,,,,008_A_Chinese_and_English_Vocabulary_in_the_Tie-chiu_Dialect,85
kèⁿ,Kⁿe 3-,,,涇,,Flowing through in a straight course; permeable.,,,,008_A_Chinese_and_English_Vocabulary_in_the_Tie-chiu_Dialect,85
kèⁿ,Kⁿe 3-,,,脛,,Bones of the leg below the knee; straight forward.,,,,008_A_Chinese_and_English_Vocabulary_in_the_Tie-chiu_Dialect,85
kèⁿ,Kⁿe 3-,,,逕,,A foot-path; to approach near; go straight up to.,,,,008_A_Chinese_and_English_Vocabulary_in_the_Tie-chiu_Dialect,85
kèⁿ,Kⁿe 3-,,,頸,,The neck.,,,,008_A_Chinese_and_English_Vocabulary_in_the_Tie-chiu_Dialect,85
ké,Ke 2,,,假,,False; fictitious; to suppose; to borrow; excellent; leave of absence.,,,,008_A_Chinese_and_English_Vocabulary_in_the_Tie-chiu_Dialect,84
kéng,Keng 2,,,儆,,To warn or caution against.,,,,008_A_Chinese_and_English_Vocabulary_in_the_Tie-chiu_Dialect,86
kéng,Keng 2,,,警,,To warn; rouse; excite; to command with a penalty.,,,,008_A_Chinese_and_English_Vocabulary_in_the_Tie-chiu_Dialect,86
kéng,Keng 2,,,境,,Boundary; frontier; place where on lives; one's condition.,,,,008_A_Chinese_and_English_Vocabulary_in_the_Tie-chiu_Dialect,86
kéng,Keng 2,,,景,,Prospect; appearance; illuminated; boundaries.,,,,008_A_Chinese_and_English_Vocabulary_in_the_Tie-chiu_Dialect,86
kéⁿ,Kⁿe 2,,,哽,,An impediment in speaking; choking; sobbing.,,,,008_A_Chinese_and_English_Vocabulary_in_the_Tie-chiu_Dialect,85
kéⁿ,Kⁿe 2,,,梗,,Straight; erect; to ward off; to prick; fierce.,,,,008_A_Chinese_and_English_Vocabulary_in_the_Tie-chiu_Dialect,85
kì,Ki 3-,,,記,,To record; remember; know.,,,,008_A_Chinese_and_English_Vocabulary_in_the_Tie-chiu_Dialect,88
kìm,Kim 3-,,,禁,,To prevent; prohibit; guard against; be careful; prison.,,,,008_A_Chinese_and_English_Vocabulary_in_the_Tie-chiu_Dialect,92
kìm,Kim 3-,,,噤,,To stop the mouth; not to utter angry feelings.,,,,008_A_Chinese_and_English_Vocabulary_in_the_Tie-chiu_Dialect,92
kí,Ki 2,,,己,,One's own person or self; private; selfish; an astronomical character.,,,,008_A_Chinese_and_English_Vocabulary_in_the_Tie-chiu_Dialect,87
kí,Ki 2,,,𡉏,,To subvert; throw down; destroy; ruin.,,,,008_A_Chinese_and_English_Vocabulary_in_the_Tie-chiu_Dialect,87
kí,Ki 2,,,杞,,A wooden pin on which to hang anything.,,,,008_A_Chinese_and_English_Vocabulary_in_the_Tie-chiu_Dialect,87
kí,Ki 2,,,紀,,To arrange and number; to record; order; rule; twelve years.,,,,008_A_Chinese_and_English_Vocabulary_in_the_Tie-chiu_Dialect,87
kí,Ki 2,,,几,,A bench; stool; stand; table.,,,,008_A_Chinese_and_English_Vocabulary_in_the_Tie-chiu_Dialect,87
kí,Ki 2,,,幾,,"How much, many or long?",,,,008_A_Chinese_and_English_Vocabulary_in_the_Tie-chiu_Dialect,87
kí,Ki 2,,,筥,,A small sheaf; a utensil for containing rice.,,,,008_A_Chinese_and_English_Vocabulary_in_the_Tie-chiu_Dialect,87
kím,Kim 2,,,錦,,Ornamented or variegated silk.,,,,008_A_Chinese_and_English_Vocabulary_in_the_Tie-chiu_Dialect,92
kín,Kin 2,,,緊,,Pressing; urgent; strict; to bind or tie tight.,,,,008_A_Chinese_and_English_Vocabulary_in_the_Tie-chiu_Dialect,92
kî,Ki -1,,,棋,,A game of chess; the root or foundation.,,,,008_A_Chinese_and_English_Vocabulary_in_the_Tie-chiu_Dialect,87
kî,Ki -1,,,旂,,A flag; banner; standard; a company under one standard.,,,,008_A_Chinese_and_English_Vocabulary_in_the_Tie-chiu_Dialect,87
kî,Ki -1,,,旗,,A flag; banner; standard; a company under one standard.,,,,008_A_Chinese_and_English_Vocabulary_in_the_Tie-chiu_Dialect,87
kî,Ki -1,,,碁,,A foundation; a root; a game at chess.,,,,008_A_Chinese_and_English_Vocabulary_in_the_Tie-chiu_Dialect,87
kîm,Kim -1,,,今,,Now; the present time.,,,,008_A_Chinese_and_English_Vocabulary_in_the_Tie-chiu_Dialect,92
kîm,Kim -1,,,金,,Gold; metal; firm; hard.,,,,008_A_Chinese_and_English_Vocabulary_in_the_Tie-chiu_Dialect,92
kò,Kó 3-,,,吿,,To inform against; prosecute; to make known.,,,,008_A_Chinese_and_English_Vocabulary_in_the_Tie-chiu_Dialect,96
kò,Kó 3-,,,塊,,A clod of earth; a lump; a piece.,,,,008_A_Chinese_and_English_Vocabulary_in_the_Tie-chiu_Dialect,96
kòi,Koi 3-,,,計,,A complete number; to reckon; plan; devise; a plan.,,,,008_A_Chinese_and_English_Vocabulary_in_the_Tie-chiu_Dialect,97
kòi,Koi 3-,,,解,,To deliver up to an officer; to escort.,,,,008_A_Chinese_and_English_Vocabulary_in_the_Tie-chiu_Dialect,97
kòiⁿ,Kⁿoi 3-,,,繭,,The ball of silk as left by the silk worm.,,,,008_A_Chinese_and_English_Vocabulary_in_the_Tie-chiu_Dialect,97
kòng,Kong 3-,,,貢,,Tribute; offerings to one's services; merit; to offer.,,,,008_A_Chinese_and_English_Vocabulary_in_the_Tie-chiu_Dialect,98
kòu,Ko 3-,,,垢,,Dirt; filth; mire; mud; a disgrace; reproach.,,,,008_A_Chinese_and_English_Vocabulary_in_the_Tie-chiu_Dialect,96
kòu,Ko 3-,,,姤,,Meeting together; contact; union of the sexes.,,,,008_A_Chinese_and_English_Vocabulary_in_the_Tie-chiu_Dialect,96
kòu,Ko 3-,,,冓,,To connect together as the beams of a house; one hundred millions.,,,,008_A_Chinese_and_English_Vocabulary_in_the_Tie-chiu_Dialect,96
kòu,Ko 3-,,,媾,,Love; conjugal union; marriage; sexual intercourse.,,,,008_A_Chinese_and_English_Vocabulary_in_the_Tie-chiu_Dialect,96
kòu,Ko 3-,,,搆,,To draw; to pull; drag; to plot.,,,,008_A_Chinese_and_English_Vocabulary_in_the_Tie-chiu_Dialect,96
kòu,Ko 3-,,,構,,Wooden frame of a house; to join together; complete.,,,,008_A_Chinese_and_English_Vocabulary_in_the_Tie-chiu_Dialect,96
kòu,Ko 3-,,,篝,,A bamboo basket or utensil.,,,,008_A_Chinese_and_English_Vocabulary_in_the_Tie-chiu_Dialect,96
kòu,Ko 3-,,,覯,,To meet one's eye; to see; to happen; to effect; complete.,,,,008_A_Chinese_and_English_Vocabulary_in_the_Tie-chiu_Dialect,96
kòu,Ko 3-,,,購,,To buy; to seek to obtain for money.,,,,008_A_Chinese_and_English_Vocabulary_in_the_Tie-chiu_Dialect,96
kòu,Ko 3-,,,遘,,To meet; occur; happen; to bolt upon accidentally.,,,,008_A_Chinese_and_English_Vocabulary_in_the_Tie-chiu_Dialect,96
kòu,Ko 3-,,,僱,,To hire; borrow for money.,,,,008_A_Chinese_and_English_Vocabulary_in_the_Tie-chiu_Dialect,96
kòu,Ko 3-,,,殼,,To stretch a bow; an archer; enough; adequate.,,,,008_A_Chinese_and_English_Vocabulary_in_the_Tie-chiu_Dialect,96
kòu,Ko 3-,,,轂,,The name of a wheel; a wheel carriage.,,,,008_A_Chinese_and_English_Vocabulary_in_the_Tie-chiu_Dialect,96
kòu,Ko 3-,,,够,,Much collected together; satisfied; enough.,,,,008_A_Chinese_and_English_Vocabulary_in_the_Tie-chiu_Dialect,96
kó,Kó 2,,,槁,,Rotten wood; dried fish; a certain medicine.,,,,008_A_Chinese_and_English_Vocabulary_in_the_Tie-chiu_Dialect,96
kó,Kó 2,,,稿,,Straw; rough sketch of any document; original copy.,,,,008_A_Chinese_and_English_Vocabulary_in_the_Tie-chiu_Dialect,96
kói,Koi 2,,,改,,To change; alter; an alteration.,,,,008_A_Chinese_and_English_Vocabulary_in_the_Tie-chiu_Dialect,97
kói,Koi 2,,,解,,To cut open; unloose; explain; lay open; liberate.,,,,008_A_Chinese_and_English_Vocabulary_in_the_Tie-chiu_Dialect,97
kóu,Ko 2,,,古,,Ancient; remote ages.,,,,008_A_Chinese_and_English_Vocabulary_in_the_Tie-chiu_Dialect,95
kóu,Ko 2,,,估,,Tax; duty; custom paid to government; to reckon; to value; price.,,,,008_A_Chinese_and_English_Vocabulary_in_the_Tie-chiu_Dialect,95
kóu,Ko 2,,,牯,,A bullock; also the male of swine and dogs.,,,,008_A_Chinese_and_English_Vocabulary_in_the_Tie-chiu_Dialect,95
kóu,Ko 2,,,詁,,To explain; explanations.,,,,008_A_Chinese_and_English_Vocabulary_in_the_Tie-chiu_Dialect,95
kóu,Ko 2,,,酤,,Liquor for drinking; to buy or sell wine.,,,,008_A_Chinese_and_English_Vocabulary_in_the_Tie-chiu_Dialect,95
kóu,Ko 2,,,苟,,If; but; uncertainty; carelessly; illicitly; plants.,,,,008_A_Chinese_and_English_Vocabulary_in_the_Tie-chiu_Dialect,95
kóu,Ko 2,,,耉,,An old person; very old.,,,,008_A_Chinese_and_English_Vocabulary_in_the_Tie-chiu_Dialect,95
kóu,Ko 2,,,股,,The thighs; a branch of a stream; a division of; strong.,,,,008_A_Chinese_and_English_Vocabulary_in_the_Tie-chiu_Dialect,95
kóu,Ko 2,,,皷,,To beat a drum; strike a sonorous body; to rouse or excite; a drum.,,,,008_A_Chinese_and_English_Vocabulary_in_the_Tie-chiu_Dialect,95
kóu,Ko 2,,,鼓,,To beat a drum; strike a sonorous body; to rouse or excite; a drum.,,,,008_A_Chinese_and_English_Vocabulary_in_the_Tie-chiu_Dialect,95
kóu,Ko 2,,,瞽,,Blind; the master of a band of music.,,,,008_A_Chinese_and_English_Vocabulary_in_the_Tie-chiu_Dialect,95
kóu,Ko 2,,,蠱,,Worms in the abdomen; poison; ghost.,,,,008_A_Chinese_and_English_Vocabulary_in_the_Tie-chiu_Dialect,95
kõu,Ko -3,,,靠,,To rely on; depend on.,,,,008_A_Chinese_and_English_Vocabulary_in_the_Tie-chiu_Dialect,96
kõu,Ko -3,,,詬,,To revile.,,,,008_A_Chinese_and_English_Vocabulary_in_the_Tie-chiu_Dialect,96
kù,Ku 3-,,,句,,A sentence; period; to mark off; reject.,,,,008_A_Chinese_and_English_Vocabulary_in_the_Tie-chiu_Dialect,99
kù,Ku 3-,,,故,,A cause; reason; therefore; old; ancient; to die.,,,,008_A_Chinese_and_English_Vocabulary_in_the_Tie-chiu_Dialect,99
kù,Ku 3-,,,固,,Certainly; firm; solid; impervious; obstinate.,,,,008_A_Chinese_and_English_Vocabulary_in_the_Tie-chiu_Dialect,99
kù,Ku 3-,,,婟,,Excessive attachment to.,,,,008_A_Chinese_and_English_Vocabulary_in_the_Tie-chiu_Dialect,99
kù,Ku 3-,,,痼,,"A chronic, deep rooted, obstinate disease.",,,,008_A_Chinese_and_English_Vocabulary_in_the_Tie-chiu_Dialect,99
kù,Ku 3-,,,錮,,To close or stop up firmly; to shut up a way.,,,,008_A_Chinese_and_English_Vocabulary_in_the_Tie-chiu_Dialect,99
kù,Ku 3-,,,顧,,To look to with care and regard; to protect.,,,,008_A_Chinese_and_English_Vocabulary_in_the_Tie-chiu_Dialect,99
kùe,Kue 3-,,,過,,To pass; exceed; transgress; error; fault; crime; past.,,,,008_A_Chinese_and_English_Vocabulary_in_the_Tie-chiu_Dialect,100
kùe,Kue 3-,,,䯻,,Hair braided in a tuft on the top of the head.,,,,008_A_Chinese_and_English_Vocabulary_in_the_Tie-chiu_Dialect,100
kùi,Kui 3-,,,桂,,Name of a medicine; the laurus cassia.,,,,008_A_Chinese_and_English_Vocabulary_in_the_Tie-chiu_Dialect,101
kùi,Kui 3-,,,癸,,The last of the ten astronomical characters in the cycle.,,,,008_A_Chinese_and_English_Vocabulary_in_the_Tie-chiu_Dialect,101
kùi,Kui 3-,,,季,,Young; small; slender; the last of a series.,,,,008_A_Chinese_and_English_Vocabulary_in_the_Tie-chiu_Dialect,101
kùi,Kui 3-,,,貴,,Lofty; noble; costly; desirable valuable.,,,,008_A_Chinese_and_English_Vocabulary_in_the_Tie-chiu_Dialect,101
kùn,Kun 3-,,,棍,,A stick; a staff; a rod.,,,,008_A_Chinese_and_English_Vocabulary_in_the_Tie-chiu_Dialect,102
kú,Ku 2,,,賈,,To buy and sell; a merchant.,,,,008_A_Chinese_and_English_Vocabulary_in_the_Tie-chiu_Dialect,98
kú,Ku 2,,,久,,A long time.,,,,008_A_Chinese_and_English_Vocabulary_in_the_Tie-chiu_Dialect,98
kú,Ku 2,,,盬,,Any vessel or utensil.,,,,008_A_Chinese_and_English_Vocabulary_in_the_Tie-chiu_Dialect,99
kú,Ku 2,,,𦍩,,A sheep with black and white wool; a ram.,,,,008_A_Chinese_and_English_Vocabulary_in_the_Tie-chiu_Dialect,99
kú,Ku 2,,,嘏,,Great; remote; stable; happy; blessed; propitious.,,,,008_A_Chinese_and_English_Vocabulary_in_the_Tie-chiu_Dialect,99
kúa,Kwa 2,,,寡,,"Few; little; single; a widow; I, used by princes.",,,,008_A_Chinese_and_English_Vocabulary_in_the_Tie-chiu_Dialect,104
kúa,Kwa 2,,,果,,To surpass; overcome; really; truly.,,,,008_A_Chinese_and_English_Vocabulary_in_the_Tie-chiu_Dialect,104
kúaⁿ,Kⁿwa 2,,,赶,,To pursue after; endeavor to overtake.,,,,008_A_Chinese_and_English_Vocabulary_in_the_Tie-chiu_Dialect,104
kúe,Kue 2,,,粿,,Clean rice; rice food.,,,,008_A_Chinese_and_English_Vocabulary_in_the_Tie-chiu_Dialect,100
kúe,Kue 2,,,菓,,Fruit of trees; really; truly.,,,,008_A_Chinese_and_English_Vocabulary_in_the_Tie-chiu_Dialect,100
kúi,Kui 2,,,鬼,,Spirit of a dead man; ghost; demon; devil.,,,,008_A_Chinese_and_English_Vocabulary_in_the_Tie-chiu_Dialect,101
kúi,Kui 2,,,傀,,Great; excellent; extraordinary; strange.,,,,008_A_Chinese_and_English_Vocabulary_in_the_Tie-chiu_Dialect,101
kún,Kun 2,,,袞,,Imperial raiment; court dresses.,,,,008_A_Chinese_and_English_Vocabulary_in_the_Tie-chiu_Dialect,102
kún,Kun 2,,,滾,,Flowing water; moving rapidly; rolling; to roll.,,,,008_A_Chinese_and_English_Vocabulary_in_the_Tie-chiu_Dialect,102
kún,Kun 2,,,鯀,,A large fish.,,,,008_A_Chinese_and_English_Vocabulary_in_the_Tie-chiu_Dialect,102
kû,Ku -1,,,劬,,Labor; travail; distress; fatigue.,,,,008_A_Chinese_and_English_Vocabulary_in_the_Tie-chiu_Dialect,98
kû,Ku -1,,,拘,,To hook or take; to sweep or draw together.,,,,008_A_Chinese_and_English_Vocabulary_in_the_Tie-chiu_Dialect,98
kû,Ku -1,,,朐,,Dried meat; hams.,,,,008_A_Chinese_and_English_Vocabulary_in_the_Tie-chiu_Dialect,98
kû,Ku -1,,,駒,,A colt; fine young horse.,,,,008_A_Chinese_and_English_Vocabulary_in_the_Tie-chiu_Dialect,98
kû,Ku -1,,,煦,,To boil; to heat; genial warmth; kind; benevolent.,,,,008_A_Chinese_and_English_Vocabulary_in_the_Tie-chiu_Dialect,98
kû,Ku -1,,,龜,,A tortoise.,,,,008_A_Chinese_and_English_Vocabulary_in_the_Tie-chiu_Dialect,98
kû,Ku -1,,,骷,,Bones of the knee; loins and shoulder.,,,,008_A_Chinese_and_English_Vocabulary_in_the_Tie-chiu_Dialect,98
kû,Ku -1,,,辜,,Fault; crime; guilt; to monopolize.,,,,008_A_Chinese_and_English_Vocabulary_in_the_Tie-chiu_Dialect,98
kûn,Kun -1,,,裙,,A petticoat; lower part of a dress.,,,,008_A_Chinese_and_English_Vocabulary_in_the_Tie-chiu_Dialect,102
kāk,Kák 3,,,各,,Each; every; separately.,,,,008_A_Chinese_and_English_Vocabulary_in_the_Tie-chiu_Dialect,80
kāng,Káng 3,,,共,,Together with; with; general; all together; the whole.,,,,008_A_Chinese_and_English_Vocabulary_in_the_Tie-chiu_Dialect,82
kĩ,Ki -3,,,忌,,To dislike; hate; envy; to fear.,,,,008_A_Chinese_and_English_Vocabulary_in_the_Tie-chiu_Dialect,87
kĩ,Ki -3,,,𡜱,,To be angry with; enraged against.,,,,008_A_Chinese_and_English_Vocabulary_in_the_Tie-chiu_Dialect,87
kĩ,Ki -3,,,妓,,Singing girls; prostitutes.,,,,008_A_Chinese_and_English_Vocabulary_in_the_Tie-chiu_Dialect,87
kĩ,Ki -3,,,岐,,Lofty; luxuriant; to diverge; branch off.,,,,008_A_Chinese_and_English_Vocabulary_in_the_Tie-chiu_Dialect,87
kĩ,Ki -3,,,技,,Clever; ingenious; contrivance; talent; ability.,,,,008_A_Chinese_and_English_Vocabulary_in_the_Tie-chiu_Dialect,87
kĩ,Ki -3,,,歧,,Forked; diverging; a road parting in two ways.,,,,008_A_Chinese_and_English_Vocabulary_in_the_Tie-chiu_Dialect,88
kĩ,Ki -3,,,趾,,A foot with many toes; reptiles walking; to stand tiptoe and look.,,,,008_A_Chinese_and_English_Vocabulary_in_the_Tie-chiu_Dialect,88
kĩ,Ki -3,,,冀,,Name of a place; to wish; hope for.,,,,008_A_Chinese_and_English_Vocabulary_in_the_Tie-chiu_Dialect,88
kĩ,Ki -3,,,驥,,An excellent horse.,,,,008_A_Chinese_and_English_Vocabulary_in_the_Tie-chiu_Dialect,88
kĩ,Ki -3,,,寠,,Poor; rustic; rude; a certain cap for the head.,,,,008_A_Chinese_and_English_Vocabulary_in_the_Tie-chiu_Dialect,88
kĩ,Ki -3,,,窶,,Poor; rustic; rude; a certain cap for the head.,,,,008_A_Chinese_and_English_Vocabulary_in_the_Tie-chiu_Dialect,88
kĩ,Ki -3,,,屨,,Shoes or sandals.,,,,008_A_Chinese_and_English_Vocabulary_in_the_Tie-chiu_Dialect,88
kĩ,Ki -3,,,踽,,A stately gait in walking.,,,,008_A_Chinese_and_English_Vocabulary_in_the_Tie-chiu_Dialect,88
kĩ,Ki -3,,,覊,,A bridle or halter for a horse; to restrain; to economize.,,,,008_A_Chinese_and_English_Vocabulary_in_the_Tie-chiu_Dialect,88
kĩ,Ki -3,,,企,,To stand erect and look with expectation; to hope; expect.,,,,008_A_Chinese_and_English_Vocabulary_in_the_Tie-chiu_Dialect,88
kĩ,Ki -3,,,廐,,A A stable for horses or cattle.,,,,008_A_Chinese_and_English_Vocabulary_in_the_Tie-chiu_Dialect,88
kĩm,Kim -3,,,妗,,A wife's brothers and sisters; female gaiety and levity.,,,,008_A_Chinese_and_English_Vocabulary_in_the_Tie-chiu_Dialect,92
kī,Ki 3,,,繼,,Coming one after another in course; successively; to continue the succession.,,,,008_A_Chinese_and_English_Vocabulary_in_the_Tie-chiu_Dialect,88
kī,Ki 3,,,痣,,A spot on the human body.,,,,008_A_Chinese_and_English_Vocabulary_in_the_Tie-chiu_Dialect,88
kī,Ki 3,,,旣,,Already done; finished; past; since.,,,,008_A_Chinese_and_English_Vocabulary_in_the_Tie-chiu_Dialect,88
kńg,Kᵘng 2,,,卷,,A book; a part of a book; section; to roll up.,,,,008_A_Chinese_and_English_Vocabulary_in_the_Tie-chiu_Dialect,103
kōi,Koi 3,,,易,,Easy; not difficult; negligent; idle.,,,,008_A_Chinese_and_English_Vocabulary_in_the_Tie-chiu_Dialect,97
kōi,Koi 3,,,廨,,An apartment near a yamun; a magistrate's lodging.,An apartment near a yamun; a magastrate's lodging.,,,008_A_Chinese_and_English_Vocabulary_in_the_Tie-chiu_Dialect,97
kōiⁿ,Kⁿoi 3,,,間,,To separate; break off.,,,,008_A_Chinese_and_English_Vocabulary_in_the_Tie-chiu_Dialect,97
kũ,Ku -3,,,具,,Arranged; prepared; to present to; a utensil.,,,,008_A_Chinese_and_English_Vocabulary_in_the_Tie-chiu_Dialect,99
kũ,Ku -3,,,颶,,A whirlwind; typhoon; a sea storm.,,,,008_A_Chinese_and_English_Vocabulary_in_the_Tie-chiu_Dialect,99
kũ,Ku -3,,,舅,,The brothers of a mother or wife; father of a husband.,,,,008_A_Chinese_and_English_Vocabulary_in_the_Tie-chiu_Dialect,99
kũ,Ku -3,,,懼,,Fear; apprehension.,,,,008_A_Chinese_and_English_Vocabulary_in_the_Tie-chiu_Dialect,99
kũi,Kui -3,,,憒,,Disquietude of mind; stupidity of sickness.,,,,008_A_Chinese_and_English_Vocabulary_in_the_Tie-chiu_Dialect,101
kũi,Kui -3,,,潰,,Opposing currents clashing; in disorder; enraged.,,,,008_A_Chinese_and_English_Vocabulary_in_the_Tie-chiu_Dialect,101
kũi,Kui -3,,,瞶,,To glance hastily; a dull eye; without a pupil.,,,,008_A_Chinese_and_English_Vocabulary_in_the_Tie-chiu_Dialect,101
kũi,Kui -3,,,蕢,,Name of a vegetable; a clod of earth; utensil made of straw.,,,,008_A_Chinese_and_English_Vocabulary_in_the_Tie-chiu_Dialect,101
kũi,Kui -3,,,饋,,Food; to prepare food; to offer it to superiors; to present to.,,,,008_A_Chinese_and_English_Vocabulary_in_the_Tie-chiu_Dialect,101
kũi,Kui -3,,,跪,,To kneel as in worship.,,,,008_A_Chinese_and_English_Vocabulary_in_the_Tie-chiu_Dialect,101
kũiⁿ,Kⁿui -3,,,匱,,A large chest; a press with shelves and doors; exhausted.,,,,008_A_Chinese_and_English_Vocabulary_in_the_Tie-chiu_Dialect,102
kũn,Kun -3,,,郡,,A principality.,,,,008_A_Chinese_and_English_Vocabulary_in_the_Tie-chiu_Dialect,102
kūiⁿ,Kⁿui 3,,,櫃,,A box; a press; a shop; counter.,,,,008_A_Chinese_and_English_Vocabulary_in_the_Tie-chiu_Dialect,102
kūiⁿ,Kⁿui 3,,,縣,,Chief town of a district; the officer who presides over it.,,,,008_A_Chinese_and_English_Vocabulary_in_the_Tie-chiu_Dialect,102
kǹg,Kᵘng 3-,,,勸,,To exhort; advise; comfort; excite.,,,,008_A_Chinese_and_English_Vocabulary_in_the_Tie-chiu_Dialect,103
kṳ,Kù 1,,,居,,To dwell; reside; remain; to desist; an abode.,,,,008_A_Chinese_and_English_Vocabulary_in_the_Tie-chiu_Dialect,99
kṳ,Kù 1,,,車,,A wheel carriage; a wheel.,,,,008_A_Chinese_and_English_Vocabulary_in_the_Tie-chiu_Dialect,99
kṳn,Kùn 1,,,巾,,A piece of cloth; a napkin.,,,,008_A_Chinese_and_English_Vocabulary_in_the_Tie-chiu_Dialect,102
kṳn,Kùn 1,,,斤,,An axe; a catty; Chinese pound; to examine.,,,,008_A_Chinese_and_English_Vocabulary_in_the_Tie-chiu_Dialect,102
kṳn,Kùn 1,,,根,,The root of a tree; radical; the source or origin of.,,,,008_A_Chinese_and_English_Vocabulary_in_the_Tie-chiu_Dialect,102
kṳn,Kùn 1,,,跟,,The heel of the foot.,,,,008_A_Chinese_and_English_Vocabulary_in_the_Tie-chiu_Dialect,102
kṳn,Kùn 1,,,均,,Equal; equally; all alike; to equalise; blend.,,,,008_A_Chinese_and_English_Vocabulary_in_the_Tie-chiu_Dialect,102
kṳn,Kùn 1,,,鈞,,"Thirty catties weight; to make, as a potter; nature.",,,,008_A_Chinese_and_English_Vocabulary_in_the_Tie-chiu_Dialect,102
kṳn,Kùn 1,,,筋,,Tendons; strong muscular fibres; strong and nervous.,,,,008_A_Chinese_and_English_Vocabulary_in_the_Tie-chiu_Dialect,102
kṳt,Kùt 4,,,乞,,To beg; a beggar.,,,,008_A_Chinese_and_English_Vocabulary_in_the_Tie-chiu_Dialect,103
kṳ̀,Kù 3-,,,巨,,Great; vast; numberless; powerful.,,,,008_A_Chinese_and_English_Vocabulary_in_the_Tie-chiu_Dialect,99
kṳ̀,Kù 3-,,,鋸,,A saw; to saw.,,,,008_A_Chinese_and_English_Vocabulary_in_the_Tie-chiu_Dialect,100
kṳ̀n,Kùn 3-,,,覲,,To see; to see or be introduced to a superior.,,,,008_A_Chinese_and_English_Vocabulary_in_the_Tie-chiu_Dialect,103
kṳ̀n,Kùn 3-,,,饉,,Dearth; scarcity of vegetable diet.,,,,008_A_Chinese_and_English_Vocabulary_in_the_Tie-chiu_Dialect,103
kṳ̀n,Kùn 3-,,,𢀿,,Wine vessels used at marriages.,,,,008_A_Chinese_and_English_Vocabulary_in_the_Tie-chiu_Dialect,103
kṳ̀n,Kùn 3-,,,艮,,Perverse; firm; obstinate; a limit; boundary.,,,,008_A_Chinese_and_English_Vocabulary_in_the_Tie-chiu_Dialect,103
kṳ́,Kù 2,,,莒,,Name of a plant and of a kingdom.,,,,008_A_Chinese_and_English_Vocabulary_in_the_Tie-chiu_Dialect,99
kṳ́,Kù 2,,,舉,,To set up; elevate; raise.,,,,008_A_Chinese_and_English_Vocabulary_in_the_Tie-chiu_Dialect,99
kṳ́,Kù 2,,,矩,,A square; a rule; usage; pattern; to square; adjust.,,,,008_A_Chinese_and_English_Vocabulary_in_the_Tie-chiu_Dialect,99
kṳ́n,Kùn 2,,,僅,,Hardly; just about; just adequate; none to spare.,,,,008_A_Chinese_and_English_Vocabulary_in_the_Tie-chiu_Dialect,103
kṳ́n,Kùn 2,,,槿,,A handle; name of a tree.,,,,008_A_Chinese_and_English_Vocabulary_in_the_Tie-chiu_Dialect,103
kṳ́n,Kùn 2,,,謹,,Seriousness; respect; awe; care; attention; to guard against.,,,,008_A_Chinese_and_English_Vocabulary_in_the_Tie-chiu_Dialect,103
kṳ̂,Kù -1,,,籧,,An ugly deformity of person; a man's name.,,,,008_A_Chinese_and_English_Vocabulary_in_the_Tie-chiu_Dialect,99
kṳ̃,Kù -3,,,拒,,To ward off; withstand; resist; defend; oppose.,,,,008_A_Chinese_and_English_Vocabulary_in_the_Tie-chiu_Dialect,100
kṳ̃,Kù -3,,,秬,,A species of black millet.,,,,008_A_Chinese_and_English_Vocabulary_in_the_Tie-chiu_Dialect,100
kṳ̃,Kù -3,,,距,,The spur of a cock; to oppose; be distant; large.,,,,008_A_Chinese_and_English_Vocabulary_in_the_Tie-chiu_Dialect,100
kṳ̃,Kù -3,,,倨,,To stand erect; proud; indecorous.,,,,008_A_Chinese_and_English_Vocabulary_in_the_Tie-chiu_Dialect,100
kṳ̃,Kù -3,,,据,,Hands diseased; restricted; embarrassed; precipitate.,,,,008_A_Chinese_and_English_Vocabulary_in_the_Tie-chiu_Dialect,100
kṳ̃,Kù -3,,,踞,,To crouch; sit cross-legged.,,,,008_A_Chinese_and_English_Vocabulary_in_the_Tie-chiu_Dialect,100
kṳ̃,Kù -3,,,據,,Proof; to lean or rest upon; according to; to take; seize.,,,,008_A_Chinese_and_English_Vocabulary_in_the_Tie-chiu_Dialect,100
kṳ̃,Kù -3,,,遽,,Hurried; a fluttered; irresolute; afraid; hasty.,,,,008_A_Chinese_and_English_Vocabulary_in_the_Tie-chiu_Dialect,100
kṳ̃n,Kùn -3,,,近,,"Near, either in time or place; to approach.",,,,008_A_Chinese_and_English_Vocabulary_in_the_Tie-chiu_Dialect,103
kẽng,Keng -3,,,竟,,Finally; after all; the extreme point of; then.,,,,008_A_Chinese_and_English_Vocabulary_in_the_Tie-chiu_Dialect,86
kẽng,Keng -3,,,競,,Strong; violent; quarrelsome; precipitate; abundant.,,,,008_A_Chinese_and_English_Vocabulary_in_the_Tie-chiu_Dialect,86
la,Lá 1,,,喇,,Precipitate utterance.,,,,008_A_Chinese_and_English_Vocabulary_in_the_Tie-chiu_Dialect,107
la,Lá 1,,,拉,,To drag; pull; draw near; break; destroy.,,,,008_A_Chinese_and_English_Vocabulary_in_the_Tie-chiu_Dialect,107
laih,Lai 4,,,利,,A sharp edge; acute; interest on money; profitable.,,,,008_A_Chinese_and_English_Vocabulary_in_the_Tie-chiu_Dialect,107
lan,Lán -2,,,赧,,To redden in the face; blush; ashamed; bashful.,,,,008_A_Chinese_and_English_Vocabulary_in_the_Tie-chiu_Dialect,108
lau,Lau -2,,,潦,,An accumulation of water; heavy rains; to sink.,,,,008_A_Chinese_and_English_Vocabulary_in_the_Tie-chiu_Dialect,109
la̍h,Lá -4,,,獵,,To hunt wild animals; to hunt; pursue earnestly.,,,,008_A_Chinese_and_English_Vocabulary_in_the_Tie-chiu_Dialect,107
la̍h,Lá -4,,,臘,,The time when sacrifices are offered; to bind.,,,,008_A_Chinese_and_English_Vocabulary_in_the_Tie-chiu_Dialect,107
la̍h,Lá -4,,,蠟,,Wax; resin.,,,,008_A_Chinese_and_English_Vocabulary_in_the_Tie-chiu_Dialect,107
la̍h,Lá -4,,,躐,,To leap over; to overpass; overstep.,,,,008_A_Chinese_and_English_Vocabulary_in_the_Tie-chiu_Dialect,107
la̍h,Lá -4,,,邋,,"Walking in a slow, pacing manner.",,,,008_A_Chinese_and_English_Vocabulary_in_the_Tie-chiu_Dialect,107
la̍k,Lák -4,,,六,,Six.,,,,008_A_Chinese_and_English_Vocabulary_in_the_Tie-chiu_Dialect,107
la̍k,Lák -4,,,樂,,Pleasure; joy; happiness.,,,,008_A_Chinese_and_English_Vocabulary_in_the_Tie-chiu_Dialect,107
la̍t,Lát -4,,,力,,Strength; nerve; force; diligent effort.,,,,008_A_Chinese_and_English_Vocabulary_in_the_Tie-chiu_Dialect,109
leh,Le 4,,,曆,,"The signs of heaven, sun; moon and stars which mark time.",,,,008_A_Chinese_and_English_Vocabulary_in_the_Tie-chiu_Dialect,109
leh,Le 4,,,歴,,To pass through successive periods of time; next in order; to pass; transgress.,,,,008_A_Chinese_and_English_Vocabulary_in_the_Tie-chiu_Dialect,109
leh,Le 4,,,𤁋,,Dripping; dropping of water; to pour out.,,,,008_A_Chinese_and_English_Vocabulary_in_the_Tie-chiu_Dialect,109
leh,Le 4,,,讈,,Artful; crafty speech.,,,,008_A_Chinese_and_English_Vocabulary_in_the_Tie-chiu_Dialect,109
leh,Le 4,,,靂,,"A crashing noise, like thunder.",,,,008_A_Chinese_and_English_Vocabulary_in_the_Tie-chiu_Dialect,109
le̍k,Lek -4,,,勒,,A bridle with a bit; to bridle; restrain; force.,,,,008_A_Chinese_and_English_Vocabulary_in_the_Tie-chiu_Dialect,109
le̍k,Lek -4,,,陸,,High and dry; a dry path; dry ground.,,,,008_A_Chinese_and_English_Vocabulary_in_the_Tie-chiu_Dialect,109
le̍k,Lek -4,,,綠,,Green color; verdant.,,,,008_A_Chinese_and_English_Vocabulary_in_the_Tie-chiu_Dialect,109
le̍k,Lek -4,,,菉,,A plant of which cloth is made; shoots of bamboo.,,,,008_A_Chinese_and_English_Vocabulary_in_the_Tie-chiu_Dialect,109
le̍k,Lek -4,,,𤻤,,A swelling on the neck.,,,,008_A_Chinese_and_English_Vocabulary_in_the_Tie-chiu_Dialect,109
le̍k,Lek -4,,,轢,,A road for a cart; a wheelrut.,,,,008_A_Chinese_and_English_Vocabulary_in_the_Tie-chiu_Dialect,109
liak,Liak 4,,,畧,,A boundary; a plan; to abridge; little; to despise.,,,,008_A_Chinese_and_English_Vocabulary_in_the_Tie-chiu_Dialect,111
lia̍h,Lia -4,,,掠,,To seize; to punish; to rob; plunder; compel.,,,,008_A_Chinese_and_English_Vocabulary_in_the_Tie-chiu_Dialect,111
lia̍p,Liap -4,,,粒,,A grain; particle; kernel.,,,,008_A_Chinese_and_English_Vocabulary_in_the_Tie-chiu_Dialect,112
lie̍t,Liet -4,,,列,,To separate; arrange in order; rank; gradation.,,,,008_A_Chinese_and_English_Vocabulary_in_the_Tie-chiu_Dialect,113
lie̍t,Liet -4,,,冽,,Cold air or vapor.,,,,008_A_Chinese_and_English_Vocabulary_in_the_Tie-chiu_Dialect,113
lie̍t,Liet -4,,,烈,,Ranging fire; impetuous; daring; fierce; excellent.,,,,008_A_Chinese_and_English_Vocabulary_in_the_Tie-chiu_Dialect,113
lie̍t,Liet -4,,,栗,,A chestnut-tree; firm; commanding; severe; to exceed.,,,,008_A_Chinese_and_English_Vocabulary_in_the_Tie-chiu_Dialect,113
lie̍t,Liet -4,,,凓,,Cold.,,,,008_A_Chinese_and_English_Vocabulary_in_the_Tie-chiu_Dialect,113
lie̍t,Liet -4,,,慄,,Fear; apprehension; intimidated.,,,,008_A_Chinese_and_English_Vocabulary_in_the_Tie-chiu_Dialect,113
lie̍t,Liet -4,,,鬛,,Name of a horse; a long beard; a brush; a pig.,,,,008_A_Chinese_and_English_Vocabulary_in_the_Tie-chiu_Dialect,113
liám,Liam 2,,,歛,,To collect; to harvest; to amass; hoard up.,,,,008_A_Chinese_and_English_Vocabulary_in_the_Tie-chiu_Dialect,112
liám,Liam 2,,,蘝,,Name of a creeping plant.,,,,008_A_Chinese_and_English_Vocabulary_in_the_Tie-chiu_Dialect,112
liáng,Liàng 2,,,兩,,Two; a pair; to double; an ounce weight; a two wheel carriage.,,,,008_A_Chinese_and_English_Vocabulary_in_the_Tie-chiu_Dialect,112
liáng,Liàng 2,,,倆,,Art; craft; ingenuity.,,,,008_A_Chinese_and_English_Vocabulary_in_the_Tie-chiu_Dialect,112
liáng,Liàng 2,,,輛,,A pair of wheels; one cart or carriage.,,,,008_A_Chinese_and_English_Vocabulary_in_the_Tie-chiu_Dialect,112
liáng,Liàng 2,,,魎,,A kind of fairy or sprite; an apparition.,,,,008_A_Chinese_and_English_Vocabulary_in_the_Tie-chiu_Dialect,112
liâm,Liam -1,,,帘,,A tent; grog shop; a flag hung at a wine shop.,,,,008_A_Chinese_and_English_Vocabulary_in_the_Tie-chiu_Dialect,111
liâm,Liam -1,,,廉,,Economical; moderate; uncorrupted; modest; to examine.,,,,008_A_Chinese_and_English_Vocabulary_in_the_Tie-chiu_Dialect,111
liâm,Liam -1,,,簾,,A curtain or screen.,,,,008_A_Chinese_and_English_Vocabulary_in_the_Tie-chiu_Dialect,112
liâm,Liam -1,,,臁,,The sides of the leg.,,,,008_A_Chinese_and_English_Vocabulary_in_the_Tie-chiu_Dialect,112
liâm,Liam -1,,,薕,,Name of a plant.,,,,008_A_Chinese_and_English_Vocabulary_in_the_Tie-chiu_Dialect,112
liâm,Liam -1,,,鐮,,A sickle; pruning knife.,,,,008_A_Chinese_and_English_Vocabulary_in_the_Tie-chiu_Dialect,112
liâm,Liam -1,,,匲,,A lady's toilet; box of perfume.,,,,008_A_Chinese_and_English_Vocabulary_in_the_Tie-chiu_Dialect,112
liâng,Liàng -1,,,良,,Good; able; considerable.,,,,008_A_Chinese_and_English_Vocabulary_in_the_Tie-chiu_Dialect,112
liâng,Liàng -1,,,踉,,To jump; proceed precipitately; to struggle.,,,,008_A_Chinese_and_English_Vocabulary_in_the_Tie-chiu_Dialect,112
liâng,Liàng -1,,,凉,,Cool; sparing.,,,,008_A_Chinese_and_English_Vocabulary_in_the_Tie-chiu_Dialect,112
liâng,Liàng -1,,,梁,,A bridge; beam or plant; the top beam of a house.,,,,008_A_Chinese_and_English_Vocabulary_in_the_Tie-chiu_Dialect,112
liâng,Liàng -1,,,粱,,A species of grain; millet; tares.,,,,008_A_Chinese_and_English_Vocabulary_in_the_Tie-chiu_Dialect,112
liãm,Liam -3,,,念,,To ponder; consider; the thoughts; to read in a singing tone.,,,,008_A_Chinese_and_English_Vocabulary_in_the_Tie-chiu_Dialect,112
liãm,Liam -3,,,唸,,To sigh; a sigh; to recite.,,,,008_A_Chinese_and_English_Vocabulary_in_the_Tie-chiu_Dialect,112
liãm,Liam -3,,,捻,,To take work in the fingers.,,,,008_A_Chinese_and_English_Vocabulary_in_the_Tie-chiu_Dialect,112
liãm,Liam -3,,,殮,,To shroud the dead; dress for the grave.,,,,008_A_Chinese_and_English_Vocabulary_in_the_Tie-chiu_Dialect,112
liãm,Liam -3,,,稔,,Grain fully ripe; what has been long accumulating.,,,,008_A_Chinese_and_English_Vocabulary_in_the_Tie-chiu_Dialect,112
liãm,Liam -3,,,諗,,Thought; to consider; to give advice or reproof.,,,,008_A_Chinese_and_English_Vocabulary_in_the_Tie-chiu_Dialect,112
liãng,Liàng -3,,,諒,,True speech; to believe; confide in; to know; to assist.,,,,008_A_Chinese_and_English_Vocabulary_in_the_Tie-chiu_Dialect,112
liãng,Liàng -3,,,量,,A measure; to measure; the measure of; capacity of mind; ability to judge.,,,,008_A_Chinese_and_English_Vocabulary_in_the_Tie-chiu_Dialect,112
liãng,Liàng -3,,,亮,,Clear; bright; splendid.,,,,008_A_Chinese_and_English_Vocabulary_in_the_Tie-chiu_Dialect,112
liãng,Liàng -3,,,喨,,Clear distinct sound; to call plainly.,,,,008_A_Chinese_and_English_Vocabulary_in_the_Tie-chiu_Dialect,112
lièn,Lien 3-,,,煉,,To refine metals by fire; to try; test.,,,,008_A_Chinese_and_English_Vocabulary_in_the_Tie-chiu_Dialect,113
lièn,Lien 3-,,,練,,To select; to make experiment; learn by experience.,,,,008_A_Chinese_and_English_Vocabulary_in_the_Tie-chiu_Dialect,113
lièn,Lien 3-,,,鍊,,To melt and refine metals; to try and thus benefit a man; matured; experience.,,,,008_A_Chinese_and_English_Vocabulary_in_the_Tie-chiu_Dialect,113
lièn,Lien 3-,,,鏈,,A chain; connected or locked together; copper.,,,,008_A_Chinese_and_English_Vocabulary_in_the_Tie-chiu_Dialect,113
lién,Lien 2,,,璉,,A vessel used in temples to contain grain.,,,,008_A_Chinese_and_English_Vocabulary_in_the_Tie-chiu_Dialect,112
lién,Lien 2,,,臉,,The face; cheek; reputation.,,,,008_A_Chinese_and_English_Vocabulary_in_the_Tie-chiu_Dialect,112
lién,Lien 2,,,靨,,Handsome; beautiful; the jaws.,,,,008_A_Chinese_and_English_Vocabulary_in_the_Tie-chiu_Dialect,113
liên,Lien -1,,,連,,The rolling of a wheel; to return to; connect; and; also; even to.,,,,008_A_Chinese_and_English_Vocabulary_in_the_Tie-chiu_Dialect,112
liên,Lien -1,,,漣,,A ripple on the water made by the wind; foul water.,,,,008_A_Chinese_and_English_Vocabulary_in_the_Tie-chiu_Dialect,112
liên,Lien -1,,,憐,,To pity; compassionate; mercy;,,,,008_A_Chinese_and_English_Vocabulary_in_the_Tie-chiu_Dialect,112
liên,Lien -1,,,聯,,Connected with; associated; to connect; arrange.,,,,008_A_Chinese_and_English_Vocabulary_in_the_Tie-chiu_Dialect,112
lióu,Lio 2,,,了,,Finished; done; past; entirely; sign of perfect tense.,,,,008_A_Chinese_and_English_Vocabulary_in_the_Tie-chiu_Dialect,114
liôu,Lio -1,,,僚,,A companion; comrade; colleague; of the same rank.,,,,008_A_Chinese_and_English_Vocabulary_in_the_Tie-chiu_Dialect,113
liôu,Lio -1,,,寮,,A small window; to study at the same window.,,,,008_A_Chinese_and_English_Vocabulary_in_the_Tie-chiu_Dialect,113
liôu,Lio -1,,,撩,,To take hold of with the hand; to manage; support.,,,,008_A_Chinese_and_English_Vocabulary_in_the_Tie-chiu_Dialect,113
liôu,Lio -1,,,燎,,Signal fires intended to rouse attention.,,,,008_A_Chinese_and_English_Vocabulary_in_the_Tie-chiu_Dialect,113
liôu,Lio -1,,,療,,To resist disease; to cure; the practice of medicine.,,,,008_A_Chinese_and_English_Vocabulary_in_the_Tie-chiu_Dialect,113
liôu,Lio -1,,,瞭,,Clear vision; a good eye.,,,,008_A_Chinese_and_English_Vocabulary_in_the_Tie-chiu_Dialect,113
liôu,Lio -1,,,繚,,To wrap round; wind about; to manage.,,,,008_A_Chinese_and_English_Vocabulary_in_the_Tie-chiu_Dialect,114
liôu,Lio -1,,,䜍,,Artful; specious word; insidious language.,,,,008_A_Chinese_and_English_Vocabulary_in_the_Tie-chiu_Dialect,114
liôu,Lio -1,,,遼,,Remote; far off.,,,,008_A_Chinese_and_English_Vocabulary_in_the_Tie-chiu_Dialect,114
liôu,Lio -1,,,廖,,A hut; mean abode.,,,,008_A_Chinese_and_English_Vocabulary_in_the_Tie-chiu_Dialect,114
liôu,Lio -1,,,寥,,Empty; vacant; wide; solitary.,,,,008_A_Chinese_and_English_Vocabulary_in_the_Tie-chiu_Dialect,114
liôu,Lio -1,,,瘳,,To cure disease; convalescent.,,,,008_A_Chinese_and_English_Vocabulary_in_the_Tie-chiu_Dialect,114
liôu,Lio -1,,,蓼,,Name of an acrid herb; name of a state.,,,,008_A_Chinese_and_English_Vocabulary_in_the_Tie-chiu_Dialect,114
liôu,Lio -1,,,聊,,Carelessly; any how; to desire; to depend upon.,,,,008_A_Chinese_and_English_Vocabulary_in_the_Tie-chiu_Dialect,114
liõu,Lio -3,,,料,,To measure; estimate; calculate; manage; provender; materials,,,,008_A_Chinese_and_English_Vocabulary_in_the_Tie-chiu_Dialect,114
liú,Liu 2,,,㧕,,To touch; lay the hand on; feel.,,,,008_A_Chinese_and_English_Vocabulary_in_the_Tie-chiu_Dialect,114
liú,Liu 2,,,柳,,The willow; weeping willow; a soft tree of free growth.,,,,008_A_Chinese_and_English_Vocabulary_in_the_Tie-chiu_Dialect,114
liû,Liu -1,,,旒,,The streamers of a banner; pendent ornaments of a crown.,,,,008_A_Chinese_and_English_Vocabulary_in_the_Tie-chiu_Dialect,114
liû,Liu -1,,,流,,To flow; flow down; to cast off restraint; a class; clan.,,,,008_A_Chinese_and_English_Vocabulary_in_the_Tie-chiu_Dialect,114
liû,Liu -1,,,琉,,A pearl; vitreous substance or glaze; bright.,,,,008_A_Chinese_and_English_Vocabulary_in_the_Tie-chiu_Dialect,114
liû,Liu -1,,,硫,,Sulphur.,,,,008_A_Chinese_and_English_Vocabulary_in_the_Tie-chiu_Dialect,114
liû,Liu -1,,,留,,To stop; remain; detail; delay; slowly; a long time.,,,,008_A_Chinese_and_English_Vocabulary_in_the_Tie-chiu_Dialect,114
liû,Liu -1,,,榴,,The pomegranate.,,,,008_A_Chinese_and_English_Vocabulary_in_the_Tie-chiu_Dialect,114
liû,Liu -1,,,溜,,Name of a river; to flow; issue forth;,,,,008_A_Chinese_and_English_Vocabulary_in_the_Tie-chiu_Dialect,114
liû,Liu -1,,,瑠,,Vitreous substance; glass; a rice vessel.,,,,008_A_Chinese_and_English_Vocabulary_in_the_Tie-chiu_Dialect,114
liû,Liu -1,,,瘤,,A large swelling or tumour.,,,,008_A_Chinese_and_English_Vocabulary_in_the_Tie-chiu_Dialect,114
liû,Liu -1,,,罶,,A basket in which fish are taken.,,,,008_A_Chinese_and_English_Vocabulary_in_the_Tie-chiu_Dialect,114
liû,Liu -1,,,遛,,To linger or lurk about.,,,,008_A_Chinese_and_English_Vocabulary_in_the_Tie-chiu_Dialect,114
liû,Liu -1,,,騮,,A bay or chestnut horse with a black tail.,,,,008_A_Chinese_and_English_Vocabulary_in_the_Tie-chiu_Dialect,114
liû,Liu -1,,,瘰,,A gathering that swells and increases.,,,,008_A_Chinese_and_English_Vocabulary_in_the_Tie-chiu_Dialect,114
li̍h,Li -4,,,裂,,To rend; tear; burst.,,,,008_A_Chinese_and_English_Vocabulary_in_the_Tie-chiu_Dialect,111
li̍p,Lip -4,,,立,,Erect; to set up; establish; to fix; soon; speedily.,,,,008_A_Chinese_and_English_Vocabulary_in_the_Tie-chiu_Dialect,114
li̍p,Lip -4,,,笠,,"A bamboo umbrella without a handle, like a cap.",,,,008_A_Chinese_and_English_Vocabulary_in_the_Tie-chiu_Dialect,114
li̍p,Lip -4,,,苙,,A kind of basket.,,,,008_A_Chinese_and_English_Vocabulary_in_the_Tie-chiu_Dialect,114
liẽn,Lien -3,,,吝,,Niggardly; avaricious; sorry; disgraced.,,,,008_A_Chinese_and_English_Vocabulary_in_the_Tie-chiu_Dialect,113
liẽn,Lien -3,,,悋,,Niggardly; avaricious; sorry; disgraced.,,,,008_A_Chinese_and_English_Vocabulary_in_the_Tie-chiu_Dialect,113
lo̍h,Ló -4,,,駱,,A white horse with a black mane; a camel.,,,,008_A_Chinese_and_English_Vocabulary_in_the_Tie-chiu_Dialect,115
lo̍h,Ló -4,,,犖,,A speckled cow; easily distinguished; to excel.,,,,008_A_Chinese_and_English_Vocabulary_in_the_Tie-chiu_Dialect,115
lo̍k,Lok -4,,,翏,,To fly high.,,,,008_A_Chinese_and_English_Vocabulary_in_the_Tie-chiu_Dialect,115
lo̍k,Lok -4,,,勠,,United strength and effort.,,,,008_A_Chinese_and_English_Vocabulary_in_the_Tie-chiu_Dialect,115
lo̍k,Lok -4,,,戮,,To kill; slay; to cut in pieces; mangle; disgrace.,,,,008_A_Chinese_and_English_Vocabulary_in_the_Tie-chiu_Dialect,115
lo̍k,Lok -4,,,蓼,,Long; large; mutually drawing each other.,,,,008_A_Chinese_and_English_Vocabulary_in_the_Tie-chiu_Dialect,115
lo̍k,Lok -4,,,洛,,Dazzling glare of water.,,,,008_A_Chinese_and_English_Vocabulary_in_the_Tie-chiu_Dialect,115
lo̍k,Lok -4,,,烙,,To burn; a red hot iron point.,,,,008_A_Chinese_and_English_Vocabulary_in_the_Tie-chiu_Dialect,115
lo̍k,Lok -4,,,絡,,Thread of hemp or silk; the blood vessels; a net.,,,,008_A_Chinese_and_English_Vocabulary_in_the_Tie-chiu_Dialect,115
lo̍k,Lok -4,,,酪,,Cream; the fat of milk.,,,,008_A_Chinese_and_English_Vocabulary_in_the_Tie-chiu_Dialect,115
lo̍k,Lok -4,,,雒,,Name of a bird; a horse with a white mane.,,,,008_A_Chinese_and_English_Vocabulary_in_the_Tie-chiu_Dialect,116
lo̍k,Lok -4,,,碌,,Stony; rocky and uneven; small.,,,,008_A_Chinese_and_English_Vocabulary_in_the_Tie-chiu_Dialect,116
lo̍k,Lok -4,,,祿,,Official emoluments; salary; happiness.,,,,008_A_Chinese_and_English_Vocabulary_in_the_Tie-chiu_Dialect,116
lo̍k,Lok -4,,,錄,,To transcribe; record; a record; a list.,,,,008_A_Chinese_and_English_Vocabulary_in_the_Tie-chiu_Dialect,116
lo̍k,Lok -4,,,稑,,"Grain, the latest planted and first ripe.",,,,008_A_Chinese_and_English_Vocabulary_in_the_Tie-chiu_Dialect,116
lo̍k,Lok -4,,,麓,,The foot of a hill; a wood or forest at the foot of a hill.,,,,008_A_Chinese_and_English_Vocabulary_in_the_Tie-chiu_Dialect,116
luah,Lua 4,,,辣,,"Acrid, pungent taste; very sour.",,,,008_A_Chinese_and_English_Vocabulary_in_the_Tie-chiu_Dialect,117
luat,Luat 4,,,閱,,To inspect and take account of; to review; survey; examine.,,,,008_A_Chinese_and_English_Vocabulary_in_the_Tie-chiu_Dialect,117
luat,Luat 4,,,埓,,"A low dike, wall or path in a field; to mark or draw limits; to class.",,,,008_A_Chinese_and_English_Vocabulary_in_the_Tie-chiu_Dialect,117
luat,Luat 4,,,捋,,To pluck; or take with the fingers; to rub or feel.,,,,008_A_Chinese_and_English_Vocabulary_in_the_Tie-chiu_Dialect,118
lua̍t,Luat -4,,,劣,,Infirm; weak; feeble; scarcely adequate.,,,,008_A_Chinese_and_English_Vocabulary_in_the_Tie-chiu_Dialect,117
lui,Lui 1,,,鐳,,A kind of vase.,,,,008_A_Chinese_and_English_Vocabulary_in_the_Tie-chiu_Dialect,118
luân,Luan -1,,,孌,,Yielding; complying; warm affection for; longing after.,,,,008_A_Chinese_and_English_Vocabulary_in_the_Tie-chiu_Dialect,117
luân,Luan -1,,,巒,,The vertex or summit of a mountain.,,,,008_A_Chinese_and_English_Vocabulary_in_the_Tie-chiu_Dialect,117
luân,Luan -1,,,攣,,To bind or tie; to attach; interminable concatenation.,,,,008_A_Chinese_and_English_Vocabulary_in_the_Tie-chiu_Dialect,117
luân,Luan -1,,,欒,,"Name of a tree with yellow wood, red branches and green leaves.",,,,008_A_Chinese_and_English_Vocabulary_in_the_Tie-chiu_Dialect,117
luân,Luan -1,,,鑾,,Bells attached to the imperial carriage; the imperial carriage.,,,,008_A_Chinese_and_English_Vocabulary_in_the_Tie-chiu_Dialect,117
luân,Luan -1,,,鸞,,A fabulous bird called divine.,,,,008_A_Chinese_and_English_Vocabulary_in_the_Tie-chiu_Dialect,117
luãn,Luan -3,,,戀,,Warm affection for; ardent attachment to; devoted to.,,,,008_A_Chinese_and_English_Vocabulary_in_the_Tie-chiu_Dialect,117
luãn,Luan -3,,,亂,,Confusion; rebellion; to confuse; make insurrection.,,,,008_A_Chinese_and_English_Vocabulary_in_the_Tie-chiu_Dialect,117
lu̍t,Lut -4,,,聿,,A pen or pencil to write with; to narrate; forthwith; then; but; accordingly.,,,,008_A_Chinese_and_English_Vocabulary_in_the_Tie-chiu_Dialect,118
lu̍t,Lut -4,,,律,,A law; constant rule; notes of music.,,,,008_A_Chinese_and_English_Vocabulary_in_the_Tie-chiu_Dialect,118
lu̍t,Lut -4,,,𢯰,,To remove the dregs; to separate the pure from the impure.,,,,008_A_Chinese_and_English_Vocabulary_in_the_Tie-chiu_Dialect,119
lu̍t,Lut -4,,,繂,,A large rope; a pulley; a tackle.,,,,008_A_Chinese_and_English_Vocabulary_in_the_Tie-chiu_Dialect,119
lu̍t,Lut -4,,,膟,,Flesh used in sacrifices.,,,,008_A_Chinese_and_English_Vocabulary_in_the_Tie-chiu_Dialect,119
lu̍t,Lut -4,,,隼,,Name of a bird of prey.,,,,008_A_Chinese_and_English_Vocabulary_in_the_Tie-chiu_Dialect,119
lài,Lai 3-,,,籟,,A wind instrument with tubes; an organ.,,,,008_A_Chinese_and_English_Vocabulary_in_the_Tie-chiu_Dialect,107
làng,Láng 3-,,,弄,,To play; trifle with; seduce; to perform; make; do.,,,,008_A_Chinese_and_English_Vocabulary_in_the_Tie-chiu_Dialect,109
lám,Lám 2,,,覽,,To look at; observe; see; inspect.,,,,008_A_Chinese_and_English_Vocabulary_in_the_Tie-chiu_Dialect,107
lám,Lám 2,,,攬,,To grasp all one sees; to hoard up; monopolize.,,,,008_A_Chinese_and_English_Vocabulary_in_the_Tie-chiu_Dialect,107
lám,Lám 2,,,欖,,An olive; name of a fruit.,,,,008_A_Chinese_and_English_Vocabulary_in_the_Tie-chiu_Dialect,107
lám,Lám 2,,,灠,,A spring of water bubbling up.,,,,008_A_Chinese_and_English_Vocabulary_in_the_Tie-chiu_Dialect,107
lám,Lám 2,,,檻,,"A baluster, or perpendicular rails; a cage; a fold.",,,,008_A_Chinese_and_English_Vocabulary_in_the_Tie-chiu_Dialect,107
lám,Lám 2,,,艦,,A ship of war so built as to defend those within.,,,,008_A_Chinese_and_English_Vocabulary_in_the_Tie-chiu_Dialect,108
lán,Lán 2,,,懶,,Sleepy; remiss; idle; weak.,,,,008_A_Chinese_and_English_Vocabulary_in_the_Tie-chiu_Dialect,108
láng,Láng 2,,,曩,,In former times; formerly; the other day.,,,,008_A_Chinese_and_English_Vocabulary_in_the_Tie-chiu_Dialect,108
láng,Láng 2,,,囊,,A bag; sack; to hold in a bag.,,,,008_A_Chinese_and_English_Vocabulary_in_the_Tie-chiu_Dialect,108
láng,Láng 2,,,攮,,"To advance, or push forward violently.",,,,008_A_Chinese_and_English_Vocabulary_in_the_Tie-chiu_Dialect,108
láu,Lau 2,,,老,,Aged; venerable.,,,,008_A_Chinese_and_English_Vocabulary_in_the_Tie-chiu_Dialect,109
lâi,Lai -1,,,來,,To come; to effect; bring about.,,,,008_A_Chinese_and_English_Vocabulary_in_the_Tie-chiu_Dialect,107
lâi,Lai -1,,,徠,,To encourage; reward; a precept; order; sincere.,,,,008_A_Chinese_and_English_Vocabulary_in_the_Tie-chiu_Dialect,107
lâi,Lai -1,,,萊,,Name of a plant.,,,,008_A_Chinese_and_English_Vocabulary_in_the_Tie-chiu_Dialect,107
lâi,Lai -1,,,賚,,To confer upon; give to an inferior.,,,,008_A_Chinese_and_English_Vocabulary_in_the_Tie-chiu_Dialect,107
lâi,Lai -1,,,騋,,A tall horse; a mare.,,,,008_A_Chinese_and_English_Vocabulary_in_the_Tie-chiu_Dialect,107
lâi,Lai -1,,,梨,,A pear; apple.,,,,008_A_Chinese_and_English_Vocabulary_in_the_Tie-chiu_Dialect,107
lâm,Lám -1,,,南,,South; to go south.,,,,008_A_Chinese_and_English_Vocabulary_in_the_Tie-chiu_Dialect,107
lâm,Lám -1,,,喃,,Incessant chattering.,,,,008_A_Chinese_and_English_Vocabulary_in_the_Tie-chiu_Dialect,107
lâm,Lám -1,,,楠,,Name of a wood.,,,,008_A_Chinese_and_English_Vocabulary_in_the_Tie-chiu_Dialect,107
lâm,Lám -1,,,藍,,Blue; a plant which colors blue.,,,,008_A_Chinese_and_English_Vocabulary_in_the_Tie-chiu_Dialect,107
lâm,Lám -1,,,襤,,A single coverlet; garments; a collar or hem.,,,,008_A_Chinese_and_English_Vocabulary_in_the_Tie-chiu_Dialect,107
lâm,Lám -1,,,男,,Male; the lowest of the give titles of nobility.,,,,008_A_Chinese_and_English_Vocabulary_in_the_Tie-chiu_Dialect,107
lâm,Lám -1,,,嵐,,Mountain vapor or fog.,,,,008_A_Chinese_and_English_Vocabulary_in_the_Tie-chiu_Dialect,107
lâm,Lám -1,,,婪,,To covet.,,,,008_A_Chinese_and_English_Vocabulary_in_the_Tie-chiu_Dialect,107
lân,Lán -1,,,闌,,A screen for a door or carriage; a railing; obscured.,,,,008_A_Chinese_and_English_Vocabulary_in_the_Tie-chiu_Dialect,108
lân,Lán -1,,,攔,,To stop or intercept with hand; to prevent approach.,,,,008_A_Chinese_and_English_Vocabulary_in_the_Tie-chiu_Dialect,108
lân,Lán -1,,,欄,,Balusters or railing; railing to confine animals.,,,,008_A_Chinese_and_English_Vocabulary_in_the_Tie-chiu_Dialect,108
lân,Lán -1,,,瀾,,Streams flowing together and running in a continued course.,,,,008_A_Chinese_and_English_Vocabulary_in_the_Tie-chiu_Dialect,108
lân,Lán -1,,,蘭,,"Name of a fragrant plant, the class Gynandria.",,,,008_A_Chinese_and_English_Vocabulary_in_the_Tie-chiu_Dialect,108
lân,Lán -1,,,㘓,,"Name of a fragrant plant, the class Gynandria.",,,,008_A_Chinese_and_English_Vocabulary_in_the_Tie-chiu_Dialect,108
lân,Lán -1,,,躝,,To leap or pass over; to surpass.,,,,008_A_Chinese_and_English_Vocabulary_in_the_Tie-chiu_Dialect,108
lân,Lán -1,,,難,,Difficult; troublesome.,,,,008_A_Chinese_and_English_Vocabulary_in_the_Tie-chiu_Dialect,108
lân,Lán -1,,,零,,Residue; fragments; odd numbers; what is over.,,,,008_A_Chinese_and_English_Vocabulary_in_the_Tie-chiu_Dialect,108
lân,Lán -1,,,鱗,,Scales of fishes.,,,,008_A_Chinese_and_English_Vocabulary_in_the_Tie-chiu_Dialect,108
lâng,Láng -1,,,浪,,A wave; waves of the sea; unsettled; profligate.,,,,008_A_Chinese_and_English_Vocabulary_in_the_Tie-chiu_Dialect,108
lâng,Láng -1,,,狼,,A wolf; cruel; abundant.,,,,008_A_Chinese_and_English_Vocabulary_in_the_Tie-chiu_Dialect,108
lâng,Láng -1,,,稂,,Name of a plant; a tare.,,,,008_A_Chinese_and_English_Vocabulary_in_the_Tie-chiu_Dialect,108
lâng,Láng -1,,,廊,,Small rooms on the sides of large houses.,,,,008_A_Chinese_and_English_Vocabulary_in_the_Tie-chiu_Dialect,108
lâng,Láng -1,,,䱶,,The male crab.,,,,008_A_Chinese_and_English_Vocabulary_in_the_Tie-chiu_Dialect,108
lâng,Láng -1,,,礱,,To rub; grind corn or sharpen tools; to use effort; a stone.,,,,008_A_Chinese_and_English_Vocabulary_in_the_Tie-chiu_Dialect,108
lâng,Láng -1,,,籠,,A basket; cage; quiver; to heard up and monopolize.,,,,008_A_Chinese_and_English_Vocabulary_in_the_Tie-chiu_Dialect,108
lâng,Láng -1,,,聾,,Deaf.,,,,008_A_Chinese_and_English_Vocabulary_in_the_Tie-chiu_Dialect,108
lâng,Láng -1,,,癑,,Pain; disease.,,,,008_A_Chinese_and_English_Vocabulary_in_the_Tie-chiu_Dialect,108
lâng,Láng -1,,,膿,,Ulcerous matter; pus.,,,,008_A_Chinese_and_English_Vocabulary_in_the_Tie-chiu_Dialect,108
lâu,Lau -1,,,勞,,To labor; wearied; to give trouble; merit; worthy deeds.,,,,008_A_Chinese_and_English_Vocabulary_in_the_Tie-chiu_Dialect,109
lâu,Lau -1,,,撈,,To rake for in a river; to find and draw out of water.,,,,008_A_Chinese_and_English_Vocabulary_in_the_Tie-chiu_Dialect,109
lâu,Lau -1,,,牢,,A prison; place to confine animals; cattle.,,,,008_A_Chinese_and_English_Vocabulary_in_the_Tie-chiu_Dialect,109
lâu,Lau -1,,,劉,,A certain weapon; to kill; to arrange.,,,,008_A_Chinese_and_English_Vocabulary_in_the_Tie-chiu_Dialect,109
lâu,Lau -1,,,樓,,The upper stories of a house; upper rooms; to collect.,,,,008_A_Chinese_and_English_Vocabulary_in_the_Tie-chiu_Dialect,109
lãi,Lai -3,,,內,,Within; inside; during.,,,,008_A_Chinese_and_English_Vocabulary_in_the_Tie-chiu_Dialect,107
lãm,Lám -3,,,懢,,Greedy; voracious; ardent desire; robust.,,,,008_A_Chinese_and_English_Vocabulary_in_the_Tie-chiu_Dialect,108
lãm,Lám -3,,,濫,,An overflowing; excess; to exceed due bounds.,,,,008_A_Chinese_and_English_Vocabulary_in_the_Tie-chiu_Dialect,108
lãn,Lán -3,,,爛,,Boiled or roasted excessively; torn; to tear; bright.,,,,008_A_Chinese_and_English_Vocabulary_in_the_Tie-chiu_Dialect,108
lãn,Lán -3,,,難,,Calamity; distress; to inflict suffering; difficult.,,,,008_A_Chinese_and_English_Vocabulary_in_the_Tie-chiu_Dialect,108
lãng,Láng -3,,,朗,,Clear; bright; lofty; to solicit; to fill by force.,,,,008_A_Chinese_and_English_Vocabulary_in_the_Tie-chiu_Dialect,108
lãng,Láng -3,,,琅,,A certain valuable stone.,,,,008_A_Chinese_and_English_Vocabulary_in_the_Tie-chiu_Dialect,108
lãng,Láng -3,,,蜋,,Name of an insect; ineffectual effort.,,,,008_A_Chinese_and_English_Vocabulary_in_the_Tie-chiu_Dialect,108
lãu,Lau -3,,,嫪,,Excessive affection for; love to; hankering after;,,,,008_A_Chinese_and_English_Vocabulary_in_the_Tie-chiu_Dialect,109
léng,Leng 2,,,隴,,A large bank; a dike between fields; high.,,,,008_A_Chinese_and_English_Vocabulary_in_the_Tie-chiu_Dialect,110
lêng,Leng -1,,,另,,Besides; distinct from; another.,,,,008_A_Chinese_and_English_Vocabulary_in_the_Tie-chiu_Dialect,109
lêng,Leng -1,,,囹,,A place of confinement formed by rails; a prison.,,,,008_A_Chinese_and_English_Vocabulary_in_the_Tie-chiu_Dialect,109
lêng,Leng -1,,,泠,,The noise of wind and water.,,,,008_A_Chinese_and_English_Vocabulary_in_the_Tie-chiu_Dialect,109
lêng,Leng -1,,,玲,,A certain valuable stone of an inferior kind.,,,,008_A_Chinese_and_English_Vocabulary_in_the_Tie-chiu_Dialect,109
lêng,Leng -1,,,羚,,"A species of antelope, resembling a sheep.",,,,008_A_Chinese_and_English_Vocabulary_in_the_Tie-chiu_Dialect,109
lêng,Leng -1,,,蛉,,Name of an insect of the locust species.,,,,008_A_Chinese_and_English_Vocabulary_in_the_Tie-chiu_Dialect,109
lêng,Leng -1,,,軨,,An axle; a hunting carriage; to hunt.,,,,008_A_Chinese_and_English_Vocabulary_in_the_Tie-chiu_Dialect,109
lêng,Leng -1,,,翎,,Wings or feathers; feathers of an arrow; peacock's feathers.,,,,008_A_Chinese_and_English_Vocabulary_in_the_Tie-chiu_Dialect,110
lêng,Leng -1,,,鴒,,Name of a bird of the lark species.,,,,008_A_Chinese_and_English_Vocabulary_in_the_Tie-chiu_Dialect,110
lêng,Leng -1,,,齡,,The teeth; denoting a person's age; age.,,,,008_A_Chinese_and_English_Vocabulary_in_the_Tie-chiu_Dialect,110
lêng,Leng -1,,,𡨴,,Tranquility; better; desiring this rather than that.,,,,008_A_Chinese_and_English_Vocabulary_in_the_Tie-chiu_Dialect,110
lêng,Leng -1,,,嚀,,To direct; to caution; to give a charge to; to state fully.,,,,008_A_Chinese_and_English_Vocabulary_in_the_Tie-chiu_Dialect,110
lêng,Leng -1,,,凌,,Ice; an ice house; struck with fear; to shame; insult.,,,,008_A_Chinese_and_English_Vocabulary_in_the_Tie-chiu_Dialect,110
lêng,Leng -1,,,稜,,Name of a species of grain; a neighboring state; divinity.,,,,008_A_Chinese_and_English_Vocabulary_in_the_Tie-chiu_Dialect,110
lêng,Leng -1,,,綾,,A fine sort of silk.,,,,008_A_Chinese_and_English_Vocabulary_in_the_Tie-chiu_Dialect,110
lêng,Leng -1,,,菱,,Name of a vegetable; the trapa bicornis.,,,,008_A_Chinese_and_English_Vocabulary_in_the_Tie-chiu_Dialect,110
lêng,Leng -1,,,陵,,A lofty mound; eminent; to aspire high; insult; invade.,,,,008_A_Chinese_and_English_Vocabulary_in_the_Tie-chiu_Dialect,110
lêng,Leng -1,,,靈,,"Spiritual; etherial; the spirit of men; soul; efficacious, good.",,,,008_A_Chinese_and_English_Vocabulary_in_the_Tie-chiu_Dialect,110
lêng,Leng -1,,,龍,,A dragon; crocodile.,,,,008_A_Chinese_and_English_Vocabulary_in_the_Tie-chiu_Dialect,110
lì,Li 3-,,,吏,,A ruler; magistrate; an under officer.,,,,008_A_Chinese_and_English_Vocabulary_in_the_Tie-chiu_Dialect,111
lì,Li 3-,,,例,,To compare; adjust; laws; regulations; to compose.,,,,008_A_Chinese_and_English_Vocabulary_in_the_Tie-chiu_Dialect,111
lí,Li 2,,,里,,A measure; quarter of a mile; village; district.,,,,008_A_Chinese_and_English_Vocabulary_in_the_Tie-chiu_Dialect,111
lí,Li 2,,,俚,,To trust; depend upon; rustic; vulgar.,,,,008_A_Chinese_and_English_Vocabulary_in_the_Tie-chiu_Dialect,111
lí,Li 2,,,理,,To rule; direct; regulate; reason; principles; doctrine.,,,,008_A_Chinese_and_English_Vocabulary_in_the_Tie-chiu_Dialect,111
lí,Li 2,,,裡,,Inside of a garment; within.,,,,008_A_Chinese_and_English_Vocabulary_in_the_Tie-chiu_Dialect,111
lí,Li 2,,,裏,,Inside of a garment; within.,,,,008_A_Chinese_and_English_Vocabulary_in_the_Tie-chiu_Dialect,111
lí,Li 2,,,鯉,,The carp fish.,,,,008_A_Chinese_and_English_Vocabulary_in_the_Tie-chiu_Dialect,111
lí,Li 2,,,蠡,,Name of an insect; also a shellfish.,,,,008_A_Chinese_and_English_Vocabulary_in_the_Tie-chiu_Dialect,111
lí,Li 2,,,李,,A species of a small plum; any small articles.,,,,008_A_Chinese_and_English_Vocabulary_in_the_Tie-chiu_Dialect,111
lí,Li 2,,,履,,A shoe; to shoe; to tread upon.,,,,008_A_Chinese_and_English_Vocabulary_in_the_Tie-chiu_Dialect,111
lí,Li 2,,,旅,,A stranger; guest; an army; many; arranged in order.,,,,008_A_Chinese_and_English_Vocabulary_in_the_Tie-chiu_Dialect,111
lí,Li 2,,,醴,,Sweet wine; liquor distilled only one night.,,,,008_A_Chinese_and_English_Vocabulary_in_the_Tie-chiu_Dialect,111
lím,Lim 2,,,凛,,Intense cold; a cold; stern manner; awe.,,,,008_A_Chinese_and_English_Vocabulary_in_the_Tie-chiu_Dialect,113
lím,Lim 2,,,廩,,A public granary; name of an office.,,,,008_A_Chinese_and_English_Vocabulary_in_the_Tie-chiu_Dialect,113
lím,Lim 2,,,懍,,Fear; respect; awe; danger; lassitude.,,,,008_A_Chinese_and_English_Vocabulary_in_the_Tie-chiu_Dialect,113
lín,Lin 2,,,輦,,The emperor's carriage; any carriage; to roll.,,,,008_A_Chinese_and_English_Vocabulary_in_the_Tie-chiu_Dialect,113
lî,Li -1,,,罹,,Mournful; sorry; to occur; meet with;,,,,008_A_Chinese_and_English_Vocabulary_in_the_Tie-chiu_Dialect,110
lî,Li -1,,,璃,,Glass; a shining appearance; a vitreous glaze.,,,,008_A_Chinese_and_English_Vocabulary_in_the_Tie-chiu_Dialect,110
lî,Li -1,,,離,,To separate from; to leave; to divide; apart; distant.,,,,008_A_Chinese_and_English_Vocabulary_in_the_Tie-chiu_Dialect,110
lî,Li -1,,,籬,,A fence of bamboo; a hedge; to keep off.,,,,008_A_Chinese_and_English_Vocabulary_in_the_Tie-chiu_Dialect,110
lî,Li -1,,,魑,,"A malevolent, diabolical spirit; fairy; elf.",,,,008_A_Chinese_and_English_Vocabulary_in_the_Tie-chiu_Dialect,110
lî,Li -1,,,厘,,A kind of market place; shops; a small coin.,,,,008_A_Chinese_and_English_Vocabulary_in_the_Tie-chiu_Dialect,110
lî,Li -1,,,哩,,A tone at the close of a sentence.,,,,008_A_Chinese_and_English_Vocabulary_in_the_Tie-chiu_Dialect,110
lî,Li -1,,,娌,,A name by which brother's wives designate each other.,,,,008_A_Chinese_and_English_Vocabulary_in_the_Tie-chiu_Dialect,110
lî,Li -1,,,狸,,A fox; wildcat.,,,,008_A_Chinese_and_English_Vocabulary_in_the_Tie-chiu_Dialect,110
lî,Li -1,,,黎,,"Glue; paste; black; black-haired, as young men.",,,,008_A_Chinese_and_English_Vocabulary_in_the_Tie-chiu_Dialect,110
lî,Li -1,,,莉,,A certain plant; a stem or branch.,,,,008_A_Chinese_and_English_Vocabulary_in_the_Tie-chiu_Dialect,110
lî,Li -1,,,氂,,A small coin; cash; to regulate; govern.,,,,008_A_Chinese_and_English_Vocabulary_in_the_Tie-chiu_Dialect,110
lî,Li -1,,,釐,,A small coin; cash; to regulate; govern.,,,,008_A_Chinese_and_English_Vocabulary_in_the_Tie-chiu_Dialect,110
lî,Li -1,,,鸝,,Name of a large; beautiful bird.,,,,008_A_Chinese_and_English_Vocabulary_in_the_Tie-chiu_Dialect,110
lîm,Lim -1,,,臨,,To superintend; descend; come to; to commence.,,,,008_A_Chinese_and_English_Vocabulary_in_the_Tie-chiu_Dialect,113
lîm,Lim -1,,,林,,A grove; a forest; luxuriant.,,,,008_A_Chinese_and_English_Vocabulary_in_the_Tie-chiu_Dialect,113
lîm,Lim -1,,,淋,,Water dripping or falling; to wet or soak; to drench.,,,,008_A_Chinese_and_English_Vocabulary_in_the_Tie-chiu_Dialect,113
lîm,Lim -1,,,琳,,Name of a stone.,,,,008_A_Chinese_and_English_Vocabulary_in_the_Tie-chiu_Dialect,113
lîm,Lim -1,,,痲,,A stoppage of the urine; gravel.,,,,008_A_Chinese_and_English_Vocabulary_in_the_Tie-chiu_Dialect,113
lîm,Lim -1,,,霖,,"Long continued, incessant rains; abundant.",,,,008_A_Chinese_and_English_Vocabulary_in_the_Tie-chiu_Dialect,113
lîn,Lin -1,,,隣,,A neighborhood; near neighbors.,,,,008_A_Chinese_and_English_Vocabulary_in_the_Tie-chiu_Dialect,113
lîn,Lin -1,,,麟,,A fabled animal said to appear when sages are born.,,,,008_A_Chinese_and_English_Vocabulary_in_the_Tie-chiu_Dialect,113
lòu,Lo 3-,,,露,,To disclose; divulge; come to light.,,,,008_A_Chinese_and_English_Vocabulary_in_the_Tie-chiu_Dialect,115
ló,Ló 2,,,裸,,Naked; an inn.,,,,008_A_Chinese_and_English_Vocabulary_in_the_Tie-chiu_Dialect,115
ló,Ló 2,,,顆,,"A small bead; a numeral of beads, gems &c.",,,,008_A_Chinese_and_English_Vocabulary_in_the_Tie-chiu_Dialect,115
ló,Ló 2,,,惱,,Something that vexes or disturbs; indignation.,,,,008_A_Chinese_and_English_Vocabulary_in_the_Tie-chiu_Dialect,115
ló,Ló 2,,,瑙,,Carnelian stone.,,,,008_A_Chinese_and_English_Vocabulary_in_the_Tie-chiu_Dialect,115
ló,Ló 2,,,裹,,To wrap up; bandaged; bundled up.,,,,008_A_Chinese_and_English_Vocabulary_in_the_Tie-chiu_Dialect,115
ló,Ló 2,,,腦,,"Marrow, brains.",,,,008_A_Chinese_and_English_Vocabulary_in_the_Tie-chiu_Dialect,115
lói,Loi 2,,,禮,,Ceremony; rite; propriety; decorum; what is becoming.,,,,008_A_Chinese_and_English_Vocabulary_in_the_Tie-chiu_Dialect,115
lóng,Long 2,,,壟,,A grave; tomb; a high place in the midst of a field.,,,,008_A_Chinese_and_English_Vocabulary_in_the_Tie-chiu_Dialect,116
lóng,Long 2,,,攏,,To grasp; seize; use effort to effect some end; to work.,,,,008_A_Chinese_and_English_Vocabulary_in_the_Tie-chiu_Dialect,116
lóng,Long 2,,,隴,,A large natural b ank; a dike between two fields.,,,,008_A_Chinese_and_English_Vocabulary_in_the_Tie-chiu_Dialect,116
lóng,Long 2,,,竉,,An aperture; a hole; a den.,,,,008_A_Chinese_and_English_Vocabulary_in_the_Tie-chiu_Dialect,116
lô,Ló -1,,,罹,,Mournful; sorry; to occur; meet with.,,,,008_A_Chinese_and_English_Vocabulary_in_the_Tie-chiu_Dialect,115
lô,Ló -1,,,羅,,A net for taking birds; a species of silk; to arrange.,,,,008_A_Chinese_and_English_Vocabulary_in_the_Tie-chiu_Dialect,115
lô,Ló -1,,,儸,,Superior ability in the management of affairs.,,,,008_A_Chinese_and_English_Vocabulary_in_the_Tie-chiu_Dialect,115
lô,Ló -1,,,囉,,A tone in singing; prattle of a child; troublesome.,,,,008_A_Chinese_and_English_Vocabulary_in_the_Tie-chiu_Dialect,115
lô,Ló -1,,,蘿,,Creeping vines which entwine old trees.,,,,008_A_Chinese_and_English_Vocabulary_in_the_Tie-chiu_Dialect,115
lô,Ló -1,,,鑼,,A gong.,,,,008_A_Chinese_and_English_Vocabulary_in_the_Tie-chiu_Dialect,115
lô,Ló -1,,,螺,,A shellfish of the spiral form; a pearly snail.,,,,008_A_Chinese_and_English_Vocabulary_in_the_Tie-chiu_Dialect,115
lô,Ló -1,,,騾,,A mule.,,,,008_A_Chinese_and_English_Vocabulary_in_the_Tie-chiu_Dialect,115
lôi,Loi -1,,,犂,,To plough; a plough.,,,,008_A_Chinese_and_English_Vocabulary_in_the_Tie-chiu_Dialect,115
lông,Long -1,,,農,,To cultivate the ground; to plant; sow; agriculture.,,,,008_A_Chinese_and_English_Vocabulary_in_the_Tie-chiu_Dialect,116
lông,Long -1,,,儂,,I; me; he; him.,,,,008_A_Chinese_and_English_Vocabulary_in_the_Tie-chiu_Dialect,116
lông,Long -1,,,濃,,A thick liquid; rich; strong.,,,,008_A_Chinese_and_English_Vocabulary_in_the_Tie-chiu_Dialect,116
lông,Long -1,,,醲,,Strong liquor; high flavored wine.,,,,008_A_Chinese_and_English_Vocabulary_in_the_Tie-chiu_Dialect,116
lông,Long -1,,,瓏,,A large precious stone laid on the later when praying for rain.,,,,008_A_Chinese_and_English_Vocabulary_in_the_Tie-chiu_Dialect,116
lông,Long -1,,,朧,,A fat appearance.,,,,008_A_Chinese_and_English_Vocabulary_in_the_Tie-chiu_Dialect,116
lông,Long -1,,,隆,,High and fertile; eminent; abundant; conspicuous.,,,,008_A_Chinese_and_English_Vocabulary_in_the_Tie-chiu_Dialect,116
lông,Long -1,,,鈴,,A bell; a small bell suspended from banners.,,,,008_A_Chinese_and_English_Vocabulary_in_the_Tie-chiu_Dialect,116
lôu,Lo -1,,,盧,,A furnace; a rice vessel; reeds that grow by the river.,,,,008_A_Chinese_and_English_Vocabulary_in_the_Tie-chiu_Dialect,114
lôu,Lo -1,,,爐,,A furnace; stove; fireplace; a censer.,,,,008_A_Chinese_and_English_Vocabulary_in_the_Tie-chiu_Dialect,114
lôu,Lo -1,,,罏,,A vessel for wine.,,,,008_A_Chinese_and_English_Vocabulary_in_the_Tie-chiu_Dialect,114
lôu,Lo -1,,,蘆,,Reeds that grow high on the banks of a river.,,,,008_A_Chinese_and_English_Vocabulary_in_the_Tie-chiu_Dialect,114
lôu,Lo -1,,,鑪,,A furnace; a vase for incense; a wine vessel.,,,,008_A_Chinese_and_English_Vocabulary_in_the_Tie-chiu_Dialect,115
lôu,Lo -1,,,鱸,,Name of a fish.,,,,008_A_Chinese_and_English_Vocabulary_in_the_Tie-chiu_Dialect,115
lõ,Ló -3,,,落,,To fall; let fall; put down; a residence.,,,,008_A_Chinese_and_English_Vocabulary_in_the_Tie-chiu_Dialect,115
lõu,Lo -3,,,陋,,"Low; vulgar; obscure; petty; a narrow, dirty lane.",,,,008_A_Chinese_and_English_Vocabulary_in_the_Tie-chiu_Dialect,115
lùi,Lui 3-,,,類,,A class; species; sort; kind.,,,,008_A_Chinese_and_English_Vocabulary_in_the_Tie-chiu_Dialect,118
lùn,Lun 3-,,,嫩,,Weak; small; fine; delicate; soft; young; good.,,,,008_A_Chinese_and_English_Vocabulary_in_the_Tie-chiu_Dialect,118
lú,Lu 2,,,鹵,,Salt; salt land; natural salt.,,,,008_A_Chinese_and_English_Vocabulary_in_the_Tie-chiu_Dialect,116
lú,Lu 2,,,𢟧,,"A deceived, perturbed mind; a hurried manner.",,,,008_A_Chinese_and_English_Vocabulary_in_the_Tie-chiu_Dialect,116
lú,Lu 2,,,魯,,Blunt; stupid; confused; name of a state.,,,,008_A_Chinese_and_English_Vocabulary_in_the_Tie-chiu_Dialect,116
lú,Lu 2,,,櫓,,A large shield; the large oar or skill in the stern of Chinese boats.,,,,008_A_Chinese_and_English_Vocabulary_in_the_Tie-chiu_Dialect,117
lú,Lu 2,,,屢,,Many times; reiterated; often.,,,,008_A_Chinese_and_English_Vocabulary_in_the_Tie-chiu_Dialect,117
lú,Lu 2,,,縷,,Silk thread; thread.,,,,008_A_Chinese_and_English_Vocabulary_in_the_Tie-chiu_Dialect,117
lúi,Lui 2,,,累,,To heap upon; pile up; bind; involve.,,,,008_A_Chinese_and_English_Vocabulary_in_the_Tie-chiu_Dialect,118
lúi,Lui 2,,,縲,,A black cord; to bind or fasten with a cord.,,,,008_A_Chinese_and_English_Vocabulary_in_the_Tie-chiu_Dialect,118
lúi,Lui 2,,,儡,,To injure; destroy; to injure mutually.,,,,008_A_Chinese_and_English_Vocabulary_in_the_Tie-chiu_Dialect,118
lúi,Lui 2,,,壘,,A military wall; rampart; piled up; hilly.,,,,008_A_Chinese_and_English_Vocabulary_in_the_Tie-chiu_Dialect,118
lúi,Lui 2,,,䉪,,A hand-mill for grinding grain.,,,,008_A_Chinese_and_English_Vocabulary_in_the_Tie-chiu_Dialect,118
lúi,Lui 2,,,纍,,To connect or bind together; concatenate; to implicate.,,,,008_A_Chinese_and_English_Vocabulary_in_the_Tie-chiu_Dialect,118
lúi,Lui 2,,,罍,,A wine vessel with thunder clouds depicted on it.,,,,008_A_Chinese_and_English_Vocabulary_in_the_Tie-chiu_Dialect,118
lúi,Lui 2,,,藟,,Name of a creeping plant.,,,,008_A_Chinese_and_English_Vocabulary_in_the_Tie-chiu_Dialect,118
lúi,Lui 2,,,磊,,A great number of stones or rocks together.,,,,008_A_Chinese_and_English_Vocabulary_in_the_Tie-chiu_Dialect,118
lúi,Lui 2,,,誄,,A eulogy on deceased persons; to eulogize.,,,,008_A_Chinese_and_English_Vocabulary_in_the_Tie-chiu_Dialect,118
lúi,Lui 2,,,蕊,,The central part of a flower; pistils; suspicious.,,,,008_A_Chinese_and_English_Vocabulary_in_the_Tie-chiu_Dialect,118
lû,Lu -1,,,虜,,To take alive; take captive as prisoners of war.,,,,008_A_Chinese_and_English_Vocabulary_in_the_Tie-chiu_Dialect,116
lû,Lu -1,,,擄,,To take captive; seize; plunder.,,,,008_A_Chinese_and_English_Vocabulary_in_the_Tie-chiu_Dialect,116
lû,Lu -1,,,廬,,A cottage; thatch or matt huts; a temporary lodge.,,,,008_A_Chinese_and_English_Vocabulary_in_the_Tie-chiu_Dialect,116
lû,Lu -1,,,𤬛,,A species of gourd.,,,,008_A_Chinese_and_English_Vocabulary_in_the_Tie-chiu_Dialect,116
lû,Lu -1,,,蘆,,Name of a medicinal plant.,,,,008_A_Chinese_and_English_Vocabulary_in_the_Tie-chiu_Dialect,116
lû,Lu -1,,,顱,,The head; forehead; skull.,,,,008_A_Chinese_and_English_Vocabulary_in_the_Tie-chiu_Dialect,116
lû,Lu -1,,,艫,,A certain kind of boat; the end of a boat.,,,,008_A_Chinese_and_English_Vocabulary_in_the_Tie-chiu_Dialect,116
lû,Lu -1,,,婁,,An excessive number; many; stupid; simple.,,,,008_A_Chinese_and_English_Vocabulary_in_the_Tie-chiu_Dialect,116
lû,Lu -1,,,僂,,Curved; distorted; to bend.,,,,008_A_Chinese_and_English_Vocabulary_in_the_Tie-chiu_Dialect,116
lû,Lu -1,,,摟,,To draw; drag; pull; embrace.,,,,008_A_Chinese_and_English_Vocabulary_in_the_Tie-chiu_Dialect,116
lû,Lu -1,,,㺏,,A sow; female swine.,,,,008_A_Chinese_and_English_Vocabulary_in_the_Tie-chiu_Dialect,116
lû,Lu -1,,,鏤,,Hard iron or steel; to engrave; carve.,,,,008_A_Chinese_and_English_Vocabulary_in_the_Tie-chiu_Dialect,116
lû,Lu -1,,,髏,,The bones of the head; the calvaria.,,,,008_A_Chinese_and_English_Vocabulary_in_the_Tie-chiu_Dialect,116
lûa,Lua -1,,,籮,,A bamboo utensils for carrying things across the shoulders.,,,,008_A_Chinese_and_English_Vocabulary_in_the_Tie-chiu_Dialect,117
lûi,Lui -1,,,雷,,Thunder; a great noise; to echo.,,,,008_A_Chinese_and_English_Vocabulary_in_the_Tie-chiu_Dialect,118
lûi,Lui -1,,,擂,,To rub or grind; to pound in a mortar.,,,,008_A_Chinese_and_English_Vocabulary_in_the_Tie-chiu_Dialect,118
lûi,Lui -1,,,羸,,Lean; thin; meagre; emaciated.,,,,008_A_Chinese_and_English_Vocabulary_in_the_Tie-chiu_Dialect,118
lûn,Lun -1,,,侖,,To roll; think; arrange; spherical.,,,,008_A_Chinese_and_English_Vocabulary_in_the_Tie-chiu_Dialect,118
lûn,Lun -1,,,倫,,Constant; regular; species; kindred; right and proper.,,,,008_A_Chinese_and_English_Vocabulary_in_the_Tie-chiu_Dialect,118
lûn,Lun -1,,,圇,,Round; complete.,,,,008_A_Chinese_and_English_Vocabulary_in_the_Tie-chiu_Dialect,118
lûn,Lun -1,,,崙,,Name of mountains in central Asia.,,,,008_A_Chinese_and_English_Vocabulary_in_the_Tie-chiu_Dialect,118
lûn,Lun -1,,,淪,,Circular ripples on water; a whirlpool; to perish; hell.,,,,008_A_Chinese_and_English_Vocabulary_in_the_Tie-chiu_Dialect,118
lûn,Lun -1,,,綸,,To wind silk; to compare; classify and adjust; to sort.,,,,008_A_Chinese_and_English_Vocabulary_in_the_Tie-chiu_Dialect,118
lûn,Lun -1,,,輪,,A wheel; large; great; to revolve; north and south.,,,,008_A_Chinese_and_English_Vocabulary_in_the_Tie-chiu_Dialect,118
lāi,Lai 3,,,俐,,"Clever, ingenious.",,,,008_A_Chinese_and_English_Vocabulary_in_the_Tie-chiu_Dialect,107
lāu,Lau 3,,,漏,,To leak; let out; lose; omit; a retired place; to instil.,,,,008_A_Chinese_and_English_Vocabulary_in_the_Tie-chiu_Dialect,109
lāu,Lau 3,,,閙,,Noise; tumult; bustle; to bustle about; business.,,,,008_A_Chinese_and_English_Vocabulary_in_the_Tie-chiu_Dialect,109
lĩ,Li -3,,,詈,,To implicate or blame others; to speak against.,,,,008_A_Chinese_and_English_Vocabulary_in_the_Tie-chiu_Dialect,111
lĩ,Li -3,,,利,,Profit; profitable; gain; interest; sharp; felicitous.,,,,008_A_Chinese_and_English_Vocabulary_in_the_Tie-chiu_Dialect,111
lĩ,Li -3,,,唎,,Sound; voice; noise.,,,,008_A_Chinese_and_English_Vocabulary_in_the_Tie-chiu_Dialect,111
lĩ,Li -3,,,痢,,Dysentery; flux.,,,,008_A_Chinese_and_English_Vocabulary_in_the_Tie-chiu_Dialect,111
lĩ,Li -3,,,荔,,A fragrant plant; a fruit; a rush fit for making brooms.,,,,008_A_Chinese_and_English_Vocabulary_in_the_Tie-chiu_Dialect,111
lĩ,Li -3,,,漦,,Uninterrupted flow of water; name of a river.,,,,008_A_Chinese_and_English_Vocabulary_in_the_Tie-chiu_Dialect,111
lĩ,Li -3,,,涖,,Water running down; to descend; to go; to supervise.,,,,008_A_Chinese_and_English_Vocabulary_in_the_Tie-chiu_Dialect,111
lĩ,Li -3,,,麗,,Good; elegant; graceful; muniticent; bright.,,,,008_A_Chinese_and_English_Vocabulary_in_the_Tie-chiu_Dialect,111
lĩ,Li -3,,,儷,,Together with; a pair; couple; conjugal union.,,,,008_A_Chinese_and_English_Vocabulary_in_the_Tie-chiu_Dialect,111
lĩ,Li -3,,,灑,,To sprinkle water; to wash; to scatter; disperse.,,,,008_A_Chinese_and_English_Vocabulary_in_the_Tie-chiu_Dialect,111
lĩ,Li -3,,,釃,,To filter wine from the dregs; to separate.,,,,008_A_Chinese_and_English_Vocabulary_in_the_Tie-chiu_Dialect,111
lĩ,Li -3,,,厲,,Severe; violent; rapid; excessive; cruel; to excite.,,,,008_A_Chinese_and_English_Vocabulary_in_the_Tie-chiu_Dialect,111
lĩ,Li -3,,,勵,,To exert one's self; stimulate; rouse and encourage.,,,,008_A_Chinese_and_English_Vocabulary_in_the_Tie-chiu_Dialect,111
lĩ,Li -3,,,癘,,A virulent sore; pestilence; noxious effluvia; to urge.,,,,008_A_Chinese_and_English_Vocabulary_in_the_Tie-chiu_Dialect,111
lĩ,Li -3,,,礪,,A grindstone; whetstone.,,,,008_A_Chinese_and_English_Vocabulary_in_the_Tie-chiu_Dialect,111
lĩ,Li -3,,,糲,,Coarse; rice not cleansed.,,,,008_A_Chinese_and_English_Vocabulary_in_the_Tie-chiu_Dialect,111
lōu,Lo 3,,,路,,A path; road; passage; means; opportunity; way.,,,,008_A_Chinese_and_English_Vocabulary_in_the_Tie-chiu_Dialect,115
lōu,Lo 3,,,露,,"Dew, vapors in the night; genial dews.",,,,008_A_Chinese_and_English_Vocabulary_in_the_Tie-chiu_Dialect,115
lũ,Lu -3,,,賂,,To give; to bribe; presents; bribes.,,,,008_A_Chinese_and_English_Vocabulary_in_the_Tie-chiu_Dialect,117
lũ,Lu -3,,,輅,,A carriage; harness; large; great.,,,,008_A_Chinese_and_English_Vocabulary_in_the_Tie-chiu_Dialect,117
lũ,Lu -3,,,鷺,,Name of a white water-bird that flies in groups.,,,,008_A_Chinese_and_English_Vocabulary_in_the_Tie-chiu_Dialect,117
lũi,Lui -3,,,戾,,To stop; bend; crooked; perverse; wicked; to extend to.,,,,008_A_Chinese_and_English_Vocabulary_in_the_Tie-chiu_Dialect,118
lũi,Lui -3,,,淚,,Tears; weeping; to flow rapidly.,,,,008_A_Chinese_and_English_Vocabulary_in_the_Tie-chiu_Dialect,118
lũi,Lui -3,,,纍,,To implicate; involve; injure.,,,,008_A_Chinese_and_English_Vocabulary_in_the_Tie-chiu_Dialect,118
lũi,Lui -3,,,彙,,A hedgehog; porcupine.,,,,008_A_Chinese_and_English_Vocabulary_in_the_Tie-chiu_Dialect,118
lũn,Lun -3,,,論,,To discourse about; discuss; reason; consult.,,,,008_A_Chinese_and_English_Vocabulary_in_the_Tie-chiu_Dialect,118
lṳ̀,Lù 3-,,,鑪,,A heated iron with which to form or shape things.,,,,008_A_Chinese_and_English_Vocabulary_in_the_Tie-chiu_Dialect,117
lṳ́,Lù 2,,,汝,,Thou; thee; you; your.,,,,008_A_Chinese_and_English_Vocabulary_in_the_Tie-chiu_Dialect,117
lṳ́,Lù 2,,,你,,Thou; thee; you; your.,,,,008_A_Chinese_and_English_Vocabulary_in_the_Tie-chiu_Dialect,117
lṳ́,Lù 2,,,爾,,Thou; thee; a euphonic and emphatic particle; a response.,,,,008_A_Chinese_and_English_Vocabulary_in_the_Tie-chiu_Dialect,117
lṳ̂,Lù -1,,,攄,,To extend; expand; open; spread out; to determine.,,,,008_A_Chinese_and_English_Vocabulary_in_the_Tie-chiu_Dialect,117
lṳ̂,Lù -1,,,驢,,A mule; an ass.,,,,008_A_Chinese_and_English_Vocabulary_in_the_Tie-chiu_Dialect,117
lṳ̃,Lù -3,,,呂,,The spine; notes in music.,,,,008_A_Chinese_and_English_Vocabulary_in_the_Tie-chiu_Dialect,117
lṳ̃,Lù -3,,,侶,,An associate; companion; fellow.,,,,008_A_Chinese_and_English_Vocabulary_in_the_Tie-chiu_Dialect,117
lṳ̃,Lù -3,,,閭,,Gate of a village; a village of 25 families.,,,,008_A_Chinese_and_English_Vocabulary_in_the_Tie-chiu_Dialect,117
lṳ̃,Lù -3,,,慮,,To think on with desire; expectation or anxiety; concern; to devise; suspicion.,,,,008_A_Chinese_and_English_Vocabulary_in_the_Tie-chiu_Dialect,117
lṳ̃,Lù -3,,,濾,,"Water; to wash, cleanse, purify; pure; to filtrate.",,,,008_A_Chinese_and_English_Vocabulary_in_the_Tie-chiu_Dialect,117
lẽng,Leng -3,,,令,,To order; warn; to cause; a law; rule; excellent; your.,,,,008_A_Chinese_and_English_Vocabulary_in_the_Tie-chiu_Dialect,110
lẽng,Leng -3,,,伶,,Alone; to play; act the buffoon; to employ; be employed.,,,,008_A_Chinese_and_English_Vocabulary_in_the_Tie-chiu_Dialect,110
lẽng,Leng -3,,,聆,,To listen to; yield obedience.,,,,008_A_Chinese_and_English_Vocabulary_in_the_Tie-chiu_Dialect,110
lẽng,Leng -3,,,苓,,Name of a medicinal plant.,,,,008_A_Chinese_and_English_Vocabulary_in_the_Tie-chiu_Dialect,110
lẽng,Leng -3,,,佞,,Talents; insinuating address; artful language; flattering.,,,,008_A_Chinese_and_English_Vocabulary_in_the_Tie-chiu_Dialect,110
ma̍k,Mák -4,,,目,,The eye; that which directs; an index; list; summary.,,,,008_A_Chinese_and_English_Vocabulary_in_the_Tie-chiu_Dialect,119
ma̍k,Mák -4,,,苜,,A kind of grass to feed cattle.,,,,008_A_Chinese_and_English_Vocabulary_in_the_Tie-chiu_Dialect,119
me̍h,Me -4,,,脉,,A vein; the pulse; current of blood.,,,,008_A_Chinese_and_English_Vocabulary_in_the_Tie-chiu_Dialect,120
me̍h,Me -4,,,咩,,The voice of a sheep.,,,,008_A_Chinese_and_English_Vocabulary_in_the_Tie-chiu_Dialect,120
me̍k,Mek -4,,,貊,,A northern tribe of barbarians; quiet; fixed.,,,,008_A_Chinese_and_English_Vocabulary_in_the_Tie-chiu_Dialect,120
me̍k,Mek -4,,,陌,,A raised path between fields; a street; road.,,,,008_A_Chinese_and_English_Vocabulary_in_the_Tie-chiu_Dialect,120
me̍k,Mek -4,,,嘿,,Quiet; silent; still; also disquieted in mind.,,,,008_A_Chinese_and_English_Vocabulary_in_the_Tie-chiu_Dialect,120
me̍k,Mek -4,,,默,,Dark; still; sombre.,,,,008_A_Chinese_and_English_Vocabulary_in_the_Tie-chiu_Dialect,120
me̍k,Mek -4,,,霢,,Small rain that falls without noise.,,,,008_A_Chinese_and_English_Vocabulary_in_the_Tie-chiu_Dialect,120
me̍k,Mek -4,,,驀,,To mount a horse; to leap or pass over.,,,,008_A_Chinese_and_English_Vocabulary_in_the_Tie-chiu_Dialect,120
mih,Mi 4,,,乜,,Which one? what?,,,,008_A_Chinese_and_English_Vocabulary_in_the_Tie-chiu_Dialect,121
mià,Mia 3-,,,命,,Life; what depends on the decree of heaven.,,,,008_A_Chinese_and_English_Vocabulary_in_the_Tie-chiu_Dialect,121
miâ,Mia -1,,,名,,Name; reputation.,,,,008_A_Chinese_and_English_Vocabulary_in_the_Tie-chiu_Dialect,121
mién,Mien 2,,,閔,,Mourners; grief; disease caused by grief; exertion.,,,,008_A_Chinese_and_English_Vocabulary_in_the_Tie-chiu_Dialect,121
mién,Mien 2,,,憫,,Grief; commiseration; to compassionate; pity.,,,,008_A_Chinese_and_English_Vocabulary_in_the_Tie-chiu_Dialect,121
mién,Mien 2,,,黽,,To strive; to force one's self; to constrain.,,,,008_A_Chinese_and_English_Vocabulary_in_the_Tie-chiu_Dialect,121
mién,Mien 2,,,免,,To dispense with; prevent; avoid; put away.,,,,008_A_Chinese_and_English_Vocabulary_in_the_Tie-chiu_Dialect,121
mién,Mien 2,,,勉,,To endeavor; use effort; to force one's self to do; to persuade; stimulate.,,,,008_A_Chinese_and_English_Vocabulary_in_the_Tie-chiu_Dialect,122
mién,Mien 2,,,娩,,To bring forth offspring; parturition.,,,,008_A_Chinese_and_English_Vocabulary_in_the_Tie-chiu_Dialect,122
mién,Mien 2,,,㝃,,To bring forth offspring; parturition.,,,,008_A_Chinese_and_English_Vocabulary_in_the_Tie-chiu_Dialect,122
mién,Mien 2,,,晚,,A crown.,,,,008_A_Chinese_and_English_Vocabulary_in_the_Tie-chiu_Dialect,122
mién,Mien 2,,,浼,,An extensive sheet of water; exhausted; destroyed.,,,,008_A_Chinese_and_English_Vocabulary_in_the_Tie-chiu_Dialect,122
mién,Mien 2,,,敏,,Clearness and quickness of perception; respectful.,,,,008_A_Chinese_and_English_Vocabulary_in_the_Tie-chiu_Dialect,122
miên,Mien -1,,,綿,,Uninterrupted continuation; remote; enduring.,,,,008_A_Chinese_and_English_Vocabulary_in_the_Tie-chiu_Dialect,121
miên,Mien -1,,,勔,,To endeavor; to encourage; stimulate.,,,,008_A_Chinese_and_English_Vocabulary_in_the_Tie-chiu_Dialect,121
miên,Mien -1,,,緬,,Fine silk; remote; absent; to think over and over.,,,,008_A_Chinese_and_English_Vocabulary_in_the_Tie-chiu_Dialect,121
mióu,Mio 2,,,杪,,The highest point of a tree; tips of the branches/,,,,008_A_Chinese_and_English_Vocabulary_in_the_Tie-chiu_Dialect,122
mióu,Mio 2,,,渺,,White; glittering; vast; indistinct.,,,,008_A_Chinese_and_English_Vocabulary_in_the_Tie-chiu_Dialect,122
mióu,Mio 2,,,緲,,Fine flowing; applied to style.,,,,008_A_Chinese_and_English_Vocabulary_in_the_Tie-chiu_Dialect,122
mióu,Mio 2,,,藐,,Small; to esteem small; despise; contemptuous.,,,,008_A_Chinese_and_English_Vocabulary_in_the_Tie-chiu_Dialect,122
mióu,Mio 2,,,邈,,Remote; to look at in a distant manner; contempt.,,,,008_A_Chinese_and_English_Vocabulary_in_the_Tie-chiu_Dialect,122
mióu,Mio 2,,,杳,,Distant; obscure; profound; setting sun.,,,,008_A_Chinese_and_English_Vocabulary_in_the_Tie-chiu_Dialect,122
miôu,Mio -1,,,玅,,Small; minute; abstruse.,,,,008_A_Chinese_and_English_Vocabulary_in_the_Tie-chiu_Dialect,122
miôu,Mio -1,,,藟,,The first budding forth of a plant; sprouts; progeny.,,,,008_A_Chinese_and_English_Vocabulary_in_the_Tie-chiu_Dialect,122
miôu,Mio -1,,,錨,,An anchor.,,,,008_A_Chinese_and_English_Vocabulary_in_the_Tie-chiu_Dialect,122
miôu,Mio -1,,,猫,,A cat.,,,,008_A_Chinese_and_English_Vocabulary_in_the_Tie-chiu_Dialect,122
mi̍t,Mit -4,,,烕,,"To consume; destroy, as by fire.",,,,008_A_Chinese_and_English_Vocabulary_in_the_Tie-chiu_Dialect,122
mi̍t,Mit -4,,,滅,,To consume; exterminate; cut off; extinguish.,,,,008_A_Chinese_and_English_Vocabulary_in_the_Tie-chiu_Dialect,122
mi̍t,Mit -4,,,宓,,To stop; rest; repose; stillness; silent; secret.,,,,008_A_Chinese_and_English_Vocabulary_in_the_Tie-chiu_Dialect,122
mi̍t,Mit -4,,,蜜,,Honey; sweet; flattering.,,,,008_A_Chinese_and_English_Vocabulary_in_the_Tie-chiu_Dialect,122
mi̍t,Mit -4,,,陌,,A raised path between two fields; a road.,,,,008_A_Chinese_and_English_Vocabulary_in_the_Tie-chiu_Dialect,122
mi̍t,Mit -4,,,覓,,To search; enquire after; seek for what is not seen.,,,,008_A_Chinese_and_English_Vocabulary_in_the_Tie-chiu_Dialect,122
mn̂g,Mᵘng -1,,,門,,A door; gate; entrance; a family; disciple; sect.,,,,008_A_Chinese_and_English_Vocabulary_in_the_Tie-chiu_Dialect,125
mn̄g,Mᵘng 3,,,問,,To ask; enquire.,,,,008_A_Chinese_and_English_Vocabulary_in_the_Tie-chiu_Dialect,125
mo̍h,Mó -4,,,沫,,Floating sands; desert; a dry; careless manner.,,,,008_A_Chinese_and_English_Vocabulary_in_the_Tie-chiu_Dialect,123
mo̍h,Mó -4,,,膜,,The delicate skin beneath the cuticle; to soothe; to touch delicately.,,,,008_A_Chinese_and_English_Vocabulary_in_the_Tie-chiu_Dialect,123
mo̍k,Mok -4,,,莫,,Not; is not; used to express the highest degree.,,,,008_A_Chinese_and_English_Vocabulary_in_the_Tie-chiu_Dialect,123
mo̍k,Mok -4,,,寞,,Silence; stillness; quiet.,,,,008_A_Chinese_and_English_Vocabulary_in_the_Tie-chiu_Dialect,123
mo̍k,Mok -4,,,睦,,Cordial; harmonious; kind; attached to.,,,,008_A_Chinese_and_English_Vocabulary_in_the_Tie-chiu_Dialect,123
mo̍k,Mok -4,,,穆,,Pleasing deportment; commanding respect; cordial.,,,,008_A_Chinese_and_English_Vocabulary_in_the_Tie-chiu_Dialect,123
mo̍k,Mok -4,,,繆,,Intimate intercourse; name of bad import applied to persons after death.,,,,008_A_Chinese_and_English_Vocabulary_in_the_Tie-chiu_Dialect,123
mo̍k,Mok -4,,,牧,,A shepherd; to feed; to oversee; take care of.,,,,008_A_Chinese_and_English_Vocabulary_in_the_Tie-chiu_Dialect,123
mo̍k,Mok -4,,,沐,,To wash and oil the hair; wash; to enrich; be enriched.,,,,008_A_Chinese_and_English_Vocabulary_in_the_Tie-chiu_Dialect,123
mo̍k,Mok -4,,,霂,,Small rain that falls without noise.,,,,008_A_Chinese_and_English_Vocabulary_in_the_Tie-chiu_Dialect,123
mua̍t,Muat -4,,,末,,The end; last.,,,,008_A_Chinese_and_English_Vocabulary_in_the_Tie-chiu_Dialect,124
mue,Mue,,,昧,,Dullness of sight; indistinct vision.,,,,008_A_Chinese_and_English_Vocabulary_in_the_Tie-chiu_Dialect,124
mue̍h,Mue -4,,,物,,A thing; anything; an item.,,,,008_A_Chinese_and_English_Vocabulary_in_the_Tie-chiu_Dialect,125
mut,Mut 4,,,囫,,Complete; whole; round; undivided.,,,,008_A_Chinese_and_English_Vocabulary_in_the_Tie-chiu_Dialect,125
mut,Mut 4,,,吻,,The sides of the mouth; the lips.,,,,008_A_Chinese_and_English_Vocabulary_in_the_Tie-chiu_Dialect,125
muãn,Muan -3,,,曼,,A connective particle; and; therefore; vegetation.,,,,008_A_Chinese_and_English_Vocabulary_in_the_Tie-chiu_Dialect,124
muãn,Muan -3,,,嫚,,Remiss; disrespectful; to insult; to defile.,,,,008_A_Chinese_and_English_Vocabulary_in_the_Tie-chiu_Dialect,124
muãn,Muan -3,,,幔,,A kind of curtain; covering or screen.,,,,008_A_Chinese_and_English_Vocabulary_in_the_Tie-chiu_Dialect,124
muãn,Muan -3,,,慢,,Leisurely; easily; remissly; disrespectful; proud.,,,,008_A_Chinese_and_English_Vocabulary_in_the_Tie-chiu_Dialect,124
muãn,Muan -3,,,漫,,Excessive quantity of water; spreading and extending remotely.,,,,008_A_Chinese_and_English_Vocabulary_in_the_Tie-chiu_Dialect,124
muãn,Muan -3,,,蔓,,Plants which creep and spread widely; intricate; extensive.,,,,008_A_Chinese_and_English_Vocabulary_in_the_Tie-chiu_Dialect,124
muãn,Muan -3,,,謾,,To insult; disrespectful; to attempt to deceive.,,,,008_A_Chinese_and_English_Vocabulary_in_the_Tie-chiu_Dialect,124
mu̍t,Mut -4,,,歿,,To terminate; end; die; dead.,,,,008_A_Chinese_and_English_Vocabulary_in_the_Tie-chiu_Dialect,125
mu̍t,Mut -4,,,沒,,To exceed; transgress; to sink; drown; terminate; die; no; not; is not.,,,,008_A_Chinese_and_English_Vocabulary_in_the_Tie-chiu_Dialect,125
mu̍t,Mut -4,,,疫,,Pestilence; plague; distemper.,,,,008_A_Chinese_and_English_Vocabulary_in_the_Tie-chiu_Dialect,125
mài,Mai 3-,,,勿,,A prohibitive or hortative particle; do not.,,,,008_A_Chinese_and_English_Vocabulary_in_the_Tie-chiu_Dialect,119
má,Má 2,,,嗎,,To chatter; talk much; to scold;,,,,008_A_Chinese_and_English_Vocabulary_in_the_Tie-chiu_Dialect,119
má,Má 2,,,媽,,Mother; mamma; female servants and nurses.,,,,008_A_Chinese_and_English_Vocabulary_in_the_Tie-chiu_Dialect,119
má,Má 2,,,瑪,,Carnelian stone; weights used in scales.,,,,008_A_Chinese_and_English_Vocabulary_in_the_Tie-chiu_Dialect,119
má,Má 2,,,碼,,Carnelian stone; weights used in scales.,,,,008_A_Chinese_and_English_Vocabulary_in_the_Tie-chiu_Dialect,119
má,Má 2,,,螞,,A leech; blood-sucker.,,,,008_A_Chinese_and_English_Vocabulary_in_the_Tie-chiu_Dialect,119
mán,Mán 2,,,挽,,To lead; draw; pull; draw back.,,,,008_A_Chinese_and_English_Vocabulary_in_the_Tie-chiu_Dialect,119
máng,Máng 2,,,莽,,Thick brushwood; confused; indistinct; disorderly.,,,,008_A_Chinese_and_English_Vocabulary_in_the_Tie-chiu_Dialect,119
máng,Máng 2,,,𢟨,,Perturbation of mind; suspicion.,,,,008_A_Chinese_and_English_Vocabulary_in_the_Tie-chiu_Dialect,119
máng,Máng 2,,,蟒,,The royal serpent; the largest of the serpent tribe.,,,,008_A_Chinese_and_English_Vocabulary_in_the_Tie-chiu_Dialect,119
máng,Máng 2,,,虻,,A mosquito.,,,,008_A_Chinese_and_English_Vocabulary_in_the_Tie-chiu_Dialect,119
mâi,Mai -1,,,埋,,To inter; bury; secrete; to harbour; lay up.,,,,008_A_Chinese_and_English_Vocabulary_in_the_Tie-chiu_Dialect,119
mân,Mán -1,,,蠻,,Southern barbarians; rude; barbarous.,,,,008_A_Chinese_and_English_Vocabulary_in_the_Tie-chiu_Dialect,119
mân,Mán -1,,,閩,,A species of serpent.,,,,008_A_Chinese_and_English_Vocabulary_in_the_Tie-chiu_Dialect,119
mâng,Máng -1,,,龐,,"A lofty house; a mixed, confused appearance.",,,,008_A_Chinese_and_English_Vocabulary_in_the_Tie-chiu_Dialect,119
mâng,Máng -1,,,忙,,Fluttered; hurried; pressed with business; precipitation.,,,,008_A_Chinese_and_English_Vocabulary_in_the_Tie-chiu_Dialect,119
mâng,Máng -1,,,汒,,Wide; extensive; ocean-like.,,,,008_A_Chinese_and_English_Vocabulary_in_the_Tie-chiu_Dialect,119
mâng,Máng -1,,,芒,,Sharp beard or point of grain; a sharp point.,,,,008_A_Chinese_and_English_Vocabulary_in_the_Tie-chiu_Dialect,119
mâng,Máng -1,,,茫,,Vastness; vagueness; incertitude; vast as the ocean.,,,,008_A_Chinese_and_English_Vocabulary_in_the_Tie-chiu_Dialect,119
mâng,Máng -1,,,尨,,Mixed; blended; confused.,,,,008_A_Chinese_and_English_Vocabulary_in_the_Tie-chiu_Dialect,119
mâng,Máng -1,,,厖,,Large; abundant; affluent; a large rock.,,,,008_A_Chinese_and_English_Vocabulary_in_the_Tie-chiu_Dialect,119
mâng,Máng -1,,,哤,,Confusion from diversity of language or dialect.,,,,008_A_Chinese_and_English_Vocabulary_in_the_Tie-chiu_Dialect,119
mâu,Mau -1,,,矛,,A kind of sword or spear.,,,,008_A_Chinese_and_English_Vocabulary_in_the_Tie-chiu_Dialect,120
mâu,Mau -1,,,茅,,Reeds and rushes that grow high.,,,,008_A_Chinese_and_English_Vocabulary_in_the_Tie-chiu_Dialect,120
mâu,Mau -1,,,𧍟,,An insect that devours grain and the roots of plants.,,,,008_A_Chinese_and_English_Vocabulary_in_the_Tie-chiu_Dialect,120
mâu,Mau -1,,,眊,,A dull eye; dull; stupid; drunk; old.,,,,008_A_Chinese_and_English_Vocabulary_in_the_Tie-chiu_Dialect,120
mâu,Mau -1,,,旄,,A kind of banner; a cow's tail used to make signals.,,,,008_A_Chinese_and_English_Vocabulary_in_the_Tie-chiu_Dialect,120
mâu,Mau -1,,,耄,,Thirty years of age; old.,,,,008_A_Chinese_and_English_Vocabulary_in_the_Tie-chiu_Dialect,120
mâu,Mau -1,,,髦,,Hair of the head hanging down; make of a horse; a locust.,,,,008_A_Chinese_and_English_Vocabulary_in_the_Tie-chiu_Dialect,120
mãi,Mai -3,,,邁,,To travel remotely; exceed; to rise supereminent.,,,,008_A_Chinese_and_English_Vocabulary_in_the_Tie-chiu_Dialect,119
mãng,Máng -3,,,網,,A net.,,,,008_A_Chinese_and_English_Vocabulary_in_the_Tie-chiu_Dialect,119
mãu,Mau -3,,,冒,,To advance blindfold; rush on heedless of consequences.,,,,008_A_Chinese_and_English_Vocabulary_in_the_Tie-chiu_Dialect,120
mãu,Mau -3,,,𡝭,,Envious; to dislike; envy.,,,,008_A_Chinese_and_English_Vocabulary_in_the_Tie-chiu_Dialect,120
mãu,Mau -3,,,𢛡,,Inordinate desire; covetous.,,,,008_A_Chinese_and_English_Vocabulary_in_the_Tie-chiu_Dialect,120
mãu,Mau -3,,,貌,,External appearance; the air; manner; visage.,,,,008_A_Chinese_and_English_Vocabulary_in_the_Tie-chiu_Dialect,120
mè,Me 3-,,,罵,,To revile; rail at; scold; reprove.,,,,008_A_Chinese_and_English_Vocabulary_in_the_Tie-chiu_Dialect,120
mé,Me 2,,,猛,,Violent; fierce; quick; hasty; impatient.,,,,008_A_Chinese_and_English_Vocabulary_in_the_Tie-chiu_Dialect,120
mé,Me 2,,,蜢,,A species of locust; a kind of light boat.,,,,008_A_Chinese_and_English_Vocabulary_in_the_Tie-chiu_Dialect,120
méng,Meng 2,,,皿,,Crockery and earthen ware; a vessel.,,,,008_A_Chinese_and_English_Vocabulary_in_the_Tie-chiu_Dialect,121
mêng,Meng -1,,,明,,Clearness; brightness; clear; intelligent; to shed light on.,,,,008_A_Chinese_and_English_Vocabulary_in_the_Tie-chiu_Dialect,120
mêng,Meng -1,,,盟,,An oath; imprecation; to bind one's self with an oath.,,,,008_A_Chinese_and_English_Vocabulary_in_the_Tie-chiu_Dialect,120
mêng,Meng -1,,,萌,,To bud forth; spring up.,,,,008_A_Chinese_and_English_Vocabulary_in_the_Tie-chiu_Dialect,120
mêng,Meng -1,,,茗,,The buds of the tea plant; tea; strong wine.,,,,008_A_Chinese_and_English_Vocabulary_in_the_Tie-chiu_Dialect,120
mêng,Meng -1,,,酩,,A drink prepared from wheat or other grain.,,,,008_A_Chinese_and_English_Vocabulary_in_the_Tie-chiu_Dialect,120
mêng,Meng -1,,,銘,,To remember; cause to remember; record; engrave.,,,,008_A_Chinese_and_English_Vocabulary_in_the_Tie-chiu_Dialect,120
mêng,Meng -1,,,冥,,Obscure; gloomy; a silent recess; hades; darkness of mind.,,,,008_A_Chinese_and_English_Vocabulary_in_the_Tie-chiu_Dialect,120
mêng,Meng -1,,,暝,,Dull; obscure; the shades of night.,,,,008_A_Chinese_and_English_Vocabulary_in_the_Tie-chiu_Dialect,120
mêng,Meng -1,,,溟,,A drizzling rain; cloudy vapors; immense waters.,,,,008_A_Chinese_and_English_Vocabulary_in_the_Tie-chiu_Dialect,121
mêng,Meng -1,,,瞑,,To shut the eyes; dullness of sight.,,,,008_A_Chinese_and_English_Vocabulary_in_the_Tie-chiu_Dialect,121
mêng,Meng -1,,,蓂,,Name of a fortunate plant.,,,,008_A_Chinese_and_English_Vocabulary_in_the_Tie-chiu_Dialect,121
mêng,Meng -1,,,盲,,Blind; precipitate.,,,,008_A_Chinese_and_English_Vocabulary_in_the_Tie-chiu_Dialect,121
mêng,Meng -1,,,鳴,,"The note or voice of a bird; any sound, as of a bell, an insect.",,,,008_A_Chinese_and_English_Vocabulary_in_the_Tie-chiu_Dialect,121
mìn,Min 3-,,,面,,The face; face to face; front; towards.,,,,008_A_Chinese_and_English_Vocabulary_in_the_Tie-chiu_Dialect,122
mí,Mi 2,,,靡,,Not; not having; not being; slowly; to stop; wasteful; prostate.,,,,008_A_Chinese_and_English_Vocabulary_in_the_Tie-chiu_Dialect,121
mí,Mi 2,,,縻,,A halter for a cow; to conduct or fasten; lead or drag.,,,,008_A_Chinese_and_English_Vocabulary_in_the_Tie-chiu_Dialect,121
mí,Mi 2,,,亹,,Exertion; unwearied.,,,,008_A_Chinese_and_English_Vocabulary_in_the_Tie-chiu_Dialect,121
mî,Mi -1,,,迷,,"Deceived; tempted; let astray; a blind, stupid attachment to; to deceive.",,,,008_A_Chinese_and_English_Vocabulary_in_the_Tie-chiu_Dialect,121
mî,Mi -1,,,瞇,,Dullness or obscurity of vision; badness of sight.,,,,008_A_Chinese_and_English_Vocabulary_in_the_Tie-chiu_Dialect,121
mî,Mi -1,,,麋,,A large species of deer; a buffalo; water plants.,,,,008_A_Chinese_and_English_Vocabulary_in_the_Tie-chiu_Dialect,121
mî,Mi -1,,,糜,,Rice boiled to gruel; to destroy entirely; soft; rotten.,,,,008_A_Chinese_and_English_Vocabulary_in_the_Tie-chiu_Dialect,121
mî,Mi -1,,,㸏,,Boiled to pieces; destroyed; torn; oppressed.,,,,008_A_Chinese_and_English_Vocabulary_in_the_Tie-chiu_Dialect,121
mî,Mi -1,,,棉,,Name of a tree; the Bombax Pentandrum; Cotton.,,,,008_A_Chinese_and_English_Vocabulary_in_the_Tie-chiu_Dialect,121
mîn,Min -1,,,民,,A people; the common people.,,,,008_A_Chinese_and_English_Vocabulary_in_the_Tie-chiu_Dialect,122
mîn,Min -1,,,泯,,To destroy; drown; perish.,,,,008_A_Chinese_and_English_Vocabulary_in_the_Tie-chiu_Dialect,122
mîn,Min -1,,,眠,,To shut the eyes; confused; bewildered.,,,,008_A_Chinese_and_English_Vocabulary_in_the_Tie-chiu_Dialect,122
mîn,Min -1,,,緡,,A fish line; a line or cord; a string of coin.,,,,008_A_Chinese_and_English_Vocabulary_in_the_Tie-chiu_Dialect,122
mîn,Min -1,,,氓,,People who leave their own country and become naturalized to another.,,,,008_A_Chinese_and_English_Vocabulary_in_the_Tie-chiu_Dialect,122
mò,Mó 3-,,,望,,To expect; hope; look for.,,,,008_A_Chinese_and_English_Vocabulary_in_the_Tie-chiu_Dialect,123
mòuⁿ,Mⁿo 3-,,,貿,,To barter; trade; buy and sell.,,,,008_A_Chinese_and_English_Vocabulary_in_the_Tie-chiu_Dialect,123
mó,Mó 2,,,麼,,An interrogative particle.,,,,008_A_Chinese_and_English_Vocabulary_in_the_Tie-chiu_Dialect,123
móng,Mong 2,,,某,,Used instead of the name of person or thing; I.,,,,008_A_Chinese_and_English_Vocabulary_in_the_Tie-chiu_Dialect,124
móuⁿ,Mⁿo 2,,,丘,,The name of Confucius.,,,,008_A_Chinese_and_English_Vocabulary_in_the_Tie-chiu_Dialect,123
móuⁿ,Mⁿo 2,,,牡,,The male of animals.,,,,008_A_Chinese_and_English_Vocabulary_in_the_Tie-chiu_Dialect,123
móuⁿ,Mⁿo 2,,,牳,,A cow; the female of cattle.,,,,008_A_Chinese_and_English_Vocabulary_in_the_Tie-chiu_Dialect,123
mô,Mó -1,,,痲,,A cutaneous disease; measles; leprosy.,,,,008_A_Chinese_and_English_Vocabulary_in_the_Tie-chiu_Dialect,123
mô,Mó -1,,,摩,,To touch; rub; grind; to press; urge; destroy.,,,,008_A_Chinese_and_English_Vocabulary_in_the_Tie-chiu_Dialect,123
mô,Mó -1,,,魔,,Devils; demons supposed to inflict men.,,,,008_A_Chinese_and_English_Vocabulary_in_the_Tie-chiu_Dialect,123
mô,Mó -1,,,毛,,Hair.,,,,008_A_Chinese_and_English_Vocabulary_in_the_Tie-chiu_Dialect,123
mô,Mó -1,,,模,,A pattern or mould; the form; manner or figure of.,,,,008_A_Chinese_and_English_Vocabulary_in_the_Tie-chiu_Dialect,123
mô,Mó -1,,,蟆,,A frog.,,,,008_A_Chinese_and_English_Vocabulary_in_the_Tie-chiu_Dialect,123
mô,Mó -1,,,謨,,Plans fully matured; to devise; instruct.,,,,008_A_Chinese_and_English_Vocabulary_in_the_Tie-chiu_Dialect,123
mông,Mong -1,,,蒙,,Dullness of perception; rash; rudely; to receive with gratitude; obtain; thanks.,,,,008_A_Chinese_and_English_Vocabulary_in_the_Tie-chiu_Dialect,123
mông,Mong -1,,,幪,,To cover over; shelter; a screen; abundant.,,,,008_A_Chinese_and_English_Vocabulary_in_the_Tie-chiu_Dialect,123
mông,Mong -1,,,懞,,Blind; stupid.,,,,008_A_Chinese_and_English_Vocabulary_in_the_Tie-chiu_Dialect,123
mông,Mong -1,,,曚,,The sun obscured by vapors; dull perception.,,,,008_A_Chinese_and_English_Vocabulary_in_the_Tie-chiu_Dialect,123
mông,Mong -1,,,濛,,Drizzling rain; thick; foggy.,,,,008_A_Chinese_and_English_Vocabulary_in_the_Tie-chiu_Dialect,124
mông,Mong -1,,,矇,,Dull; obscure; blind; ignorant.,,,,008_A_Chinese_and_English_Vocabulary_in_the_Tie-chiu_Dialect,124
mông,Mong -1,,,朦,,Fleshy; big; obscure; to obscure.,,,,008_A_Chinese_and_English_Vocabulary_in_the_Tie-chiu_Dialect,124
mông,Mong -1,,,艨,,A long narrow species of war junk.,,,,008_A_Chinese_and_English_Vocabulary_in_the_Tie-chiu_Dialect,124
mông,Mong -1,,,靀,,Small; drizzling rain.,,,,008_A_Chinese_and_English_Vocabulary_in_the_Tie-chiu_Dialect,124
mông,Mong -1,,,摸,,To seek by feeling with the hand; to feel; grasp.,,,,008_A_Chinese_and_English_Vocabulary_in_the_Tie-chiu_Dialect,124
mông,Mong -1,,,謀,,To deliberate; devise; contrive; consult; provide.,,,,008_A_Chinese_and_English_Vocabulary_in_the_Tie-chiu_Dialect,124
môuⁿ,Mⁿo -1,,,牟,,To advance; encroach upon; invade; seize.,,,,008_A_Chinese_and_English_Vocabulary_in_the_Tie-chiu_Dialect,122
môuⁿ,Mⁿo -1,,,侔,,Equal to; of the same rank or class; even.,,,,008_A_Chinese_and_English_Vocabulary_in_the_Tie-chiu_Dialect,122
môuⁿ,Mⁿo -1,,,眸,,The pupil of the eye; the eye.,,,,008_A_Chinese_and_English_Vocabulary_in_the_Tie-chiu_Dialect,122
môuⁿ,Mⁿo -1,,,麰,,Barley.,,,,008_A_Chinese_and_English_Vocabulary_in_the_Tie-chiu_Dialect,122
mõ,Mó -3,,,募,,"To invite to do; a general invitation, as to join the army &c.",,,,008_A_Chinese_and_English_Vocabulary_in_the_Tie-chiu_Dialect,123
mõ,Mó -3,,,墓,,A grave; a tomb.,,,,008_A_Chinese_and_English_Vocabulary_in_the_Tie-chiu_Dialect,123
mõ,Mó -3,,,幕,,A private secretary; friends of an officer; tent.,,,,008_A_Chinese_and_English_Vocabulary_in_the_Tie-chiu_Dialect,123
mõ,Mó -3,,,慕,,To desire ardently; to think of; hanker after; respect.,,,,008_A_Chinese_and_English_Vocabulary_in_the_Tie-chiu_Dialect,123
mõ,Mó -3,,,摹,,To imitate a pattern; a form or rule.,,,,008_A_Chinese_and_English_Vocabulary_in_the_Tie-chiu_Dialect,123
mõ,Mó -3,,,暮,,Evening; the sun setting.,,,,008_A_Chinese_and_English_Vocabulary_in_the_Tie-chiu_Dialect,123
mõng,Mong -3,,,茂,,Luxuriant; affluent; strong; elegant.,,,,008_A_Chinese_and_English_Vocabulary_in_the_Tie-chiu_Dialect,124
mõng,Mong -3,,,懋,,The mind fully engaged; strenuous effort; abundant.,,,,008_A_Chinese_and_English_Vocabulary_in_the_Tie-chiu_Dialect,124
múa,Mua 2,,,滿,,Full; the whole; sufficient; the completion of a thing.,,,,008_A_Chinese_and_English_Vocabulary_in_the_Tie-chiu_Dialect,124
múa,Mua 2,,,懣,,The vexation and grief; sorrow and concern of mind.,,,,008_A_Chinese_and_English_Vocabulary_in_the_Tie-chiu_Dialect,124
múe,Mue 2,,,每,,Each; every; always; constancy; although.,,,,008_A_Chinese_and_English_Vocabulary_in_the_Tie-chiu_Dialect,124
múi,Mui 2,,,美,,Excellent; beautiful; good; to praise.,,,,008_A_Chinese_and_English_Vocabulary_in_the_Tie-chiu_Dialect,125
mûa,Mua -1,,,麻,,Hemp; a plant of which the skin is made into cloth.,,,,008_A_Chinese_and_English_Vocabulary_in_the_Tie-chiu_Dialect,124
mûa,Mua -1,,,蔴,,Hemp; a plant of which the skin is made into cloth.,,,,008_A_Chinese_and_English_Vocabulary_in_the_Tie-chiu_Dialect,124
mûa,Mua -1,,,饅,,Cakes; bread; flour.,,,,008_A_Chinese_and_English_Vocabulary_in_the_Tie-chiu_Dialect,124
mûa,Mua -1,,,鰻,,Name of a fish resembling an eel.,,,,008_A_Chinese_and_English_Vocabulary_in_the_Tie-chiu_Dialect,124
mûa,Mua -1,,,瞞,,Dullness of sight; to blind; deceive; impose upon.,,,,008_A_Chinese_and_English_Vocabulary_in_the_Tie-chiu_Dialect,124
mûe,Mue -1,,,痲,,A cutaneous disease with fever and pustules; measles.,,,,008_A_Chinese_and_English_Vocabulary_in_the_Tie-chiu_Dialect,124
mûi,Mui -1,,,微,,Obscure; abstruse; small; minute; delicate; slightly.,,,,008_A_Chinese_and_English_Vocabulary_in_the_Tie-chiu_Dialect,125
mûi,Mui -1,,,薇,,Vegetables for the table.,,,,008_A_Chinese_and_English_Vocabulary_in_the_Tie-chiu_Dialect,125
mān,Mán 3,,,緩,,Slow; leisurely; remiss; to delay; put off; late.,,,,008_A_Chinese_and_English_Vocabulary_in_the_Tie-chiu_Dialect,119
māng,Máng 3,,,夢,,A dream; to dream; to see obscurely; obscure.,,,,008_A_Chinese_and_English_Vocabulary_in_the_Tie-chiu_Dialect,119
mē,Me 3,,,夜,,Night; dark; obscure.,,,,008_A_Chinese_and_English_Vocabulary_in_the_Tie-chiu_Dialect,120
mĩ,Mi -3,,,謎,,An enigma; a riddle.,,,,008_A_Chinese_and_English_Vocabulary_in_the_Tie-chiu_Dialect,121
mĩ,Mi -3,,,媚,,Adulation; flattery; looks of love or seduction; smiling.,,,,008_A_Chinese_and_English_Vocabulary_in_the_Tie-chiu_Dialect,121
mĩ,Mi -3,,,袂,,A sleeve or cuff; an embroidered sleeve; to open and spread out.,,,,008_A_Chinese_and_English_Vocabulary_in_the_Tie-chiu_Dialect,121
mī,Mi 3,,,麵,,Wheaten flour.,,,,008_A_Chinese_and_English_Vocabulary_in_the_Tie-chiu_Dialect,121
mńg,Mᵘng 2,,,晚,,Evening; late; too late.,,,,008_A_Chinese_and_English_Vocabulary_in_the_Tie-chiu_Dialect,125
mũe,Mue -3,,,昧,,Obscure; dull; sunset; blindly; without consideration.,,,,008_A_Chinese_and_English_Vocabulary_in_the_Tie-chiu_Dialect,124
mũe,Mue -3,,,沬,,Name of a river; to wash the face.,,,,008_A_Chinese_and_English_Vocabulary_in_the_Tie-chiu_Dialect,124
mũe,Mue -3,,,眛,,Dullness of sight; indistinct vision.,,,,008_A_Chinese_and_English_Vocabulary_in_the_Tie-chiu_Dialect,124
mũe,Mue -3,,,魅,,"A demon, fairy or elf that frightens and seduces men.",,,,008_A_Chinese_and_English_Vocabulary_in_the_Tie-chiu_Dialect,124
mũe,Mue -3,,,寐,,To reset; shut the eyes; sleep; sleepily; stupid.,,,,008_A_Chinese_and_English_Vocabulary_in_the_Tie-chiu_Dialect,124
mūe,Mue 3,,,妹,,Younger sisters.,,,,008_A_Chinese_and_English_Vocabulary_in_the_Tie-chiu_Dialect,125
mẽng,Meng -3,,,命,,Command; decree; fate; life; destiny of men.,,,,008_A_Chinese_and_English_Vocabulary_in_the_Tie-chiu_Dialect,121
mẽng,Meng -3,,,孟,,A senior or superior; the beginning of; large.,,,,008_A_Chinese_and_English_Vocabulary_in_the_Tie-chiu_Dialect,121
nan,Nán -2,,,赧,,To redden in the face; blush; ashamed; bashful.,,,,008_A_Chinese_and_English_Vocabulary_in_the_Tie-chiu_Dialect,108
na̍p,Náp -4,,,納,,To present or offer to; to receive; accept.,,,,008_A_Chinese_and_English_Vocabulary_in_the_Tie-chiu_Dialect,125
na̍p,Náp -4,,,喏,,"A tone of approbation, assent or promising; to answer.",,,,008_A_Chinese_and_English_Vocabulary_in_the_Tie-chiu_Dialect,125
na̍p,Náp -4,,,諾,,"A tone of approbation, assent or promising; to answer.",,,,008_A_Chinese_and_English_Vocabulary_in_the_Tie-chiu_Dialect,125
ne̍k,Nek -4,,,肉,,Flesh; animal food; body.,,,,008_A_Chinese_and_English_Vocabulary_in_the_Tie-chiu_Dialect,126
ne̍k,Nek -4,,,搦,,To lay the hand of; grasp; excite; provoke.,,,,008_A_Chinese_and_English_Vocabulary_in_the_Tie-chiu_Dialect,126
ne̍k,Nek -4,,,溺,,"To drown; sink down in water, vice, intoxication, &c.",,,,008_A_Chinese_and_English_Vocabulary_in_the_Tie-chiu_Dialect,126
ne̍k,Nek -4,,,匿,,To hide; conceal; be hidden; abscond; clandestine.,,,,008_A_Chinese_and_English_Vocabulary_in_the_Tie-chiu_Dialect,126
ne̍k,Nek -4,,,㥾,,Feeling of shame; to be ashamed.,,,,008_A_Chinese_and_English_Vocabulary_in_the_Tie-chiu_Dialect,126
ng,Ng 1,,,𥝭,,The blade springing up; thick and close.,,,,008_A_Chinese_and_English_Vocabulary_in_the_Tie-chiu_Dialect,126
ngang,Ngáng 1,,,卬,,Used by females for I; great; high; dear in price.,,,,008_A_Chinese_and_English_Vocabulary_in_the_Tie-chiu_Dialect,127
ngang,Ngáng 1,,,昂,,To elevate; to rise as the sun; lofty; a dignified carriage.,,,,008_A_Chinese_and_English_Vocabulary_in_the_Tie-chiu_Dialect,127
ngau,Ngau 1,,,囂,,To make a noise; vociferation; clamor; reviling.,,,,008_A_Chinese_and_English_Vocabulary_in_the_Tie-chiu_Dialect,127
ngau,Ngau 1,,,嗷,,Incessant noise; clamoring for food.,,,,008_A_Chinese_and_English_Vocabulary_in_the_Tie-chiu_Dialect,127
nga̍k,Ngák -4,,,崿,,"A high, abrupt bank.",,,,008_A_Chinese_and_English_Vocabulary_in_the_Tie-chiu_Dialect,126
nga̍k,Ngák -4,,,愕,,Struck with sudden surprise; astonishment.,,,,008_A_Chinese_and_English_Vocabulary_in_the_Tie-chiu_Dialect,126
nga̍k,Ngák -4,,,諤,,"Plain, straight forward language; honest.",,,,008_A_Chinese_and_English_Vocabulary_in_the_Tie-chiu_Dialect,126
nga̍k,Ngák -4,,,鄂,,A limit; boundary; surprise.,,,,008_A_Chinese_and_English_Vocabulary_in_the_Tie-chiu_Dialect,126
nga̍k,Ngák -4,,,蕚,,The central parts of a flower.,,,,008_A_Chinese_and_English_Vocabulary_in_the_Tie-chiu_Dialect,126
nga̍k,Ngák -4,,,噩,,Alarm; fright; reverential awe; sincere.,,,,008_A_Chinese_and_English_Vocabulary_in_the_Tie-chiu_Dialect,126
nga̍k,Ngák -4,,,腭,,An alligator; sea-monster.,,,,008_A_Chinese_and_English_Vocabulary_in_the_Tie-chiu_Dialect,127
nga̍k,Ngák -4,,,岳,,Lofty or craggy summit of a mountain.,,,,008_A_Chinese_and_English_Vocabulary_in_the_Tie-chiu_Dialect,127
nga̍k,Ngák -4,,,嶽,,Lofty or craggy summit of a mountain.,,,,008_A_Chinese_and_English_Vocabulary_in_the_Tie-chiu_Dialect,127
nge̍k,Ngek -4,,,逆,,To meet; oppose; resist; withstand; rebel.,,,,008_A_Chinese_and_English_Vocabulary_in_the_Tie-chiu_Dialect,127
ngia̍k,Ngiak -4,,,孽,,Illegitimate children; the offspring or consequences of vice.,,,,008_A_Chinese_and_English_Vocabulary_in_the_Tie-chiu_Dialect,128
ngia̍k,Ngiak -4,,,蘖,,The roots or stump of a tree which is cut down.,,,,008_A_Chinese_and_English_Vocabulary_in_the_Tie-chiu_Dialect,128
ngia̍k,Ngiak -4,,,糵,,A fermenting substance.,,,,008_A_Chinese_and_English_Vocabulary_in_the_Tie-chiu_Dialect,128
ngia̍k,Ngiak -4,,,軏,,Part of a harness; a yoke.,,,,008_A_Chinese_and_English_Vocabulary_in_the_Tie-chiu_Dialect,128
ngia̍k,Ngiak -4,,,虐,,Unfeeling; harsh; cruel; tyranizing over; calamities.,,,,008_A_Chinese_and_English_Vocabulary_in_the_Tie-chiu_Dialect,128
ngia̍k,Ngiak -4,,,瘧,,A severe disease; ague and fever.,,,,008_A_Chinese_and_English_Vocabulary_in_the_Tie-chiu_Dialect,128
ngia̍k,Ngiak -4,,,謔,,To play or trifle with; to seduce; to ridicule.,,,,008_A_Chinese_and_English_Vocabulary_in_the_Tie-chiu_Dialect,128
ngia̍k,Ngiak -4,,,臬,,A mark to shoot at; a rule; a law; a judge.,,,,008_A_Chinese_and_English_Vocabulary_in_the_Tie-chiu_Dialect,128
ngia̍k,Ngiak -4,,,闑,,A pillar or small door in the middle of a gateway.,,,,008_A_Chinese_and_English_Vocabulary_in_the_Tie-chiu_Dialect,128
ngia̍p,Ngiap -4,,,業,,An occupation; livelihood; patrimony; possessions; sign of the past tense.,,,,008_A_Chinese_and_English_Vocabulary_in_the_Tie-chiu_Dialect,129
ngie̍t,Ngiet -4,,,喫,,To eat; drink; bear or put up with.,,,,008_A_Chinese_and_English_Vocabulary_in_the_Tie-chiu_Dialect,129
ngie̍t,Ngiet -4,,,齧,,To bite; gnaw; seize with the teeth.,,,,008_A_Chinese_and_English_Vocabulary_in_the_Tie-chiu_Dialect,129
ngiou,Ngio 1,,,猫,,A cat.,,,,008_A_Chinese_and_English_Vocabulary_in_the_Tie-chiu_Dialect,129
ngiàm,Ngiam 3-,,,騐,,To witness; verify; fulfillment of what has been said.,,,,008_A_Chinese_and_English_Vocabulary_in_the_Tie-chiu_Dialect,128
ngiá,Ngia 2,,,雅,,A species of crow; correct; decorous; learned; elegant.,,,,008_A_Chinese_and_English_Vocabulary_in_the_Tie-chiu_Dialect,128
ngiám,Ngiam 2,,,儼,,Carrying a high head; stern; commanding; dignified.,,,,008_A_Chinese_and_English_Vocabulary_in_the_Tie-chiu_Dialect,128
ngiáng,Ngiáng 2,,,仰,,"To look up to, as with regard, admiration, or a sense of dependence; to rely on.",,,,008_A_Chinese_and_English_Vocabulary_in_the_Tie-chiu_Dialect,129
ngiâm,Ngiam -1,,,嚴,,Cold; severe; stern; grave; strict; commanding; reverence.,,,,008_A_Chinese_and_English_Vocabulary_in_the_Tie-chiu_Dialect,128
ngiên,Ngien -1,,,妍,,Elegant; beautiful; well versed or skilled in.,,,,008_A_Chinese_and_English_Vocabulary_in_the_Tie-chiu_Dialect,129
ngiên,Ngien -1,,,硏,,To grind; rub; dissolve in water; to investigate to the utmost.,,,,008_A_Chinese_and_English_Vocabulary_in_the_Tie-chiu_Dialect,129
ngiôu,Ngio -1,,,堯,,High; eminent; a famous ancient king of China.,,,,008_A_Chinese_and_English_Vocabulary_in_the_Tie-chiu_Dialect,129
ngiôu,Ngio -1,,,蕘,,Stubble or rushes used for fuel.,,,,008_A_Chinese_and_English_Vocabulary_in_the_Tie-chiu_Dialect,129
ngiôu,Ngio -1,,,譊,,Noisy; clamorous; contentious; debate.,,,,008_A_Chinese_and_English_Vocabulary_in_the_Tie-chiu_Dialect,129
ngiôu,Ngio -1,,,鐃,,A kind of bell used in the army; trumpets &c.,,,,008_A_Chinese_and_English_Vocabulary_in_the_Tie-chiu_Dialect,129
nguán,Ngwan 2,,,玩,,A precious stone; to be fond of; play with; seduce.,,,,008_A_Chinese_and_English_Vocabulary_in_the_Tie-chiu_Dialect,131
nguán,Ngwan 2,,,阮,,Name of a hill and of a certain kind of barrier.,,,,008_A_Chinese_and_English_Vocabulary_in_the_Tie-chiu_Dialect,131
nguán,Ngwan 2,,,頑,,Simple; foolish; stupud; obstinate.,,,,008_A_Chinese_and_English_Vocabulary_in_the_Tie-chiu_Dialect,131
nguân,Ngwan -1,,,元,,The first cause; origin; commencement; the first; the chief.,,,,008_A_Chinese_and_English_Vocabulary_in_the_Tie-chiu_Dialect,130
nguân,Ngwan -1,,,黿,,A kind of fabulous tortoise.,,,,008_A_Chinese_and_English_Vocabulary_in_the_Tie-chiu_Dialect,131
nguân,Ngwan -1,,,原,,A level waste ground or common; origin; commencement; again.,,,,008_A_Chinese_and_English_Vocabulary_in_the_Tie-chiu_Dialect,131
nguân,Ngwan -1,,,源,,A source or spring of water; a source; cause.,,,,008_A_Chinese_and_English_Vocabulary_in_the_Tie-chiu_Dialect,131
nguân,Ngwan -1,,,顏,,The countenance; forehead; color; appearance; reputation.,,,,008_A_Chinese_and_English_Vocabulary_in_the_Tie-chiu_Dialect,131
nguãn,Ngwan -3,,,愿,,Reverential; sincere; pious; virtuous; used for the next.,,,,008_A_Chinese_and_English_Vocabulary_in_the_Tie-chiu_Dialect,131
nguãn,Ngwan -3,,,願,,To desire; wish for; an object of desire; a vow; willing.,,,,008_A_Chinese_and_English_Vocabulary_in_the_Tie-chiu_Dialect,131
ngán,Ngán 2,,,眼,,The eye.,,,,008_A_Chinese_and_English_Vocabulary_in_the_Tie-chiu_Dialect,127
ngâi,Ngai -1,,,困,,Foolish; stupid.,,,,008_A_Chinese_and_English_Vocabulary_in_the_Tie-chiu_Dialect,126
ngâi,Ngai -1,,,涯,,The bank of a river or stream; a shore.,,,,008_A_Chinese_and_English_Vocabulary_in_the_Tie-chiu_Dialect,126
ngâm,Ngám -1,,,巖,,A precipitous shore or cliff; lofty; mountainous.,,,,008_A_Chinese_and_English_Vocabulary_in_the_Tie-chiu_Dialect,127
ngâm,Ngám -1,,,閻,,An iner gate; to stimulate; stir up; reform.,,,,008_A_Chinese_and_English_Vocabulary_in_the_Tie-chiu_Dialect,127
ngân,Ngán -1,,,言,,To speak; say; a word or sentence; words; discourse.,,,,008_A_Chinese_and_English_Vocabulary_in_the_Tie-chiu_Dialect,127
ngâu,Ngau -1,,,爻,,A character used in divination.,,,,008_A_Chinese_and_English_Vocabulary_in_the_Tie-chiu_Dialect,127
ngâu,Ngau -1,,,肴,,Provisions of any kind except rice.,,,,008_A_Chinese_and_English_Vocabulary_in_the_Tie-chiu_Dialect,127
ngâu,Ngau -1,,,淆,,Name of a river; confused; mixed.,,,,008_A_Chinese_and_English_Vocabulary_in_the_Tie-chiu_Dialect,127
ngâu,Ngau -1,,,翺,,To fly or roam about; to spread the wings.,,,,008_A_Chinese_and_English_Vocabulary_in_the_Tie-chiu_Dialect,127
ngâu,Ngau -1,,,敖,,To trifle and ramble about; proud; clamorous; rude.,,,,008_A_Chinese_and_English_Vocabulary_in_the_Tie-chiu_Dialect,127
ngâu,Ngau -1,,,熬,,To dry or roast with fire; to bake; boil; broil.,,,,008_A_Chinese_and_English_Vocabulary_in_the_Tie-chiu_Dialect,127
ngâu,Ngau -1,,,遨,,To ramble; wander.,,,,008_A_Chinese_and_English_Vocabulary_in_the_Tie-chiu_Dialect,127
ngâu,Ngau -1,,,鰲,,Name of a fish.,,,,008_A_Chinese_and_English_Vocabulary_in_the_Tie-chiu_Dialect,127
ngâu,Ngau -1,,,驁,,A spirited or untractable horse; proud; proud; domineering.,,,,008_A_Chinese_and_English_Vocabulary_in_the_Tie-chiu_Dialect,127
ngãi,Ngai -3,,,刈,,Shears; to cut herbs; reap; to regulate; put in order; talents.,,,,008_A_Chinese_and_English_Vocabulary_in_the_Tie-chiu_Dialect,126
ngãi,Ngai -3,,,艾,,Name of a caustic plant; a person fifty years old.,,,,008_A_Chinese_and_English_Vocabulary_in_the_Tie-chiu_Dialect,126
ngãi,Ngai -3,,,岸,,"A high shore; bank of a river, eminent; the end.",,,,008_A_Chinese_and_English_Vocabulary_in_the_Tie-chiu_Dialect,126
ngãi,Ngai -3,,,崖,,The sides of a high hill; a precipice; a bank.,,,,008_A_Chinese_and_English_Vocabulary_in_the_Tie-chiu_Dialect,126
ngãi,Ngai -3,,,睚,,"To look at with suspicion, contempt or hatred; to squint at.",,,,008_A_Chinese_and_English_Vocabulary_in_the_Tie-chiu_Dialect,126
ngãn,Ngán -3,,,彥,,Eminent; excellent; much extolled.,,,,008_A_Chinese_and_English_Vocabulary_in_the_Tie-chiu_Dialect,127
ngãn,Ngán -3,,,喭,,To mourn and grieve for the sufferings of men.,,,,008_A_Chinese_and_English_Vocabulary_in_the_Tie-chiu_Dialect,127
ngãn,Ngán -3,,,諺,,A proverb; maxim; a plain pithy saying.,,,,008_A_Chinese_and_English_Vocabulary_in_the_Tie-chiu_Dialect,127
ngãn,Ngán -3,,,鴈,,Geese of the smaller sort.,,,,008_A_Chinese_and_English_Vocabulary_in_the_Tie-chiu_Dialect,127
ngãu,Ngau -3,,,傲,,Uncivil; proud; to treat with neglect; haughty.,,,,008_A_Chinese_and_English_Vocabulary_in_the_Tie-chiu_Dialect,127
ngãu,Ngau -3,,,獒,,A large species of dog.,,,,008_A_Chinese_and_English_Vocabulary_in_the_Tie-chiu_Dialect,127
ngãu,Ngau -3,,,樂,,To be pleased; fond of; love.,,,,008_A_Chinese_and_English_Vocabulary_in_the_Tie-chiu_Dialect,127
ngãu,Ngau -3,,,殽,,Mixed; blended; confused; pulse; flesh and bones.,,,,008_A_Chinese_and_English_Vocabulary_in_the_Tie-chiu_Dialect,127
ngêng,Ngeng -1,,,迎,,To meet; escort; welcome; receive.,,,,008_A_Chinese_and_English_Vocabulary_in_the_Tie-chiu_Dialect,128
ngêng,Ngeng -1,,,凝,,To congeal; freeze; coagulate; stern; rigorous; to fix.,,,,008_A_Chinese_and_English_Vocabulary_in_the_Tie-chiu_Dialect,128
ngí,Ngi 2,,,議,,To consult; deliberate; dispute; to plant; select.,,,,008_A_Chinese_and_English_Vocabulary_in_the_Tie-chiu_Dialect,128
ngí,Ngi 2,,,儗,,False; doubtful; suspicion; to compare.,,,,008_A_Chinese_and_English_Vocabulary_in_the_Tie-chiu_Dialect,128
ngí,Ngi 2,,,擬,,To conjecture; surmise; to conclude; decide; similar.,,,,008_A_Chinese_and_English_Vocabulary_in_the_Tie-chiu_Dialect,128
ngî,Ngi -1,,,宜,,Fit; right; proper; suitable to; ought; harmony; business.,,,,008_A_Chinese_and_English_Vocabulary_in_the_Tie-chiu_Dialect,128
ngî,Ngi -1,,,倪,,Small children; to benefit; a limit; boundary.,,,,008_A_Chinese_and_English_Vocabulary_in_the_Tie-chiu_Dialect,128
ngî,Ngi -1,,,蜺,,Name of certain insect; a rainbow.,,,,008_A_Chinese_and_English_Vocabulary_in_the_Tie-chiu_Dialect,128
ngî,Ngi -1,,,輒,,A crossbar in front of a carriage.,,,,008_A_Chinese_and_English_Vocabulary_in_the_Tie-chiu_Dialect,128
ngî,Ngi -1,,,霓,,A certain various colored animalcule; a rainbow.,,,,008_A_Chinese_and_English_Vocabulary_in_the_Tie-chiu_Dialect,128
ngî,Ngi -1,,,鯢,,A certain kind of large fish.,,,,008_A_Chinese_and_English_Vocabulary_in_the_Tie-chiu_Dialect,128
ngî,Ngi -1,,,麑,,A certain large animal like a lion; a deer.,,,,008_A_Chinese_and_English_Vocabulary_in_the_Tie-chiu_Dialect,128
ngî,Ngi -1,,,儀,,Right; proper; a rule; pattern; a rite; manner.,,,,008_A_Chinese_and_English_Vocabulary_in_the_Tie-chiu_Dialect,128
ngîm,Ngim -1,,,唫,,A hurried enunciation; to close up; shut.,,,,008_A_Chinese_and_English_Vocabulary_in_the_Tie-chiu_Dialect,129
ngîm,Ngim -1,,,吟,,To sigh; moan; chant; recite.,,,,008_A_Chinese_and_English_Vocabulary_in_the_Tie-chiu_Dialect,129
ngîm,Ngim -1,,,岑,,A high peak of a mountain; mournful.,,,,008_A_Chinese_and_English_Vocabulary_in_the_Tie-chiu_Dialect,129
ngîm,Ngim -1,,,黔,,Black; black hair; a designation of the people of China.,,,,008_A_Chinese_and_English_Vocabulary_in_the_Tie-chiu_Dialect,129
ngóu,Ngo 2,,,偶,,A carved image of a man; two; a pair; of the same class; to pair; to happen.,,,,008_A_Chinese_and_English_Vocabulary_in_the_Tie-chiu_Dialect,129
ngóu,Ngo 2,,,耦,,To plough or work in pairs; to pair; to occur; to meet.,,,,008_A_Chinese_and_English_Vocabulary_in_the_Tie-chiu_Dialect,129
ngóu,Ngo 2,,,藕,,Name of a water plant.,,,,008_A_Chinese_and_English_Vocabulary_in_the_Tie-chiu_Dialect,129
ngóu,Ngo 2,,,伍,,A file of five men; five families; mutually responsible.,,,,008_A_Chinese_and_English_Vocabulary_in_the_Tie-chiu_Dialect,129
ngóu,Ngo 2,,,午,,"A horary character, from 11 o'clock A.M. to 1. P.M.",,,,008_A_Chinese_and_English_Vocabulary_in_the_Tie-chiu_Dialect,129
ngóu,Ngo 2,,,忤,,Disobedient; rebellious; undutiful.,,,,008_A_Chinese_and_English_Vocabulary_in_the_Tie-chiu_Dialect,129
ngóu,Ngo 2,,,迕,,To meet; encounter; oppose; confused.,,,,008_A_Chinese_and_English_Vocabulary_in_the_Tie-chiu_Dialect,129
ngô,Ngó -1,,,禺,,Solitary; none to associate with.,,,,008_A_Chinese_and_English_Vocabulary_in_the_Tie-chiu_Dialect,129
ngô,Ngó -1,,,愚,,Simple; ignorant; stupid; used for I.,,,,008_A_Chinese_and_English_Vocabulary_in_the_Tie-chiu_Dialect,129
ngô,Ngó -1,,,㥥,,Pleased; cheerful.,,,,008_A_Chinese_and_English_Vocabulary_in_the_Tie-chiu_Dialect,129
ngô,Ngó -1,,,隅,,A corner; an angle; a nook; rigid integrity.,,,,008_A_Chinese_and_English_Vocabulary_in_the_Tie-chiu_Dialect,129
ngô,Ngó -1,,,俄,,Hasty; momentary; sudden; appearing to fall.,,,,008_A_Chinese_and_English_Vocabulary_in_the_Tie-chiu_Dialect,129
ngô,Ngó -1,,,哦,,To recite; the tone of recitative.,,,,008_A_Chinese_and_English_Vocabulary_in_the_Tie-chiu_Dialect,130
ngô,Ngó -1,,,娥,,Good; a name.,,,,008_A_Chinese_and_English_Vocabulary_in_the_Tie-chiu_Dialect,130
ngô,Ngó -1,,,峨,,High; lofty.,,,,008_A_Chinese_and_English_Vocabulary_in_the_Tie-chiu_Dialect,130
ngô,Ngó -1,,,莪,,Name of an edible plant.,,,,008_A_Chinese_and_English_Vocabulary_in_the_Tie-chiu_Dialect,130
ngô,Ngó -1,,,蛾,,A silkworm; an insect.,,,,008_A_Chinese_and_English_Vocabulary_in_the_Tie-chiu_Dialect,130
ngô,Ngó -1,,,虞,,To consider; weigh; anxious thought; impediment.,,,,008_A_Chinese_and_English_Vocabulary_in_the_Tie-chiu_Dialect,130
ngô,Ngó -1,,,圄,,To detail; hold fast; to imprison; a prison.,,,,008_A_Chinese_and_English_Vocabulary_in_the_Tie-chiu_Dialect,130
ngô,Ngó -1,,,梧,,Name of a remarkable tree.,,,,008_A_Chinese_and_English_Vocabulary_in_the_Tie-chiu_Dialect,130
ngõ,Ngó -3,,,悟,,To arouse or awaken the mind; to notice; perceive.,,,,008_A_Chinese_and_English_Vocabulary_in_the_Tie-chiu_Dialect,130
ngõ,Ngó -3,,,晤,,Light; bright; to meet or speak together; explain.,,,,008_A_Chinese_and_English_Vocabulary_in_the_Tie-chiu_Dialect,130
ngõ,Ngó -3,,,寤,,To awake from sleep; talking; to dream.,,,,008_A_Chinese_and_English_Vocabulary_in_the_Tie-chiu_Dialect,130
ngõ,Ngó -3,,,寓,,A temporary lodging; to lodge; to pertain to.,,,,008_A_Chinese_and_English_Vocabulary_in_the_Tie-chiu_Dialect,130
ngõ,Ngó -3,,,遇,,To meet unexpectedly; to occur; to happen.,,,,008_A_Chinese_and_English_Vocabulary_in_the_Tie-chiu_Dialect,130
ngõu,Ngo -3,,,五,,Five.,,,,008_A_Chinese_and_English_Vocabulary_in_the_Tie-chiu_Dialect,129
ngûi,Ngui -1,,,危,,Dangerous; situated on an eminence; ready to fall; danger.,,,,008_A_Chinese_and_English_Vocabulary_in_the_Tie-chiu_Dialect,130
ngûi,Ngui -1,,,峗,,Hilly; mountainous; danger.,,,,008_A_Chinese_and_English_Vocabulary_in_the_Tie-chiu_Dialect,130
ngûi,Ngui -1,,,嵬,,Hilly; mountainous; danger.,,,,008_A_Chinese_and_English_Vocabulary_in_the_Tie-chiu_Dialect,130
ngûi,Ngui -1,,,巍,,High; lofty; name of a kingdom.,,,,008_A_Chinese_and_English_Vocabulary_in_the_Tie-chiu_Dialect,130
ngĩ,Ngi -3,,,羿,,A master of archery.,,,,008_A_Chinese_and_English_Vocabulary_in_the_Tie-chiu_Dialect,128
ngĩ,Ngi -3,,,義,,Good; right; proper; righteousness; charitable.,,,,008_A_Chinese_and_English_Vocabulary_in_the_Tie-chiu_Dialect,128
ngĩ,Ngi -3,,,毅,,Fortitude; magnanimity; intrepid; unbending.,,,,008_A_Chinese_and_English_Vocabulary_in_the_Tie-chiu_Dialect,128
ngī,Ngi 3,,,誼,,What is fit or proper for man; virtue; acquaintances; friends.,,,,008_A_Chinese_and_English_Vocabulary_in_the_Tie-chiu_Dialect,128
ngũi,Ngui -3,,,僞,,False; counterfeit; not. genuine; fraudulent.,,,,008_A_Chinese_and_English_Vocabulary_in_the_Tie-chiu_Dialect,130
ngũi,Ngui -3,,,詭,,To reprimand; deceive; impose upon.,,,,008_A_Chinese_and_English_Vocabulary_in_the_Tie-chiu_Dialect,130
ngṳt,Ngùt 4,,,吃,,To stammer; stutter; eat; swallow.,,,,008_A_Chinese_and_English_Vocabulary_in_the_Tie-chiu_Dialect,130
ngṳt,Ngùt 4,,,屹,,A hill standing alone; a firm martial appearance.,,,,008_A_Chinese_and_English_Vocabulary_in_the_Tie-chiu_Dialect,130
ngṳt,Ngùt 4,,,汔,,Water dried up; how? nearly.,,,,008_A_Chinese_and_English_Vocabulary_in_the_Tie-chiu_Dialect,130
ngṳt,Ngùt 4,,,矻,,Constant and severe labor; determined effort.,,,,008_A_Chinese_and_English_Vocabulary_in_the_Tie-chiu_Dialect,130
ngṳt,Ngùt 4,,,䇄,,To stand erect.,,,,008_A_Chinese_and_English_Vocabulary_in_the_Tie-chiu_Dialect,130
ngṳt,Ngùt 4,,,訖,,To come to a close; stop; finish; finished; closed; wound up.,,,,008_A_Chinese_and_English_Vocabulary_in_the_Tie-chiu_Dialect,130
ngṳt,Ngùt 4,,,迄,,To reach or extend to; finally; at last.,,,,008_A_Chinese_and_English_Vocabulary_in_the_Tie-chiu_Dialect,130
ngṳt,Ngùt 4,,,齕,,To bite or gnaw with the teeth; to eat.,,,,008_A_Chinese_and_English_Vocabulary_in_the_Tie-chiu_Dialect,130
ngṳt,Ngùt 4,,,兀,,High and level at the top; to cut off the feet.,,,,008_A_Chinese_and_English_Vocabulary_in_the_Tie-chiu_Dialect,130
ngṳ̂n,Ngùn -1,,,銀,,Silver; money; metal.,,,,008_A_Chinese_and_English_Vocabulary_in_the_Tie-chiu_Dialect,130
ngṳ̂n,Ngùn -1,,,誾,,Cordial; respectful; upright; to debate in good temper.,,,,008_A_Chinese_and_English_Vocabulary_in_the_Tie-chiu_Dialect,130
ngṳ̂n,Ngùn -1,,,嚚,,Simple; stupid; silly; false.,,,,008_A_Chinese_and_English_Vocabulary_in_the_Tie-chiu_Dialect,130
ngẽ,Nge -3,,,硬,,Hard; firm; obstinate; perverse.,,,,008_A_Chinese_and_English_Vocabulary_in_the_Tie-chiu_Dialect,127
ngẽ,Nge -3,,,勁,,Strong; unyielding; violent; overbearing.,,,,008_A_Chinese_and_English_Vocabulary_in_the_Tie-chiu_Dialect,127
niap,Niap 4,,,咡,,The sides and corners of the mouth; side of the head.,,,,008_A_Chinese_and_English_Vocabulary_in_the_Tie-chiu_Dialect,131
niap,Niap 4,,,聶,,A whisper addressed to the ear of another.,,,,008_A_Chinese_and_English_Vocabulary_in_the_Tie-chiu_Dialect,131
niap,Niap 4,,,囁,,Chattering; vilifying; back-biting; loquacious.,,,,008_A_Chinese_and_English_Vocabulary_in_the_Tie-chiu_Dialect,132
niap,Niap 4,,,懾,,Timid; fearing.,,,,008_A_Chinese_and_English_Vocabulary_in_the_Tie-chiu_Dialect,132
niap,Niap 4,,,攝,,To take with the hand; to lift up as long garments.,,,,008_A_Chinese_and_English_Vocabulary_in_the_Tie-chiu_Dialect,132
niap,Niap 4,,,躡,,To tread upon; to ascent; walk up.,,,,008_A_Chinese_and_English_Vocabulary_in_the_Tie-chiu_Dialect,132
niap,Niap 4,,,鑷,,Tweezers; forceps; nippers.,,,,008_A_Chinese_and_English_Vocabulary_in_the_Tie-chiu_Dialect,132
niap,Niap 4,,,揑,,To take and collect with the fingers; to make a pretext.,,,,008_A_Chinese_and_English_Vocabulary_in_the_Tie-chiu_Dialect,132
niap,Niap 4,,,湼,,"Black, dirty mud at the bottom of stagnant water.",,,,008_A_Chinese_and_English_Vocabulary_in_the_Tie-chiu_Dialect,132
niá,Nia 2,,,聆,,To head; listen; obey.,,,,008_A_Chinese_and_English_Vocabulary_in_the_Tie-chiu_Dialect,131
niá,Nia 2,,,領,,The neck; a collar; to accept; receive; to govern.,,,,008_A_Chinese_and_English_Vocabulary_in_the_Tie-chiu_Dialect,131
niá,Nia 2,,,嶺,,The top or side of a hill; a mountain; a summit.,,,,008_A_Chinese_and_English_Vocabulary_in_the_Tie-chiu_Dialect,131
niám,Niam 2,,,歛,,To collect; to harvest; to amass; hoard up.,,,,008_A_Chinese_and_English_Vocabulary_in_the_Tie-chiu_Dialect,112
niám,Niam 2,,,蘝,,Name of a creeping plant.,,,,008_A_Chinese_and_English_Vocabulary_in_the_Tie-chiu_Dialect,112
niâm,Niam -1,,,帘,,A tent; grog shop; a flag hung at a wine shop.,,,,008_A_Chinese_and_English_Vocabulary_in_the_Tie-chiu_Dialect,111
niâm,Niam -1,,,廉,,Economical; moderate; uncorrupted; modest; to examine.,,,,008_A_Chinese_and_English_Vocabulary_in_the_Tie-chiu_Dialect,111
niâm,Niam -1,,,簾,,A curtain or screen.,,,,008_A_Chinese_and_English_Vocabulary_in_the_Tie-chiu_Dialect,112
niâm,Niam -1,,,臁,,The sides of the leg.,,,,008_A_Chinese_and_English_Vocabulary_in_the_Tie-chiu_Dialect,112
niâm,Niam -1,,,薕,,Name of a plant.,,,,008_A_Chinese_and_English_Vocabulary_in_the_Tie-chiu_Dialect,112
niâm,Niam -1,,,鐮,,A sickle; pruning knife.,,,,008_A_Chinese_and_English_Vocabulary_in_the_Tie-chiu_Dialect,112
niâm,Niam -1,,,匲,,A lady's toilet; box of perfume.,,,,008_A_Chinese_and_English_Vocabulary_in_the_Tie-chiu_Dialect,112
niâm,Niam -1,,,拈,,To take hold of with the fingers; to handle.,,,,008_A_Chinese_and_English_Vocabulary_in_the_Tie-chiu_Dialect,131
niâm,Niam -1,,,粘,,Paste; to paste; to be connected with.,,,,008_A_Chinese_and_English_Vocabulary_in_the_Tie-chiu_Dialect,131
niâm,Niam -1,,,黏,,Paste; to paste; to be connected with.,,,,008_A_Chinese_and_English_Vocabulary_in_the_Tie-chiu_Dialect,131
niãm,Niam -3,,,念,,To ponder; consider; the thoughts; to read in a singing tone.,,,,008_A_Chinese_and_English_Vocabulary_in_the_Tie-chiu_Dialect,112
niãm,Niam -3,,,唸,,To sigh; a sigh; to recite.,,,,008_A_Chinese_and_English_Vocabulary_in_the_Tie-chiu_Dialect,112
niãm,Niam -3,,,捻,,To take work in the fingers.,,,,008_A_Chinese_and_English_Vocabulary_in_the_Tie-chiu_Dialect,112
niãm,Niam -3,,,殮,,To shroud the dead; dress for the grave.,,,,008_A_Chinese_and_English_Vocabulary_in_the_Tie-chiu_Dialect,112
niãm,Niam -3,,,稔,,Grain fully ripe; what has been long accumulating.,,,,008_A_Chinese_and_English_Vocabulary_in_the_Tie-chiu_Dialect,112
niãm,Niam -3,,,諗,,Thought; to consider; to give advice or reproof.,,,,008_A_Chinese_and_English_Vocabulary_in_the_Tie-chiu_Dialect,112
nié,Nie 2,,,両,,An ounce; a tael.,,,,008_A_Chinese_and_English_Vocabulary_in_the_Tie-chiu_Dialect,132
niê,Nie -1,,,梁,,A wooden bridge; a beam or plank; the top beam of a house.,,,,008_A_Chinese_and_English_Vocabulary_in_the_Tie-chiu_Dialect,132
niê,Nie -1,,,樑,,The ridgepole of a house.,,,,008_A_Chinese_and_English_Vocabulary_in_the_Tie-chiu_Dialect,132
niê,Nie -1,,,量,,To measure; to estimate; to judge; a measure; capacity.,,,,008_A_Chinese_and_English_Vocabulary_in_the_Tie-chiu_Dialect,132
niê,Nie -1,,,糧,,Grain for food; daily rations; food; taxes.,,,,008_A_Chinese_and_English_Vocabulary_in_the_Tie-chiu_Dialect,132
niê,Nie -1,,,粮,,Grain for food; daily rations; food; taxes.,,,,008_A_Chinese_and_English_Vocabulary_in_the_Tie-chiu_Dialect,132
niê,Nie -1,,,娘,,A respectful appellation of females.,,,,008_A_Chinese_and_English_Vocabulary_in_the_Tie-chiu_Dialect,132
niên,Nien -1,,,年,,A year; one's age.,,,,008_A_Chinese_and_English_Vocabulary_in_the_Tie-chiu_Dialect,132
nióu,Nio 2,,,嫋,,Long and slender; delicate; waving in the wind.,,,,008_A_Chinese_and_English_Vocabulary_in_the_Tie-chiu_Dialect,132
nióu,Nio 2,,,裊,,Profound; remote; soft; delicate; to wind around.,,,,008_A_Chinese_and_English_Vocabulary_in_the_Tie-chiu_Dialect,132
niú,Niu 2,,,扭,,To turn or twist with the hand; to wring; to grasp.,,,,008_A_Chinese_and_English_Vocabulary_in_the_Tie-chiu_Dialect,132
niú,Niu 2,,,狃,,A proud dog; a fox; accustomed; familiar; disrespectful.,,,,008_A_Chinese_and_English_Vocabulary_in_the_Tie-chiu_Dialect,132
niú,Niu 2,,,紐,,To bind; tie; a knot; jointure.,,,,008_A_Chinese_and_English_Vocabulary_in_the_Tie-chiu_Dialect,132
niú,Niu 2,,,衄,,To bleed at the nose; to wound.,,,,008_A_Chinese_and_English_Vocabulary_in_the_Tie-chiu_Dialect,132
niú,Niu 2,,,鈕,,A knob; a button.,,,,008_A_Chinese_and_English_Vocabulary_in_the_Tie-chiu_Dialect,132
niũ,Niu -3,,,恧,,An internal feeling or sense of shame.,,,,008_A_Chinese_and_English_Vocabulary_in_the_Tie-chiu_Dialect,132
niũ,Niu -3,,,謬,,Mistake; erroneous; falacious; false.,,,,008_A_Chinese_and_English_Vocabulary_in_the_Tie-chiu_Dialect,132
nn̂g,Nᵘng -1,,,郞,,"Name of an office; a respectful appellation of masters, husbands &c.",,,,008_A_Chinese_and_English_Vocabulary_in_the_Tie-chiu_Dialect,133
nuán,Nuan 2,,,暖,,Warm; temperate; mild; soft; bland.,,,,008_A_Chinese_and_English_Vocabulary_in_the_Tie-chiu_Dialect,133
nuán,Nuan 2,,,煖,,Warmth of fire; warm.,,,,008_A_Chinese_and_English_Vocabulary_in_the_Tie-chiu_Dialect,133
nu̍t,Nut -4,,,喏,,To stammer; slow of speech.,,,,008_A_Chinese_and_English_Vocabulary_in_the_Tie-chiu_Dialect,133
nu̍t,Nut -4,,,訥,,To stammer; slow of speech.,,,,008_A_Chinese_and_English_Vocabulary_in_the_Tie-chiu_Dialect,133
ná,Ná 2,,,那,,That; there.,,,,008_A_Chinese_and_English_Vocabulary_in_the_Tie-chiu_Dialect,125
ná,Ná 2,,,拏,,To take hold of; seize; apprehend; receive.,,,,008_A_Chinese_and_English_Vocabulary_in_the_Tie-chiu_Dialect,125
ná,Ná 2,,,拿,,To take hold of; seize; apprehend; receive.,,,,008_A_Chinese_and_English_Vocabulary_in_the_Tie-chiu_Dialect,125
ná,Ná 2,,,欖,,An olive fruit or tree.,,,,008_A_Chinese_and_English_Vocabulary_in_the_Tie-chiu_Dialect,125
nái,Nai 2,,,乃,,But; then; certainly; is; was; a connective particle.,,,,008_A_Chinese_and_English_Vocabulary_in_the_Tie-chiu_Dialect,125
nái,Nai 2,,,奶,,The female breast; milk; to suckle.,,,,008_A_Chinese_and_English_Vocabulary_in_the_Tie-chiu_Dialect,125
nái,Nai 2,,,嬭,,The female breast; milk; to suckle.,,,,008_A_Chinese_and_English_Vocabulary_in_the_Tie-chiu_Dialect,125
nái,Nai 2,,,鼐,,A large vase or tripod.,,,,008_A_Chinese_and_English_Vocabulary_in_the_Tie-chiu_Dialect,125
nám,Nám 2,,,覽,,To look at; observe; see; inspect.,,,,008_A_Chinese_and_English_Vocabulary_in_the_Tie-chiu_Dialect,107
nám,Nám 2,,,攬,,To grasp all one sees; to hoard up; monopolize.,,,,008_A_Chinese_and_English_Vocabulary_in_the_Tie-chiu_Dialect,107
nám,Nám 2,,,欖,,An olive; name of a fruit.,,,,008_A_Chinese_and_English_Vocabulary_in_the_Tie-chiu_Dialect,107
nám,Nám 2,,,灠,,A spring of water bubbling up.,,,,008_A_Chinese_and_English_Vocabulary_in_the_Tie-chiu_Dialect,107
nám,Nám 2,,,檻,,"A baluster, or perpendicular rails; a cage; a fold.",,,,008_A_Chinese_and_English_Vocabulary_in_the_Tie-chiu_Dialect,107
nám,Nám 2,,,艦,,A ship of war so built as to defend those within.,,,,008_A_Chinese_and_English_Vocabulary_in_the_Tie-chiu_Dialect,108
nán,Nán 2,,,懶,,Sleepy; remiss; idle; weak.,,,,008_A_Chinese_and_English_Vocabulary_in_the_Tie-chiu_Dialect,108
náu,Nau 2,,,惱,,Indignation; grief.,,,,008_A_Chinese_and_English_Vocabulary_in_the_Tie-chiu_Dialect,126
náu,Nau 2,,,腦,,The marrow of the head; brains; glossy; soft.,,,,008_A_Chinese_and_English_Vocabulary_in_the_Tie-chiu_Dialect,126
nâ,Ná -1,,,籃,,A large basket.,,,,008_A_Chinese_and_English_Vocabulary_in_the_Tie-chiu_Dialect,125
nâm,Nám -1,,,南,,South; to go south.,,,,008_A_Chinese_and_English_Vocabulary_in_the_Tie-chiu_Dialect,107
nâm,Nám -1,,,喃,,Incessant chattering.,,,,008_A_Chinese_and_English_Vocabulary_in_the_Tie-chiu_Dialect,107
nâm,Nám -1,,,楠,,Name of a wood.,,,,008_A_Chinese_and_English_Vocabulary_in_the_Tie-chiu_Dialect,107
nâm,Nám -1,,,藍,,Blue; a plant which colors blue.,,,,008_A_Chinese_and_English_Vocabulary_in_the_Tie-chiu_Dialect,107
nâm,Nám -1,,,襤,,A single coverlet; garments; a collar or hem.,,,,008_A_Chinese_and_English_Vocabulary_in_the_Tie-chiu_Dialect,107
nâm,Nám -1,,,男,,Male; the lowest of the give titles of nobility.,,,,008_A_Chinese_and_English_Vocabulary_in_the_Tie-chiu_Dialect,107
nâm,Nám -1,,,嵐,,Mountain vapor or fog.,,,,008_A_Chinese_and_English_Vocabulary_in_the_Tie-chiu_Dialect,107
nâm,Nám -1,,,婪,,To covet.,,,,008_A_Chinese_and_English_Vocabulary_in_the_Tie-chiu_Dialect,107
nân,Nán -1,,,闌,,A screen for a door or carriage; a railing; obscured.,,,,008_A_Chinese_and_English_Vocabulary_in_the_Tie-chiu_Dialect,108
nân,Nán -1,,,攔,,To stop or intercept with hand; to prevent approach.,,,,008_A_Chinese_and_English_Vocabulary_in_the_Tie-chiu_Dialect,108
nân,Nán -1,,,欄,,Balusters or railing; railing to confine animals.,,,,008_A_Chinese_and_English_Vocabulary_in_the_Tie-chiu_Dialect,108
nân,Nán -1,,,瀾,,Streams flowing together and running in a continued course.,,,,008_A_Chinese_and_English_Vocabulary_in_the_Tie-chiu_Dialect,108
nân,Nán -1,,,蘭,,"Name of a fragrant plant, the class Gynandria.",,,,008_A_Chinese_and_English_Vocabulary_in_the_Tie-chiu_Dialect,108
nân,Nán -1,,,㘓,,"Name of a fragrant plant, the class Gynandria.",,,,008_A_Chinese_and_English_Vocabulary_in_the_Tie-chiu_Dialect,108
nân,Nán -1,,,躝,,To leap or pass over; to surpass.,,,,008_A_Chinese_and_English_Vocabulary_in_the_Tie-chiu_Dialect,108
nân,Nán -1,,,難,,Difficult; troublesome.,,,,008_A_Chinese_and_English_Vocabulary_in_the_Tie-chiu_Dialect,108
nân,Nán -1,,,零,,Residue; fragments; odd numbers; what is over.,,,,008_A_Chinese_and_English_Vocabulary_in_the_Tie-chiu_Dialect,108
nân,Nán -1,,,鱗,,Scales of fishes.,,,,008_A_Chinese_and_English_Vocabulary_in_the_Tie-chiu_Dialect,108
nâng,Náng -1,,,人,,"A man; human being, male or female; an individual.",,,,008_A_Chinese_and_English_Vocabulary_in_the_Tie-chiu_Dialect,125
nâu,Nau -1,,,撓,,To twist; wrench; disturb; vex; mix; confess.,,,,008_A_Chinese_and_English_Vocabulary_in_the_Tie-chiu_Dialect,126
nãi,Nai -3,,,耐,,To bear with; forbear; endure; patient forbearance.,,,,008_A_Chinese_and_English_Vocabulary_in_the_Tie-chiu_Dialect,125
nãi,Nai -3,,,奈,,To occur; meet with; as; like; how; resource.,,,,008_A_Chinese_and_English_Vocabulary_in_the_Tie-chiu_Dialect,125
nãi,Nai -3,,,賴,,"To lean, depend on rely upon; that which supports.",,,,008_A_Chinese_and_English_Vocabulary_in_the_Tie-chiu_Dialect,125
nãm,Nám -3,,,懢,,Greedy; voracious; ardent desire; robust.,,,,008_A_Chinese_and_English_Vocabulary_in_the_Tie-chiu_Dialect,108
nãm,Nám -3,,,濫,,An overflowing; excess; to exceed due bounds.,,,,008_A_Chinese_and_English_Vocabulary_in_the_Tie-chiu_Dialect,108
nãn,Nán -3,,,爛,,Boiled or roasted excessively; torn; to tear; bright.,,,,008_A_Chinese_and_English_Vocabulary_in_the_Tie-chiu_Dialect,108
nãn,Nán -3,,,難,,Calamity; distress; to inflict suffering; difficult.,,,,008_A_Chinese_and_English_Vocabulary_in_the_Tie-chiu_Dialect,108
nãu,Nau -3,,,弩,,A cross-bow fitted to throw several arrows in succession.,,,,008_A_Chinese_and_English_Vocabulary_in_the_Tie-chiu_Dialect,126
né,Ne 2,,,冷,,Cold; solitary; lonely; careless.,,,,008_A_Chinese_and_English_Vocabulary_in_the_Tie-chiu_Dialect,126
nêng,Neng -1,,,能,,Power; able; morally able; willing.,,,,008_A_Chinese_and_English_Vocabulary_in_the_Tie-chiu_Dialect,126
nì,Ni 3-,,,女,,To give a girl in marriage; to marry.,,,,008_A_Chinese_and_English_Vocabulary_in_the_Tie-chiu_Dialect,131
nì,Ni 3-,,,呢,,An interrogative particle; also used for if; when.,,,,008_A_Chinese_and_English_Vocabulary_in_the_Tie-chiu_Dialect,131
nì,Ni 3-,,,昵,,Related to; connected or associated with; near.,,,,008_A_Chinese_and_English_Vocabulary_in_the_Tie-chiu_Dialect,131
nì,Ni 3-,,,麛,,A young deer; a young animal of any kind.,,,,008_A_Chinese_and_English_Vocabulary_in_the_Tie-chiu_Dialect,131
ní,Ni 2,,,禰,,Ancestral temple; hall of a father.,,,,008_A_Chinese_and_English_Vocabulary_in_the_Tie-chiu_Dialect,131
ní,Ni 2,,,𧼇,,To walk up hastily to; to embrace an opportunity.,,,,008_A_Chinese_and_English_Vocabulary_in_the_Tie-chiu_Dialect,131
ním,Nim 2,,,凛,,Intense cold; a cold; stern manner; awe.,,,,008_A_Chinese_and_English_Vocabulary_in_the_Tie-chiu_Dialect,113
ním,Nim 2,,,廩,,A public granary; name of an office.,,,,008_A_Chinese_and_English_Vocabulary_in_the_Tie-chiu_Dialect,113
ním,Nim 2,,,懍,,Fear; respect; awe; danger; lassitude.,,,,008_A_Chinese_and_English_Vocabulary_in_the_Tie-chiu_Dialect,113
nî,Ni -1,,,尼,,To accord with; concord; a Buddhist nun; stopped.,To accord with; concord; a budhist nun; stopped.,,,008_A_Chinese_and_English_Vocabulary_in_the_Tie-chiu_Dialect,131
nî,Ni -1,,,伲,,Thou; thee; you.,,,,008_A_Chinese_and_English_Vocabulary_in_the_Tie-chiu_Dialect,131
nî,Ni -1,,,坭,,Soft earth; mire; name of a place.,,,,008_A_Chinese_and_English_Vocabulary_in_the_Tie-chiu_Dialect,131
nî,Ni -1,,,妮,,A slave girl; a Buddhist nun.,A slave girl; a budhist nun.,,,008_A_Chinese_and_English_Vocabulary_in_the_Tie-chiu_Dialect,131
nî,Ni -1,,,泥,,Mire; miry; thick; adhesive; stagnant; bigoted.,,,,008_A_Chinese_and_English_Vocabulary_in_the_Tie-chiu_Dialect,131
nî,Ni -1,,,埿,,Mire; clay; miry; clayey.,,,,008_A_Chinese_and_English_Vocabulary_in_the_Tie-chiu_Dialect,131
nî,Ni -1,,,年,,A year; a person's age.,,,,008_A_Chinese_and_English_Vocabulary_in_the_Tie-chiu_Dialect,131
nî,Ni -1,,,𦮴,,Name of a tree which bears a small fruit.,,,,008_A_Chinese_and_English_Vocabulary_in_the_Tie-chiu_Dialect,131
nî,Ni -1,,,彌,,To let go the string of a bow; to shoot; to extend remotely.,,,,008_A_Chinese_and_English_Vocabulary_in_the_Tie-chiu_Dialect,131
nîm,Nim -1,,,臨,,To superintend; descend; come to; to commence.,,,,008_A_Chinese_and_English_Vocabulary_in_the_Tie-chiu_Dialect,113
nîm,Nim -1,,,林,,A grove; a forest; luxuriant.,,,,008_A_Chinese_and_English_Vocabulary_in_the_Tie-chiu_Dialect,113
nîm,Nim -1,,,淋,,Water dripping or falling; to wet or soak; to drench.,,,,008_A_Chinese_and_English_Vocabulary_in_the_Tie-chiu_Dialect,113
nîm,Nim -1,,,琳,,Name of a stone.,,,,008_A_Chinese_and_English_Vocabulary_in_the_Tie-chiu_Dialect,113
nîm,Nim -1,,,痲,,A stoppage of the urine; gravel.,,,,008_A_Chinese_and_English_Vocabulary_in_the_Tie-chiu_Dialect,113
nîm,Nim -1,,,霖,,"Long continued, incessant rains; abundant.",,,,008_A_Chinese_and_English_Vocabulary_in_the_Tie-chiu_Dialect,113
nñg,Nᵘng -3,,,卵,,An egg.,,,,008_A_Chinese_and_English_Vocabulary_in_the_Tie-chiu_Dialect,133
nò,Nó 3-,,,怒,,Anger; displeasure; to be angry with.,,,,008_A_Chinese_and_English_Vocabulary_in_the_Tie-chiu_Dialect,133
nó,Nó 2,,,娜,,Easy; leisurely; elegant; beautiful.,,,,008_A_Chinese_and_English_Vocabulary_in_the_Tie-chiu_Dialect,133
nó,Nó 2,,,挪,,To rub with the hand; to change from one use to another.,,,,008_A_Chinese_and_English_Vocabulary_in_the_Tie-chiu_Dialect,133
nó,Nó 2,,,挼,,To rub between both hands.,,,,008_A_Chinese_and_English_Vocabulary_in_the_Tie-chiu_Dialect,133
nô,Nó -1,,,孥,,Children and grand-children; delicate; a storehouse.,,,,008_A_Chinese_and_English_Vocabulary_in_the_Tie-chiu_Dialect,132
nô,Nó -1,,,帑,,Children and grand-children; delicate; a storehouse.,,,,008_A_Chinese_and_English_Vocabulary_in_the_Tie-chiu_Dialect,132
nô,Nó -1,,,駑,,An ugly old horse; a carriage horse.,,,,008_A_Chinese_and_English_Vocabulary_in_the_Tie-chiu_Dialect,132
nô,Nó -1,,,懦,,Weak; timorous; fearful; apprehensive.,,,,008_A_Chinese_and_English_Vocabulary_in_the_Tie-chiu_Dialect,133
nô,Nó -1,,,儺,,To drive away demons by certain rites; abundant; delicate.,,,,008_A_Chinese_and_English_Vocabulary_in_the_Tie-chiu_Dialect,133
nô,Nó -1,,,耨,,A hoe for rooting up weeds; to clear away weeds.,,,,008_A_Chinese_and_English_Vocabulary_in_the_Tie-chiu_Dialect,133
nôi,Noi -1,,,蓮,,A water lily.,,,,008_A_Chinese_and_English_Vocabulary_in_the_Tie-chiu_Dialect,133
nôu,No -1,,,奴,,A slave.,,,,008_A_Chinese_and_English_Vocabulary_in_the_Tie-chiu_Dialect,132
nôu,No -1,,,伮,,Great strength; murderous strength; desperate attack.,,,,008_A_Chinese_and_English_Vocabulary_in_the_Tie-chiu_Dialect,132
nôu,No -1,,,努,,Exertion of strength; strenous effort.,,,,008_A_Chinese_and_English_Vocabulary_in_the_Tie-chiu_Dialect,132
nôu,No -1,,,呶,,Outcry; vociferation; clamor.,,,,008_A_Chinese_and_English_Vocabulary_in_the_Tie-chiu_Dialect,132
nõ,Nó -3,,,二,,Two.,,,,008_A_Chinese_and_English_Vocabulary_in_the_Tie-chiu_Dialect,133
núe,Nue 2,,,餒,,Hunger; famine; putrid fish or flesh.,,,,008_A_Chinese_and_English_Vocabulary_in_the_Tie-chiu_Dialect,133
nńg,Nᵘng 2,,,女,,A woman; female; daughter.,,,,008_A_Chinese_and_English_Vocabulary_in_the_Tie-chiu_Dialect,133
nńg,Nᵘng 2,,,軟,,Soft; flexible; yielding; the wheel of a carriage.,,,,008_A_Chinese_and_English_Vocabulary_in_the_Tie-chiu_Dialect,133
nũi,Nui -3,,,耒,,A plough-handle; a plough.,,,,008_A_Chinese_and_English_Vocabulary_in_the_Tie-chiu_Dialect,133
n̂g,Ng -1,,,黃,,Yellow; the color of earth.,,,,008_A_Chinese_and_English_Vocabulary_in_the_Tie-chiu_Dialect,126
o,Ó 1,,,呵,,To speak angrily; reprehend; to interrogate; reinterated.,,,,008_A_Chinese_and_English_Vocabulary_in_the_Tie-chiu_Dialect,133
o,Ó 1,,,阿,,O! ah! a familiar prefix to a person's name; who? what; distorted.,,,,008_A_Chinese_and_English_Vocabulary_in_the_Tie-chiu_Dialect,133
o,Ó 1,,,娿,,Feeble; unsteady; weak.,,,,008_A_Chinese_and_English_Vocabulary_in_the_Tie-chiu_Dialect,134
o,Ó 1,,,猗,,Soft; flexible; waving as a mulberry tree.,,,,008_A_Chinese_and_English_Vocabulary_in_the_Tie-chiu_Dialect,134
o,Ó 1,,,窩,,A den; a cavern; a hollow place; solitary dwelling.,,,,008_A_Chinese_and_English_Vocabulary_in_the_Tie-chiu_Dialect,134
o,Ó 1,,,鍋,,A boiler; a utensil for containing fat.,,,,008_A_Chinese_and_English_Vocabulary_in_the_Tie-chiu_Dialect,134
oi,Oi 1,,,挨,,To place by the side of; to introduce; draw by force.,,,,008_A_Chinese_and_English_Vocabulary_in_the_Tie-chiu_Dialect,134
oi̍h,Oi -4,,,隘,,A narrow pass; in narrow circumstances; urgent; straightened.,,,,008_A_Chinese_and_English_Vocabulary_in_the_Tie-chiu_Dialect,134
ok,Ok 4,,,屋,,A habitation; house; a covering.,,,,008_A_Chinese_and_English_Vocabulary_in_the_Tie-chiu_Dialect,134
ok,Ok 4,,,偓,,To restrict; limit.,,,,008_A_Chinese_and_English_Vocabulary_in_the_Tie-chiu_Dialect,134
ok,Ok 4,,,喔,,Crowing of a cock.,,,,008_A_Chinese_and_English_Vocabulary_in_the_Tie-chiu_Dialect,134
ok,Ok 4,,,幄,,A curtain; a tent.,,,,008_A_Chinese_and_English_Vocabulary_in_the_Tie-chiu_Dialect,134
ok,Ok 4,,,握,,To grasp in the hand; to take a handful.,,,,008_A_Chinese_and_English_Vocabulary_in_the_Tie-chiu_Dialect,134
ok,Ok 4,,,渥,,Moistened; tinged; imbued; enriched; glossy.,,,,008_A_Chinese_and_English_Vocabulary_in_the_Tie-chiu_Dialect,134
ok,Ok 4,,,齷,,Closely pressed; embarrassed; to gnash the teeth.,,,,008_A_Chinese_and_English_Vocabulary_in_the_Tie-chiu_Dialect,134
ok,Ok 4,,,澚,,A bank; a shore.,,,,008_A_Chinese_and_English_Vocabulary_in_the_Tie-chiu_Dialect,134
ok,Ok 4,,,沃,,To water plants; flourishing; soft; fertile.,,,,008_A_Chinese_and_English_Vocabulary_in_the_Tie-chiu_Dialect,134
ong,Ong 1,,,翁,,Feathers on the neck of a bird; title of respect for old people.,,,,008_A_Chinese_and_English_Vocabulary_in_the_Tie-chiu_Dialect,134
ou,O 1,,,烏,,A crow; black; an interrogative particle; how?,,,,008_A_Chinese_and_English_Vocabulary_in_the_Tie-chiu_Dialect,133
ou,O 1,,,嫗,,A mother; the fructifying influences of nature.,,,,008_A_Chinese_and_English_Vocabulary_in_the_Tie-chiu_Dialect,133
ou,O 1,,,諏,,To recite; sing verses or songs; to nourish.,,,,008_A_Chinese_and_English_Vocabulary_in_the_Tie-chiu_Dialect,133
ou,O 1,,,鷗,,A certain kind of waterfowl.,,,,008_A_Chinese_and_English_Vocabulary_in_the_Tie-chiu_Dialect,133
pa,Pá 1,,,巴,,Wilderness; the country in distinction from the city.,,,,008_A_Chinese_and_English_Vocabulary_in_the_Tie-chiu_Dialect,134
pa,Pá 1,,,吧,,Large mouthed; angry; crying of an infant.,,,,008_A_Chinese_and_English_Vocabulary_in_the_Tie-chiu_Dialect,134
pa,Pá 1,,,爸,,Aged; an aged person; father.,,,,008_A_Chinese_and_English_Vocabulary_in_the_Tie-chiu_Dialect,134
pa,Pá 1,,,笆,,A thorny kind of bamboo; a hedge; fence.,,,,008_A_Chinese_and_English_Vocabulary_in_the_Tie-chiu_Dialect,134
pa,Pá 1,,,芭,,The blossoms and flowers of plants.,,,,008_A_Chinese_and_English_Vocabulary_in_the_Tie-chiu_Dialect,134
pak,Pák 4,,,幅,,A wide piece of cloth; roll of cloth or paper.,,,,008_A_Chinese_and_English_Vocabulary_in_the_Tie-chiu_Dialect,135
pak,Pák 4,,,腹,,The stomach; abdomen.,,,,008_A_Chinese_and_English_Vocabulary_in_the_Tie-chiu_Dialect,135
pak,Pák 4,,,北,,North; to go north.,,,,008_A_Chinese_and_English_Vocabulary_in_the_Tie-chiu_Dialect,135
pak,Pák 4,,,剝,,To split; tear; peel; flay; uncover; cut up.,,,,008_A_Chinese_and_English_Vocabulary_in_the_Tie-chiu_Dialect,135
pan,Pán 1,,,班,,To confer; distribute; place in order; a series; rank; class.,,,,008_A_Chinese_and_English_Vocabulary_in_the_Tie-chiu_Dialect,136
pan,Pán 1,,,斑,,Streaks; stripes; variegated colors.,,,,008_A_Chinese_and_English_Vocabulary_in_the_Tie-chiu_Dialect,136
pan,Pán 1,,,扳,,To pull back; to lead; draw to; reach up and grasp anything; pull down; climb up.,,,,008_A_Chinese_and_English_Vocabulary_in_the_Tie-chiu_Dialect,136
pan,Pán 1,,,攀,,To pull back; to lead; draw to; reach up and grasp anything; pull down; climb up.,,,,008_A_Chinese_and_English_Vocabulary_in_the_Tie-chiu_Dialect,136
pan,Pán 1,,,頒,,To confer; distribute; disperse; numerous.,,,,008_A_Chinese_and_English_Vocabulary_in_the_Tie-chiu_Dialect,136
pang,Páng 1,,,枋,,A certain wood fit for making carriages.,,,,008_A_Chinese_and_English_Vocabulary_in_the_Tie-chiu_Dialect,136
pang,Páng 1,,,崩,,To fall down from a high place; death of the emperor.,,,,008_A_Chinese_and_English_Vocabulary_in_the_Tie-chiu_Dialect,136
pang,Páng 1,,,邦,,A state; a nation; district.,,,,008_A_Chinese_and_English_Vocabulary_in_the_Tie-chiu_Dialect,136
pang,Páng 1,,,幇,,To assist; help; an assistant; a second; to bind a shoe.,,,,008_A_Chinese_and_English_Vocabulary_in_the_Tie-chiu_Dialect,136
pang,Páng 1,,,帮,,To assist; help; an assistant; a second; to bind a shoe.,,,,008_A_Chinese_and_English_Vocabulary_in_the_Tie-chiu_Dialect,136
pau,Pau 1,,,包,,To wrap round; infold; envelope; contain.,,,,008_A_Chinese_and_English_Vocabulary_in_the_Tie-chiu_Dialect,137
pau,Pau 1,,,胞,,That which surrounds an infant in the womb; a bladder.,,,,008_A_Chinese_and_English_Vocabulary_in_the_Tie-chiu_Dialect,137
pau,Pau 1,,,苞,,Grass of which mats are made; the hull or husk of grain.,,,,008_A_Chinese_and_English_Vocabulary_in_the_Tie-chiu_Dialect,137
pa̍k,Pák -4,,,縛,,To bind; tie fast; roll up.,,,,008_A_Chinese_and_English_Vocabulary_in_the_Tie-chiu_Dialect,135
peh,Pe 4,,,百,,A hundred; the whole number or species; many.,,,,008_A_Chinese_and_English_Vocabulary_in_the_Tie-chiu_Dialect,137
peh,Pe 4,,,伯,,A senior; superior; a father's elder brother.,,,,008_A_Chinese_and_English_Vocabulary_in_the_Tie-chiu_Dialect,137
peh,Pe 4,,,柏,,The cypress or fir; large; great; to urge.,,,,008_A_Chinese_and_English_Vocabulary_in_the_Tie-chiu_Dialect,137
peh,Pe 4,,,擘,,To beat the breast; break; to open; drive away.,,,,008_A_Chinese_and_English_Vocabulary_in_the_Tie-chiu_Dialect,137
pek,Pek 4,,,迫,,Urgent; pressing; to press hard upon and embarrass.,,,,008_A_Chinese_and_English_Vocabulary_in_the_Tie-chiu_Dialect,138
pek,Pek 4,,,偪,,To oppress; use ill; to compress; to fill; distend.,,,,008_A_Chinese_and_English_Vocabulary_in_the_Tie-chiu_Dialect,138
pek,Pek 4,,,逼,,To press upon; reduce to straits; tyrannize over.,,,,008_A_Chinese_and_English_Vocabulary_in_the_Tie-chiu_Dialect,138
pe̍h,Pe -4,,,白,,White; clear; manifest; to explain; gratuitously.,,,,008_A_Chinese_and_English_Vocabulary_in_the_Tie-chiu_Dialect,137
pe̍h,Pe -4,,,帛,,Silk; cloth goods; property; an official title; wealth.,,,,008_A_Chinese_and_English_Vocabulary_in_the_Tie-chiu_Dialect,137
phah,Pʽá 4,,,拍,,To pat; touch; stroke.,,,,008_A_Chinese_and_English_Vocabulary_in_the_Tie-chiu_Dialect,135
phah,Pʽá 4,,,打,,To strike; beat; to reckon; commence; do.,,,,008_A_Chinese_and_English_Vocabulary_in_the_Tie-chiu_Dialect,135
phak,Pʽák 4,,,博,,General; extensive; universal; profound.,,,,008_A_Chinese_and_English_Vocabulary_in_the_Tie-chiu_Dialect,135
phak,Pʽák 4,,,搏,,To strike with the hand; to touch; to fight; to wrest from.,,,,008_A_Chinese_and_English_Vocabulary_in_the_Tie-chiu_Dialect,135
phak,Pʽák 4,,,膊,,To strip and mangle slaughtered bodies; ribs and shoulders.,,,,008_A_Chinese_and_English_Vocabulary_in_the_Tie-chiu_Dialect,135
phak,Pʽák 4,,,賻,,To help; assist; assit with money.,,,,008_A_Chinese_and_English_Vocabulary_in_the_Tie-chiu_Dialect,135
phang,Pʽáng 1,,,䗦,,A bee; a wasp; in swarms or crowed.,,,,008_A_Chinese_and_English_Vocabulary_in_the_Tie-chiu_Dialect,136
phau,Pʽau 1,,,拋,,To throw stones with the hard; to throw; cast; a cannon.,,,,008_A_Chinese_and_English_Vocabulary_in_the_Tie-chiu_Dialect,137
phau,Pʽau 1,,,褒,,To praise; to commend virtuous and proper conduct.,,,,008_A_Chinese_and_English_Vocabulary_in_the_Tie-chiu_Dialect,137
pha̍k,Pʽák -4,,,暴,,To dry in the sun; scorch; bear the heat of the sun.,,,,008_A_Chinese_and_English_Vocabulary_in_the_Tie-chiu_Dialect,135
pha̍k,Pʽák -4,,,瀑,,A heavy rain; water rushing down; in a spring.,,,,008_A_Chinese_and_English_Vocabulary_in_the_Tie-chiu_Dialect,135
pha̍k,Pʽák -4,,,爆,,To dry by the fire; to heat; to fire crackers; to rend.,,,,008_A_Chinese_and_English_Vocabulary_in_the_Tie-chiu_Dialect,135
pha̍k,Pʽák -4,,,雹,,Hail; frozen rain.,,,,008_A_Chinese_and_English_Vocabulary_in_the_Tie-chiu_Dialect,135
phek,Pʽek 4,,,辟,,A title of royal personages; majestic; punishment; laws.,,,,008_A_Chinese_and_English_Vocabulary_in_the_Tie-chiu_Dialect,138
phek,Pʽek 4,,,劈,,To strike or break open; to tear; split; cut.,,,,008_A_Chinese_and_English_Vocabulary_in_the_Tie-chiu_Dialect,138
phek,Pʽek 4,,,擘,,To open; break; the fingers.,,,,008_A_Chinese_and_English_Vocabulary_in_the_Tie-chiu_Dialect,138
phek,Pʽek 4,,,癖,,Indigestion; costiveness; a craving appetite; phlegm.,,,,008_A_Chinese_and_English_Vocabulary_in_the_Tie-chiu_Dialect,138
phek,Pʽek 4,,,襞,,To fold or plait garments.,,,,008_A_Chinese_and_English_Vocabulary_in_the_Tie-chiu_Dialect,138
phek,Pʽek 4,,,闢,,To shake; burst forth or open; to expand; retire.,,,,008_A_Chinese_and_English_Vocabulary_in_the_Tie-chiu_Dialect,138
phek,Pʽek 4,,,霹,,The shock and noise of thunder; crashing of an earthquake.,,,,008_A_Chinese_and_English_Vocabulary_in_the_Tie-chiu_Dialect,138
phek,Pʽek 4,,,珀,,Amber.,,,,008_A_Chinese_and_English_Vocabulary_in_the_Tie-chiu_Dialect,138
phek,Pʽek 4,,,碧,,A stone of azure or bluish color.,,,,008_A_Chinese_and_English_Vocabulary_in_the_Tie-chiu_Dialect,138
phek,Pʽek 4,,,魄,,The animal soul; sentient principle; form.,,,,008_A_Chinese_and_English_Vocabulary_in_the_Tie-chiu_Dialect,138
phek,Pʽek 4,,,匐,,To fall prostate; to go on the hands and knees; to hasten.,,,,008_A_Chinese_and_English_Vocabulary_in_the_Tie-chiu_Dialect,138
phek,Pʽek 4,,,蔔,,A species of turnip.,,,,008_A_Chinese_and_English_Vocabulary_in_the_Tie-chiu_Dialect,138
pheng,Pʽeng 1,,,烹,,To boil water or other substances; to cook.,,,,008_A_Chinese_and_English_Vocabulary_in_the_Tie-chiu_Dialect,139
phi,Pʽi 1,,,披,,To open; spread out; spread over; cast off; break.,,,,008_A_Chinese_and_English_Vocabulary_in_the_Tie-chiu_Dialect,140
phiah,Pʽia 4,,,僻,,Mean; low; depraved; licentious; deflected.,,,,008_A_Chinese_and_English_Vocabulary_in_the_Tie-chiu_Dialect,140
phiah,Pʽia 4,,,癖,,See ../Pʽek/,,,,008_A_Chinese_and_English_Vocabulary_in_the_Tie-chiu_Dialect,140
phiou,Pʽio 1,,,剽,,To prick an ulcer; to cut off; rob; plunder; swift; urgent.,,,,008_A_Chinese_and_English_Vocabulary_in_the_Tie-chiu_Dialect,143
phiou,Pʽio 1,,,嘌,,"Irregular; without rule, law or limit.",,,,008_A_Chinese_and_English_Vocabulary_in_the_Tie-chiu_Dialect,143
phiou,Pʽio 1,,,慓,,Urgent; pressed; vehement.,,,,008_A_Chinese_and_English_Vocabulary_in_the_Tie-chiu_Dialect,143
phiou,Pʽio 1,,,標,,The highest point of a tree; a signal; sign board; a warrant.,,,,008_A_Chinese_and_English_Vocabulary_in_the_Tie-chiu_Dialect,143
phiou,Pʽio 1,,,瓢,,A species of gourd of which drinking cups are made.,,,,008_A_Chinese_and_English_Vocabulary_in_the_Tie-chiu_Dialect,143
phiou,Pʽio 1,,,螵,,A species of spider.,,,,008_A_Chinese_and_English_Vocabulary_in_the_Tie-chiu_Dialect,143
phiou,Pʽio 1,,,驃,,A fleet horse; strong and valorous.,,,,008_A_Chinese_and_English_Vocabulary_in_the_Tie-chiu_Dialect,143
phiou,Pʽio 1,,,飄,,A whirlwind; a sudden and violent wind; blown about.,,,,008_A_Chinese_and_English_Vocabulary_in_the_Tie-chiu_Dialect,143
phiou,Pʽio 1,,,麃,,Name of an animal resembling a deer; martial.,,,,008_A_Chinese_and_English_Vocabulary_in_the_Tie-chiu_Dialect,143
phiou,Pʽio 1,,,瀌,,Rain and snow blended; a fall of sleet.,,,,008_A_Chinese_and_English_Vocabulary_in_the_Tie-chiu_Dialect,143
phiou,Pʽio 1,,,穮,,To eradicate weeds from a field.,,,,008_A_Chinese_and_English_Vocabulary_in_the_Tie-chiu_Dialect,143
phiou,Pʽio 1,,,藨,,A plant of which mats and sandals are made.,,,,008_A_Chinese_and_English_Vocabulary_in_the_Tie-chiu_Dialect,143
phit,Pʽit 4,,,匹,,A pair; to correspond to; a husband or wife; intimate; single; a numeral of horses.,,,,008_A_Chinese_and_English_Vocabulary_in_the_Tie-chiu_Dialect,143
phit,Pʽit 4,,,疋,,A roll or piece of silk or cloth; a numeral of cloth.,,,,008_A_Chinese_and_English_Vocabulary_in_the_Tie-chiu_Dialect,143
phiàⁿ,Pʽⁿia 3-,,,聘,,To betroth; espouse; ask; enquire of; invite.,,,,008_A_Chinese_and_English_Vocabulary_in_the_Tie-chiu_Dialect,141
phiè,Pʽie 3-,,,票,,A government warrant; a broker's ticket; a written order.,,,,008_A_Chinese_and_English_Vocabulary_in_the_Tie-chiu_Dialect,141
phiè,Pʽie 3-,,,摽,,To strike; to beat or lay the hand upon the breast; to make a signal.,,,,008_A_Chinese_and_English_Vocabulary_in_the_Tie-chiu_Dialect,141
phièn,Pʽien 3-,,,片,,A splinter; fragment; a bit; a slip; to divide; judge.,,,,008_A_Chinese_and_English_Vocabulary_in_the_Tie-chiu_Dialect,142
phièn,Pʽien 3-,,,騙,,To mount a horse; to cheat; deceive; take advantage of.,,,,008_A_Chinese_and_English_Vocabulary_in_the_Tie-chiu_Dialect,142
phién,Pʽien 2,,,扁,,A tablet with an inscription; flat.,,,,008_A_Chinese_and_English_Vocabulary_in_the_Tie-chiu_Dialect,142
phiê,Pʽie -1,,,萍,,Moss-like substance which grows on stagnant water.,,,,008_A_Chinese_and_English_Vocabulary_in_the_Tie-chiu_Dialect,141
phiên,Pʽien -1,,,偏,,Lateral; inclined; partial to; selfish; depraved; bent upon; side.,,,,008_A_Chinese_and_English_Vocabulary_in_the_Tie-chiu_Dialect,141
phiên,Pʽien -1,,,篇,,A leaf or section of a book; writing on a slip of bamboo.,,,,008_A_Chinese_and_English_Vocabulary_in_the_Tie-chiu_Dialect,141
phiên,Pʽien -1,,,編,,To arrange together in proper order; to bind; plait.,,,,008_A_Chinese_and_English_Vocabulary_in_the_Tie-chiu_Dialect,141
phiên,Pʽien -1,,,翩,,To fly swiftly; crowd and bustle; troops and banners.,,,,008_A_Chinese_and_English_Vocabulary_in_the_Tie-chiu_Dialect,141
phiên,Pʽien -1,,,蝙,,A bat; also the name of a fish.,,,,008_A_Chinese_and_English_Vocabulary_in_the_Tie-chiu_Dialect,141
phiên,Pʽien -1,,,褊,,Small; straight; cramped; narrow.,,,,008_A_Chinese_and_English_Vocabulary_in_the_Tie-chiu_Dialect,141
phiên,Pʽien -1,,,蹁,,Lame or distorted about the foot; the knee pan.,,,,008_A_Chinese_and_English_Vocabulary_in_the_Tie-chiu_Dialect,141
phiên,Pʽien -1,,,便,,Continuous talking.,,,,008_A_Chinese_and_English_Vocabulary_in_the_Tie-chiu_Dialect,142
pho,Pʽó 1,,,坡,,A bank; declivity; hill; mound; steep.,,,,008_A_Chinese_and_English_Vocabulary_in_the_Tie-chiu_Dialect,144
phoh,Pʽó 4,,,粕,,Feces or dregs of wine or other liquors.,,,,008_A_Chinese_and_English_Vocabulary_in_the_Tie-chiu_Dialect,145
phoi,Pʽoi 1,,,批,,To strike; to compare; decide and declare officially; a petition; the reply; to pare off.,,,,008_A_Chinese_and_English_Vocabulary_in_the_Tie-chiu_Dialect,145
phok,Pʽok 4,,,卜,,To divine by means of a tortoise shell; to prognosticate; conjecture.,,,,008_A_Chinese_and_English_Vocabulary_in_the_Tie-chiu_Dialect,145
phok,Pʽok 4,,,仆,,Lying down; prostate; bowing the head to the ground.,,,,008_A_Chinese_and_English_Vocabulary_in_the_Tie-chiu_Dialect,145
phok,Pʽok 4,,,扑,,A slight stroke; to strike; to flog.,,,,008_A_Chinese_and_English_Vocabulary_in_the_Tie-chiu_Dialect,145
phok,Pʽok 4,,,朴,,The bark of a tree; great; fundamentals; separate.,,,,008_A_Chinese_and_English_Vocabulary_in_the_Tie-chiu_Dialect,145
phok,Pʽok 4,,,菐,,Luxuriant herbage; a case in which reeds are stuck.,,,,008_A_Chinese_and_English_Vocabulary_in_the_Tie-chiu_Dialect,145
phok,Pʽok 4,,,撲,,To lean towards; to fall; to pat; strike; flog.,,,,008_A_Chinese_and_English_Vocabulary_in_the_Tie-chiu_Dialect,145
phok,Pʽok 4,,,樸,,"Plain, hard, close wood; substantial; without ornament.",,,,008_A_Chinese_and_English_Vocabulary_in_the_Tie-chiu_Dialect,145
phok,Pʽok 4,,,璞,,An unpolished gem; the external covering of a gem.,,,,008_A_Chinese_and_English_Vocabulary_in_the_Tie-chiu_Dialect,145
phuah,Pʽua 4,,,潑,,To throw forth or sprinkle water; a shower; rain.,,,,008_A_Chinese_and_English_Vocabulary_in_the_Tie-chiu_Dialect,146
phuan,Pʽwan 1,,,幡,,A napkin for dusting; long streamers; to toss about.,,,,008_A_Chinese_and_English_Vocabulary_in_the_Tie-chiu_Dialect,148
phuan,Pʽwan 1,,,燔,,To roast; bake; flesh used in sacrifice.,,,,008_A_Chinese_and_English_Vocabulary_in_the_Tie-chiu_Dialect,148
phuan,Pʽwan 1,,,蕃,,Luxuriant; abundance; exuberance.,,,,008_A_Chinese_and_English_Vocabulary_in_the_Tie-chiu_Dialect,148
phuan,Pʽwan 1,,,藩,,A fence; boundary; frontier; to ward off.,,,,008_A_Chinese_and_English_Vocabulary_in_the_Tie-chiu_Dialect,148
phuan,Pʽwan 1,,,蟠,,Prostrate; writhing curling; burrowing in the ground.,,,,008_A_Chinese_and_English_Vocabulary_in_the_Tie-chiu_Dialect,148
phun,Pʽun 1,,,奔,,To run away; to go in haste; precipitate; hurry.,,,,008_A_Chinese_and_English_Vocabulary_in_the_Tie-chiu_Dialect,147
phuàn,Pʽwan 3-,,,判,,To divide; distinguish; judge; decide; decision.,,,,008_A_Chinese_and_English_Vocabulary_in_the_Tie-chiu_Dialect,148
phuàn,Pʽwan 3-,,,拌,,To reject; throw away; disregard; to divide.,,,,008_A_Chinese_and_English_Vocabulary_in_the_Tie-chiu_Dialect,148
phuàn,Pʽwan 3-,,,泮,,A semi-circular pool in front of Chinese colleges; to bind.,,,,008_A_Chinese_and_English_Vocabulary_in_the_Tie-chiu_Dialect,148
phuàn,Pʽwan 3-,,,絆,,Ropes for entangling the feet; a snare; halter; to bind.,,,,008_A_Chinese_and_English_Vocabulary_in_the_Tie-chiu_Dialect,148
phuàn,Pʽwan 3-,,,胖,,The half of a victim; a slice of; large; fleshy.,,,,008_A_Chinese_and_English_Vocabulary_in_the_Tie-chiu_Dialect,148
phuân,Pʽwan -1,,,般,,To divide distribute; remove.,,,,008_A_Chinese_and_English_Vocabulary_in_the_Tie-chiu_Dialect,148
phuân,Pʽwan -1,,,槃,,"A basin to wash in, or to drink from.",,,,008_A_Chinese_and_English_Vocabulary_in_the_Tie-chiu_Dialect,148
phuân,Pʽwan -1,,,磐,,A rock; large stone.,,,,008_A_Chinese_and_English_Vocabulary_in_the_Tie-chiu_Dialect,148
phuân,Pʽwan -1,,,縏,,A small bag; a satchel.,,,,008_A_Chinese_and_English_Vocabulary_in_the_Tie-chiu_Dialect,148
phuân,Pʽwan -1,,,鞶,,A large girdle worn round the waist.,,,,008_A_Chinese_and_English_Vocabulary_in_the_Tie-chiu_Dialect,148
phuân,Pʽwan -1,,,弁,,A cap or bonnet to keep up the hair and show a person's rank.,,,,008_A_Chinese_and_English_Vocabulary_in_the_Tie-chiu_Dialect,148
phuân,Pʽwan -1,,,拚,,To take with the hand; to brush away; reject.,,,,008_A_Chinese_and_English_Vocabulary_in_the_Tie-chiu_Dialect,148
phuân,Pʽwan -1,,,磻,,Name of a stream; a stone fit for pointing arrows.,,,,008_A_Chinese_and_English_Vocabulary_in_the_Tie-chiu_Dialect,148
phà,Pʽá 3-,,,冇,,"Empty, as grain without a kernel; withered; blasted.",,,,008_A_Chinese_and_English_Vocabulary_in_the_Tie-chiu_Dialect,135
phà,Pʽá 3-,,,怕,,To fear; be afraid.,,,,008_A_Chinese_and_English_Vocabulary_in_the_Tie-chiu_Dialect,135
phàu,Pʽau 3-,,,炮,,A gun; cannon; rocket; to bake in the cinders.,,,,008_A_Chinese_and_English_Vocabulary_in_the_Tie-chiu_Dialect,137
phàu,Pʽau 3-,,,砲,,An engine for throwing stones; a gun; a mortar.,,,,008_A_Chinese_and_English_Vocabulary_in_the_Tie-chiu_Dialect,137
pháng,Pʽáng 2,,,紡,,Hempen threads; cords; to twist; spin.,,,,008_A_Chinese_and_English_Vocabulary_in_the_Tie-chiu_Dialect,137
pháu,Pʽau 2,,,跑,,To run; run away; to stamp; excavate the earth.,,,,008_A_Chinese_and_English_Vocabulary_in_the_Tie-chiu_Dialect,137
phâi,Pʽai -1,,,徘,,Dissolute play and amusement; irresolute; fickle.,,,,008_A_Chinese_and_English_Vocabulary_in_the_Tie-chiu_Dialect,135
phâng,Pʽáng -1,,,旁,,Large; great; by the side; near to.,,,,008_A_Chinese_and_English_Vocabulary_in_the_Tie-chiu_Dialect,136
phâng,Pʽáng -1,,,徬,,"To run by the side of, as a driver.",,,,008_A_Chinese_and_English_Vocabulary_in_the_Tie-chiu_Dialect,136
phâng,Pʽáng -1,,,滂,,Rain; water rushing down; a torrent.,,,,008_A_Chinese_and_English_Vocabulary_in_the_Tie-chiu_Dialect,136
phâng,Pʽáng -1,,,磅,,A stone falling; to rub or grind; a crash.,,,,008_A_Chinese_and_English_Vocabulary_in_the_Tie-chiu_Dialect,136
phâng,Pʽáng -1,,,膀,,The groin.,,,,008_A_Chinese_and_English_Vocabulary_in_the_Tie-chiu_Dialect,136
phâng,Pʽáng -1,,,螃,,A crab; a fish that goes side-ways.,,,,008_A_Chinese_and_English_Vocabulary_in_the_Tie-chiu_Dialect,136
phâng,Pʽáng -1,,,舤,,A sail; canvass; to sail.,,,,008_A_Chinese_and_English_Vocabulary_in_the_Tie-chiu_Dialect,136
phâng,Pʽáng -1,,,龐,,A lofty house; filled full; crammed.,,,,008_A_Chinese_and_English_Vocabulary_in_the_Tie-chiu_Dialect,136
phâu,Pʽau -1,,,刨,,To pare off; to plane; to dig. a joiner's plane.,,,,008_A_Chinese_and_English_Vocabulary_in_the_Tie-chiu_Dialect,137
phâu,Pʽau -1,,,咆,,To road; the roar of a wild beast; angry.,,,,008_A_Chinese_and_English_Vocabulary_in_the_Tie-chiu_Dialect,137
phâu,Pʽau -1,,,庖,,A kitchen; cook house; a cook.,,,,008_A_Chinese_and_English_Vocabulary_in_the_Tie-chiu_Dialect,137
phâu,Pʽau -1,,,泡,,Bubbles on agitate or boiling water; blisters or pustules on the skin.,,,,008_A_Chinese_and_English_Vocabulary_in_the_Tie-chiu_Dialect,137
phâu,Pʽau -1,,,瓟,,A gourd of which drinking cups are made.,,,,008_A_Chinese_and_English_Vocabulary_in_the_Tie-chiu_Dialect,137
phâu,Pʽau -1,,,袍,,A cloak or large and long garment.,,,,008_A_Chinese_and_English_Vocabulary_in_the_Tie-chiu_Dialect,137
phã,Pʽá -3,,,疱,,A disease which causes swelling; swollen; a swelling.,,,,008_A_Chinese_and_English_Vocabulary_in_the_Tie-chiu_Dialect,135
phè,Pʽe 3-,,,帕,,A napkin; handkerchief; ornaments for the head.,,,,008_A_Chinese_and_English_Vocabulary_in_the_Tie-chiu_Dialect,137
phè,Pʽe 3-,,,袙,,A turban; napkin to cover the forehead; apron.,,,,008_A_Chinese_and_English_Vocabulary_in_the_Tie-chiu_Dialect,138
phèng,Pʽeng 3-,,,聘,,To ask; inquire of; invite; to betroth; an embassy of peace.,,,,008_A_Chinese_and_English_Vocabulary_in_the_Tie-chiu_Dialect,139
phèng,Pʽeng 3-,,,騁,,To walk; run; press forward at full speed.,,,,008_A_Chinese_and_English_Vocabulary_in_the_Tie-chiu_Dialect,139
phêng,Pʽeng -1,,,平,,Even; equal; just; level; tranquil; to level; to subjugate.,,,,008_A_Chinese_and_English_Vocabulary_in_the_Tie-chiu_Dialect,139
phêng,Pʽeng -1,,,坪,,Level ground.,,,,008_A_Chinese_and_English_Vocabulary_in_the_Tie-chiu_Dialect,139
phêng,Pʽeng -1,,,秤,,To weigh; a certain weight.,,,,008_A_Chinese_and_English_Vocabulary_in_the_Tie-chiu_Dialect,139
phêng,Pʽeng -1,,,評,,To deliberate; arrange; decide; fix; criticise.,,,,008_A_Chinese_and_English_Vocabulary_in_the_Tie-chiu_Dialect,139
phêng,Pʽeng -1,,,憑,,Leaning on; proof; what may be proved.,,,,008_A_Chinese_and_English_Vocabulary_in_the_Tie-chiu_Dialect,139
phêng,Pʽeng -1,,,朋,,"Of the same school, class or society; an equal; a friend.",,,,008_A_Chinese_and_English_Vocabulary_in_the_Tie-chiu_Dialect,139
phêng,Pʽeng -1,,,鵬,,A fabulous bird transformed into a fish.,,,,008_A_Chinese_and_English_Vocabulary_in_the_Tie-chiu_Dialect,139
phêⁿ,Pʽⁿe -1,,,平,,Even; level; smooth.,,,,008_A_Chinese_and_English_Vocabulary_in_the_Tie-chiu_Dialect,138
phêⁿ,Pʽⁿe -1,,,彭,,Sound of a drum; appendages to military chariots; abundant; haughty; a path.,,,,008_A_Chinese_and_English_Vocabulary_in_the_Tie-chiu_Dialect,138
phêⁿ,Pʽⁿe -1,,,膨,,A large swelled belly.,,,,008_A_Chinese_and_English_Vocabulary_in_the_Tie-chiu_Dialect,138
phì,Pʽi 3-,,,嬖,,Partiality for; blind affection; depraved; a prostitute.,,,,008_A_Chinese_and_English_Vocabulary_in_the_Tie-chiu_Dialect,140
phì,Pʽi 3-,,,譬,,To make a comparison; to compare; illustrate; a parable.,,,,008_A_Chinese_and_English_Vocabulary_in_the_Tie-chiu_Dialect,140
phí,Pʽi 2,,,鄙,,A small confined city; rustic; low; vulgar; vicious.,,,,008_A_Chinese_and_English_Vocabulary_in_the_Tie-chiu_Dialect,140
phí,Pʽi 2,,,丕,,Large; to present to; to receive with respect.,,,,008_A_Chinese_and_English_Vocabulary_in_the_Tie-chiu_Dialect,140
phí,Pʽi 2,,,坯,,To erect a mound; to fill up; add; increase.,,,,008_A_Chinese_and_English_Vocabulary_in_the_Tie-chiu_Dialect,140
phí,Pʽi 2,,,邳,,Name of a place.,,,,008_A_Chinese_and_English_Vocabulary_in_the_Tie-chiu_Dialect,140
phí,Pʽi 2,,,痞,,Pain; disease; a gathering in the abdomen; stoppage.,,,,008_A_Chinese_and_English_Vocabulary_in_the_Tie-chiu_Dialect,140
phín,Pʽin 2,,,㰋,,The apple-tree.,,,,008_A_Chinese_and_English_Vocabulary_in_the_Tie-chiu_Dialect,142
phín,Pʽin 2,,,牝,,Female; the female organ of generation.,,,,008_A_Chinese_and_English_Vocabulary_in_the_Tie-chiu_Dialect,142
phín,Pʽin 2,,,砭,,A stone needle; to probe; to probe.,,,,008_A_Chinese_and_English_Vocabulary_in_the_Tie-chiu_Dialect,142
phín,Pʽin 2,,,貶,,To censure; blame; detract from; injure.,,,,008_A_Chinese_and_English_Vocabulary_in_the_Tie-chiu_Dialect,142
phî,Pʽi -1,,,疲,,Fatigued; wearied; lassitude; weakness.,,,,008_A_Chinese_and_English_Vocabulary_in_the_Tie-chiu_Dialect,140
phîn,Pʽin -1,,,屛,,A screen inside a door; to screen; cover; reject.,,,,008_A_Chinese_and_English_Vocabulary_in_the_Tie-chiu_Dialect,142
phîn,Pʽin -1,,,缾,,A pitcher or other utensil for containing wine.,,,,008_A_Chinese_and_English_Vocabulary_in_the_Tie-chiu_Dialect,142
phîn,Pʽin -1,,,貧,,Indigent; poor.,,,,008_A_Chinese_and_English_Vocabulary_in_the_Tie-chiu_Dialect,142
phîn,Pʽin -1,,,頻,,Urgent; pressing; precipitate; uninterrupted; continually.,,,,008_A_Chinese_and_English_Vocabulary_in_the_Tie-chiu_Dialect,142
phîn,Pʽin -1,,,嚬,,"To contract the eyebrows, as in smiling, anger or sorrow.",,,,008_A_Chinese_and_English_Vocabulary_in_the_Tie-chiu_Dialect,142
phîn,Pʽin -1,,,蘋,,Name of a plant which grows on the surface of water.,,,,008_A_Chinese_and_English_Vocabulary_in_the_Tie-chiu_Dialect,142
phîn,Pʽin -1,,,顰,,To frown; contract the eyebrows.,,,,008_A_Chinese_and_English_Vocabulary_in_the_Tie-chiu_Dialect,142
phòu,Pʽo 3-,,,舖,,A shop; a store where things are sold.,,,,008_A_Chinese_and_English_Vocabulary_in_the_Tie-chiu_Dialect,144
phó,Pʽó 2,,,頗,,Uneven; inclined to one side; in a small degree; rather.,,,,008_A_Chinese_and_English_Vocabulary_in_the_Tie-chiu_Dialect,144
phó,Pʽó 2,,,跛,,Lame; leaning on one side.,,,,008_A_Chinese_and_English_Vocabulary_in_the_Tie-chiu_Dialect,145
phóu,Pʽo 2,,,甫,,To spread or extend everywhere; eminent; to begin.,,,,008_A_Chinese_and_English_Vocabulary_in_the_Tie-chiu_Dialect,144
phóu,Pʽo 2,,,匍,,To go; creep on the hand & feet; crawl; strive to attain.,,,,008_A_Chinese_and_English_Vocabulary_in_the_Tie-chiu_Dialect,144
phóu,Pʽo 2,,,圃,,A garden; orchard; cultivated field.,,,,008_A_Chinese_and_English_Vocabulary_in_the_Tie-chiu_Dialect,144
phóu,Pʽo 2,,,浦,,Small streams; a creek or inlet.,,,,008_A_Chinese_and_English_Vocabulary_in_the_Tie-chiu_Dialect,144
phóu,Pʽo 2,,,莆,,Name of a plant; the sword plant.,,,,008_A_Chinese_and_English_Vocabulary_in_the_Tie-chiu_Dialect,144
phóu,Pʽo 2,,,溥,,Large; great; pervading everywhere; to spread aboard; proclaim.,,,,008_A_Chinese_and_English_Vocabulary_in_the_Tie-chiu_Dialect,144
phóu,Pʽo 2,,,普,,Universally pervading; everywhere; great; uniform.,,,,008_A_Chinese_and_English_Vocabulary_in_the_Tie-chiu_Dialect,144
phóu,Pʽo 2,,,譜,,A list; genealogy; biography; to write out a list; to arrange.,,,,008_A_Chinese_and_English_Vocabulary_in_the_Tie-chiu_Dialect,144
phóu,Pʽo 2,,,剖,,To divide; split asunder in the middle; break open.,,,,008_A_Chinese_and_English_Vocabulary_in_the_Tie-chiu_Dialect,144
phôu,Pʽo -1,,,鋪,,To spread out; arrange; a bed or table; a shop or store.,,,,008_A_Chinese_and_English_Vocabulary_in_the_Tie-chiu_Dialect,144
phõ,Pʽó -3,,,抱,,To hold in the arms; infold; embrace.,,,,008_A_Chinese_and_English_Vocabulary_in_the_Tie-chiu_Dialect,145
phõu,Pʽo -3,,,簿,,A register; account or memoranda book; a badge of office.,,,,008_A_Chinese_and_English_Vocabulary_in_the_Tie-chiu_Dialect,144
phùa,Pʽua 3-,,,破,,Rent; broken; defeated; ruined; to break; defeat.,,,,008_A_Chinese_and_English_Vocabulary_in_the_Tie-chiu_Dialect,146
phùa,Pʽua 3-,,,剖,,To divide in the middle; split asunder; break open.,,,,008_A_Chinese_and_English_Vocabulary_in_the_Tie-chiu_Dialect,146
phùe,Pʽue 3-,,,配,,Color of wine; a fellow; an equal; companion; to pair; unite; to accompany.,,,,008_A_Chinese_and_English_Vocabulary_in_the_Tie-chiu_Dialect,147
phû,Pʽu -1,,,浮,,To float; to flow along with the stream; excess; light.,,,,008_A_Chinese_and_English_Vocabulary_in_the_Tie-chiu_Dialect,146
phû,Pʽu -1,,,菩,,Grass; herbage; thatch.,,,,008_A_Chinese_and_English_Vocabulary_in_the_Tie-chiu_Dialect,146
phû,Pʽu -1,,,蔔,,The grape.,,,,008_A_Chinese_and_English_Vocabulary_in_the_Tie-chiu_Dialect,146
phû,Pʽu -1,,,蒲,,A species of water-rush of which mats are made.,,,,008_A_Chinese_and_English_Vocabulary_in_the_Tie-chiu_Dialect,146
phû,Pʽu -1,,,簠,,A round basket for grain.,,,,008_A_Chinese_and_English_Vocabulary_in_the_Tie-chiu_Dialect,146
phûa,Pʽua -1,,,婆,,"A designation of women, especially aged mothers.",,,,008_A_Chinese_and_English_Vocabulary_in_the_Tie-chiu_Dialect,146
phûaⁿ,Pʽⁿua -1,,,潘,,The dregs or washings of rice; dirty spots on the face.,,,,008_A_Chinese_and_English_Vocabulary_in_the_Tie-chiu_Dialect,146
phûe,Pʽue -1,,,皮,,Skin; bark; peel; wrapper; to skin; to peel.,,,,008_A_Chinese_and_English_Vocabulary_in_the_Tie-chiu_Dialect,147
phûe,Pʽue -1,,,培,,To add earth or manure to; to assist; benefit; nourish.,,,,008_A_Chinese_and_English_Vocabulary_in_the_Tie-chiu_Dialect,147
phûn,Pʽun -1,,,盆,,"A jar, pitcher, basin, tub,",,,,008_A_Chinese_and_English_Vocabulary_in_the_Tie-chiu_Dialect,147
phûn,Pʽun -1,,,賁,,Strenuous; impetuous effort.,,,,008_A_Chinese_and_English_Vocabulary_in_the_Tie-chiu_Dialect,147
phûn,Pʽun -1,,,墳,,A tomb; grave; hillock; a bank; great; vast.,,,,008_A_Chinese_and_English_Vocabulary_in_the_Tie-chiu_Dialect,147
phûn,Pʽun -1,,,坟,,A tomb; grave; hillock; a bank; great; vast.,,,,008_A_Chinese_and_English_Vocabulary_in_the_Tie-chiu_Dialect,147
phûn,Pʽun -1,,,濆,,The bank of a river; to overflow; to spirt forth water.,,,,008_A_Chinese_and_English_Vocabulary_in_the_Tie-chiu_Dialect,147
phāi,Pʽai 3,,,派,,To branch off; ramify; appoint to various departments.,,,,008_A_Chinese_and_English_Vocabulary_in_the_Tie-chiu_Dialect,135
phāi,Pʽai 3,,,沛,,Increasing; copious; superabundant; rainy.,,,,008_A_Chinese_and_English_Vocabulary_in_the_Tie-chiu_Dialect,135
phāi,Pʽai 3,,,霈,,Heavy rains; water flowing; marshy.,,,,008_A_Chinese_and_English_Vocabulary_in_the_Tie-chiu_Dialect,135
phān,Pʽán 3,,,盼,,A beautiful eye; to look affectionately; to look about.,,,,008_A_Chinese_and_English_Vocabulary_in_the_Tie-chiu_Dialect,136
phũaⁿ,Pʽⁿua -3,,,伴,,An associate; fellow; companion; to accompany.,,,,008_A_Chinese_and_English_Vocabulary_in_the_Tie-chiu_Dialect,146
pi,Pi 1,,,碑,,A stone tablet erected at tombs; in temples &c.,,,,008_A_Chinese_and_English_Vocabulary_in_the_Tie-chiu_Dialect,139
pi,Pi 1,,,貔,,Name of an animal resembling a hog.,,,,008_A_Chinese_and_English_Vocabulary_in_the_Tie-chiu_Dialect,139
piah,Pia 4,,,壁,,A wall; a rampart; a rocky precipice.,,,,008_A_Chinese_and_English_Vocabulary_in_the_Tie-chiu_Dialect,140
piah,Pia 4,,,璧,,A round precious stone used as a badge of authority; an auspicious stone.,,,,008_A_Chinese_and_English_Vocabulary_in_the_Tie-chiu_Dialect,140
piaⁿ,Pⁿia 1,,,兵,,Soldiers; an army; weapons of war; to attack.,,,,008_A_Chinese_and_English_Vocabulary_in_the_Tie-chiu_Dialect,140
piaⁿ,Pⁿia 1,,,氷,,Ice; gum; as camphor; rock sugar &c.,,,,008_A_Chinese_and_English_Vocabulary_in_the_Tie-chiu_Dialect,141
piaⁿ,Pⁿia 1,,,冰,,Ice; gum; as camphor; rock sugar &c.,,,,008_A_Chinese_and_English_Vocabulary_in_the_Tie-chiu_Dialect,141
pien,Pien 1,,,綆,,The rope of a well; a rope for drawing water.,,,,008_A_Chinese_and_English_Vocabulary_in_the_Tie-chiu_Dialect,141
pien,Pien 1,,,鞭,,"A whip, lash or rod; to whip; flog.",,,,008_A_Chinese_and_English_Vocabulary_in_the_Tie-chiu_Dialect,141
pien,Pien 1,,,籩,,Name of an office; a basket used in sacrifice.,,,,008_A_Chinese_and_English_Vocabulary_in_the_Tie-chiu_Dialect,141
pie̍t,Piet -4,,,別,,To divide; separate; distinguish.,,,,008_A_Chinese_and_English_Vocabulary_in_the_Tie-chiu_Dialect,142
pie̍t,Piet -4,,,畢,,The end; at last; finally.,,,,008_A_Chinese_and_English_Vocabulary_in_the_Tie-chiu_Dialect,142
pih,Pi 4,,,鱉,,A species of tortoise.,,,,008_A_Chinese_and_English_Vocabulary_in_the_Tie-chiu_Dialect,140
pin,Pin 1,,,賓,,A guest; a visitor; to receive a visitor.,,,,008_A_Chinese_and_English_Vocabulary_in_the_Tie-chiu_Dialect,142
pin,Pin 1,,,儐,,To accompany; to receive a guest with due ceremony; to pay respect to.,,,,008_A_Chinese_and_English_Vocabulary_in_the_Tie-chiu_Dialect,142
pin,Pin 1,,,嬪,,A woman; a beautiful woman; a deceased wife.,,,,008_A_Chinese_and_English_Vocabulary_in_the_Tie-chiu_Dialect,142
pin,Pin 1,,,擯,,To expel; reject; an envoy; to receive a national visitor.,,,,008_A_Chinese_and_English_Vocabulary_in_the_Tie-chiu_Dialect,142
pin,Pin 1,,,濱,,"The margin of a river, lake or sea; contiguous; near.",,,,008_A_Chinese_and_English_Vocabulary_in_the_Tie-chiu_Dialect,142
pin,Pin 1,,,繽,,Numerous; crowded; mixed; variegated; in confusion.,,,,008_A_Chinese_and_English_Vocabulary_in_the_Tie-chiu_Dialect,142
pin,Pin 1,,,鑌,,Refined steel suitable for knives or swords.,,,,008_A_Chinese_and_English_Vocabulary_in_the_Tie-chiu_Dialect,142
pin,Pin 1,,,邠,,Name of a province or state.,,,,008_A_Chinese_and_English_Vocabulary_in_the_Tie-chiu_Dialect,142
pin,Pin 1,,,斌,,A due mixture of plainness and ornament.,,,,008_A_Chinese_and_English_Vocabulary_in_the_Tie-chiu_Dialect,142
pin,Pin 1,,,彬,,A due mixture of plainness and ornament.,,,,008_A_Chinese_and_English_Vocabulary_in_the_Tie-chiu_Dialect,142
pin,Pin 1,,,豳,,Name of an ancient state.,,,,008_A_Chinese_and_English_Vocabulary_in_the_Tie-chiu_Dialect,142
piouⁿ,Pⁿio -2,,,板,,A flat board; a board on which lists are made.,,,,008_A_Chinese_and_English_Vocabulary_in_the_Tie-chiu_Dialect,145
pit,Pit 4,,,筆,,"A pen, pencil or any utensil for writing with.",,,,008_A_Chinese_and_English_Vocabulary_in_the_Tie-chiu_Dialect,143
pit,Pit 4,,,必,,Decided; certain; necessary; must.,,,,008_A_Chinese_and_English_Vocabulary_in_the_Tie-chiu_Dialect,143
piu,Piu 1,,,彪,,"Streaks, spots or veins, as of a tiger; a small tiger; a company.",,,,008_A_Chinese_and_English_Vocabulary_in_the_Tie-chiu_Dialect,143
piàⁿ,Pⁿia 3-,,,并,,Together with; also; both together.,,,,008_A_Chinese_and_English_Vocabulary_in_the_Tie-chiu_Dialect,141
piáⁿ,Pⁿia 2,,,丙,,An astronomical character used in the cycle.,,,,008_A_Chinese_and_English_Vocabulary_in_the_Tie-chiu_Dialect,141
piáⁿ,Pⁿia 2,,,餅,,"Food made of flour, as pastry, cakes, biscuit.",,,,008_A_Chinese_and_English_Vocabulary_in_the_Tie-chiu_Dialect,141
piè,Pie 3-,,,漂,,To float; sail; moved and agitated as by the wind.,,,,008_A_Chinese_and_English_Vocabulary_in_the_Tie-chiu_Dialect,141
piè,Pie 3-,,,裱,,A lady's kerchief; pictures pasted on anything.,,,,008_A_Chinese_and_English_Vocabulary_in_the_Tie-chiu_Dialect,141
pièn,Pien 3-,,,變,,A change; alternation; revolution; calamity.,,,,008_A_Chinese_and_English_Vocabulary_in_the_Tie-chiu_Dialect,141
pièn,Pien 3-,,,徧,,To go round; extend every where; to pervade every place.,,,,008_A_Chinese_and_English_Vocabulary_in_the_Tie-chiu_Dialect,141
pièn,Pien 3-,,,遍,,To go round; extend every where; to pervade every place.,,,,008_A_Chinese_and_English_Vocabulary_in_the_Tie-chiu_Dialect,141
pién,Pien 2,,,匾,,A thin utensil; flat; a board; or tablet.,,,,008_A_Chinese_and_English_Vocabulary_in_the_Tie-chiu_Dialect,141
pióu,Pio 2,,,表,,Exterior; external; to manifest; point out; a manifest.,,,,008_A_Chinese_and_English_Vocabulary_in_the_Tie-chiu_Dialect,143
pióu,Pio 2,,,俵,,To give; distribute.,,,,008_A_Chinese_and_English_Vocabulary_in_the_Tie-chiu_Dialect,143
piôu,Pio -1,,,嫖,,Levity; given up to prostitution; addicted to lewdness.,,,,008_A_Chinese_and_English_Vocabulary_in_the_Tie-chiu_Dialect,143
piōuⁿ,Pⁿio 3,,,秘,,Blasted grain; tares; small; minute.,,,,008_A_Chinese_and_English_Vocabulary_in_the_Tie-chiu_Dialect,145
piōuⁿ,Pⁿio 3,,,稗,,Tares; weeds similar to grain.,,,,008_A_Chinese_and_English_Vocabulary_in_the_Tie-chiu_Dialect,145
piōuⁿ,Pⁿio 3,,,辦,,To adjust; judge; decide; punish.,,,,008_A_Chinese_and_English_Vocabulary_in_the_Tie-chiu_Dialect,145
pi̍t,Pit -4,,,畢,,The end; close; termination; finished; at last.,,,,008_A_Chinese_and_English_Vocabulary_in_the_Tie-chiu_Dialect,143
pi̍t,Pit -4,,,篳,,A hedge; an inclosure; a mean abode; a cart.,,,,008_A_Chinese_and_English_Vocabulary_in_the_Tie-chiu_Dialect,143
pi̍t,Pit -4,,,蓽,,Name of a medicinal plant; a wicket gate.,,,,008_A_Chinese_and_English_Vocabulary_in_the_Tie-chiu_Dialect,143
pi̍t,Pit -4,,,蹕,,To oblige to stop; to clear the way for the emperor; imperial traveling.,,,,008_A_Chinese_and_English_Vocabulary_in_the_Tie-chiu_Dialect,143
pi̍t,Pit -4,,,弼,,A splice attached to a bow; to assist; add to; distorted.,,,,008_A_Chinese_and_English_Vocabulary_in_the_Tie-chiu_Dialect,143
pi̍t,Pit -4,,,觱,,A horn blown to frighten horses.,,,,008_A_Chinese_and_English_Vocabulary_in_the_Tie-chiu_Dialect,143
piẽn,Pien -3,,,卞,,Hurry; perturbed; hasty; a law; system of government.,,,,008_A_Chinese_and_English_Vocabulary_in_the_Tie-chiu_Dialect,141
piẽn,Pien -3,,,忭,,Gladsome; joyful.,,,,008_A_Chinese_and_English_Vocabulary_in_the_Tie-chiu_Dialect,141
piẽn,Pien -3,,,抃,,"To touch with the hand; to strike the hands together, as in beating time, dancing etc.",,,,008_A_Chinese_and_English_Vocabulary_in_the_Tie-chiu_Dialect,141
piẽn,Pien -3,,,便,,Easel convenient; advantageous; then; forthwith; thus.,,,,008_A_Chinese_and_English_Vocabulary_in_the_Tie-chiu_Dialect,141
piẽn,Pien -3,,,辨,,To divide; distinguish; discuss; ascertain.,,,,008_A_Chinese_and_English_Vocabulary_in_the_Tie-chiu_Dialect,141
piẽn,Pien -3,,,瓣,,The internal sections of fruit like an orange; petals of flowers.,,,,008_A_Chinese_and_English_Vocabulary_in_the_Tie-chiu_Dialect,141
piẽn,Pien -3,,,辯,,To distinguish; judge; discriminate clearly; to dispute.,,,,008_A_Chinese_and_English_Vocabulary_in_the_Tie-chiu_Dialect,141
piⁿ,Pⁿi 1,,,邊,,On the frontier; border; by the side of; outside.,,,,008_A_Chinese_and_English_Vocabulary_in_the_Tie-chiu_Dialect,140
po,Pó 1,,,玻,,A vitreous substance; glass; a gem.,,,,008_A_Chinese_and_English_Vocabulary_in_the_Tie-chiu_Dialect,144
po,Pó 1,,,波,,Waves; water agitated by the wind; glossy; bright.,,,,008_A_Chinese_and_English_Vocabulary_in_the_Tie-chiu_Dialect,144
po,Pó 1,,,菠,,Name of a fruit or vegetable.,,,,008_A_Chinese_and_English_Vocabulary_in_the_Tie-chiu_Dialect,144
po,Pó 1,,,陂,,Uneven; not level.,,,,008_A_Chinese_and_English_Vocabulary_in_the_Tie-chiu_Dialect,144
poh,Pó 4,,,駁,,Particolored; diverse; to contradict; dispute.,,,,008_A_Chinese_and_English_Vocabulary_in_the_Tie-chiu_Dialect,144
poih,Poi 4,,,八,,Eight.,,,,008_A_Chinese_and_English_Vocabulary_in_the_Tie-chiu_Dialect,145
poi̍h,Poi -4,,,拔,,To pull out; eradicate; draw forth.,,,,008_A_Chinese_and_English_Vocabulary_in_the_Tie-chiu_Dialect,145
pou,Po 1,,,埔,,To extend widely; great; eminent; a field; a plain.,,,,008_A_Chinese_and_English_Vocabulary_in_the_Tie-chiu_Dialect,143
pou,Po 1,,,埠,,A mart; place where ships and traders assemble.,,,,008_A_Chinese_and_English_Vocabulary_in_the_Tie-chiu_Dialect,143
pou,Po -2,,,補,,To repair; mend; make up a deficiency; to strengthen.,,,,008_A_Chinese_and_English_Vocabulary_in_the_Tie-chiu_Dialect,144
po̍h,Pó -4,,,薄,,Thin; slight; poor; bad; poor treatment; to despise.,,,,008_A_Chinese_and_English_Vocabulary_in_the_Tie-chiu_Dialect,144
po̍h,Pó -4,,,泊,,The glare of water; a small wave; to anchor by the shore or in a bay.,,,,008_A_Chinese_and_English_Vocabulary_in_the_Tie-chiu_Dialect,144
po̍k,Pok -4,,,僕,,A servant; slave; to follow; comply.,,,,008_A_Chinese_and_English_Vocabulary_in_the_Tie-chiu_Dialect,145
pu,Pu 1,,,晡,,From 3 to 5 o'clock P.M.,,,,008_A_Chinese_and_English_Vocabulary_in_the_Tie-chiu_Dialect,145
pu,Pu 1,,,搏,,To take; pursue and seize; to catch; to persecute.,,,,008_A_Chinese_and_English_Vocabulary_in_the_Tie-chiu_Dialect,145
pu,Pu 1,,,痡,,Disease; an internal gathering or induration.,,,,008_A_Chinese_and_English_Vocabulary_in_the_Tie-chiu_Dialect,145
pu,Pu 1,,,逋,,To abscond; run away; fugitive; in debt.,,,,008_A_Chinese_and_English_Vocabulary_in_the_Tie-chiu_Dialect,145
pu,Pu 1,,,餔,,To feed; supply with food; dinner.,,,,008_A_Chinese_and_English_Vocabulary_in_the_Tie-chiu_Dialect,146
puah,Pua 4,,,鉢,,A priest's rice dish; what is transferred from one to another.,,,,008_A_Chinese_and_English_Vocabulary_in_the_Tie-chiu_Dialect,146
puat,Pwat 4,,,拔,,To pull up; root out.,,,,008_A_Chinese_and_English_Vocabulary_in_the_Tie-chiu_Dialect,148
pua̍t,Pwat -4,,,孛,,Plants shooting up luxuriantly; disobedient.,,,,008_A_Chinese_and_English_Vocabulary_in_the_Tie-chiu_Dialect,148
pua̍t,Pwat -4,,,勃,,Suddenly; a sudden change of countenance.,,,,008_A_Chinese_and_English_Vocabulary_in_the_Tie-chiu_Dialect,148
pua̍t,Pwat -4,,,悖,,Unsubmissive to just authority; rebellious; disobedient.,,,,008_A_Chinese_and_English_Vocabulary_in_the_Tie-chiu_Dialect,148
pua̍t,Pwat -4,,,愂,,To delude; mislead by artful speeches; rebellion.,,,,008_A_Chinese_and_English_Vocabulary_in_the_Tie-chiu_Dialect,148
pua̍t,Pwat -4,,,誖,,To delude; mislead by artful speeches; rebellion.,,,,008_A_Chinese_and_English_Vocabulary_in_the_Tie-chiu_Dialect,148
pua̍t,Pwat -4,,,浡,,Suddenly bursting forth; abundant; confused.,,,,008_A_Chinese_and_English_Vocabulary_in_the_Tie-chiu_Dialect,148
pua̍t,Pwat -4,,,祓,,To drive away calamity and supplicate blessings; to cleanse.,,,,008_A_Chinese_and_English_Vocabulary_in_the_Tie-chiu_Dialect,148
pua̍t,Pwat -4,,,跋,,To travel through shrubby path; to walk laboriously.,,,,008_A_Chinese_and_English_Vocabulary_in_the_Tie-chiu_Dialect,148
pua̍t,Pwat -4,,,鈸,,Small bells used in the Budhist worship.,,,,008_A_Chinese_and_English_Vocabulary_in_the_Tie-chiu_Dialect,148
puaⁿ,Pⁿua 1,,,般,,A manner; class; way; fashion.,,,,008_A_Chinese_and_English_Vocabulary_in_the_Tie-chiu_Dialect,146
puaⁿ,Pⁿua 1,,,搬,,To put away; remove; transfer; pass over.,,,,008_A_Chinese_and_English_Vocabulary_in_the_Tie-chiu_Dialect,146
pue,Pue 1,,,飛,,To fly; to go or do with speed.,,,,008_A_Chinese_and_English_Vocabulary_in_the_Tie-chiu_Dialect,146
pue,Pue 1,,,杯,,A wine cup; a drinking cup.,,,,008_A_Chinese_and_English_Vocabulary_in_the_Tie-chiu_Dialect,146
pue,Pue 1,,,盃,,A wine cup; a drinking cup.,,,,008_A_Chinese_and_English_Vocabulary_in_the_Tie-chiu_Dialect,146
pui,Pui 1,,,悲,,To commiserate; pity; tender compassion.,,,,008_A_Chinese_and_English_Vocabulary_in_the_Tie-chiu_Dialect,147
pui,Pui 1,,,卑,,Inferior; low; servile; below.,,,,008_A_Chinese_and_English_Vocabulary_in_the_Tie-chiu_Dialect,147
put,Put 4,,,不,,Not; no.,,,,008_A_Chinese_and_English_Vocabulary_in_the_Tie-chiu_Dialect,147
puãn,Pwan -3,,,叛,,To revolt; separate from; desert.,,,,008_A_Chinese_and_English_Vocabulary_in_the_Tie-chiu_Dialect,147
puãn,Pwan -3,,,畔,,A path which divides fields.,,,,008_A_Chinese_and_English_Vocabulary_in_the_Tie-chiu_Dialect,147
pà,Pá 3-,,,覇,,To encroach; usurp; use force; compel; a prickly plant.,,,,008_A_Chinese_and_English_Vocabulary_in_the_Tie-chiu_Dialect,135
pà,Pá 3-,,,豹,,A leopard.,,,,008_A_Chinese_and_English_Vocabulary_in_the_Tie-chiu_Dialect,135
pài,Pai 3-,,,拜,,To bow; worship; to bow in token of accepting anything.,,,,008_A_Chinese_and_English_Vocabulary_in_the_Tie-chiu_Dialect,135
pài,Pai 3-,,,湃,,The sound of water increasing and rushing.,,,,008_A_Chinese_and_English_Vocabulary_in_the_Tie-chiu_Dialect,135
pàn,Pán 3-,,,扮,,To dress; set in order; a dress; apparel.,,,,008_A_Chinese_and_English_Vocabulary_in_the_Tie-chiu_Dialect,136
pàng,Páng 3-,,,放,,To let go; send away; drive away; to put; lay down.,,,,008_A_Chinese_and_English_Vocabulary_in_the_Tie-chiu_Dialect,136
pá,Pá 2,,,把,,"To take hold of; grasp; seize; read pe, a numeral of things taken in the hand.","To take hold of; grasp; sieze; read pe, a numeral of things taken in the hand.",,,008_A_Chinese_and_English_Vocabulary_in_the_Tie-chiu_Dialect,134
pá,Pá 2,,,飽,,Full; having eaten sufficient; satiated.,,,,008_A_Chinese_and_English_Vocabulary_in_the_Tie-chiu_Dialect,134
pái,Pai 2,,,擺,,To separate; spread out; open; to strike; rouse.,,,,008_A_Chinese_and_English_Vocabulary_in_the_Tie-chiu_Dialect,135
pán,Pán 2,,,板,,A flat board; a bastinade; a register; board for engraving words.,,,,008_A_Chinese_and_English_Vocabulary_in_the_Tie-chiu_Dialect,136
pán,Pán 2,,,版,,A board; plank; a list; register; tablet.,,,,008_A_Chinese_and_English_Vocabulary_in_the_Tie-chiu_Dialect,136
pán,Pán 2,,,舨,,A boat.,,,,008_A_Chinese_and_English_Vocabulary_in_the_Tie-chiu_Dialect,136
páng,Páng 2,,,綁,,To tie; to bind with cords.,,,,008_A_Chinese_and_English_Vocabulary_in_the_Tie-chiu_Dialect,136
páng,Páng 2,,,榜,,A splinter; the rule by which officers and literati are chosen; a notification.,,,,008_A_Chinese_and_English_Vocabulary_in_the_Tie-chiu_Dialect,136
pâi,Pai -1,,,牌,,A tablet; an order of government; a permit; passport; warrant; a shield.,,,,008_A_Chinese_and_English_Vocabulary_in_the_Tie-chiu_Dialect,135
pâi,Pai -1,,,排,,To arrange; adjust; put in order; spread out.,,,,008_A_Chinese_and_English_Vocabulary_in_the_Tie-chiu_Dialect,135
pân,Pán -1,,,瓶,,A large wine pitcher.,,,,008_A_Chinese_and_English_Vocabulary_in_the_Tie-chiu_Dialect,136
pâng,Páng -1,,,房,,A dwelling; a house; a room; an office.,,,,008_A_Chinese_and_English_Vocabulary_in_the_Tie-chiu_Dialect,136
pã,Pá -3,,,罷,,To desist; put a stop to; a final particle; enough; well.,,,,008_A_Chinese_and_English_Vocabulary_in_the_Tie-chiu_Dialect,135
pãng,Páng -3,,,傍,,To approach; to lean against; lateral; to stand by the side.,,,,008_A_Chinese_and_English_Vocabulary_in_the_Tie-chiu_Dialect,136
pãng,Páng -3,,,搒,,To screen; propel a boat; to strike; wrest from.,,,,008_A_Chinese_and_English_Vocabulary_in_the_Tie-chiu_Dialect,136
pãng,Páng -3,,,謗,,To slander; vilify; to injure one's reputation.,,,,008_A_Chinese_and_English_Vocabulary_in_the_Tie-chiu_Dialect,136
pãu,Pau -3,,,暴,,Scorching; cruel; fierce; oppressive; violent wind.,,,,008_A_Chinese_and_English_Vocabulary_in_the_Tie-chiu_Dialect,137
pãu,Pau -3,,,菢,,"To cover over, as a bird its eggs.",,,,008_A_Chinese_and_English_Vocabulary_in_the_Tie-chiu_Dialect,137
pãu,Pau -3,,,雹,,Fish preserved in brine.,,,,008_A_Chinese_and_English_Vocabulary_in_the_Tie-chiu_Dialect,137
pèⁿ,Pⁿe 3-,,,柄,,A handle; authority; control.,,,,008_A_Chinese_and_English_Vocabulary_in_the_Tie-chiu_Dialect,138
pé,Pe 2,,,杷,,A handle; an instrument for leveling the ground.,,,,008_A_Chinese_and_English_Vocabulary_in_the_Tie-chiu_Dialect,137
péng,Peng 2,,,胼,,Hard; stiff; indurated skin; callous.,,,,008_A_Chinese_and_English_Vocabulary_in_the_Tie-chiu_Dialect,138
péng,Peng 2,,,迸,,To be dispersed; to water idly; flow away; expel.,,,,008_A_Chinese_and_English_Vocabulary_in_the_Tie-chiu_Dialect,138
péng,Peng 2,,,秉,,A handful; to grasp; lay hold of; adhere to.,,,,008_A_Chinese_and_English_Vocabulary_in_the_Tie-chiu_Dialect,138
péng,Peng 2,,,炳,,The light of fire; luminous; perspicuous.,,,,008_A_Chinese_and_English_Vocabulary_in_the_Tie-chiu_Dialect,138
pê,Pe -1,,,爬,,To scrape; scratch; crawl like a crab.,,,,008_A_Chinese_and_English_Vocabulary_in_the_Tie-chiu_Dialect,137
pê,Pe -1,,,耙,,A harrow; a rake; barbed arrow; military carriage.,,,,008_A_Chinese_and_English_Vocabulary_in_the_Tie-chiu_Dialect,137
pê,Pe -1,,,鈀,,A harrow; a rake; barbed arrow; military carriage.,,,,008_A_Chinese_and_English_Vocabulary_in_the_Tie-chiu_Dialect,137
pê,Pe -1,,,筢,,A rake.,,,,008_A_Chinese_and_English_Vocabulary_in_the_Tie-chiu_Dialect,137
pê,Pe -1,,,琶,,A three stringed instrument played with the hands.,,,,008_A_Chinese_and_English_Vocabulary_in_the_Tie-chiu_Dialect,137
pê,Pe -1,,,抓,,To scratch gently; tickle; to cajole.,,,,008_A_Chinese_and_English_Vocabulary_in_the_Tie-chiu_Dialect,137
pêng,Peng -1,,,崩,,Death of the emperor or high rulers.,,,,008_A_Chinese_and_English_Vocabulary_in_the_Tie-chiu_Dialect,138
pêng,Peng -1,,,駢,,A pair of horses attached to a carriage; together.,,,,008_A_Chinese_and_English_Vocabulary_in_the_Tie-chiu_Dialect,138
pêⁿ,Pⁿe -1,,,棚,,A temporary tent or shed.,,,,008_A_Chinese_and_English_Vocabulary_in_the_Tie-chiu_Dialect,138
pì,Pi 3-,,,賁,,Glossed over; ornamented; herbage.,,,,008_A_Chinese_and_English_Vocabulary_in_the_Tie-chiu_Dialect,140
pì,Pi 3-,,,秘,,Mysterious; divine; abstruse; secret.,,,,008_A_Chinese_and_English_Vocabulary_in_the_Tie-chiu_Dialect,140
pì,Pi 3-,,,閟,,Anything secret; mysterious; careful.,,,,008_A_Chinese_and_English_Vocabulary_in_the_Tie-chiu_Dialect,140
pì,Pi 3-,,,庇,,Affording shade and shelter; to cover over; protect.,,,,008_A_Chinese_and_English_Vocabulary_in_the_Tie-chiu_Dialect,140
pì,Pi 3-,,,詖,,Artful debate and litigation; insidious accusation.,,,,008_A_Chinese_and_English_Vocabulary_in_the_Tie-chiu_Dialect,140
pì,Pi 3-,,,轡,,The rain by which a horse is guided.,,,,008_A_Chinese_and_English_Vocabulary_in_the_Tie-chiu_Dialect,140
pì,Pi 3-,,,臂,,The arm from the elbow to the wrist.,,,,008_A_Chinese_and_English_Vocabulary_in_the_Tie-chiu_Dialect,140
pìn,Pin 3-,,,殯,,To perform funeral rites; to inter.,,,,008_A_Chinese_and_English_Vocabulary_in_the_Tie-chiu_Dialect,142
pìn,Pin 3-,,,𩯭,,The hair on the temples.,,,,008_A_Chinese_and_English_Vocabulary_in_the_Tie-chiu_Dialect,142
pìn,Pin 3-,,,遍,,See ../Pien/,,,,008_A_Chinese_and_English_Vocabulary_in_the_Tie-chiu_Dialect,142
pìn,Pin 3-,,,笓,,A comb; a bamboo rake; to lead; draw.,,,,008_A_Chinese_and_English_Vocabulary_in_the_Tie-chiu_Dialect,142
pí,Pi 2,,,匕,,A spoon; a ladle.,,,,008_A_Chinese_and_English_Vocabulary_in_the_Tie-chiu_Dialect,139
pí,Pi 2,,,比,,To compare; classify; collate; prepare.,,,,008_A_Chinese_and_English_Vocabulary_in_the_Tie-chiu_Dialect,139
pí,Pi 2,,,妣,,A deceased mother; a female ancestor.,,,,008_A_Chinese_and_English_Vocabulary_in_the_Tie-chiu_Dialect,139
pí,Pi 2,,,彼,,"That person, place, or thing; that; he.",,,,008_A_Chinese_and_English_Vocabulary_in_the_Tie-chiu_Dialect,139
pín,Pin 2,,,品,,A series; rank; class; actions; conduct; to arrange; a thing.,,,,008_A_Chinese_and_English_Vocabulary_in_the_Tie-chiu_Dialect,142
pín,Pin 2,,,禀,,To give; confer; receive; receive what is conferred; to state before a superior.,,,,008_A_Chinese_and_English_Vocabulary_in_the_Tie-chiu_Dialect,142
pî,Pi -1,,,尼,,To pass wind backwards; contempt for a person.,,,,008_A_Chinese_and_English_Vocabulary_in_the_Tie-chiu_Dialect,139
pî,Pi -1,,,琵,,To push from; name of a stringed instrument.,,,,008_A_Chinese_and_English_Vocabulary_in_the_Tie-chiu_Dialect,139
pî,Pi -1,,,秕,,Blasted grain; tares; chaff or grain not filled.,,,,008_A_Chinese_and_English_Vocabulary_in_the_Tie-chiu_Dialect,139
pî,Pi -1,,,痺,,A disease arising from damp.,,,,008_A_Chinese_and_English_Vocabulary_in_the_Tie-chiu_Dialect,139
pî,Pi -1,,,脾,,The internal membrane of the stomach; to stop.,,,,008_A_Chinese_and_English_Vocabulary_in_the_Tie-chiu_Dialect,139
pò,Pó 3-,,,報,,To reward; requite; a recompense; to inform.,,,,008_A_Chinese_and_English_Vocabulary_in_the_Tie-chiu_Dialect,144
pòu,Po 3-,,,布,,Cotton or linen cloth; to spread out or abroad; diffuse.,,,,008_A_Chinese_and_English_Vocabulary_in_the_Tie-chiu_Dialect,144
pó,Pó 2,,,保,,To feed; nourish; protect; to be surety for; to sustain.,,,,008_A_Chinese_and_English_Vocabulary_in_the_Tie-chiu_Dialect,144
pó,Pó 2,,,堡,,A station for defence; a citadel; military post.,,,,008_A_Chinese_and_English_Vocabulary_in_the_Tie-chiu_Dialect,144
pó,Pó 2,,,葆,,Luxuriant herbage; to shade; cover; tranquil.,,,,008_A_Chinese_and_English_Vocabulary_in_the_Tie-chiu_Dialect,144
pó,Pó 2,,,褓,,A cloth to wrap up children or to carry them on the nurse's back.,A cloth to wrap up children or to carry them on the murse's back.,,,008_A_Chinese_and_English_Vocabulary_in_the_Tie-chiu_Dialect,144
pó,Pó 2,,,寳,,A gem; precious; felicitous; a national seal.,,,,008_A_Chinese_and_English_Vocabulary_in_the_Tie-chiu_Dialect,144
póng,Pong 2,,,抔,,"To take up in the palm of the hands, as water.",,,,008_A_Chinese_and_English_Vocabulary_in_the_Tie-chiu_Dialect,145
póu,Po 2,,,脯,,Meat dried and preserved; flesh of any kind.,,,,008_A_Chinese_and_English_Vocabulary_in_the_Tie-chiu_Dialect,143
póu,Po 2,,,斧,,An axe; hatchet.,,,,008_A_Chinese_and_English_Vocabulary_in_the_Tie-chiu_Dialect,144
pông,Pong -1,,,𥭗,,A mat covering for a boat; a utensil for straining liquor.,,,,008_A_Chinese_and_English_Vocabulary_in_the_Tie-chiu_Dialect,145
pông,Pong -1,,,篷,,"A mat for a boat cover, sail, tent &c.",,,,008_A_Chinese_and_English_Vocabulary_in_the_Tie-chiu_Dialect,145
pông,Pong -1,,,蓬,,Name of an edible plant; luxuriant; in disorder.,,,,008_A_Chinese_and_English_Vocabulary_in_the_Tie-chiu_Dialect,145
pông,Pong -1,,,縫,,To sew; to unite by a seam; a seam; fissure; cleft.,,,,008_A_Chinese_and_English_Vocabulary_in_the_Tie-chiu_Dialect,145
pông,Pong -1,,,鬔,,Hair complicated and in disorder.,,,,008_A_Chinese_and_English_Vocabulary_in_the_Tie-chiu_Dialect,145
põu,Po -3,,,部,,A genus; tribe; a book or set of books; a council; public court; board of officers.,,,,008_A_Chinese_and_English_Vocabulary_in_the_Tie-chiu_Dialect,144
pùa,Pua 3-,,,播,,To sow; scatter; disseminate.,,,,008_A_Chinese_and_English_Vocabulary_in_the_Tie-chiu_Dialect,146
pùa,Pua 3-,,,簸,,A sieve for throwing up and winnowing grain.,,,,008_A_Chinese_and_English_Vocabulary_in_the_Tie-chiu_Dialect,146
pùaⁿ,Pⁿua 3-,,,半,,The half of anything; to divide in the middle.,,,,008_A_Chinese_and_English_Vocabulary_in_the_Tie-chiu_Dialect,146
pùe,Pue 3-,,,背,,The back.,,,,008_A_Chinese_and_English_Vocabulary_in_the_Tie-chiu_Dialect,147
pùe,Pue 3-,,,輩,,A company; sort; class; series; forms the plural.,,,,008_A_Chinese_and_English_Vocabulary_in_the_Tie-chiu_Dialect,147
pùe,Pue 3-,,,貝,,Pearls; anything valuable and precious.,,,,008_A_Chinese_and_English_Vocabulary_in_the_Tie-chiu_Dialect,147
pùe,Pue 3-,,,珼,,Ornaments of tortoise shell; ornaments inlaid.,,,,008_A_Chinese_and_English_Vocabulary_in_the_Tie-chiu_Dialect,147
pùn,Pun 3-,,,糞,,Excrement; ordure; filth; manure; to manure.,,,,008_A_Chinese_and_English_Vocabulary_in_the_Tie-chiu_Dialect,147
pún,Pun 2,,,本,,The root; original; substance; principal; foundation; this; mine; own.,,,,008_A_Chinese_and_English_Vocabulary_in_the_Tie-chiu_Dialect,147
pún,Pun 2,,,畚,,A basket for carrying earth or manure.,,,,008_A_Chinese_and_English_Vocabulary_in_the_Tie-chiu_Dialect,147
pû,Pu -1,,,匏,,A kind of melon or pumpkin.,,,,008_A_Chinese_and_English_Vocabulary_in_the_Tie-chiu_Dialect,145
pûaⁿ,Pⁿua -1,,,盤,,A tub-like vessel; a bathing tub; rice vessel; plate.,,,,008_A_Chinese_and_English_Vocabulary_in_the_Tie-chiu_Dialect,146
pûe,Pue -1,,,賠,,To make up a deficiency or loss; to restore; repay.,,,,008_A_Chinese_and_English_Vocabulary_in_the_Tie-chiu_Dialect,146
pûe,Pue -1,,,陪,,To accompany; attach to; assist; to second.,,,,008_A_Chinese_and_English_Vocabulary_in_the_Tie-chiu_Dialect,146
pûi,Pui -1,,,肥,,Fleshy; fat; abundant; rich land; to fatten.,,,,008_A_Chinese_and_English_Vocabulary_in_the_Tie-chiu_Dialect,147
pûn,Pun -1,,,噴,,To blow or expel forcibly from the mouth.,,,,008_A_Chinese_and_English_Vocabulary_in_the_Tie-chiu_Dialect,147
pûn,Pun -1,,,分,,To divide; distribute; give.,,,,008_A_Chinese_and_English_Vocabulary_in_the_Tie-chiu_Dialect,147
pāi,Pai 3,,,敗,,To subvert or be subverted; to break; spoil; ruin.,,,,008_A_Chinese_and_English_Vocabulary_in_the_Tie-chiu_Dialect,135
pēⁿ,Pⁿe 3,,,病,,Sickness; disease; defect; fault; to cause disease.,,,,008_A_Chinese_and_English_Vocabulary_in_the_Tie-chiu_Dialect,138
pĩ,Pi -3,,,偹,,Completed; ready; prepared; to prepare; provide.,,,,008_A_Chinese_and_English_Vocabulary_in_the_Tie-chiu_Dialect,139
pĩ,Pi -3,,,備,,Completed; ready; prepared; to prepare; provide.,,,,008_A_Chinese_and_English_Vocabulary_in_the_Tie-chiu_Dialect,139
pĩ,Pi -3,,,俾,,To cause that; to enable; to perform; accord.,,,,008_A_Chinese_and_English_Vocabulary_in_the_Tie-chiu_Dialect,139
pĩ,Pi -3,,,婢,,A female slave.,,,,008_A_Chinese_and_English_Vocabulary_in_the_Tie-chiu_Dialect,139
pĩ,Pi -3,,,庳,,A low cottage; low; short; the nose.,,,,008_A_Chinese_and_English_Vocabulary_in_the_Tie-chiu_Dialect,139
pĩ,Pi -3,,,裨,,To be benefited; to assist; supply what is deficient; to enable.,,,,008_A_Chinese_and_English_Vocabulary_in_the_Tie-chiu_Dialect,139
pĩ,Pi -3,,,閉,,To shut a door; to stop or close up; conceal.,,,,008_A_Chinese_and_English_Vocabulary_in_the_Tie-chiu_Dialect,139
pĩ,Pi -3,,,枇,,A fruit tree; a fine comb.,,,,008_A_Chinese_and_English_Vocabulary_in_the_Tie-chiu_Dialect,139
pĩ,Pi -3,,,紕,,Silk fringes and tassels applied to flags; a series.,,,,008_A_Chinese_and_English_Vocabulary_in_the_Tie-chiu_Dialect,139
pĩ,Pi -3,,,陛,,Stairs; steps; to ascend high.,,,,008_A_Chinese_and_English_Vocabulary_in_the_Tie-chiu_Dialect,139
pĩ,Pi -3,,,敝,,Bad; spoiled; poor; tattered raiment; evil; vice; crime.,,,,008_A_Chinese_and_English_Vocabulary_in_the_Tie-chiu_Dialect,139
pĩ,Pi -3,,,幣,,Silk; wealth; present.,,,,008_A_Chinese_and_English_Vocabulary_in_the_Tie-chiu_Dialect,139
pĩ,Pi -3,,,蔽,,To shade; shelter; conceal; screen; small.,,,,008_A_Chinese_and_English_Vocabulary_in_the_Tie-chiu_Dialect,139
pĩ,Pi -3,,,斃,,To die; dead.,,,,008_A_Chinese_and_English_Vocabulary_in_the_Tie-chiu_Dialect,140
pĩ,Pi -3,,,被,,A sign of the passive verb; is; a covering; to cover over.,,,,008_A_Chinese_and_English_Vocabulary_in_the_Tie-chiu_Dialect,140
pĩⁿ,Pⁿi -3,,,辮,,To plait; twist; interweave.,,,,008_A_Chinese_and_English_Vocabulary_in_the_Tie-chiu_Dialect,140
pī,Pi 3,,,豼,,Name of a ferocious animal resembling a tiger.,,,,008_A_Chinese_and_English_Vocabulary_in_the_Tie-chiu_Dialect,140
pī,Pi 3,,,毖,,Careful; attentive; painstaking; laborious.,,,,008_A_Chinese_and_English_Vocabulary_in_the_Tie-chiu_Dialect,140
pī,Pi 3,,,柲,,The handle of a spear; a pair; stem of a pencil.,,,,008_A_Chinese_and_English_Vocabulary_in_the_Tie-chiu_Dialect,140
pī,Pi 3,,,泌,,Water flowing from a spring constantly increasing and widening.,,,,008_A_Chinese_and_English_Vocabulary_in_the_Tie-chiu_Dialect,140
pī,Pi 3,,,避,,To avoid; shun; retire; from; escape.,,,,008_A_Chinese_and_English_Vocabulary_in_the_Tie-chiu_Dialect,140
pī,Pi 3,,,弊,,To fall prostate or dead; to kill; wearied; vicious.,,,,008_A_Chinese_and_English_Vocabulary_in_the_Tie-chiu_Dialect,140
pīⁿ,Pⁿi 3,,,鼻,,The nose; nostrils; to smell.,,,,008_A_Chinese_and_English_Vocabulary_in_the_Tie-chiu_Dialect,140
pōu,Po 3,,,步,,A pace; a step; to travel; walk; go on foot.,,,,008_A_Chinese_and_English_Vocabulary_in_the_Tie-chiu_Dialect,144
pũ,Pu -3,,,哺,,To feed; put food into one's mouth; to nurse.,,,,008_A_Chinese_and_English_Vocabulary_in_the_Tie-chiu_Dialect,146
pũ,Pu -3,,,佈,,To extend; extensive; filling the whole space.,,,,008_A_Chinese_and_English_Vocabulary_in_the_Tie-chiu_Dialect,146
pũ,Pu -3,,,怖,,Afraid; alarmed; to cause fear.,,,,008_A_Chinese_and_English_Vocabulary_in_the_Tie-chiu_Dialect,146
pũ,Pu -3,,,富,,Wealthy; rich; great possessions.,,,,008_A_Chinese_and_English_Vocabulary_in_the_Tie-chiu_Dialect,146
pũe,Pue -3,,,倍,,To increase double; two-fold; to oppose; low; vicious.,,,,008_A_Chinese_and_English_Vocabulary_in_the_Tie-chiu_Dialect,146
pũe,Pue -3,,,焙,,To dry by the fire; to hatch eggs by the fire.,,,,008_A_Chinese_and_English_Vocabulary_in_the_Tie-chiu_Dialect,146
pũe,Pue -3,,,裴,,Long garments or robes.,,,,008_A_Chinese_and_English_Vocabulary_in_the_Tie-chiu_Dialect,146
pũe,Pue -3,,,佩,,Things attached to the girdle; to attach; to gird.,,,,008_A_Chinese_and_English_Vocabulary_in_the_Tie-chiu_Dialect,146
pũe,Pue -3,,,珮,,A girdle with precious stones attached to it.,,,,008_A_Chinese_and_English_Vocabulary_in_the_Tie-chiu_Dialect,147
pũe,Pue -3,,,狽,,An animal of the wolf kind said to be destitute of one or more feet; embarrassed.,,,,008_A_Chinese_and_English_Vocabulary_in_the_Tie-chiu_Dialect,147
pũe,Pue -3,,,背,,To turn the back upon; to oppose; despise.,,,,008_A_Chinese_and_English_Vocabulary_in_the_Tie-chiu_Dialect,147
pũn,Pun -3,,,笨,,The inside of bamboo; stupid; coarse.,,,,008_A_Chinese_and_English_Vocabulary_in_the_Tie-chiu_Dialect,147
pūi,Pui 3,,,吠,,The voice of a dog; to bark.,,,,008_A_Chinese_and_English_Vocabulary_in_the_Tie-chiu_Dialect,147
pṳng,Pùng 1,,,楓,,Name of a peculiar kind of wood.,,,,008_A_Chinese_and_English_Vocabulary_in_the_Tie-chiu_Dialect,147
pṳ́ng,Pùng 2,,,本,,Original; natural; one's own; the root; fundamental.,,,,008_A_Chinese_and_English_Vocabulary_in_the_Tie-chiu_Dialect,147
pṳ̄ng,Pùng 3,,,飯,,Boiled rice; food; a meal.,,,,008_A_Chinese_and_English_Vocabulary_in_the_Tie-chiu_Dialect,147
pẽ,Pe -3,,,父,,A father.,,,,008_A_Chinese_and_English_Vocabulary_in_the_Tie-chiu_Dialect,137
pẽng,Peng -3,,,掽,,To expel; drive away.,,,,008_A_Chinese_and_English_Vocabulary_in_the_Tie-chiu_Dialect,138
pẽng,Peng -3,,,並,,Together with; and; also; moreover; united.,,,,008_A_Chinese_and_English_Vocabulary_in_the_Tie-chiu_Dialect,138
pẽng,Peng -3,,,并,,Together with; and; also; moreover; united.,,,,008_A_Chinese_and_English_Vocabulary_in_the_Tie-chiu_Dialect,138
pẽng,Peng -3,,,併,,On a line with; even; together; to reject.,,,,008_A_Chinese_and_English_Vocabulary_in_the_Tie-chiu_Dialect,138
sa,Sá 1,,,娑,,To dance; make postures; garments tucked up.,,,,008_A_Chinese_and_English_Vocabulary_in_the_Tie-chiu_Dialect,148
sa,Sá 1,,,砂,,A small stone; pebbles; sand.,,,,008_A_Chinese_and_English_Vocabulary_in_the_Tie-chiu_Dialect,148
sai,Sai 1,,,西,,West; westward.,,,,008_A_Chinese_and_English_Vocabulary_in_the_Tie-chiu_Dialect,149
sai,Sai 1,,,犀,,An animal of the cow kind; a buffalo; rhinoceros.,,,,008_A_Chinese_and_English_Vocabulary_in_the_Tie-chiu_Dialect,149
sai,Sai 1,,,獅,,A lion.,,,,008_A_Chinese_and_English_Vocabulary_in_the_Tie-chiu_Dialect,149
sai,Sai 1,,,腮,,The side or lower part of the face; the jaws.,,,,008_A_Chinese_and_English_Vocabulary_in_the_Tie-chiu_Dialect,149
sam,Sám 1,,,杉,,The fir tree; any large good timber.,,,,008_A_Chinese_and_English_Vocabulary_in_the_Tie-chiu_Dialect,149
san,Sán 1,,,𠚹,,To mow or shear.,,,,008_A_Chinese_and_English_Vocabulary_in_the_Tie-chiu_Dialect,149
san,Sán 1,,,芟,,To cut herbs or plants; a large sickle or scythe.,,,,008_A_Chinese_and_English_Vocabulary_in_the_Tie-chiu_Dialect,149
san,Sán 1,,,刪,,To pare off; expunge; decide what to retain and what to reject in a book revise.,,,,008_A_Chinese_and_English_Vocabulary_in_the_Tie-chiu_Dialect,149
san,Sán 1,,,疝,,A disease in the lower part of the abdomen and organs of generation.,,,,008_A_Chinese_and_English_Vocabulary_in_the_Tie-chiu_Dialect,149
sang,Sáng 1,,,隻,,A pair; two; alike.,,,,008_A_Chinese_and_English_Vocabulary_in_the_Tie-chiu_Dialect,149
sang,Sáng 1,,,鬆,,Disheveled hair; confusion; to relax; loose.,,,,008_A_Chinese_and_English_Vocabulary_in_the_Tie-chiu_Dialect,149
sap,Sáp 4,,,颯,,Wind; a sudden gust; fading; declining.,,,,008_A_Chinese_and_English_Vocabulary_in_the_Tie-chiu_Dialect,149
sat,Sát 4,,,虱,,Fast running insects; as lice.,,,,008_A_Chinese_and_English_Vocabulary_in_the_Tie-chiu_Dialect,149
sat,Sát 4,,,塞,,To fill or stop up; obstruct; hinder; sincere.,,,,008_A_Chinese_and_English_Vocabulary_in_the_Tie-chiu_Dialect,149
sat,Sát 4,,,薩,,The gods of the heathen; idols; to assist; help; know.,,,,008_A_Chinese_and_English_Vocabulary_in_the_Tie-chiu_Dialect,149
sau,Sau 1,,,梢,,The extreme top of a tree; the tips of branches; a pole; small; a rudder.,,,,008_A_Chinese_and_English_Vocabulary_in_the_Tie-chiu_Dialect,149
sau,Sau 1,,,艄,,The stern of a boat; a fast boat; swift; rapid.,,,,008_A_Chinese_and_English_Vocabulary_in_the_Tie-chiu_Dialect,149
sau,Sau 1,,,慅,,Moved; agitated; sorrowful; weariness.,,,,008_A_Chinese_and_English_Vocabulary_in_the_Tie-chiu_Dialect,150
sau,Sau 1,,,搔,,To scratch with the fingers; finger nails.,,,,008_A_Chinese_and_English_Vocabulary_in_the_Tie-chiu_Dialect,150
sau,Sau 1,,,騷,,Agitated; disturbed; lame; grieved.,,,,008_A_Chinese_and_English_Vocabulary_in_the_Tie-chiu_Dialect,150
saⁿ,Sⁿá 1,,,三,,Three.,,,,008_A_Chinese_and_English_Vocabulary_in_the_Tie-chiu_Dialect,148
saⁿ,Sⁿá 1,,,衫,,A jacket; coat; upper garment; clothes.,,,,008_A_Chinese_and_English_Vocabulary_in_the_Tie-chiu_Dialect,148
sek,Sek 4,,,植,,Planted; stuck into the ground; erected.,,,,008_A_Chinese_and_English_Vocabulary_in_the_Tie-chiu_Dialect,150
sek,Sek 4,,,色,,Color; quality; lust; sexual pleasure; appearance.,,,,008_A_Chinese_and_English_Vocabulary_in_the_Tie-chiu_Dialect,150
sek,Sek 4,,,釋,,To unloose; liberate; disperse; explain; to happen.,,,,008_A_Chinese_and_English_Vocabulary_in_the_Tie-chiu_Dialect,150
sek,Sek 4,,,飾,,To cleanse; set in; order; adorn; gloss; over; brighten.,,,,008_A_Chinese_and_English_Vocabulary_in_the_Tie-chiu_Dialect,150
sek,Sek 4,,,嗇,,Harvest gathered in; to accumulate; covetous; frugal.,,,,008_A_Chinese_and_English_Vocabulary_in_the_Tie-chiu_Dialect,150
sek,Sek 4,,,穡,,Grain fit to be gathered in; harvest; avaricious.,,,,008_A_Chinese_and_English_Vocabulary_in_the_Tie-chiu_Dialect,150
sek,Sek 4,,,識,,To know; recognise; wisdom; knowledge.,,,,008_A_Chinese_and_English_Vocabulary_in_the_Tie-chiu_Dialect,150
sek,Sek 4,,,踖,,Walking; reverent; respectful; to step over.,,,,008_A_Chinese_and_English_Vocabulary_in_the_Tie-chiu_Dialect,150
sek,Sek 4,,,碩,,Large; full; ripe; mature; learned; virtuous.,,,,008_A_Chinese_and_English_Vocabulary_in_the_Tie-chiu_Dialect,150
sek,Sek 4,,,瑟,,A stringed instrument of music; many; stern.,,,,008_A_Chinese_and_English_Vocabulary_in_the_Tie-chiu_Dialect,150
sek,Sek 4,,,悉,,To know perfectly; to investigate; all; entirely.,,,,008_A_Chinese_and_English_Vocabulary_in_the_Tie-chiu_Dialect,150
sek,Sek 4,,,蟋,,A cricket; grasshopper.,,,,008_A_Chinese_and_English_Vocabulary_in_the_Tie-chiu_Dialect,150
sek,Sek 4,,,息,,To breathe; a breath; to stop; to rest; interest of money.,,,,008_A_Chinese_and_English_Vocabulary_in_the_Tie-chiu_Dialect,150
sek,Sek 4,,,媳,,Daughter-in-law; son's wife.,,,,008_A_Chinese_and_English_Vocabulary_in_the_Tie-chiu_Dialect,150
sek,Sek 4,,,熄,,To extinguish; to cover up embers to preserve them.,,,,008_A_Chinese_and_English_Vocabulary_in_the_Tie-chiu_Dialect,150
sek,Sek 4,,,螫,,The sting of an insect; a poisonous tooth.,,,,008_A_Chinese_and_English_Vocabulary_in_the_Tie-chiu_Dialect,150
sek,Sek 4,,,式,,A rule; pattern; specimen; to measure; to imitate.,,,,008_A_Chinese_and_English_Vocabulary_in_the_Tie-chiu_Dialect,150
sek,Sek 4,,,軾,,A crossbar in carriages and sedan-chairs to lean on.,,,,008_A_Chinese_and_English_Vocabulary_in_the_Tie-chiu_Dialect,151
sek,Sek 4,,,踷,,Walking in a crooked manner.,,,,008_A_Chinese_and_English_Vocabulary_in_the_Tie-chiu_Dialect,151
sek,Sek 4,,,適,,To go to; to happen; to hit exactly; tranquility; joy.,,,,008_A_Chinese_and_English_Vocabulary_in_the_Tie-chiu_Dialect,151
sek,Sek 4,,,晳,,To distinguish; to discriminate clearly.,,,,008_A_Chinese_and_English_Vocabulary_in_the_Tie-chiu_Dialect,151
sek,Sek 4,,,夕,,Evening.,,,,008_A_Chinese_and_English_Vocabulary_in_the_Tie-chiu_Dialect,151
sek,Sek 4,,,穸,,A long dark night; the tomb.,,,,008_A_Chinese_and_English_Vocabulary_in_the_Tie-chiu_Dialect,151
seng,Seng 1,,,升,,A certain measure about a quart; to accumulate; to ascend; advance.,,,,008_A_Chinese_and_English_Vocabulary_in_the_Tie-chiu_Dialect,151
seng,Seng 1,,,昇,,To ascend; peaceful; universal tranquility.,,,,008_A_Chinese_and_English_Vocabulary_in_the_Tie-chiu_Dialect,151
seng,Seng 1,,,陞,,To go up steps; to ascend; advance; be promoted.,,,,008_A_Chinese_and_English_Vocabulary_in_the_Tie-chiu_Dialect,151
seng,Seng 1,,,勝,,Adequate to; worthy of; to sustain; elevate.,,,,008_A_Chinese_and_English_Vocabulary_in_the_Tie-chiu_Dialect,151
seng,Seng 1,,,牲,,Domestic animals; victims for sacrifice.,,,,008_A_Chinese_and_English_Vocabulary_in_the_Tie-chiu_Dialect,151
seng,Seng 1,,,猩,,A species of monkey; an ape.,,,,008_A_Chinese_and_English_Vocabulary_in_the_Tie-chiu_Dialect,151
seng,Seng 1,,,甥,,A daughter's or sister's children; nephew or niece.,,,,008_A_Chinese_and_English_Vocabulary_in_the_Tie-chiu_Dialect,151
seng,Seng 1,,,旌,,A banner; to make signals; to cause to know.,,,,008_A_Chinese_and_English_Vocabulary_in_the_Tie-chiu_Dialect,151
seng,Seng 1,,,笙,,An instrument of music consisting of tubes.,,,,008_A_Chinese_and_English_Vocabulary_in_the_Tie-chiu_Dialect,151
seng,Seng 1,,,眚,,Something growing over the eye; error; excess; crime; calamity; to diminish.,,,,008_A_Chinese_and_English_Vocabulary_in_the_Tie-chiu_Dialect,151
se̍k,Sek -4,,,熟,,Food cooked til quite done; ripe; mature; well acquainted with; experienced.,,,,008_A_Chinese_and_English_Vocabulary_in_the_Tie-chiu_Dialect,150
seⁿ,Sⁿe 1,,,生,,To be born; to live; to beget; produce; life.,,,,008_A_Chinese_and_English_Vocabulary_in_the_Tie-chiu_Dialect,150
seⁿ,Sⁿe 1,,,鉎,,Soft iron; cast iron; iron ore.,,,,008_A_Chinese_and_English_Vocabulary_in_the_Tie-chiu_Dialect,150
si,Si 1,,,司,,To have the control of; to rule; manage; an overseer.,,,,008_A_Chinese_and_English_Vocabulary_in_the_Tie-chiu_Dialect,151
si,Si 1,,,伺,,To wait for; attend upon; to observe; spy out; examine.,,,,008_A_Chinese_and_English_Vocabulary_in_the_Tie-chiu_Dialect,151
si,Si 1,,,笥,,A square bamboo chest; a trunk.,,,,008_A_Chinese_and_English_Vocabulary_in_the_Tie-chiu_Dialect,151
si,Si 1,,,尸,,A body; corpse; an effigy of a deceased person.,,,,008_A_Chinese_and_English_Vocabulary_in_the_Tie-chiu_Dialect,151
si,Si 1,,,鳲,,A species of pigeon.,,,,008_A_Chinese_and_English_Vocabulary_in_the_Tie-chiu_Dialect,151
si,Si 1,,,屍,,A dead body; a corpse.,,,,008_A_Chinese_and_English_Vocabulary_in_the_Tie-chiu_Dialect,151
si,Si 1,,,施,,Expanded; spread out; to bestow; give; to use.,,,,008_A_Chinese_and_English_Vocabulary_in_the_Tie-chiu_Dialect,152
si,Si 1,,,系,,Fine silk; small; fine; delicate; connected.,,,,008_A_Chinese_and_English_Vocabulary_in_the_Tie-chiu_Dialect,152
si,Si 1,,,絲,,Raw silk; minute; small as a thread of raw silk.,,,,008_A_Chinese_and_English_Vocabulary_in_the_Tie-chiu_Dialect,152
si,Si 1,,,蓍,,Name of a plant used in divination.,,,,008_A_Chinese_and_English_Vocabulary_in_the_Tie-chiu_Dialect,152
si,Si 1,,,詩,,A verse; poetry; an ode; what may be sung.,,,,008_A_Chinese_and_English_Vocabulary_in_the_Tie-chiu_Dialect,152
si,Si 1,,,筮,,Name of an herb used in divination; to divine.,,,,008_A_Chinese_and_English_Vocabulary_in_the_Tie-chiu_Dialect,152
si,Si 1,,,噬,,To eat; gnaw; devour; grief.,,,,008_A_Chinese_and_English_Vocabulary_in_the_Tie-chiu_Dialect,152
si,Si 1,,,蹤,,"Straw sandals worn by wrestlers, dancers &c.",,,,008_A_Chinese_and_English_Vocabulary_in_the_Tie-chiu_Dialect,152
siah,Sia 4,,,錫,,Pewter; tin; to confer; bestow.,,,,008_A_Chinese_and_English_Vocabulary_in_the_Tie-chiu_Dialect,153
siak,Siak 4,,,削,,To cut off; pare; to invade; seize upon.,,,,008_A_Chinese_and_English_Vocabulary_in_the_Tie-chiu_Dialect,153
siak,Siak 4,,,屑,,Clear; remnant; observant; attentive; minute; to reduce to powder; to despise.,,,,008_A_Chinese_and_English_Vocabulary_in_the_Tie-chiu_Dialect,153
siak,Siak 4,,,㨝,,To take or throw out with the hand.,,,,008_A_Chinese_and_English_Vocabulary_in_the_Tie-chiu_Dialect,153
siak,Siak 4,,,㳿,,To leak out; diminish; waste.,,,,008_A_Chinese_and_English_Vocabulary_in_the_Tie-chiu_Dialect,153
siak,Siak 4,,,渫,,To remove; to leak out; disperse.,,,,008_A_Chinese_and_English_Vocabulary_in_the_Tie-chiu_Dialect,153
siam,Siam 1,,,參,,Ginseng.,,,,008_A_Chinese_and_English_Vocabulary_in_the_Tie-chiu_Dialect,153
siam,Siam 1,,,韯,,Small; fine; wild leeks which grow on hills.,,,,008_A_Chinese_and_English_Vocabulary_in_the_Tie-chiu_Dialect,153
siam,Siam 1,,,纖,,Fine silk; delicate; small ornaments for clothes; near.,,,,008_A_Chinese_and_English_Vocabulary_in_the_Tie-chiu_Dialect,153
siam,Siam 1,,,䜟,,A species of divination; a prognostic; to repent.,,,,008_A_Chinese_and_English_Vocabulary_in_the_Tie-chiu_Dialect,154
siam,Siam 1,,,森,,A forest; abundant; majestic; sombre; sham-wood.,,,,008_A_Chinese_and_English_Vocabulary_in_the_Tie-chiu_Dialect,154
siang,Siàng 1,,,徜,,Disconcerted; irresolute; disappointed; extravagant.,,,,008_A_Chinese_and_English_Vocabulary_in_the_Tie-chiu_Dialect,154
siang,Siàng 1,,,襄,,To assist; effect; accomplish; to praise; merit; fore-horses in a coach.,,,,008_A_Chinese_and_English_Vocabulary_in_the_Tie-chiu_Dialect,154
siang,Siàng 1,,,勷,,In haste; urgent; hurried.,,,,008_A_Chinese_and_English_Vocabulary_in_the_Tie-chiu_Dialect,154
siang,Siàng 1,,,穰,,The stock of grain; growing luxuriantly; abundance.,,,,008_A_Chinese_and_English_Vocabulary_in_the_Tie-chiu_Dialect,154
siang,Siàng 1,,,鑲,,To inlay or plate with metal.,,,,008_A_Chinese_and_English_Vocabulary_in_the_Tie-chiu_Dialect,154
siang,Siàng 1,,,驤,,A spirited horse; to elevate; remote.,,,,008_A_Chinese_and_English_Vocabulary_in_the_Tie-chiu_Dialect,154
siang,Siàng 1,,,殤,,Untimely death; to die.,,,,008_A_Chinese_and_English_Vocabulary_in_the_Tie-chiu_Dialect,154
siang,Siàng 1,,,觴,,A wine cup; a full cup; to cause to drink wine.,,,,008_A_Chinese_and_English_Vocabulary_in_the_Tie-chiu_Dialect,154
siang,Siàng 1,,,相,,Mutually; reciprocally; to examine; to blend with.,,,,008_A_Chinese_and_English_Vocabulary_in_the_Tie-chiu_Dialect,154
siang,Siàng 1,,,湘,,"To boil; name of a river, lake and hill.",,,,008_A_Chinese_and_English_Vocabulary_in_the_Tie-chiu_Dialect,154
siap,Siap 4,,,霎,,A short time; a moment; a small rain; a slight shower.,,,,008_A_Chinese_and_English_Vocabulary_in_the_Tie-chiu_Dialect,154
siap,Siap 4,,,濇,,Rough; not slippery or smooth.,,,,008_A_Chinese_and_English_Vocabulary_in_the_Tie-chiu_Dialect,154
siap,Siap 4,,,澀,,Rough; the ripple on the surface of water.,,,,008_A_Chinese_and_English_Vocabulary_in_the_Tie-chiu_Dialect,154
sia̍h,Sia -4,,,席,,A mat spread on the ground; a table; feat; repast; to rest.,,,,008_A_Chinese_and_English_Vocabulary_in_the_Tie-chiu_Dialect,153
sia̍p,Siap -4,,,涉,,To ford a stream; to pass through; to step upon; to implicate; involve.,,,,008_A_Chinese_and_English_Vocabulary_in_the_Tie-chiu_Dialect,154
sia̍p,Siap -4,,,洩,,To desist or rest from; to be dissipated; leak out; diminish.,,,,008_A_Chinese_and_English_Vocabulary_in_the_Tie-chiu_Dialect,154
sia̍p,Siap -4,,,泄,,To drain off; flow out; leak; to purge; put away; mixed.,,,,008_A_Chinese_and_English_Vocabulary_in_the_Tie-chiu_Dialect,154
sia̍p,Siap -4,,,倐,,Hastily; rapidly; instantly; in a short time.,,,,008_A_Chinese_and_English_Vocabulary_in_the_Tie-chiu_Dialect,154
sia̍p,Siap -4,,,燮,,To adjust; preserve order; to harmonize; to mature.,,,,008_A_Chinese_and_English_Vocabulary_in_the_Tie-chiu_Dialect,154
siaⁿ,Sⁿia 1,,,聲,,Sound; noise; voice; speech.,,,,008_A_Chinese_and_English_Vocabulary_in_the_Tie-chiu_Dialect,153
sie,Sie 1,,,燒,,To burn; burn up; scorch.,,,,008_A_Chinese_and_English_Vocabulary_in_the_Tie-chiu_Dialect,154
sien,Sien 1,,,仙,,Genii of mountains and hills; demigods.,,,,008_A_Chinese_and_English_Vocabulary_in_the_Tie-chiu_Dialect,155
sien,Sien 1,,,珊,,Coral; gems.,,,,008_A_Chinese_and_English_Vocabulary_in_the_Tie-chiu_Dialect,155
sien,Sien 1,,,僊,,Deathless; immortal.,,,,008_A_Chinese_and_English_Vocabulary_in_the_Tie-chiu_Dialect,155
siet,Siet 4,,,設,,To arrange; establish; institute; to suppose.,,,,008_A_Chinese_and_English_Vocabulary_in_the_Tie-chiu_Dialect,155
siet,Siet 4,,,紲,,To tie; bind; fasten with cords; bonds; a bridle.,,,,008_A_Chinese_and_English_Vocabulary_in_the_Tie-chiu_Dialect,155
siet,Siet 4,,,絏,,To tie; bind; fasten with cords; bonds; a bridle.,,,,008_A_Chinese_and_English_Vocabulary_in_the_Tie-chiu_Dialect,155
siet,Siet 4,,,褻,,Rags; defiled; to defile; to treat with contempt; to insult.,,,,008_A_Chinese_and_English_Vocabulary_in_the_Tie-chiu_Dialect,155
sie̍h,Sie -4,,,惜,,Regard or affection for; to compassionate; pity; sparing.,,,,008_A_Chinese_and_English_Vocabulary_in_the_Tie-chiu_Dialect,155
sieⁿ,Sⁿie 1,,,傷,,To wound; injure; grieve; grieved; injured.,,,,008_A_Chinese_and_English_Vocabulary_in_the_Tie-chiu_Dialect,155
sieⁿ,Sⁿie 1,,,廂,,Side apartments; bed-rooms; rooms for females.,,,,008_A_Chinese_and_English_Vocabulary_in_the_Tie-chiu_Dialect,155
sieⁿ,Sⁿie 1,,,箱,,A box; chest; bamboo basket; a store-room.,,,,008_A_Chinese_and_English_Vocabulary_in_the_Tie-chiu_Dialect,155
sih,Si 4,,,薛,,Name of a plant and of a state; a surname.,,,,008_A_Chinese_and_English_Vocabulary_in_the_Tie-chiu_Dialect,152
sim,Sim 1,,,心,,The heart; mind; affections; intention; motive.,,,,008_A_Chinese_and_English_Vocabulary_in_the_Tie-chiu_Dialect,155
sim,Sim 1,,,芯,,Name of an herb or shrub.,,,,008_A_Chinese_and_English_Vocabulary_in_the_Tie-chiu_Dialect,156
sin,Sin 1,,,身,,The body; trunk of a tree; hull of a ship; I; me.,,,,008_A_Chinese_and_English_Vocabulary_in_the_Tie-chiu_Dialect,156
sin,Sin 1,,,申,,To extend; stretch; explain; again; from 3 to 5 o'clock P.M.,,,,008_A_Chinese_and_English_Vocabulary_in_the_Tie-chiu_Dialect,156
sin,Sin 1,,,伸,,To spread out; straighten; to vindicate the cause of the injured.,,,,008_A_Chinese_and_English_Vocabulary_in_the_Tie-chiu_Dialect,156
sin,Sin 1,,,呻,,To recite; to sigh; moan.,,,,008_A_Chinese_and_English_Vocabulary_in_the_Tie-chiu_Dialect,156
sin,Sin 1,,,紳,,A girdle for the waist; to gird; gentlemen.,,,,008_A_Chinese_and_English_Vocabulary_in_the_Tie-chiu_Dialect,156
sin,Sin 1,,,新,,Fresh; new; to renew; to reform.,,,,008_A_Chinese_and_English_Vocabulary_in_the_Tie-chiu_Dialect,156
sin,Sin 1,,,辛,,Acrid; pungent; bitter; distress; toil; suffering.,,,,008_A_Chinese_and_English_Vocabulary_in_the_Tie-chiu_Dialect,156
sin,Sin 1,,,莘,,A medicinal sudorific plant; many; long.,,,,008_A_Chinese_and_English_Vocabulary_in_the_Tie-chiu_Dialect,156
sin,Sin 1,,,騂,,A horse of red and yellow color; carnation color.,,,,008_A_Chinese_and_English_Vocabulary_in_the_Tie-chiu_Dialect,156
siou,Sio 1,,,潚,,Deep clear water; name of a river; rinsing rice.,,,,008_A_Chinese_and_English_Vocabulary_in_the_Tie-chiu_Dialect,156
siou,Sio 1,,,簫,,A reed; name of a musical instrument.,,,,008_A_Chinese_and_English_Vocabulary_in_the_Tie-chiu_Dialect,156
siou,Sio 1,,,蕭,,Name of a bitter herb; a barrier; waving; solitary.,,,,008_A_Chinese_and_English_Vocabulary_in_the_Tie-chiu_Dialect,156
siou,Sio 1,,,宵,,Obscure; night; small.,,,,008_A_Chinese_and_English_Vocabulary_in_the_Tie-chiu_Dialect,156
siou,Sio 1,,,捎,,To select from; to brush away; eradicate; reject.,,,,008_A_Chinese_and_English_Vocabulary_in_the_Tie-chiu_Dialect,156
siou,Sio 1,,,消,,To thaw; melt; digest; dissipate; consume.,,,,008_A_Chinese_and_English_Vocabulary_in_the_Tie-chiu_Dialect,156
siou,Sio 1,,,硝,,Nitre; salt-petre.,,,,008_A_Chinese_and_English_Vocabulary_in_the_Tie-chiu_Dialect,156
siou,Sio 1,,,逍,,To saunter about for amusement.,,,,008_A_Chinese_and_English_Vocabulary_in_the_Tie-chiu_Dialect,156
siou,Sio 1,,,銷,,To fuse metals; melt; dissolve.,,,,008_A_Chinese_and_English_Vocabulary_in_the_Tie-chiu_Dialect,156
siou,Sio 1,,,霄,,Vapor; clouds; halo; sleet; heaven.,,,,008_A_Chinese_and_English_Vocabulary_in_the_Tie-chiu_Dialect,157
siou,Sio 1,,,搜,,To shake; toss about; to search; to study the import of.,,,,008_A_Chinese_and_English_Vocabulary_in_the_Tie-chiu_Dialect,157
sip,Sip 4,,,濕,,Damp; moist; hurried; depression of spirit.,,,,008_A_Chinese_and_English_Vocabulary_in_the_Tie-chiu_Dialect,157
sip,Sip 4,,,隰,,Low marshy land; a marsh.,,,,008_A_Chinese_and_English_Vocabulary_in_the_Tie-chiu_Dialect,157
sit,Sit 4,,,失,,To lose; fail; miss; neglect; failure; loss.,,,,008_A_Chinese_and_English_Vocabulary_in_the_Tie-chiu_Dialect,157
sit,Sit 4,,,室,,A dwelling; house; family; wife.,,,,008_A_Chinese_and_English_Vocabulary_in_the_Tie-chiu_Dialect,157
siu,Siu 1,,,收,,To collect or receive; to bind or restrain.,,,,008_A_Chinese_and_English_Vocabulary_in_the_Tie-chiu_Dialect,157
siu,Siu 1,,,修,,To direct; regulate; adorn; cultivate the mind or heart.,,,,008_A_Chinese_and_English_Vocabulary_in_the_Tie-chiu_Dialect,157
siu,Siu 1,,,梳,,A comb; to comb; to dress.,,,,008_A_Chinese_and_English_Vocabulary_in_the_Tie-chiu_Dialect,157
siu,Siu 1,,,羞,,To be ashamed; conscious of having done wrong; to offer to a superior.,,,,008_A_Chinese_and_English_Vocabulary_in_the_Tie-chiu_Dialect,157
siu,Siu 1,,,饈,,To present food to a superior; to feed; food.,,,,008_A_Chinese_and_English_Vocabulary_in_the_Tie-chiu_Dialect,157
sià,Sia 3-,,,赦,,To remit punishment; to forgive; pardon; let go.,,,,008_A_Chinese_and_English_Vocabulary_in_the_Tie-chiu_Dialect,153
sià,Sia 3-,,,卸,,To put off; pull down; to ruin; give up.,,,,008_A_Chinese_and_English_Vocabulary_in_the_Tie-chiu_Dialect,153
sià,Sia 3-,,,舍,,"A cottage; a small, mean, broken house.",,,,008_A_Chinese_and_English_Vocabulary_in_the_Tie-chiu_Dialect,153
sià,Sia 3-,,,㵼,,To drain water from land; a purging; dysentery.,,,,008_A_Chinese_and_English_Vocabulary_in_the_Tie-chiu_Dialect,153
siàng,Siàng 3-,,,相,,To assist; lead; direct; a minister of state; to reckon.,,,,008_A_Chinese_and_English_Vocabulary_in_the_Tie-chiu_Dialect,154
siàng,Siàng 3-,,,像,,To imitate; similar; a likeness; an image.,,,,008_A_Chinese_and_English_Vocabulary_in_the_Tie-chiu_Dialect,154
siàⁿ,Sⁿia 3-,,,聖,,Intuitive perception of all truth; wise; sacred; holy.,,,,008_A_Chinese_and_English_Vocabulary_in_the_Tie-chiu_Dialect,153
siá,Sia 2,,,寫,,To write; draw; paint; to lay down; put away.,,,,008_A_Chinese_and_English_Vocabulary_in_the_Tie-chiu_Dialect,153
siá,Sia 2,,,舍,,To expend; use; give up; give.,,,,008_A_Chinese_and_English_Vocabulary_in_the_Tie-chiu_Dialect,153
siá,Sia 2,,,捨,,To let go; give up; to give.,,,,008_A_Chinese_and_English_Vocabulary_in_the_Tie-chiu_Dialect,153
siám,Siam 2,,,閃,,"To shun; evade; pass away quickly, as lightning.",,,,008_A_Chinese_and_English_Vocabulary_in_the_Tie-chiu_Dialect,154
siám,Siam 2,,,陜,,Name of a province west of Honan.,,,,008_A_Chinese_and_English_Vocabulary_in_the_Tie-chiu_Dialect,154
siáng,Siàng 2,,,上,,To ascend; go up; promote; high.,,,,008_A_Chinese_and_English_Vocabulary_in_the_Tie-chiu_Dialect,154
siâ,Sia -1,,,佘,,A surname.,,,,008_A_Chinese_and_English_Vocabulary_in_the_Tie-chiu_Dialect,153
siâ,Sia -1,,,斜,,Aslant; oblique; scattered; unsettled.,,,,008_A_Chinese_and_English_Vocabulary_in_the_Tie-chiu_Dialect,153
siâ,Sia -1,,,邪,,Deflected; depraved; bad; corrupting; lewd; specious.,,,,008_A_Chinese_and_English_Vocabulary_in_the_Tie-chiu_Dialect,153
siâ,Sia -1,,,麝,,The musk animal; the Moschiferus.,,,,008_A_Chinese_and_English_Vocabulary_in_the_Tie-chiu_Dialect,153
siâm,Siam -1,,,暹,,The sun rising and increasing in splendor; Siam.,,,,008_A_Chinese_and_English_Vocabulary_in_the_Tie-chiu_Dialect,153
siâm,Siam -1,,,簷,,The eaves of a roof hanging out over the wall.,,,,008_A_Chinese_and_English_Vocabulary_in_the_Tie-chiu_Dialect,153
siâm,Siam -1,,,蟾,,A species of toad.,,,,008_A_Chinese_and_English_Vocabulary_in_the_Tie-chiu_Dialect,153
siâm,Siam -1,,,贍,,Plentiful; sufficient for; to bestow; give to the poor.,,,,008_A_Chinese_and_English_Vocabulary_in_the_Tie-chiu_Dialect,153
siâng,Siàng -1,,,嫦,,A celebrated goddess in the palace of the moon.,,,,008_A_Chinese_and_English_Vocabulary_in_the_Tie-chiu_Dialect,154
siâng,Siàng -1,,,庠,,A village school; a college; to instruct; feed or nourish.,,,,008_A_Chinese_and_English_Vocabulary_in_the_Tie-chiu_Dialect,154
siâng,Siàng -1,,,祥,,Goodness; felicity; a prognostic; a good omen.,,,,008_A_Chinese_and_English_Vocabulary_in_the_Tie-chiu_Dialect,154
siâng,Siàng -1,,,翔,,To fly or look back; dignified; respectable.,,,,008_A_Chinese_and_English_Vocabulary_in_the_Tie-chiu_Dialect,154
siâng,Siàng -1,,,詳,,"To examine, deliberate, and judge; to explain clearly; minute.",,,,008_A_Chinese_and_English_Vocabulary_in_the_Tie-chiu_Dialect,154
siâng,Siàng -1,,,裳,,Garments for the lower parts of the body; pantaloons.,,,,008_A_Chinese_and_English_Vocabulary_in_the_Tie-chiu_Dialect,154
siâng,Siàng -1,,,商,,A merchant; to devise; arrange; deliberate; consult.,,,,008_A_Chinese_and_English_Vocabulary_in_the_Tie-chiu_Dialect,154
siâⁿ,Sⁿia -1,,,城,,The wall of a town; a city.,,,,008_A_Chinese_and_English_Vocabulary_in_the_Tie-chiu_Dialect,153
siã,Sia -3,,,社,,The deity who presides over any given region; local gods.,,,,008_A_Chinese_and_English_Vocabulary_in_the_Tie-chiu_Dialect,153
siãng,Siàng -3,,,尙,,Yet; still; nearly; probably; to add; title of officers about the court; to receive.,,,,008_A_Chinese_and_English_Vocabulary_in_the_Tie-chiu_Dialect,154
sièⁿ,Sⁿie 3-,,,像,,A likeness; image.,,,,008_A_Chinese_and_English_Vocabulary_in_the_Tie-chiu_Dialect,155
sièⁿ,Sⁿie 3-,,,鞘,,A scabbard; image.,,,,008_A_Chinese_and_English_Vocabulary_in_the_Tie-chiu_Dialect,155
sién,Sien 2,,,銑,,Metal which is burnished and glossy; a small chisel.,,,,008_A_Chinese_and_English_Vocabulary_in_the_Tie-chiu_Dialect,155
sién,Sien 2,,,哂,,To smile; to laugh at.,,,,008_A_Chinese_and_English_Vocabulary_in_the_Tie-chiu_Dialect,155
sién,Sien 2,,,癬,,Ringworms; a scab which spreads over the skin.,,,,008_A_Chinese_and_English_Vocabulary_in_the_Tie-chiu_Dialect,155
sién,Sien 2,,,矧,,To stretch still more; still more; how much more.,,,,008_A_Chinese_and_English_Vocabulary_in_the_Tie-chiu_Dialect,155
siéⁿ,Sⁿie 2,,,賞,,To confer; bestow as a largess; to reward; a reward.,,,,008_A_Chinese_and_English_Vocabulary_in_the_Tie-chiu_Dialect,155
siên,Sien -1,,,墠,,A place for sacrifice; a level place at the foot of the alter; wild or common ground.,,,,008_A_Chinese_and_English_Vocabulary_in_the_Tie-chiu_Dialect,155
siên,Sien -1,,,嬋,,Elegance or beauty of motion; beautiful.,,,,008_A_Chinese_and_English_Vocabulary_in_the_Tie-chiu_Dialect,155
siên,Sien -1,,,蟬,,An insect of the cricket kind; poison.,,,,008_A_Chinese_and_English_Vocabulary_in_the_Tie-chiu_Dialect,155
siên,Sien -1,,,禪,,To resign; to transfer; meditation; abstraction; sacrifice to heaven.,,,,008_A_Chinese_and_English_Vocabulary_in_the_Tie-chiu_Dialect,155
siêⁿ,Sⁿie -1,,,常,,Constant; usual; common; frequently; the five virtues.,,,,008_A_Chinese_and_English_Vocabulary_in_the_Tie-chiu_Dialect,155
siêⁿ,Sⁿie -1,,,嘗,,To taste; assay.,,,,008_A_Chinese_and_English_Vocabulary_in_the_Tie-chiu_Dialect,155
siêⁿ,Sⁿie -1,,,償,,To pay for; recompence; to revenge; to reply to.,,,,008_A_Chinese_and_English_Vocabulary_in_the_Tie-chiu_Dialect,155
siòu,Sio 3-,,,少,,Few; small; young; to diminish; to owe; be wanting.,,,,008_A_Chinese_and_English_Vocabulary_in_the_Tie-chiu_Dialect,157
siòu,Sio 3-,,,肖,,Constitutional likeness as between parent and child; legitimate; filial.,,,,008_A_Chinese_and_English_Vocabulary_in_the_Tie-chiu_Dialect,157
siòu,Sio 3-,,,數,,To reckon; count; a number; several; fate; few.,,,,008_A_Chinese_and_English_Vocabulary_in_the_Tie-chiu_Dialect,157
siòu,Sio 3-,,,櫢,,To shake; agitate; brush or shake off.,,,,008_A_Chinese_and_English_Vocabulary_in_the_Tie-chiu_Dialect,157
sióu,Sio 2,,,小,,Small; petty; contracted; light; a few; young.,,,,008_A_Chinese_and_English_Vocabulary_in_the_Tie-chiu_Dialect,157
siõu,Sio -3,,,劭,,Exertion; effort; to force one's self; excellence.,,,,008_A_Chinese_and_English_Vocabulary_in_the_Tie-chiu_Dialect,157
siõu,Sio -3,,,紹,,To connect; to continue in succession; to succeed.,,,,008_A_Chinese_and_English_Vocabulary_in_the_Tie-chiu_Dialect,157
siõu,Sio -3,,,邵,,High; eminent.,,,,008_A_Chinese_and_English_Vocabulary_in_the_Tie-chiu_Dialect,157
siõu,Sio -3,,,韶,,An instrument of music; to continue the virtues of a predecessor.,,,,008_A_Chinese_and_English_Vocabulary_in_the_Tie-chiu_Dialect,157
siõu,Sio -3,,,髫,,Tuft of hair which hangs down from a child's head.,,,,008_A_Chinese_and_English_Vocabulary_in_the_Tie-chiu_Dialect,157
siõu,Sio -3,,,肇,,To commence; to correct; to devise; project; intelligent.,,,,008_A_Chinese_and_English_Vocabulary_in_the_Tie-chiu_Dialect,157
siù,Siu 3-,,,秀,,Flowery; splendid; elegant; luxuriant.,,,,008_A_Chinese_and_English_Vocabulary_in_the_Tie-chiu_Dialect,158
siù,Siu 3-,,,綉,,A section of cotton; to embroider.,,,,008_A_Chinese_and_English_Vocabulary_in_the_Tie-chiu_Dialect,158
siù,Siu 3-,,,銹,,Rust in metals.,,,,008_A_Chinese_and_English_Vocabulary_in_the_Tie-chiu_Dialect,158
siù,Siu 3-,,,妯,,Disquietude of mind; grief; the older of two wives.,,,,008_A_Chinese_and_English_Vocabulary_in_the_Tie-chiu_Dialect,158
siù,Siu 3-,,,岫,,A den or cavern in a mountain; a ravine.,,,,008_A_Chinese_and_English_Vocabulary_in_the_Tie-chiu_Dialect,158
siù,Siu 3-,,,袖,,The sleeve or cuff of a garment; valuable.,,,,008_A_Chinese_and_English_Vocabulary_in_the_Tie-chiu_Dialect,158
siù,Siu 3-,,,守,,"To hunt; to go round and examine, as an officer; to patrol.",,,,008_A_Chinese_and_English_Vocabulary_in_the_Tie-chiu_Dialect,158
siù,Siu 3-,,,狩,,"To hunt; to go round and examine, as an officer; to patrol.",,,,008_A_Chinese_and_English_Vocabulary_in_the_Tie-chiu_Dialect,158
siù,Siu 3-,,,獸,,A quadruped; a wild beast; an animal.,,,,008_A_Chinese_and_English_Vocabulary_in_the_Tie-chiu_Dialect,158
siù,Siu 3-,,,繡,,To variegate with different colors; embroidered.,,,,008_A_Chinese_and_English_Vocabulary_in_the_Tie-chiu_Dialect,158
siú,Siu 2,,,首,,To head; a chief; a leader; to head; to manifest; origin.,,,,008_A_Chinese_and_English_Vocabulary_in_the_Tie-chiu_Dialect,157
siú,Siu 2,,,守,,To hold fast; guard; keep; protect; observe.,,,,008_A_Chinese_and_English_Vocabulary_in_the_Tie-chiu_Dialect,158
siú,Siu 2,,,帚,,Ordure; to sweep away filth.,,,,008_A_Chinese_and_English_Vocabulary_in_the_Tie-chiu_Dialect,158
siú,Siu 2,,,箒,,A besom; a broom; a certain kind of bamboo.,,,,008_A_Chinese_and_English_Vocabulary_in_the_Tie-chiu_Dialect,158
siû,Siu -1,,,泅,,To swim.,,,,008_A_Chinese_and_English_Vocabulary_in_the_Tie-chiu_Dialect,157
siā,Sia 3,,,射,,"To shoot an arrow; to dart, as rays of light.",,,,008_A_Chinese_and_English_Vocabulary_in_the_Tie-chiu_Dialect,153
siā,Sia 3,,,榭,,A military school or store house; a case; to store up.,,,,008_A_Chinese_and_English_Vocabulary_in_the_Tie-chiu_Dialect,153
siā,Sia 3,,,謝,,To thank; express gratitude; to confess; to decline; take leave; thanks.,,,,008_A_Chinese_and_English_Vocabulary_in_the_Tie-chiu_Dialect,153
siāⁿ,Sⁿia 3,,,𣛮,,A box or covered tray for containing food.,,,,008_A_Chinese_and_English_Vocabulary_in_the_Tie-chiu_Dialect,153
siũ,Siu -3,,,受,,To receive; accept; endure; forms the passive of verbs.,,,,008_A_Chinese_and_English_Vocabulary_in_the_Tie-chiu_Dialect,158
siũ,Siu -3,,,授,,To give to; to communicate.,,,,008_A_Chinese_and_English_Vocabulary_in_the_Tie-chiu_Dialect,158
siũ,Siu -3,,,綬,,A piece of silk to which official seals are suspended.,,,,008_A_Chinese_and_English_Vocabulary_in_the_Tie-chiu_Dialect,158
siū,Siu 3,,,壽,,Longevity; age; a delicate term for death.,,,,008_A_Chinese_and_English_Vocabulary_in_the_Tie-chiu_Dialect,158
si̍h,Si -4,,,蝕,,"To corrode; eat, as insects eat books, cloth &c. - to diminish; eclipse.",,,,008_A_Chinese_and_English_Vocabulary_in_the_Tie-chiu_Dialect,152
si̍p,Sip -4,,,什,,Ten; two files of five persons each; mixed.,,,,008_A_Chinese_and_English_Vocabulary_in_the_Tie-chiu_Dialect,157
si̍p,Sip -4,,,襲,,Double or outer garments; to continue in succession; to invade.,,,,008_A_Chinese_and_English_Vocabulary_in_the_Tie-chiu_Dialect,157
si̍p,Sip -4,,,拾,,To gather together; collect; to inquire about.,,,,008_A_Chinese_and_English_Vocabulary_in_the_Tie-chiu_Dialect,157
si̍p,Sip -4,,,習,,To practice; become accustomed to; repeat over and over; to learn thoroughly.,,,,008_A_Chinese_and_English_Vocabulary_in_the_Tie-chiu_Dialect,157
si̍p,Sip -4,,,慴,,Fearful; timid; cowardly.,,,,008_A_Chinese_and_English_Vocabulary_in_the_Tie-chiu_Dialect,157
si̍p,Sip -4,,,摺,,To fold up; a document folded up; to destroy.,,,,008_A_Chinese_and_English_Vocabulary_in_the_Tie-chiu_Dialect,157
si̍p,Sip -4,,,熠,,"Glossy, shining feathers; lustre; effulgence.",,,,008_A_Chinese_and_English_Vocabulary_in_the_Tie-chiu_Dialect,157
si̍t,Sit -4,,,實,,Truth; true; sincere; real; full; solid; the kernel; grain; fruit.,,,,008_A_Chinese_and_English_Vocabulary_in_the_Tie-chiu_Dialect,157
si̍t,Sit -4,,,寔,,Truth; true; sincere; real; full; solid; the kernel; grain; fruit.,,,,008_A_Chinese_and_English_Vocabulary_in_the_Tie-chiu_Dialect,157
si̍t,Sit -4,,,殖,,To fatten; to plant; cause to grow or flourish; erect.,,,,008_A_Chinese_and_English_Vocabulary_in_the_Tie-chiu_Dialect,157
siẽn,Sien -3,,,善,,Good; excellent; virtuous; felicitous; dexterous; benevolent.,,,,008_A_Chinese_and_English_Vocabulary_in_the_Tie-chiu_Dialect,155
siẽn,Sien -3,,,繕,,To repair; put in order; to provide; to write out.,,,,008_A_Chinese_and_English_Vocabulary_in_the_Tie-chiu_Dialect,155
siẽn,Sien -3,,,膳,,The flesh of victims; good food duly prepared.,,,,008_A_Chinese_and_English_Vocabulary_in_the_Tie-chiu_Dialect,155
siẽn,Sien -3,,,腎,,The kidneys; to lead; to induce.,,,,008_A_Chinese_and_English_Vocabulary_in_the_Tie-chiu_Dialect,155
siẽn,Sien -3,,,擅,,To assume; usurp; to take or do without right or authority.,,,,008_A_Chinese_and_English_Vocabulary_in_the_Tie-chiu_Dialect,155
siẽⁿ,Sⁿie -3,,,想,,To think; consider; muse; expect; desire; a thought.,,,,008_A_Chinese_and_English_Vocabulary_in_the_Tie-chiu_Dialect,155
sng,Sᵘng 1,,,酸,,Sour; debility; loitering.,,,,008_A_Chinese_and_English_Vocabulary_in_the_Tie-chiu_Dialect,164
sng,Sᵘng 1,,,霜,,Hoar frost; frigid; cold; grave; stern.,,,,008_A_Chinese_and_English_Vocabulary_in_the_Tie-chiu_Dialect,164
sng,Sᵘng 1,,,孀,,Widow; solitary.,,,,008_A_Chinese_and_English_Vocabulary_in_the_Tie-chiu_Dialect,164
sng,Sᵘng 1,,,喪,,To mourn for the dead; mourning; to lose; to die.,,,,008_A_Chinese_and_English_Vocabulary_in_the_Tie-chiu_Dialect,164
sng,Sᵘng 1,,,桑,,The mulberry tree.,,,,008_A_Chinese_and_English_Vocabulary_in_the_Tie-chiu_Dialect,164
so,Só 1,,,唆,,To chatter; to whisper; sow discord; to misrepresent.,,,,008_A_Chinese_and_English_Vocabulary_in_the_Tie-chiu_Dialect,158
so,Só 1,,,梭,,A weaver's shuttle; name of a wood.,,,,008_A_Chinese_and_English_Vocabulary_in_the_Tie-chiu_Dialect,158
so,Só 1,,,疎,,Coarse; open; remiss; lax; careless.,,,,008_A_Chinese_and_English_Vocabulary_in_the_Tie-chiu_Dialect,158
so,Só 1,,,疏,,Open; wide apart; coarse; to explain.,,,,008_A_Chinese_and_English_Vocabulary_in_the_Tie-chiu_Dialect,158
so,Só 1,,,蔬,,Edible herbs; a species of grain; coarse; poor food.,,,,008_A_Chinese_and_English_Vocabulary_in_the_Tie-chiu_Dialect,158
soh,Só 4,,,䌇,,A string or cord; to bind; to extort from; extortion.,,,,008_A_Chinese_and_English_Vocabulary_in_the_Tie-chiu_Dialect,159
soh,Só 4,,,雪,,Snow.,,,,008_A_Chinese_and_English_Vocabulary_in_the_Tie-chiu_Dialect,159
soiⁿ,Sⁿoi 1,,,先,,First; before; to go before; lead; to put first.,,,,008_A_Chinese_and_English_Vocabulary_in_the_Tie-chiu_Dialect,159
sok,Sok 4,,,夙,,Early in the morning; speedily; respect and diligence.,,,,008_A_Chinese_and_English_Vocabulary_in_the_Tie-chiu_Dialect,159
sok,Sok 4,,,束,,To bind as a bundle of sticks; to restrain; coarse; a bundle.,,,,008_A_Chinese_and_English_Vocabulary_in_the_Tie-chiu_Dialect,159
sok,Sok 4,,,觫,,Afraid; afraid of death.,,,,008_A_Chinese_and_English_Vocabulary_in_the_Tie-chiu_Dialect,159
sok,Sok 4,,,速,,Fleet; with haste; speedily; hurried.,,,,008_A_Chinese_and_English_Vocabulary_in_the_Tie-chiu_Dialect,159
sok,Sok 4,,,餗,,Food contained in a boiler; rice food.,,,,008_A_Chinese_and_English_Vocabulary_in_the_Tie-chiu_Dialect,159
sok,Sok 4,,,寂,,Silent; quiet; lonely; poor; stillness; repose; inactive.,,,,008_A_Chinese_and_English_Vocabulary_in_the_Tie-chiu_Dialect,159
sok,Sok 4,,,淑,,Pure; limpid; uncorrupted; virtuous; accomplished.,,,,008_A_Chinese_and_English_Vocabulary_in_the_Tie-chiu_Dialect,159
sok,Sok 4,,,菽,,Pulse; corn.,,,,008_A_Chinese_and_English_Vocabulary_in_the_Tie-chiu_Dialect,159
sok,Sok 4,,,踧,,"A respectful, sedate, easy manner or gait.",,,,008_A_Chinese_and_English_Vocabulary_in_the_Tie-chiu_Dialect,159
sok,Sok 4,,,索,,To extort; extortion; to use violence; a cord; a rope.,,,,008_A_Chinese_and_English_Vocabulary_in_the_Tie-chiu_Dialect,159
sok,Sok 4,,,縮,,To confuse; to contract in dimensions; to bind; confusion.,,,,008_A_Chinese_and_English_Vocabulary_in_the_Tie-chiu_Dialect,159
sok,Sok 4,,,蓿,,Name of a wild root which cows and horses eat.,,,,008_A_Chinese_and_English_Vocabulary_in_the_Tie-chiu_Dialect,159
sok,Sok 4,,,肅,,Dread; fear; awe; respect; stillness; with speed.,,,,008_A_Chinese_and_English_Vocabulary_in_the_Tie-chiu_Dialect,159
song,Song 1,,,嵩,,A lofty mountain; highly elevated; eminent.,,,,008_A_Chinese_and_English_Vocabulary_in_the_Tie-chiu_Dialect,159
sou,So 1,,,穌,,To desist and rest; tranquil; to resuscitate; come to life from the dead.,,,,008_A_Chinese_and_English_Vocabulary_in_the_Tie-chiu_Dialect,158
sou,So 1,,,甦,,To desist and rest; tranquil; to resuscitate; come to life from the dead.,,,,008_A_Chinese_and_English_Vocabulary_in_the_Tie-chiu_Dialect,158
sou,So 1,,,蘇,,Name of a medicinal plant; cheerful; to rest; resuscitate.,,,,008_A_Chinese_and_English_Vocabulary_in_the_Tie-chiu_Dialect,158
sou,So 1,,,蒐,,A medicinal plant called earth's-blood; to hunt; to hide.,,,,008_A_Chinese_and_English_Vocabulary_in_the_Tie-chiu_Dialect,158
sou,So 1,,,藪,,A thicket in which are animals and lakes for fish.,,,,008_A_Chinese_and_English_Vocabulary_in_the_Tie-chiu_Dialect,158
sou,So 1,,,廋,,To conceal; hide; crafty; to search for what is hidden.,,,,008_A_Chinese_and_English_Vocabulary_in_the_Tie-chiu_Dialect,158
so̍k,Sok -4,,,属,,To be connected with; belong or pertain to; a class; species; kindred; to cause.,,,,008_A_Chinese_and_English_Vocabulary_in_the_Tie-chiu_Dialect,159
so̍k,Sok -4,,,屬,,To be connected with; belong or pertain to; a class; species; kindred; to cause.,,,,008_A_Chinese_and_English_Vocabulary_in_the_Tie-chiu_Dialect,159
so̍k,Sok -4,,,㔉,,To chop; hew.,,,,008_A_Chinese_and_English_Vocabulary_in_the_Tie-chiu_Dialect,159
so̍k,Sok -4,,,囑,,To tell; direct; give orders to.,,,,008_A_Chinese_and_English_Vocabulary_in_the_Tie-chiu_Dialect,159
so̍k,Sok -4,,,續,,To follow in succession; continuous; successively.,,,,008_A_Chinese_and_English_Vocabulary_in_the_Tie-chiu_Dialect,159
so̍k,Sok -4,,,贖,,To ransom; redeem; atone for; a ransom.,,,,008_A_Chinese_and_English_Vocabulary_in_the_Tie-chiu_Dialect,159
so̍k,Sok -4,,,俗,,The lower walks of life; common; vulgar; customary.,,,,008_A_Chinese_and_English_Vocabulary_in_the_Tie-chiu_Dialect,159
so̍k,Sok -4,,,孰,,Who? what? which? mature; ripe.,,,,008_A_Chinese_and_English_Vocabulary_in_the_Tie-chiu_Dialect,159
so̍k,Sok -4,,,塾,,A school; an outer apartment; antechamber; lodge.,,,,008_A_Chinese_and_English_Vocabulary_in_the_Tie-chiu_Dialect,159
su,Su 1,,,輸,,To rotate; to lose in any contest; be defeated; inferior; to offer to.,,,,008_A_Chinese_and_English_Vocabulary_in_the_Tie-chiu_Dialect,160
su,Su 1,,,須,,To need; necessary; requisite; to wait for or expect.,,,,008_A_Chinese_and_English_Vocabulary_in_the_Tie-chiu_Dialect,160
su,Su 1,,,需,,Necessary; what is necessary; to doubt; hesitate; stop.,,,,008_A_Chinese_and_English_Vocabulary_in_the_Tie-chiu_Dialect,160
su,Su 1,,,濡,,Enriched with moisture; to instill into; patient; mild.,,,,008_A_Chinese_and_English_Vocabulary_in_the_Tie-chiu_Dialect,160
su,Su 1,,,胥,,Altogether; mutually; to wait; fleshy.,,,,008_A_Chinese_and_English_Vocabulary_in_the_Tie-chiu_Dialect,160
su,Su 1,,,糈,,Grain given as a ration or used in sacrifice.,,,,008_A_Chinese_and_English_Vocabulary_in_the_Tie-chiu_Dialect,160
su,Su 1,,,諝,,To know; natural talent and acquired knowledge; wise; deceitful.,,,,008_A_Chinese_and_English_Vocabulary_in_the_Tie-chiu_Dialect,160
su,Su 1,,,紓,,Slow; remiss; procrastinating; calamitous.,,,,008_A_Chinese_and_English_Vocabulary_in_the_Tie-chiu_Dialect,160
su,Su 1,,,舒,,To open out; spread open; expand; leisure; ease; order.,,,,008_A_Chinese_and_English_Vocabulary_in_the_Tie-chiu_Dialect,160
su,Su 1,,,𪅰,,A bird resembling a duck.,,,,008_A_Chinese_and_English_Vocabulary_in_the_Tie-chiu_Dialect,160
sua,Sua 1,,,沙,,Sand; pebbles; anything small.,,,,008_A_Chinese_and_English_Vocabulary_in_the_Tie-chiu_Dialect,162
sua,Sua 1,,,鯊,,A shark.,,,,008_A_Chinese_and_English_Vocabulary_in_the_Tie-chiu_Dialect,162
suah,Sua 4,,,殺,,To kill; to execute; to murder; to overcome; murderous.,,,,008_A_Chinese_and_English_Vocabulary_in_the_Tie-chiu_Dialect,162
suah,Sua 4,,,煞,,To kill; to execute; to murder; to overcome; murderous.,,,,008_A_Chinese_and_English_Vocabulary_in_the_Tie-chiu_Dialect,162
suah,Sua 4,,,宿,,To pass the night; to sleep; a halting place; an inn.,,,,008_A_Chinese_and_English_Vocabulary_in_the_Tie-chiu_Dialect,162
suai,Swai 1,,,蓑,,A mango.,,,,008_A_Chinese_and_English_Vocabulary_in_the_Tie-chiu_Dialect,164
suan,Suan 1,,,宣,,To promulgate; proclaim; to summon; to spread abroad.,,,,008_A_Chinese_and_English_Vocabulary_in_the_Tie-chiu_Dialect,162
suan,Suan 1,,,喧,,Loud; clamorous; noise.,,,,008_A_Chinese_and_English_Vocabulary_in_the_Tie-chiu_Dialect,162
suan,Suan 1,,,暄,,Warmth of the sun; genial warmth; evening.,,,,008_A_Chinese_and_English_Vocabulary_in_the_Tie-chiu_Dialect,162
suan,Suan 1,,,煊,,Warmth of the sun; genial warmth; evening.,,,,008_A_Chinese_and_English_Vocabulary_in_the_Tie-chiu_Dialect,162
suan,Suan 1,,,萱,,"Name of a plant which, when eaten, is said to ensure the birth of a son.",,,,008_A_Chinese_and_English_Vocabulary_in_the_Tie-chiu_Dialect,162
suan,Suan 1,,,諠,,False; irregular; clamorous.,,,,008_A_Chinese_and_English_Vocabulary_in_the_Tie-chiu_Dialect,162
suat,Suat 4-,,,梲,,A short pillar or post on the top of a beam.,,,,008_A_Chinese_and_English_Vocabulary_in_the_Tie-chiu_Dialect,162
sua̍k,Suak -4,,,朔,,The first day of the moon; to begin; commence.,,,,008_A_Chinese_and_English_Vocabulary_in_the_Tie-chiu_Dialect,162
sua̍k,Suak -4,,,塑,,An image; idol; to mould; form.,,,,008_A_Chinese_and_English_Vocabulary_in_the_Tie-chiu_Dialect,162
sua̍k,Suak -4,,,槊,,A long spear; a railing; name of a wood.,,,,008_A_Chinese_and_English_Vocabulary_in_the_Tie-chiu_Dialect,162
sua̍k,Suak -4,,,數,,Numerous; troublesome; hurried; irreverent.,,,,008_A_Chinese_and_English_Vocabulary_in_the_Tie-chiu_Dialect,162
sue,Sue 1,,,衰,,To fade; decline; become weak; fall off; exterminate.,,,,008_A_Chinese_and_English_Vocabulary_in_the_Tie-chiu_Dialect,162
sueh,Sue 4,,,說,,To speak; converse; explain; speech; explanation.,,,,008_A_Chinese_and_English_Vocabulary_in_the_Tie-chiu_Dialect,163
sueh,Sue 4,,,刷,,To scrape; rub; brush; cleanse; a brush.,,,,008_A_Chinese_and_English_Vocabulary_in_the_Tie-chiu_Dialect,163
sui,Sui 1,,,雖,,Although; supposing that; admitting that.,,,,008_A_Chinese_and_English_Vocabulary_in_the_Tie-chiu_Dialect,163
sui,Sui 1,,,綏,,Steady; quiet; tranquil; to tranquilize; a battle.,,,,008_A_Chinese_and_English_Vocabulary_in_the_Tie-chiu_Dialect,163
sui,Sui 1,,,荽,,A fragrant plant beneficial in headaches.,,,,008_A_Chinese_and_English_Vocabulary_in_the_Tie-chiu_Dialect,163
sui,Sui 1,,,蓑,,Pendent flowers; a garment of leaves to defend from rain.,,,,008_A_Chinese_and_English_Vocabulary_in_the_Tie-chiu_Dialect,163
sun,Sun 1,,,孫,,A grandchild; remote descendants; posterity.,,,,008_A_Chinese_and_English_Vocabulary_in_the_Tie-chiu_Dialect,164
sun,Sun 1,,,猻,,An animal of the monkey species.,,,,008_A_Chinese_and_English_Vocabulary_in_the_Tie-chiu_Dialect,164
sun,Sun 1,,,飱,,An evening meal; flour and water mixed; dressed food.,,,,008_A_Chinese_and_English_Vocabulary_in_the_Tie-chiu_Dialect,164
sut,Sut 4,,,恤,,Compassion; to pity; to have a tender care for.,,,,008_A_Chinese_and_English_Vocabulary_in_the_Tie-chiu_Dialect,164
sut,Sut 4,,,卹,,Compassion; to pity; to have a tender care for.,,,,008_A_Chinese_and_English_Vocabulary_in_the_Tie-chiu_Dialect,164
sut,Sut 4,,,戌,,A horary character for the ninth moon; also for from 7 to 9 o'clock P.M.,,,,008_A_Chinese_and_English_Vocabulary_in_the_Tie-chiu_Dialect,164
sut,Sut 4,,,銊,,The noise made by a saw; to saw.,,,,008_A_Chinese_and_English_Vocabulary_in_the_Tie-chiu_Dialect,164
sut,Sut 4,,,師,,To lead or head an army; to lead.,,,,008_A_Chinese_and_English_Vocabulary_in_the_Tie-chiu_Dialect,164
suán,Suan 2,,,選,,To choose; select; appoint; timorous; apprehensive.,,,,008_A_Chinese_and_English_Vocabulary_in_the_Tie-chiu_Dialect,162
suáng,Suang 2,,,爽,,Light and cheerful; ease and health; to please; impetuous; to fail; miss.,,,,008_A_Chinese_and_English_Vocabulary_in_the_Tie-chiu_Dialect,162
suáng,Suang 2,,,顙,,The middle of the forehead; the front.,,,,008_A_Chinese_and_English_Vocabulary_in_the_Tie-chiu_Dialect,162
suân,Suan -1,,,旋,,To circulate; go round; return; to bring about; then; next.,,,,008_A_Chinese_and_English_Vocabulary_in_the_Tie-chiu_Dialect,162
suân,Suan -1,,,璇,,Name of a valuable stone; an astronomical instrument.,,,,008_A_Chinese_and_English_Vocabulary_in_the_Tie-chiu_Dialect,162
suân,Suan -1,,,璿,,Name of a valuable stone; an astronomical instrument.,,,,008_A_Chinese_and_English_Vocabulary_in_the_Tie-chiu_Dialect,162
su̍t,Sut -4,,,術,,A path; a way of doing anything; a rule; an art; a scheme.,,,,008_A_Chinese_and_English_Vocabulary_in_the_Tie-chiu_Dialect,164
su̍t,Sut -4,,,述,,"To narrate; rehearse; to collect, arrange and publish.",,,,008_A_Chinese_and_English_Vocabulary_in_the_Tie-chiu_Dialect,164
sài,Sai 3-,,,使,,A messenger; one sent.,,,,008_A_Chinese_and_English_Vocabulary_in_the_Tie-chiu_Dialect,149
sài,Sai 3-,,,墟,,A superior; a daughter's husband; a son-in-law.,A superior; a daughter's huband; a son-in-law.,,,008_A_Chinese_and_English_Vocabulary_in_the_Tie-chiu_Dialect,149
sài,Sai 3-,,,婿,,A superior; a daughter's husband; a son-in-law.,A superior; a daughter's huband; a son-in-law.,,,008_A_Chinese_and_English_Vocabulary_in_the_Tie-chiu_Dialect,149
sài,Sai 3-,,,賽,,To make a grateful return; to strive to surpass; contend.,,,,008_A_Chinese_and_English_Vocabulary_in_the_Tie-chiu_Dialect,149
sàm,Sám 3-,,,三,,Three times; to repeat three times.,,,,008_A_Chinese_and_English_Vocabulary_in_the_Tie-chiu_Dialect,149
sàn,Sán 3-,,,訕,,To slander; vilify; backbite.,,,,008_A_Chinese_and_English_Vocabulary_in_the_Tie-chiu_Dialect,149
sàn,Sán 3-,,,𠾎,,To blow out from the mouth or nose.,,,,008_A_Chinese_and_English_Vocabulary_in_the_Tie-chiu_Dialect,149
sàn,Sán 3-,,,撒,,To scatter; disperse; set loose; spread out.,,,,008_A_Chinese_and_English_Vocabulary_in_the_Tie-chiu_Dialect,149
sàng,Sáng 3-,,,送,,To present to; to accompany a guest a short way on his return.,,,,008_A_Chinese_and_English_Vocabulary_in_the_Tie-chiu_Dialect,149
sàng,Sáng 3-,,,喪,,To lose; fail; die; be forgotten; to mourn for the dead.,,,,008_A_Chinese_and_English_Vocabulary_in_the_Tie-chiu_Dialect,149
sàu,Sau 3-,,,埽,,To eject; put away; to sweep the ground; a dike.,,,,008_A_Chinese_and_English_Vocabulary_in_the_Tie-chiu_Dialect,150
sàu,Sau 3-,,,掃,,To brush away; sweep; to search by order of government.,,,,008_A_Chinese_and_English_Vocabulary_in_the_Tie-chiu_Dialect,150
sàu,Sau 3-,,,嘯,,"The sound of roaring, hissing, or whistling; to blow.",,,,008_A_Chinese_and_English_Vocabulary_in_the_Tie-chiu_Dialect,150
sá,Sá 2,,,洒,,To wash; cleanse; sprinkle; afraid.,,,,008_A_Chinese_and_English_Vocabulary_in_the_Tie-chiu_Dialect,148
sái,Sai 2,,,駛,,Haste; to hasten; sail fast; run.,,,,008_A_Chinese_and_English_Vocabulary_in_the_Tie-chiu_Dialect,149
sái,Sai 2,,,屎,,Ordure; excrement.,,,,008_A_Chinese_and_English_Vocabulary_in_the_Tie-chiu_Dialect,149
sái,Sai 2,,,使,,To send; to cause; to manage; to succeed; use.,,,,008_A_Chinese_and_English_Vocabulary_in_the_Tie-chiu_Dialect,149
sám,Sám 2,,,糝,,Rice mixed with soup or with minced meat; mixed.,,,,008_A_Chinese_and_English_Vocabulary_in_the_Tie-chiu_Dialect,149
sáu,Sau 2,,,蚤,,A biting insect produced in dry soil; morning.,,,,008_A_Chinese_and_English_Vocabulary_in_the_Tie-chiu_Dialect,150
sãi,Sai -3,,,柿,,A fruit with red skin and soft pulp; the Diosypros.,,,,008_A_Chinese_and_English_Vocabulary_in_the_Tie-chiu_Dialect,149
sèng,Seng 3-,,,勝,,To surpass; overcome; to win; to be superior to.,,,,008_A_Chinese_and_English_Vocabulary_in_the_Tie-chiu_Dialect,151
sèⁿ,Sⁿe 3-,,,姓,,Surname; family name.,,,,008_A_Chinese_and_English_Vocabulary_in_the_Tie-chiu_Dialect,150
sèⁿ,Sⁿe 3-,,,性,,"A man's nature, disposition, constitution, ability, temper, &c.",,,,008_A_Chinese_and_English_Vocabulary_in_the_Tie-chiu_Dialect,150
séng,Seng 2,,,𢜫,,To arouse or awaken the mind.,,,,008_A_Chinese_and_English_Vocabulary_in_the_Tie-chiu_Dialect,151
séⁿ,Sⁿe 2,,,省,,To examine into; to watch; watchful; to diminish; a province or state.,,,,008_A_Chinese_and_English_Vocabulary_in_the_Tie-chiu_Dialect,150
sê,Se -1,,,儕,,Order or class; company; group; forms the plural.,,,,008_A_Chinese_and_English_Vocabulary_in_the_Tie-chiu_Dialect,150
sê,Se -1,,,裟,,A cloak worn by Budhist priests.,,,,008_A_Chinese_and_English_Vocabulary_in_the_Tie-chiu_Dialect,150
sê,Se -1,,,紗,,Gauze; thin silk; crape.,,,,008_A_Chinese_and_English_Vocabulary_in_the_Tie-chiu_Dialect,150
sê,Se -1,,,些,,Small; a few; a little.,,,,008_A_Chinese_and_English_Vocabulary_in_the_Tie-chiu_Dialect,150
sêng,Seng -1,,,成,,To effect; accomplish; complete; to perfect; to become.,,,,008_A_Chinese_and_English_Vocabulary_in_the_Tie-chiu_Dialect,151
sêng,Seng -1,,,誠,,Without guile; true; honest; truth; sincerity.,,,,008_A_Chinese_and_English_Vocabulary_in_the_Tie-chiu_Dialect,151
sêng,Seng -1,,,承,,To be second to; to help; aid; an assistant; a second.,,,,008_A_Chinese_and_English_Vocabulary_in_the_Tie-chiu_Dialect,151
sêng,Seng -1,,,丞,,To be second to; to help; aid; an assistant; a second.,,,,008_A_Chinese_and_English_Vocabulary_in_the_Tie-chiu_Dialect,151
sêng,Seng -1,,,松,,The pine or fir tree.,,,,008_A_Chinese_and_English_Vocabulary_in_the_Tie-chiu_Dialect,151
sì,Si 3-,,,視,,To look; view; examine; to teach; take knowledge of; behold.,,,,008_A_Chinese_and_English_Vocabulary_in_the_Tie-chiu_Dialect,152
sì,Si 3-,,,四,,Four.,,,,008_A_Chinese_and_English_Vocabulary_in_the_Tie-chiu_Dialect,152
sì,Si 3-,,,嗜,,To relish; desire ardently; indulge the animal lusts.,,,,008_A_Chinese_and_English_Vocabulary_in_the_Tie-chiu_Dialect,152
sì,Si 3-,,,世,,An age; generation; mankind.,,,,008_A_Chinese_and_English_Vocabulary_in_the_Tie-chiu_Dialect,152
sì,Si 3-,,,勢,,Strength; authority; influence; condition of.,,,,008_A_Chinese_and_English_Vocabulary_in_the_Tie-chiu_Dialect,152
sìn,Sin 3-,,,信,,Sincere; true to one's word; to believe; trust; a letter.,,,,008_A_Chinese_and_English_Vocabulary_in_the_Tie-chiu_Dialect,156
sìn,Sin 3-,,,汛,,To sprinkle with; speed; to expedite; haste.,,,,008_A_Chinese_and_English_Vocabulary_in_the_Tie-chiu_Dialect,156
sìn,Sin 3-,,,訊,,To interrogate; examine; accuse; reprove; direct.,,,,008_A_Chinese_and_English_Vocabulary_in_the_Tie-chiu_Dialect,156
sìn,Sin 3-,,,迅,,To go with speed; quick; hasty; sudden.,,,,008_A_Chinese_and_English_Vocabulary_in_the_Tie-chiu_Dialect,156
sìⁿ,Sⁿi 3-,,,扇,,A wing; a door; a fan; to fan; to agitate.,,,,008_A_Chinese_and_English_Vocabulary_in_the_Tie-chiu_Dialect,152
sìⁿ,Sⁿi 3-,,,煽,,"To fan a flame; to inflame, seduce or delude.",,,,008_A_Chinese_and_English_Vocabulary_in_the_Tie-chiu_Dialect,152
sí,Si 2,,,始,,The beginning; origin; to begin; then; for the first time.,,,,008_A_Chinese_and_English_Vocabulary_in_the_Tie-chiu_Dialect,152
sí,Si 2,,,死,,To die.,,,,008_A_Chinese_and_English_Vocabulary_in_the_Tie-chiu_Dialect,152
sí,Si 2,,,屣,,Straw sandals; shoes that separate from the foot.,,,,008_A_Chinese_and_English_Vocabulary_in_the_Tie-chiu_Dialect,152
sí,Si 2,,,蓰,,Name of a plant; five fold.,,,,008_A_Chinese_and_English_Vocabulary_in_the_Tie-chiu_Dialect,152
sí,Si 2,,,豕,,The bristles and tail of swine; swine.,,,,008_A_Chinese_and_English_Vocabulary_in_the_Tie-chiu_Dialect,152
sí,Si 2,,,彖,,A pig; a porcupine; a symbol used in divination.,,,,008_A_Chinese_and_English_Vocabulary_in_the_Tie-chiu_Dialect,152
sí,Si 2,,,兕,,A buffalo; rhinoceros.,,,,008_A_Chinese_and_English_Vocabulary_in_the_Tie-chiu_Dialect,152
sí,Si 2,,,弛,,To let go the string of a bow; set loose; unexerted.,,,,008_A_Chinese_and_English_Vocabulary_in_the_Tie-chiu_Dialect,152
sí,Si 2,,,矢,,An arrow; straight as an arrow; swift; true; to vow.,,,,008_A_Chinese_and_English_Vocabulary_in_the_Tie-chiu_Dialect,152
sím,Sim 2,,,審,,To investigate clearly; to judge; decide; to restrain.,,,,008_A_Chinese_and_English_Vocabulary_in_the_Tie-chiu_Dialect,156
sím,Sim 2,,,嬸,,A younger brother's wife; also a father's brother's wife.,,,,008_A_Chinese_and_English_Vocabulary_in_the_Tie-chiu_Dialect,156
sín,Sin 2,,,愼,,Careful; attentive; still; sincere; cautious.,,,,008_A_Chinese_and_English_Vocabulary_in_the_Tie-chiu_Dialect,156
sî,Si -1,,,時,,Time; a two hour period; a season; the proper time.,,,,008_A_Chinese_and_English_Vocabulary_in_the_Tie-chiu_Dialect,151
sî,Si -1,,,塒,,A hen-roost formed in a wall; a roost.,,,,008_A_Chinese_and_English_Vocabulary_in_the_Tie-chiu_Dialect,151
sî,Si -1,,,辭,,To decline; refuse; words; to decline an invitation to delay; to carry.,,,,008_A_Chinese_and_English_Vocabulary_in_the_Tie-chiu_Dialect,151
sî,Si -1,,,匙,,A spoon; a key.,,,,008_A_Chinese_and_English_Vocabulary_in_the_Tie-chiu_Dialect,151
sîm,Sim -1,,,諶,,True; sincere; truth; sincerity.,,,,008_A_Chinese_and_English_Vocabulary_in_the_Tie-chiu_Dialect,155
sîm,Sim -1,,,忱,,Sincere; true; devoted.,,,,008_A_Chinese_and_English_Vocabulary_in_the_Tie-chiu_Dialect,155
sîn,Sin -1,,,神,,Divinity; God; whatever is worshiped; spirit; divine; spiritual.,,,,008_A_Chinese_and_English_Vocabulary_in_the_Tie-chiu_Dialect,156
sîn,Sin -1,,,辰,,"Time; the sun, moon and stars; from 7 to 9 o'clock A.M.",,,,008_A_Chinese_and_English_Vocabulary_in_the_Tie-chiu_Dialect,156
sîn,Sin -1,,,宸,,A retired apartment; the imperial apartments.,,,,008_A_Chinese_and_English_Vocabulary_in_the_Tie-chiu_Dialect,156
sîn,Sin -1,,,晨,,The morning; dawn; light; clear; bright.,,,,008_A_Chinese_and_English_Vocabulary_in_the_Tie-chiu_Dialect,156
sîn,Sin -1,,,繩,,"A cord; a line; to line, or make a straight mark with a line; to warn; restrict.",,,,008_A_Chinese_and_English_Vocabulary_in_the_Tie-chiu_Dialect,156
sîn,Sin -1,,,蠅,,Name of an insect; a specious; intriguing flatterer.,,,,008_A_Chinese_and_English_Vocabulary_in_the_Tie-chiu_Dialect,156
sò,Só 3-,,,䟽,,To explain; a statement or explanation sent up to the emperor.,,,,008_A_Chinese_and_English_Vocabulary_in_the_Tie-chiu_Dialect,159
sòi,Soi 3-,,,細,,Fine; small; delicate; as fine silk; petty; gentle; careful.,,,,008_A_Chinese_and_English_Vocabulary_in_the_Tie-chiu_Dialect,159
sòi,Soi 3-,,,小,,Small; little; young.,,,,008_A_Chinese_and_English_Vocabulary_in_the_Tie-chiu_Dialect,159
sòng,Song 3-,,,宋,,Name of an ancient dynasty; a dwelling; to dwell.,,,,008_A_Chinese_and_English_Vocabulary_in_the_Tie-chiu_Dialect,160
sòu,So 3-,,,溲,,To steep in water; void urine.,,,,008_A_Chinese_and_English_Vocabulary_in_the_Tie-chiu_Dialect,158
sòu,So 3-,,,瘦,,Lean; emaciated.,,,,008_A_Chinese_and_English_Vocabulary_in_the_Tie-chiu_Dialect,158
sòu,So 3-,,,潄,,To wash the mouth; to rinse; spit out.,,,,008_A_Chinese_and_English_Vocabulary_in_the_Tie-chiu_Dialect,158
só,Só 2,,,所,,A place; a thing; a cause or means; that which; what.,,,,008_A_Chinese_and_English_Vocabulary_in_the_Tie-chiu_Dialect,158
só,Só 2,,,嫂,,A brother's wife; another person's wife.,,,,008_A_Chinese_and_English_Vocabulary_in_the_Tie-chiu_Dialect,159
só,Só 2,,,瑣,,Minute; small; petty; troublesome; delicate; continuous.,,,,008_A_Chinese_and_English_Vocabulary_in_the_Tie-chiu_Dialect,159
só,Só 2,,,鎖,,A lock; to lock; to fetter; rings; a chain.,,,,008_A_Chinese_and_English_Vocabulary_in_the_Tie-chiu_Dialect,159
sói,Soi 2,,,洗,,To wash; cleanse; purify.,,,,008_A_Chinese_and_English_Vocabulary_in_the_Tie-chiu_Dialect,159
sóng,Song 2,,,悚,,Double-minded; timorous; agitated by hopes and fear.,,,,008_A_Chinese_and_English_Vocabulary_in_the_Tie-chiu_Dialect,159
sóng,Song 2,,,竦,,Respect; awe; to stand in a stiff formal manner; to exalt.,,,,008_A_Chinese_and_English_Vocabulary_in_the_Tie-chiu_Dialect,160
sóng,Song 2,,,嵸,,The summits of hills or mountains.,,,,008_A_Chinese_and_English_Vocabulary_in_the_Tie-chiu_Dialect,160
sóng,Song 2,,,聳,,A sound in the ear; to stir up by advice; excite; inflame.,,,,008_A_Chinese_and_English_Vocabulary_in_the_Tie-chiu_Dialect,160
sóu,So 2,,,叟,,A respectful epithet applied to aged persons.,,,,008_A_Chinese_and_English_Vocabulary_in_the_Tie-chiu_Dialect,158
sóu,So 2,,,瞍,,An eye without a pupil; an aged person.,,,,008_A_Chinese_and_English_Vocabulary_in_the_Tie-chiu_Dialect,158
sõng,Song -3,,,訟,,Litigation; strife; contention; wrangling; disputation.,,,,008_A_Chinese_and_English_Vocabulary_in_the_Tie-chiu_Dialect,160
sõng,Song -3,,,頌,,The countenance; to praise; to publish the virtues of any one.,,,,008_A_Chinese_and_English_Vocabulary_in_the_Tie-chiu_Dialect,160
sõng,Song -3,,,誦,,To recite; chant; sing; to discuss; calumniate.,,,,008_A_Chinese_and_English_Vocabulary_in_the_Tie-chiu_Dialect,160
sù,Su 3-,,,庶,,A great many; a multitude; nearly; probably.,,,,008_A_Chinese_and_English_Vocabulary_in_the_Tie-chiu_Dialect,160
sù,Su 3-,,,恕,,Benevolent; indulgent; to excuse an offence.,,,,008_A_Chinese_and_English_Vocabulary_in_the_Tie-chiu_Dialect,160
sù,Su 3-,,,絮,,The coarser part of silk; to compound; reiterate; verbose.,,,,008_A_Chinese_and_English_Vocabulary_in_the_Tie-chiu_Dialect,161
sù,Su 3-,,,訴,,To inform of; to accuse; to state in one's defence; calumny.,,,,008_A_Chinese_and_English_Vocabulary_in_the_Tie-chiu_Dialect,161
sù,Su 3-,,,素,,White; plain; not ornamented; originally; heretofore.,,,,008_A_Chinese_and_English_Vocabulary_in_the_Tie-chiu_Dialect,161
sù,Su 3-,,,塐,,To mould or form anything of earth or clay; an image.,,,,008_A_Chinese_and_English_Vocabulary_in_the_Tie-chiu_Dialect,161
sù,Su 3-,,,愫,,Sincere; true-hearted; one's real purpose.,,,,008_A_Chinese_and_English_Vocabulary_in_the_Tie-chiu_Dialect,161
sù,Su 3-,,,愬,,To inform of; accuse; defend; state to; calumny.,,,,008_A_Chinese_and_English_Vocabulary_in_the_Tie-chiu_Dialect,161
sù,Su 3-,,,溯,,To drive water back contrary to its natural course.,,,,008_A_Chinese_and_English_Vocabulary_in_the_Tie-chiu_Dialect,161
sù,Su 3-,,,遡,,To meet or go against; to urge; to accuse.,,,,008_A_Chinese_and_English_Vocabulary_in_the_Tie-chiu_Dialect,161
sùaⁿ,Sⁿua 3-,,,散,,To scatter; disperse; dissipate; dismiss or break up an assembly; divorce.,,,,008_A_Chinese_and_English_Vocabulary_in_the_Tie-chiu_Dialect,162
sùaⁿ,Sⁿua 3-,,,線,,Thread of any kind; to lead or draw; spy.,,,,008_A_Chinese_and_English_Vocabulary_in_the_Tie-chiu_Dialect,162
sùaⁿ,Sⁿua 3-,,,傘,,To cover; shade off the sun and rain; an umbrella; parasol.,,,,008_A_Chinese_and_English_Vocabulary_in_the_Tie-chiu_Dialect,162
sùe,Sue 3-,,,師,,A commander; a general; an army.,,,,008_A_Chinese_and_English_Vocabulary_in_the_Tie-chiu_Dialect,162
sùe,Sue 3-,,,戍,,To guard the frontier; to banish to the frontier.,,,,008_A_Chinese_and_English_Vocabulary_in_the_Tie-chiu_Dialect,163
sùe,Sue 3-,,,歲,,A year; one's age; the produce of a year.,,,,008_A_Chinese_and_English_Vocabulary_in_the_Tie-chiu_Dialect,163
sùe,Sue 3-,,,稅,,"Taxes; rent; custom; duties; to hire; to leave to, as by will.",,,,008_A_Chinese_and_English_Vocabulary_in_the_Tie-chiu_Dialect,163
sùi,Sui 3-,,,穗,,The ear of grain; the flower of fruits and grass; elegant.,,,,008_A_Chinese_and_English_Vocabulary_in_the_Tie-chiu_Dialect,163
sùn,Sun 3-,,,巽,,Humble; to select; a character used in divination.,,,,008_A_Chinese_and_English_Vocabulary_in_the_Tie-chiu_Dialect,164
sùn,Sun 3-,,,孫,,Complaisant; retiring; humble; yielding.,,,,008_A_Chinese_and_English_Vocabulary_in_the_Tie-chiu_Dialect,164
sùn,Sun 3-,,,遜,,Complaisant; retiring; humble; yielding.,,,,008_A_Chinese_and_English_Vocabulary_in_the_Tie-chiu_Dialect,164
sùn,Sun 3-,,,舜,,A Chinese king who lived B.C.2100; sage; benevolent.,,,,008_A_Chinese_and_English_Vocabulary_in_the_Tie-chiu_Dialect,164
sùn,Sun 3-,,,瞬,,The twinkling of an eye; an instant.,,,,008_A_Chinese_and_English_Vocabulary_in_the_Tie-chiu_Dialect,164
sú,Su 2,,,暑,,Hot weather; summer.,,,,008_A_Chinese_and_English_Vocabulary_in_the_Tie-chiu_Dialect,160
sú,Su 2,,,楮,,Name of a tree of the bark of which cloth and paper are made.,,,,008_A_Chinese_and_English_Vocabulary_in_the_Tie-chiu_Dialect,160
sú,Su 2,,,緒,,The commencement; clue; course of events; examine into.,,,,008_A_Chinese_and_English_Vocabulary_in_the_Tie-chiu_Dialect,160
sú,Su 2,,,褚,,A clothes bag or basket; a pall; to cut and make clothes.,,,,008_A_Chinese_and_English_Vocabulary_in_the_Tie-chiu_Dialect,160
sú,Su 2,,,署,,A public court; a temporary officer.,,,,008_A_Chinese_and_English_Vocabulary_in_the_Tie-chiu_Dialect,160
sú,Su 2,,,曙,,The light of the rising sun; morning; clear.,,,,008_A_Chinese_and_English_Vocabulary_in_the_Tie-chiu_Dialect,160
sú,Su 2,,,黍,,Grain; millet; a certain plant.,,,,008_A_Chinese_and_English_Vocabulary_in_the_Tie-chiu_Dialect,160
sú,Su 2,,,杵,,A wooden beater or pestle.,,,,008_A_Chinese_and_English_Vocabulary_in_the_Tie-chiu_Dialect,160
súa,Sua 2,,,徒,,To remove or be removed from one place to another.,,,,008_A_Chinese_and_English_Vocabulary_in_the_Tie-chiu_Dialect,162
súaⁿ,Sⁿua 2,,,產,,To produce or bear; what is produced; fruits of the earth; offspring; patrimony.,,,,008_A_Chinese_and_English_Vocabulary_in_the_Tie-chiu_Dialect,162
sún,Sun 2,,,損,,To diminish; injure; spoil; lose; give up.,,,,008_A_Chinese_and_English_Vocabulary_in_the_Tie-chiu_Dialect,164
sún,Sun 2,,,筍,,Young shoots of bamboo fit to be eaten; a sprout; a tenon.,,,,008_A_Chinese_and_English_Vocabulary_in_the_Tie-chiu_Dialect,164
sún,Sun 2,,,笋,,Young shoots of bamboo fit to be eaten; a sprout; a tenon.,,,,008_A_Chinese_and_English_Vocabulary_in_the_Tie-chiu_Dialect,164
sû,Su -1,,,殊,,To kill; cut off; exterminate; to exceed; distinguish; superlative; very.,,,,008_A_Chinese_and_English_Vocabulary_in_the_Tie-chiu_Dialect,160
sû,Su -1,,,殳,,A military weapon; the handle of a spear.,,,,008_A_Chinese_and_English_Vocabulary_in_the_Tie-chiu_Dialect,160
sû,Su -1,,,帤,,A large cloth or napkin; a streamer; part of a bow.,,,,008_A_Chinese_and_English_Vocabulary_in_the_Tie-chiu_Dialect,160
sûaⁿ,Sⁿua -1,,,山,,A mountain; hill; shore.,,,,008_A_Chinese_and_English_Vocabulary_in_the_Tie-chiu_Dialect,162
sûi,Sui -1,,,隋,,Name of an ancient dynasty of China.,,,,008_A_Chinese_and_English_Vocabulary_in_the_Tie-chiu_Dialect,163
sûi,Sui -1,,,隨,,To accord with; yield; follow; obey; forthwith.,,,,008_A_Chinese_and_English_Vocabulary_in_the_Tie-chiu_Dialect,163
sûi,Sui -1,,,遂,,To accord with; not to oppose; forthwith; then.,,,,008_A_Chinese_and_English_Vocabulary_in_the_Tie-chiu_Dialect,163
sûi,Sui -1,,,燧,,An instrument to obtain fire either by friction or from the rays of the sun.,,,,008_A_Chinese_and_English_Vocabulary_in_the_Tie-chiu_Dialect,163
sûi,Sui -1,,,璲,,Name of a valuable stone attached to girdles and esteemed lucky.,,,,008_A_Chinese_and_English_Vocabulary_in_the_Tie-chiu_Dialect,163
sûi,Sui -1,,,穟,,The flower or head of grain; the ear of corn.,,,,008_A_Chinese_and_English_Vocabulary_in_the_Tie-chiu_Dialect,163
sûi,Sui -1,,,垂,,Suspended; to bow down; condescend; extend downwards.,,,,008_A_Chinese_and_English_Vocabulary_in_the_Tie-chiu_Dialect,163
sûi,Sui -1,,,諈,,To implicate; connect or involve affairs; search into.,,,,008_A_Chinese_and_English_Vocabulary_in_the_Tie-chiu_Dialect,163
sûi,Sui -1,,,陲,,The edge of a precipice; dangerous; a limit; frontier.,,,,008_A_Chinese_and_English_Vocabulary_in_the_Tie-chiu_Dialect,163
sûi,Sui -1,,,錘,,A weight used in weighing; twelve teals of silver.,,,,008_A_Chinese_and_English_Vocabulary_in_the_Tie-chiu_Dialect,163
sûi,Sui -1,,,誰,,Who? whose? what? who.,,,,008_A_Chinese_and_English_Vocabulary_in_the_Tie-chiu_Dialect,163
sûn,Sun -1,,,旬,,Ten days; a decade; to extend everywhere; all equally.,,,,008_A_Chinese_and_English_Vocabulary_in_the_Tie-chiu_Dialect,163
sûn,Sun -1,,,恂,,Sincere; faithful; respectful; awe; reverence.,,,,008_A_Chinese_and_English_Vocabulary_in_the_Tie-chiu_Dialect,163
sûn,Sun -1,,,殉,,To seek the attainment of any object at any risk.,,,,008_A_Chinese_and_English_Vocabulary_in_the_Tie-chiu_Dialect,163
sûn,Sun -1,,,洵,,Faithful; sincere; distant; equal; even; to weep.,,,,008_A_Chinese_and_English_Vocabulary_in_the_Tie-chiu_Dialect,163
sûn,Sun -1,,,狥,,To connive at; comply with in any evil sense.,,,,008_A_Chinese_and_English_Vocabulary_in_the_Tie-chiu_Dialect,163
sûn,Sun -1,,,荀,,Name of a plant.,,,,008_A_Chinese_and_English_Vocabulary_in_the_Tie-chiu_Dialect,163
sûn,Sun -1,,,訊,,To enquire; investigate; give information; to contrive.,,,,008_A_Chinese_and_English_Vocabulary_in_the_Tie-chiu_Dialect,163
sûn,Sun -1,,,循,,To go as one in led; to comply or accord with; to go about; examine.,,,,008_A_Chinese_and_English_Vocabulary_in_the_Tie-chiu_Dialect,163
sûn,Sun -1,,,巡,,To go about and examine; go the round; look after.,,,,008_A_Chinese_and_English_Vocabulary_in_the_Tie-chiu_Dialect,163
sûn,Sun -1,,,純,,Pure; unmixed; without spot.,,,,008_A_Chinese_and_English_Vocabulary_in_the_Tie-chiu_Dialect,163
sûn,Sun -1,,,惇,,"Sincerity; plain, honest and kind.",,,,008_A_Chinese_and_English_Vocabulary_in_the_Tie-chiu_Dialect,163
sûn,Sun -1,,,鶉,,A species of quail.,,,,008_A_Chinese_and_English_Vocabulary_in_the_Tie-chiu_Dialect,164
sĩ,Si -3,,,是,,Straight; right; is; am; this; that; yes; it is so.,,,,008_A_Chinese_and_English_Vocabulary_in_the_Tie-chiu_Dialect,152
sĩ,Si -3,,,侍,,To stand by the side of; to wait on; an attendant.,,,,008_A_Chinese_and_English_Vocabulary_in_the_Tie-chiu_Dialect,152
sĩ,Si -3,,,峙,,A lofty mountain; erect; high.,,,,008_A_Chinese_and_English_Vocabulary_in_the_Tie-chiu_Dialect,152
sĩ,Si -3,,,恃,,To rely or depend on.,,,,008_A_Chinese_and_English_Vocabulary_in_the_Tie-chiu_Dialect,152
sĩ,Si -3,,,氏,,A family name; an affix to the names of females.,,,,008_A_Chinese_and_English_Vocabulary_in_the_Tie-chiu_Dialect,152
sĩm,Sim -3,,,甚,,In an extreme degree; very; superlative.,,,,008_A_Chinese_and_English_Vocabulary_in_the_Tie-chiu_Dialect,156
sī,Si 3,,,示,,To declare; manifest; proclaim; teach; make known.,,,,008_A_Chinese_and_English_Vocabulary_in_the_Tie-chiu_Dialect,152
sī,Si 3,,,豉,,A jelly like condiment made of flour or pulse.,,,,008_A_Chinese_and_English_Vocabulary_in_the_Tie-chiu_Dialect,152
sī,Si 3,,,誓,,To swear; utter an oath or imprecation; to bind; a vow an oath.,,,,008_A_Chinese_and_English_Vocabulary_in_the_Tie-chiu_Dialect,152
sī,Si 3,,,逝,,To depart; die; go away.,,,,008_A_Chinese_and_English_Vocabulary_in_the_Tie-chiu_Dialect,152
sīn,Sin 3,,,剩,,Overplus; surplus; remainder; not only.,,,,008_A_Chinese_and_English_Vocabulary_in_the_Tie-chiu_Dialect,156
sńg,Sᵘng 2,,,耍,,To play; sport; amuse; to trifle with; seduce.,,,,008_A_Chinese_and_English_Vocabulary_in_the_Tie-chiu_Dialect,164
sũ,Su -3,,,序,,Order; arrangement; a school-room; college; preface of a book.,,,,008_A_Chinese_and_English_Vocabulary_in_the_Tie-chiu_Dialect,160
sũ,Su -3,,,叙,,To arrange or explain in order; to converse about.,,,,008_A_Chinese_and_English_Vocabulary_in_the_Tie-chiu_Dialect,160
sũ,Su -3,,,豎,,To stand erect; to set up; establish; upright; chaste.,,,,008_A_Chinese_and_English_Vocabulary_in_the_Tie-chiu_Dialect,160
sũ,Su -3,,,樹,,To plant; erect; set on end.,,,,008_A_Chinese_and_English_Vocabulary_in_the_Tie-chiu_Dialect,160
sũi,Sui -3,,,睡,,To sleep; to lie down.,,,,008_A_Chinese_and_English_Vocabulary_in_the_Tie-chiu_Dialect,163
sũi,Sui -3,,,瑞,,Auspicious; felicitous; a good omen.,,,,008_A_Chinese_and_English_Vocabulary_in_the_Tie-chiu_Dialect,163
sũn,Sun -3,,,順,,To obey; yield; comply; prosperous; harmonizing.,,,,008_A_Chinese_and_English_Vocabulary_in_the_Tie-chiu_Dialect,164
sǹg,Sᵘng 3-,,,算,,To reckon; to calculate; count; the abaccus.,,,,008_A_Chinese_and_English_Vocabulary_in_the_Tie-chiu_Dialect,164
sǹg,Sᵘng 3-,,,蒜,,Garlic; a kind of small onions.,,,,008_A_Chinese_and_English_Vocabulary_in_the_Tie-chiu_Dialect,164
sṳ,Sù 1,,,思,,To think; consider; desire; commiserate; thoughts.,,,,008_A_Chinese_and_English_Vocabulary_in_the_Tie-chiu_Dialect,161
sṳ,Sù 1,,,偲,,To reprove or admonish with frankness; great talent.,,,,008_A_Chinese_and_English_Vocabulary_in_the_Tie-chiu_Dialect,161
sṳ,Sù 1,,,斯,,This; that; these; forthwith; low; mean.,,,,008_A_Chinese_and_English_Vocabulary_in_the_Tie-chiu_Dialect,161
sṳ,Sù 1,,,厮,,Servants; foragers; to fight and kill in the confusion of battle.,,,,008_A_Chinese_and_English_Vocabulary_in_the_Tie-chiu_Dialect,161
sṳ,Sù 1,,,嘶,,The neighing of a horse; to belch.,,,,008_A_Chinese_and_English_Vocabulary_in_the_Tie-chiu_Dialect,161
sṳ,Sù 1,,,私,,Peculiar; private; sai chiu; individual; selfish; clandestine.,,,,008_A_Chinese_and_English_Vocabulary_in_the_Tie-chiu_Dialect,161
sṳ,Sù 1,,,師,,A master; teacher; a commander; a patron; soldiers.,,,,008_A_Chinese_and_English_Vocabulary_in_the_Tie-chiu_Dialect,161
sṳ̀,Sù 3-,,,賜,,To confer; bestow on inferiors; give; distribute.,,,,008_A_Chinese_and_English_Vocabulary_in_the_Tie-chiu_Dialect,161
sṳ̀,Sù 3-,,,泗,,Name of a river; secretion from the nose.,,,,008_A_Chinese_and_English_Vocabulary_in_the_Tie-chiu_Dialect,161
sṳ̀,Sù 3-,,,駟,,Four horses attached to one vehicle.,,,,008_A_Chinese_and_English_Vocabulary_in_the_Tie-chiu_Dialect,161
sṳ̀,Sù 3-,,,肆,,Excess; error; profligate; lawless; great; to act without regard to reason or law.,,,,008_A_Chinese_and_English_Vocabulary_in_the_Tie-chiu_Dialect,162
sṳ́,Sù 2,,,史,,A historian; history.,,,,008_A_Chinese_and_English_Vocabulary_in_the_Tie-chiu_Dialect,161
sṳ̂,Sù -1,,,祀,,To sacrifice to the gods or departed spirits; a sacrifice.,,,,008_A_Chinese_and_English_Vocabulary_in_the_Tie-chiu_Dialect,161
sṳ̂,Sù -1,,,祠,,To offer sacrifice to ancestors; a hall dedicated to them.,,,,008_A_Chinese_and_English_Vocabulary_in_the_Tie-chiu_Dialect,161
sṳ̂,Sù -1,,,詞,,To speak; speech; phrase; to request; announce to; accuse.,,,,008_A_Chinese_and_English_Vocabulary_in_the_Tie-chiu_Dialect,161
sṳ̂,Sù -1,,,嗣,,To succeed; keep up the succession; inherit; offspring; hereafter.,,,,008_A_Chinese_and_English_Vocabulary_in_the_Tie-chiu_Dialect,161
sṳ̂,Sù -1,,,辭,,Words; speech; to refuse; to decline; to take leave.,,,,008_A_Chinese_and_English_Vocabulary_in_the_Tie-chiu_Dialect,161
sṳ̃,Sù -3,,,士,,A scholar; a gentleman; an officer; a literary title.,,,,008_A_Chinese_and_English_Vocabulary_in_the_Tie-chiu_Dialect,161
sṳ̃,Sù -3,,,仕,,To serve; to fill a public station; act as magistrate.,,,,008_A_Chinese_and_English_Vocabulary_in_the_Tie-chiu_Dialect,161
sṳ̃,Sù -3,,,食,,Food; to feed; nourish.,,,,008_A_Chinese_and_English_Vocabulary_in_the_Tie-chiu_Dialect,161
sṳ̃,Sù -3,,,嶼,,An island; a hill on a level plain.,,,,008_A_Chinese_and_English_Vocabulary_in_the_Tie-chiu_Dialect,161
sṳ̃,Sù -3,,,耜,,A harrow; to level the ground.,,,,008_A_Chinese_and_English_Vocabulary_in_the_Tie-chiu_Dialect,161
sṳ̃,Sù -3,,,似,,Like; similar to; as; as if; to continue in succession.,,,,008_A_Chinese_and_English_Vocabulary_in_the_Tie-chiu_Dialect,161
sṳ̃,Sù -3,,,姒,,A name by which brothers' wives designate each other.,,,,008_A_Chinese_and_English_Vocabulary_in_the_Tie-chiu_Dialect,161
sṳ̃,Sù -3,,,俟,,To wait; stay; until; great.,,,,008_A_Chinese_and_English_Vocabulary_in_the_Tie-chiu_Dialect,161
sṳ̃,Sù -3,,,事,,To serve.,,,,008_A_Chinese_and_English_Vocabulary_in_the_Tie-chiu_Dialect,161
sṳ̄,Sù 3,,,事,,Affair; employment; business.,,,,008_A_Chinese_and_English_Vocabulary_in_the_Tie-chiu_Dialect,161
sẽng,Seng -3,,,乘,,To ascend or sit upon; seize a good opportunity.,,,,008_A_Chinese_and_English_Vocabulary_in_the_Tie-chiu_Dialect,151
sẽng,Seng -3,,,盛,,Good in the highest degree; flourishing; abundant; full.,,,,008_A_Chinese_and_English_Vocabulary_in_the_Tie-chiu_Dialect,151
tah,Tá 4,,,搭,,A thimble; to cover; add to; build up; to feel; rub; take passage; commit to.,,,,008_A_Chinese_and_English_Vocabulary_in_the_Tie-chiu_Dialect,164
tam,Tám 1,,,躭,,Addicted to pleasure; excessive indulgence; to linger; tarry.,,,,008_A_Chinese_and_English_Vocabulary_in_the_Tie-chiu_Dialect,166
tan,Tán 1,,,丹,,Carnation color; of but one color; simple; pure.,,,,008_A_Chinese_and_English_Vocabulary_in_the_Tie-chiu_Dialect,166
tan,Tán 1,,,坍,,The banks of a canal or river.,,,,008_A_Chinese_and_English_Vocabulary_in_the_Tie-chiu_Dialect,166
tan,Tán 1,,,嘽,,Joy; rejoicing; fullness; abundance.,,,,008_A_Chinese_and_English_Vocabulary_in_the_Tie-chiu_Dialect,166
tan,Tán 1,,,癉,,Disease arising from excessive labor; yellow jaundice.,,,,008_A_Chinese_and_English_Vocabulary_in_the_Tie-chiu_Dialect,166
tan,Tán 1,,,簞,,A small bucket to carry provisions in.,,,,008_A_Chinese_and_English_Vocabulary_in_the_Tie-chiu_Dialect,166
tang,Táng 1,,,東,,East; the place of honor.,,,,008_A_Chinese_and_English_Vocabulary_in_the_Tie-chiu_Dialect,167
tang,Táng 1,,,冬,,Winter; the close; end.,,,,008_A_Chinese_and_English_Vocabulary_in_the_Tie-chiu_Dialect,167
tang,Táng 1,,,中,,Middle; midst; amongst; to hit the medium or mark.,,,,008_A_Chinese_and_English_Vocabulary_in_the_Tie-chiu_Dialect,167
tap,Táp 4,,,答,,An answer; to reply to; to make a return; to recompence.,,,,008_A_Chinese_and_English_Vocabulary_in_the_Tie-chiu_Dialect,168
tau,Tau 1,,,兜,,To excite; stir up.,,,,008_A_Chinese_and_English_Vocabulary_in_the_Tie-chiu_Dialect,168
ta̍h,Tá -4,,,沓,,Reiterated; sound of dropping water; backbiting; rash.,,,,008_A_Chinese_and_English_Vocabulary_in_the_Tie-chiu_Dialect,164
ta̍h,Tá -4,,,踏,,To tread upon; to beat on the ground with the foot.,,,,008_A_Chinese_and_English_Vocabulary_in_the_Tie-chiu_Dialect,164
ta̍k,Ták -4,,,度,,To measure; estimate; reckon.,,,,008_A_Chinese_and_English_Vocabulary_in_the_Tie-chiu_Dialect,166
ta̍k,Ták -4,,,毒,,Poison; poisonous; bad; malignity; noxious; vicious.,,,,008_A_Chinese_and_English_Vocabulary_in_the_Tie-chiu_Dialect,166
ta̍t,Tát -4,,,達,,Penetrable; intelligible; to understand; every; all.,,,,008_A_Chinese_and_English_Vocabulary_in_the_Tie-chiu_Dialect,168
ta̍t,Tát -4,,,鐸,,A sort of bell or jingling instrument.,,,,008_A_Chinese_and_English_Vocabulary_in_the_Tie-chiu_Dialect,168
taⁿ,Tⁿá 1,,,擔,,To carry on the shoulder; to sustain; be responsible for; a burden.,,,,008_A_Chinese_and_English_Vocabulary_in_the_Tie-chiu_Dialect,165
taⁿ,Tⁿá,,,呾,,To speak.,,,,008_A_Chinese_and_English_Vocabulary_in_the_Tie-chiu_Dialect,165
taⁿ,Tⁿá,,,膽,,To enquire.,,,,008_A_Chinese_and_English_Vocabulary_in_the_Tie-chiu_Dialect,165
teh,Te 4,,,宅,,A dwelling place; the station one fills; a grave; to dwell; to fix; determine.,,,,008_A_Chinese_and_English_Vocabulary_in_the_Tie-chiu_Dialect,169
teh,Te 4,,,咤,,Angry speech; to sputter; to make a noise when eating; to yearn over.,,,,008_A_Chinese_and_English_Vocabulary_in_the_Tie-chiu_Dialect,169
tek,Tek 4,,,嫡,,The proper or true wife; correct; pertaining to the true wife.,,,,008_A_Chinese_and_English_Vocabulary_in_the_Tie-chiu_Dialect,170
tek,Tek 4,,,竹,,Bamboo; one of the tones of Chinese music; a thin slip of wood.,,,,008_A_Chinese_and_English_Vocabulary_in_the_Tie-chiu_Dialect,170
tek,Tek 4,,,德,,Virtue; power; abundance; benevolence; gratitude.,,,,008_A_Chinese_and_English_Vocabulary_in_the_Tie-chiu_Dialect,170
tek,Tek 4,,,的,,A target; mark to shoot at; bright; true; real.,,,,008_A_Chinese_and_English_Vocabulary_in_the_Tie-chiu_Dialect,170
teng,Teng 1,,,登,,To ascend; advance; commence; record; to effect.,,,,008_A_Chinese_and_English_Vocabulary_in_the_Tie-chiu_Dialect,170
teng,Teng 1,,,燈,,A lamp; lantern; moral; light; precepts; laws.,,,,008_A_Chinese_and_English_Vocabulary_in_the_Tie-chiu_Dialect,170
teng,Teng 1,,,徵,,To testify; prove; manifest; fulfill; examine; verify; act; evidence; testimony.,,,,008_A_Chinese_and_English_Vocabulary_in_the_Tie-chiu_Dialect,170
teng,Teng 1,,,癥,,A disease of the stomach; cholic.,,,,008_A_Chinese_and_English_Vocabulary_in_the_Tie-chiu_Dialect,170
teng,Teng 1,,,丁,,A nail; pin; anything sharp; a sting; manhood; reiterated.,,,,008_A_Chinese_and_English_Vocabulary_in_the_Tie-chiu_Dialect,170
teng,Teng 1,,,叮,,Repeatedly; again and again.,,,,008_A_Chinese_and_English_Vocabulary_in_the_Tie-chiu_Dialect,170
teng,Teng 1,,,町,,A dike which serves for a path through fields.,,,,008_A_Chinese_and_English_Vocabulary_in_the_Tie-chiu_Dialect,170
teng,Teng 1,,,疔,,A venereal ulcer; a poisonous sore.,,,,008_A_Chinese_and_English_Vocabulary_in_the_Tie-chiu_Dialect,170
teng,Teng 1,,,訂,,To criticise; examine; collate; adjust; deliberate; to edit.,,,,008_A_Chinese_and_English_Vocabulary_in_the_Tie-chiu_Dialect,170
teng,Teng 1,,,酊,,Intoxicated.,,,,008_A_Chinese_and_English_Vocabulary_in_the_Tie-chiu_Dialect,171
teng,Teng 1,,,釘,,"A nail, pin or bolt.",,,,008_A_Chinese_and_English_Vocabulary_in_the_Tie-chiu_Dialect,171
te̍k,Tek -4,,,值,,To manage; transact; to occur; to take hold of.,,,,008_A_Chinese_and_English_Vocabulary_in_the_Tie-chiu_Dialect,169
te̍k,Tek -4,,,特,,Alone; only; especially; on purpose for; to pair; a victim for sacrifice.,,,,008_A_Chinese_and_English_Vocabulary_in_the_Tie-chiu_Dialect,169
te̍k,Tek -4,,,獲,,The northern regions or tribes; inferior officers; distant.,,,,008_A_Chinese_and_English_Vocabulary_in_the_Tie-chiu_Dialect,169
te̍k,Tek -4,,,逖,,To remove far off; put away; remote.,,,,008_A_Chinese_and_English_Vocabulary_in_the_Tie-chiu_Dialect,169
te̍k,Tek -4,,,鹿,,A deer.,,,,008_A_Chinese_and_English_Vocabulary_in_the_Tie-chiu_Dialect,170
te̍k,Tek -4,,,蟄,,Retirement; to retire to silence; dormant.,,,,008_A_Chinese_and_English_Vocabulary_in_the_Tie-chiu_Dialect,170
te̍k,Tek -4,,,滌,,To wash; cleanse; a vessel to wash in.,,,,008_A_Chinese_and_English_Vocabulary_in_the_Tie-chiu_Dialect,170
te̍k,Tek -4,,,笛,,A kind of flute or musical reed.,,,,008_A_Chinese_and_English_Vocabulary_in_the_Tie-chiu_Dialect,170
te̍k,Tek -4,,,廸,,To advance; tread in the steps of; to lead on; the right path of reason and virtue.,,,,008_A_Chinese_and_English_Vocabulary_in_the_Tie-chiu_Dialect,170
te̍k,Tek -4,,,舳,,The stern of a boat where the rudder is fastened.,,,,008_A_Chinese_and_English_Vocabulary_in_the_Tie-chiu_Dialect,170
te̍k,Tek -4,,,軸,,A part of the axle of a carriage; alacrity; cheerfulness.,,,,008_A_Chinese_and_English_Vocabulary_in_the_Tie-chiu_Dialect,170
te̍k,Tek -4,,,翟,,A pheasant with a long tail to screen.,,,,008_A_Chinese_and_English_Vocabulary_in_the_Tie-chiu_Dialect,170
te̍k,Tek -4,,,擢,,To pluck up; select; promote; lead; excite.,,,,008_A_Chinese_and_English_Vocabulary_in_the_Tie-chiu_Dialect,170
te̍k,Tek -4,,,敵,,An enemy; one opposed to; to oppose; to attack.,,,,008_A_Chinese_and_English_Vocabulary_in_the_Tie-chiu_Dialect,170
tha,Tʽá 1,,,他,,He; she; it; him; her; that; other; another.,,,,008_A_Chinese_and_English_Vocabulary_in_the_Tie-chiu_Dialect,164
thah,Tʽá 4,,,塔,,"A tall spire, tower or pagoda.",,,,008_A_Chinese_and_English_Vocabulary_in_the_Tie-chiu_Dialect,165
thai,Tʽai,,,䑓,,"An elevated terrace; a gallery; platform; the bar of a judge; an altar, table or stand.",,,,008_A_Chinese_and_English_Vocabulary_in_the_Tie-chiu_Dialect,165
thai,Tʽai 1,,,笞,,To beat with a bamboo; to chastise; flog.,,,,008_A_Chinese_and_English_Vocabulary_in_the_Tie-chiu_Dialect,165
thai,Tʽai 1,,,苔,,A species of moss or lichen.,,,,008_A_Chinese_and_English_Vocabulary_in_the_Tie-chiu_Dialect,165
thai,Tʽai 1,,,邰,,Name of an ancient state.,,,,008_A_Chinese_and_English_Vocabulary_in_the_Tie-chiu_Dialect,165
thai,Tʽai 1,,,駘,,"An old, vicious horse; wild; waste; distant.",,,,008_A_Chinese_and_English_Vocabulary_in_the_Tie-chiu_Dialect,165
thai,Tʽai 1,,,篩,,A sieve; a vessel to strain through; to sift or strain.,,,,008_A_Chinese_and_English_Vocabulary_in_the_Tie-chiu_Dialect,165
thak,Tʽák 4,,,漯,,Name of a river; waters rushing together.,,,,008_A_Chinese_and_English_Vocabulary_in_the_Tie-chiu_Dialect,166
thak,Tʽák 4,,,宕,,Eminent; to exceed; excess; profligate.,,,,008_A_Chinese_and_English_Vocabulary_in_the_Tie-chiu_Dialect,166
thak,Tʽák 4,,,拓,,To take up; lift or receive with the hand; push; break.,,,,008_A_Chinese_and_English_Vocabulary_in_the_Tie-chiu_Dialect,166
thak,Tʽák 4,,,柝,,A knocker; that on which a watchman strikes.,,,,008_A_Chinese_and_English_Vocabulary_in_the_Tie-chiu_Dialect,166
tham,Tʽám 1,,,貪,,To covet; desire; encroach upon the property of another; avaricious.,,,,008_A_Chinese_and_English_Vocabulary_in_the_Tie-chiu_Dialect,166
than,Tʽán 1,,,癱,,Palsy; constriction of the mustles and tendons.,,,,008_A_Chinese_and_English_Vocabulary_in_the_Tie-chiu_Dialect,167
thap,Tʽáp 4,,,塌,,Below the surface of the ground; to fall down.,,,,008_A_Chinese_and_English_Vocabulary_in_the_Tie-chiu_Dialect,168
thap,Tʽáp 4,,,榻,,A couch; bed; a long narrow bed.,,,,008_A_Chinese_and_English_Vocabulary_in_the_Tie-chiu_Dialect,168
thap,Tʽáp 4,,,橐,,A bag open at both ends; a mould; without a bottom.,,,,008_A_Chinese_and_English_Vocabulary_in_the_Tie-chiu_Dialect,168
thap,Tʽáp 4,,,凹,,Hollow; concave; indented.,,,,008_A_Chinese_and_English_Vocabulary_in_the_Tie-chiu_Dialect,168
that,Tʽát 4,,,達,,A light playful gait; to frisk; to send a letter.,,,,008_A_Chinese_and_English_Vocabulary_in_the_Tie-chiu_Dialect,168
that,Tʽát 4,,,㒓,,To run away; to rebel against.,,,,008_A_Chinese_and_English_Vocabulary_in_the_Tie-chiu_Dialect,168
that,Tʽát 4,,,撻,,To strike; beat; chastise.,,,,008_A_Chinese_and_English_Vocabulary_in_the_Tie-chiu_Dialect,168
that,Tʽát 4,,,躂,,To strike the foot against; to stamp the foot; to slip.,,,,008_A_Chinese_and_English_Vocabulary_in_the_Tie-chiu_Dialect,168
that,Tʽát 4,,,闥,,A screen in a door-way; an inner door.,A sereen in a door-way; an inner door.,,,008_A_Chinese_and_English_Vocabulary_in_the_Tie-chiu_Dialect,168
that,Tʽát 4,,,拓,,To separate; divide; open.,,,,008_A_Chinese_and_English_Vocabulary_in_the_Tie-chiu_Dialect,168
thau,Tʽau 1,,,偷,,To steal; by stealth; clandestine; careless; a weak.,,,,008_A_Chinese_and_English_Vocabulary_in_the_Tie-chiu_Dialect,169
thau,Tʽau 1,,,慆,,Joy; indulgence; excess; doubt; suspicion.,,,,008_A_Chinese_and_English_Vocabulary_in_the_Tie-chiu_Dialect,169
thau,Tʽau 1,,,滔,,Water flowing rapidly and rising higher and higher.,,,,008_A_Chinese_and_English_Vocabulary_in_the_Tie-chiu_Dialect,169
thau,Tʽau 1,,,焰,,The flame of fire; hot; burning; luminous.,,,,008_A_Chinese_and_English_Vocabulary_in_the_Tie-chiu_Dialect,169
thau,Tʽau 1,,,燄,,The flame of fire; hot; burning; luminous.,,,,008_A_Chinese_and_English_Vocabulary_in_the_Tie-chiu_Dialect,169
thau,Tʽau 1,,,鞱,,A sheath; a case or covering; broad; equitable.,,,,008_A_Chinese_and_English_Vocabulary_in_the_Tie-chiu_Dialect,169
thau,Tʽau 1,,,叨,,Inordinate desire; addicted to; ambitious; affected humility.,,,,008_A_Chinese_and_English_Vocabulary_in_the_Tie-chiu_Dialect,169
thau,Tʽau,,,衤,,An outer garment or cloak.,,,,008_A_Chinese_and_English_Vocabulary_in_the_Tie-chiu_Dialect,169
tha̍h,Tʽá -4,,,叠,,To pile one above another.,,,,008_A_Chinese_and_English_Vocabulary_in_the_Tie-chiu_Dialect,164
tha̍k,Tʽák -4,,,讀,,To read; study; recite.,,,,008_A_Chinese_and_English_Vocabulary_in_the_Tie-chiu_Dialect,166
thek,Tʽek 4,,,勅,,A precept; order; prohibition; sincere.,,,,008_A_Chinese_and_English_Vocabulary_in_the_Tie-chiu_Dialect,170
thek,Tʽek 4,,,飭,,"A firm, respectful manner; adjusted; to give orders to; injunctions.",,,,008_A_Chinese_and_English_Vocabulary_in_the_Tie-chiu_Dialect,170
thek,Tʽek 4,,,剔,,To cut up; scrape off; to reject; to work up.,,,,008_A_Chinese_and_English_Vocabulary_in_the_Tie-chiu_Dialect,170
thek,Tʽek 4,,,惕,,Respect; awe; serious attention; active; cautious.,,,,008_A_Chinese_and_English_Vocabulary_in_the_Tie-chiu_Dialect,170
thek,Tʽek 4,,,裼,,To open the clothes and expose the breast in bravado.,,,,008_A_Chinese_and_English_Vocabulary_in_the_Tie-chiu_Dialect,170
thek,Tʽek 4,,,禿,,Bald; fallen off; the blunt end of.,,,,008_A_Chinese_and_English_Vocabulary_in_the_Tie-chiu_Dialect,170
thek,Tʽek 4,,,陟,,To ascend; to promote advance; high; eminent.,,,,008_A_Chinese_and_English_Vocabulary_in_the_Tie-chiu_Dialect,170
thek,Tʽek 4,,,忒,,To change; alter; err; to doubt.,,,,008_A_Chinese_and_English_Vocabulary_in_the_Tie-chiu_Dialect,170
theng,Tʽeng 1,,,窓,,A window; a small door or aperture to admit light.,,,,008_A_Chinese_and_English_Vocabulary_in_the_Tie-chiu_Dialect,171
thiah,Tʽia 4,,,折,,To break asunder; to break off a part; to deduct; decide; repress; oppress; reprehend.,,,,008_A_Chinese_and_English_Vocabulary_in_the_Tie-chiu_Dialect,173
thiam,Tʽiam 1,,,恬,,A peaceful tranquil state of mind; repose.,,,,008_A_Chinese_and_English_Vocabulary_in_the_Tie-chiu_Dialect,174
thiam,Tʽiam 1,,,聒,,Clamorous; discordant; to hear; noisy.,,,,008_A_Chinese_and_English_Vocabulary_in_the_Tie-chiu_Dialect,174
thiam,Tʽiam 1,,,添,,To add to; increase.,,,,008_A_Chinese_and_English_Vocabulary_in_the_Tie-chiu_Dialect,174
thiap,Tʽiap 4,,,帖,,"A short written paper as a label, a card, a petition.",,,,008_A_Chinese_and_English_Vocabulary_in_the_Tie-chiu_Dialect,174
thiap,Tʽiap 4,,,貼,,To give a pledge; to attach to; to paste upon.,,,,008_A_Chinese_and_English_Vocabulary_in_the_Tie-chiu_Dialect,174
thiap,Tʽiap 4,,,跕,,To fall down; to drag the feet in walking.,,,,008_A_Chinese_and_English_Vocabulary_in_the_Tie-chiu_Dialect,174
thiaⁿ,Tʽⁿia 1,,,聽,,To hear; listen; comply; obey; to hear and decide a cause.,,,,008_A_Chinese_and_English_Vocabulary_in_the_Tie-chiu_Dialect,173
thiaⁿ,Tʽⁿia 1,,,㕔,,A place where causes are heard; a court; office.,,,,008_A_Chinese_and_English_Vocabulary_in_the_Tie-chiu_Dialect,173
thie,Tʽie 1,,,挑,,To stir up; excite; seduce; to carry on the shoulders.,,,,008_A_Chinese_and_English_Vocabulary_in_the_Tie-chiu_Dialect,174
thien,Tʽien 1,,,天,,Heaven.,,,,008_A_Chinese_and_English_Vocabulary_in_the_Tie-chiu_Dialect,175
thiet,Tʽiet 1,,,耽,,Long ears; addicted to pleasure; formidable.,,,,008_A_Chinese_and_English_Vocabulary_in_the_Tie-chiu_Dialect,176
thiet,Tʽiet 1,,,酖,,Wine infused with poison; to delight in wine.,,,,008_A_Chinese_and_English_Vocabulary_in_the_Tie-chiu_Dialect,176
thiet,Tʽiet 1,,,鴆,,A species of bird rendered poisonous by eating serpents; poison.,,,,008_A_Chinese_and_English_Vocabulary_in_the_Tie-chiu_Dialect,176
thiet,Tʽiet 1,,,琛,,Natural gems of precious stones.,,,,008_A_Chinese_and_English_Vocabulary_in_the_Tie-chiu_Dialect,176
thih,Tʽi 4,,,鐵,,Iron.,,,,008_A_Chinese_and_English_Vocabulary_in_the_Tie-chiu_Dialect,173
thiok,Tʽiok 4,,,畜,,Domestic animals; to feed; to endure; to obey.,,,,008_A_Chinese_and_English_Vocabulary_in_the_Tie-chiu_Dialect,177
thiok,Tʽiok 4,,,慉,,To nourish; to induce; proud; to dislike; hate.,,,,008_A_Chinese_and_English_Vocabulary_in_the_Tie-chiu_Dialect,177
thiok,Tʽiok 4,,,蓄,,To acumulate; hoard up; to nourish; breed; bring up.,,,,008_A_Chinese_and_English_Vocabulary_in_the_Tie-chiu_Dialect,177
thiou,Tʽio 1,,,超,,To steep lightly; trip; leap over; surpass; excel; promote.,,,,008_A_Chinese_and_English_Vocabulary_in_the_Tie-chiu_Dialect,177
thiou,Tʽio 1,,,迢,,Removed far off; lofty.,,,,008_A_Chinese_and_English_Vocabulary_in_the_Tie-chiu_Dialect,177
thiou,Tʽio 1,,,佻,,Slender; weak; to steal; levity; slow; servile.,,,,008_A_Chinese_and_English_Vocabulary_in_the_Tie-chiu_Dialect,177
thiou,Tʽio 1,,,眺,,To look aslant; look at a distance; to peep.,,,,008_A_Chinese_and_English_Vocabulary_in_the_Tie-chiu_Dialect,177
thiou,Tʽio 1,,,祧,,Ancestral temples or tablets.,,,,008_A_Chinese_and_English_Vocabulary_in_the_Tie-chiu_Dialect,177
thiou,Tʽio 1,,,誂,,To call or whisper to; to seduce; allure; seduction.,,,,008_A_Chinese_and_English_Vocabulary_in_the_Tie-chiu_Dialect,177
thiu,Tʽiu 1,,,抽,,To lead; take out from amongst; take a part.,,,,008_A_Chinese_and_English_Vocabulary_in_the_Tie-chiu_Dialect,178
thiàⁿ,Tʽⁿia 3-,,,痛,,Sick; in pain; painful; pain of mind; sorrow; pity.,,,,008_A_Chinese_and_English_Vocabulary_in_the_Tie-chiu_Dialect,173
thiám,Tʽiam 2,,,忝,,Feeling of shame; to cause shame; to disgrace.,,,,008_A_Chinese_and_English_Vocabulary_in_the_Tie-chiu_Dialect,174
thiám,Tʽiam 2,,,悿,,Weak; timorous; agitated.,,,,008_A_Chinese_and_English_Vocabulary_in_the_Tie-chiu_Dialect,174
thiám,Tʽiam 2,,,諂,,To flatter; praise; worship; mean adulation.,,,,008_A_Chinese_and_English_Vocabulary_in_the_Tie-chiu_Dialect,174
thiâⁿ,Tʽⁿia -1,,,呈,,A statement in the form of a petition; to present or offer up to a superior.,,,,008_A_Chinese_and_English_Vocabulary_in_the_Tie-chiu_Dialect,173
thiâⁿ,Tʽⁿia -1,,,程,,To travel; journey; proceed; to offer to a superior.,,,,008_A_Chinese_and_English_Vocabulary_in_the_Tie-chiu_Dialect,173
thiè,Tʽie 3-,,,糶,,To sell grain.,,,,008_A_Chinese_and_English_Vocabulary_in_the_Tie-chiu_Dialect,174
thiét,Tʽiet 2,,,湛,,To put in water; soak.,,,,008_A_Chinese_and_English_Vocabulary_in_the_Tie-chiu_Dialect,176
thiên,Tʽien -1,,,畋,,The level field; to till the ground; to hunt.,,,,008_A_Chinese_and_English_Vocabulary_in_the_Tie-chiu_Dialect,175
thiên,Tʽien -1,,,鈿,,Golden ornaments of a lady's head-dress.,,,,008_A_Chinese_and_English_Vocabulary_in_the_Tie-chiu_Dialect,175
thiên,Tʽien -1,,,塡,,To fill up; make up deficiency; pay a debt; to stop up.,,,,008_A_Chinese_and_English_Vocabulary_in_the_Tie-chiu_Dialect,175
thiên,Tʽien -1,,,廛,,A shop where people buy and sell.,,,,008_A_Chinese_and_English_Vocabulary_in_the_Tie-chiu_Dialect,175
thiên,Tʽien -1,,,纏,,To wind round; tie; bind; wrap with silk.,,,,008_A_Chinese_and_English_Vocabulary_in_the_Tie-chiu_Dialect,175
thiêt,Tʽiet -1,,,沈,,To sink; to put under water; to descend.,,,,008_A_Chinese_and_English_Vocabulary_in_the_Tie-chiu_Dialect,176
thiòu,Tʽio 3-,,,跳,,To walk; to leap; skip; dance; to overpass.,,,,008_A_Chinese_and_English_Vocabulary_in_the_Tie-chiu_Dialect,177
thióu,Tʽio 2,,,窕,,Deep; profound; retired; elegant; delicate.,,,,008_A_Chinese_and_English_Vocabulary_in_the_Tie-chiu_Dialect,177
thiôu,Tʽio -1,,,調,,To mix; adjust in due proportions; to regulate; to nurse.,,,,008_A_Chinese_and_English_Vocabulary_in_the_Tie-chiu_Dialect,177
thiõu,Tʽio -3,,,柱,,A post; pillar; to sustan; support.,,,,008_A_Chinese_and_English_Vocabulary_in_the_Tie-chiu_Dialect,177
thiú,Tʽiu 2,,,丑,,A horary character from 1 to 3 A.M.,,,,008_A_Chinese_and_English_Vocabulary_in_the_Tie-chiu_Dialect,178
thiû,Tʽiu -1,,,儔,,A number of persons; a company; a party; who?,,,,008_A_Chinese_and_English_Vocabulary_in_the_Tie-chiu_Dialect,178
thiû,Tʽiu -1,,,疇,,A cultivated field; a field of hemp; to cultivate.,,,,008_A_Chinese_and_English_Vocabulary_in_the_Tie-chiu_Dialect,178
thiû,Tʽiu -1,,,籌,,To calculate; reckon; devise; plan; arrange.,,,,008_A_Chinese_and_English_Vocabulary_in_the_Tie-chiu_Dialect,178
thiû,Tʽiu -1,,,薵,,Name of a plant.,,,,008_A_Chinese_and_English_Vocabulary_in_the_Tie-chiu_Dialect,178
thiû,Tʽiu -1,,,躊,,Embarrassed; irresolute; unable to proceed.,,,,008_A_Chinese_and_English_Vocabulary_in_the_Tie-chiu_Dialect,178
thiû,Tʽiu -1,,,倜,,Raised above others; unrestrained; noble freedom.,,,,008_A_Chinese_and_English_Vocabulary_in_the_Tie-chiu_Dialect,178
thiû,Tʽiu -1,,,惆,,Mournful; sorry.,,,,008_A_Chinese_and_English_Vocabulary_in_the_Tie-chiu_Dialect,178
thiû,Tʽiu -1,,,稠,,Grain growing thick; close; crowded together.,,,,008_A_Chinese_and_English_Vocabulary_in_the_Tie-chiu_Dialect,178
thiû,Tʽiu -1,,,綢,,Thick; close; to wrap around; hang with ornaments.,,,,008_A_Chinese_and_English_Vocabulary_in_the_Tie-chiu_Dialect,178
thiẽt,Tʽiet -3,,,朕,,Used by the emperor for.,,,,008_A_Chinese_and_English_Vocabulary_in_the_Tie-chiu_Dialect,176
thng,Tʽᵘng 1,,,湯,,Broth; soup; gravy; sauce.,,,,008_A_Chinese_and_English_Vocabulary_in_the_Tie-chiu_Dialect,185
thn̂g,Tʽᵘng -1,,,糖,,Sugar; honey; candy.,,,,008_A_Chinese_and_English_Vocabulary_in_the_Tie-chiu_Dialect,185
tho,Tʽó 1,,,桃,,A peach.,,,,008_A_Chinese_and_English_Vocabulary_in_the_Tie-chiu_Dialect,179
tho,Tʽó 1,,,沱,,A stream diverging from a river; tears falling; rain.,,,,008_A_Chinese_and_English_Vocabulary_in_the_Tie-chiu_Dialect,179
tho,Tʽó 1,,,跎,,To stumble; fall; to lose an opportunity.,,,,008_A_Chinese_and_English_Vocabulary_in_the_Tie-chiu_Dialect,179
tho,Tʽó 1,,,陀,,Irregular; dangerous.,,,,008_A_Chinese_and_English_Vocabulary_in_the_Tie-chiu_Dialect,179
tho,Tʽó 1,,,鮀,,Name of a fish; a shark.,,,,008_A_Chinese_and_English_Vocabulary_in_the_Tie-chiu_Dialect,179
tho,Tʽó 1,,,萄,,A grape.,,,,008_A_Chinese_and_English_Vocabulary_in_the_Tie-chiu_Dialect,179
tho,Tʽó 1,,,鼉,,A species of large fish; a kind of alligator.,,,,008_A_Chinese_and_English_Vocabulary_in_the_Tie-chiu_Dialect,179
tho,Tʽó 1,,,唾,,Spittle; to spit; to treat with contempt.,,,,008_A_Chinese_and_English_Vocabulary_in_the_Tie-chiu_Dialect,179
tho,Tʽó 1,,,胎,,The womb; pregnancy.,,,,008_A_Chinese_and_English_Vocabulary_in_the_Tie-chiu_Dialect,180
thoa,Tʽoa 1,,,拖,,To drag; pull; lead; to steer a boat.,,,,008_A_Chinese_and_English_Vocabulary_in_the_Tie-chiu_Dialect,180
thoah,Tʽoa 4,,,獺,,"A beaver, castor or oter.",,,,008_A_Chinese_and_English_Vocabulary_in_the_Tie-chiu_Dialect,180
thoh,Tʽó 4,,,駝,,A camel.,,,,008_A_Chinese_and_English_Vocabulary_in_the_Tie-chiu_Dialect,179
thoh,Tʽó 4,,,托,,To take with the hand; else used for the next word.,,,,008_A_Chinese_and_English_Vocabulary_in_the_Tie-chiu_Dialect,179
thoh,Tʽó 4,,,託,,To commit to the care of; to charge with; trust to.,,,,008_A_Chinese_and_English_Vocabulary_in_the_Tie-chiu_Dialect,179
thoi,Tʽoi 1,,,扠,,"To take, as with nippers; a harpoon; to strike.",,,,008_A_Chinese_and_English_Vocabulary_in_the_Tie-chiu_Dialect,180
thoi,Tʽoi 1,,,釵,,A large pin or bodkin to fasten up the hair.,,,,008_A_Chinese_and_English_Vocabulary_in_the_Tie-chiu_Dialect,180
thong,Tʽong 1,,,通,,To go through; penetrable; to comprehend; to succeed; all.,,,,008_A_Chinese_and_English_Vocabulary_in_the_Tie-chiu_Dialect,182
thoàⁿ,Tʽⁿoa 3-,,,炭,,Coals; charcoal.,,,,008_A_Chinese_and_English_Vocabulary_in_the_Tie-chiu_Dialect,180
thoâⁿ,Tʽⁿoa -1,,,攤,,To open; spread out; a stall; slow; remiss.,,,,008_A_Chinese_and_English_Vocabulary_in_the_Tie-chiu_Dialect,180
thoâⁿ,Tʽⁿoa -1,,,灘,,Water rushing through a narrow pass; a rapid.,,,,008_A_Chinese_and_English_Vocabulary_in_the_Tie-chiu_Dialect,180
tho̍h,Tʽó -4,,,它,,To bear; carry; a camel.,,,,008_A_Chinese_and_English_Vocabulary_in_the_Tie-chiu_Dialect,179
thue,Tʽue,,,𩲵,,A divine animal resembling a boar.,,,,008_A_Chinese_and_English_Vocabulary_in_the_Tie-chiu_Dialect,183
thue,Tʽue 1,,,頽,,Rushing down; falling; yielding; to be ruined.,,,,008_A_Chinese_and_English_Vocabulary_in_the_Tie-chiu_Dialect,183
thui,Tʽui 1,,,梯,,Wooden steps; a ladder; steps or means to an end.,,,,008_A_Chinese_and_English_Vocabulary_in_the_Tie-chiu_Dialect,183
thun,Tʽun 1,,,呑,,To swallow; swallow whole; to engross; seize upon.,,,,008_A_Chinese_and_English_Vocabulary_in_the_Tie-chiu_Dialect,184
thuân,Tʽuan -1,,,傳,,To deliver to in succession; hand down; promulgate.,,,,008_A_Chinese_and_English_Vocabulary_in_the_Tie-chiu_Dialect,183
thuân,Tʽuan -1,,,團,,Collected together; a mass of; forming one whole.,,,,008_A_Chinese_and_English_Vocabulary_in_the_Tie-chiu_Dialect,183
thài,Tʽai 3-,,,待,,To wait for; until; to provide against; treat well or ill.,,,,008_A_Chinese_and_English_Vocabulary_in_the_Tie-chiu_Dialect,165
thài,Tʽai 3-,,,太,,Great; extensive; name of a hill; the imperial altar.,,,,008_A_Chinese_and_English_Vocabulary_in_the_Tie-chiu_Dialect,166
thài,Tʽai 3-,,,泰,,Great; extensive; name of a hill; the imperial altar.,,,,008_A_Chinese_and_English_Vocabulary_in_the_Tie-chiu_Dialect,166
thài,Tʽai 3-,,,汰,,Slippery; waters rushing over and washing away; excess.,,,,008_A_Chinese_and_English_Vocabulary_in_the_Tie-chiu_Dialect,166
thài,Tʽai 3-,,,態,,External manifestation of the thoughts and feelings by the gait and manner; behavior; treatment.,,,,008_A_Chinese_and_English_Vocabulary_in_the_Tie-chiu_Dialect,166
thàm,Tʽám 3-,,,探,,To feel or search for; to spy; to visit and make enquiries about.,,,,008_A_Chinese_and_English_Vocabulary_in_the_Tie-chiu_Dialect,166
thàn,Tʽán 3-,,,嘆,,A tone expressing strong feeling either of grief or admiration; to sigh; to praise.,,,,008_A_Chinese_and_English_Vocabulary_in_the_Tie-chiu_Dialect,167
thàn,Tʽán 3-,,,歎,,A tone expressing strong feeling either of grief or admiration; to sigh; to praise.,,,,008_A_Chinese_and_English_Vocabulary_in_the_Tie-chiu_Dialect,167
thàn,Tʽán 3-,,,贃,,"To gain, earn or acquire wealth.",,,,008_A_Chinese_and_English_Vocabulary_in_the_Tie-chiu_Dialect,167
thàng,Tʽáng 3-,,,䦔,,A bolt or fastening to door.,,,,008_A_Chinese_and_English_Vocabulary_in_the_Tie-chiu_Dialect,168
thàu,Tʽau 3-,,,套,,A snare; a covering or case; large; wide.,,,,008_A_Chinese_and_English_Vocabulary_in_the_Tie-chiu_Dialect,169
thàu,Tʽau 3-,,,套,,An outer garment or cloak.,,,,008_A_Chinese_and_English_Vocabulary_in_the_Tie-chiu_Dialect,169
thàu,Tʽau 3-,,,透,,To run away; pass over; to penetrate; to comprehend; alarmed.,,,,008_A_Chinese_and_English_Vocabulary_in_the_Tie-chiu_Dialect,169
thàu,Tʽau 3-,,,逗,,To stop; delay; dwell; remain; go circuitously.,,,,008_A_Chinese_and_English_Vocabulary_in_the_Tie-chiu_Dialect,169
thái,Tʽai 2,,,癩,,A disease which breaks out in pustules or blotches; a sore; a kind of itch.,,,,008_A_Chinese_and_English_Vocabulary_in_the_Tie-chiu_Dialect,165
thám,Tʽám 2,,,剡,,Sharp; pointed; to sharpen; cut off.,,,,008_A_Chinese_and_English_Vocabulary_in_the_Tie-chiu_Dialect,166
thán,Tʽán 2,,,亶,,Truth; to trust; sincere; abundant; plenty.,,,,008_A_Chinese_and_English_Vocabulary_in_the_Tie-chiu_Dialect,167
thán,Tʽán 2,,,亘,,To revolve; go round and return; extend to; promulge.,,,,008_A_Chinese_and_English_Vocabulary_in_the_Tie-chiu_Dialect,167
thán,Tʽán 2,,,垣,,Level; a plain; wide; composed; lightsome.,,,,008_A_Chinese_and_English_Vocabulary_in_the_Tie-chiu_Dialect,167
thán,Tʽán 2,,,怛,,Labor; fatigue; grief; commiseration; oppressed.,,,,008_A_Chinese_and_English_Vocabulary_in_the_Tie-chiu_Dialect,167
thán,Tʽán 2,,,袒,,To expose part of the naked body; to make bare.,,,,008_A_Chinese_and_English_Vocabulary_in_the_Tie-chiu_Dialect,167
tháng,Tʽáng 2,,,倘,,A conditional particle; if; should it be.,,,,008_A_Chinese_and_English_Vocabulary_in_the_Tie-chiu_Dialect,168
tháng,Tʽáng 2,,,儻,,A conditional particle; if; should it be.,,,,008_A_Chinese_and_English_Vocabulary_in_the_Tie-chiu_Dialect,168
tháng,Tʽáng 2,,,桶,,A wooden vessel; bucket; tub; cask; barrel.,,,,008_A_Chinese_and_English_Vocabulary_in_the_Tie-chiu_Dialect,168
tháng,Tʽáng 2,,,疸,,Yellow jaundice.,,,,008_A_Chinese_and_English_Vocabulary_in_the_Tie-chiu_Dialect,168
tháu,Tʽau 2,,,討,,To direct; investigate; search; to rail at; mix; eject; kill.,,,,008_A_Chinese_and_English_Vocabulary_in_the_Tie-chiu_Dialect,169
thâi,Tʽai -1,,,臺,,"An elevated terrace; a gallery; platform; the bar of a judge; an altar, table or stand.",,,,008_A_Chinese_and_English_Vocabulary_in_the_Tie-chiu_Dialect,165
thâi,Tʽai -1,,,擡,,To raise; lift up with the hand; to carry.,,,,008_A_Chinese_and_English_Vocabulary_in_the_Tie-chiu_Dialect,165
thâi,Tʽai -1,,,台,,Name of three stars or deities; eminent; exalted; Sir.,,,,008_A_Chinese_and_English_Vocabulary_in_the_Tie-chiu_Dialect,165
thâi,Tʽai -1,,,抬,,"To raise; lift up, as a sedan chair; to shake; move.",,,,008_A_Chinese_and_English_Vocabulary_in_the_Tie-chiu_Dialect,165
thâi,Tʽai -1,,,刣,,To cut or pare anything.,,,,008_A_Chinese_and_English_Vocabulary_in_the_Tie-chiu_Dialect,165
thâm,Tʽám -1,,,痰,,Phlegm; mucous.,,,,008_A_Chinese_and_English_Vocabulary_in_the_Tie-chiu_Dialect,166
thâm,Tʽám -1,,,談,,Free conversation; chitchat; to converse; dispute.,,,,008_A_Chinese_and_English_Vocabulary_in_the_Tie-chiu_Dialect,166
thâm,Tʽám -1,,,譚,,Free conversation; chitchat; to converse; dispute.,,,,008_A_Chinese_and_English_Vocabulary_in_the_Tie-chiu_Dialect,166
thâm,Tʽám -1,,,覃,,Extending to; spreading out far and wide.,,,,008_A_Chinese_and_English_Vocabulary_in_the_Tie-chiu_Dialect,166
thâm,Tʽám -1,,,潭,,Name of a river; deep.,,,,008_A_Chinese_and_English_Vocabulary_in_the_Tie-chiu_Dialect,166
thâm,Tʽám -1,,,澹,,"Appearance of water, tranquil and sometimes agitated.",,,,008_A_Chinese_and_English_Vocabulary_in_the_Tie-chiu_Dialect,166
thâm,Tʽám -1,,,譫,,Verbose; loquacity.,,,,008_A_Chinese_and_English_Vocabulary_in_the_Tie-chiu_Dialect,166
thân,Tʽán -1,,,彈,,A bullet; ball; to draw the string of a bow; to play on a stringed instrument.,,,,008_A_Chinese_and_English_Vocabulary_in_the_Tie-chiu_Dialect,167
thân,Tʽán -1,,,檀,,Sandle-wood.,,,,008_A_Chinese_and_English_Vocabulary_in_the_Tie-chiu_Dialect,167
thâng,Tʽáng -1,,,虫,,Insects; reptiles; small animals.,,,,008_A_Chinese_and_English_Vocabulary_in_the_Tie-chiu_Dialect,167
thâng,Tʽáng -1,,,蟲,,Insects; reptiles; small animals.,,,,008_A_Chinese_and_English_Vocabulary_in_the_Tie-chiu_Dialect,167
thâng,Tʽáng -1,,,膛,,Fat; fleshy.,,,,008_A_Chinese_and_English_Vocabulary_in_the_Tie-chiu_Dialect,167
thâng,Tʽáng -1,,,螳,,A species of locust.,,,,008_A_Chinese_and_English_Vocabulary_in_the_Tie-chiu_Dialect,167
thâng,Tʽáng -1,,,棠,,Name of a wood; transverse bars of a carriage.,,,,008_A_Chinese_and_English_Vocabulary_in_the_Tie-chiu_Dialect,168
thâng,Tʽáng -1,,,搪,,To stretch or extend; fill up; offend; suddenly.,,,,008_A_Chinese_and_English_Vocabulary_in_the_Tie-chiu_Dialect,168
thâu,Tʽau -1,,,淘,,To wash; to stir about; to excite.,,,,008_A_Chinese_and_English_Vocabulary_in_the_Tie-chiu_Dialect,169
thâu,Tʽau -1,,,洮,,To wash; to stir about; to excite.,,,,008_A_Chinese_and_English_Vocabulary_in_the_Tie-chiu_Dialect,169
thâu,Tʽau -1,,,鼗,,A small drum to be twirled in the fingers; a toy.,,,,008_A_Chinese_and_English_Vocabulary_in_the_Tie-chiu_Dialect,169
thâu,Tʽau -1,,,頭,,The head; front; top; end; a numeral of affairs.,,,,008_A_Chinese_and_English_Vocabulary_in_the_Tie-chiu_Dialect,169
thâu,Tʽau -1,,,濤,,Large waves; billows dashing on the shore.,,,,008_A_Chinese_and_English_Vocabulary_in_the_Tie-chiu_Dialect,169
thãi,Tʽai -3,,,偫,,To wait on; prepare; provide.,,,,008_A_Chinese_and_English_Vocabulary_in_the_Tie-chiu_Dialect,166
thãu,Tʽau -3,,,幬,,"Canopy; the heavens; the sky, a curtain; a vail.",,,,008_A_Chinese_and_English_Vocabulary_in_the_Tie-chiu_Dialect,169
thèng,Tʽeng 3-,,,聽,,"To hear and determine causes, as a judge.",,,,008_A_Chinese_and_English_Vocabulary_in_the_Tie-chiu_Dialect,171
théng,Tʽeng 2,,,梃,,A club; a stick; a branch or stalk.,,,,008_A_Chinese_and_English_Vocabulary_in_the_Tie-chiu_Dialect,171
théng,Tʽeng 2,,,挺,,To pluck forth; draw out; to stretch out; lead away.,,,,008_A_Chinese_and_English_Vocabulary_in_the_Tie-chiu_Dialect,171
théng,Tʽeng 2,,,艇,,A boat.,,,,008_A_Chinese_and_English_Vocabulary_in_the_Tie-chiu_Dialect,171
théng,Tʽeng 2,,,逞,,Presuming; forward; to extend to; precipitate.,,,,008_A_Chinese_and_English_Vocabulary_in_the_Tie-chiu_Dialect,171
théng,Tʽeng 2,,,頴,,The ear of grain; point of an instrument; talent.,,,,008_A_Chinese_and_English_Vocabulary_in_the_Tie-chiu_Dialect,171
théng,Tʽeng 2,,,懲,,To regulate; cause to stop; repress; to caution; correct.,,,,008_A_Chinese_and_English_Vocabulary_in_the_Tie-chiu_Dialect,171
thêng,Tʽeng -1,,,汀,,A level shore by the side of a river.,,,,008_A_Chinese_and_English_Vocabulary_in_the_Tie-chiu_Dialect,171
thêng,Tʽeng -1,,,停,,To rest under; cease; stop; delay.,,,,008_A_Chinese_and_English_Vocabulary_in_the_Tie-chiu_Dialect,171
thêng,Tʽeng -1,,,渟,,Stagnant water; a level shore.,,,,008_A_Chinese_and_English_Vocabulary_in_the_Tie-chiu_Dialect,171
thêng,Tʽeng -1,,,霆,,A clap of thunder; lightning.,,,,008_A_Chinese_and_English_Vocabulary_in_the_Tie-chiu_Dialect,171
thêng,Tʽeng -1,,,棖,,The two side-posts of a door; a staff; to follow.,,,,008_A_Chinese_and_English_Vocabulary_in_the_Tie-chiu_Dialect,171
thêng,Tʽeng -1,,,澄,,"Pure, still water; clear; limpid.",,,,008_A_Chinese_and_English_Vocabulary_in_the_Tie-chiu_Dialect,171
thêng,Tʽeng -1,,,瞪,,To look straight forward.,,,,008_A_Chinese_and_English_Vocabulary_in_the_Tie-chiu_Dialect,171
thêng,Tʽeng -1,,,騰,,To leap upon; ascend; run fiercely; to propagate.,,,,008_A_Chinese_and_English_Vocabulary_in_the_Tie-chiu_Dialect,171
thêng,Tʽeng -1,,,廷,,A place of concourse or residence; a hall of audience; His Majesty; to rectify.,,,,008_A_Chinese_and_English_Vocabulary_in_the_Tie-chiu_Dialect,171
thêng,Tʽeng -1,,,庭,,A large hall in the midst of a house.,,,,008_A_Chinese_and_English_Vocabulary_in_the_Tie-chiu_Dialect,171
thêng,Tʽeng -1,,,蜓,,A dragon-fly.,,,,008_A_Chinese_and_English_Vocabulary_in_the_Tie-chiu_Dialect,171
thì,Tʽi 3-,,,替,,To annul or reject; for; instead of; in behalf of.,,,,008_A_Chinese_and_English_Vocabulary_in_the_Tie-chiu_Dialect,172
thì,Tʽi 3-,,,翅,,Only; wings.,,,,008_A_Chinese_and_English_Vocabulary_in_the_Tie-chiu_Dialect,172
thì,Tʽi 3-,,,剃,,To shave off the hair or beard.,,,,008_A_Chinese_and_English_Vocabulary_in_the_Tie-chiu_Dialect,172
thì,Tʽi 3-,,,涕,,Tears; to shed tears.,,,,008_A_Chinese_and_English_Vocabulary_in_the_Tie-chiu_Dialect,173
thì,Tʽi 3-,,,稊,,Noxious grass; tares.,,,,008_A_Chinese_and_English_Vocabulary_in_the_Tie-chiu_Dialect,173
thì,Tʽi 3-,,,啻,,Only; an excess; overplus.,,,,008_A_Chinese_and_English_Vocabulary_in_the_Tie-chiu_Dialect,173
thì,Tʽi 3-,,,揥,,To grasp with the hand; to put away.,,,,008_A_Chinese_and_English_Vocabulary_in_the_Tie-chiu_Dialect,173
thì,Tʽi 3-,,,禘,,Sacrifices to the royal ancestors.,,,,008_A_Chinese_and_English_Vocabulary_in_the_Tie-chiu_Dialect,173
thì,Tʽi 3-,,,㗣,,To sneeze; a stoppage.,,,,008_A_Chinese_and_English_Vocabulary_in_the_Tie-chiu_Dialect,173
thì,Tʽi 3-,,,嚏,,To sneeze; a stoppage.,,,,008_A_Chinese_and_English_Vocabulary_in_the_Tie-chiu_Dialect,173
thì,Tʽi 3-,,,滯,,Water impeded; congelation; stoppage; discordance.,,,,008_A_Chinese_and_English_Vocabulary_in_the_Tie-chiu_Dialect,173
thì,Tʽi 3-,,,褫,,"To put off one's clothes, or official robes; a fridge.",,,,008_A_Chinese_and_English_Vocabulary_in_the_Tie-chiu_Dialect,173
thî,Tʽi -1,,,提,,To lift up; take or bring up; introduce; to bring before a magistrate.,,,,008_A_Chinese_and_English_Vocabulary_in_the_Tie-chiu_Dialect,172
thî,Tʽi -1,,,鞮,,Leather boots or shoes.,,,,008_A_Chinese_and_English_Vocabulary_in_the_Tie-chiu_Dialect,172
thî,Tʽi -1,,,啼,,To bewail; the note of a bird; crowing of a cock.,,,,008_A_Chinese_and_English_Vocabulary_in_the_Tie-chiu_Dialect,172
thî,Tʽi -1,,,謕,,To bewail; the note of a bird; crowing of a cock.,,,,008_A_Chinese_and_English_Vocabulary_in_the_Tie-chiu_Dialect,172
thî,Tʽi -1,,,持,,To grasp; hold fast.,,,,008_A_Chinese_and_English_Vocabulary_in_the_Tie-chiu_Dialect,172
thò,Tʽó 3-,,,退,,To decline; refuse; retire; draw back; yield.,,,,008_A_Chinese_and_English_Vocabulary_in_the_Tie-chiu_Dialect,180
thòi,Tʽoi 3-,,,代,,For; instead of in the place of.,,,,008_A_Chinese_and_English_Vocabulary_in_the_Tie-chiu_Dialect,180
thòng,Tʽong 3-,,,痛,,Acute pain; disease; painful; wounded; sick.,,,,008_A_Chinese_and_English_Vocabulary_in_the_Tie-chiu_Dialect,182
thòu,Tʽo 3-,,,吐,,To spit out; vomit; reject; to utter; speak.,,,,008_A_Chinese_and_English_Vocabulary_in_the_Tie-chiu_Dialect,178
thòu,Tʽo 3-,,,兎,,A hare; rabbit.,,,,008_A_Chinese_and_English_Vocabulary_in_the_Tie-chiu_Dialect,179
thòu,Tʽo 3-,,,莬,,A medicinal plant.,,,,008_A_Chinese_and_English_Vocabulary_in_the_Tie-chiu_Dialect,179
thó,Tʽó 2,,,討,,To investigate; search for; demand; to excite; kill.,,,,008_A_Chinese_and_English_Vocabulary_in_the_Tie-chiu_Dialect,179
thó,Tʽó 2,,,妥,,Tranquil; secure; firm; trusty; safe.,,,,008_A_Chinese_and_English_Vocabulary_in_the_Tie-chiu_Dialect,179
thói,Tʽoi 2,,,體,,Body; substantial; to realize; embody; to represent.,,,,008_A_Chinese_and_English_Vocabulary_in_the_Tie-chiu_Dialect,180
thóiⁿ,Tʽⁿoi 2,,,看,,To see; look at; consider.,,,,008_A_Chinese_and_English_Vocabulary_in_the_Tie-chiu_Dialect,181
thóng,Tʽong 2,,,冡,,A mound; summit of a hill; a grave.,,,,008_A_Chinese_and_English_Vocabulary_in_the_Tie-chiu_Dialect,182
thóng,Tʽong 2,,,塚,,A grave; sepulchre.,,,,008_A_Chinese_and_English_Vocabulary_in_the_Tie-chiu_Dialect,182
thóng,Tʽong 2,,,統,,The origin; clue; the whole; entire; general.,,,,008_A_Chinese_and_English_Vocabulary_in_the_Tie-chiu_Dialect,182
thóng,Tʽong 2,,,寵,,Affection; tender regard; love; kindness.,,,,008_A_Chinese_and_English_Vocabulary_in_the_Tie-chiu_Dialect,182
thóu,Tʽo 2,,,土,,Earth; the ground; a piece of ground; a country; a place.,,,,008_A_Chinese_and_English_Vocabulary_in_the_Tie-chiu_Dialect,178
thông,Tʽong -1,,,童,,A boy; lad; young girl; a virgin; chaste.,,,,008_A_Chinese_and_English_Vocabulary_in_the_Tie-chiu_Dialect,181
thông,Tʽong -1,,,僮,,A youth; silly; a slave girl or concubine.,,,,008_A_Chinese_and_English_Vocabulary_in_the_Tie-chiu_Dialect,181
thông,Tʽong -1,,,幢,,A kind of standard; screen; curtain; feathers attached.,,,,008_A_Chinese_and_English_Vocabulary_in_the_Tie-chiu_Dialect,181
thông,Tʽong -1,,,曈,,The sun about to shine forth; desire to shine.,The sun sbout to shine forth; desire to shine.,,,008_A_Chinese_and_English_Vocabulary_in_the_Tie-chiu_Dialect,181
thông,Tʽong -1,,,潼,,"Name of several rivers; damp, wet appearance.",,,,008_A_Chinese_and_English_Vocabulary_in_the_Tie-chiu_Dialect,181
thông,Tʽong -1,,,瞳,,Pupil of the eye; to stare; a silly appearance.,,,,008_A_Chinese_and_English_Vocabulary_in_the_Tie-chiu_Dialect,181
thông,Tʽong -1,,,艟,,A kind of short boat.,,,,008_A_Chinese_and_English_Vocabulary_in_the_Tie-chiu_Dialect,181
thông,Tʽong -1,,,蹱,,To tread or walk upon; walking crooked as a child.,,,,008_A_Chinese_and_English_Vocabulary_in_the_Tie-chiu_Dialect,182
thông,Tʽong -1,,,侗,,Ignorant; rude; want of talent; plain; sincere.,,,,008_A_Chinese_and_English_Vocabulary_in_the_Tie-chiu_Dialect,182
thông,Tʽong -1,,,恫,,Pain; acute feeling; to sigh; grieved.,,,,008_A_Chinese_and_English_Vocabulary_in_the_Tie-chiu_Dialect,182
thông,Tʽong -1,,,桐,,Name of a wood.,,,,008_A_Chinese_and_English_Vocabulary_in_the_Tie-chiu_Dialect,182
thông,Tʽong -1,,,洞,,A ravine; deep; profound; to see through clearly; understand.,,,,008_A_Chinese_and_English_Vocabulary_in_the_Tie-chiu_Dialect,182
thông,Tʽong -1,,,彤,,Red; a red pencil.,,,,008_A_Chinese_and_English_Vocabulary_in_the_Tie-chiu_Dialect,182
thôu,Tʽo -1,,,塗,,Clay; mud; earth.,,,,008_A_Chinese_and_English_Vocabulary_in_the_Tie-chiu_Dialect,178
thúi,Tʽui 2,,,腿,,The back part of the hip; the thigh.,,,,008_A_Chinese_and_English_Vocabulary_in_the_Tie-chiu_Dialect,183
thúi,Tʽui 2,,,褪,,To put off one's clothes; undress; flowers fading.,,,,008_A_Chinese_and_English_Vocabulary_in_the_Tie-chiu_Dialect,183
thû,Tʽu -1,,,儲,,To provide; collect and assist; to be second to.,,,,008_A_Chinese_and_English_Vocabulary_in_the_Tie-chiu_Dialect,182
thû,Tʽu -1,,,躇,,Embarrassed; perplexed; at a loss how to proceed.,,,,008_A_Chinese_and_English_Vocabulary_in_the_Tie-chiu_Dialect,182
thû,Tʽu -1,,,徒,,To walk on foot; a footman; a disciple; pupil; a multitude; class; clan; only; futile; vain.,,,,008_A_Chinese_and_English_Vocabulary_in_the_Tie-chiu_Dialect,182
thû,Tʽu -1,,,茶,,Bitter; name of a bitter herb.,,,,008_A_Chinese_and_English_Vocabulary_in_the_Tie-chiu_Dialect,182
thû,Tʽu -1,,,途,,A path; road; way; means.,,,,008_A_Chinese_and_English_Vocabulary_in_the_Tie-chiu_Dialect,182
thû,Tʽu -1,,,圖,,To covet; desire; seek after.,,,,008_A_Chinese_and_English_Vocabulary_in_the_Tie-chiu_Dialect,182
thûe,Tʽue -1,,,瘣,,Possessed with the devil; diseased; a swelling.,,,,008_A_Chinese_and_English_Vocabulary_in_the_Tie-chiu_Dialect,183
thûe,Tʽue -1,,,魋,,A divine animal resembling a boar.,,,,008_A_Chinese_and_English_Vocabulary_in_the_Tie-chiu_Dialect,183
thûe,Tʽue -1,,,㿗,,A boil; disease of the genital organs.,,,,008_A_Chinese_and_English_Vocabulary_in_the_Tie-chiu_Dialect,183
thûi,Tʽui -1,,,槌,,To strike; beat; a beater; pestle; drum-stick; club.,,,,008_A_Chinese_and_English_Vocabulary_in_the_Tie-chiu_Dialect,183
thûi,Tʽui -1,,,鎚,,A mallet; hammer; club; to beat; to hammer.,,,,008_A_Chinese_and_English_Vocabulary_in_the_Tie-chiu_Dialect,183
thûn,Tʽun -1,,,屯,,"To collect and station, as soldiers; beginning; sparing.",,,,008_A_Chinese_and_English_Vocabulary_in_the_Tie-chiu_Dialect,184
thûn,Tʽun -1,,,沌,,"Confused; rushing in confusion, as a torrent.",,,,008_A_Chinese_and_English_Vocabulary_in_the_Tie-chiu_Dialect,184
thûn,Tʽun -1,,,囤,,A bamboo basket or wooden receptacle for grain; a granary.,,,,008_A_Chinese_and_English_Vocabulary_in_the_Tie-chiu_Dialect,184
thûn,Tʽun -1,,,肫,,Earnest; honest; dried flesh; bones of the face.,,,,008_A_Chinese_and_English_Vocabulary_in_the_Tie-chiu_Dialect,184
thûn,Tʽun -1,,,豚,,A pig; a fat hog for sacrifice.,,,,008_A_Chinese_and_English_Vocabulary_in_the_Tie-chiu_Dialect,184
thûn,Tʽun -1,,,遁,,To skulk away; conceal one's self; withdraw.,,,,008_A_Chinese_and_English_Vocabulary_in_the_Tie-chiu_Dialect,184
thûn,Tʽun -1,,,遯,,To skulk away; conceal one's self; withdraw.,,,,008_A_Chinese_and_English_Vocabulary_in_the_Tie-chiu_Dialect,184
thĩ,Tʽi -3,,,痔,,Ulcers about the anus; to corrode; gnaw.,,,,008_A_Chinese_and_English_Vocabulary_in_the_Tie-chiu_Dialect,172
thōng,Tʽong 3,,,撞,,To pound; beat; strike suddenly; abrupt; to seize.,,,,008_A_Chinese_and_English_Vocabulary_in_the_Tie-chiu_Dialect,182
thũe,Tʽue -3,,,駾,,A horse bolting forth suddenly.,,,,008_A_Chinese_and_English_Vocabulary_in_the_Tie-chiu_Dialect,183
ti,Ti 1,,,治,,To put in order; to rule; direct; chastise.,,,,008_A_Chinese_and_English_Vocabulary_in_the_Tie-chiu_Dialect,171
ti,Ti 1,,,蜘,,A spider.,,,,008_A_Chinese_and_English_Vocabulary_in_the_Tie-chiu_Dialect,171
ti,Ti 1,,,氐,,Below; low; mean; fundamental; to extend to.,,,,008_A_Chinese_and_English_Vocabulary_in_the_Tie-chiu_Dialect,171
ti,Ti 1,,,低,,Low; to bend down; droop to hang down.,,,,008_A_Chinese_and_English_Vocabulary_in_the_Tie-chiu_Dialect,171
ti,Ti 1,,,羝,,A ram; he-goat; buck.,,,,008_A_Chinese_and_English_Vocabulary_in_the_Tie-chiu_Dialect,171
tia,Tia 1,,,爹,,Father.,,,,008_A_Chinese_and_English_Vocabulary_in_the_Tie-chiu_Dialect,173
tiam,Tiam 1,,,坫,,A screen in a door-way; a stand for food or drink.,,,,008_A_Chinese_and_English_Vocabulary_in_the_Tie-chiu_Dialect,173
tiam,Tiam 1,,,沾,,To moisten; to tinge; to receive favors; be affected by.,,,,008_A_Chinese_and_English_Vocabulary_in_the_Tie-chiu_Dialect,173
tiam,Tiam 1,,,砧,,A stone to beat clothes or plants upon.,,,,008_A_Chinese_and_English_Vocabulary_in_the_Tie-chiu_Dialect,173
tiam,Tiam 1,,,苫,,Thatch covering; a mourning garment.,,,,008_A_Chinese_and_English_Vocabulary_in_the_Tie-chiu_Dialect,173
tia̍h,Tia -4,,,糴,,To buy rice; to procure food.,,,,008_A_Chinese_and_English_Vocabulary_in_the_Tie-chiu_Dialect,173
tia̍h,Tia -4,,,摘,,To take with the hand; to pluck; pull; to set in order.,,,,008_A_Chinese_and_English_Vocabulary_in_the_Tie-chiu_Dialect,173
tia̍h,Tia -4,,,謫,,To reprimand; blame; be angry with; punish.,,,,008_A_Chinese_and_English_Vocabulary_in_the_Tie-chiu_Dialect,173
tia̍p,Tiap -4,,,喋,,Loquacity; fluency of speech.,,,,008_A_Chinese_and_English_Vocabulary_in_the_Tie-chiu_Dialect,174
tia̍p,Tiap -4,,,堞,,A rampart; to fortify with a rampart.,,,,008_A_Chinese_and_English_Vocabulary_in_the_Tie-chiu_Dialect,174
tia̍p,Tiap -4,,,揲,,To take or grasp hold of; to take up.,,,,008_A_Chinese_and_English_Vocabulary_in_the_Tie-chiu_Dialect,174
tia̍p,Tiap -4,,,楪,,A window.,,,,008_A_Chinese_and_English_Vocabulary_in_the_Tie-chiu_Dialect,174
tia̍p,Tiap -4,,,牒,,A register; records; official document.,,,,008_A_Chinese_and_English_Vocabulary_in_the_Tie-chiu_Dialect,174
tia̍p,Tiap -4,,,蝶,,A butterfly.,,,,008_A_Chinese_and_English_Vocabulary_in_the_Tie-chiu_Dialect,174
tia̍p,Tiap -4,,,諜,,To excite mutiny or rebellion; to spy; a spy.,,,,008_A_Chinese_and_English_Vocabulary_in_the_Tie-chiu_Dialect,174
tia̍p,Tiap -4,,,蹀,,To step; tread upon; a short pace.,,,,008_A_Chinese_and_English_Vocabulary_in_the_Tie-chiu_Dialect,174
tiaⁿ,Tⁿia 1,,,定,,Settled; fixed; tranquil; certain; to settle; decide; only.,,,,008_A_Chinese_and_English_Vocabulary_in_the_Tie-chiu_Dialect,173
tien,Tien 1,,,顚,,The vertex; head; forehead; subverted; cast down; insanity.,,,,008_A_Chinese_and_English_Vocabulary_in_the_Tie-chiu_Dialect,175
tien,Tien 1,,,癲,,Insanity; frantic; convulsions; fits.,,,,008_A_Chinese_and_English_Vocabulary_in_the_Tie-chiu_Dialect,175
tien,Tien 1,,,珍,,Valuable; precious; excellent.,,,,008_A_Chinese_and_English_Vocabulary_in_the_Tie-chiu_Dialect,175
tiet,Tiet 4,,,垤,,High land; a hillock; an ant's hill.,,,,008_A_Chinese_and_English_Vocabulary_in_the_Tie-chiu_Dialect,175
tiet,Tiet 4,,,桎,,Fetters; bonds; to stop; to pierce.,,,,008_A_Chinese_and_English_Vocabulary_in_the_Tie-chiu_Dialect,175
tiet,Tiet 4,,,窒,,To stop or close up; fill; impede.,,,,008_A_Chinese_and_English_Vocabulary_in_the_Tie-chiu_Dialect,175
tiet,Tiet 4,,,絰,,Pieces of white cloth worn in mourning.,,,,008_A_Chinese_and_English_Vocabulary_in_the_Tie-chiu_Dialect,175
tiet,Tiet 4,,,耋,,A person eight years of age.,,,,008_A_Chinese_and_English_Vocabulary_in_the_Tie-chiu_Dialect,175
tiet,Tiet 4,,,蛭,,A species of leech.,,,,008_A_Chinese_and_English_Vocabulary_in_the_Tie-chiu_Dialect,176
tiet,Tiet 4,,,哲,,Possessing great knowledge and keen discernment; wise.,,,,008_A_Chinese_and_English_Vocabulary_in_the_Tie-chiu_Dialect,176
tiet,Tiet 4,,,帙,,A cloth cover; a little bag.,,,,008_A_Chinese_and_English_Vocabulary_in_the_Tie-chiu_Dialect,176
tiet,Tiet 4,,,瓞,,A small species of melon; children and grandchildren.,,,,008_A_Chinese_and_English_Vocabulary_in_the_Tie-chiu_Dialect,176
tiet,Tiet 4,,,秩,,Order; series; succession; rank; wisdom; purity.,,,,008_A_Chinese_and_English_Vocabulary_in_the_Tie-chiu_Dialect,176
tiet,Tiet 4,,,跌,,To slip; stumble; fall; to move rapidly; to stamp.,,,,008_A_Chinese_and_English_Vocabulary_in_the_Tie-chiu_Dialect,176
tiet,Tiet 4,,,軼,,To rush forward; spread out; invade; sudden.,,,,008_A_Chinese_and_English_Vocabulary_in_the_Tie-chiu_Dialect,176
tiet,Tiet 4,,,迭,,Alternate; change; reciprocation; for; instead of.,,,,008_A_Chinese_and_English_Vocabulary_in_the_Tie-chiu_Dialect,176
tiet,Tiet 4,,,輒,,The sides of a chariot; suddenly; forthwith; without inquiry.,,,,008_A_Chinese_and_English_Vocabulary_in_the_Tie-chiu_Dialect,176
tie̍h,Tie -4,,,着,,Towards; at; to hit; to take effect; right; exactly.,,,,008_A_Chinese_and_English_Vocabulary_in_the_Tie-chiu_Dialect,174
tie̍t,Tiet -4,,,姪,,A nephew or niece.,,,,008_A_Chinese_and_English_Vocabulary_in_the_Tie-chiu_Dialect,175
tieⁿ,Tⁿie 1,,,張,,To draw the string of a bow; to spread out; a numberal of things which spread out.,,,,008_A_Chinese_and_English_Vocabulary_in_the_Tie-chiu_Dialect,174
tieⁿ,Tⁿie 1,,,長,,Long; aged; elevated; to grow; increase.,,,,008_A_Chinese_and_English_Vocabulary_in_the_Tie-chiu_Dialect,175
tih,Ti 4,,,蒂,,The stem of a plant or fruit; without root; unfounded.,,,,008_A_Chinese_and_English_Vocabulary_in_the_Tie-chiu_Dialect,172
tih,Ti 4,,,滴,,Water dropping; a drop.,,,,008_A_Chinese_and_English_Vocabulary_in_the_Tie-chiu_Dialect,172
timh,Tim 4,,,徹,,Penetrable; to penetrate; penetration; perspicacious; passable; to cultivate.,,,,008_A_Chinese_and_English_Vocabulary_in_the_Tie-chiu_Dialect,176
timh,Tim 4,,,撤,,To dismiss; reject; send away; remove from office.,,,,008_A_Chinese_and_English_Vocabulary_in_the_Tie-chiu_Dialect,176
timh,Tim 4,,,轍,,The rut of a wheel; a track.,,,,008_A_Chinese_and_English_Vocabulary_in_the_Tie-chiu_Dialect,176
tiou,Tio 1,,,刁,,Perverse; violent; artful; wicket; restless.,,,,008_A_Chinese_and_English_Vocabulary_in_the_Tie-chiu_Dialect,176
tiou,Tio 1,,,凋,,"Injured; falling off, as leaves of trees; debilitated.",,,,008_A_Chinese_and_English_Vocabulary_in_the_Tie-chiu_Dialect,176
tiou,Tio 1,,,彫,,"Injured; falling off, as leaves of trees; debilitated.",,,,008_A_Chinese_and_English_Vocabulary_in_the_Tie-chiu_Dialect,176
tiou,Tio 1,,,㓮,,To carve; work or polish stones; embellish; to be cut or fall to pieces.,,,,008_A_Chinese_and_English_Vocabulary_in_the_Tie-chiu_Dialect,176
tiou,Tio 1,,,雕,,To carve; work or polish stones; embellish; to be cut or fall to pieces.,,,,008_A_Chinese_and_English_Vocabulary_in_the_Tie-chiu_Dialect,176
tiou,Tio,,,忄,,Grief; sorrow.,,,,008_A_Chinese_and_English_Vocabulary_in_the_Tie-chiu_Dialect,176
tiou,Tio 1,,,刁,,Grief; sorrow.,,,,008_A_Chinese_and_English_Vocabulary_in_the_Tie-chiu_Dialect,176
tiou,Tio 1,,,髫,,The tuft of hair on a child's head; young.,,,,008_A_Chinese_and_English_Vocabulary_in_the_Tie-chiu_Dialect,176
tiou,Tio 1,,,貂,,An animal of the mus species with fur.,,,,008_A_Chinese_and_English_Vocabulary_in_the_Tie-chiu_Dialect,177
tiou,Tio 1,,,鼦,,An animal of the mus species with fur.,,,,008_A_Chinese_and_English_Vocabulary_in_the_Tie-chiu_Dialect,177
tiou,Tio 1,,,齠,,A period in which children change their teeth.,,,,008_A_Chinese_and_English_Vocabulary_in_the_Tie-chiu_Dialect,177
tit,Tit 4,,,得,,Successful; to succeed; to attain; obtain; can.,,,,008_A_Chinese_and_English_Vocabulary_in_the_Tie-chiu_Dialect,177
tiu,Tiu 1,,,丢,,To throw away; throw.,,,,008_A_Chinese_and_English_Vocabulary_in_the_Tie-chiu_Dialect,177
tiàm,Tiam 3-,,,店,,A shop; a stand; an inn.,,,,008_A_Chinese_and_English_Vocabulary_in_the_Tie-chiu_Dialect,174
tiàng,Tiáng 3-,,,暢,,Expanding; pervading; to fill; joy; hilarity.,,,,008_A_Chinese_and_English_Vocabulary_in_the_Tie-chiu_Dialect,174
tiàng,Tiáng 3-,,,鬯,,Name of a fragrant plant; odoriferous wine used in sacrifice.,,,,008_A_Chinese_and_English_Vocabulary_in_the_Tie-chiu_Dialect,174
tiám,Tiam 2,,,玷,,A gem that is broken; to stop; to disgrace.,,,,008_A_Chinese_and_English_Vocabulary_in_the_Tie-chiu_Dialect,174
tiám,Tiam 2,,,点,,A spot; a dot; a small quantity; to dot; to appoint; to blot out; to light a candle.,,,,008_A_Chinese_and_English_Vocabulary_in_the_Tie-chiu_Dialect,174
tiám,Tiam 2,,,點,,A spot; a dot; a small quantity; to dot; to appoint; to blot out; to light a candle.,,,,008_A_Chinese_and_English_Vocabulary_in_the_Tie-chiu_Dialect,174
tiáⁿ,Tⁿia 2,,,鼎,,A tripod; stable; correct; to establish; make firm; a trying-pan or rice pot.,,,,008_A_Chinese_and_English_Vocabulary_in_the_Tie-chiu_Dialect,173
tiâm,Tiam -1,,,甜,,Sweet; excellent.,,,,008_A_Chinese_and_English_Vocabulary_in_the_Tie-chiu_Dialect,173
tiâm,Tiam -1,,,霑,,A drizzling rain; to wet; damp.,,,,008_A_Chinese_and_English_Vocabulary_in_the_Tie-chiu_Dialect,173
tiãm,Tiam -3,,,笘,,A bamboo switch.,,,,008_A_Chinese_and_English_Vocabulary_in_the_Tie-chiu_Dialect,174
tiãⁿ,Tⁿia -3,,,綻,,The seam of a garment; to open a seam.,,,,008_A_Chinese_and_English_Vocabulary_in_the_Tie-chiu_Dialect,173
tiãⁿ,Tⁿia -3,,,錠,,White copper or tin; a certain piece of silver.,,,,008_A_Chinese_and_English_Vocabulary_in_the_Tie-chiu_Dialect,173
tièⁿ,Tⁿie 3-,,,帳,,Curtain; to spread out; a tent.,,,,008_A_Chinese_and_English_Vocabulary_in_the_Tie-chiu_Dialect,175
tièⁿ,Tⁿie 3-,,,脹,,Swelling of the abdomen.,,,,008_A_Chinese_and_English_Vocabulary_in_the_Tie-chiu_Dialect,175
tièⁿ,Tⁿie 3-,,,賬,,To draw out accounts; reckon up; an account book.,,,,008_A_Chinese_and_English_Vocabulary_in_the_Tie-chiu_Dialect,175
tièⁿ,Tⁿie 3-,,,漲,,Water extending and rising; higher; an inundation.,,,,008_A_Chinese_and_English_Vocabulary_in_the_Tie-chiu_Dialect,175
tièⁿ,Tⁿie 3-,,,釣,,To catch fish with a hook.,,,,008_A_Chinese_and_English_Vocabulary_in_the_Tie-chiu_Dialect,175
tién,Tien 2,,,典,,A standard classical work; cannon; to rule; confer benefits; dictionary.,,,,008_A_Chinese_and_English_Vocabulary_in_the_Tie-chiu_Dialect,175
tién,Tien 2,,,腆,,Much; many; abundant; good.,,,,008_A_Chinese_and_English_Vocabulary_in_the_Tie-chiu_Dialect,175
tién,Tien 2,,,靦,,A bashful appearance; abashed.,,,,008_A_Chinese_and_English_Vocabulary_in_the_Tie-chiu_Dialect,175
tién,Tien 2,,,展,,To unroll; spread out; inspect; sincere; agreeable.,,,,008_A_Chinese_and_English_Vocabulary_in_the_Tie-chiu_Dialect,175
tién,Tien 2,,,輾,,To turn round as a wheel.,,,,008_A_Chinese_and_English_Vocabulary_in_the_Tie-chiu_Dialect,175
tiê,Tie -1,,,潮,,The tide; rising tide; a district in the province of Canton; Tie Chiu.,,,,008_A_Chinese_and_English_Vocabulary_in_the_Tie-chiu_Dialect,174
tiêⁿ,Tⁿie -1,,,塲,,"An arena or open space for sacrifices, military and literary contests, &c.",,,,008_A_Chinese_and_English_Vocabulary_in_the_Tie-chiu_Dialect,174
tiòu,Tio 3-,,,𢎨,,To mourn for the dead; wounded in the feelings.,,,,008_A_Chinese_and_English_Vocabulary_in_the_Tie-chiu_Dialect,177
tiòu,Tio 3-,,,吊,,To mourn for the dead; wounded in the feelings.,,,,008_A_Chinese_and_English_Vocabulary_in_the_Tie-chiu_Dialect,177
tiôu,Tio -1,,,條,,A small twig; a string; an item; a section; a numeral.,,,,008_A_Chinese_and_English_Vocabulary_in_the_Tie-chiu_Dialect,176
tiõu,Tio -3,,,召,,To call with authority; to summon; call.,,,,008_A_Chinese_and_English_Vocabulary_in_the_Tie-chiu_Dialect,177
tiõu,Tio -3,,,兆,,A tortoise shell used in divination; an omen; a mound or grave; a million.,,,,008_A_Chinese_and_English_Vocabulary_in_the_Tie-chiu_Dialect,177
tiú,Tiu 2,,,冑,,A helmet.,,,,008_A_Chinese_and_English_Vocabulary_in_the_Tie-chiu_Dialect,177
tiú,Tiu 2,,,抒,,To take by the hand; lead; to lay open; explain; to strain; to decant.,,,,008_A_Chinese_and_English_Vocabulary_in_the_Tie-chiu_Dialect,177
tiú,Tiu 2,,,杼,,Transverse part of a loom; thin; narrow; to pare thin.,,,,008_A_Chinese_and_English_Vocabulary_in_the_Tie-chiu_Dialect,177
tiú,Tiu 2,,,紓,,Slow; remiss; procrastinating.,,,,008_A_Chinese_and_English_Vocabulary_in_the_Tie-chiu_Dialect,177
tiú,Tiu 2,,,宁,,The space between the door and screen.,,,,008_A_Chinese_and_English_Vocabulary_in_the_Tie-chiu_Dialect,177
tiú,Tiu 2,,,佇,,To stand and wait for a long time.,,,,008_A_Chinese_and_English_Vocabulary_in_the_Tie-chiu_Dialect,177
tiú,Tiu 2,,,竚,,To stand for a long time; stand.,,,,008_A_Chinese_and_English_Vocabulary_in_the_Tie-chiu_Dialect,177
tiú,Tiu 2,,,貯,,To accumulate; store up; an accumulation.,,,,008_A_Chinese_and_English_Vocabulary_in_the_Tie-chiu_Dialect,177
tiû,Tiu -1,,,細,,To select; take from; draw out; silk.,,,,008_A_Chinese_and_English_Vocabulary_in_the_Tie-chiu_Dialect,177
tiû,Tiu -1,,,裯,,A covering for a bed; bed curtains; a single garment.,,,,008_A_Chinese_and_English_Vocabulary_in_the_Tie-chiu_Dialect,177
tiũ,Tiu -3,,,苧,,Name of a plant; a species of hemp.,,,,008_A_Chinese_and_English_Vocabulary_in_the_Tie-chiu_Dialect,178
tiũ,Tiu -3,,,宙,,To contain; the earth or universe which contains all things.,,,,008_A_Chinese_and_English_Vocabulary_in_the_Tie-chiu_Dialect,178
tiũ,Tiu -3,,,晝,,Day in distinction from night; day-light.,,,,008_A_Chinese_and_English_Vocabulary_in_the_Tie-chiu_Dialect,178
tiũ,Tiu -3,,,紂,,Name of an infamous king of China.,,,,008_A_Chinese_and_English_Vocabulary_in_the_Tie-chiu_Dialect,178
ti̍h,Ti -4,,,碟,,A plate; a bowl.,,,,008_A_Chinese_and_English_Vocabulary_in_the_Tie-chiu_Dialect,172
ti̍t,Tit -4,,,直,,Straight; correct; strict; just; directly.,,,,008_A_Chinese_and_English_Vocabulary_in_the_Tie-chiu_Dialect,177
tiẽ,Tie -3,,,趙,,To go and announce to; to return what was borrowed.,,,,008_A_Chinese_and_English_Vocabulary_in_the_Tie-chiu_Dialect,174
tiẽn,Tien -3,,,殿,,A large hall; fixed; the rear of an army.,,,,008_A_Chinese_and_English_Vocabulary_in_the_Tie-chiu_Dialect,175
tiẽn,Tien -3,,,簟,,Mats made of bamboo.,,,,008_A_Chinese_and_English_Vocabulary_in_the_Tie-chiu_Dialect,175
tiẽn,Tien -3,,,墊,,To put down; to sink; to pay down money; a cushion.,,,,008_A_Chinese_and_English_Vocabulary_in_the_Tie-chiu_Dialect,175
tiẽn,Tien -3,,,電,,Lightning.,,,,008_A_Chinese_and_English_Vocabulary_in_the_Tie-chiu_Dialect,175
tiẽn,Tien -3,,,奠,,Fixed; lofty; to discriminate; to present or offer up.,,,,008_A_Chinese_and_English_Vocabulary_in_the_Tie-chiu_Dialect,175
tiẽn,Tien -3,,,甸,,Space of 500 li about the court; divisions of land; to cultivate.,,,,008_A_Chinese_and_English_Vocabulary_in_the_Tie-chiu_Dialect,175
tiẽⁿ,Tⁿie -3,,,丈,,Father-in-law; uncle; an aged person.,,,,008_A_Chinese_and_English_Vocabulary_in_the_Tie-chiu_Dialect,175
tng,Tᵘng 1,,,當,,What is proper; ought; to sustain; be adequate; to meet; oppose; a pledge; firm.,,,,008_A_Chinese_and_English_Vocabulary_in_the_Tie-chiu_Dialect,184
tng,Tᵘng 1,,,擋,,To oppose; stand on the way of; impede; withstand.,,,,008_A_Chinese_and_English_Vocabulary_in_the_Tie-chiu_Dialect,184
tn̂g,Tᵘng -1,,,堂,,A mansion; temple; hall; court; college.,,,,008_A_Chinese_and_English_Vocabulary_in_the_Tie-chiu_Dialect,184
tn̂g,Tᵘng -1,,,腸,,The intestines; bowels; the seat of the affections.,,,,008_A_Chinese_and_English_Vocabulary_in_the_Tie-chiu_Dialect,184
tn̂g,Tᵘng -1,,,唐,,"Name of an ancient Chinese dynasty, and hence used for China or Chinese.",,,,008_A_Chinese_and_English_Vocabulary_in_the_Tie-chiu_Dialect,184
tn̂g,Tᵘng -1,,,塘,,An artificial pond.,,,,008_A_Chinese_and_English_Vocabulary_in_the_Tie-chiu_Dialect,184
tn̂g,Tᵘng -1,,,長,,Long.,,,,008_A_Chinese_and_English_Vocabulary_in_the_Tie-chiu_Dialect,184
tn̄g,Tᵘng 3,,,段,,"A piece, as of silk, a business or work; a section of history.",,,,008_A_Chinese_and_English_Vocabulary_in_the_Tie-chiu_Dialect,185
tn̄g,Tᵘng 3,,,縀,,Inside lining of a shoe; silk.,,,,008_A_Chinese_and_English_Vocabulary_in_the_Tie-chiu_Dialect,185
to,Tó 1,,,刀,,A knife; a sword.,,,,008_A_Chinese_and_English_Vocabulary_in_the_Tie-chiu_Dialect,179
to,Tó 1,,,多,,Many; much; more; to add.,,,,008_A_Chinese_and_English_Vocabulary_in_the_Tie-chiu_Dialect,179
toaⁿ,Tⁿoa 1,,,單,,Single; alone; only; entirely; sincerely; credible.,,,,008_A_Chinese_and_English_Vocabulary_in_the_Tie-chiu_Dialect,180
toh,Tó 4,,,卓,,To erect; establish; eminent; high and stable.,,,,008_A_Chinese_and_English_Vocabulary_in_the_Tie-chiu_Dialect,179
toh,Tó 4,,,倬,,Great; lofty; bright; manifest.,,,,008_A_Chinese_and_English_Vocabulary_in_the_Tie-chiu_Dialect,179
toh,Tó 4,,,桌,,A table; a stand.,,,,008_A_Chinese_and_English_Vocabulary_in_the_Tie-chiu_Dialect,179
toh,Tó 4,,,琢,,To work stones or gems; to cut; carve.,,,,008_A_Chinese_and_English_Vocabulary_in_the_Tie-chiu_Dialect,179
toh,Tó 4,,,築,,To beat down as mud into a wall; to build mud houses.,,,,008_A_Chinese_and_English_Vocabulary_in_the_Tie-chiu_Dialect,179
toi,Toi 1,,,堤,,To stop or fill up; to raise a dike or barrier; firm.,,,,008_A_Chinese_and_English_Vocabulary_in_the_Tie-chiu_Dialect,180
tok,Tok 4,,,覿,,To look; see; gaze at; to have an audience.,,,,008_A_Chinese_and_English_Vocabulary_in_the_Tie-chiu_Dialect,181
tok,Tok 4,,,黷,,Sordid; filthy; black; defiled.,,,,008_A_Chinese_and_English_Vocabulary_in_the_Tie-chiu_Dialect,181
tok,Tok 4,,,啄,,To peck; a bird eating; to take up food in the mouth; to choose.,,,,008_A_Chinese_and_English_Vocabulary_in_the_Tie-chiu_Dialect,181
tok,Tok 4,,,斵,,To cut; pare; hew.,,,,008_A_Chinese_and_English_Vocabulary_in_the_Tie-chiu_Dialect,181
tok,Tok 4,,,督,,To examine; reprove; rule; govern; lead; give orders.,,,,008_A_Chinese_and_English_Vocabulary_in_the_Tie-chiu_Dialect,181
tok,Tok 4,,,篤,,Thick; substantial; firm; real; sincere; superlative.,,,,008_A_Chinese_and_English_Vocabulary_in_the_Tie-chiu_Dialect,181
tong,Tong 1,,,中,,"The middle, centre; within.",,,,008_A_Chinese_and_English_Vocabulary_in_the_Tie-chiu_Dialect,181
tou,To 1,,,都,,A metropolis; abundant; all; general; to dwell.,,,,008_A_Chinese_and_English_Vocabulary_in_the_Tie-chiu_Dialect,178
toà,Toa 3-,,,帶,,"A belt; girdle; to draw, lead or take along with.",,,,008_A_Chinese_and_English_Vocabulary_in_the_Tie-chiu_Dialect,180
toâⁿ,Tⁿoa -1,,,壇,,An altar; an arena; a platform.,,,,008_A_Chinese_and_English_Vocabulary_in_the_Tie-chiu_Dialect,180
toã,Toa -3,,,舵,,A helm or rudder.,,,,008_A_Chinese_and_English_Vocabulary_in_the_Tie-chiu_Dialect,180
toãⁿ,Tⁿoa -3,,,憚,,Distress; afraid; wearied; difficulty.,,,,008_A_Chinese_and_English_Vocabulary_in_the_Tie-chiu_Dialect,180
toãⁿ,Tⁿoa -3,,,惰,,Remiss; lazy; lounging; disrespectful.,,,,008_A_Chinese_and_English_Vocabulary_in_the_Tie-chiu_Dialect,180
toā,Toa 3,,,大,,Great; large.,,,,008_A_Chinese_and_English_Vocabulary_in_the_Tie-chiu_Dialect,180
to̍h,Tó -4,,,擇,,To choose; select; pick out.,,,,008_A_Chinese_and_English_Vocabulary_in_the_Tie-chiu_Dialect,179
to̍h,Tó -4,,,奪,,To seize upon by force; to take unjustly.,,,,008_A_Chinese_and_English_Vocabulary_in_the_Tie-chiu_Dialect,180
to̍k,Tok -4,,,獨,,Single; alone; only; one; one's self.,,,,008_A_Chinese_and_English_Vocabulary_in_the_Tie-chiu_Dialect,181
to̍k,Tok -4,,,𣵠,,Flowing down in drops; name of a stream.,,,,008_A_Chinese_and_English_Vocabulary_in_the_Tie-chiu_Dialect,181
to̍k,Tok -4,,,逐,,To propel; drive out; reject; each; one by one.,,,,008_A_Chinese_and_English_Vocabulary_in_the_Tie-chiu_Dialect,181
to̍k,Tok -4,,,凟,,Foul; muddy; to defile; insult; annoy; disrespect.,,,,008_A_Chinese_and_English_Vocabulary_in_the_Tie-chiu_Dialect,181
to̍k,Tok -4,,,匵,,A box; case or press.,,,,008_A_Chinese_and_English_Vocabulary_in_the_Tie-chiu_Dialect,181
to̍k,Tok -4,,,櫝,,A case for a sword or any such thing; a coffin.,,,,008_A_Chinese_and_English_Vocabulary_in_the_Tie-chiu_Dialect,181
to̍k,Tok -4,,,牘,,A written document; a tablet; a card; small book.,,,,008_A_Chinese_and_English_Vocabulary_in_the_Tie-chiu_Dialect,181
to̍k,Tok -4,,,犢,,A calf; a heifer; a victim for sacrifice.,,,,008_A_Chinese_and_English_Vocabulary_in_the_Tie-chiu_Dialect,181
to̍k,Tok -4,,,讟,,Resentment; hatred and dissatisfaction; murmurs.,,,,008_A_Chinese_and_English_Vocabulary_in_the_Tie-chiu_Dialect,181
tsa,Chá 1,,,嗟,,To sigh; lament; a tone of sorrow or surprise.,,,,008_A_Chinese_and_English_Vocabulary_in_the_Tie-chiu_Dialect,21
tsa,Chá 1,,,槎,,To hew wood; pare; to fell.,,,,008_A_Chinese_and_English_Vocabulary_in_the_Tie-chiu_Dialect,21
tsa,Chá 1,,,渣,,Settlings; dregs.,,,,008_A_Chinese_and_English_Vocabulary_in_the_Tie-chiu_Dialect,21
tsa,Chá 1,,,𦊨,,A net for rabbits.,,,,008_A_Chinese_and_English_Vocabulary_in_the_Tie-chiu_Dialect,21
tsa,Chá 1,,,搓,,To rub in the hand.,,,,008_A_Chinese_and_English_Vocabulary_in_the_Tie-chiu_Dialect,21
tsah,Chá 4,,,仄,,Rough tone.,,,,008_A_Chinese_and_English_Vocabulary_in_the_Tie-chiu_Dialect,21
tsai,Chai 1,,,知,,To know.,,,,008_A_Chinese_and_English_Vocabulary_in_the_Tie-chiu_Dialect,22
tsai,Chai 1,,,灾,,Great calamities; divine judgments.,,,,008_A_Chinese_and_English_Vocabulary_in_the_Tie-chiu_Dialect,22
tsai,Chai 1,,,災,,Great calamities; divine judgments.,,,,008_A_Chinese_and_English_Vocabulary_in_the_Tie-chiu_Dialect,22
tsai,Chai 1,,,菑,,To clear land; to level a road to cut open; rend.,,,,008_A_Chinese_and_English_Vocabulary_in_the_Tie-chiu_Dialect,22
tsai,Chai 1,,,哉,,An interrogative superlative exclamation.,,,,008_A_Chinese_and_English_Vocabulary_in_the_Tie-chiu_Dialect,22
tsai,Chai 1,,,栽,,To plant.,,,,008_A_Chinese_and_English_Vocabulary_in_the_Tie-chiu_Dialect,22
tsai,Chai 1,,,烖,,Calamities; divine judgments.,,,,008_A_Chinese_and_English_Vocabulary_in_the_Tie-chiu_Dialect,22
tsak,Chák 4,,,作,,To act; make; do; begin.,,,,008_A_Chinese_and_English_Vocabulary_in_the_Tie-chiu_Dialect,22
tsam,Chám 1,,,針,,A needle; any pointed instrument.,,,,008_A_Chinese_and_English_Vocabulary_in_the_Tie-chiu_Dialect,23
tsam,Chám 1,,,簪,,A pin of metal or wood to fasten the hair.,,,,008_A_Chinese_and_English_Vocabulary_in_the_Tie-chiu_Dialect,23
tsam,Chám 1,,,箴,,A needle; a surgeon's probe; to probe.,,,,008_A_Chinese_and_English_Vocabulary_in_the_Tie-chiu_Dialect,23
tsang,Cháng 1,,,臧,,Good; faithful; generous.,,,,008_A_Chinese_and_English_Vocabulary_in_the_Tie-chiu_Dialect,24
tsang,Cháng 1,,,莊,,Sedate; stern; rigid.,,,,008_A_Chinese_and_English_Vocabulary_in_the_Tie-chiu_Dialect,24
tsang,Cháng 1,,,棕,,Name of a tree.,,,,008_A_Chinese_and_English_Vocabulary_in_the_Tie-chiu_Dialect,24
tsang,Cháng 1,,,萗,,Small; trees with small branches.,,,,008_A_Chinese_and_English_Vocabulary_in_the_Tie-chiu_Dialect,24
tsang,Cháng 1,,,鬃,,The hair on a horse's neck; mane.,,,,008_A_Chinese_and_English_Vocabulary_in_the_Tie-chiu_Dialect,24
tsap,Cháp 4,,,汁,,Juice; gravy; thick liquor,,,,008_A_Chinese_and_English_Vocabulary_in_the_Tie-chiu_Dialect,24
tsap,Cháp 4,,,札,,A board or tablet to write on.,,,,008_A_Chinese_and_English_Vocabulary_in_the_Tie-chiu_Dialect,24
tsap,Cháp 4,,,扎,,To bind; pluck up; eradicate.,,,,008_A_Chinese_and_English_Vocabulary_in_the_Tie-chiu_Dialect,24
tsat,Chát 4,,,節,,A limit; a joint; period of time; tamperance; chastity.,,,,008_A_Chinese_and_English_Vocabulary_in_the_Tie-chiu_Dialect,24
tsat,Chát 4,,,櫛,,A comb.,,,,008_A_Chinese_and_English_Vocabulary_in_the_Tie-chiu_Dialect,24
tsat,Chát 4,,,紮,,To tie or bind together.,,,,008_A_Chinese_and_English_Vocabulary_in_the_Tie-chiu_Dialect,24
tsau,Chau 1,,,遭,,To meet with; to occur; to happen; a time.,,,,008_A_Chinese_and_English_Vocabulary_in_the_Tie-chiu_Dialect,25
tsau,Chau 1,,,糟,,Grain from which spirits have been distilled; dregs.,,,,008_A_Chinese_and_English_Vocabulary_in_the_Tie-chiu_Dialect,25
tsa̍k,Chák -4,,,窄,,Narrow; compressed; a quiver: a punishment.,,,,008_A_Chinese_and_English_Vocabulary_in_the_Tie-chiu_Dialect,22
tsa̍k,Chák -4,,,笮,,Narrow; compressed; a quiver: a punishment.,,,,008_A_Chinese_and_English_Vocabulary_in_the_Tie-chiu_Dialect,22
tsa̍p,Cháp -4,,,匝,,To go round; perform the circuit of; revolve.,,,,008_A_Chinese_and_English_Vocabulary_in_the_Tie-chiu_Dialect,24
tsa̍p,Cháp -4,,,雜,,A mixture of colors or ingredients; mixed; confused.,,,,008_A_Chinese_and_English_Vocabulary_in_the_Tie-chiu_Dialect,24
tsa̍p,Cháp -4,,,襍,,A mixture of colors or ingredients; mixed; confused.,,,,008_A_Chinese_and_English_Vocabulary_in_the_Tie-chiu_Dialect,24
tsa̍p,Cháp -4,,,卡,,An important pass with a military station; a guard house.,,,,008_A_Chinese_and_English_Vocabulary_in_the_Tie-chiu_Dialect,24
tsa̍p,Cháp -4,,,十,,Ten,,,,008_A_Chinese_and_English_Vocabulary_in_the_Tie-chiu_Dialect,24
tsha,Chʽá 1,,,差,,Error; erroneous; differing.,,,,008_A_Chinese_and_English_Vocabulary_in_the_Tie-chiu_Dialect,21
tsha,Chʽá 1,,,蹉,,To slip; transgress; miss; slow.,,,,008_A_Chinese_and_English_Vocabulary_in_the_Tie-chiu_Dialect,21
tsha,Chʽá 44,,,挿,,To pierce; insert; stick into.,,,,008_A_Chinese_and_English_Vocabulary_in_the_Tie-chiu_Dialect,22
tshah,Chʽá 4,,,閘,,A gate at the head of a street or in a narrow pass.,,,,008_A_Chinese_and_English_Vocabulary_in_the_Tie-chiu_Dialect,21
tshah,Chʽá 4,,,栅,,A railing; palisades.,,,,008_A_Chinese_and_English_Vocabulary_in_the_Tie-chiu_Dialect,22
tshai,Chʽai 1,,,蠆,,A sting in the tail; a scorpion.,,,,008_A_Chinese_and_English_Vocabulary_in_the_Tie-chiu_Dialect,22
tshai,Chʽai 1,,,猜,,Dislike; to suspect; to doubt; conjecture.,,,,008_A_Chinese_and_English_Vocabulary_in_the_Tie-chiu_Dialect,22
tshai,Chʽai 1,,,裁,,To cut clotes; cut; tear.,,,,008_A_Chinese_and_English_Vocabulary_in_the_Tie-chiu_Dialect,22
tsham,Chʽám 1,,,參,,To mix together; to see; advise with; to give advice to a sovereign against inferior officers.,,,,008_A_Chinese_and_English_Vocabulary_in_the_Tie-chiu_Dialect,23
tsham,Chʽám 1,,,𠫵,,To mix together; to see; advise with; to give advice to a sovereign against inferior officers.,,,,008_A_Chinese_and_English_Vocabulary_in_the_Tie-chiu_Dialect,23
tsham,Chʽám 1,,,驂,,Blended; three horses to one carriage.,,,,008_A_Chinese_and_English_Vocabulary_in_the_Tie-chiu_Dialect,23
tshan,Chʽán 1,,,餐,,A meal of food.,,,,008_A_Chinese_and_English_Vocabulary_in_the_Tie-chiu_Dialect,23
tshan,Chʽán 1,,,孱,,Weak; embarrassed; sighing.,,,,008_A_Chinese_and_English_Vocabulary_in_the_Tie-chiu_Dialect,23
tshan,Chʽán 1,,,僝,,To see; to manifest; prepare.,,,,008_A_Chinese_and_English_Vocabulary_in_the_Tie-chiu_Dialect,23
tshang,Chʽáng 1,,,葱,,Green color; a vegetable.,,,,008_A_Chinese_and_English_Vocabulary_in_the_Tie-chiu_Dialect,24
tshang,Chʽáng 1,,,愴,,A wounded heart; grief.,,,,008_A_Chinese_and_English_Vocabulary_in_the_Tie-chiu_Dialect,24
tshang,Chʽáng 1,,,蒼,,Green; azure; abundant.,,,,008_A_Chinese_and_English_Vocabulary_in_the_Tie-chiu_Dialect,24
tshang,Chʽáng 1,,,蹌,,To step short and quick as in respect; fencing.,,,,008_A_Chinese_and_English_Vocabulary_in_the_Tie-chiu_Dialect,24
tshang,Chʽáng 1,,,蔣,,Name of a plant.,,,,008_A_Chinese_and_English_Vocabulary_in_the_Tie-chiu_Dialect,24
tshang,Chʽáng 1,,,鏘,,"The sound of tones, bells etc.; notes of birds.",,,,008_A_Chinese_and_English_Vocabulary_in_the_Tie-chiu_Dialect,24
tshang,Chʽáng 1,,,斨,,A kind of hatchet; to wound with a hatchet.,,,,008_A_Chinese_and_English_Vocabulary_in_the_Tie-chiu_Dialect,24
tshat,Chʽát 4,,,察,,To investigate; examine; to judge; to manifest; careful.,,,,008_A_Chinese_and_English_Vocabulary_in_the_Tie-chiu_Dialect,24
tshat,Chʽát 4,,,擦,,To examine with the hand; to feel; to rub.,,,,008_A_Chinese_and_English_Vocabulary_in_the_Tie-chiu_Dialect,25
tshat,Chʽát 4,,,漆,,Resin; varnish; lacker.,,,,008_A_Chinese_and_English_Vocabulary_in_the_Tie-chiu_Dialect,25
tshat,Chʽát 4,,,㯃,,The varnish tree.,,,,008_A_Chinese_and_English_Vocabulary_in_the_Tie-chiu_Dialect,25
tshau,Chʽau 1,,,勦,,To fatigue; trouble; vex; light; active.,,,,008_A_Chinese_and_English_Vocabulary_in_the_Tie-chiu_Dialect,25
tshau,Chʽau 1,,,剿,,To cut off; exterminate.,,,,008_A_Chinese_and_English_Vocabulary_in_the_Tie-chiu_Dialect,25
tshau,Chʽau 1,,,操,,To grasp; hold fast; also the thing held.,,,,008_A_Chinese_and_English_Vocabulary_in_the_Tie-chiu_Dialect,25
tshau,Chʽau 1,,,抄,,To take or seize; to transcribe; to stir up.,,,,008_A_Chinese_and_English_Vocabulary_in_the_Tie-chiu_Dialect,25
tsha̍k,Chʽák -4,,,鑿,,A chisel; to bore or dig into.,,,,008_A_Chinese_and_English_Vocabulary_in_the_Tie-chiu_Dialect,22
tsha̍t,Chʽát -4,,,賊,,To rob; plunder; kill; a robber.,,,,008_A_Chinese_and_English_Vocabulary_in_the_Tie-chiu_Dialect,24
tshng,Chʽᵘng 1,,,倉,,A granary; storehouse; the overseer.,,,,008_A_Chinese_and_English_Vocabulary_in_the_Tie-chiu_Dialect,47
tshng,Chʽᵘng 1,,,瘡,,An ulcer; sore.,,,,008_A_Chinese_and_English_Vocabulary_in_the_Tie-chiu_Dialect,47
tshng,Chʽᵘng 1,,,村,,A hamlet; a village.,,,,008_A_Chinese_and_English_Vocabulary_in_the_Tie-chiu_Dialect,47
tshn̂g,Chʽᵘng -1,,,床,,A bed or couch; to res; eight cubits.,,,,008_A_Chinese_and_English_Vocabulary_in_the_Tie-chiu_Dialect,47
tsho,Chʽó 1,,,初,,The first; beginning; to begin.,,,,008_A_Chinese_and_English_Vocabulary_in_the_Tie-chiu_Dialect,39
tshoh,Chʽó 4,,,撮,,To take with the fingers; to snatch; a small quantity.,,,,008_A_Chinese_and_English_Vocabulary_in_the_Tie-chiu_Dialect,39
tshoh,Chʽó 4,,,蕞,,"A bundle of reeds; to sprinkle wine in sacrifice, small.",,,,008_A_Chinese_and_English_Vocabulary_in_the_Tie-chiu_Dialect,39
tshoiⁿ,Chʽⁿoi 1,,,千,,A thousand; very many.,,,,008_A_Chinese_and_English_Vocabulary_in_the_Tie-chiu_Dialect,40
tshok,Chʽok 4,,,促,,Near; close; urgent.,,,,008_A_Chinese_and_English_Vocabulary_in_the_Tie-chiu_Dialect,40
tshok,Chʽok 4,,,捉,,To seize; grasp.,,,,008_A_Chinese_and_English_Vocabulary_in_the_Tie-chiu_Dialect,40
tshok,Chʽok 4,,,齪,,Gnashing or grinding of the teeth; embarassment.,,,,008_A_Chinese_and_English_Vocabulary_in_the_Tie-chiu_Dialect,40
tshok,Chʽok 4,,,蹙,,Pressed upon; impelled; embarassed; anxious.,,,,008_A_Chinese_and_English_Vocabulary_in_the_Tie-chiu_Dialect,40
tshok,Chʽok 4,,,噈,,To expel the voice or breath; to taste; to lick.,,,,008_A_Chinese_and_English_Vocabulary_in_the_Tie-chiu_Dialect,40
tshok,Chʽok 4,,,蹴,,Pressed upon; embarassed; anxious.,,,,008_A_Chinese_and_English_Vocabulary_in_the_Tie-chiu_Dialect,40
tshok,Chʽok 4,,,矗,,Upright; equal; equity; high.,,,,008_A_Chinese_and_English_Vocabulary_in_the_Tie-chiu_Dialect,40
tshok,Chʽok 4,,,躅,,Footsteps; stamping with the foot.,,,,008_A_Chinese_and_English_Vocabulary_in_the_Tie-chiu_Dialect,40
tshok,Chʽok 4,,,觸,,To gore; hit against; offend; oppose.,,,,008_A_Chinese_and_English_Vocabulary_in_the_Tie-chiu_Dialect,40
tshok,Chʽok 4,,,戳,,To stamp with a seal; a seal; to stab.,,,,008_A_Chinese_and_English_Vocabulary_in_the_Tie-chiu_Dialect,40
tshong,Chʽong 1,,,冲,,Delicate; young; same as the next.,,,,008_A_Chinese_and_English_Vocabulary_in_the_Tie-chiu_Dialect,41
tshong,Chʽong 1,,,沖,,To agitate; shake; ascend; concord; deep; hollow.,,,,008_A_Chinese_and_English_Vocabulary_in_the_Tie-chiu_Dialect,41
tshong,Chʽong 1,,,忡,,Sorrowful; grieved.,,,,008_A_Chinese_and_English_Vocabulary_in_the_Tie-chiu_Dialect,41
tshong,Chʽong 1,,,充,,To fill; to carry to the utmost extent; sufficient; excellent; long; high.,,,,008_A_Chinese_and_English_Vocabulary_in_the_Tie-chiu_Dialect,41
tshong,Chʽong 1,,,衷,,"Just and right; sincerity; moral rectitude; the heart, the mind; the center; inner garments.",,,,008_A_Chinese_and_English_Vocabulary_in_the_Tie-chiu_Dialect,41
tshong,Chʽong 1,,,聰,,Quickness of hearing and perception; discernment.,,,,008_A_Chinese_and_English_Vocabulary_in_the_Tie-chiu_Dialect,41
tshong,Chʽong 1,,,怱,,Agitation; hurry.,,,,008_A_Chinese_and_English_Vocabulary_in_the_Tie-chiu_Dialect,41
tshong,Chʽong 1,,,衝,,To excite; sudden motion; a parth; a war chariot.,,,,008_A_Chinese_and_English_Vocabulary_in_the_Tie-chiu_Dialect,41
tshou,Chʽo 1,,,粗,,Coarse; vulgar; large.,,,,008_A_Chinese_and_English_Vocabulary_in_the_Tie-chiu_Dialect,38
tshou,Chʽo 1,,,麤,,Same as the last; also to be afraid of and guard against.,,,,008_A_Chinese_and_English_Vocabulary_in_the_Tie-chiu_Dialect,38
tshu,Chʽu 1,,,趨,,To go in haste.,,,,008_A_Chinese_and_English_Vocabulary_in_the_Tie-chiu_Dialect,42
tshu,Chʽu 1,,,雛,,Young fowls; chickens.,,,,008_A_Chinese_and_English_Vocabulary_in_the_Tie-chiu_Dialect,42
tshu,Chʽu 1,,,騶,,To run swiftly; fleet.,,,,008_A_Chinese_and_English_Vocabulary_in_the_Tie-chiu_Dialect,42
tshu,Chʽu 1,,,鶵,,Name of a bird.,,,,008_A_Chinese_and_English_Vocabulary_in_the_Tie-chiu_Dialect,42
tshua,Chʽua 1,,,孠,,An heir; to inherit; to succeed.,,,,008_A_Chinese_and_English_Vocabulary_in_the_Tie-chiu_Dialect,43
tshuan,Chʽuan 1,,,川,,A stream; flowing; to flow.,,,,008_A_Chinese_and_English_Vocabulary_in_the_Tie-chiu_Dialect,44
tshuan,Chʽuan 1,,,穿,,To bore through; perforate; to put on clothes.,,,,008_A_Chinese_and_English_Vocabulary_in_the_Tie-chiu_Dialect,44
tshuat,Chʽuat 4,,,輟,,To desist; stop.,,,,008_A_Chinese_and_English_Vocabulary_in_the_Tie-chiu_Dialect,45
tshue,Chʽue 1,,,吹,,To breathe; to blow.,,,,008_A_Chinese_and_English_Vocabulary_in_the_Tie-chiu_Dialect,45
tshue,Chʽue 1,,,炊,,To boil or dress food by fire.,,,,008_A_Chinese_and_English_Vocabulary_in_the_Tie-chiu_Dialect,45
tshui,Chʽui 1,,,推,,To push; impel; lead on; trace out; investigate; to overcome; excuse; to put off.,,,,008_A_Chinese_and_English_Vocabulary_in_the_Tie-chiu_Dialect,46
tshui,Chʽui 1,,,睢,,To stare; look angrily.,,,,008_A_Chinese_and_English_Vocabulary_in_the_Tie-chiu_Dialect,46
tshui,Chʽui 1,,,崔,,Lofty and large; mountainous.,,,,008_A_Chinese_and_English_Vocabulary_in_the_Tie-chiu_Dialect,46
tshui,Chʽui 1,,,催,,To urge; importune; impel.,,,,008_A_Chinese_and_English_Vocabulary_in_the_Tie-chiu_Dialect,46
tshun,Chʽun 1,,,春,,The season of spring.,,,,008_A_Chinese_and_English_Vocabulary_in_the_Tie-chiu_Dialect,47
tshun,Chʽun 1,,,鶉,,A bird of the quail species.,,,,008_A_Chinese_and_English_Vocabulary_in_the_Tie-chiu_Dialect,47
tshut,Chʽut 4,,,出,,To go out; to put out; eject.,,,,008_A_Chinese_and_English_Vocabulary_in_the_Tie-chiu_Dialect,47
tshuàn,Chʽuan 3-,,,竄,,To run away and hide; pusillanimous; to seduce to vice.,To run away and hide; pusilanimous; to seduce to vice.,,,008_A_Chinese_and_English_Vocabulary_in_the_Tie-chiu_Dialect,44
tshuàn,Chʽuan 3-,,,串,,To connect as beads; to conspire; unite as accomplices.,,,,008_A_Chinese_and_English_Vocabulary_in_the_Tie-chiu_Dialect,44
tshuàn,Chʽuan 3-,,,篡,,To rebel and seize by violence; to usurp.,,,,008_A_Chinese_and_English_Vocabulary_in_the_Tie-chiu_Dialect,44
tshuàn,Chʽuan 3-,,,爨,,A furnace; fireplace; to eat.,,,,008_A_Chinese_and_English_Vocabulary_in_the_Tie-chiu_Dialect,45
tshuàng,Chʽuang 3-,,,闖,,To strike or hit against; to bolt out or in.,,,,008_A_Chinese_and_English_Vocabulary_in_the_Tie-chiu_Dialect,45
tshuán,Chʽuan 2,,,喘,,"To pant; breathe short, as in asthma.",,,,008_A_Chinese_and_English_Vocabulary_in_the_Tie-chiu_Dialect,44
tshuân,Chʽuan -1,,,全,,Complete; entire; to finish.,,,,008_A_Chinese_and_English_Vocabulary_in_the_Tie-chiu_Dialect,44
tshuân,Chʽuan -1,,,牷,,A bullock without blemish for sacrifice.,,,,008_A_Chinese_and_English_Vocabulary_in_the_Tie-chiu_Dialect,44
tshuân,Chʽuan -1,,,痊,,To cure disease; convalescent; cured.,,,,008_A_Chinese_and_English_Vocabulary_in_the_Tie-chiu_Dialect,44
tshuân,Chʽuan -1,,,筌,,A bamboo instrument for catching fish.,,,,008_A_Chinese_and_English_Vocabulary_in_the_Tie-chiu_Dialect,44
tshuân,Chʽuan -1,,,銓,,To weigh; discriminate and select; to examine.,,,,008_A_Chinese_and_English_Vocabulary_in_the_Tie-chiu_Dialect,44
tshài,Chʽai 3-,,,菜,,Edible plants.,,,,008_A_Chinese_and_English_Vocabulary_in_the_Tie-chiu_Dialect,22
tshàn,Chʽán 3-,,,粲,,A meal; to eat; many; excellent; to examine.,,,,008_A_Chinese_and_English_Vocabulary_in_the_Tie-chiu_Dialect,23
tshàn,Chʽán 3-,,,燦,,Clear; luminous.,,,,008_A_Chinese_and_English_Vocabulary_in_the_Tie-chiu_Dialect,23
tshàng,Chʽáng 3-,,,創,,A wound made by a knife; to begin; lay the foundation; make first; invent.,,,,008_A_Chinese_and_English_Vocabulary_in_the_Tie-chiu_Dialect,24
tshàu,Chʽau 3-,,,懆,,Vexatious; anxiety; sorrow.,,,,008_A_Chinese_and_English_Vocabulary_in_the_Tie-chiu_Dialect,25
tshàu,Chʽau 3-,,,澡,,To wash; bathe.,,,,008_A_Chinese_and_English_Vocabulary_in_the_Tie-chiu_Dialect,25
tshàu,Chʽau 3-,,,燥,,Fierceness of fire.,,,,008_A_Chinese_and_English_Vocabulary_in_the_Tie-chiu_Dialect,25
tshàu,Chʽau 3-,,,譟,,Noise; clamor; disturbance.,,,,008_A_Chinese_and_English_Vocabulary_in_the_Tie-chiu_Dialect,25
tshàu,Chʽau 3-,,,躁,,Precipitation; haste; fierce; to disturb.,,,,008_A_Chinese_and_English_Vocabulary_in_the_Tie-chiu_Dialect,25
tshàu,Chʽau 3-,,,慥,,To act heartily and sincerely.,,,,008_A_Chinese_and_English_Vocabulary_in_the_Tie-chiu_Dialect,25
tshàu,Chʽau 3-,,,嗅,,A strong smell; stink; to smell.,,,,008_A_Chinese_and_English_Vocabulary_in_the_Tie-chiu_Dialect,25
tshá,Chʽá 2,,,炒,,To fry; cook in a pan with lard or water.,,,,008_A_Chinese_and_English_Vocabulary_in_the_Tie-chiu_Dialect,21
tshái,Chʽai 2,,,采,,Adorned with a variety of colors.,,,,008_A_Chinese_and_English_Vocabulary_in_the_Tie-chiu_Dialect,22
tshái,Chʽai 2,,,採,,To pluck with the hand; to take.,,,,008_A_Chinese_and_English_Vocabulary_in_the_Tie-chiu_Dialect,22
tshái,Chʽai 2,,,綵,,Colored silk; assemblage of every color.,,,,008_A_Chinese_and_English_Vocabulary_in_the_Tie-chiu_Dialect,22
tshám,Chʽám 2,,,慘,,Painful feelings; distress of mind.,,,,008_A_Chinese_and_English_Vocabulary_in_the_Tie-chiu_Dialect,23
tshán,Chʽán 2,,,㯆,,Name of a tree and fruit; a mattress.,,,,008_A_Chinese_and_English_Vocabulary_in_the_Tie-chiu_Dialect,23
tshán,Chʽán 2,,,鏟,,A plane; to plane or level.,,,,008_A_Chinese_and_English_Vocabulary_in_the_Tie-chiu_Dialect,23
tsháu,Chʽau 2,,,草,,"Plants, grass, &c. — the running hand character; careless.",,,,008_A_Chinese_and_English_Vocabulary_in_the_Tie-chiu_Dialect,25
tsháu,Chʽau 2,,,艸,,"Plants, grass, &c. — the running hand character; careless.",,,,008_A_Chinese_and_English_Vocabulary_in_the_Tie-chiu_Dialect,25
tsháu,Chʽau 2,,,藻,,A water plant; elegant composition; joy.,,,,008_A_Chinese_and_English_Vocabulary_in_the_Tie-chiu_Dialect,25
tshâi,Chʽai -1,,,才,,Talent; ability.,,,,008_A_Chinese_and_English_Vocabulary_in_the_Tie-chiu_Dialect,22
tshâi,Chʽai -1,,,材,,Materials; fit for use.,,,,008_A_Chinese_and_English_Vocabulary_in_the_Tie-chiu_Dialect,22
tshâi,Chʽai -1,,,財,,Wealth; property.,,,,008_A_Chinese_and_English_Vocabulary_in_the_Tie-chiu_Dialect,22
tshâi,Chʽai -1,,,豺,,A species of wolf.,,,,008_A_Chinese_and_English_Vocabulary_in_the_Tie-chiu_Dialect,22
tshâm,Chʽám -1,,,儳,,Irregular; rapid.,,,,008_A_Chinese_and_English_Vocabulary_in_the_Tie-chiu_Dialect,23
tshâm,Chʽám -1,,,巉,,"A hill; a rocky, dangerous summit.",,,,008_A_Chinese_and_English_Vocabulary_in_the_Tie-chiu_Dialect,23
tshâm,Chʽám -1,,,讒,,To calumniate; to flatter those present and slander the absent.,,,,008_A_Chinese_and_English_Vocabulary_in_the_Tie-chiu_Dialect,23
tshâm,Chʽám -1,,,慙,,Ashamed; to blush.,,,,008_A_Chinese_and_English_Vocabulary_in_the_Tie-chiu_Dialect,23
tshân,Chʽán -1,,,田,,A field.,,,,008_A_Chinese_and_English_Vocabulary_in_the_Tie-chiu_Dialect,23
tshân,Chʽán -1,,,殘,,To rob; plunder; mangle; spoiled; killed; cruel.,,,,008_A_Chinese_and_English_Vocabulary_in_the_Tie-chiu_Dialect,23
tshân,Chʽán -1,,,戕,,A sheepcote; stable.,,,,008_A_Chinese_and_English_Vocabulary_in_the_Tie-chiu_Dialect,23
tshâng,Chʽáng -1,,,藏,,To hide; conceal; store up.,,,,008_A_Chinese_and_English_Vocabulary_in_the_Tie-chiu_Dialect,24
tshâu,Chʽau -1,,,巢,,A nest for birds or thieves; a lurking place.,,,,008_A_Chinese_and_English_Vocabulary_in_the_Tie-chiu_Dialect,25
tshâu,Chʽau -1,,,曹,,A court or board of officers; a class; used to form the plural.,,,,008_A_Chinese_and_English_Vocabulary_in_the_Tie-chiu_Dialect,25
tshâu,Chʽau -1,,,傮,,The whole; one complete round.,,,,008_A_Chinese_and_English_Vocabulary_in_the_Tie-chiu_Dialect,25
tshâu,Chʽau -1,,,嘈,,Noise; clamor.,,,,008_A_Chinese_and_English_Vocabulary_in_the_Tie-chiu_Dialect,25
tshò,Chʽó 3-,,,磋,,To rub and polish.,,,,008_A_Chinese_and_English_Vocabulary_in_the_Tie-chiu_Dialect,39
tshò,Chʽó 3-,,,鎈,,Copper coin; money.,,,,008_A_Chinese_and_English_Vocabulary_in_the_Tie-chiu_Dialect,39
tshò,Chʽó 3-,,,銼,,A file; to rub.,,,,008_A_Chinese_and_English_Vocabulary_in_the_Tie-chiu_Dialect,39
tshò,Chʽó 3-,,,錯,,Mixed; confused; erroneous; mistaken.,,,,008_A_Chinese_and_English_Vocabulary_in_the_Tie-chiu_Dialect,39
tshòu,Chʽo 3-,,,醋,,Vinegar; sour wine.,,,,008_A_Chinese_and_English_Vocabulary_in_the_Tie-chiu_Dialect,39
tshòu,Chʽo 3-,,,凑,,Concurrence of circumstances; to collect and make up.,,,,008_A_Chinese_and_English_Vocabulary_in_the_Tie-chiu_Dialect,39
tshó,Chʽó 2,,,楚,,Brambles; a cluster of trees; sharp; painful.,,,,008_A_Chinese_and_English_Vocabulary_in_the_Tie-chiu_Dialect,39
tshó,Chʽó 2,,,礎,,The stone base of a pillar.,,,,008_A_Chinese_and_English_Vocabulary_in_the_Tie-chiu_Dialect,39
tshóiⁿ,Chʽⁿoi 2,,,筅,,A scrubber for cleaning rice; a broom.,,,,008_A_Chinese_and_English_Vocabulary_in_the_Tie-chiu_Dialect,40
tshô,Chʽó -1,,,剉,,To trim off; chop to pieces; a mode of punishment.,,,,008_A_Chinese_and_English_Vocabulary_in_the_Tie-chiu_Dialect,39
tshô,Chʽó -1,,,挫,,To push down; break in pieces; maltreat.,,,,008_A_Chinese_and_English_Vocabulary_in_the_Tie-chiu_Dialect,39
tshô,Chʽó -1,,,脞,,Minced meat; minute; small bits.,,,,008_A_Chinese_and_English_Vocabulary_in_the_Tie-chiu_Dialect,39
tshô,Chʽó -1,,,鋤,,A hoe or iron instrument for turning up the ground.,,,,008_A_Chinese_and_English_Vocabulary_in_the_Tie-chiu_Dialect,39
tshôiⁿ,Chʽⁿoi -1,,,蠶,,Silkworms.,,,,008_A_Chinese_and_English_Vocabulary_in_the_Tie-chiu_Dialect,39
tshông,Chʽong -1,,,叢,,Crowded together; mixed assemblage; woody.,,,,008_A_Chinese_and_English_Vocabulary_in_the_Tie-chiu_Dialect,40
tshông,Chʽong -1,,,欉,,Crowded together; mixed assemblage; woody.,,,,008_A_Chinese_and_English_Vocabulary_in_the_Tie-chiu_Dialect,40
tshông,Chʽong -1,,,崇,,Lofty; honorable; noble; to honor.,,,,008_A_Chinese_and_English_Vocabulary_in_the_Tie-chiu_Dialect,40
tshông,Chʽong -1,,,從,,By; from; with; to follow.,,,,008_A_Chinese_and_English_Vocabulary_in_the_Tie-chiu_Dialect,40
tshôu,Chʽo -1,,,愁,,Mournful; grieved.,,,,008_A_Chinese_and_English_Vocabulary_in_the_Tie-chiu_Dialect,38
tshù,Chʽu 3-,,,厝,,To place; to put; a large coarse stone.,,,,008_A_Chinese_and_English_Vocabulary_in_the_Tie-chiu_Dialect,42
tshù,Chʽu 3-,,,措,,To place; arrange; employ; a place.,,,,008_A_Chinese_and_English_Vocabulary_in_the_Tie-chiu_Dialect,42
tshù,Chʽu 3-,,,趣,,Celerity; quick; agreeableness; accommodating.,,,,008_A_Chinese_and_English_Vocabulary_in_the_Tie-chiu_Dialect,42
tshùa,Chʽua 3-,,,蔡,,Plants or herbs; a proper name.,,,,008_A_Chinese_and_English_Vocabulary_in_the_Tie-chiu_Dialect,44
tshùaⁿ,Chʽⁿua 3-,,,閂,,To shut; bar a door; to fasten.,,,,008_A_Chinese_and_English_Vocabulary_in_the_Tie-chiu_Dialect,44
tshùi,Chʽui 3-,,,嘴,,The lips; mouth; beak of a bird; a snout.,,,,008_A_Chinese_and_English_Vocabulary_in_the_Tie-chiu_Dialect,46
tshùi,Chʽui 3-,,,碎,,To rub or grind; break to pieces; small fragments.,,,,008_A_Chinese_and_English_Vocabulary_in_the_Tie-chiu_Dialect,46
tshùi,Chʽui 3-,,,粹,,Unmixed; pure; complete; to rub or grind.,,,,008_A_Chinese_and_English_Vocabulary_in_the_Tie-chiu_Dialect,46
tshùi,Chʽui 3-,,,翠,,Name of a bird with green feathers.,,,,008_A_Chinese_and_English_Vocabulary_in_the_Tie-chiu_Dialect,46
tshùn,Chʽun 3-,,,寸,,A Chinese inch.,,,,008_A_Chinese_and_English_Vocabulary_in_the_Tie-chiu_Dialect,47
tshú,Chʽu 2,,,取,,To take; receive; assume; to approve; to be sought after.,,,,008_A_Chinese_and_English_Vocabulary_in_the_Tie-chiu_Dialect,42
tshú,Chʽu 2,,,娶,,To take a wife; to marry.,,,,008_A_Chinese_and_English_Vocabulary_in_the_Tie-chiu_Dialect,42
tshú,Chʽu 2,,,處,,A place; dwelling; to dwell; to place; decide; award.,,,,008_A_Chinese_and_English_Vocabulary_in_the_Tie-chiu_Dialect,42
tshúa,Chʽua 2,,,歪,,Aslant; distorted; depraved; incorrect.,,,,008_A_Chinese_and_English_Vocabulary_in_the_Tie-chiu_Dialect,44
tshúe,Chʽue 2,,,髓,,Marrow inside of bones; brains.,,,,008_A_Chinese_and_English_Vocabulary_in_the_Tie-chiu_Dialect,45
tshúi,Chʽui 2,,,惴,,Mournful; grief; difficulties.,,,,008_A_Chinese_and_English_Vocabulary_in_the_Tie-chiu_Dialect,46
tshúi,Chʽui 2,,,揣,,To measure; try; essay; to put away.,,,,008_A_Chinese_and_English_Vocabulary_in_the_Tie-chiu_Dialect,46
tshúi,Chʽui 2,,,毳,,Fur; down; a certain cap or crown; delicate.,,,,008_A_Chinese_and_English_Vocabulary_in_the_Tie-chiu_Dialect,46
tshún,Chʽun 2,,,蠢,,Simple; foolish; to move; crawl.,,,,008_A_Chinese_and_English_Vocabulary_in_the_Tie-chiu_Dialect,47
tshún,Chʽun 2,,,忖,,To consider; reckon; conjecture; surmise.,,,,008_A_Chinese_and_English_Vocabulary_in_the_Tie-chiu_Dialect,47
tshún,Chʽun 2,,,舛,,Confused; mixed; erroneous; to oppose.,,,,008_A_Chinese_and_English_Vocabulary_in_the_Tie-chiu_Dialect,47
tshû,Chʽu -1,,,徐,,Leisurely; tardy; slow; steady; tranquil.,,,,008_A_Chinese_and_English_Vocabulary_in_the_Tie-chiu_Dialect,42
tshû,Chʽu -1,,,蜍,,A species of frog.,,,,008_A_Chinese_and_English_Vocabulary_in_the_Tie-chiu_Dialect,42
tshû,Chʽu -1,,,除,,"The space inside the door but outside the screen; to remove, as disease, evil, &c., besides; to leave out.",,,,008_A_Chinese_and_English_Vocabulary_in_the_Tie-chiu_Dialect,42
tshû,Chʽu -1,,,芻,,Plants; grass: to cut grass.,,,,008_A_Chinese_and_English_Vocabulary_in_the_Tie-chiu_Dialect,42
tshû,Chʽu -1,,,蒭,,Plants; grass: to cut grass.,,,,008_A_Chinese_and_English_Vocabulary_in_the_Tie-chiu_Dialect,42
tshûn,Chʽun -1,,,存,,To watch over and take care of; to preserve; retain.,,,,008_A_Chinese_and_English_Vocabulary_in_the_Tie-chiu_Dialect,47
tshāi,Chʽai 3,,,纔,,Just now; just then.,,,,008_A_Chinese_and_English_Vocabulary_in_the_Tie-chiu_Dialect,22
tshǹg,Chʽᵘng 3-,,,刺,,To pierce; stab; to reprehend; satirise; to work with a needle; embroider.,,,,008_A_Chinese_and_English_Vocabulary_in_the_Tie-chiu_Dialect,47
tshṳ,Chʽù 1,,,此,,This; these; here; now.,,,,008_A_Chinese_and_English_Vocabulary_in_the_Tie-chiu_Dialect,43
tshṳ,Chʽù 1,,,鼠,,A mouse; rat.,,,,008_A_Chinese_and_English_Vocabulary_in_the_Tie-chiu_Dialect,43
tshṳ̀,Chʽù 3-,,,次,,Second to; next in order; inferior; a place; an inn.,,,,008_A_Chinese_and_English_Vocabulary_in_the_Tie-chiu_Dialect,43
tshṳ̀,Chʽù 3-,,,茨,,Thatch; thorns; to collect; accumulate.,,,,008_A_Chinese_and_English_Vocabulary_in_the_Tie-chiu_Dialect,43
tshṳ̂,Chʽù -1,,,慈,,Love; compassion; kind; compassionate.,,,,008_A_Chinese_and_English_Vocabulary_in_the_Tie-chiu_Dialect,43
tshṳ̂,Chʽù -1,,,玼,,Fresh and good; a fresh stone.,,,,008_A_Chinese_and_English_Vocabulary_in_the_Tie-chiu_Dialect,43
tshṳ̂,Chʽù -1,,,疵,,Disease; fault of temper; contracted feeling.,,,,008_A_Chinese_and_English_Vocabulary_in_the_Tie-chiu_Dialect,43
tshṳ̂,Chʽù -1,,,磁,,Name of a stone.,,,,008_A_Chinese_and_English_Vocabulary_in_the_Tie-chiu_Dialect,43
tshṳ̂,Chʽù -1,,,訾,,To slander; dislike; animosity; licentious; to think.,,,,008_A_Chinese_and_English_Vocabulary_in_the_Tie-chiu_Dialect,43
tshṳ̂,Chʽù -1,,,雌,,The female of birds and fowls.,,,,008_A_Chinese_and_English_Vocabulary_in_the_Tie-chiu_Dialect,43
tshṳ̂,Chʽù -1,,,䳄,,The female of birds and fowls.,,,,008_A_Chinese_and_English_Vocabulary_in_the_Tie-chiu_Dialect,43
tshṳ̂,Chʽù -1,,,徐,,A dignified walk; leisurely; tranquil; sedate.,,,,008_A_Chinese_and_English_Vocabulary_in_the_Tie-chiu_Dialect,43
tsng,Chᵘng 1,,,庄,,A farm-house; cottage; a country village.,,,,008_A_Chinese_and_English_Vocabulary_in_the_Tie-chiu_Dialect,47
tsng,Chᵘng 1,,,粧,,Ornamented; painted face; dowry; a lady's toilet.,,,,008_A_Chinese_and_English_Vocabulary_in_the_Tie-chiu_Dialect,47
tsng,Chᵘng 1,,,莊,,Grave; stern; firm; sedate.,,,,008_A_Chinese_and_English_Vocabulary_in_the_Tie-chiu_Dialect,47
tsng,Chᵘng 1,,,妝,,Dressed; ornamented; face painted; dowry.,,,,008_A_Chinese_and_English_Vocabulary_in_the_Tie-chiu_Dialect,47
tsng,Chᵘng 1,,,磚,,Brick; tile; square earthern ware.,,,,008_A_Chinese_and_English_Vocabulary_in_the_Tie-chiu_Dialect,47
tso,Chó 1,,,棗,,Dates; a species of cannarium.,,,,008_A_Chinese_and_English_Vocabulary_in_the_Tie-chiu_Dialect,39
tso,Chó 1,,,左,,The left hand or side; a second or assistant; depraved; to degrade.,,,,008_A_Chinese_and_English_Vocabulary_in_the_Tie-chiu_Dialect,39
tso,Chó 1,,,阻,,To hinder; stop; prevent.,,,,008_A_Chinese_and_English_Vocabulary_in_the_Tie-chiu_Dialect,39
tso,Chó 1,,,爼,,A block on which meat is cut; a feast.,,,,008_A_Chinese_and_English_Vocabulary_in_the_Tie-chiu_Dialect,39
tsoih,Choi 4,,,節,,A festival; a set time.,,,,008_A_Chinese_and_English_Vocabulary_in_the_Tie-chiu_Dialect,39
tsoi̍h,Choi -4,,,截,,To cut off; cut up; to trim.,,,,008_A_Chinese_and_English_Vocabulary_in_the_Tie-chiu_Dialect,39
tsok,Chok 4,,,屬,,The foot; enough; satisfied; complete.,,,,008_A_Chinese_and_English_Vocabulary_in_the_Tie-chiu_Dialect,40
tsok,Chok 4,,,祝,,To bless; praise.,,,,008_A_Chinese_and_English_Vocabulary_in_the_Tie-chiu_Dialect,40
tsok,Chok 4,,,竺,,A bamboo.,,,,008_A_Chinese_and_English_Vocabulary_in_the_Tie-chiu_Dialect,40
tsong,Chong 1,,,宗,,Ancestors; an ancestral temple; a whole kindred or clan.,,,,008_A_Chinese_and_English_Vocabulary_in_the_Tie-chiu_Dialect,40
tsong,Chong 1,,,綜,,Transverse threads in weaving; to collect together.,,,,008_A_Chinese_and_English_Vocabulary_in_the_Tie-chiu_Dialect,40
tsong,Chong 1,,,終,,The end; termination; to end or terminate; to die.,,,,008_A_Chinese_and_English_Vocabulary_in_the_Tie-chiu_Dialect,40
tsong,Chong 1,,,螽,,A species of locust.,,,,008_A_Chinese_and_English_Vocabulary_in_the_Tie-chiu_Dialect,40
tsong,Chong 1,,,蹤,,A footstep; a trace.,,,,008_A_Chinese_and_English_Vocabulary_in_the_Tie-chiu_Dialect,40
tsou,Cho 1,,,租,,Grain paid as tax; tax; rent.,,,,008_A_Chinese_and_English_Vocabulary_in_the_Tie-chiu_Dialect,38
tsou,Cho 1,,,緅,,Dark red color; dipped in red dye three times and then in black once.,,,,008_A_Chinese_and_English_Vocabulary_in_the_Tie-chiu_Dialect,38
tsou,Cho 1,,,鄹,,"Name of a country, where Confucious lived.",,,,008_A_Chinese_and_English_Vocabulary_in_the_Tie-chiu_Dialect,38
tsou,Cho 1,,,鄒,,Name of a country.,,,,008_A_Chinese_and_English_Vocabulary_in_the_Tie-chiu_Dialect,38
tso̍h,Chó -4,,,絕,,To break off; suspend; put an end to; a small quantity.,,,,008_A_Chinese_and_English_Vocabulary_in_the_Tie-chiu_Dialect,39
tso̍k,Chok -4,,,族,,A kindred; family; clan; a class; a sort.,,,,008_A_Chinese_and_English_Vocabulary_in_the_Tie-chiu_Dialect,40
tso̍k,Chok -4,,,簇,,Luxuriant plants; the metal point of an arrow.,,,,008_A_Chinese_and_English_Vocabulary_in_the_Tie-chiu_Dialect,40
tso̍k,Chok -4,,,鏃,,Pointed; the point of an arrow.,,,,008_A_Chinese_and_English_Vocabulary_in_the_Tie-chiu_Dialect,40
tsu,Chu 1,,,朱,,Carnation of vermilion color.,,,,008_A_Chinese_and_English_Vocabulary_in_the_Tie-chiu_Dialect,41
tsu,Chu 1,,,珠,,A pearl; necklace; the ball of the eye.,,,,008_A_Chinese_and_English_Vocabulary_in_the_Tie-chiu_Dialect,41
tsu,Chu 1,,,硃,,Red oxide; vermilion.,,,,008_A_Chinese_and_English_Vocabulary_in_the_Tie-chiu_Dialect,41
tsu,Chu 1,,,茱,,Name of a medicine.,,,,008_A_Chinese_and_English_Vocabulary_in_the_Tie-chiu_Dialect,41
tsu,Chu 1,,,銖,,An ancient coin; a small coin.,,,,008_A_Chinese_and_English_Vocabulary_in_the_Tie-chiu_Dialect,41
tsu,Chu 1,,,諸,,Several; all; in; at; from.,,,,008_A_Chinese_and_English_Vocabulary_in_the_Tie-chiu_Dialect,41
tsu,Chu 1,,,咀,,To receive into the mouth and suck or taste.,,,,008_A_Chinese_and_English_Vocabulary_in_the_Tie-chiu_Dialect,41
tsu,Chu 1,,,徂,,To go; persevere; preserve.,,,,008_A_Chinese_and_English_Vocabulary_in_the_Tie-chiu_Dialect,41
tsu,Chu 1,,,沮,,"Water overflowing into a pond, to overpass; to stop; injure.",,,,008_A_Chinese_and_English_Vocabulary_in_the_Tie-chiu_Dialect,41
tsu,Chu 1,,,疽,,A deep seated old sore.,,,,008_A_Chinese_and_English_Vocabulary_in_the_Tie-chiu_Dialect,41
tsu,Chu 1,,,組,,Silk fringe; silk cords to bind the hair.,,,,008_A_Chinese_and_English_Vocabulary_in_the_Tie-chiu_Dialect,41
tsu,Chu 1,,,苴,,Female hemp; the vegetable used in the soles of shoes.,,,,008_A_Chinese_and_English_Vocabulary_in_the_Tie-chiu_Dialect,41
tsu,Chu 1,,,菹,,Plants which grow in marshes.,,,,008_A_Chinese_and_English_Vocabulary_in_the_Tie-chiu_Dialect,41
tsu,Chu 1,,,詛,,Imprecations; to announce before the gods.,,,,008_A_Chinese_and_English_Vocabulary_in_the_Tie-chiu_Dialect,41
tsu,Chu 1,,,趄,,To walk with difficulty; having some impediment.,,,,008_A_Chinese_and_English_Vocabulary_in_the_Tie-chiu_Dialect,41
tsu,Chu 1,,,諏,,To take advice; to consult; to give information.,,,,008_A_Chinese_and_English_Vocabulary_in_the_Tie-chiu_Dialect,41
tsu,Chu 1,,,陬,,"A corner or angle, as of a wall; to collect together and reside in.",,,,008_A_Chinese_and_English_Vocabulary_in_the_Tie-chiu_Dialect,41
tsua,Chua 1,,,蛇,,A serpent; snake; viper.,,,,008_A_Chinese_and_English_Vocabulary_in_the_Tie-chiu_Dialect,43
tsuan,Chuan 1,,,專,,One; single; oneness of pursuit; to assume; usurp.,,,,008_A_Chinese_and_English_Vocabulary_in_the_Tie-chiu_Dialect,44
tsuan,Chuan 1,,,耑,,The head or commencement; a hollow vessel.,,,,008_A_Chinese_and_English_Vocabulary_in_the_Tie-chiu_Dialect,44
tsuan,Chuan 1,,,湍,,A narrow passage for water; rapids; to flow against.,,,,008_A_Chinese_and_English_Vocabulary_in_the_Tie-chiu_Dialect,44
tsuan,Chuan 1,,,顓,,To regulate; direct; to pay close attention; correct; eminent.,,,,008_A_Chinese_and_English_Vocabulary_in_the_Tie-chiu_Dialect,44
tsuan,Chuan 1,,,遄,,Haste; speed; to go and return with speed.,,,,008_A_Chinese_and_English_Vocabulary_in_the_Tie-chiu_Dialect,44
tsuang,Chuang 1,,,裝,,To bind round or up; to dress; to put into a box.,,,,008_A_Chinese_and_English_Vocabulary_in_the_Tie-chiu_Dialect,45
tsuat,Chuat 4,,,咄,,Mutual conversation; to rail or laugh at.,,,,008_A_Chinese_and_English_Vocabulary_in_the_Tie-chiu_Dialect,45
tsuat,Chuat 4,,,拙,,Unskillful; stupid.,,,,008_A_Chinese_and_English_Vocabulary_in_the_Tie-chiu_Dialect,45
tsuat,Chuat 4,,,茁,,To bud forth.,,,,008_A_Chinese_and_English_Vocabulary_in_the_Tie-chiu_Dialect,45
tsuat,Chuat 4,,,詘,,Stammering; to talk slowly.,,,,008_A_Chinese_and_English_Vocabulary_in_the_Tie-chiu_Dialect,45
tsuat,Chuat 4,,,啜,,To weep and sob; incessant talking; to taste.,,,,008_A_Chinese_and_English_Vocabulary_in_the_Tie-chiu_Dialect,45
tsuat,Chuat 4,,,惙,,Mournful; grieved.,,,,008_A_Chinese_and_English_Vocabulary_in_the_Tie-chiu_Dialect,45
tsuat,Chuat 4,,,掇,,To seize; plunder.,,,,008_A_Chinese_and_English_Vocabulary_in_the_Tie-chiu_Dialect,45
tsuat,Chuat 4,,,歠,,To sip; swill down soup.,,,,008_A_Chinese_and_English_Vocabulary_in_the_Tie-chiu_Dialect,45
tsua̍k,Chuak -4,,,蜀,,Name of an insect resembling a silk worm.,,,,008_A_Chinese_and_English_Vocabulary_in_the_Tie-chiu_Dialect,44
tsua̍k,Chuak -4,,,濁,,Muddy; foul water.,,,,008_A_Chinese_and_English_Vocabulary_in_the_Tie-chiu_Dialect,44
tsua̍k,Chuak -4,,,濯,,"A fat, sleek appearance; to wash.",,,,008_A_Chinese_and_English_Vocabulary_in_the_Tie-chiu_Dialect,44
tsuh,Chu 4,,,覷,,To spy out; look.,,,,008_A_Chinese_and_English_Vocabulary_in_the_Tie-chiu_Dialect,41
tsui,Chui 1,,,堆,,A heap of earth; a pile; to accumulate; promiscuous.,,,,008_A_Chinese_and_English_Vocabulary_in_the_Tie-chiu_Dialect,45
tsui,Chui 1,,,椎,,A bludgeon; club; to strike; blunt; stupid.,,,,008_A_Chinese_and_English_Vocabulary_in_the_Tie-chiu_Dialect,45
tsui,Chui 1,,,錐,,An awl; sharp point.,,,,008_A_Chinese_and_English_Vocabulary_in_the_Tie-chiu_Dialect,45
tsui,Chui 1,,,凸,,Protuberant; jutting out; convex; a hillock.,,,,008_A_Chinese_and_English_Vocabulary_in_the_Tie-chiu_Dialect,45
tsun,Chun 1,,,尊,,To honor; respect; honorable; venerable.,,,,008_A_Chinese_and_English_Vocabulary_in_the_Tie-chiu_Dialect,46
tsun,Chun 1,,,蹲,,A proud attitude; to sit in a reclining posture; to collect.,,,,008_A_Chinese_and_English_Vocabulary_in_the_Tie-chiu_Dialect,46
tsun,Chun 1,,,遵,,To follow; obey; comply with; obedience.,,,,008_A_Chinese_and_English_Vocabulary_in_the_Tie-chiu_Dialect,46
tsun,Chun 1,,,樽,,A wine vessel; luxuriant; a desist; stop.,,,,008_A_Chinese_and_English_Vocabulary_in_the_Tie-chiu_Dialect,46
tsun,Chun 1,,,罇,,A wine vessel; luxuriant; a desist; stop.,,,,008_A_Chinese_and_English_Vocabulary_in_the_Tie-chiu_Dialect,46
tsun,Chun 1,,,逡,,To retire back abashed; to refuse.,,,,008_A_Chinese_and_English_Vocabulary_in_the_Tie-chiu_Dialect,46
tsut,Chut 4,,,卒,,Soldiers; lictors; to cease; finish; die; haste; sudden; urgent.,,,,008_A_Chinese_and_English_Vocabulary_in_the_Tie-chiu_Dialect,47
tsut,Chut 4,,,倅,,To assist; an assistant officer; a hundred men.,,,,008_A_Chinese_and_English_Vocabulary_in_the_Tie-chiu_Dialect,47
tsut,Chut 4,,,率,,To lead; direct; to follow sudden; prompt.,,,,008_A_Chinese_and_English_Vocabulary_in_the_Tie-chiu_Dialect,47
tsut,Chut 4,,,蟀,,A cricket,,,,008_A_Chinese_and_English_Vocabulary_in_the_Tie-chiu_Dialect,47
tsuàn,Chuan 3-,,,攢,,To collect; assemble; to cover a coffin without interring.,,,,008_A_Chinese_and_English_Vocabulary_in_the_Tie-chiu_Dialect,44
tsuán,Chuan 2,,,轉,,To turn; revolve; to turn about.,,,,008_A_Chinese_and_English_Vocabulary_in_the_Tie-chiu_Dialect,44
tsuán,Chuan 2,,,囀,,Modulations of voice; chirping.,,,,008_A_Chinese_and_English_Vocabulary_in_the_Tie-chiu_Dialect,44
tsuãn,Chuan -3,,,撰,,To arrange; prepare; make; compose.,,,,008_A_Chinese_and_English_Vocabulary_in_the_Tie-chiu_Dialect,44
tsuãn,Chuan -3,,,譔,,"To make, write or compose a book.",,,,008_A_Chinese_and_English_Vocabulary_in_the_Tie-chiu_Dialect,44
tsuãn,Chuan -3,,,饌,,Food; to eat and drink.,,,,008_A_Chinese_and_English_Vocabulary_in_the_Tie-chiu_Dialect,44
tsuãng,Chuang -3,,,狀,,From; fashion; to accuse; a letter; petition; a bed.,,,,008_A_Chinese_and_English_Vocabulary_in_the_Tie-chiu_Dialect,45
tsu̍t,Chut -4,,,秫,,A certain grain; a viscous substance made from grain.,,,,008_A_Chinese_and_English_Vocabulary_in_the_Tie-chiu_Dialect,47
tsu̍t,Chut -4,,,糯,,Name of a particular kind of rice.,,,,008_A_Chinese_and_English_Vocabulary_in_the_Tie-chiu_Dialect,47
tsà,Chá 3-,,,乍,,Suddenly; unexpectedly; for a short time.,,,,008_A_Chinese_and_English_Vocabulary_in_the_Tie-chiu_Dialect,21
tsà,Chá 3-,,,怍,,Ashamed; to blush.,,,,008_A_Chinese_and_English_Vocabulary_in_the_Tie-chiu_Dialect,21
tsà,Chá 3-,,,怎,,How? why?,,,,008_A_Chinese_and_English_Vocabulary_in_the_Tie-chiu_Dialect,21
tsà,Chá 3-,,,詐,,False; deceitful.,,,,008_A_Chinese_and_English_Vocabulary_in_the_Tie-chiu_Dialect,21
tsà,Chá 3-,,,醡,,A wine press.,,,,008_A_Chinese_and_English_Vocabulary_in_the_Tie-chiu_Dialect,21
tsài,Chai 3-,,,再,,Again.,,,,008_A_Chinese_and_English_Vocabulary_in_the_Tie-chiu_Dialect,22
tsài,Chai 3-,,,載,,"To contain; what is contained, as in a ship.",,,,008_A_Chinese_and_English_Vocabulary_in_the_Tie-chiu_Dialect,22
tsàm,Chám 3-,,,譖,,To revile; slanderous speech.,,,,008_A_Chinese_and_English_Vocabulary_in_the_Tie-chiu_Dialect,23
tsàn,Chán 3-,,,贈,,To present to; give; bestow.,,,,008_A_Chinese_and_English_Vocabulary_in_the_Tie-chiu_Dialect,23
tsàn,Chán 3-,,,棧,,A scaffold; upper loft; a tent; stable; a railing.,,,,008_A_Chinese_and_English_Vocabulary_in_the_Tie-chiu_Dialect,23
tsàn,Chán 3-,,,贊,,To see; to enter; discover; praise.,,,,008_A_Chinese_and_English_Vocabulary_in_the_Tie-chiu_Dialect,23
tsàn,Chán 3-,,,纘,,To continue on in succession.,,,,008_A_Chinese_and_English_Vocabulary_in_the_Tie-chiu_Dialect,23
tsàn,Chán 3-,,,瓚,,A kind of sceptre; a vessel to contain wine.,,,,008_A_Chinese_and_English_Vocabulary_in_the_Tie-chiu_Dialect,23
tsàn,Chán 3-,,,讚,,To praise; assist.,,,,008_A_Chinese_and_English_Vocabulary_in_the_Tie-chiu_Dialect,23
tsàn,Chán 3-,,,站,,To stand up; erect.,,,,008_A_Chinese_and_English_Vocabulary_in_the_Tie-chiu_Dialect,23
tsàng,Cháng 3-,,,壯,,Large; strong; affluent; manhood.,,,,008_A_Chinese_and_English_Vocabulary_in_the_Tie-chiu_Dialect,24
tsàu,Chau 3-,,,奏,,To give information to the emperor; to advise him.,,,,008_A_Chinese_and_English_Vocabulary_in_the_Tie-chiu_Dialect,25
tsàu,Chau 3-,,,灶,,A furnace; fire place.,,,,008_A_Chinese_and_English_Vocabulary_in_the_Tie-chiu_Dialect,25
tsá,Chá 2,,,昔,,Formerly; in former times.,,,,008_A_Chinese_and_English_Vocabulary_in_the_Tie-chiu_Dialect,21
tsá,Chá 2,,,昨,,Yesterday; recently.,,,,008_A_Chinese_and_English_Vocabulary_in_the_Tie-chiu_Dialect,21
tsá,Chá 2,,,早,,Morning; early; speedily.,,,,008_A_Chinese_and_English_Vocabulary_in_the_Tie-chiu_Dialect,21
tsá,Chá 2,,,蚤,,A kind of insect.,,,,008_A_Chinese_and_English_Vocabulary_in_the_Tie-chiu_Dialect,21
tsái,Chai 2,,,宰,,To rule; a ruler; to kill and dress animals.,,,,008_A_Chinese_and_English_Vocabulary_in_the_Tie-chiu_Dialect,22
tsái,Chai 2,,,滓,,Dregs; feces.,,,,008_A_Chinese_and_English_Vocabulary_in_the_Tie-chiu_Dialect,22
tsái,Chai 2,,,載,,A year.,,,,008_A_Chinese_and_English_Vocabulary_in_the_Tie-chiu_Dialect,22
tsái,Chai 2,,,豸,,A certain ravenous animal.,,,,008_A_Chinese_and_English_Vocabulary_in_the_Tie-chiu_Dialect,22
tsám,Chám 2,,,斬,,To cut asunder; decapitate.,,,,008_A_Chinese_and_English_Vocabulary_in_the_Tie-chiu_Dialect,23
tsáu,Chau 2,,,走,,To walk; go; run.,,,,008_A_Chinese_and_English_Vocabulary_in_the_Tie-chiu_Dialect,25
tsâ,Chá -1,,,柴,,Fuel; to collect.,,,,008_A_Chinese_and_English_Vocabulary_in_the_Tie-chiu_Dialect,21
tsâi,Chai -1,,,臍,,The navel; umbilical cord.,,,,008_A_Chinese_and_English_Vocabulary_in_the_Tie-chiu_Dialect,22
tsân,Chán -1,,,層,,An upper room or loft; a degree.,,,,008_A_Chinese_and_English_Vocabulary_in_the_Tie-chiu_Dialect,23
tsân,Chán -1,,,罾,,A fishing net.,,,,008_A_Chinese_and_English_Vocabulary_in_the_Tie-chiu_Dialect,23
tsâng,Cháng -1,,,欉,,A numeral of trees; a tree; bush.,,,,008_A_Chinese_and_English_Vocabulary_in_the_Tie-chiu_Dialect,24
tsãng,Cháng -3,,,贜,,The viscera of the animal body.,,,,008_A_Chinese_and_English_Vocabulary_in_the_Tie-chiu_Dialect,24
tsãng,Cháng -3,,,贓,,To receive bribes; unjust gain; stolen goods; booty.,,,,008_A_Chinese_and_English_Vocabulary_in_the_Tie-chiu_Dialect,24
tsãu,Chau -3,,,皂,,Inferiors; police runners.,,,,008_A_Chinese_and_English_Vocabulary_in_the_Tie-chiu_Dialect,25
tsãu,Chau -3,,,造,,To make; do; commence.,,,,008_A_Chinese_and_English_Vocabulary_in_the_Tie-chiu_Dialect,25
tsãu,Chau -3,,,悼,,Commiseration; to pity.,,,,008_A_Chinese_and_English_Vocabulary_in_the_Tie-chiu_Dialect,25
tsãu,Chau -3,,,罩,,A fishing basket; to cover over; to shade; a shade.,,,,008_A_Chinese_and_English_Vocabulary_in_the_Tie-chiu_Dialect,25
tsãu,Chau -3,,,棹,,To move; agitate; shake; to rectify.,,,,008_A_Chinese_and_English_Vocabulary_in_the_Tie-chiu_Dialect,25
tsãu,Chau -3,,,卓,,"To surpass, superior.",,,,008_A_Chinese_and_English_Vocabulary_in_the_Tie-chiu_Dialect,25
tsò,Chó 3-,,,做,,To make; to do; to be.,,,,008_A_Chinese_and_English_Vocabulary_in_the_Tie-chiu_Dialect,39
tsòng,Chong 3-,,,瘲,,A disease; pain in the muscles and bones; rheumatism.,,,,008_A_Chinese_and_English_Vocabulary_in_the_Tie-chiu_Dialect,40
tsòng,Chong 3-,,,縱,,Remiss; to connive at; although allowing it.,,,,008_A_Chinese_and_English_Vocabulary_in_the_Tie-chiu_Dialect,40
tsóng,Chong 2,,,總,,All united together; the whole; general; altogether.,,,,008_A_Chinese_and_English_Vocabulary_in_the_Tie-chiu_Dialect,40
tsóng,Chong 2,,,踵,,The heel of the foot; to tread in the footsteps of.,,,,008_A_Chinese_and_English_Vocabulary_in_the_Tie-chiu_Dialect,40
tsóu,Cho 2,,,祖,,Ancestors; grandparents; to begin; the beginning.,,,,008_A_Chinese_and_English_Vocabulary_in_the_Tie-chiu_Dialect,38
tsô,Chó -1,,,槽,,A manger; a drain where liquor is run off; a place where wine is sold.,,,,008_A_Chinese_and_English_Vocabulary_in_the_Tie-chiu_Dialect,39
tsô,Chó -1,,,艚,,A small boat; a junk.,,,,008_A_Chinese_and_English_Vocabulary_in_the_Tie-chiu_Dialect,39
tsôiⁿ,Chⁿoi -1,,,前,,Formerly; before.,,,,008_A_Chinese_and_English_Vocabulary_in_the_Tie-chiu_Dialect,39
tsõ,Chó -3,,,坐,,To sit.,,,,008_A_Chinese_and_English_Vocabulary_in_the_Tie-chiu_Dialect,39
tsõ,Chó -3,,,佐,,To assist; an assistant.,,,,008_A_Chinese_and_English_Vocabulary_in_the_Tie-chiu_Dialect,39
tsõ,Chó -3,,,助,,To assist; succor; assistance.,,,,008_A_Chinese_and_English_Vocabulary_in_the_Tie-chiu_Dialect,39
tsõng,Chong -3,,,從,,To follow; comply with.,,,,008_A_Chinese_and_English_Vocabulary_in_the_Tie-chiu_Dialect,40
tsõu,Cho -3,,,驟,,Swift; fleet; urgent; pressing.,,,,008_A_Chinese_and_English_Vocabulary_in_the_Tie-chiu_Dialect,38
tsù,Chu 3-,,,阼,,The steps or mat appropriated to the chief person in sacrifices.,,,,008_A_Chinese_and_English_Vocabulary_in_the_Tie-chiu_Dialect,42
tsù,Chu 3-,,,注,,To lead; fix; that to which the mind is directed; record.,,,,008_A_Chinese_and_English_Vocabulary_in_the_Tie-chiu_Dialect,42
tsù,Chu 3-,,,蛀,,An insect which destroys wood.,,,,008_A_Chinese_and_English_Vocabulary_in_the_Tie-chiu_Dialect,42
tsù,Chu 3-,,,註,,To define; explain; illustrate; a definition; commentary.,,,,008_A_Chinese_and_English_Vocabulary_in_the_Tie-chiu_Dialect,42
tsù,Chu 3-,,,足,,Outward appearance; abundance.,,,,008_A_Chinese_and_English_Vocabulary_in_the_Tie-chiu_Dialect,42
tsù,Chu 3-,,,鑄,,To melt metals; to coin; to cast.,,,,008_A_Chinese_and_English_Vocabulary_in_the_Tie-chiu_Dialect,42
tsù,Chu 3-,,,蠧,,An insect that breeds in wood and books; a moth.,,,,008_A_Chinese_and_English_Vocabulary_in_the_Tie-chiu_Dialect,42
tsùaⁿ,Chⁿua 3-,,,賤,,Mean; low; cheap.,,,,008_A_Chinese_and_English_Vocabulary_in_the_Tie-chiu_Dialect,44
tsùe,Chue 3-,,,最,,Important in the highest degree; superlative.,,,,008_A_Chinese_and_English_Vocabulary_in_the_Tie-chiu_Dialect,45
tsùi,Chui 3-,,,醉,,Intoxicated; stupified; highly fascinated.,,,,008_A_Chinese_and_English_Vocabulary_in_the_Tie-chiu_Dialect,46
tsùn,Chun 3-,,,撙,,To adjust; direct; put in order; restrain.,,,,008_A_Chinese_and_English_Vocabulary_in_the_Tie-chiu_Dialect,46
tsùn,Chun 3-,,,俊,,Superior talent; a high degree of excellence.,,,,008_A_Chinese_and_English_Vocabulary_in_the_Tie-chiu_Dialect,46
tsùn,Chun 3-,,,峻,,Illustrious; high; dangerous.,,,,008_A_Chinese_and_English_Vocabulary_in_the_Tie-chiu_Dialect,46
tsùn,Chun 3-,,,梭,,Name of a wood.,,,,008_A_Chinese_and_English_Vocabulary_in_the_Tie-chiu_Dialect,46
tsùn,Chun 3-,,,浚,,Deep water; profound.,,,,008_A_Chinese_and_English_Vocabulary_in_the_Tie-chiu_Dialect,46
tsùn,Chun 3-,,,畯,,A husbandman; an officer who presides over land.,,,,008_A_Chinese_and_English_Vocabulary_in_the_Tie-chiu_Dialect,46
tsùn,Chun 3-,,,竣,,To complete one's work; to finish; retire and stand still.,,,,008_A_Chinese_and_English_Vocabulary_in_the_Tie-chiu_Dialect,46
tsùn,Chun 3-,,,餕,,Hot food; the remains of food.,,,,008_A_Chinese_and_English_Vocabulary_in_the_Tie-chiu_Dialect,46
tsùn,Chun 3-,,,駿,,A fine horse; dignified; illustrious; elegant.,,,,008_A_Chinese_and_English_Vocabulary_in_the_Tie-chiu_Dialect,46
tsùn,Chun 3-,,,雋,,Beautiful; fine; good; fat.,,,,008_A_Chinese_and_English_Vocabulary_in_the_Tie-chiu_Dialect,46
tsùn,Chun 3-,,,鐫,,To carve; engrave; cut letter or words.,,,,008_A_Chinese_and_English_Vocabulary_in_the_Tie-chiu_Dialect,46
tsú,Chu 2,,,主,,A lord; master; to rule.,,,,008_A_Chinese_and_English_Vocabulary_in_the_Tie-chiu_Dialect,41
tsúa,Chua 2,,,紙,,Paper.,,,,008_A_Chinese_and_English_Vocabulary_in_the_Tie-chiu_Dialect,43
tsúaⁿ,Chⁿua 2,,,盞,,"A small cup for wine, oil &c.",,,,008_A_Chinese_and_English_Vocabulary_in_the_Tie-chiu_Dialect,44
tsúi,Chui 2,,,水,,Water; tide.,,,,008_A_Chinese_and_English_Vocabulary_in_the_Tie-chiu_Dialect,45
tsúi,Chui 2,,,崇,,Calamities; ill omens.,,,,008_A_Chinese_and_English_Vocabulary_in_the_Tie-chiu_Dialect,45
tsún,Chun 2,,,准,,To approve; grant; allow; to decide.,,,,008_A_Chinese_and_English_Vocabulary_in_the_Tie-chiu_Dialect,46
tsún,Chun 2,,,凖,,To equalise; adjust; weight; measure.,,,,008_A_Chinese_and_English_Vocabulary_in_the_Tie-chiu_Dialect,46
tsûaⁿ,Chⁿua -1,,,泉,,A fountain or spring of water; source; origin.,,,,008_A_Chinese_and_English_Vocabulary_in_the_Tie-chiu_Dialect,44
tsûn,Chun -1,,,船,,A ship; junk; boat; to follow the stream.,,,,008_A_Chinese_and_English_Vocabulary_in_the_Tie-chiu_Dialect,46
tsō,Chó 3,,,座,,A seat; a throne.,,,,008_A_Chinese_and_English_Vocabulary_in_the_Tie-chiu_Dialect,39
tsũ,Chu -3,,,住,,To stop; to dwell; halt.,,,,008_A_Chinese_and_English_Vocabulary_in_the_Tie-chiu_Dialect,41
tsũ,Chu -3,,,炷,,The light or wick of a lamp.,,,,008_A_Chinese_and_English_Vocabulary_in_the_Tie-chiu_Dialect,41
tsũ,Chu -3,,,駐,,To stop and rest; a temporary residence.,,,,008_A_Chinese_and_English_Vocabulary_in_the_Tie-chiu_Dialect,41
tsũ,Chu -3,,,聚,,To assemble; to collect; to dwell; a crowd.,,,,008_A_Chinese_and_English_Vocabulary_in_the_Tie-chiu_Dialect,41
tsũ,Chu -3,,,祚,,Wealth; happiness; divine blessings; posterity.,,,,008_A_Chinese_and_English_Vocabulary_in_the_Tie-chiu_Dialect,41
tsũ,Chu -3,,,胙,,To offer flesh in sacrifice; offerings; to reward; blessings.,,,,008_A_Chinese_and_English_Vocabulary_in_the_Tie-chiu_Dialect,41
tsũ,Chu -3,,,蚱,,Name of an insect and of a fish.,,,,008_A_Chinese_and_English_Vocabulary_in_the_Tie-chiu_Dialect,41
tsũ,Chu -3,,,酢,,To return the pledge in drinking wine; to repay.,,,,008_A_Chinese_and_English_Vocabulary_in_the_Tie-chiu_Dialect,42
tsũe,Chue -3,,,罪,,Crime; sin; to criminate.,,,,008_A_Chinese_and_English_Vocabulary_in_the_Tie-chiu_Dialect,45
tsũe,Chue -3,,,贅,,To give a pledge; addition; repetition; tautology.,,,,008_A_Chinese_and_English_Vocabulary_in_the_Tie-chiu_Dialect,45
tsũe,Chue -3,,,嘬,,To eat with greediness; many eating all at once.,,,,008_A_Chinese_and_English_Vocabulary_in_the_Tie-chiu_Dialect,45
tsũi,Chui -3,,,悴,,Grief visible in the countenance;,,,,008_A_Chinese_and_English_Vocabulary_in_the_Tie-chiu_Dialect,45
tsũi,Chui -3,,,猝,,Abrupt; fierce; impetuous.,,,,008_A_Chinese_and_English_Vocabulary_in_the_Tie-chiu_Dialect,45
tsũi,Chui -3,,,瘁,,Labor; toil; pain; disease.,,,,008_A_Chinese_and_English_Vocabulary_in_the_Tie-chiu_Dialect,45
tsũi,Chui -3,,,萃,,"To collect; a rustling sound, as of leaves.",,,,008_A_Chinese_and_English_Vocabulary_in_the_Tie-chiu_Dialect,45
tsũi,Chui -3,,,誶,,To vilify; rail at; reprove; accuse: to interrogate.,,,,008_A_Chinese_and_English_Vocabulary_in_the_Tie-chiu_Dialect,46
tsǹg,Chᵘng 3-,,,狀,,To declare; accuse; a letter; petition.,,,,008_A_Chinese_and_English_Vocabulary_in_the_Tie-chiu_Dialect,47
tsǹg,Chᵘng 3-,,,鑽,,To bore into; search out; an instrument to bore with.,,,,008_A_Chinese_and_English_Vocabulary_in_the_Tie-chiu_Dialect,47
tsǹg,Chᵘng 3-,,,葬,,To inter the dead; bury.,,,,008_A_Chinese_and_English_Vocabulary_in_the_Tie-chiu_Dialect,47
tsṳ,Chù 1,,,薯,,The potato genus.,,,,008_A_Chinese_and_English_Vocabulary_in_the_Tie-chiu_Dialect,42
tsṳ,Chù 1,,,書,,To write; a book or letter.,,,,008_A_Chinese_and_English_Vocabulary_in_the_Tie-chiu_Dialect,42
tsṳ,Chù 1,,,咨,,To deliberate; consult; public documents; to sight; lament.,,,,008_A_Chinese_and_English_Vocabulary_in_the_Tie-chiu_Dialect,42
tsṳ,Chù 1,,,姿,,Flattering; elegant; gait manner.,,,,008_A_Chinese_and_English_Vocabulary_in_the_Tie-chiu_Dialect,42
tsṳ,Chù 1,,,粢,,Grain; a cake.,,,,008_A_Chinese_and_English_Vocabulary_in_the_Tie-chiu_Dialect,42
tsṳ,Chù 1,,,資,,Goods; things necessary for one's own use.,,,,008_A_Chinese_and_English_Vocabulary_in_the_Tie-chiu_Dialect,42
tsṳ,Chù 1,,,諮,,To plan; scheme; to ask questions.,,,,008_A_Chinese_and_English_Vocabulary_in_the_Tie-chiu_Dialect,42
tsṳ,Chù 1,,,趦,,To walk with difficulty; to make little progress.,,,,008_A_Chinese_and_English_Vocabulary_in_the_Tie-chiu_Dialect,42
tsṳ,Chù 1,,,玆,,This; here now.,,,,008_A_Chinese_and_English_Vocabulary_in_the_Tie-chiu_Dialect,42
tsṳ,Chù 1,,,孳,,To bear or produce; ardent affection for; diligence.,,,,008_A_Chinese_and_English_Vocabulary_in_the_Tie-chiu_Dialect,42
tsṳ,Chù 1,,,鶿,,Name of a water bird.,,,,008_A_Chinese_and_English_Vocabulary_in_the_Tie-chiu_Dialect,42
tsṳ,Chù 1,,,緇,,Dark colored silk.,,,,008_A_Chinese_and_English_Vocabulary_in_the_Tie-chiu_Dialect,43
tsṳ,Chù 1,,,錙,,Name of an ancient coin equal to eight Chinese ounces.,,,,008_A_Chinese_and_English_Vocabulary_in_the_Tie-chiu_Dialect,43
tsṳ,Chù 1,,,貲,,Wealth; property; money; a fine; to redeem with money.,,,,008_A_Chinese_and_English_Vocabulary_in_the_Tie-chiu_Dialect,43
tsṳ,Chù 1,,,之,,Sign of the possessive case; of; him; it; them; to go.,,,,008_A_Chinese_and_English_Vocabulary_in_the_Tie-chiu_Dialect,43
tsṳ,Chù 1,,,芝,,The budding forth of plants; a plant said to be incorruptible used as an emblem of happiness.,,,,008_A_Chinese_and_English_Vocabulary_in_the_Tie-chiu_Dialect,43
tsṳ,Chù 1,,,孜,,Sincere attachment to; diligent.,,,,008_A_Chinese_and_English_Vocabulary_in_the_Tie-chiu_Dialect,43
tsṳ,Chù 1,,,𧞓,,To sew garments; to seam.,,,,008_A_Chinese_and_English_Vocabulary_in_the_Tie-chiu_Dialect,43
tsṳ̀,Chù 3-,,,洎,,Soup; a thick substance used in sacrifices.,,,,008_A_Chinese_and_English_Vocabulary_in_the_Tie-chiu_Dialect,43
tsṳ̀,Chù 3-,,,滋,,To increase; overflow; rich; to enrich; confused.,,,,008_A_Chinese_and_English_Vocabulary_in_the_Tie-chiu_Dialect,43
tsṳ̀,Chù 3-,,,恣,,Intrigue; levity; lewdness; profligate.,,,,008_A_Chinese_and_English_Vocabulary_in_the_Tie-chiu_Dialect,43
tsṳ̀,Chù 3-,,,胾,,A preparation of meat cut and minced.,,,,008_A_Chinese_and_English_Vocabulary_in_the_Tie-chiu_Dialect,43
tsṳ́,Chù 2,,,子,,A child; son; sages; an honorable appellation; a diminutive.,,,,008_A_Chinese_and_English_Vocabulary_in_the_Tie-chiu_Dialect,43
tsṳ́,Chù 2,,,仔,,To sustain or attend to the duties devolving on one.,,,,008_A_Chinese_and_English_Vocabulary_in_the_Tie-chiu_Dialect,43
tsṳ́,Chù 2,,,耔,,To weed; pluck out weeds.,,,,008_A_Chinese_and_English_Vocabulary_in_the_Tie-chiu_Dialect,43
tsṳ́,Chù 2,,,煮,,To boil; cook.,,,,008_A_Chinese_and_English_Vocabulary_in_the_Tie-chiu_Dialect,43
tsṳ́,Chù 2,,,梓,,Name of a valuable wood; to cut characters in wood.,,,,008_A_Chinese_and_English_Vocabulary_in_the_Tie-chiu_Dialect,43
tsṳ̃,Chù -3,,,自,,From; self; one's self; of itself; naturally; of course.,,,,008_A_Chinese_and_English_Vocabulary_in_the_Tie-chiu_Dialect,43
tu,Tu 1,,,侏,,A pigmy; low stature; small pillars.,,,,008_A_Chinese_and_English_Vocabulary_in_the_Tie-chiu_Dialect,182
tu,Tu 1,,,蛛,,A spider.,,,,008_A_Chinese_and_English_Vocabulary_in_the_Tie-chiu_Dialect,182
tu,Tu 1,,,誅,,To make inquisition; punish; destroy; exterminate.,,,,008_A_Chinese_and_English_Vocabulary_in_the_Tie-chiu_Dialect,182
tu,Tú 1,,,猪,,A swine; a pig.,,,,008_A_Chinese_and_English_Vocabulary_in_the_Tie-chiu_Dialect,182
tuan,Tuan 1,,,端,,"Straight, upright; decorous; commencement; first cause.",,,,008_A_Chinese_and_English_Vocabulary_in_the_Tie-chiu_Dialect,183
tui,Tui 1,,,追,,To escort; follow after; pursue; prosecute.,,,,008_A_Chinese_and_English_Vocabulary_in_the_Tie-chiu_Dialect,183
tun,Tun 1,,,鈍,,Blunt; dull; stupid.,,,,008_A_Chinese_and_English_Vocabulary_in_the_Tie-chiu_Dialect,184
tun,Tun 1,,,敦,,Angry; large; affluent; substantial; to urge; to rouse.,,,,008_A_Chinese_and_English_Vocabulary_in_the_Tie-chiu_Dialect,184
tun,Tun 1,,,淳,,Clear; pure; unmixed; to wash or cleanse; great.,,,,008_A_Chinese_and_English_Vocabulary_in_the_Tie-chiu_Dialect,184
tun,Tun 1,,,諄,,To state fully and impressively; to inculcate; instruct clearly.,,,,008_A_Chinese_and_English_Vocabulary_in_the_Tie-chiu_Dialect,184
tun,Tun 1,,,醇,,Generous wine; seminal matter; essence; respectful.,,,,008_A_Chinese_and_English_Vocabulary_in_the_Tie-chiu_Dialect,184
tun,Tun 1,,,噋,,Mere talk; repetition; a dull sound of a carriage.,,,,008_A_Chinese_and_English_Vocabulary_in_the_Tie-chiu_Dialect,184
tun,Tun 1,,,堆,,A pile; heap of earth; a multitude; to heap up.,,,,008_A_Chinese_and_English_Vocabulary_in_the_Tie-chiu_Dialect,184
tun,Tun 1,,,墪,,A hillock in a level place.,,,,008_A_Chinese_and_English_Vocabulary_in_the_Tie-chiu_Dialect,184
tun,Tun 1,,,墩,,A hillock in a level place.,,,,008_A_Chinese_and_English_Vocabulary_in_the_Tie-chiu_Dialect,184
tun,Tun 1,,,燉,,A great flame; to steam; to place anything in steam.,,,,008_A_Chinese_and_English_Vocabulary_in_the_Tie-chiu_Dialect,184
tun,Tun 1,,,鐓,,The lower end of a spear-handle; low; to beat down; a beater.,,,,008_A_Chinese_and_English_Vocabulary_in_the_Tie-chiu_Dialect,184
tut,Tut 4,,,脫,,To fall off; to put off; to escape from; to get out.,,,,008_A_Chinese_and_English_Vocabulary_in_the_Tie-chiu_Dialect,185
tut,Tut 4,,,黜,,To blame; degrade; put out of office; exterminate.,,,,008_A_Chinese_and_English_Vocabulary_in_the_Tie-chiu_Dialect,185
tuàn,Tuan 3-,,,斷,,A decision; judgement.,,,,008_A_Chinese_and_English_Vocabulary_in_the_Tie-chiu_Dialect,183
tuàn,Tuan 3-,,,煆,,To fuse metals; to hammer; to work; to mature.,,,,008_A_Chinese_and_English_Vocabulary_in_the_Tie-chiu_Dialect,183
tuàn,Tuan 3-,,,鍜,,To fuse metals; to hammer; to work; to mature.,,,,008_A_Chinese_and_English_Vocabulary_in_the_Tie-chiu_Dialect,183
tuãn,Tuan -3,,,彖,,A pig; porcupine; symbols used in divination.,,,,008_A_Chinese_and_English_Vocabulary_in_the_Tie-chiu_Dialect,183
tuãn,Tuan -3,,,篆,,The ancient or seal character of writing.,,,,008_A_Chinese_and_English_Vocabulary_in_the_Tie-chiu_Dialect,183
tuãn,Tuan -3,,,斷,,To decide; determine; certainly; positively; to break off.,,,,008_A_Chinese_and_English_Vocabulary_in_the_Tie-chiu_Dialect,183
tu̍t,Tut -4,,,突,,Abrupt; suddenly; to offend.,,,,008_A_Chinese_and_English_Vocabulary_in_the_Tie-chiu_Dialect,185
tu̍t,Tut -4,,,怵,,Fear; reverence.,,,,008_A_Chinese_and_English_Vocabulary_in_the_Tie-chiu_Dialect,185
tu̍t,Tut -4,,,訹,,To entice; lead astray; seduce.,,,,008_A_Chinese_and_English_Vocabulary_in_the_Tie-chiu_Dialect,185
tài,Tai 3-,,,岱,,Name of a high mountain in China.,,,,008_A_Chinese_and_English_Vocabulary_in_the_Tie-chiu_Dialect,165
tài,Tai 3-,,,㭖,,A mallet or beater for beating silk.,,,,008_A_Chinese_and_English_Vocabulary_in_the_Tie-chiu_Dialect,165
tài,Tai 3-,,,貸,,To confer upon; lend; lend on interest.,,,,008_A_Chinese_and_English_Vocabulary_in_the_Tie-chiu_Dialect,165
tài,Tai 3-,,,黛,,Name of a medicine; to paint the eyebrows.,,,,008_A_Chinese_and_English_Vocabulary_in_the_Tie-chiu_Dialect,165
tài,Tai 3-,,,戴,,To put one thing on another; wear or carry on the head; to sustain; to meet.,,,,008_A_Chinese_and_English_Vocabulary_in_the_Tie-chiu_Dialect,165
tài,Tai 3-,,,靆,,Cloudy; dull; obscure.,,,,008_A_Chinese_and_English_Vocabulary_in_the_Tie-chiu_Dialect,165
tàn,Tán 3-,,,旦,,Morning; clear; bright.,,,,008_A_Chinese_and_English_Vocabulary_in_the_Tie-chiu_Dialect,167
tàng,Táng 3-,,,當,,Firm; unwavering; a pledge; pawn.,,,,008_A_Chinese_and_English_Vocabulary_in_the_Tie-chiu_Dialect,167
tàu,Tau 3-,,,到,,To arrive at; extend to; go or come to; everywhere; entire; complete.,,,,008_A_Chinese_and_English_Vocabulary_in_the_Tie-chiu_Dialect,169
tàⁿ,Tⁿá 3-,,,担,,A burden; picul; to strike; brush away; to lift; carry.,,,,008_A_Chinese_and_English_Vocabulary_in_the_Tie-chiu_Dialect,165
tái,Tai 2,,,歹,,Perverse; evil; bad.,,,,008_A_Chinese_and_English_Vocabulary_in_the_Tie-chiu_Dialect,165
tái,Tai 2,,,隶,,To approach from behind; to extend unto.,,,,008_A_Chinese_and_English_Vocabulary_in_the_Tie-chiu_Dialect,165
tám,Tám 2,,,菼,,Young sprouts or rushes; green color.,,,,008_A_Chinese_and_English_Vocabulary_in_the_Tie-chiu_Dialect,166
táng,Táng 2,,,洞,,A ravine; den; cavern; deep; to pass through.,,,,008_A_Chinese_and_English_Vocabulary_in_the_Tie-chiu_Dialect,167
táng,Táng 2,,,董,,To rule; to correct; firm; recondite; a kind of root.,,,,008_A_Chinese_and_English_Vocabulary_in_the_Tie-chiu_Dialect,167
táng,Táng 2,,,黨,,Associates; a clan or party leagued together; a village of 500 families.,,,,008_A_Chinese_and_English_Vocabulary_in_the_Tie-chiu_Dialect,167
táng,Táng 2,,,攩,,A group or gang of persons; to strike; impede; screen.,,,,008_A_Chinese_and_English_Vocabulary_in_the_Tie-chiu_Dialect,167
táu,Tau 2,,,斗,,A certain measure containing 12 catties.,,,,008_A_Chinese_and_English_Vocabulary_in_the_Tie-chiu_Dialect,168
táu,Tau 2,,,抖,,To shake up; rouse; excite; shake off.,,,,008_A_Chinese_and_English_Vocabulary_in_the_Tie-chiu_Dialect,168
táu,Tau 2,,,找,,To supply what is deficient; to seek for; to exchange money; a pole to propel a boat.,,,,008_A_Chinese_and_English_Vocabulary_in_the_Tie-chiu_Dialect,168
táu,Tau 2,,,島,,An island; a rock in the ocean.,,,,008_A_Chinese_and_English_Vocabulary_in_the_Tie-chiu_Dialect,168
táu,Tau 2,,,搗,,To beat with the hand; to pound down or together.,,,,008_A_Chinese_and_English_Vocabulary_in_the_Tie-chiu_Dialect,168
táu,Tau 2,,,擣,,To beat with the hand; to pound down or together.,,,,008_A_Chinese_and_English_Vocabulary_in_the_Tie-chiu_Dialect,168
táu,Tau 2,,,禱,,To pray; entreat; supplicate of the gods.,,,,008_A_Chinese_and_English_Vocabulary_in_the_Tie-chiu_Dialect,168
táⁿ,Tⁿá 2,,,胆,,Gall; bile; courage; daring; fleshy; fat.,,,,008_A_Chinese_and_English_Vocabulary_in_the_Tie-chiu_Dialect,165
tâng,Táng -1,,,仝,,Together; united; the same; agreeing; similar; like.,,,,008_A_Chinese_and_English_Vocabulary_in_the_Tie-chiu_Dialect,167
tâng,Táng -1,,,同,,Together; united; the same; agreeing; similar; like.,,,,008_A_Chinese_and_English_Vocabulary_in_the_Tie-chiu_Dialect,167
tâng,Táng -1,,,筒,,A tube open at both ends; a trumpet; a pipe; a reed.,,,,008_A_Chinese_and_English_Vocabulary_in_the_Tie-chiu_Dialect,167
tâng,Táng -1,,,筩,,A tube; a pipe.,,,,008_A_Chinese_and_English_Vocabulary_in_the_Tie-chiu_Dialect,167
tâng,Táng -1,,,銅,,Copper or brass.,,,,008_A_Chinese_and_English_Vocabulary_in_the_Tie-chiu_Dialect,167
tâu,Tau -1,,,投,,To throw or cast; to give one's self up to; to dip in water; to confer upon; to suit.,,,,008_A_Chinese_and_English_Vocabulary_in_the_Tie-chiu_Dialect,168
tâu,Tau -1,,,骰,,A dice-box; also used for the thigh.,,,,008_A_Chinese_and_English_Vocabulary_in_the_Tie-chiu_Dialect,168
tãi,Tai -3,,,大,,Large; great; extensive; to enlarge.,,,,008_A_Chinese_and_English_Vocabulary_in_the_Tie-chiu_Dialect,165
tãi,Tai -3,,,怠,,Supercilious; inattentive to; careless; negative rudeness.,,,,008_A_Chinese_and_English_Vocabulary_in_the_Tie-chiu_Dialect,165
tãi,Tai -3,,,殆,,To begin; approach; to be near; dangerous; careless.,,,,008_A_Chinese_and_English_Vocabulary_in_the_Tie-chiu_Dialect,165
tãi,Tai -3,,,迨,,To pursue after and overtake; to extend to; adequate to; until.,,,,008_A_Chinese_and_English_Vocabulary_in_the_Tie-chiu_Dialect,165
tãi,Tai -3,,,逮,,To pursue after and overtake; to extend to; adequate to; until.,,,,008_A_Chinese_and_English_Vocabulary_in_the_Tie-chiu_Dialect,165
tãm,Tám -3,,,啖,,To taste; eat; swallow; entice with a bait; insipid.,,,,008_A_Chinese_and_English_Vocabulary_in_the_Tie-chiu_Dialect,166
tãn,Tán -3,,,憚,,Distress; afraid; worn out with fatigue; idle.,,,,008_A_Chinese_and_English_Vocabulary_in_the_Tie-chiu_Dialect,166
tãn,Tán -3,,,誕,,Fables; nonsense; to deceive; extensive; a birth-day.,,,,008_A_Chinese_and_English_Vocabulary_in_the_Tie-chiu_Dialect,166
tãn,Tán -3,,,但,,Only; but; especially; as soon as.,,,,008_A_Chinese_and_English_Vocabulary_in_the_Tie-chiu_Dialect,167
tãng,Táng -3,,,重,,Heavy; important; grave; respectable; heinous; to honor.,,,,008_A_Chinese_and_English_Vocabulary_in_the_Tie-chiu_Dialect,167
tãng,Táng -3,,,蛋,,The egg of a bird; name of certain barbarous tribes.,,,,008_A_Chinese_and_English_Vocabulary_in_the_Tie-chiu_Dialect,167
tãng,Táng -3,,,盪,,A vessel to bathe in; a tub; great; agitated.,,,,008_A_Chinese_and_English_Vocabulary_in_the_Tie-chiu_Dialect,167
tãng,Táng -3,,,蕩,,Large; wide; extensive; unsettled; dissipated; remiss.,,,,008_A_Chinese_and_English_Vocabulary_in_the_Tie-chiu_Dialect,167
tãu,Tau -3,,,道,,A way; path; a principle; good principles; nature of things; reason.,,,,008_A_Chinese_and_English_Vocabulary_in_the_Tie-chiu_Dialect,168
tãu,Tau -3,,,導,,To point out the way; lend; direct; teach; rectify.,,,,008_A_Chinese_and_English_Vocabulary_in_the_Tie-chiu_Dialect,168
tãu,Tau -3,,,盜,,To steal; rob; plunder; robbers.,,,,008_A_Chinese_and_English_Vocabulary_in_the_Tie-chiu_Dialect,168
tãu,Tau -3,,,蹈,,To tread under feet; tread in the footsteps of; to agitate.,,,,008_A_Chinese_and_English_Vocabulary_in_the_Tie-chiu_Dialect,169
tãⁿ,Tⁿá -3,,,淡,,Insipid; thin; light; volatile; unstable.,,,,008_A_Chinese_and_English_Vocabulary_in_the_Tie-chiu_Dialect,165
tãⁿ,Tⁿá -3,,,擲,,To throw; throw away.,,,,008_A_Chinese_and_English_Vocabulary_in_the_Tie-chiu_Dialect,165
tèng,Teng 3-,,,釘,,To nail; to pin; fasten; to make nails.,,,,008_A_Chinese_and_English_Vocabulary_in_the_Tie-chiu_Dialect,171
tèng,Teng 3-,,,凳,,A seat; bench; stool; couch.,,,,008_A_Chinese_and_English_Vocabulary_in_the_Tie-chiu_Dialect,171
tèng,Teng 3-,,,磴,,Lofty; precipitous; a stone bridge.,,,,008_A_Chinese_and_English_Vocabulary_in_the_Tie-chiu_Dialect,171
tèng,Teng 3-,,,躑,,Embarrassed; irresolute; going neither one way nor the other.,,,,008_A_Chinese_and_English_Vocabulary_in_the_Tie-chiu_Dialect,171
téng,Teng 2,,,頂,,"The summit, vertex or top; the knob worn on the top of the head to distinguish rank.",,,,008_A_Chinese_and_English_Vocabulary_in_the_Tie-chiu_Dialect,171
téng,Teng 2,,,等,,Rank; class; series; forms the plural; to wait.,,,,008_A_Chinese_and_English_Vocabulary_in_the_Tie-chiu_Dialect,171
tê,Te -1,,,茶,,Tea; tea leaf.,,,,008_A_Chinese_and_English_Vocabulary_in_the_Tie-chiu_Dialect,169
têng,Teng -1,,,亭,,High; a shed by the wayside or in a garden; a watch-house; straight.,,,,008_A_Chinese_and_English_Vocabulary_in_the_Tie-chiu_Dialect,170
têng,Teng -1,,,重,,To repeat; a second time; again.,,,,008_A_Chinese_and_English_Vocabulary_in_the_Tie-chiu_Dialect,170
têⁿ,Tⁿe -1,,,撐,,To push with a pole; to pole a boat.,,,,008_A_Chinese_and_English_Vocabulary_in_the_Tie-chiu_Dialect,169
tì,Ti 3-,,,髢,,False hair; a false cue.,,,,008_A_Chinese_and_English_Vocabulary_in_the_Tie-chiu_Dialect,172
tì,Ti 3-,,,致,,To go or come to; carry to the utmost degree; to lead to; tend to; so that; minute.,,,,008_A_Chinese_and_English_Vocabulary_in_the_Tie-chiu_Dialect,172
tì,Ti 3-,,,置,,To appoint; establish; to place; put; to purchase.,,,,008_A_Chinese_and_English_Vocabulary_in_the_Tie-chiu_Dialect,172
tì,Ti 3-,,,智,,Wisdom; general information or science; wise.,,,,008_A_Chinese_and_English_Vocabulary_in_the_Tie-chiu_Dialect,172
tì,Ti 3-,,,帝,,A ruler; sovereign; emperor.,,,,008_A_Chinese_and_English_Vocabulary_in_the_Tie-chiu_Dialect,172
tìn,Tin 3-,,,鎭,,To press down; repress; keep in subjection; keep off any evil influence.,,,,008_A_Chinese_and_English_Vocabulary_in_the_Tie-chiu_Dialect,176
tí,Ti 2,,,底,,At the bottom or foot of; the bottom; low; only.,,,,008_A_Chinese_and_English_Vocabulary_in_the_Tie-chiu_Dialect,172
tí,Ti 2,,,抵,,To oppose or stop; to bear opposition; to strike; push away.,,,,008_A_Chinese_and_English_Vocabulary_in_the_Tie-chiu_Dialect,172
tí,Ti 2,,,柢,,The root of trees or plants.,,,,008_A_Chinese_and_English_Vocabulary_in_the_Tie-chiu_Dialect,172
tí,Ti 2,,,砥,,A grindstone or whet-stone; level; even.,,,,008_A_Chinese_and_English_Vocabulary_in_the_Tie-chiu_Dialect,172
tí,Ti 2,,,祗,,Only; but; as introducing a qualifying clause.,,,,008_A_Chinese_and_English_Vocabulary_in_the_Tie-chiu_Dialect,172
tí,Ti 2,,,詆,,To vilify; slander; accuse falsely.,,,,008_A_Chinese_and_English_Vocabulary_in_the_Tie-chiu_Dialect,172
tí,Ti 2,,,觝,,To push with the horns; to gore; to oppose.,,,,008_A_Chinese_and_English_Vocabulary_in_the_Tie-chiu_Dialect,172
tî,Ti -1,,,遞,,To. change; for; instead of; to transmit.,,,,008_A_Chinese_and_English_Vocabulary_in_the_Tie-chiu_Dialect,171
tî,Ti -1,,,池,,A pool; pond; receptacle for water.,,,,008_A_Chinese_and_English_Vocabulary_in_the_Tie-chiu_Dialect,171
tîn,Tin -1,,,塵,,Dust; sand; effluvia; traces of a person.,,,,008_A_Chinese_and_English_Vocabulary_in_the_Tie-chiu_Dialect,176
tîn,Tin -1,,,籐,,Rattan; vines; rushes; name of a medicine.,,,,008_A_Chinese_and_English_Vocabulary_in_the_Tie-chiu_Dialect,176
tîn,Tin -1,,,陳,,To state in order; spread out; arrange; tell.,,,,008_A_Chinese_and_English_Vocabulary_in_the_Tie-chiu_Dialect,176
tîⁿ,Tⁿi -1,,,縝,,Silk prepared but not woven; close; thick; black.,,,,008_A_Chinese_and_English_Vocabulary_in_the_Tie-chiu_Dialect,173
tñg,Tᵘng -3,,,斷,,To break off; intermit; cease.,,,,008_A_Chinese_and_English_Vocabulary_in_the_Tie-chiu_Dialect,184
tòng,Tong 3-,,,中,,To hit the centre; right; exact; correct; to succeed.,,,,008_A_Chinese_and_English_Vocabulary_in_the_Tie-chiu_Dialect,181
tòng,Tong 3-,,,凍,,Ice; cold as ice; cold.,,,,008_A_Chinese_and_English_Vocabulary_in_the_Tie-chiu_Dialect,181
tòng,Tong 3-,,,棟,,Name of a kind of tree; a cross-beam in a house.,,,,008_A_Chinese_and_English_Vocabulary_in_the_Tie-chiu_Dialect,181
tòng,Tong 3-,,,疼,,Pain; acute feeling; affection; extreme regard.,,,,008_A_Chinese_and_English_Vocabulary_in_the_Tie-chiu_Dialect,181
tòu,To 3-,,,竇,,A aperture; crevice; den; hole; aqueduct; channel.,,,,008_A_Chinese_and_English_Vocabulary_in_the_Tie-chiu_Dialect,178
tòu,To 3-,,,闘,,To wrangle; fight; contest.,,,,008_A_Chinese_and_English_Vocabulary_in_the_Tie-chiu_Dialect,178
tó,Tó 2,,,倒,,To fall; subvert; turn upside down; yet; after all; to pout out.,,,,008_A_Chinese_and_English_Vocabulary_in_the_Tie-chiu_Dialect,179
tó,Tó 2,,,朶,,Hanging pendent as fruit or flowers; to lead as a child.,,,,008_A_Chinese_and_English_Vocabulary_in_the_Tie-chiu_Dialect,179
tó,Tó 2,,,垜,,A target to shoot at; a side apartment or school-room.,,,,008_A_Chinese_and_English_Vocabulary_in_the_Tie-chiu_Dialect,179
tó,Tó 2,,,躱,,To hide; conceal; evade; the body.,,,,008_A_Chinese_and_English_Vocabulary_in_the_Tie-chiu_Dialect,179
tó,Tó 2,,,短,,Short; to shorten; to come short.,,,,008_A_Chinese_and_English_Vocabulary_in_the_Tie-chiu_Dialect,179
tói,Toi 2,,,底,,Low; the bottom of; mean; only.,,,,008_A_Chinese_and_English_Vocabulary_in_the_Tie-chiu_Dialect,180
tóng,Tong 2,,,忠,,Faithful; honest; upright; not selfish; fidelity.,,,,008_A_Chinese_and_English_Vocabulary_in_the_Tie-chiu_Dialect,181
tóu,To 2,,,賭,,To gamble; play; risk.,,,,008_A_Chinese_and_English_Vocabulary_in_the_Tie-chiu_Dialect,178
tóu,To 2,,,肚,,The belly; stomach; seat of the sentient principle.,,,,008_A_Chinese_and_English_Vocabulary_in_the_Tie-chiu_Dialect,178
tô,Tó -1,,,逃,,To run away; abscond.,,,,008_A_Chinese_and_English_Vocabulary_in_the_Tie-chiu_Dialect,179
tô,Tó -1,,,銚,,A sauce-pan; a hoe; pick-axe.,,,,008_A_Chinese_and_English_Vocabulary_in_the_Tie-chiu_Dialect,179
tôi,Toi -1,,,蹄,,The foot or hoof of a quadruped; to kick.,,,,008_A_Chinese_and_English_Vocabulary_in_the_Tie-chiu_Dialect,180
tôi,Toi -1,,,題,,The forehead; head; title of a book; a theme; to contribute; to praise.,,,,008_A_Chinese_and_English_Vocabulary_in_the_Tie-chiu_Dialect,180
tôu,To -1,,,圖,,To draw a map or picture; delineate; a map or delineation; to plan; to try; to contrive.,,,,008_A_Chinese_and_English_Vocabulary_in_the_Tie-chiu_Dialect,178
tôu,To -1,,,塗,,To plaster; to ornament; to daub; to blot out.,,,,008_A_Chinese_and_English_Vocabulary_in_the_Tie-chiu_Dialect,178
tôu,To -1,,,厨,,A quiver; a case for books; a cook-house.,,,,008_A_Chinese_and_English_Vocabulary_in_the_Tie-chiu_Dialect,178
tôu,To -1,,,蹰,,Entangled; embarrassed.,,,,008_A_Chinese_and_English_Vocabulary_in_the_Tie-chiu_Dialect,178
tôu,To -1,,,屠,,To butcher; kill; rend in pieces.,,,,008_A_Chinese_and_English_Vocabulary_in_the_Tie-chiu_Dialect,178
tõ,Tó -3,,,惰,,Disrespectful; remiss; lazy; lounging.,,,,008_A_Chinese_and_English_Vocabulary_in_the_Tie-chiu_Dialect,179
tõ,Tó -3,,,在,,To be in a place; to dwell; to be alive; to consist in.,,,,008_A_Chinese_and_English_Vocabulary_in_the_Tie-chiu_Dialect,179
tõi,Toi -3,,,第,,A degree; series; the ordinal of numbers; but; only.,,,,008_A_Chinese_and_English_Vocabulary_in_the_Tie-chiu_Dialect,180
tõi,Toi -3,,,苐,,Name of a plant.,,,,008_A_Chinese_and_English_Vocabulary_in_the_Tie-chiu_Dialect,180
tõiⁿ,Tⁿoi -3,,,佃,,To cultivate the ground; to plough; to catch animals.,,,,008_A_Chinese_and_English_Vocabulary_in_the_Tie-chiu_Dialect,180
tõng,Tong -3,,,仲,,The middle of three; younger; part of the name of Confucius.,,,,008_A_Chinese_and_English_Vocabulary_in_the_Tie-chiu_Dialect,181
tõng,Tong -3,,,動,,To move; shake; to excite; agitate; stir up.,,,,008_A_Chinese_and_English_Vocabulary_in_the_Tie-chiu_Dialect,181
tõng,Tong -3,,,慟,,The feelings moved to excess; extreme grief.,,,,008_A_Chinese_and_English_Vocabulary_in_the_Tie-chiu_Dialect,181
tõu,To -3,,,杜,,To stop or fill up; shoot out; bark of which cords are made; name of a tree.,,,,008_A_Chinese_and_English_Vocabulary_in_the_Tie-chiu_Dialect,178
tõu,To -3,,,豆,,A vessel used in sacrifice; a certain measure.,,,,008_A_Chinese_and_English_Vocabulary_in_the_Tie-chiu_Dialect,178
tù,Tu 3-,,,著,,To manifest; make conspicuous; publish; to supply.,,,,008_A_Chinese_and_English_Vocabulary_in_the_Tie-chiu_Dialect,182
tùi,Tui 3-,,,對,,To answer; respond; to correspond to; to pair; a pair.,,,,008_A_Chinese_and_English_Vocabulary_in_the_Tie-chiu_Dialect,183
tùi,Tui 3-,,,碓,,A pestle; to pound.,,,,008_A_Chinese_and_English_Vocabulary_in_the_Tie-chiu_Dialect,183
tú,Tu 2,,,堵,,A low wall; to fend off; to shut; settled; tranquil.,,,,008_A_Chinese_and_English_Vocabulary_in_the_Tie-chiu_Dialect,182
tú,Tu 2,,,暏,,The morning light.,,,,008_A_Chinese_and_English_Vocabulary_in_the_Tie-chiu_Dialect,182
tú,Tu 2,,,楮,,Name of a tree of the bark of which cloth and paper are made.,,,,008_A_Chinese_and_English_Vocabulary_in_the_Tie-chiu_Dialect,182
tú,Tu 2,,,渚,,A small island.,,,,008_A_Chinese_and_English_Vocabulary_in_the_Tie-chiu_Dialect,182
tú,Tu 2,,,睹,,To look; observe; see.,,,,008_A_Chinese_and_English_Vocabulary_in_the_Tie-chiu_Dialect,182
tú,Tu 2,,,覩,,To look; observe; see.,,,,008_A_Chinese_and_English_Vocabulary_in_the_Tie-chiu_Dialect,182
tú,Tu 2,,,闍,,A battlement over a city gate; a tower for observation.,,,,008_A_Chinese_and_English_Vocabulary_in_the_Tie-chiu_Dialect,182
tún,Tun 2,,,盾,,A kind of shield.,,,,008_A_Chinese_and_English_Vocabulary_in_the_Tie-chiu_Dialect,184
tún,Tun 2,,,楯,,A large railing round an orchard; a shield; name of a wood.,,,,008_A_Chinese_and_English_Vocabulary_in_the_Tie-chiu_Dialect,184
tû,Tú -1,,,除,,To exclude; subtract; put away; remove evil; besides.,,,,008_A_Chinese_and_English_Vocabulary_in_the_Tie-chiu_Dialect,182
tûi,Tui -1,,,搥,,"To throw; to strike, as a drum or bell.",,,,008_A_Chinese_and_English_Vocabulary_in_the_Tie-chiu_Dialect,183
tûn,Tun -1,,,唇,,"The lips, mouth.",,,,008_A_Chinese_and_English_Vocabulary_in_the_Tie-chiu_Dialect,183
tāu,Tau 3,,,稻,,Grain planted in water; paddy.,,,,008_A_Chinese_and_English_Vocabulary_in_the_Tie-chiu_Dialect,169
tāu,Tau 3,,,豆,,"A generic name for pulse, peas, beans &c.",,,,008_A_Chinese_and_English_Vocabulary_in_the_Tie-chiu_Dialect,169
tāu,Tau 3,,,荳,,"A generic name for pulse, peas, beans &c.",,,,008_A_Chinese_and_English_Vocabulary_in_the_Tie-chiu_Dialect,169
tāu,Tau 3,,,痘,,The small pox; pustules.,,,,008_A_Chinese_and_English_Vocabulary_in_the_Tie-chiu_Dialect,169
tĩ,Ti -3,,,弟,,A younger brother; degrees; successive steps.,,,,008_A_Chinese_and_English_Vocabulary_in_the_Tie-chiu_Dialect,172
tĩ,Ti -3,,,娣,,A younger sister; a younger brother's wife.,,,,008_A_Chinese_and_English_Vocabulary_in_the_Tie-chiu_Dialect,172
tĩ,Ti -3,,,悌,,Dutiful conduct from a younger towards an older brother.,,,,008_A_Chinese_and_English_Vocabulary_in_the_Tie-chiu_Dialect,172
tĩ,Ti -3,,,彘,,Swine; pigs; a sow.,,,,008_A_Chinese_and_English_Vocabulary_in_the_Tie-chiu_Dialect,172
tĩ,Ti -3,,,棣,,Name of a wood; reiterated; accustomed to; skilled in.,,,,008_A_Chinese_and_English_Vocabulary_in_the_Tie-chiu_Dialect,172
tĩ,Ti -3,,,隷,,To be attached to; attendants; under officers.,,,,008_A_Chinese_and_English_Vocabulary_in_the_Tie-chiu_Dialect,172
tĩ,Ti -3,,,枤,,Name of a wood or shrub.,,,,008_A_Chinese_and_English_Vocabulary_in_the_Tie-chiu_Dialect,172
tĩ,Ti -3,,,雉,,The fowl species; the pheasant.,,,,008_A_Chinese_and_English_Vocabulary_in_the_Tie-chiu_Dialect,172
tĩ,Ti -3,,,稚,,Young; small; late.,,,,008_A_Chinese_and_English_Vocabulary_in_the_Tie-chiu_Dialect,172
tĩ,Ti -3,,,薙,,To eradicate or burn grass and wild herbs.,,,,008_A_Chinese_and_English_Vocabulary_in_the_Tie-chiu_Dialect,172
tī,Ti 3,,,地,,The earth; a place; the ground; seat of.,,,,008_A_Chinese_and_English_Vocabulary_in_the_Tie-chiu_Dialect,172
tīn,Tin 3,,,陣,,An army; a file; company; ranks; to arrange; tell.,,,,008_A_Chinese_and_English_Vocabulary_in_the_Tie-chiu_Dialect,176
tō,Tó 3,,,代,,An age; generation.,,,,008_A_Chinese_and_English_Vocabulary_in_the_Tie-chiu_Dialect,179
tō,Tó 3,,,帒,,A bag; sash; purse; packet.,,,,008_A_Chinese_and_English_Vocabulary_in_the_Tie-chiu_Dialect,180
tō,Tó 3,,,袋,,A bag; sash; purse; packet.,,,,008_A_Chinese_and_English_Vocabulary_in_the_Tie-chiu_Dialect,180
tōiⁿ,Tⁿoi 3,,,殿,,A mansion; temple; hall; court.,,,,008_A_Chinese_and_English_Vocabulary_in_the_Tie-chiu_Dialect,180
tōiⁿ,Tⁿoi 3,,,靛,,A blue dye; to color blue.,,,,008_A_Chinese_and_English_Vocabulary_in_the_Tie-chiu_Dialect,180
tōiⁿ,Tⁿoi 3,,,有,,Solid; real; substantial; having a kernel.,,,,008_A_Chinese_and_English_Vocabulary_in_the_Tie-chiu_Dialect,180
tōu,To 3,,,度,,A law; rule; measure; limit; a degree; to measure; to think.,,,,008_A_Chinese_and_English_Vocabulary_in_the_Tie-chiu_Dialect,178
tōu,To 3,,,渡,,To pass through or over; to ford a stream.,,,,008_A_Chinese_and_English_Vocabulary_in_the_Tie-chiu_Dialect,178
tōu,To 3,,,鍍,,To wash or plate with silver or gold.,,,,008_A_Chinese_and_English_Vocabulary_in_the_Tie-chiu_Dialect,178
tũe,Tue -3,,,兌,,To exchange; compare; give an equivalent; pleased.,,,,008_A_Chinese_and_English_Vocabulary_in_the_Tie-chiu_Dialect,183
tũi,Tui -3,,,縋,,A cord or rope; to let down by a cord.,,,,008_A_Chinese_and_English_Vocabulary_in_the_Tie-chiu_Dialect,183
tũi,Tui -3,,,墜,,To slide or fall down; to fall over.,,,,008_A_Chinese_and_English_Vocabulary_in_the_Tie-chiu_Dialect,183
tũi,Tui -3,,,墮,,"To fall; to fall into ruins, as a horse, family or state.",,,,008_A_Chinese_and_English_Vocabulary_in_the_Tie-chiu_Dialect,183
tũi,Tui -3,,,懟,,Resentment and enmity; to hate and speak against.,,,,008_A_Chinese_and_English_Vocabulary_in_the_Tie-chiu_Dialect,183
tũi,Tui -3,,,譵,,Resentment and enmity; to hate and speak against.,,,,008_A_Chinese_and_English_Vocabulary_in_the_Tie-chiu_Dialect,183
tũn,Tun -3,,,炖,,Wind causing the fire to blaze.,,,,008_A_Chinese_and_English_Vocabulary_in_the_Tie-chiu_Dialect,184
tũn,Tun -3,,,頓,,To bow the head to the ground; to desist; an inn; stupid.,,,,008_A_Chinese_and_English_Vocabulary_in_the_Tie-chiu_Dialect,184
tũn,Tun -3,,,腯,,Covered with fat; fleshy.,,,,008_A_Chinese_and_English_Vocabulary_in_the_Tie-chiu_Dialect,184
tũn,Tun -3,,,盹,,Dullness of sight; sleepy.,,,,008_A_Chinese_and_English_Vocabulary_in_the_Tie-chiu_Dialect,184
tū,Tú 3,,,箸,,Chinese chop-sticks; sticks to eat with.,,,,008_A_Chinese_and_English_Vocabulary_in_the_Tie-chiu_Dialect,182
tūi,Tui 3,,,隊,,To fall down; fall together; company; a hundred men.,,,,008_A_Chinese_and_English_Vocabulary_in_the_Tie-chiu_Dialect,183
tǹg,Tᵘng 3-,,,當,,Firm; stable; a pledge.,,,,008_A_Chinese_and_English_Vocabulary_in_the_Tie-chiu_Dialect,185
tǹg,Tᵘng 3-,,,儅,,To cease; to stop.,,,,008_A_Chinese_and_English_Vocabulary_in_the_Tie-chiu_Dialect,185
tṳ,Tù 1,,,胎,,The womb; pregnancy.,,,,008_A_Chinese_and_English_Vocabulary_in_the_Tie-chiu_Dialect,180
tṳ̀,Tù 3-,,,退,,To decline; refuse; retire; draw back; yield.,,,,008_A_Chinese_and_English_Vocabulary_in_the_Tie-chiu_Dialect,180
tṳ́,Tù 2,,,短,,Short; to shorten; to come short.,,,,008_A_Chinese_and_English_Vocabulary_in_the_Tie-chiu_Dialect,179
tṳ̃,Tù -3,,,在,,To be in a place; to dwell; to be alive; to consist in.,,,,008_A_Chinese_and_English_Vocabulary_in_the_Tie-chiu_Dialect,179
tṳ̄,Tù 3,,,代,,An age; generation.,,,,008_A_Chinese_and_English_Vocabulary_in_the_Tie-chiu_Dialect,179
tṳ̄,Tù 3,,,帒,,A bag; sash; purse; packet.,,,,008_A_Chinese_and_English_Vocabulary_in_the_Tie-chiu_Dialect,180
tṳ̄,Tù 3,,,袋,,A bag; sash; purse; packet.,,,,008_A_Chinese_and_English_Vocabulary_in_the_Tie-chiu_Dialect,180
tṳ̍h,Tù -4,,,奪,,To seize upon by force; to take unjustly.,,,,008_A_Chinese_and_English_Vocabulary_in_the_Tie-chiu_Dialect,180
u,U 1,,,于,,In; through; to; at; great; extensive.,,,,008_A_Chinese_and_English_Vocabulary_in_the_Tie-chiu_Dialect,185
u,U 1,,,吁,,"An interjection denoting disapprobation, concern or grief; to call.",,,,008_A_Chinese_and_English_Vocabulary_in_the_Tie-chiu_Dialect,185
u,U 1,,,盂,,"A vessel to contain rice, wine, or water.",,,,008_A_Chinese_and_English_Vocabulary_in_the_Tie-chiu_Dialect,185
u,U,,,汗,,Foul; dirty; name of a river.,,,,008_A_Chinese_and_English_Vocabulary_in_the_Tie-chiu_Dialect,185
u,U 1,,,汙,,Foul; dirty; name of a river.,,,,008_A_Chinese_and_English_Vocabulary_in_the_Tie-chiu_Dialect,185
u,U 1,,,汚,,Foul; dirty; name of a river.,,,,008_A_Chinese_and_English_Vocabulary_in_the_Tie-chiu_Dialect,185
u,U 1,,,訏,,False; boasting; great.,,,,008_A_Chinese_and_English_Vocabulary_in_the_Tie-chiu_Dialect,185
u,U 1,,,迂,,Wide; remote; vague; crooked; depraved; roving.,,,,008_A_Chinese_and_English_Vocabulary_in_the_Tie-chiu_Dialect,185
u,U 1,,,呼,,To breathe out; call; invoke.,,,,008_A_Chinese_and_English_Vocabulary_in_the_Tie-chiu_Dialect,185
u,U 1,,,杇,,A vessel for drinking with; large; self-sufficient.,,,,008_A_Chinese_and_English_Vocabulary_in_the_Tie-chiu_Dialect,185
u,U 1,,,嗚,,Alas! to sigh; lament.,,,,008_A_Chinese_and_English_Vocabulary_in_the_Tie-chiu_Dialect,185
u,U 1,,,鷗,,A certain water-fowl.,,,,008_A_Chinese_and_English_Vocabulary_in_the_Tie-chiu_Dialect,185
u,U 1,,,於,,An interjection of grief or surprise; in; to consist in.,,,,008_A_Chinese_and_English_Vocabulary_in_the_Tie-chiu_Dialect,185
ua,Ua 1,,,騧,,A yellowish horse with black mouth.,,,,008_A_Chinese_and_English_Vocabulary_in_the_Tie-chiu_Dialect,186
ua,Ua 1,,,剮,,To cut off the flesh and leave the skeleton bare.,,,,008_A_Chinese_and_English_Vocabulary_in_the_Tie-chiu_Dialect,186
ua,Ua 1,,,呱,,To cry as a child; crying; sobbing.,,,,008_A_Chinese_and_English_Vocabulary_in_the_Tie-chiu_Dialect,186
ua,Ua 1,,,罛,,A net for fish.,,,,008_A_Chinese_and_English_Vocabulary_in_the_Tie-chiu_Dialect,186
ua,Ua 1,,,哇,,A lascivious or flattering tone; a child sobbing; to vomit.,,,,008_A_Chinese_and_English_Vocabulary_in_the_Tie-chiu_Dialect,186
ua,Ua 1,,,蛙,,Frogs; a croaking noise as of frogs.,,,,008_A_Chinese_and_English_Vocabulary_in_the_Tie-chiu_Dialect,186
ua,Ua 1,,,畦,,Name of a place; a field containing 50 acres.,,,,008_A_Chinese_and_English_Vocabulary_in_the_Tie-chiu_Dialect,186
uan,Wan 1,,,鴛,,The male of a certain bird considered an example of matrimonial fidelity.,,,,008_A_Chinese_and_English_Vocabulary_in_the_Tie-chiu_Dialect,189
uan,Wan 1,,,彎,,To draw a bow and shoot; to bend; curved; bending.,,,,008_A_Chinese_and_English_Vocabulary_in_the_Tie-chiu_Dialect,189
uan,Wan 1,,,灣,,A bay or curve in a shore; a place for boats or ships to anchor.,,,,008_A_Chinese_and_English_Vocabulary_in_the_Tie-chiu_Dialect,189
uang,Wang 1,,,汪,,"A large, still expanse of water; tranquil; deep; vast.",,,,008_A_Chinese_and_English_Vocabulary_in_the_Tie-chiu_Dialect,189
uang,Wang 1,,,薨,,Many; rapid; death of a prince; departed; died.,,,,008_A_Chinese_and_English_Vocabulary_in_the_Tie-chiu_Dialect,189
uat,Wat 4,,,曰,,To speak; say; denominate; said; is called.,,,,008_A_Chinese_and_English_Vocabulary_in_the_Tie-chiu_Dialect,190
ua̍h,Ua -4,,,活,,Alive; lively; cheerful; moving.,,,,008_A_Chinese_and_English_Vocabulary_in_the_Tie-chiu_Dialect,186
ua̍k,Wak -4,,,獲,,"To obtain; to catch, as in hunting, or a thief.",,,,008_A_Chinese_and_English_Vocabulary_in_the_Tie-chiu_Dialect,188
ua̍k,Wak -4,,,穫,,To reap grain; cut down and gather in a harvest.,,,,008_A_Chinese_and_English_Vocabulary_in_the_Tie-chiu_Dialect,188
ua̍t,Wat -4,,,越,,To pass over; overstep; exceed; more; to lose.,,,,008_A_Chinese_and_English_Vocabulary_in_the_Tie-chiu_Dialect,189
ua̍t,Wat -4,,,鉞,,A kind of large hatchet.,,,,008_A_Chinese_and_English_Vocabulary_in_the_Tie-chiu_Dialect,189
ua̍t,Wat -4,,,粤,,A classical name for Canton; in; to say; that is.,,,,008_A_Chinese_and_English_Vocabulary_in_the_Tie-chiu_Dialect,190
ua̍t,Wat -4,,,刖,,To separate entirely; to cut off the feet as a punishment.,,,,008_A_Chinese_and_English_Vocabulary_in_the_Tie-chiu_Dialect,190
ua̍t,Wat -4,,,穵,,A den; deep hollow place; hollow; to explore with the hand.,,,,008_A_Chinese_and_English_Vocabulary_in_the_Tie-chiu_Dialect,190
uaⁿ,Uⁿa 1,,,安,,Stillness; rest; tranquility; peace; how? what?,,,,008_A_Chinese_and_English_Vocabulary_in_the_Tie-chiu_Dialect,186
uaⁿ,Uⁿa 1,,,鞍,,A saddle for a horse.,,,,008_A_Chinese_and_English_Vocabulary_in_the_Tie-chiu_Dialect,186
ue,Ue 1,,,鍋,,An earthen rice pot; a pot for boiling food.,,,,008_A_Chinese_and_English_Vocabulary_in_the_Tie-chiu_Dialect,187
ue,Ue 1,,,劃,,A style or pointed instrument; to mark; split open.,,,,008_A_Chinese_and_English_Vocabulary_in_the_Tie-chiu_Dialect,187
ui,Ui 1,,,威,,Dignity; majesty; intimidating power; respectful.,,,,008_A_Chinese_and_English_Vocabulary_in_the_Tie-chiu_Dialect,187
ui,Ui 1,,,醫,,To heal; cure; the medical art.,,,,008_A_Chinese_and_English_Vocabulary_in_the_Tie-chiu_Dialect,187
ui,Ui 1,,,痿,,Weakness; lameness; impotency; to fade; rot; dead.,,,,008_A_Chinese_and_English_Vocabulary_in_the_Tie-chiu_Dialect,187
un,Un 1,,,溫,,Warm; genial; benign; cordial; mild; to warm.,,,,008_A_Chinese_and_English_Vocabulary_in_the_Tie-chiu_Dialect,188
un,Un 1,,,熅,,Fire and steam without smoke; genial warmth; vapor.,,,,008_A_Chinese_and_English_Vocabulary_in_the_Tie-chiu_Dialect,188
un,Un 1,,,瘟,,An epidemic disease; a pestilence.,,,,008_A_Chinese_and_English_Vocabulary_in_the_Tie-chiu_Dialect,188
un,Un 1,,,縕,,Confused like raveled silk; hemp; tattered; genial.,,,,008_A_Chinese_and_English_Vocabulary_in_the_Tie-chiu_Dialect,188
un,Un 1,,,氳,,Vapor; the generative influence or breath of nature.,,,,008_A_Chinese_and_English_Vocabulary_in_the_Tie-chiu_Dialect,188
ut,Ut 4,,,杌,,A tree without branches; stunted; disquieted.,,,,008_A_Chinese_and_English_Vocabulary_in_the_Tie-chiu_Dialect,188
ut,Ut 4,,,鬱,,Fragrant herbs for sacrifice; anxious thoughts; vexatious.,,,,008_A_Chinese_and_English_Vocabulary_in_the_Tie-chiu_Dialect,188
uàn,Wan 3-,,,怨,,Dissatisfaction; resentment; ill will; hatred; to repine.,,,,008_A_Chinese_and_English_Vocabulary_in_the_Tie-chiu_Dialect,189
uàⁿ,Uⁿa 3-,,,案,,"A table; a bench, as of a judge; a case in law.",,,,008_A_Chinese_and_English_Vocabulary_in_the_Tie-chiu_Dialect,186
uàⁿ,Uⁿa 3-,,,晏,,The evening; tranquil; mild; benignant.,,,,008_A_Chinese_and_English_Vocabulary_in_the_Tie-chiu_Dialect,186
uá,Ua 2,,,瓦,,Earthen ware; tiles; bricks.,,,,008_A_Chinese_and_English_Vocabulary_in_the_Tie-chiu_Dialect,186
uá,Ua 2,,,我,,I; me; our; used emphatically when speaking of tone's parents or country.,,,,008_A_Chinese_and_English_Vocabulary_in_the_Tie-chiu_Dialect,186
uá,Ua 2,,,吾,,I; me; when speaking of one's self; to guard; impede.,,,,008_A_Chinese_and_English_Vocabulary_in_the_Tie-chiu_Dialect,186
uá,Ua 2,,,倚,,To lean against; depend upon; inclined to one side.,,,,008_A_Chinese_and_English_Vocabulary_in_the_Tie-chiu_Dialect,186
uán,Wan 2,,,腕,,The wrist; to turn; twist.,,,,008_A_Chinese_and_English_Vocabulary_in_the_Tie-chiu_Dialect,189
uán,Wan 2,,,𡨚,,Yielding; accommodating; to oppress; to injure; to repay; to redress.,,,,008_A_Chinese_and_English_Vocabulary_in_the_Tie-chiu_Dialect,189
uán,Wan 2,,,剜,,To cut or pare; engrave; to cut deep into.,,,,008_A_Chinese_and_English_Vocabulary_in_the_Tie-chiu_Dialect,189
uán,Wan 2,,,婉,,"A yielding, complaisant woman; flattering; submissive.",,,,008_A_Chinese_and_English_Vocabulary_in_the_Tie-chiu_Dialect,189
uán,Wan 2,,,菀,,Grass; pasture; name of a plant.,,,,008_A_Chinese_and_English_Vocabulary_in_the_Tie-chiu_Dialect,189
uán,Wan 2,,,踠,,To bend the foot or leg; to bend the body.,,,,008_A_Chinese_and_English_Vocabulary_in_the_Tie-chiu_Dialect,189
uán,Wan 2,,,苑,,Grass; pasture; luxuriant; herbage; delicate plants.,,,,008_A_Chinese_and_English_Vocabulary_in_the_Tie-chiu_Dialect,189
uáng,Wang 2,,,往,,To go; walk away; past; gone.,,,,008_A_Chinese_and_English_Vocabulary_in_the_Tie-chiu_Dialect,189
uáng,Wang 2,,,枉,,To rule by violence; bent down; oppressed; unjust.,,,,008_A_Chinese_and_English_Vocabulary_in_the_Tie-chiu_Dialect,189
uáⁿ,Uⁿa 2,,,碗,,"A bowl, dish or plate.",,,,008_A_Chinese_and_English_Vocabulary_in_the_Tie-chiu_Dialect,186
uân,Wan -1,,,緣,,A cause; to connect as cause and effect; to accord with former circumstances.,,,,008_A_Chinese_and_English_Vocabulary_in_the_Tie-chiu_Dialect,189
uân,Wan -1,,,彖,,Name of a wood; a branch.,,,,008_A_Chinese_and_English_Vocabulary_in_the_Tie-chiu_Dialect,189
uân,Wan -1,,,完,,To complete; finish; close.,,,,008_A_Chinese_and_English_Vocabulary_in_the_Tie-chiu_Dialect,189
uân,Wan -1,,,捖,,To strike; rub; work stones; to cut and pare.,,,,008_A_Chinese_and_English_Vocabulary_in_the_Tie-chiu_Dialect,189
uân,Wan -1,,,浣,,To wash; cleanse; name of a river.,,,,008_A_Chinese_and_English_Vocabulary_in_the_Tie-chiu_Dialect,189
uân,Wan -1,,,莞,,A kind of grass or rush of which mats may be made.,,,,008_A_Chinese_and_English_Vocabulary_in_the_Tie-chiu_Dialect,189
uân,Wan -1,,,員,,Officers of government; round; to circulate; extend to every part.,,,,008_A_Chinese_and_English_Vocabulary_in_the_Tie-chiu_Dialect,189
uân,Wan -1,,,袁,,Long garments or robes.,,,,008_A_Chinese_and_English_Vocabulary_in_the_Tie-chiu_Dialect,189
uân,Wan -1,,,猿,,A monkey.,,,,008_A_Chinese_and_English_Vocabulary_in_the_Tie-chiu_Dialect,189
uân,Wan -1,,,轅,,The poles or yoke of a carriage; a gate-way.,,,,008_A_Chinese_and_English_Vocabulary_in_the_Tie-chiu_Dialect,189
uân,Wan -1,,,淵,,An eddy; whirlpool; deep abyss.,,,,008_A_Chinese_and_English_Vocabulary_in_the_Tie-chiu_Dialect,189
uân,Wan -1,,,宛,,To cause to stoop; to oppress; to injure.,,,,008_A_Chinese_and_English_Vocabulary_in_the_Tie-chiu_Dialect,189
uâng,Wang -1,,,王,,A king; sovereign; royal; a title given to deceased ancestors.,,,,008_A_Chinese_and_English_Vocabulary_in_the_Tie-chiu_Dialect,189
uãng,Wang -3,,,旺,,The sun shining forth with increasing splendor; to increase.,,,,008_A_Chinese_and_English_Vocabulary_in_the_Tie-chiu_Dialect,189
uãng,Wang -3,,,王,,To rule; govern as a king; to flourish.,,,,008_A_Chinese_and_English_Vocabulary_in_the_Tie-chiu_Dialect,189
uãⁿ,Uⁿa -3,,,旱,,Drought; want of rain.,,,,008_A_Chinese_and_English_Vocabulary_in_the_Tie-chiu_Dialect,186
uè,Ue 3-,,,尉,,Name of an office; to settle~~~~(;) tranquilize.,,,,008_A_Chinese_and_English_Vocabulary_in_the_Tie-chiu_Dialect,187
uè,Ue 3-,,,慰,,To soothe; console; comfort.,,,,008_A_Chinese_and_English_Vocabulary_in_the_Tie-chiu_Dialect,187
uè,Ue 3-,,,蔚,,Name of a plant; luxuriant foliage; thick and gloomy.,,,,008_A_Chinese_and_English_Vocabulary_in_the_Tie-chiu_Dialect,187
uè,Ue 3-,,,噦,,The breath rising; to belch; voice of a bird; wide; light.,,,,008_A_Chinese_and_English_Vocabulary_in_the_Tie-chiu_Dialect,187
uè,Ue 3-,,,穢,,Vice; filth; unclean; indecent; lewd; to defile.,,,,008_A_Chinese_and_English_Vocabulary_in_the_Tie-chiu_Dialect,187
uè,Ue 3-,,,畫,,To mark; draw a line; to paint; draw pictures; to draw plants; device. Jip tone; a line; a mark.,,,,008_A_Chinese_and_English_Vocabulary_in_the_Tie-chiu_Dialect,187
uè,Ue 3-,,,畵,,To mark; draw a line; to paint; draw pictures; to draw plants; device. Jip tone; a line; a mark.,,,,008_A_Chinese_and_English_Vocabulary_in_the_Tie-chiu_Dialect,187
uē,Ue 3,,,話,,Words; speech; conversation; to talk; to tell.,,,,008_A_Chinese_and_English_Vocabulary_in_the_Tie-chiu_Dialect,187
uẽ,Ue -3,,,衛,,To escort; protect; a military station.,,,,008_A_Chinese_and_English_Vocabulary_in_the_Tie-chiu_Dialect,187
ài,Ái 3-,,,愛,,Kind feeling; love.,,,,008_A_Chinese_and_English_Vocabulary_in_the_Tie-chiu_Dialect,17
ài,Ái 3-,,,欲,,To wish for; desire; covet; a sign of the future.,,,,008_A_Chinese_and_English_Vocabulary_in_the_Tie-chiu_Dialect,17
àn,Án 3-,,,按,,According to; to try; to lay the hand on.,,,,008_A_Chinese_and_English_Vocabulary_in_the_Tie-chiu_Dialect,18
àn,Án 3-,,,案,,A bench; a case in law.,,,,008_A_Chinese_and_English_Vocabulary_in_the_Tie-chiu_Dialect,18
àn,Án 3-,,,晏,,"Serene, cloudless and mild; harmony.",,,,008_A_Chinese_and_English_Vocabulary_in_the_Tie-chiu_Dialect,18
àn,Án 3-,,,宴,,A feast; banquet; repose.,,,,008_A_Chinese_and_English_Vocabulary_in_the_Tie-chiu_Dialect,18
àn,Án 3-,,,鷃,,A species of quail.,,,,008_A_Chinese_and_English_Vocabulary_in_the_Tie-chiu_Dialect,18
àng,Áng 3-,,,甕,,A jar.,,,,008_A_Chinese_and_English_Vocabulary_in_the_Tie-chiu_Dialect,18
á,Áh 2,,,啞,,"To dispute, wrangle.",,,,008_A_Chinese_and_English_Vocabulary_in_the_Tie-chiu_Dialect,17
ái,Ái 2,,,餲,,Spoiled food; corrupt.,,,,008_A_Chinese_and_English_Vocabulary_in_the_Tie-chiu_Dialect,17
ái,Ái 2,,,藹,,Shady; luxuriant.,,,,008_A_Chinese_and_English_Vocabulary_in_the_Tie-chiu_Dialect,17
ái,Ái 2,,,噯,,A breathing; a tone of disapprobation.,,,,008_A_Chinese_and_English_Vocabulary_in_the_Tie-chiu_Dialect,17
ái,Ái 2,,,靉,,Cloudy; obscure.,,,,008_A_Chinese_and_English_Vocabulary_in_the_Tie-chiu_Dialect,17
ám,Ám 2,,,闇,,Retired; sombre.,,,,008_A_Chinese_and_English_Vocabulary_in_the_Tie-chiu_Dialect,17
ám,Ám 2,,,諳,,Well acquainted with; to remember.,,,,008_A_Chinese_and_English_Vocabulary_in_the_Tie-chiu_Dialect,17
â,Á -1,,,亞,,Inferior; an appellation of common men.,,,,008_A_Chinese_and_English_Vocabulary_in_the_Tie-chiu_Dialect,17
â,Á -1,,,椏,,Branches of a tree.,,,,008_A_Chinese_and_English_Vocabulary_in_the_Tie-chiu_Dialect,17
â,Á -1,,,鴉,,A crow; a raven.,,,,008_A_Chinese_and_English_Vocabulary_in_the_Tie-chiu_Dialect,17
âng,Áng -1,,,紅,,Red.,,,,008_A_Chinese_and_English_Vocabulary_in_the_Tie-chiu_Dialect,18
âng,Áng -1,,,洪,,A deluge; great; abundant.,,,,008_A_Chinese_and_English_Vocabulary_in_the_Tie-chiu_Dialect,18
ãm,Ám -3,,,頸,,The neck.,,,,008_A_Chinese_and_English_Vocabulary_in_the_Tie-chiu_Dialect,17
èng,Eng 3-,,,應,,Right; proper; ought; to answer; correspond to.,,,,008_A_Chinese_and_English_Vocabulary_in_the_Tie-chiu_Dialect,49
é,E 2,,,啞,,Dumb; the noise of laughing; the voice of birds.,,,,008_A_Chinese_and_English_Vocabulary_in_the_Tie-chiu_Dialect,47
é,E 2,,,瘂,,Dumb; the back of the neck.,,,,008_A_Chinese_and_English_Vocabulary_in_the_Tie-chiu_Dialect,48
éng,Eng 2,,,湧,,Ro rise or bubble up as water from a spring.,,,,008_A_Chinese_and_English_Vocabulary_in_the_Tie-chiu_Dialect,49
êⁿ,Eⁿ -1,,,楹,,A post; pillar; support; rafters.,,,,008_A_Chinese_and_English_Vocabulary_in_the_Tie-chiu_Dialect,48
ìm,Im 3-,,,癊,,Disease of the heart or mind.,,,,008_A_Chinese_and_English_Vocabulary_in_the_Tie-chiu_Dialect,71
ìm,Im 3-,,,蔭,,Shady; to overshadow.,,,,008_A_Chinese_and_English_Vocabulary_in_the_Tie-chiu_Dialect,71
ím,Im 2,,,飮,,To drink.,,,,008_A_Chinese_and_English_Vocabulary_in_the_Tie-chiu_Dialect,71
ín,In 2,,,引,,To lead; shew the way; introduce; seduce; introduction.,,,,008_A_Chinese_and_English_Vocabulary_in_the_Tie-chiu_Dialect,71
ín,In 2,,,蚓,,A worm;,,,,008_A_Chinese_and_English_Vocabulary_in_the_Tie-chiu_Dialect,71
íⁿ,Iⁿ 2,,,已,,Done; finished; already; merely; only; to stop.,,,,008_A_Chinese_and_English_Vocabulary_in_the_Tie-chiu_Dialect,68
íⁿ,Iⁿ 2,,,以,,By; to the end that; cause; means; thereby; therefore.,,,,008_A_Chinese_and_English_Vocabulary_in_the_Tie-chiu_Dialect,68
íⁿ,Iⁿ 2,,,苡,,Name of a plant.,,,,008_A_Chinese_and_English_Vocabulary_in_the_Tie-chiu_Dialect,68
íⁿ,Iⁿ 2,,,矣,,A particle closing a sentence.,,,,008_A_Chinese_and_English_Vocabulary_in_the_Tie-chiu_Dialect,68
íⁿ,Iⁿ 2,,,倚,,To lean against; depend on; inclined to one side.,,,,008_A_Chinese_and_English_Vocabulary_in_the_Tie-chiu_Dialect,68
íⁿ,Iⁿ 2,,,椅,,A chair or seat; a certain kind of wood.,,,,008_A_Chinese_and_English_Vocabulary_in_the_Tie-chiu_Dialect,68
íⁿ,Iⁿ 2,,,圉,,Boundary; to oppose; a horse keeper.,,,,008_A_Chinese_and_English_Vocabulary_in_the_Tie-chiu_Dialect,68
î,I -1,,,扅,,To bar of a door; to bar the gate.,,,,008_A_Chinese_and_English_Vocabulary_in_the_Tie-chiu_Dialect,67
î,I -1,,,移,,To remove from one place to another; to change; great.,,,,008_A_Chinese_and_English_Vocabulary_in_the_Tie-chiu_Dialect,67
î,I -1,,,佁,,Impeded; obstinate stop-page; foolish; silly.,,,,008_A_Chinese_and_English_Vocabulary_in_the_Tie-chiu_Dialect,67
î,I -1,,,怡,,Pleased; to please; harmony; joy.,,,,008_A_Chinese_and_English_Vocabulary_in_the_Tie-chiu_Dialect,67
î,I -1,,,詒,,To hand down or continue in succession; a will or testament; to ridicule; remiss.,,,,008_A_Chinese_and_English_Vocabulary_in_the_Tie-chiu_Dialect,67
î,I -1,,,貽,,To present or leave to; to bring upon one's self.,,,,008_A_Chinese_and_English_Vocabulary_in_the_Tie-chiu_Dialect,67
î,I -1,,,飴,,Rice prepared into gruel or congee; to feed.,,,,008_A_Chinese_and_English_Vocabulary_in_the_Tie-chiu_Dialect,67
î,I -1,,,夷,,Foreigners; to hurt; change; to equalize; class; great; good.,,,,008_A_Chinese_and_English_Vocabulary_in_the_Tie-chiu_Dialect,67
î,I -1,,,姨,,Sisters of a wife or mother.,,,,008_A_Chinese_and_English_Vocabulary_in_the_Tie-chiu_Dialect,67
î,I -1,,,痍,,The hurt or wound; a sore or wound.,,,,008_A_Chinese_and_English_Vocabulary_in_the_Tie-chiu_Dialect,68
î,I -1,,,泄,,To spread out; disperse; ease expansion of mind; many.,,,,008_A_Chinese_and_English_Vocabulary_in_the_Tie-chiu_Dialect,68
î,I -1,,,彝,,Constant; invariable rule or principle; a law.,,,,008_A_Chinese_and_English_Vocabulary_in_the_Tie-chiu_Dialect,68
îm,Im -1,,,婬,,Luxurious ease; lewd; obscene.,,,,008_A_Chinese_and_English_Vocabulary_in_the_Tie-chiu_Dialect,70
îm,Im -1,,,淫,,Excess; sexual excess; lewdness; lustful; to debauch.,,,,008_A_Chinese_and_English_Vocabulary_in_the_Tie-chiu_Dialect,70
îm,Im -1,,,霪,,Long and excessive rains.,,,,008_A_Chinese_and_English_Vocabulary_in_the_Tie-chiu_Dialect,70
îm,Im -1,,,音,,Sound; tone; news.,,,,008_A_Chinese_and_English_Vocabulary_in_the_Tie-chiu_Dialect,70
îm,Im -1,,,喑,,Dumb; unable to speak from grief or weeping.,,,,008_A_Chinese_and_English_Vocabulary_in_the_Tie-chiu_Dialect,71
în,In -1,,,寅,,A horary character from 3 to 5 o'clock P.M.; strong; respectful.,,,,008_A_Chinese_and_English_Vocabulary_in_the_Tie-chiu_Dialect,71
în,In -1,,,夤,,Respect; veneration; continued succession; remote.,,,,008_A_Chinese_and_English_Vocabulary_in_the_Tie-chiu_Dialect,71
în,In -1,,,演,,Constant flowing; long protracted; to practice.,,,,008_A_Chinese_and_English_Vocabulary_in_the_Tie-chiu_Dialect,71
în,In -1,,,沿,,Along the shore; to flow down the stream; to accomodate.,,,,008_A_Chinese_and_English_Vocabulary_in_the_Tie-chiu_Dialect,71
în,In -1,,,鉛,,Lead and the like soft metals.,,,,008_A_Chinese_and_English_Vocabulary_in_the_Tie-chiu_Dialect,71
îⁿ,Iⁿ -1,,,員,,Round; to circulate to every part; officers of government.,,,,008_A_Chinese_and_English_Vocabulary_in_the_Tie-chiu_Dialect,68
îⁿ,Iⁿ -1,,,圓,,Round; a circle; a globe; a dollar.,,,,008_A_Chinese_and_English_Vocabulary_in_the_Tie-chiu_Dialect,68
îⁿ,Iⁿ -1,,,丸,,Round; spherical turning.,,,,008_A_Chinese_and_English_Vocabulary_in_the_Tie-chiu_Dialect,68
ó,Ó 2,,,𧝰,,A certain part of a dress; a short garment.,,,,008_A_Chinese_and_English_Vocabulary_in_the_Tie-chiu_Dialect,134
ói,Oi 2,,,矮,,A dwarf; of low stature.,,,,008_A_Chinese_and_English_Vocabulary_in_the_Tie-chiu_Dialect,134
ô,Ó -1,,,蠔,,The rough coarse oysters; a cluster of oysters.,,,,008_A_Chinese_and_English_Vocabulary_in_the_Tie-chiu_Dialect,133
ô,Ó -1,,,荷,,The water-lily; generic name of plants; burden.,,,,008_A_Chinese_and_English_Vocabulary_in_the_Tie-chiu_Dialect,133
ôi,Oi -1,,,鞋,,Shoes.,,,,008_A_Chinese_and_English_Vocabulary_in_the_Tie-chiu_Dialect,134
ôiⁿ,Oⁿi -1,,,閒,,A crevice; space between; interval; leisure; unoccupied.,,,,008_A_Chinese_and_English_Vocabulary_in_the_Tie-chiu_Dialect,134
ôiⁿ,Oⁿi -1,,,閑,,A barrier; a fence; to ward off; protect; large.,,,,008_A_Chinese_and_English_Vocabulary_in_the_Tie-chiu_Dialect,134
ôu,O -1,,,湖,,A lake; name of a river.,,,,008_A_Chinese_and_English_Vocabulary_in_the_Tie-chiu_Dialect,133
ôu,O -1,,,箶,,A species of bamboo.,,,,008_A_Chinese_and_English_Vocabulary_in_the_Tie-chiu_Dialect,133
õ,Ó -3,,,臥,,Sleeping; lying down; prostrate.,,,,008_A_Chinese_and_English_Vocabulary_in_the_Tie-chiu_Dialect,134
õ,Ó -3,,,荷,,To bear or sustain; to bear a burden.,,,,008_A_Chinese_and_English_Vocabulary_in_the_Tie-chiu_Dialect,134
õ,Ó -3,,,澳,,A deep river or bay; an entrance; a dock.,,,,008_A_Chinese_and_English_Vocabulary_in_the_Tie-chiu_Dialect,134
õng,Ong -3,,,㨣,,To tend a babe; toss up and down gently; embrance.,,,,008_A_Chinese_and_English_Vocabulary_in_the_Tie-chiu_Dialect,134
ù,U 3-,,,惡,,To hate; loathe.,,,,008_A_Chinese_and_English_Vocabulary_in_the_Tie-chiu_Dialect,185
ù,U 3-,,,塢,,"A bank, dike or wall; barracks; a village.",,,,008_A_Chinese_and_English_Vocabulary_in_the_Tie-chiu_Dialect,185
ùi,Ui 3-,,,畏,,To fear; stand in awe of; reverence; submission.,,,,008_A_Chinese_and_English_Vocabulary_in_the_Tie-chiu_Dialect,188
ùi,Ui 3-,,,謂,,To say; speak of; to tell; to denominate.,,,,008_A_Chinese_and_English_Vocabulary_in_the_Tie-chiu_Dialect,188
ùn,Un 3-,,,搵,,To obliterate; to absorb; soak; stain; dye; to wet; put into water.,,,,008_A_Chinese_and_English_Vocabulary_in_the_Tie-chiu_Dialect,188
ú,U 2,,,羽,,Wings of a bird; feathers; a note of music.,,,,008_A_Chinese_and_English_Vocabulary_in_the_Tie-chiu_Dialect,185
ú,U 2,,,禹,,Name of an ancient Chinese emperor.,,,,008_A_Chinese_and_English_Vocabulary_in_the_Tie-chiu_Dialect,185
ú,U 2,,,宇,,To cover or spread over; the canopy of heaven; wide.,,,,008_A_Chinese_and_English_Vocabulary_in_the_Tie-chiu_Dialect,185
úi,Ui 2,,,委,,To sustain a burden or office; to commit unto; to belong to; to send; reject.,,,,008_A_Chinese_and_English_Vocabulary_in_the_Tie-chiu_Dialect,187
úi,Ui 2,,,蜲,,Name of a certain insects of the worm species.,,,,008_A_Chinese_and_English_Vocabulary_in_the_Tie-chiu_Dialect,187
úi,Ui 2,,,諉,,To implicate others; to involve; tautology; excuse.,,,,008_A_Chinese_and_English_Vocabulary_in_the_Tie-chiu_Dialect,187
úi,Ui 2,,,韋,,Perverse; insubordinate; leather thongs; soft leather.,,,,008_A_Chinese_and_English_Vocabulary_in_the_Tie-chiu_Dialect,187
úi,Ui 2,,,偉,,Great; extraordinary; surprising.,,,,008_A_Chinese_and_English_Vocabulary_in_the_Tie-chiu_Dialect,187
úi,Ui 2,,,緯,,The woof of a web; lines of latitude; transverse.,,,,008_A_Chinese_and_English_Vocabulary_in_the_Tie-chiu_Dialect,187
úi,Ui 2,,,葦,,Name of a flexible reed.,,,,008_A_Chinese_and_English_Vocabulary_in_the_Tie-chiu_Dialect,187
úi,Ui 2,,,韙,,To defend and illustrate the right and oppose the wrong.,,,,008_A_Chinese_and_English_Vocabulary_in_the_Tie-chiu_Dialect,187
úi,Ui 2,,,喟,,"A tone expressing surprise, joy or praise.",,,,008_A_Chinese_and_English_Vocabulary_in_the_Tie-chiu_Dialect,187
úi,Ui 2,,,渭,,Water agitated; the noise of waves.,,,,008_A_Chinese_and_English_Vocabulary_in_the_Tie-chiu_Dialect,187
úi,Ui 2,,,喂,,To feed animals; to graze.,,,,008_A_Chinese_and_English_Vocabulary_in_the_Tie-chiu_Dialect,187
úi,Ui 2,,,煨,,Fire or anything hot in a vessel.,,,,008_A_Chinese_and_English_Vocabulary_in_the_Tie-chiu_Dialect,187
ún,Un 2,,,薀,,An edible vegetable; an accumulation of.,,,,008_A_Chinese_and_English_Vocabulary_in_the_Tie-chiu_Dialect,188
ún,Un 2,,,蘊,,Luxuriant; accumulated; repressed indignation.,,,,008_A_Chinese_and_English_Vocabulary_in_the_Tie-chiu_Dialect,188
ún,Un 2,,,韞,,A reddish colour; yellowish; inside; a store room.,,,,008_A_Chinese_and_English_Vocabulary_in_the_Tie-chiu_Dialect,188
ún,Un 2,,,殞,,To fade; fall; perish; die.,,,,008_A_Chinese_and_English_Vocabulary_in_the_Tie-chiu_Dialect,188
ún,Un 2,,,隕,,To roll down; fall; fall into ruins.,,,,008_A_Chinese_and_English_Vocabulary_in_the_Tie-chiu_Dialect,188
ún,Un 2,,,刎,,To cut; to cut the throat; to cut crosswise.,,,,008_A_Chinese_and_English_Vocabulary_in_the_Tie-chiu_Dialect,188
ún,Un 2,,,穩,,To moisten grain for distillation; rest; safe; firm.,,,,008_A_Chinese_and_English_Vocabulary_in_the_Tie-chiu_Dialect,188
û,U -1,,,雩,,Sacrifices intended to implore rain.,,,,008_A_Chinese_and_English_Vocabulary_in_the_Tie-chiu_Dialect,185
û,U -1,,,樗,,Name of a certain wood.,,,,008_A_Chinese_and_English_Vocabulary_in_the_Tie-chiu_Dialect,185
û,U -1,,,娛,,Joy; extacy; delight; to exult.,,,,008_A_Chinese_and_English_Vocabulary_in_the_Tie-chiu_Dialect,185
û,U -1,,,旴,,Morning; dawn; extending; great.,,,,008_A_Chinese_and_English_Vocabulary_in_the_Tie-chiu_Dialect,185
ûi,Ui -1,,,爲,,To do; to effect or make; to reckon or esteem; a reason; because.,,,,008_A_Chinese_and_English_Vocabulary_in_the_Tie-chiu_Dialect,187
ûi,Ui -1,,,圍,,To surround; besiege; guard; limit.,,,,008_A_Chinese_and_English_Vocabulary_in_the_Tie-chiu_Dialect,187
ûi,Ui -1,,,幃,,A single curtain; a bag to contain incense or perfume.,,,,008_A_Chinese_and_English_Vocabulary_in_the_Tie-chiu_Dialect,187
ûi,Ui -1,,,違,,To oppose; turn the back upon; perverse; wicked.,,,,008_A_Chinese_and_English_Vocabulary_in_the_Tie-chiu_Dialect,187
ûi,Ui -1,,,闈,,The door of the harem; the door to the ancestral hall &c.,,,,008_A_Chinese_and_English_Vocabulary_in_the_Tie-chiu_Dialect,187
ûi,Ui -1,,,桅,,A short spear; the mast of a small boat.,,,,008_A_Chinese_and_English_Vocabulary_in_the_Tie-chiu_Dialect,187
ûn,Un -1,,,運,,To agitate; turn round; revolve; circulate.,,,,008_A_Chinese_and_English_Vocabulary_in_the_Tie-chiu_Dialect,188
ûn,Un -1,,,云,,To say; abundance; to turn round.,,,,008_A_Chinese_and_English_Vocabulary_in_the_Tie-chiu_Dialect,188
ûn,Un -1,,,紜,,A state of confusion.,,,,008_A_Chinese_and_English_Vocabulary_in_the_Tie-chiu_Dialect,188
ûn,Un -1,,,芸,,Plants budding forth; fragrant plants; to root out weeds.,,,,008_A_Chinese_and_English_Vocabulary_in_the_Tie-chiu_Dialect,188
ûn,Un -1,,,耘,,To pull out weeds and injurious plants from a field; to weed.,,,,008_A_Chinese_and_English_Vocabulary_in_the_Tie-chiu_Dialect,188
ām,Ám 3,,,暗,,Obscure; dark.,,,,008_A_Chinese_and_English_Vocabulary_in_the_Tie-chiu_Dialect,17
ēng,Eng 3,,,用,,To use; employ; by; with.,,,,008_A_Chinese_and_English_Vocabulary_in_the_Tie-chiu_Dialect,49
ĩ,I -3,,,異,,Different; strange; foreign; to oppose; another.,,,,008_A_Chinese_and_English_Vocabulary_in_the_Tie-chiu_Dialect,68
ĩ,I -3,,,裔,,Posterity; descendants.,,,,008_A_Chinese_and_English_Vocabulary_in_the_Tie-chiu_Dialect,68
ĩn,In -3,,,印,,A seal; to seal; stamp.,,,,008_A_Chinese_and_English_Vocabulary_in_the_Tie-chiu_Dialect,71
ī,I 3,,,意,,Ideas; thoughts; opinion; meaning; intention.,,,,008_A_Chinese_and_English_Vocabulary_in_the_Tie-chiu_Dialect,68
ī,I 3,,,薏,,Pearl barley.,,,,008_A_Chinese_and_English_Vocabulary_in_the_Tie-chiu_Dialect,68
ī,I 3,,,縊,,To strangle; to suspend by a cord round the neck.,,,,008_A_Chinese_and_English_Vocabulary_in_the_Tie-chiu_Dialect,68
ī,I 3,,,謚,,The name given to a person after his death.,,,,008_A_Chinese_and_English_Vocabulary_in_the_Tie-chiu_Dialect,68
ī,I 3,,,噎,,Pain or stoppage in the throat.,,,,008_A_Chinese_and_English_Vocabulary_in_the_Tie-chiu_Dialect,68
ī,I 3,,,饐,,Spoiled food; difficulty in swallowing.,,,,008_A_Chinese_and_English_Vocabulary_in_the_Tie-chiu_Dialect,68
ī,I 3,,,肄,,Well acquainted with or versed in; to attend to carefully; weak.,,,,008_A_Chinese_and_English_Vocabulary_in_the_Tie-chiu_Dialect,68
īⁿ,Iⁿ 3,,,院,,A public court; a mansion; palace; an official title.,,,,008_A_Chinese_and_English_Vocabulary_in_the_Tie-chiu_Dialect,68
īⁿ,Iⁿ 3,,,硯,,A smooth stone that reflects light; a Chinese ink-stone; to rub.,,,,008_A_Chinese_and_English_Vocabulary_in_the_Tie-chiu_Dialect,68
ōu,O 3,,,芋,,"An edible plant, with a solid root & large leaf; luxuriant.",,,,008_A_Chinese_and_English_Vocabulary_in_the_Tie-chiu_Dialect,133
ũ,U -3,,,有,,Is; to be; to possess; existence; affluent; further; more; truly.,,,,008_A_Chinese_and_English_Vocabulary_in_the_Tie-chiu_Dialect,185
ũi,Ui -3,,,爲,,In consequence of; for; because of; to suffer the effect of an action.,,,,008_A_Chinese_and_English_Vocabulary_in_the_Tie-chiu_Dialect,187
ũn,Un -3,,,愠,,"Hot, indignant feeling.",,,,008_A_Chinese_and_English_Vocabulary_in_the_Tie-chiu_Dialect,188
ūi,Ui 3,,,位,,A person; a place; a seat; right; regular; established.,,,,008_A_Chinese_and_English_Vocabulary_in_the_Tie-chiu_Dialect,187
ūi,Ui 3,,,胃,,The stomach.,,,,008_A_Chinese_and_English_Vocabulary_in_the_Tie-chiu_Dialect,188
ūi,Ui 3,,,𦝩,,The stomach.,,,,008_A_Chinese_and_English_Vocabulary_in_the_Tie-chiu_Dialect,188
ūn,Un 3,,,醞,,To ferment liquor; to cherish or ferment in the mind.,,,,008_A_Chinese_and_English_Vocabulary_in_the_Tie-chiu_Dialect,188
ūn,Un 3,,,韻,,Sounds which harmonize; rhyme; similar sounds.,,,,008_A_Chinese_and_English_Vocabulary_in_the_Tie-chiu_Dialect,188
ṳ,Ù 1,,,歟,,A particle closing a sentence denoting satisfaction or interest.,,,,008_A_Chinese_and_English_Vocabulary_in_the_Tie-chiu_Dialect,186
ṳ,Ù 1,,,與,,Together with; by; with; and; to; to reckon; wait for.,,,,008_A_Chinese_and_English_Vocabulary_in_the_Tie-chiu_Dialect,186
ṳ̀,Ù 3-,,,翳,,A kind of umbrella or fan made of Pheasant's tail; to cover; screen.,,,,008_A_Chinese_and_English_Vocabulary_in_the_Tie-chiu_Dialect,186
ṳ̀,Ù 3-,,,飫,,To eat excessively; to gormandize; gluttonous.,,,,008_A_Chinese_and_English_Vocabulary_in_the_Tie-chiu_Dialect,186
ṳ̀,Ù 3-,,,瘀,,A local accumulation of blood; chronic disease.,,,,008_A_Chinese_and_English_Vocabulary_in_the_Tie-chiu_Dialect,186
ṳ́,Ù 2,,,與,,To give; to add to; to promise; comply with.,,,,008_A_Chinese_and_English_Vocabulary_in_the_Tie-chiu_Dialect,186
ṳ́n,Ùn 2,,,隱,,Secret; hidden; settled; tranquil; small; to commiserate.,,,,008_A_Chinese_and_English_Vocabulary_in_the_Tie-chiu_Dialect,188
ṳ́n,Ùn 2,,,癮,,A cutaneous disease; small pustules or blisters.,,,,008_A_Chinese_and_English_Vocabulary_in_the_Tie-chiu_Dialect,188
ṳ́n,Ùn 2,,,尹,,"Name of an office; to rule, grasp.",,,,008_A_Chinese_and_English_Vocabulary_in_the_Tie-chiu_Dialect,188
ṳ́n,Ùn 2,,,吚,,To breath; to moan.,,,,008_A_Chinese_and_English_Vocabulary_in_the_Tie-chiu_Dialect,188
ṳ̂,Ù -1,,,余,,I; me.,,,,008_A_Chinese_and_English_Vocabulary_in_the_Tie-chiu_Dialect,186
ṳ̂,Ù -1,,,畬,,A field which has been cultivated only three years.,,,,008_A_Chinese_and_English_Vocabulary_in_the_Tie-chiu_Dialect,186
ṳ̂,Ù -1,,,餘,,Overplus; leavings; the rest.,,,,008_A_Chinese_and_English_Vocabulary_in_the_Tie-chiu_Dialect,186
ṳ̂,Ù -1,,,予,,To give; confer; bestow; to praise; I; me.,,,,008_A_Chinese_and_English_Vocabulary_in_the_Tie-chiu_Dialect,186
ṳ̂,Ù -1,,,輿,,The part of a carriage that contains the load; to sustain; contain.,,,,008_A_Chinese_and_English_Vocabulary_in_the_Tie-chiu_Dialect,186
ṳ̂n,Ùn -1,,,恩,,To show kindness to; favor; benignity; gracious.,,,,008_A_Chinese_and_English_Vocabulary_in_the_Tie-chiu_Dialect,188
ṳ̃,Ù -3,,,預,,Before-hand; previously prepared for; provided against; to deliberate; pleasure.,,,,008_A_Chinese_and_English_Vocabulary_in_the_Tie-chiu_Dialect,186
ṳ̃,Ù -3,,,豫,,Before-hand; previously prepared for; provided against; to deliberate; pleasure.,,,,008_A_Chinese_and_English_Vocabulary_in_the_Tie-chiu_Dialect,186
ṳ̃,Ù -3,,,譽,,To praise; extol; speak highly of.,,,,008_A_Chinese_and_English_Vocabulary_in_the_Tie-chiu_Dialect,186
ẽng,Eng -3,,,孕,,Pregnant; the fetus.,,,,008_A_Chinese_and_English_Vocabulary_in_the_Tie-chiu_Dialect,49
